ISO-10303-21;
HEADER;
/* Generated by software containing ST-Developer
 * from STEP Tools, Inc. (www.steptools.com) 
 */
/* OPTION: using custom renumber hook */

FILE_DESCRIPTION(
/* description */ ('STEP AP242 Edition 2',
'CAx-IF Rec.Pracs.---Representation and Presentation of Product Manufa
cturing Information (PMI)---4.0---2014-10-13',
'CAx-IF Rec.Pracs.---3D Tessellated Geometry---0.4---2014-09-14','2;1',
'CAx-IF Rec.Pracs.---User Defined Attributes---1.5---2016-08-15'),
/* implementation_level */ '2;1');

FILE_NAME(
/* name */ 'BANDBASE2 - BANDBASE2',
/* time_stamp */ '2026-08-18T11:46:35Z',
/* author */ (''),
/* organization */ (''),
/* preprocessor_version */ 'ST-DEVELOPER v20',
/* originating_system */ 'ONSHAPE BY PTC INC, 1.219',
/* authorisation */ '  ');

FILE_SCHEMA (('AP242_MANAGED_MODEL_BASED_3D_ENGINEERING_MIM_LF { 1 0 10303 442 3 1 4 }'));
ENDSEC;

DATA;
#10=SHAPE_REPRESENTATION_RELATIONSHIP('','',#5464,#11);
#11=ADVANCED_BREP_SHAPE_REPRESENTATION('',(#5462),#11031);
#12=TOROIDAL_SURFACE('',#5514,0.02556,0.0005);
#13=TOROIDAL_SURFACE('',#5528,0.02556,0.0005);
#14=TOROIDAL_SURFACE('',#5556,0.0254528932188135,0.0005);
#15=TOROIDAL_SURFACE('',#5561,0.00516005050633883,0.0005);
#16=TOROIDAL_SURFACE('',#5572,0.0248528932188135,0.0005);
#17=TOROIDAL_SURFACE('',#5576,0.0248528932188135,0.0005);
#18=TOROIDAL_SURFACE('',#5596,0.00617426406871193,0.0005);
#19=TOROIDAL_SURFACE('',#5653,0.002,0.0005);
#20=TOROIDAL_SURFACE('',#5662,0.002,0.0005);
#21=TOROIDAL_SURFACE('',#5668,0.0025,0.0005);
#22=TOROIDAL_SURFACE('',#5672,0.0305,0.0005);
#23=TOROIDAL_SURFACE('',#5676,0.004,0.0005);
#24=TOROIDAL_SURFACE('',#5681,0.004,0.0005);
#25=TOROIDAL_SURFACE('',#5687,0.0025,0.0005);
#26=TOROIDAL_SURFACE('',#5697,0.0305,0.0005);
#27=TOROIDAL_SURFACE('',#5700,0.0025,0.0005);
#28=TOROIDAL_SURFACE('',#5705,0.0025,0.0005);
#29=TOROIDAL_SURFACE('',#5718,0.0370133309638054,0.0005);
#30=TOROIDAL_SURFACE('',#5725,0.0370133309638054,0.0005);
#31=TOROIDAL_SURFACE('',#5752,0.002,0.0005);
#32=TOROIDAL_SURFACE('',#5761,0.002,0.0005);
#33=TOROIDAL_SURFACE('',#5767,0.0025,0.0005);
#34=TOROIDAL_SURFACE('',#5771,0.0305,0.0005);
#35=TOROIDAL_SURFACE('',#5775,0.004,0.0005);
#36=TOROIDAL_SURFACE('',#5780,0.004,0.0005);
#37=TOROIDAL_SURFACE('',#5786,0.0025,0.0005);
#38=TOROIDAL_SURFACE('',#5796,0.0305,0.0005);
#39=TOROIDAL_SURFACE('',#5799,0.0025,0.0005);
#40=TOROIDAL_SURFACE('',#5804,0.0025,0.0005);
#41=TOROIDAL_SURFACE('',#5817,0.0370133309638054,0.0005);
#42=TOROIDAL_SURFACE('',#5824,0.0370133309638054,0.0005);
#43=TOROIDAL_SURFACE('',#5913,0.0270648564753752,0.001);
#44=TOROIDAL_SURFACE('',#5938,0.0270648564753752,0.001);
#45=TOROIDAL_SURFACE('',#5951,0.0226609003688227,0.001);
#46=TOROIDAL_SURFACE('',#5952,0.0226609003688227,0.001);
#47=TOROIDAL_SURFACE('',#5965,0.0055857864376269,0.0005);
#48=TOROIDAL_SURFACE('',#5966,0.007,0.0005);
#49=TOROIDAL_SURFACE('',#5969,0.0265836688259826,0.001);
#50=TOROIDAL_SURFACE('',#6038,0.0262599999999885,0.0002);
#51=TOROIDAL_SURFACE('',#6049,0.0004,0.0002);
#52=TOROIDAL_SURFACE('',#6051,0.0262599999999885,0.0002);
#53=TOROIDAL_SURFACE('',#6053,0.0004,0.0002);
#54=TOROIDAL_SURFACE('',#6085,0.0277798635240743,0.0002);
#55=SPHERICAL_SURFACE('',#5510,0.0005);
#56=SPHERICAL_SURFACE('',#5525,0.0005);
#57=SPHERICAL_SURFACE('',#5586,0.0005);
#58=SPHERICAL_SURFACE('',#5587,0.0005);
#59=SPHERICAL_SURFACE('',#5590,0.0005);
#60=SPHERICAL_SURFACE('',#5592,0.0005);
#61=SPHERICAL_SURFACE('',#5989,0.0002);
#62=SPHERICAL_SURFACE('',#5993,0.0002);
#63=SPHERICAL_SURFACE('',#6006,0.0002);
#64=SPHERICAL_SURFACE('',#6014,0.0002);
#65=SPHERICAL_SURFACE('',#6028,0.0002);
#66=SPHERICAL_SURFACE('',#6030,0.0002);
#67=SPHERICAL_SURFACE('',#6041,0.0002);
#68=SPHERICAL_SURFACE('',#6045,0.0002);
#69=SPHERICAL_SURFACE('',#6057,0.0002);
#70=SPHERICAL_SURFACE('',#6061,0.0002);
#71=SPHERICAL_SURFACE('',#6066,0.0002);
#72=SPHERICAL_SURFACE('',#6069,0.0002);
#73=(
BOUNDED_SURFACE()
B_SPLINE_SURFACE(3,2,((#7975,#7976,#7977),(#7978,#7979,#7980),(#7981,#7982,
#7983),(#7984,#7985,#7986)),.UNSPECIFIED.,.F.,.F.,.F.)
B_SPLINE_SURFACE_WITH_KNOTS((4,4),(3,3),(3.83955715546157,3.85762682522395),
(0.,1.),.PIECEWISE_BEZIER_KNOTS.)
GEOMETRIC_REPRESENTATION_ITEM()
RATIONAL_B_SPLINE_SURFACE(((1.,0.877995218670479,1.),(1.,0.877215850320051,
1.),(1.,0.876427049575952,1.),(1.,0.875628869056521,1.)))
REPRESENTATION_ITEM('')
SURFACE()
);
#74=(
BOUNDED_SURFACE()
B_SPLINE_SURFACE(3,2,((#7996,#7997,#7998),(#7999,#8000,#8001),(#8002,#8003,
#8004),(#8005,#8006,#8007)),.UNSPECIFIED.,.F.,.F.,.F.)
B_SPLINE_SURFACE_WITH_KNOTS((4,4),(3,3),(0.000911212489495527,0.00208558605334993),
(0.,1.),.PIECEWISE_BEZIER_KNOTS.)
GEOMETRIC_REPRESENTATION_ITEM()
RATIONAL_B_SPLINE_SURFACE(((1.,0.707106781186546,1.),(1.,0.774910776604581,
1.),(1.,0.832877270862404,1.),(1.,0.877995218670478,1.)))
REPRESENTATION_ITEM('')
SURFACE()
);
#75=(
BOUNDED_SURFACE()
B_SPLINE_SURFACE(3,2,((#8054,#8055,#8056),(#8057,#8058,#8059),(#8060,#8061,
#8062),(#8063,#8064,#8065)),.UNSPECIFIED.,.F.,.F.,.F.)
B_SPLINE_SURFACE_WITH_KNOTS((4,4),(3,3),(0.000128040086880398,0.00130193882736624),
(0.,1.),.PIECEWISE_BEZIER_KNOTS.)
GEOMETRIC_REPRESENTATION_ITEM()
RATIONAL_B_SPLINE_SURFACE(((1.,0.707106781186558,1.),(1.,0.774415086410822,
1.),(1.,0.832593744489458,1.),(1.,0.877995218670474,1.)))
REPRESENTATION_ITEM('')
SURFACE()
);
#76=(
BOUNDED_SURFACE()
B_SPLINE_SURFACE(3,2,((#8074,#8075,#8076),(#8077,#8078,#8079),(#8080,#8081,
#8082),(#8083,#8084,#8085)),.UNSPECIFIED.,.F.,.F.,.F.)
B_SPLINE_SURFACE_WITH_KNOTS((4,4),(3,3),(2.42555848195564,2.44362815171802),
(0.,1.),.PIECEWISE_BEZIER_KNOTS.)
GEOMETRIC_REPRESENTATION_ITEM()
RATIONAL_B_SPLINE_SURFACE(((1.,0.875628869056521,1.),(1.,0.876427049575952,
1.),(1.,0.877215850320051,1.),(1.,0.877995218670479,1.)))
REPRESENTATION_ITEM('')
SURFACE()
);
#77=(
BOUNDED_SURFACE()
B_SPLINE_SURFACE(3,2,((#8183,#8184,#8185),(#8186,#8187,#8188),(#8189,#8190,
#8191),(#8192,#8193,#8194)),.UNSPECIFIED.,.F.,.F.,.F.)
B_SPLINE_SURFACE_WITH_KNOTS((4,4),(3,3),(-4.03323208164608E-17,0.00103494759423175),
(0.,1.),.PIECEWISE_BEZIER_KNOTS.)
GEOMETRIC_REPRESENTATION_ITEM()
RATIONAL_B_SPLINE_SURFACE(((1.,0.968815619275282,1.),(1.,0.968523269230781,
1.),(1.,0.968222853149927,1.),(1.,0.967913671695397,1.)))
REPRESENTATION_ITEM('')
SURFACE()
);
#78=(
BOUNDED_SURFACE()
B_SPLINE_SURFACE(3,2,((#8196,#8197,#8198),(#8199,#8200,#8201),(#8202,#8203,
#8204),(#8205,#8206,#8207)),.UNSPECIFIED.,.F.,.F.,.F.)
B_SPLINE_SURFACE_WITH_KNOTS((4,4),(3,3),(2.08166817117217E-17,0.00103494759423195),
(0.,1.),.PIECEWISE_BEZIER_KNOTS.)
GEOMETRIC_REPRESENTATION_ITEM()
RATIONAL_B_SPLINE_SURFACE(((1.,0.967913671695397,1.),(1.,0.968222853149927,
1.),(1.,0.968523269230704,1.),(1.,0.968815619275282,1.)))
REPRESENTATION_ITEM('')
SURFACE()
);
#79=(
BOUNDED_SURFACE()
B_SPLINE_SURFACE(3,2,((#8215,#8216,#8217),(#8218,#8219,#8220),(#8221,#8222,
#8223),(#8224,#8225,#8226)),.UNSPECIFIED.,.F.,.F.,.F.)
B_SPLINE_SURFACE_WITH_KNOTS((4,4),(3,3),(0.000991488083629616,0.00181430902257852),
(0.,1.),.PIECEWISE_BEZIER_KNOTS.)
GEOMETRIC_REPRESENTATION_ITEM()
RATIONAL_B_SPLINE_SURFACE(((1.,0.923879532511284,1.),(1.,0.929659057386144,
1.),(1.,0.909194382774783,1.),(1.,0.877662280503005,1.)))
REPRESENTATION_ITEM('')
SURFACE()
);
#80=(
BOUNDED_SURFACE()
B_SPLINE_SURFACE(3,2,((#8228,#8229,#8230),(#8231,#8232,#8233),(#8234,#8235,
#8236),(#8237,#8238,#8239)),.UNSPECIFIED.,.F.,.F.,.F.)
B_SPLINE_SURFACE_WITH_KNOTS((4,4),(3,3),(-2.40432673770385E-15,0.000516628693726423),
(0.,1.),.PIECEWISE_BEZIER_KNOTS.)
GEOMETRIC_REPRESENTATION_ITEM()
RATIONAL_B_SPLINE_SURFACE(((1.,0.876043702883097,1.),(1.,0.876589605041717,
1.),(1.,0.87712906368734,1.),(1.,0.877662280503009,1.)))
REPRESENTATION_ITEM('')
SURFACE()
);
#81=(
BOUNDED_SURFACE()
B_SPLINE_SURFACE(3,2,((#8256,#8257,#8258),(#8259,#8260,#8261),(#8262,#8263,
#8264),(#8265,#8266,#8267)),.UNSPECIFIED.,.F.,.F.,.F.)
B_SPLINE_SURFACE_WITH_KNOTS((4,4),(3,3),(6.93889390390723E-18,0.000516628693728834),
(0.,1.),.PIECEWISE_BEZIER_KNOTS.)
GEOMETRIC_REPRESENTATION_ITEM()
RATIONAL_B_SPLINE_SURFACE(((1.,0.876043702883091,1.),(1.,0.876589605043268,
1.),(1.,0.877129063687647,1.),(1.,0.877662280503008,1.)))
REPRESENTATION_ITEM('')
SURFACE()
);
#82=(
BOUNDED_SURFACE()
B_SPLINE_SURFACE(3,2,((#8275,#8276,#8277),(#8278,#8279,#8280),(#8281,#8282,
#8283),(#8284,#8285,#8286)),.UNSPECIFIED.,.F.,.F.,.F.)
B_SPLINE_SURFACE_WITH_KNOTS((4,4),(3,3),(0.000508905664260623,0.00133437019472671),
(0.,1.),.PIECEWISE_BEZIER_KNOTS.)
GEOMETRIC_REPRESENTATION_ITEM()
RATIONAL_B_SPLINE_SURFACE(((1.,0.877662280503002,1.),(1.,0.909227262046621,
1.),(1.,0.929660158919263,1.),(1.,0.923879532511283,1.)))
REPRESENTATION_ITEM('')
SURFACE()
);
#83=(
BOUNDED_SURFACE()
B_SPLINE_SURFACE(3,2,((#8635,#8636,#8637),(#8638,#8639,#8640),(#8641,#8642,
#8643),(#8644,#8645,#8646),(#8647,#8648,#8649)),.UNSPECIFIED.,.F.,.F.,.F.)
B_SPLINE_SURFACE_WITH_KNOTS((4,1,4),(3,3),(-2.49908600757909E-17,0.00101142633568038,
0.00202285267136079),(0.,1.),.UNSPECIFIED.)
GEOMETRIC_REPRESENTATION_ITEM()
RATIONAL_B_SPLINE_SURFACE(((1.,0.707106781186548,1.),(1.,0.757803254112783,
1.),(1.,0.897837680170277,1.),(1.,0.999999999949432,1.),(1.,1.,1.)))
REPRESENTATION_ITEM('')
SURFACE()
);
#84=(
BOUNDED_SURFACE()
B_SPLINE_SURFACE(3,2,((#8702,#8703,#8704),(#8705,#8706,#8707),(#8708,#8709,
#8710),(#8711,#8712,#8713),(#8714,#8715,#8716)),.UNSPECIFIED.,.F.,.F.,.F.)
B_SPLINE_SURFACE_WITH_KNOTS((4,1,4),(3,3),(-2.49908600757909E-17,0.00101142633568038,
0.00202285267136079),(0.,1.),.UNSPECIFIED.)
GEOMETRIC_REPRESENTATION_ITEM()
RATIONAL_B_SPLINE_SURFACE(((1.,0.707106781186548,1.),(1.,0.757803254112783,
1.),(1.,0.897837680170277,1.),(1.,0.999999999949432,1.),(1.,1.,1.)))
REPRESENTATION_ITEM('')
SURFACE()
);
#85=(
BOUNDED_SURFACE()
B_SPLINE_SURFACE(3,2,((#8783,#8784,#8785),(#8786,#8787,#8788),(#8789,#8790,
#8791),(#8792,#8793,#8794),(#8795,#8796,#8797),(#8798,#8799,#8800),(#8801,
#8802,#8803),(#8804,#8805,#8806)),.UNSPECIFIED.,.F.,.F.,.F.)
B_SPLINE_SURFACE_WITH_KNOTS((4,1,1,1,1,4),(3,3),(0.000883133342744861,0.00114260369198624,
0.00140207404122762,0.00192101473971038,0.00243995543819313,0.00295889613667589),
(0.,1.),.UNSPECIFIED.)
GEOMETRIC_REPRESENTATION_ITEM()
RATIONAL_B_SPLINE_SURFACE(((1.,0.384952841338845,1.),(1.,0.384952850131021,
1.),(1.,0.393918478997294,1.),(1.,0.440365769404239,1.),(1.,0.523299807455734,
1.),(1.,0.621295794803432,1.),(1.,0.679768788738747,1.),(1.,0.707106781186393,
1.)))
REPRESENTATION_ITEM('')
SURFACE()
);
#86=(
BOUNDED_SURFACE()
B_SPLINE_SURFACE(3,2,((#8819,#8820,#8821),(#8822,#8823,#8824),(#8825,#8826,
#8827),(#8828,#8829,#8830),(#8831,#8832,#8833),(#8834,#8835,#8836),(#8837,
#8838,#8839),(#8840,#8841,#8842)),.UNSPECIFIED.,.F.,.F.,.F.)
B_SPLINE_SURFACE_WITH_KNOTS((4,1,1,1,1,4),(3,3),(0.000883133342744861,0.00114260369198624,
0.00140207404122762,0.00192101473971038,0.00243995543819313,0.00295889613667589),
(0.,1.),.UNSPECIFIED.)
GEOMETRIC_REPRESENTATION_ITEM()
RATIONAL_B_SPLINE_SURFACE(((1.,0.384952841338845,1.),(1.,0.384952850131021,
1.),(1.,0.393918478997294,1.),(1.,0.440365769404239,1.),(1.,0.523299807455734,
1.),(1.,0.621295794803432,1.),(1.,0.679768788738747,1.),(1.,0.707106781186393,
1.)))
REPRESENTATION_ITEM('')
SURFACE()
);
#87=(
BOUNDED_SURFACE()
B_SPLINE_SURFACE(3,2,((#8988,#8989,#8990),(#8991,#8992,#8993),(#8994,#8995,
#8996),(#8997,#8998,#8999),(#9000,#9001,#9002)),.UNSPECIFIED.,.F.,.F.,.F.)
B_SPLINE_SURFACE_WITH_KNOTS((4,1,4),(3,3),(-2.49908600757909E-17,0.00101142633568038,
0.00202285267136079),(0.,1.),.UNSPECIFIED.)
GEOMETRIC_REPRESENTATION_ITEM()
RATIONAL_B_SPLINE_SURFACE(((1.,0.707106781186548,1.),(1.,0.757803254112783,
1.),(1.,0.897837680170277,1.),(1.,0.999999999949432,1.),(1.,1.,1.)))
REPRESENTATION_ITEM('')
SURFACE()
);
#88=(
BOUNDED_SURFACE()
B_SPLINE_SURFACE(3,2,((#9055,#9056,#9057),(#9058,#9059,#9060),(#9061,#9062,
#9063),(#9064,#9065,#9066),(#9067,#9068,#9069)),.UNSPECIFIED.,.F.,.F.,.F.)
B_SPLINE_SURFACE_WITH_KNOTS((4,1,4),(3,3),(-2.49908600757909E-17,0.00101142633568038,
0.00202285267136079),(0.,1.),.UNSPECIFIED.)
GEOMETRIC_REPRESENTATION_ITEM()
RATIONAL_B_SPLINE_SURFACE(((1.,0.707106781186548,1.),(1.,0.757803254112783,
1.),(1.,0.897837680170277,1.),(1.,0.999999999949432,1.),(1.,1.,1.)))
REPRESENTATION_ITEM('')
SURFACE()
);
#89=(
BOUNDED_SURFACE()
B_SPLINE_SURFACE(3,2,((#9131,#9132,#9133),(#9134,#9135,#9136),(#9137,#9138,
#9139),(#9140,#9141,#9142),(#9143,#9144,#9145),(#9146,#9147,#9148),(#9149,
#9150,#9151),(#9152,#9153,#9154)),.UNSPECIFIED.,.F.,.F.,.F.)
B_SPLINE_SURFACE_WITH_KNOTS((4,1,1,1,1,4),(3,3),(0.000883133342744861,0.00114260369198624,
0.00140207404122762,0.00192101473971038,0.00243995543819313,0.00295889613667589),
(0.,1.),.UNSPECIFIED.)
GEOMETRIC_REPRESENTATION_ITEM()
RATIONAL_B_SPLINE_SURFACE(((1.,0.384952841338845,1.),(1.,0.384952850131021,
1.),(1.,0.393918478997294,1.),(1.,0.440365769404239,1.),(1.,0.523299807455734,
1.),(1.,0.621295794803432,1.),(1.,0.679768788738747,1.),(1.,0.707106781186393,
1.)))
REPRESENTATION_ITEM('')
SURFACE()
);
#90=(
BOUNDED_SURFACE()
B_SPLINE_SURFACE(3,2,((#9167,#9168,#9169),(#9170,#9171,#9172),(#9173,#9174,
#9175),(#9176,#9177,#9178),(#9179,#9180,#9181),(#9182,#9183,#9184),(#9185,
#9186,#9187),(#9188,#9189,#9190)),.UNSPECIFIED.,.F.,.F.,.F.)
B_SPLINE_SURFACE_WITH_KNOTS((4,1,1,1,1,4),(3,3),(0.000883133342744861,0.00114260369198624,
0.00140207404122762,0.00192101473971038,0.00243995543819313,0.00295889613667589),
(0.,1.),.UNSPECIFIED.)
GEOMETRIC_REPRESENTATION_ITEM()
RATIONAL_B_SPLINE_SURFACE(((1.,0.384952841338845,1.),(1.,0.384952850131021,
1.),(1.,0.393918478997294,1.),(1.,0.440365769404239,1.),(1.,0.523299807455734,
1.),(1.,0.621295794803432,1.),(1.,0.679768788738747,1.),(1.,0.707106781186393,
1.)))
REPRESENTATION_ITEM('')
SURFACE()
);
#91=(
BOUNDED_SURFACE()
B_SPLINE_SURFACE(3,2,((#9411,#9412,#9413),(#9414,#9415,#9416),(#9417,#9418,
#9419),(#9420,#9421,#9422)),.UNSPECIFIED.,.F.,.F.,.F.)
B_SPLINE_SURFACE_WITH_KNOTS((4,4),(3,3),(0.0629719652544439,0.0772293784606412),
(0.,1.),.PIECEWISE_BEZIER_KNOTS.)
GEOMETRIC_REPRESENTATION_ITEM()
RATIONAL_B_SPLINE_SURFACE(((1.,0.940244906217523,1.),(1.,0.945103618955978,
1.),(1.,0.950063643452013,1.),(1.,0.955100420089655,1.)))
REPRESENTATION_ITEM('')
SURFACE()
);
#92=(
BOUNDED_SURFACE()
B_SPLINE_SURFACE(3,2,((#9437,#9438,#9439),(#9440,#9441,#9442),(#9443,#9444,
#9445),(#9446,#9447,#9448)),.UNSPECIFIED.,.F.,.F.,.F.)
B_SPLINE_SURFACE_WITH_KNOTS((4,4),(3,3),(0.0629706167950224,0.0772280303814353),
(0.,1.),.PIECEWISE_BEZIER_KNOTS.)
GEOMETRIC_REPRESENTATION_ITEM()
RATIONAL_B_SPLINE_SURFACE(((1.,0.940244906221528,1.),(1.,0.945103618732996,
1.),(1.,0.950063644361449,1.),(1.,0.955100420073507,1.)))
REPRESENTATION_ITEM('')
SURFACE()
);
#93=(
BOUNDED_SURFACE()
B_SPLINE_SURFACE(3,2,((#9463,#9464,#9465),(#9466,#9467,#9468),(#9469,#9470,
#9471),(#9472,#9473,#9474)),.UNSPECIFIED.,.F.,.F.,.F.)
B_SPLINE_SURFACE_WITH_KNOTS((4,4),(3,3),(0.0629719652544434,0.0772293784606412),
(0.,1.),.PIECEWISE_BEZIER_KNOTS.)
GEOMETRIC_REPRESENTATION_ITEM()
RATIONAL_B_SPLINE_SURFACE(((1.,0.940244906217523,1.),(1.,0.945103618955713,
1.),(1.,0.950063643452805,1.),(1.,0.955100420089655,1.)))
REPRESENTATION_ITEM('')
SURFACE()
);
#94=(
BOUNDED_SURFACE()
B_SPLINE_SURFACE(3,2,((#9489,#9490,#9491),(#9492,#9493,#9494),(#9495,#9496,
#9497),(#9498,#9499,#9500)),.UNSPECIFIED.,.F.,.F.,.F.)
B_SPLINE_SURFACE_WITH_KNOTS((4,4),(3,3),(0.0629695630814775,0.0772269769647616),
(0.,1.),.PIECEWISE_BEZIER_KNOTS.)
GEOMETRIC_REPRESENTATION_ITEM()
RATIONAL_B_SPLINE_SURFACE(((1.,0.940244906224671,1.),(1.,0.945103618561988,
1.),(1.,0.950063645072559,1.),(1.,0.955100420060875,1.)))
REPRESENTATION_ITEM('')
SURFACE()
);
#95=(
BOUNDED_SURFACE()
B_SPLINE_SURFACE(3,2,((#9515,#9516,#9517),(#9518,#9519,#9520),(#9521,#9522,
#9523),(#9524,#9525,#9526),(#9527,#9528,#9529)),.UNSPECIFIED.,.F.,.F.,.F.)
B_SPLINE_SURFACE_WITH_KNOTS((4,1,4),(3,3),(-1.43114686768087E-17,0.00457340493937335,
0.00914680987874672),(0.,1.),.UNSPECIFIED.)
GEOMETRIC_REPRESENTATION_ITEM()
RATIONAL_B_SPLINE_SURFACE(((1.,0.707106781186547,1.),(1.,0.73195620805663,
1.),(1.,0.778321254356073,1.),(1.,0.820360528892312,1.),(1.,0.83948500575196,
1.)))
REPRESENTATION_ITEM('')
SURFACE()
);
#96=(
BOUNDED_SURFACE()
B_SPLINE_SURFACE(3,2,((#9541,#9542,#9543),(#9544,#9545,#9546),(#9547,#9548,
#9549),(#9550,#9551,#9552)),.UNSPECIFIED.,.F.,.F.,.F.)
B_SPLINE_SURFACE_WITH_KNOTS((4,4),(3,3),(1.5974566751695,1.77503343183122),
(0.,1.),.PIECEWISE_BEZIER_KNOTS.)
GEOMETRIC_REPRESENTATION_ITEM()
RATIONAL_B_SPLINE_SURFACE(((1.,0.708741480550814,1.),(1.,0.712365853591625,
1.),(1.,0.715953498253628,1.),(1.,0.719450955471857,1.)))
REPRESENTATION_ITEM('')
SURFACE()
);
#97=(
BOUNDED_SURFACE()
B_SPLINE_SURFACE(3,2,((#9554,#9555,#9556),(#9557,#9558,#9559),(#9560,#9561,
#9562),(#9563,#9564,#9565),(#9566,#9567,#9568)),.UNSPECIFIED.,.F.,.F.,.F.)
B_SPLINE_SURFACE_WITH_KNOTS((4,1,4),(3,3),(4.91662608542101,5.5999056963003,
6.28318530717959),(0.,1.),.UNSPECIFIED.)
GEOMETRIC_REPRESENTATION_ITEM()
RATIONAL_B_SPLINE_SURFACE(((1.,0.719450955471856,1.),(1.,0.732908467773299,
1.),(1.,0.756953273053546,1.),(1.,0.766044443118903,1.),(1.,0.766044443118979,
1.)))
REPRESENTATION_ITEM('')
SURFACE()
);
#98=(
BOUNDED_SURFACE()
B_SPLINE_SURFACE(3,2,((#9572,#9573,#9574),(#9575,#9576,#9577),(#9578,#9579,
#9580),(#9581,#9582,#9583),(#9584,#9585,#9586)),.UNSPECIFIED.,.F.,.F.,.F.)
B_SPLINE_SURFACE_WITH_KNOTS((4,1,4),(3,3),(0.,0.892270692503328,1.78454138500666),
(0.,1.),.UNSPECIFIED.)
GEOMETRIC_REPRESENTATION_ITEM()
RATIONAL_B_SPLINE_SURFACE(((1.,0.766044443118978,1.),(1.,0.766044443118714,
1.),(1.,0.750193850250574,1.),(1.,0.712144119316807,1.),(1.,0.693961648101193,
1.)))
REPRESENTATION_ITEM('')
SURFACE()
);
#99=(
BOUNDED_SURFACE()
B_SPLINE_SURFACE(3,2,((#9588,#9589,#9590),(#9591,#9592,#9593),(#9594,#9595,
#9596),(#9597,#9598,#9599)),.UNSPECIFIED.,.F.,.F.,.F.)
B_SPLINE_SURFACE_WITH_KNOTS((4,4),(3,3),(1.62831207020362,1.78454138500665),
(0.,1.),.PIECEWISE_BEZIER_KNOTS.)
GEOMETRIC_REPRESENTATION_ITEM()
RATIONAL_B_SPLINE_SURFACE(((1.,0.703568760535949,1.),(1.,0.700360820575115,
1.),(1.,0.697145250125161,1.),(1.,0.693961648101194,1.)))
REPRESENTATION_ITEM('')
SURFACE()
);
#100=(
BOUNDED_SURFACE()
B_SPLINE_SURFACE(3,2,((#9601,#9602,#9603),(#9604,#9605,#9606),(#9607,#9608,
#9609),(#9610,#9611,#9612)),.UNSPECIFIED.,.F.,.F.,.F.)
B_SPLINE_SURFACE_WITH_KNOTS((4,4),(3,3),(-6.0281640790194E-17,0.0018249963781723),
(0.,1.),.PIECEWISE_BEZIER_KNOTS.)
GEOMETRIC_REPRESENTATION_ITEM()
RATIONAL_B_SPLINE_SURFACE(((1.,0.677985431218704,1.),(1.,0.686392173257987,
1.),(1.,0.694943679152895,1.),(1.,0.703568760535961,1.)))
REPRESENTATION_ITEM('')
SURFACE()
);
#101=(
BOUNDED_SURFACE()
B_SPLINE_SURFACE(3,2,((#9614,#9615,#9616),(#9617,#9618,#9619),(#9620,#9621,
#9622),(#9623,#9624,#9625),(#9626,#9627,#9628)),.UNSPECIFIED.,.F.,.F.,.F.)
B_SPLINE_SURFACE_WITH_KNOTS((4,1,4),(3,3),(-2.67147415300428E-16,0.00392495913966728,
0.00784991827933483),(0.,1.),.UNSPECIFIED.)
GEOMETRIC_REPRESENTATION_ITEM()
RATIONAL_B_SPLINE_SURFACE(((1.,0.535509914095667,1.),(1.,0.560706770370319,
1.),(1.,0.609528458465197,1.),(1.,0.655822319014489,1.),(1.,0.677985431218712,
1.)))
REPRESENTATION_ITEM('')
SURFACE()
);
#102=(
BOUNDED_SURFACE()
B_SPLINE_SURFACE(3,2,((#9630,#9631,#9632),(#9633,#9634,#9635),(#9636,#9637,
#9638),(#9639,#9640,#9641)),.UNSPECIFIED.,.F.,.F.,.F.)
B_SPLINE_SURFACE_WITH_KNOTS((4,4),(3,3),(5.33230631973017,5.45779390249769),
(0.,1.),.PIECEWISE_BEZIER_KNOTS.)
GEOMETRIC_REPRESENTATION_ITEM()
RATIONAL_B_SPLINE_SURFACE(((1.,0.556304694997103,1.),(1.,0.549130481998827,
1.),(1.,0.542174511192367,1.),(1.,0.535509914095444,1.)))
REPRESENTATION_ITEM('')
SURFACE()
);
#103=(
BOUNDED_SURFACE()
B_SPLINE_SURFACE(3,2,((#9643,#9644,#9645),(#9646,#9647,#9648),(#9649,#9650,
#9651),(#9652,#9653,#9654),(#9655,#9656,#9657)),.UNSPECIFIED.,.F.,.F.,.F.)
B_SPLINE_SURFACE_WITH_KNOTS((4,1,4),(3,3),(-9.54097911787244E-18,0.00326723099391007,
0.00653446198782015),(0.,1.),.UNSPECIFIED.)
GEOMETRIC_REPRESENTATION_ITEM()
RATIONAL_B_SPLINE_SURFACE(((1.,0.556304694997097,1.),(1.,0.581422448012739,
1.),(1.,0.626756975730732,1.),(1.,0.661654845242755,1.),(1.,0.67559020761566,
1.)))
REPRESENTATION_ITEM('')
SURFACE()
);
#104=(
BOUNDED_SURFACE()
B_SPLINE_SURFACE(3,2,((#9661,#9662,#9663),(#9664,#9665,#9666),(#9667,#9668,
#9669),(#9670,#9671,#9672),(#9673,#9674,#9675)),.UNSPECIFIED.,.F.,.F.,.F.)
B_SPLINE_SURFACE_WITH_KNOTS((4,1,4),(3,3),(-1.99493199737333E-17,0.00326622729346215,
0.00653245458692432),(0.,1.),.UNSPECIFIED.)
GEOMETRIC_REPRESENTATION_ITEM()
RATIONAL_B_SPLINE_SURFACE(((1.,0.675590207615661,1.),(1.,0.661645005262958,
1.),(1.,0.6275843817634,1.),(1.,0.581433951908476,1.),(1.,0.556304694997099,
1.)))
REPRESENTATION_ITEM('')
SURFACE()
);
#105=(
BOUNDED_SURFACE()
B_SPLINE_SURFACE(3,2,((#9677,#9678,#9679),(#9680,#9681,#9682),(#9683,#9684,
#9685),(#9686,#9687,#9688)),.UNSPECIFIED.,.F.,.F.,.F.)
B_SPLINE_SURFACE_WITH_KNOTS((4,4),(3,3),(0.825391404682211,0.950878987449424),
(0.,1.),.PIECEWISE_BEZIER_KNOTS.)
GEOMETRIC_REPRESENTATION_ITEM()
RATIONAL_B_SPLINE_SURFACE(((1.,0.535509914095494,1.),(1.,0.542174511194952,
1.),(1.,0.549130481998257,1.),(1.,0.556304694997103,1.)))
REPRESENTATION_ITEM('')
SURFACE()
);
#106=(
BOUNDED_SURFACE()
B_SPLINE_SURFACE(3,2,((#9690,#9691,#9692),(#9693,#9694,#9695),(#9696,#9697,
#9698),(#9699,#9700,#9701),(#9702,#9703,#9704)),.UNSPECIFIED.,.F.,.F.,.F.)
B_SPLINE_SURFACE_WITH_KNOTS((4,1,4),(3,3),(-1.73472347597681E-18,0.00392251167243705,
0.00784502334487411),(0.,1.),.UNSPECIFIED.)
GEOMETRIC_REPRESENTATION_ITEM()
RATIONAL_B_SPLINE_SURFACE(((1.,0.677985431218703,1.),(1.,0.655776420868915,
1.),(1.,0.610199161254921,1.),(1.,0.560760789307064,1.),(1.,0.535509914095495,
1.)))
REPRESENTATION_ITEM('')
SURFACE()
);
#107=(
BOUNDED_SURFACE()
B_SPLINE_SURFACE(3,2,((#9706,#9707,#9708),(#9709,#9710,#9711),(#9712,#9713,
#9714),(#9715,#9716,#9717)),.UNSPECIFIED.,.F.,.F.,.F.)
B_SPLINE_SURFACE_WITH_KNOTS((4,4),(3,3),(-3.46944695195361E-18,0.00182499637815353),
(0.,1.),.PIECEWISE_BEZIER_KNOTS.)
GEOMETRIC_REPRESENTATION_ITEM()
RATIONAL_B_SPLINE_SURFACE(((1.,0.703568760535696,1.),(1.,0.694943679151772,
1.),(1.,0.686392173259015,1.),(1.,0.677985431218703,1.)))
REPRESENTATION_ITEM('')
SURFACE()
);
#108=(
BOUNDED_SURFACE()
B_SPLINE_SURFACE(3,2,((#9719,#9720,#9721),(#9722,#9723,#9724),(#9725,#9726,
#9727),(#9728,#9729,#9730)),.UNSPECIFIED.,.F.,.F.,.F.)
B_SPLINE_SURFACE_WITH_KNOTS((4,4),(3,3),(4.49864392217294,4.65487323697656),
(0.,1.),.PIECEWISE_BEZIER_KNOTS.)
GEOMETRIC_REPRESENTATION_ITEM()
RATIONAL_B_SPLINE_SURFACE(((1.,0.693961648101194,1.),(1.,0.697145250123445,
1.),(1.,0.70036082057548,1.),(1.,0.703568760535985,1.)))
REPRESENTATION_ITEM('')
SURFACE()
);
#109=(
BOUNDED_SURFACE()
B_SPLINE_SURFACE(3,2,((#9732,#9733,#9734),(#9735,#9736,#9737),(#9738,#9739,
#9740),(#9741,#9742,#9743),(#9744,#9745,#9746)),.UNSPECIFIED.,.F.,.F.,.F.)
B_SPLINE_SURFACE_WITH_KNOTS((4,1,4),(3,3),(4.49864392217293,5.39091461467626,
6.28318530717959),(0.,1.),.UNSPECIFIED.)
GEOMETRIC_REPRESENTATION_ITEM()
RATIONAL_B_SPLINE_SURFACE(((1.,0.693961648101193,1.),(1.,0.712144119316664,
1.),(1.,0.750193850250613,1.),(1.,0.76604444311878,1.),(1.,0.766044443118978,
1.)))
REPRESENTATION_ITEM('')
SURFACE()
);
#110=(
BOUNDED_SURFACE()
B_SPLINE_SURFACE(3,2,((#9750,#9751,#9752),(#9753,#9754,#9755),(#9756,#9757,
#9758),(#9759,#9760,#9761),(#9762,#9763,#9764)),.UNSPECIFIED.,.F.,.F.,.F.)
B_SPLINE_SURFACE_WITH_KNOTS((4,1,4),(3,3),(8.67361737988404E-19,0.00457480436041091,
0.00914960872082181),(0.,1.),.UNSPECIFIED.)
GEOMETRIC_REPRESENTATION_ITEM()
RATIONAL_B_SPLINE_SURFACE(((1.,0.70710678118632,1.),(1.,0.731949264575067,
1.),(1.,0.778330326667352,1.),(1.,0.820373816692309,1.),(1.,0.83948450363908,
1.)))
REPRESENTATION_ITEM('')
SURFACE()
);
#111=(
BOUNDED_SURFACE()
B_SPLINE_SURFACE(3,2,((#9770,#9771,#9772),(#9773,#9774,#9775),(#9776,#9777,
#9778),(#9779,#9780,#9781),(#9782,#9783,#9784)),.UNSPECIFIED.,.F.,.F.,.F.)
B_SPLINE_SURFACE_WITH_KNOTS((4,1,4),(3,3),(1.03526160402421E-16,0.683279610879289,
1.36655922175858),(0.,1.),.UNSPECIFIED.)
GEOMETRIC_REPRESENTATION_ITEM()
RATIONAL_B_SPLINE_SURFACE(((1.,0.766044443118978,1.),(1.,0.766044443118827,
1.),(1.,0.75695327305377,1.),(1.,0.732908467772927,1.),(1.,0.719450955471856,
1.)))
REPRESENTATION_ITEM('')
SURFACE()
);
#112=(
BOUNDED_SURFACE()
B_SPLINE_SURFACE(3,2,((#9792,#9793,#9794),(#9795,#9796,#9797),(#9798,#9799,
#9800),(#9801,#9802,#9803)),.UNSPECIFIED.,.F.,.F.,.F.)
B_SPLINE_SURFACE_WITH_KNOTS((4,4),(3,3),(4.50815187534836,4.68678330801716),
(0.,1.),.PIECEWISE_BEZIER_KNOTS.)
GEOMETRIC_REPRESENTATION_ITEM()
RATIONAL_B_SPLINE_SURFACE(((1.,0.719450955471856,1.),(1.,0.715932725915906,
1.),(1.,0.71232323027852,1.),(1.,0.708676898340194,1.)))
REPRESENTATION_ITEM('')
SURFACE()
);
#113=(
BOUNDED_SURFACE()
B_SPLINE_SURFACE(3,2,((#9804,#9805,#9806),(#9807,#9808,#9809),(#9810,#9811,
#9812),(#9813,#9814,#9815),(#9816,#9817,#9818)),.UNSPECIFIED.,.F.,.F.,.F.)
B_SPLINE_SURFACE_WITH_KNOTS((4,1,4),(3,3),(9.54097911787244E-18,0.00457480436040281,
0.00914960872080562),(0.,1.),.UNSPECIFIED.)
GEOMETRIC_REPRESENTATION_ITEM()
RATIONAL_B_SPLINE_SURFACE(((1.,0.707106781186547,1.),(1.,0.731949264579289,
1.),(1.,0.778330326665255,1.),(1.,0.820373816692682,1.),(1.,0.839484503639079,
1.)))
REPRESENTATION_ITEM('')
SURFACE()
);
#114=(
BOUNDED_SURFACE()
B_SPLINE_SURFACE(3,2,((#9830,#9831,#9832),(#9833,#9834,#9835),(#9836,#9837,
#9838),(#9839,#9840,#9841)),.UNSPECIFIED.,.F.,.F.,.F.)
B_SPLINE_SURFACE_WITH_KNOTS((4,4),(3,3),(1.36655922175857,1.54413597842029),
(0.,1.),.PIECEWISE_BEZIER_KNOTS.)
GEOMETRIC_REPRESENTATION_ITEM()
RATIONAL_B_SPLINE_SURFACE(((1.,0.719450955471856,1.),(1.,0.715953498253384,
1.),(1.,0.712365853587361,1.),(1.,0.708741480550814,1.)))
REPRESENTATION_ITEM('')
SURFACE()
);
#115=(
BOUNDED_SURFACE()
B_SPLINE_SURFACE(3,2,((#9843,#9844,#9845),(#9846,#9847,#9848),(#9849,#9850,
#9851),(#9852,#9853,#9854),(#9855,#9856,#9857)),.UNSPECIFIED.,.F.,.F.,.F.)
B_SPLINE_SURFACE_WITH_KNOTS((4,1,4),(3,3),(1.03526160402421E-16,0.683279610879289,
1.36655922175858),(0.,1.),.UNSPECIFIED.)
GEOMETRIC_REPRESENTATION_ITEM()
RATIONAL_B_SPLINE_SURFACE(((1.,0.766044443118978,1.),(1.,0.766044443118827,
1.),(1.,0.75695327305377,1.),(1.,0.732908467772927,1.),(1.,0.719450955471856,
1.)))
REPRESENTATION_ITEM('')
SURFACE()
);
#116=(
BOUNDED_SURFACE()
B_SPLINE_SURFACE(3,2,((#9861,#9862,#9863),(#9864,#9865,#9866),(#9867,#9868,
#9869),(#9870,#9871,#9872),(#9873,#9874,#9875)),.UNSPECIFIED.,.F.,.F.,.F.)
B_SPLINE_SURFACE_WITH_KNOTS((4,1,4),(3,3),(4.49864392217294,5.39091461467626,
6.28318530717959),(0.,1.),.UNSPECIFIED.)
GEOMETRIC_REPRESENTATION_ITEM()
RATIONAL_B_SPLINE_SURFACE(((1.,0.693961648101195,1.),(1.,0.712144119315594,
1.),(1.,0.750193850251148,1.),(1.,0.76604444311878,1.),(1.,0.766044443118978,
1.)))
REPRESENTATION_ITEM('')
SURFACE()
);
#117=(
BOUNDED_SURFACE()
B_SPLINE_SURFACE(3,2,((#9877,#9878,#9879),(#9880,#9881,#9882),(#9883,#9884,
#9885),(#9886,#9887,#9888)),.UNSPECIFIED.,.F.,.F.,.F.)
B_SPLINE_SURFACE_WITH_KNOTS((4,4),(3,3),(1.35705126858315,1.51328058338678),
(0.,1.),.PIECEWISE_BEZIER_KNOTS.)
GEOMETRIC_REPRESENTATION_ITEM()
RATIONAL_B_SPLINE_SURFACE(((1.,0.693961648101194,1.),(1.,0.697145250125537,
1.),(1.,0.700360820576413,1.),(1.,0.703568760535986,1.)))
REPRESENTATION_ITEM('')
SURFACE()
);
#118=(
BOUNDED_SURFACE()
B_SPLINE_SURFACE(3,2,((#9890,#9891,#9892),(#9893,#9894,#9895),(#9896,#9897,
#9898),(#9899,#9900,#9901)),.UNSPECIFIED.,.F.,.F.,.F.)
B_SPLINE_SURFACE_WITH_KNOTS((4,4),(3,3),(-1.12757025938492E-17,0.00182499637815297),
(0.,1.),.PIECEWISE_BEZIER_KNOTS.)
GEOMETRIC_REPRESENTATION_ITEM()
RATIONAL_B_SPLINE_SURFACE(((1.,0.703568760535689,1.),(1.,0.69494367915383,
1.),(1.,0.686392173263169,1.),(1.,0.6779854312187,1.)))
REPRESENTATION_ITEM('')
SURFACE()
);
#119=(
BOUNDED_SURFACE()
B_SPLINE_SURFACE(3,2,((#9903,#9904,#9905),(#9906,#9907,#9908),(#9909,#9910,
#9911),(#9912,#9913,#9914),(#9915,#9916,#9917)),.UNSPECIFIED.,.F.,.F.,.F.)
B_SPLINE_SURFACE_WITH_KNOTS((4,1,4),(3,3),(-9.28077059647592E-17,0.00392251167243695,
0.007845023344874),(0.,1.),.UNSPECIFIED.)
GEOMETRIC_REPRESENTATION_ITEM()
RATIONAL_B_SPLINE_SURFACE(((1.,0.677985431218704,1.),(1.,0.655776420866927,
1.),(1.,0.610199161255582,1.),(1.,0.560760789307728,1.),(1.,0.535509914095495,
1.)))
REPRESENTATION_ITEM('')
SURFACE()
);
#120=(
BOUNDED_SURFACE()
B_SPLINE_SURFACE(3,2,((#9919,#9920,#9921),(#9922,#9923,#9924),(#9925,#9926,
#9927),(#9928,#9929,#9930)),.UNSPECIFIED.,.F.,.F.,.F.)
B_SPLINE_SURFACE_WITH_KNOTS((4,4),(3,3),(0.825391404682211,0.950878987449424),
(0.,1.),.PIECEWISE_BEZIER_KNOTS.)
GEOMETRIC_REPRESENTATION_ITEM()
RATIONAL_B_SPLINE_SURFACE(((1.,0.535509914095494,1.),(1.,0.542174511194952,
1.),(1.,0.549130481998257,1.),(1.,0.556304694997103,1.)))
REPRESENTATION_ITEM('')
SURFACE()
);
#121=(
BOUNDED_SURFACE()
B_SPLINE_SURFACE(3,2,((#9932,#9933,#9934),(#9935,#9936,#9937),(#9938,#9939,
#9940),(#9941,#9942,#9943),(#9944,#9945,#9946)),.UNSPECIFIED.,.F.,.F.,.F.)
B_SPLINE_SURFACE_WITH_KNOTS((4,1,4),(3,3),(-1.99493199737333E-17,0.00326622729346215,
0.00653245458692432),(0.,1.),.UNSPECIFIED.)
GEOMETRIC_REPRESENTATION_ITEM()
RATIONAL_B_SPLINE_SURFACE(((1.,0.675590207615661,1.),(1.,0.661645005262958,
1.),(1.,0.6275843817634,1.),(1.,0.581433951908476,1.),(1.,0.556304694997099,
1.)))
REPRESENTATION_ITEM('')
SURFACE()
);
#122=(
BOUNDED_SURFACE()
B_SPLINE_SURFACE(3,2,((#9950,#9951,#9952),(#9953,#9954,#9955),(#9956,#9957,
#9958),(#9959,#9960,#9961),(#9962,#9963,#9964)),.UNSPECIFIED.,.F.,.F.,.F.)
B_SPLINE_SURFACE_WITH_KNOTS((4,1,4),(3,3),(-9.54097911787244E-18,0.00326723099391006,
0.00653446198782013),(0.,1.),.UNSPECIFIED.)
GEOMETRIC_REPRESENTATION_ITEM()
RATIONAL_B_SPLINE_SURFACE(((1.,0.556304694997097,1.),(1.,0.581422448012739,
1.),(1.,0.626756975730669,1.),(1.,0.661654845242878,1.),(1.,0.67559020761566,
1.)))
REPRESENTATION_ITEM('')
SURFACE()
);
#123=(
BOUNDED_SURFACE()
B_SPLINE_SURFACE(3,2,((#9966,#9967,#9968),(#9969,#9970,#9971),(#9972,#9973,
#9974),(#9975,#9976,#9977)),.UNSPECIFIED.,.F.,.F.,.F.)
B_SPLINE_SURFACE_WITH_KNOTS((4,4),(3,3),(5.33230631973016,5.45779390249769),
(0.,1.),.PIECEWISE_BEZIER_KNOTS.)
GEOMETRIC_REPRESENTATION_ITEM()
RATIONAL_B_SPLINE_SURFACE(((1.,0.556304694997103,1.),(1.,0.549130481995236,
1.),(1.,0.542174511193433,1.),(1.,0.535509914095444,1.)))
REPRESENTATION_ITEM('')
SURFACE()
);
#124=(
BOUNDED_SURFACE()
B_SPLINE_SURFACE(3,2,((#9979,#9980,#9981),(#9982,#9983,#9984),(#9985,#9986,
#9987),(#9988,#9989,#9990),(#9991,#9992,#9993)),.UNSPECIFIED.,.F.,.F.,.F.)
B_SPLINE_SURFACE_WITH_KNOTS((4,1,4),(3,3),(-3.03576608295941E-18,0.00392495913966788,
0.00784991827933576),(0.,1.),.UNSPECIFIED.)
GEOMETRIC_REPRESENTATION_ITEM()
RATIONAL_B_SPLINE_SURFACE(((1.,0.53550991409566,1.),(1.,0.560706770394177,
1.),(1.,0.609528458443614,1.),(1.,0.655822319033809,1.),(1.,0.677985431218703,
1.)))
REPRESENTATION_ITEM('')
SURFACE()
);
#125=(
BOUNDED_SURFACE()
B_SPLINE_SURFACE(3,2,((#9995,#9996,#9997),(#9998,#9999,#10000),(#10001,
#10002,#10003),(#10004,#10005,#10006)),.UNSPECIFIED.,.F.,.F.,.F.)
B_SPLINE_SURFACE_WITH_KNOTS((4,4),(3,3),(-2.49366499671666E-18,0.00182499637817229),
(0.,1.),.PIECEWISE_BEZIER_KNOTS.)
GEOMETRIC_REPRESENTATION_ITEM()
RATIONAL_B_SPLINE_SURFACE(((1.,0.677985431218703,1.),(1.,0.686392173260522,
1.),(1.,0.694943679153572,1.),(1.,0.703568760535961,1.)))
REPRESENTATION_ITEM('')
SURFACE()
);
#126=(
BOUNDED_SURFACE()
B_SPLINE_SURFACE(3,2,((#10008,#10009,#10010),(#10011,#10012,#10013),(#10014,
#10015,#10016),(#10017,#10018,#10019)),.UNSPECIFIED.,.F.,.F.,.F.)
B_SPLINE_SURFACE_WITH_KNOTS((4,4),(3,3),(4.76990472379341,4.92613403859644),
(0.,1.),.PIECEWISE_BEZIER_KNOTS.)
GEOMETRIC_REPRESENTATION_ITEM()
RATIONAL_B_SPLINE_SURFACE(((1.,0.703568760535949,1.),(1.,0.700360820574637,
1.),(1.,0.697145250125432,1.),(1.,0.693961648101193,1.)))
REPRESENTATION_ITEM('')
SURFACE()
);
#127=(
BOUNDED_SURFACE()
B_SPLINE_SURFACE(3,2,((#10021,#10022,#10023),(#10024,#10025,#10026),(#10027,
#10028,#10029),(#10030,#10031,#10032),(#10033,#10034,#10035)),
 .UNSPECIFIED.,.F.,.F.,.F.)
B_SPLINE_SURFACE_WITH_KNOTS((4,1,4),(3,3),(0.,0.892270692503324,1.78454138500665),
(0.,1.),.UNSPECIFIED.)
GEOMETRIC_REPRESENTATION_ITEM()
RATIONAL_B_SPLINE_SURFACE(((1.,0.766044443118978,1.),(1.,0.766044443118714,
1.),(1.,0.750193850250925,1.),(1.,0.712144119316104,1.),(1.,0.693961648101194,
1.)))
REPRESENTATION_ITEM('')
SURFACE()
);
#128=(
BOUNDED_SURFACE()
B_SPLINE_SURFACE(3,2,((#10039,#10040,#10041),(#10042,#10043,#10044),(#10045,
#10046,#10047),(#10048,#10049,#10050),(#10051,#10052,#10053)),
 .UNSPECIFIED.,.F.,.F.,.F.)
B_SPLINE_SURFACE_WITH_KNOTS((4,1,4),(3,3),(2.05998412772246E-17,0.00457340493943275,
0.00914680987886547),(0.,1.),.UNSPECIFIED.)
GEOMETRIC_REPRESENTATION_ITEM()
RATIONAL_B_SPLINE_SURFACE(((1.,0.707106781186547,1.),(1.,0.731956208055408,
1.),(1.,0.778321254357272,1.),(1.,0.820360528894574,1.),(1.,0.839485005753449,
1.)))
REPRESENTATION_ITEM('')
SURFACE()
);
#129=(
BOUNDED_SURFACE()
B_SPLINE_SURFACE(3,2,((#10059,#10060,#10061),(#10062,#10063,#10064),(#10065,
#10066,#10067),(#10068,#10069,#10070),(#10071,#10072,#10073)),
 .UNSPECIFIED.,.F.,.F.,.F.)
B_SPLINE_SURFACE_WITH_KNOTS((4,1,4),(3,3),(4.91662608542101,5.5999056963003,
6.28318530717959),(0.,1.),.UNSPECIFIED.)
GEOMETRIC_REPRESENTATION_ITEM()
RATIONAL_B_SPLINE_SURFACE(((1.,0.719450955471856,1.),(1.,0.732908467773299,
1.),(1.,0.756953273053546,1.),(1.,0.766044443118903,1.),(1.,0.766044443118979,
1.)))
REPRESENTATION_ITEM('')
SURFACE()
);
#130=(
BOUNDED_SURFACE()
B_SPLINE_SURFACE(3,2,((#10081,#10082,#10083),(#10084,#10085,#10086),(#10087,
#10088,#10089),(#10090,#10091,#10092)),.UNSPECIFIED.,.F.,.F.,.F.)
B_SPLINE_SURFACE_WITH_KNOTS((4,4),(3,3),(4.73904932875929,4.91662608542102),
(0.,1.),.PIECEWISE_BEZIER_KNOTS.)
GEOMETRIC_REPRESENTATION_ITEM()
RATIONAL_B_SPLINE_SURFACE(((1.,0.708741480550814,1.),(1.,0.71236585359065,
1.),(1.,0.715953498248787,1.),(1.,0.719450955471857,1.)))
REPRESENTATION_ITEM('')
SURFACE()
);
#131=(
BOUNDED_SURFACE()
B_SPLINE_SURFACE(3,2,((#10135,#10136,#10137),(#10138,#10139,#10140),(#10141,
#10142,#10143),(#10144,#10145,#10146),(#10147,#10148,#10149)),
 .UNSPECIFIED.,.F.,.F.,.F.)
B_SPLINE_SURFACE_WITH_KNOTS((4,1,4),(3,3),(0.000410777530594742,0.00341669555918173,
0.00642261358776871),(0.,1.),.UNSPECIFIED.)
GEOMETRIC_REPRESENTATION_ITEM()
RATIONAL_B_SPLINE_SURFACE(((1.,0.881800319606471,1.),(1.,0.915584054953664,
1.),(1.,0.973548431427859,1.),(1.,1.00000000042389,1.),(1.,1.,1.)))
REPRESENTATION_ITEM('')
SURFACE()
);
#132=(
BOUNDED_SURFACE()
B_SPLINE_SURFACE(3,2,((#10151,#10152,#10153),(#10154,#10155,#10156),(#10157,
#10158,#10159),(#10160,#10161,#10162)),.UNSPECIFIED.,.F.,.F.,.F.)
B_SPLINE_SURFACE_WITH_KNOTS((4,4),(3,3),(2.38524477946811E-18,0.000428676428901964),
(0.,1.),.PIECEWISE_BEZIER_KNOTS.)
GEOMETRIC_REPRESENTATION_ITEM()
RATIONAL_B_SPLINE_SURFACE(((1.,0.863161793455328,1.),(1.,0.869433480362006,
1.),(1.,0.875645323876102,1.),(1.,0.881800319606469,1.)))
REPRESENTATION_ITEM('')
SURFACE()
);
#133=(
BOUNDED_SURFACE()
B_SPLINE_SURFACE(3,2,((#10164,#10165,#10166),(#10167,#10168,#10169),(#10170,
#10171,#10172),(#10173,#10174,#10175),(#10176,#10177,#10178)),
 .UNSPECIFIED.,.F.,.F.,.F.)
B_SPLINE_SURFACE_WITH_KNOTS((4,1,4),(3,3),(0.114055557990775,0.500018475623577,
0.88598139325638),(0.,1.),.UNSPECIFIED.)
GEOMETRIC_REPRESENTATION_ITEM()
RATIONAL_B_SPLINE_SURFACE(((1.,0.905587643039091,1.),(1.,0.903963143853311,
1.),(1.,0.895213544698825,1.),(1.,0.875575652207184,1.),(1.,0.863161793455329,
1.)))
REPRESENTATION_ITEM('')
SURFACE()
);
#134=(
BOUNDED_SURFACE()
B_SPLINE_SURFACE(3,2,((#10180,#10181,#10182),(#10183,#10184,#10185),(#10186,
#10187,#10188),(#10189,#10190,#10191)),.UNSPECIFIED.,.F.,.F.,.F.)
B_SPLINE_SURFACE_WITH_KNOTS((4,4),(3,3),(-1.56125112837913E-17,0.00523978801121128),
(0.,1.),.PIECEWISE_BEZIER_KNOTS.)
GEOMETRIC_REPRESENTATION_ITEM()
RATIONAL_B_SPLINE_SURFACE(((1.,0.905587643039091,1.),(1.,0.908126865986784,
1.),(1.,0.908126865986785,1.),(1.,0.905587643039091,1.)))
REPRESENTATION_ITEM('')
SURFACE()
);
#135=(
BOUNDED_SURFACE()
B_SPLINE_SURFACE(3,2,((#10193,#10194,#10195),(#10196,#10197,#10198),(#10199,
#10200,#10201),(#10202,#10203,#10204),(#10205,#10206,#10207)),
 .UNSPECIFIED.,.F.,.F.,.F.)
B_SPLINE_SURFACE_WITH_KNOTS((4,1,4),(3,3),(5.39720391392321,5.78316683155601,
6.16912974918881),(0.,1.),.UNSPECIFIED.)
GEOMETRIC_REPRESENTATION_ITEM()
RATIONAL_B_SPLINE_SURFACE(((1.,0.863161793455329,1.),(1.,0.875575652207289,
1.),(1.,0.895213544699512,1.),(1.,0.903963143851832,1.),(1.,0.905587643039091,
1.)))
REPRESENTATION_ITEM('')
SURFACE()
);
#136=(
BOUNDED_SURFACE()
B_SPLINE_SURFACE(3,2,((#10209,#10210,#10211),(#10212,#10213,#10214),(#10215,
#10216,#10217),(#10218,#10219,#10220)),.UNSPECIFIED.,.F.,.F.,.F.)
B_SPLINE_SURFACE_WITH_KNOTS((4,4),(3,3),(2.10335221462188E-17,0.000428676428901981),
(0.,1.),.PIECEWISE_BEZIER_KNOTS.)
GEOMETRIC_REPRESENTATION_ITEM()
RATIONAL_B_SPLINE_SURFACE(((1.,0.881800319606469,1.),(1.,0.875645323876102,
1.),(1.,0.869433480362006,1.),(1.,0.863161793455328,1.)))
REPRESENTATION_ITEM('')
SURFACE()
);
#137=(
BOUNDED_SURFACE()
B_SPLINE_SURFACE(3,2,((#10222,#10223,#10224),(#10225,#10226,#10227),(#10228,
#10229,#10230),(#10231,#10232,#10233),(#10234,#10235,#10236)),
 .UNSPECIFIED.,.F.,.F.,.F.)
B_SPLINE_SURFACE_WITH_KNOTS((4,1,4),(3,3),(-2.38524477946811E-17,0.00300617606796743,
0.00601235213593489),(0.,1.),.UNSPECIFIED.)
GEOMETRIC_REPRESENTATION_ITEM()
RATIONAL_B_SPLINE_SURFACE(((1.,0.881800319606469,1.),(1.,0.915847108378606,
1.),(1.,0.973503423777265,1.),(1.,1.00000000042375,1.),(1.,1.,1.)))
REPRESENTATION_ITEM('')
SURFACE()
);
#138=(
BOUNDED_SURFACE()
B_SPLINE_SURFACE(3,2,((#10237,#10238,#10239),(#10240,#10241,#10242),(#10243,
#10244,#10245),(#10246,#10247,#10248),(#10249,#10250,#10251)),
 .UNSPECIFIED.,.F.,.F.,.F.)
B_SPLINE_SURFACE_WITH_KNOTS((4,1,4),(3,3),(0.000410777530594754,0.00341669555918174,
0.00642261358776872),(0.,1.),.UNSPECIFIED.)
GEOMETRIC_REPRESENTATION_ITEM()
RATIONAL_B_SPLINE_SURFACE(((1.,0.881800319606471,1.),(1.,0.915584054954448,
1.),(1.,0.973548431427467,1.),(1.,1.00000000042389,1.),(1.,1.,1.)))
REPRESENTATION_ITEM('')
SURFACE()
);
#139=(
BOUNDED_SURFACE()
B_SPLINE_SURFACE(3,2,((#10253,#10254,#10255),(#10256,#10257,#10258),(#10259,
#10260,#10261),(#10262,#10263,#10264)),.UNSPECIFIED.,.F.,.F.,.F.)
B_SPLINE_SURFACE_WITH_KNOTS((4,4),(3,3),(2.03830008427275E-17,0.000428676428901941),
(0.,1.),.PIECEWISE_BEZIER_KNOTS.)
GEOMETRIC_REPRESENTATION_ITEM()
RATIONAL_B_SPLINE_SURFACE(((1.,0.863161793455329,1.),(1.,0.869433480362031,
1.),(1.,0.87564532387611,1.),(1.,0.881800319606469,1.)))
REPRESENTATION_ITEM('')
SURFACE()
);
#140=(
BOUNDED_SURFACE()
B_SPLINE_SURFACE(3,2,((#10266,#10267,#10268),(#10269,#10270,#10271),(#10272,
#10273,#10274),(#10275,#10276,#10277),(#10278,#10279,#10280)),
 .UNSPECIFIED.,.F.,.F.,.F.)
B_SPLINE_SURFACE_WITH_KNOTS((4,1,4),(3,3),(0.114055557990775,0.500018475623578,
0.88598139325638),(0.,1.),.UNSPECIFIED.)
GEOMETRIC_REPRESENTATION_ITEM()
RATIONAL_B_SPLINE_SURFACE(((1.,0.905587643039091,1.),(1.,0.903963143853311,
1.),(1.,0.895213544698824,1.),(1.,0.875575652207184,1.),(1.,0.863161793455329,
1.)))
REPRESENTATION_ITEM('')
SURFACE()
);
#141=(
BOUNDED_SURFACE()
B_SPLINE_SURFACE(3,2,((#10282,#10283,#10284),(#10285,#10286,#10287),(#10288,
#10289,#10290),(#10291,#10292,#10293)),.UNSPECIFIED.,.F.,.F.,.F.)
B_SPLINE_SURFACE_WITH_KNOTS((4,4),(3,3),(-1.56125112837913E-17,0.00523978801121128),
(0.,1.),.PIECEWISE_BEZIER_KNOTS.)
GEOMETRIC_REPRESENTATION_ITEM()
RATIONAL_B_SPLINE_SURFACE(((1.,0.905587643039091,1.),(1.,0.908126865986784,
1.),(1.,0.908126865986785,1.),(1.,0.905587643039091,1.)))
REPRESENTATION_ITEM('')
SURFACE()
);
#142=(
BOUNDED_SURFACE()
B_SPLINE_SURFACE(3,2,((#10295,#10296,#10297),(#10298,#10299,#10300),(#10301,
#10302,#10303),(#10304,#10305,#10306),(#10307,#10308,#10309)),
 .UNSPECIFIED.,.F.,.F.,.F.)
B_SPLINE_SURFACE_WITH_KNOTS((4,1,4),(3,3),(5.39720391392321,5.78316683155601,
6.16912974918881),(0.,1.),.UNSPECIFIED.)
GEOMETRIC_REPRESENTATION_ITEM()
RATIONAL_B_SPLINE_SURFACE(((1.,0.863161793455329,1.),(1.,0.875575652207289,
1.),(1.,0.895213544700089,1.),(1.,0.903963143850678,1.),(1.,0.905587643039091,
1.)))
REPRESENTATION_ITEM('')
SURFACE()
);
#143=(
BOUNDED_SURFACE()
B_SPLINE_SURFACE(3,2,((#10311,#10312,#10313),(#10314,#10315,#10316),(#10317,
#10318,#10319),(#10320,#10321,#10322)),.UNSPECIFIED.,.F.,.F.,.F.)
B_SPLINE_SURFACE_WITH_KNOTS((4,4),(3,3),(3.62123525610158E-17,0.000428676428901958),
(0.,1.),.PIECEWISE_BEZIER_KNOTS.)
GEOMETRIC_REPRESENTATION_ITEM()
RATIONAL_B_SPLINE_SURFACE(((1.,0.881800319606469,1.),(1.,0.87564532387611,
1.),(1.,0.869433480362031,1.),(1.,0.863161793455329,1.)))
REPRESENTATION_ITEM('')
SURFACE()
);
#144=(
BOUNDED_SURFACE()
B_SPLINE_SURFACE(3,2,((#10324,#10325,#10326),(#10327,#10328,#10329),(#10330,
#10331,#10332),(#10333,#10334,#10335),(#10336,#10337,#10338)),
 .UNSPECIFIED.,.F.,.F.,.F.)
B_SPLINE_SURFACE_WITH_KNOTS((4,1,4),(3,3),(-2.38524477946811E-17,0.00300617606796743,
0.00601235213593489),(0.,1.),.UNSPECIFIED.)
GEOMETRIC_REPRESENTATION_ITEM()
RATIONAL_B_SPLINE_SURFACE(((1.,0.881800319606469,1.),(1.,0.915847108378606,
1.),(1.,0.973503423777265,1.),(1.,1.00000000042375,1.),(1.,1.,1.)))
REPRESENTATION_ITEM('')
SURFACE()
);
#145=(
BOUNDED_SURFACE()
B_SPLINE_SURFACE(3,2,((#10343,#10344,#10345),(#10346,#10347,#10348),(#10349,
#10350,#10351),(#10352,#10353,#10354),(#10355,#10356,#10357)),
 .UNSPECIFIED.,.F.,.F.,.F.)
B_SPLINE_SURFACE_WITH_KNOTS((4,1,4),(3,3),(1.0842021724855E-17,0.00166567686553525,
0.0033313537310705),(0.,1.),.UNSPECIFIED.)
GEOMETRIC_REPRESENTATION_ITEM()
RATIONAL_B_SPLINE_SURFACE(((1.,0.923879532511289,1.),(1.,0.935606308512913,
1.),(1.,0.947296177320133,1.),(1.,0.935624393285649,1.),(1.,0.923879532511263,
1.)))
REPRESENTATION_ITEM('')
SURFACE()
);
#146=(
BOUNDED_SURFACE()
B_SPLINE_SURFACE(3,2,((#10401,#10402,#10403),(#10404,#10405,#10406),(#10407,
#10408,#10409),(#10410,#10411,#10412),(#10413,#10414,#10415)),
 .UNSPECIFIED.,.F.,.F.,.F.)
B_SPLINE_SURFACE_WITH_KNOTS((4,1,4),(3,3),(-1.85398571495021E-17,0.00274994316853111,
0.00549988633706225),(0.,1.),.UNSPECIFIED.)
GEOMETRIC_REPRESENTATION_ITEM()
RATIONAL_B_SPLINE_SURFACE(((1.,0.857685712610575,1.),(1.,0.902844883239826,
1.),(1.,0.972378678238423,1.),(1.,1.00000000024368,1.),(1.,1.,1.)))
REPRESENTATION_ITEM('')
SURFACE()
);
#147=(
BOUNDED_SURFACE()
B_SPLINE_SURFACE(3,2,((#10417,#10418,#10419),(#10420,#10421,#10422),(#10423,
#10424,#10425),(#10426,#10427,#10428),(#10429,#10430,#10431),(#10432,#10433,
#10434),(#10435,#10436,#10437)),.UNSPECIFIED.,.F.,.F.,.F.)
B_SPLINE_SURFACE_WITH_KNOTS((4,1,1,1,4),(3,3),(5.59936346485299,5.94127438601615,
6.2831853071793,6.62509622834246,6.96700714950561),(0.,1.),
 .UNSPECIFIED.)
GEOMETRIC_REPRESENTATION_ITEM()
RATIONAL_B_SPLINE_SURFACE(((1.,0.857685712610575,1.),(1.,0.867341775309293,
1.),(1.,0.882053259684733,1.),(1.,0.88948961992536,1.),(1.,0.882053259683158,
1.),(1.,0.867341775313066,1.),(1.,0.857685712610624,1.)))
REPRESENTATION_ITEM('')
SURFACE()
);
#148=(
BOUNDED_SURFACE()
B_SPLINE_SURFACE(3,2,((#10439,#10440,#10441),(#10442,#10443,#10444),(#10445,
#10446,#10447),(#10448,#10449,#10450),(#10451,#10452,#10453)),
 .UNSPECIFIED.,.F.,.F.,.F.)
B_SPLINE_SURFACE_WITH_KNOTS((4,1,4),(3,3),(-8.98803600990483E-17,0.002749943168542,
0.0054998863370841),(0.,1.),.UNSPECIFIED.)
GEOMETRIC_REPRESENTATION_ITEM()
RATIONAL_B_SPLINE_SURFACE(((1.,0.857685712609693,1.),(1.,0.902844883245312,
1.),(1.,0.972378678235302,1.),(1.,1.00000000024368,1.),(1.,1.,1.)))
REPRESENTATION_ITEM('')
SURFACE()
);
#149=(
BOUNDED_SURFACE()
B_SPLINE_SURFACE(3,2,((#10454,#10455,#10456),(#10457,#10458,#10459),(#10460,
#10461,#10462),(#10463,#10464,#10465),(#10466,#10467,#10468)),
 .UNSPECIFIED.,.F.,.F.,.F.)
B_SPLINE_SURFACE_WITH_KNOTS((4,1,4),(3,3),(-2.11549527895372E-15,0.00274994316858885,
0.00549988633717981),(0.,1.),.UNSPECIFIED.)
GEOMETRIC_REPRESENTATION_ITEM()
RATIONAL_B_SPLINE_SURFACE(((1.,0.857685712609732,1.),(1.,0.902844883053258,
1.),(1.,0.972378678333743,1.),(1.,1.00000000024384,1.),(1.,1.,1.)))
REPRESENTATION_ITEM('')
SURFACE()
);
#150=(
BOUNDED_SURFACE()
B_SPLINE_SURFACE(3,2,((#10470,#10471,#10472),(#10473,#10474,#10475),(#10476,
#10477,#10478),(#10479,#10480,#10481),(#10482,#10483,#10484),(#10485,#10486,
#10487),(#10488,#10489,#10490)),.UNSPECIFIED.,.F.,.F.,.F.)
B_SPLINE_SURFACE_WITH_KNOTS((4,1,1,1,4),(3,3),(5.59936346485299,5.94127438601615,
6.2831853071793,6.62509622834246,6.96700714950561),(0.,1.),
 .UNSPECIFIED.)
GEOMETRIC_REPRESENTATION_ITEM()
RATIONAL_B_SPLINE_SURFACE(((1.,0.857685712610575,1.),(1.,0.867341775309293,
1.),(1.,0.882053259684733,1.),(1.,0.88948961992536,1.),(1.,0.882053259683158,
1.),(1.,0.867341775313066,1.),(1.,0.857685712610624,1.)))
REPRESENTATION_ITEM('')
SURFACE()
);
#151=(
BOUNDED_SURFACE()
B_SPLINE_SURFACE(3,2,((#10492,#10493,#10494),(#10495,#10496,#10497),(#10498,
#10499,#10500),(#10501,#10502,#10503),(#10504,#10505,#10506)),
 .UNSPECIFIED.,.F.,.F.,.F.)
B_SPLINE_SURFACE_WITH_KNOTS((4,1,4),(3,3),(9.64939933512099E-18,0.00274994316853111,
0.00549988633706222),(0.,1.),.UNSPECIFIED.)
GEOMETRIC_REPRESENTATION_ITEM()
RATIONAL_B_SPLINE_SURFACE(((1.,0.857685712610572,1.),(1.,0.902844883247556,
1.),(1.,0.972378678234558,1.),(1.,1.00000000024368,1.),(1.,1.,1.)))
REPRESENTATION_ITEM('')
SURFACE()
);
#152=(
BOUNDED_SURFACE()
B_SPLINE_SURFACE(3,2,((#10743,#10744,#10745),(#10746,#10747,#10748),(#10749,
#10750,#10751),(#10752,#10753,#10754)),.UNSPECIFIED.,.F.,.F.,.F.)
B_SPLINE_SURFACE_WITH_KNOTS((4,4),(3,3),(3.01156926886203,3.27161603831756),
(0.,1.),.PIECEWISE_BEZIER_KNOTS.)
GEOMETRIC_REPRESENTATION_ITEM()
RATIONAL_B_SPLINE_SURFACE(((1.,0.922262976394175,1.),(1.,0.924417233422402,
1.),(1.,0.924417233411243,1.),(1.,0.922262976394175,1.)))
REPRESENTATION_ITEM('')
SURFACE()
);
#153=(
BOUNDED_SURFACE()
B_SPLINE_SURFACE(3,2,((#10775,#10776,#10777),(#10778,#10779,#10780),(#10781,
#10782,#10783),(#10784,#10785,#10786)),.UNSPECIFIED.,.F.,.F.,.F.)
B_SPLINE_SURFACE_WITH_KNOTS((4,4),(3,3),(0.000404456656040618,0.00103312568746919),
(0.,1.),.PIECEWISE_BEZIER_KNOTS.)
GEOMETRIC_REPRESENTATION_ITEM()
RATIONAL_B_SPLINE_SURFACE(((1.,0.765921848389163,1.),(1.,0.777333523503878,
1.),(1.,0.755633830387452,1.),(1.,0.724662227635257,1.)))
REPRESENTATION_ITEM('')
SURFACE()
);
#154=(
BOUNDED_SURFACE()
B_SPLINE_SURFACE(3,2,((#10788,#10789,#10790),(#10791,#10792,#10793),(#10794,
#10795,#10796),(#10797,#10798,#10799)),.UNSPECIFIED.,.F.,.F.,.F.)
B_SPLINE_SURFACE_WITH_KNOTS((4,4),(3,3),(3.20737868723401,3.27930517018765),
(0.,1.),.PIECEWISE_BEZIER_KNOTS.)
GEOMETRIC_REPRESENTATION_ITEM()
RATIONAL_B_SPLINE_SURFACE(((1.,0.765921848389174,1.),(1.,0.765832515007115,
1.),(1.,0.765694384235219,1.),(1.,0.765507734207968,1.)))
REPRESENTATION_ITEM('')
SURFACE()
);
#155=(
BOUNDED_SURFACE()
B_SPLINE_SURFACE(3,2,((#10801,#10802,#10803),(#10804,#10805,#10806),(#10807,
#10808,#10809),(#10810,#10811,#10812)),.UNSPECIFIED.,.F.,.F.,.F.)
B_SPLINE_SURFACE_WITH_KNOTS((4,4),(3,3),(-2.3039296165317E-18,0.000638235180147914),
(0.,1.),.PIECEWISE_BEZIER_KNOTS.)
GEOMETRIC_REPRESENTATION_ITEM()
RATIONAL_B_SPLINE_SURFACE(((1.,0.765507734207968,1.),(1.,0.741482912480747,
1.),(1.,0.685892054151018,1.),(1.,0.650866517429785,1.)))
REPRESENTATION_ITEM('')
SURFACE()
);
#156=(
BOUNDED_SURFACE()
B_SPLINE_SURFACE(3,2,((#10816,#10817,#10818),(#10819,#10820,#10821),(#10822,
#10823,#10824),(#10825,#10826,#10827)),.UNSPECIFIED.,.F.,.F.,.F.)
B_SPLINE_SURFACE_WITH_KNOTS((4,4),(3,3),(3.36102673470506E-18,0.000628516150063349),
(0.,1.),.PIECEWISE_BEZIER_KNOTS.)
GEOMETRIC_REPRESENTATION_ITEM()
RATIONAL_B_SPLINE_SURFACE(((1.,0.707106781186546,1.),(1.,0.679174577090494,
1.),(1.,0.650866538432416,1.),(1.,0.650866517429778,1.)))
REPRESENTATION_ITEM('')
SURFACE()
);
#157=(
BOUNDED_SURFACE()
B_SPLINE_SURFACE(3,2,((#10831,#10832,#10833),(#10834,#10835,#10836),(#10837,
#10838,#10839),(#10840,#10841,#10842)),.UNSPECIFIED.,.F.,.F.,.F.)
B_SPLINE_SURFACE_WITH_KNOTS((4,4),(3,3),(5.09575021068187E-18,0.000587003472395826),
(0.,1.),.PIECEWISE_BEZIER_KNOTS.)
GEOMETRIC_REPRESENTATION_ITEM()
RATIONAL_B_SPLINE_SURFACE(((1.,0.730816140168205,1.),(1.,0.723752338421181,
1.),(1.,0.715699570510049,1.),(1.,0.707106781186543,1.)))
REPRESENTATION_ITEM('')
SURFACE()
);
#158=(
BOUNDED_SURFACE()
B_SPLINE_SURFACE(3,2,((#10844,#10845,#10846),(#10847,#10848,#10849),(#10850,
#10851,#10852),(#10853,#10854,#10855)),.UNSPECIFIED.,.F.,.F.,.F.)
B_SPLINE_SURFACE_WITH_KNOTS((4,4),(3,3),(0.002914070628649,0.00333081248371881),
(0.,1.),.PIECEWISE_BEZIER_KNOTS.)
GEOMETRIC_REPRESENTATION_ITEM()
RATIONAL_B_SPLINE_SURFACE(((1.,0.730816140168214,1.),(1.,0.769913207258322,
1.),(1.,0.788992438589435,1.),(1.,0.787411083554687,1.)))
REPRESENTATION_ITEM('')
SURFACE()
);
#159=(
BOUNDED_SURFACE()
B_SPLINE_SURFACE(3,2,((#10857,#10858,#10859),(#10860,#10861,#10862),(#10863,
#10864,#10865),(#10866,#10867,#10868)),.UNSPECIFIED.,.F.,.F.,.F.)
B_SPLINE_SURFACE_WITH_KNOTS((4,4),(3,3),(9.86623976961809E-18,5.14250336728158E-5),
(0.,1.),.PIECEWISE_BEZIER_KNOTS.)
GEOMETRIC_REPRESENTATION_ITEM()
RATIONAL_B_SPLINE_SURFACE(((1.,0.787411083554684,1.),(1.,0.787798664605793,
1.),(1.,0.788440097947225,1.),(1.,0.789318582202595,1.)))
REPRESENTATION_ITEM('')
SURFACE()
);
#160=(
BOUNDED_SURFACE()
B_SPLINE_SURFACE(3,2,((#10870,#10871,#10872),(#10873,#10874,#10875),(#10876,
#10877,#10878),(#10879,#10880,#10881),(#10882,#10883,#10884),(#10885,#10886,
#10887)),.UNSPECIFIED.,.F.,.F.,.F.)
B_SPLINE_SURFACE_WITH_KNOTS((4,1,1,4),(3,3),(0.00128358012911164,0.0016908259063495,
0.00189444879496843,0.00209807168358736),(0.,1.),.UNSPECIFIED.)
GEOMETRIC_REPRESENTATION_ITEM()
RATIONAL_B_SPLINE_SURFACE(((1.,0.789318582202226,1.),(1.,0.848605753282866,
1.),(1.,0.923740834874816,1.),(1.,0.980867527229406,1.),(1.,0.995738475894548,
1.),(1.,0.998580631183272,1.)))
REPRESENTATION_ITEM('')
SURFACE()
);
#161=(
BOUNDED_SURFACE()
B_SPLINE_SURFACE(3,2,((#10889,#10890,#10891),(#10892,#10893,#10894),(#10895,
#10896,#10897),(#10898,#10899,#10900)),.UNSPECIFIED.,.F.,.F.,.F.)
B_SPLINE_SURFACE_WITH_KNOTS((4,4),(3,3),(-3.0916702574782E-18,2.66016044167664E-5),
(0.,1.),.PIECEWISE_BEZIER_KNOTS.)
GEOMETRIC_REPRESENTATION_ITEM()
RATIONAL_B_SPLINE_SURFACE(((1.,0.999048221581858,1.),(1.,0.999048144933183,
1.),(1.,0.998854932929181,1.),(1.,0.99858063118315,1.)))
REPRESENTATION_ITEM('')
SURFACE()
);
#162=(
BOUNDED_SURFACE()
B_SPLINE_SURFACE(3,2,((#10904,#10905,#10906),(#10907,#10908,#10909),(#10910,
#10911,#10912),(#10913,#10914,#10915)),.UNSPECIFIED.,.F.,.F.,.F.)
B_SPLINE_SURFACE_WITH_KNOTS((4,4),(3,3),(-4.36391374425416E-18,2.66659225837912E-5),
(0.,1.),.PIECEWISE_BEZIER_KNOTS.)
GEOMETRIC_REPRESENTATION_ITEM()
RATIONAL_B_SPLINE_SURFACE(((1.,0.998580631183239,1.),(1.,0.998857199914744,
1.),(1.,0.999048161539702,1.),(1.,0.999048221581858,1.)))
REPRESENTATION_ITEM('')
SURFACE()
);
#163=(
BOUNDED_SURFACE()
B_SPLINE_SURFACE(3,2,((#10917,#10918,#10919),(#10920,#10921,#10922),(#10923,
#10924,#10925),(#10926,#10927,#10928),(#10929,#10930,#10931),(#10932,#10933,
#10934)),.UNSPECIFIED.,.F.,.F.,.F.)
B_SPLINE_SURFACE_WITH_KNOTS((4,1,1,4),(3,3),(0.00130931569792679,0.00151579831211004,
0.0017222809262933,0.00213524615465981),(0.,1.),.UNSPECIFIED.)
GEOMETRIC_REPRESENTATION_ITEM()
RATIONAL_B_SPLINE_SURFACE(((1.,0.998580631189285,1.),(1.,0.995729002414736,
1.),(1.,0.980868245260049,1.),(1.,0.923441239636545,1.),(1.,0.848912607041869,
1.),(1.,0.78931858220262,1.)))
REPRESENTATION_ITEM('')
SURFACE()
);
#164=(
BOUNDED_SURFACE()
B_SPLINE_SURFACE(3,2,((#10936,#10937,#10938),(#10939,#10940,#10941),(#10942,
#10943,#10944),(#10945,#10946,#10947)),.UNSPECIFIED.,.F.,.F.,.F.)
B_SPLINE_SURFACE_WITH_KNOTS((4,4),(3,3),(0.00131089165329746,0.00136203077993772),
(0.,1.),.PIECEWISE_BEZIER_KNOTS.)
GEOMETRIC_REPRESENTATION_ITEM()
RATIONAL_B_SPLINE_SURFACE(((1.,0.7893185822026,1.),(1.,0.788434123935083,
1.),(1.,0.787796059144129,1.),(1.,0.787411083554696,1.)))
REPRESENTATION_ITEM('')
SURFACE()
);
#165=(
BOUNDED_SURFACE()
B_SPLINE_SURFACE(3,2,((#10949,#10950,#10951),(#10952,#10953,#10954),(#10955,
#10956,#10957),(#10958,#10959,#10960)),.UNSPECIFIED.,.F.,.F.,.F.)
B_SPLINE_SURFACE_WITH_KNOTS((4,4),(3,3),(-3.93023287525995E-19,0.000416073601005106),
(0.,1.),.PIECEWISE_BEZIER_KNOTS.)
GEOMETRIC_REPRESENTATION_ITEM()
RATIONAL_B_SPLINE_SURFACE(((1.,0.730816140168214,1.),(1.,0.769941370036977,
1.),(1.,0.78899598528749,1.),(1.,0.787411083554675,1.)))
REPRESENTATION_ITEM('')
SURFACE()
);
#166=(
BOUNDED_SURFACE()
B_SPLINE_SURFACE(3,2,((#10962,#10963,#10964),(#10965,#10966,#10967),(#10968,
#10969,#10970),(#10971,#10972,#10973)),.UNSPECIFIED.,.F.,.F.,.F.)
B_SPLINE_SURFACE_WITH_KNOTS((4,4),(3,3),(-2.54245409447851E-17,0.000587019218885612),
(0.,1.),.PIECEWISE_BEZIER_KNOTS.)
GEOMETRIC_REPRESENTATION_ITEM()
RATIONAL_B_SPLINE_SURFACE(((1.,0.707106781186548,1.),(1.,0.715699302439038,
1.),(1.,0.723752704212606,1.),(1.,0.730816140168205,1.)))
REPRESENTATION_ITEM('')
SURFACE()
);
#167=(
BOUNDED_SURFACE()
B_SPLINE_SURFACE(3,2,((#10977,#10978,#10979),(#10980,#10981,#10982),(#10983,
#10984,#10985),(#10986,#10987,#10988)),.UNSPECIFIED.,.F.,.F.,.F.)
B_SPLINE_SURFACE_WITH_KNOTS((4,4),(3,3),(-1.27393755267047E-18,0.000628511816350625),
(0.,1.),.PIECEWISE_BEZIER_KNOTS.)
GEOMETRIC_REPRESENTATION_ITEM()
RATIONAL_B_SPLINE_SURFACE(((1.,0.650866517429787,1.),(1.,0.650866551231456,
1.),(1.,0.679180126006181,1.),(1.,0.707106781186546,1.)))
REPRESENTATION_ITEM('')
SURFACE()
);
#168=(
BOUNDED_SURFACE()
B_SPLINE_SURFACE(3,2,((#10992,#10993,#10994),(#10995,#10996,#10997),(#10998,
#10999,#11000),(#11001,#11002,#11003)),.UNSPECIFIED.,.F.,.F.,.F.)
B_SPLINE_SURFACE_WITH_KNOTS((4,4),(3,3),(-2.3039296165317E-18,0.00063825222339753),
(0.,1.),.PIECEWISE_BEZIER_KNOTS.)
GEOMETRIC_REPRESENTATION_ITEM()
RATIONAL_B_SPLINE_SURFACE(((1.,0.650866517429787,1.),(1.,0.685899585044614,
1.),(1.,0.741482206761968,1.),(1.,0.765507734207952,1.)))
REPRESENTATION_ITEM('')
SURFACE()
);
#169=(
BOUNDED_SURFACE()
B_SPLINE_SURFACE(3,2,((#11005,#11006,#11007),(#11008,#11009,#11010),(#11011,
#11012,#11013),(#11014,#11015,#11016)),.UNSPECIFIED.,.F.,.F.,.F.)
B_SPLINE_SURFACE_WITH_KNOTS((4,4),(3,3),(3.00388013699193,3.07580661994557),
(0.,1.),.PIECEWISE_BEZIER_KNOTS.)
GEOMETRIC_REPRESENTATION_ITEM()
RATIONAL_B_SPLINE_SURFACE(((1.,0.765507734207963,1.),(1.,0.765694384238794,
1.),(1.,0.76583251501217,1.),(1.,0.765921848389169,1.)))
REPRESENTATION_ITEM('')
SURFACE()
);
#170=(
BOUNDED_SURFACE()
B_SPLINE_SURFACE(3,2,((#11018,#11019,#11020),(#11021,#11022,#11023),(#11024,
#11025,#11026),(#11027,#11028,#11029)),.UNSPECIFIED.,.F.,.F.,.F.)
B_SPLINE_SURFACE_WITH_KNOTS((4,4),(3,3),(0.000277404385625893,0.000906149811683195),
(0.,1.),.PIECEWISE_BEZIER_KNOTS.)
GEOMETRIC_REPRESENTATION_ITEM()
RATIONAL_B_SPLINE_SURFACE(((1.,0.724662227635275,1.),(1.,0.755979978547605,
1.),(1.,0.777191567240267,1.),(1.,0.765921848389163,1.)))
REPRESENTATION_ITEM('')
SURFACE()
);
#171=CONICAL_SURFACE('',#5476,0.00714644660940673,0.78539816339745);
#172=CONICAL_SURFACE('',#5499,0.0275,0.0872664625997167);
#173=CONICAL_SURFACE('',#5517,0.02506,0.78539816339745);
#174=CONICAL_SURFACE('',#5583,0.00610857864376269,0.785398163397448);
#175=CONICAL_SURFACE('',#5853,0.0235,0.174532925199433);
#176=CONICAL_SURFACE('',#5855,0.0235,0.174532925199433);
#177=B_SPLINE_CURVE_WITH_KNOTS('',3,(#7641,#7642,#7643,#7644),
 .UNSPECIFIED.,.F.,.F.,(4,4),(0.,0.000634145681649838),.UNSPECIFIED.);
#178=B_SPLINE_CURVE_WITH_KNOTS('',3,(#7648,#7649,#7650,#7651),
 .UNSPECIFIED.,.F.,.F.,(4,4),(0.,0.000593877978569384),.UNSPECIFIED.);
#179=B_SPLINE_CURVE_WITH_KNOTS('',3,(#7662,#7663,#7664,#7665),
 .UNSPECIFIED.,.F.,.F.,(4,4),(0.,0.000428676428901922),.UNSPECIFIED.);
#180=B_SPLINE_CURVE_WITH_KNOTS('',3,(#7671,#7672,#7673,#7674,#7675),
 .UNSPECIFIED.,.F.,.F.,(4,1,4),(0.,0.00392251167243705,0.0078450233448741),
 .UNSPECIFIED.);
#181=B_SPLINE_CURVE_WITH_KNOTS('',3,(#7682,#7683,#7684,#7685),
 .UNSPECIFIED.,.F.,.F.,(4,4),(0.,0.000428676428901963),.UNSPECIFIED.);
#182=B_SPLINE_CURVE_WITH_KNOTS('',3,(#7691,#7692,#7693,#7694,#7695),
 .UNSPECIFIED.,.F.,.F.,(4,1,4),(4.89733053190177E-17,0.00392251167243704,
0.00784502334487403),.UNSPECIFIED.);
#183=B_SPLINE_CURVE_WITH_KNOTS('',3,(#7701,#7702,#7703,#7704,#7705),
 .UNSPECIFIED.,.F.,.F.,(4,1,4),(0.,0.00159845811022884,0.00319691622045769),
 .UNSPECIFIED.);
#184=B_SPLINE_CURVE_WITH_KNOTS('',3,(#7734,#7735,#7736,#7737,#7738),
 .UNSPECIFIED.,.F.,.F.,(4,1,4),(0.,0.00275754073237476,0.00551508146474952),
 .UNSPECIFIED.);
#185=B_SPLINE_CURVE_WITH_KNOTS('',3,(#7739,#7740,#7741,#7742,#7743),
 .UNSPECIFIED.,.F.,.F.,(4,1,4),(1.71345110540504E-17,0.00307809219503813,
0.00615618439007624),.UNSPECIFIED.);
#186=B_SPLINE_CURVE_WITH_KNOTS('',3,(#7745,#7746,#7747,#7748,#7749),
 .UNSPECIFIED.,.F.,.F.,(4,1,4),(0.,0.0027651254620153,0.00553025092403059),
 .UNSPECIFIED.);
#187=B_SPLINE_CURVE_WITH_KNOTS('',3,(#7750,#7751,#7752,#7753),
 .UNSPECIFIED.,.F.,.F.,(4,4),(0.,0.00615288714965424),.UNSPECIFIED.);
#188=B_SPLINE_CURVE_WITH_KNOTS('',3,(#7755,#7756,#7757,#7758,#7759),
 .UNSPECIFIED.,.F.,.F.,(4,1,4),(0.,0.00276512546201529,0.00553025092403059),
 .UNSPECIFIED.);
#189=B_SPLINE_CURVE_WITH_KNOTS('',3,(#7760,#7761,#7762,#7763),
 .UNSPECIFIED.,.F.,.F.,(4,4),(0.,0.00615288714965424),.UNSPECIFIED.);
#190=B_SPLINE_CURVE_WITH_KNOTS('',3,(#7768,#7769,#7770,#7771,#7772),
 .UNSPECIFIED.,.F.,.F.,(4,1,4),(0.,0.00275754073237476,0.00551508146474952),
 .UNSPECIFIED.);
#191=B_SPLINE_CURVE_WITH_KNOTS('',3,(#7773,#7774,#7775,#7776,#7777),
 .UNSPECIFIED.,.F.,.F.,(4,1,4),(0.,0.00307809219503806,0.00615618439007613),
 .UNSPECIFIED.);
#192=B_SPLINE_CURVE_WITH_KNOTS('',3,(#7782,#7783,#7784,#7785),
 .UNSPECIFIED.,.F.,.F.,(4,4),(0.,0.000636110968567053),.UNSPECIFIED.);
#193=B_SPLINE_CURVE_WITH_KNOTS('',3,(#7789,#7790,#7791,#7792),
 .UNSPECIFIED.,.F.,.F.,(4,4),(0.,0.000647036454967926),.UNSPECIFIED.);
#194=B_SPLINE_CURVE_WITH_KNOTS('',3,(#7800,#7801,#7802,#7803),
 .UNSPECIFIED.,.F.,.F.,(4,4),(0.,0.000646593107516549),.UNSPECIFIED.);
#195=B_SPLINE_CURVE_WITH_KNOTS('',3,(#7807,#7808,#7809,#7810),
 .UNSPECIFIED.,.F.,.F.,(4,4),(4.33680868994202E-19,0.000634841696530956),
 .UNSPECIFIED.);
#196=B_SPLINE_CURVE_WITH_KNOTS('',3,(#7820,#7821,#7822,#7823),
 .UNSPECIFIED.,.F.,.F.,(4,4),(0.,0.00119743967258535),.UNSPECIFIED.);
#197=B_SPLINE_CURVE_WITH_KNOTS('',3,(#7827,#7828,#7829,#7830),
 .UNSPECIFIED.,.F.,.F.,(4,4),(0.,0.00121115034200834),.UNSPECIFIED.);
#198=B_SPLINE_CURVE_WITH_KNOTS('',3,(#7834,#7835,#7836,#7837,#7838,#7839,
#7840,#7841,#7842,#7843,#7844,#7845),.UNSPECIFIED.,.F.,.F.,(4,1,1,1,1,1,
1,1,1,4),(0.,0.00941380248323444,0.011767253104043,0.0141207037248517,0.0164741543456603,
0.0188276049664689,0.0235345062080861,0.0282414074497033,0.0329483086913205,
0.0376552099329377),.UNSPECIFIED.);
#199=B_SPLINE_CURVE_WITH_KNOTS('',3,(#7848,#7849,#7850,#7851,#7852),
 .UNSPECIFIED.,.F.,.F.,(4,1,4),(0.,0.00265671915783172,0.00531343831566345),
 .UNSPECIFIED.);
#200=B_SPLINE_CURVE_WITH_KNOTS('',3,(#7854,#7855,#7856,#7857),
 .UNSPECIFIED.,.F.,.F.,(4,4),(0.000805740344371395,0.00818907855430843),
 .UNSPECIFIED.);
#201=B_SPLINE_CURVE_WITH_KNOTS('',3,(#7859,#7860,#7861,#7862),
 .UNSPECIFIED.,.F.,.F.,(4,4),(6.2184937097144E-15,0.00374075556964219),
 .UNSPECIFIED.);
#202=B_SPLINE_CURVE_WITH_KNOTS('',3,(#7864,#7865,#7866,#7867,#7868),
 .UNSPECIFIED.,.F.,.F.,(4,1,4),(0.,0.00338064501059542,0.00676129002119085),
 .UNSPECIFIED.);
#203=B_SPLINE_CURVE_WITH_KNOTS('',3,(#7872,#7873,#7874,#7875,#7876),
 .UNSPECIFIED.,.F.,.F.,(4,1,4),(0.,0.00337976843959474,0.00675953687918948),
 .UNSPECIFIED.);
#204=B_SPLINE_CURVE_WITH_KNOTS('',3,(#7878,#7879,#7880,#7881),
 .UNSPECIFIED.,.F.,.F.,(4,4),(0.,0.00374081024998698),.UNSPECIFIED.);
#205=B_SPLINE_CURVE_WITH_KNOTS('',3,(#7883,#7884,#7885,#7886),
 .UNSPECIFIED.,.F.,.F.,(4,4),(0.00190494842956875,0.00928850967813221),
 .UNSPECIFIED.);
#206=B_SPLINE_CURVE_WITH_KNOTS('',3,(#7888,#7889,#7890,#7891,#7892),
 .UNSPECIFIED.,.F.,.F.,(4,1,4),(0.,0.00265671915782005,0.00531343831564009),
 .UNSPECIFIED.);
#207=B_SPLINE_CURVE_WITH_KNOTS('',3,(#7894,#7895,#7896,#7897,#7898,#7899,
#7900,#7901,#7902,#7903,#7904,#7905),.UNSPECIFIED.,.F.,.F.,(4,1,1,1,1,1,
1,1,1,4),(0.,0.00941380248323444,0.011767253104043,0.0141207037248517,0.0164741543456603,
0.0188276049664689,0.0235345062080861,0.0282414074497033,0.0329483086913205,
0.0376552099329377),.UNSPECIFIED.);
#208=B_SPLINE_CURVE_WITH_KNOTS('',3,(#7907,#7908,#7909,#7910,#7911),
 .UNSPECIFIED.,.F.,.F.,(4,1,4),(0.,0.00265671915787832,0.00531343831575663),
 .UNSPECIFIED.);
#209=B_SPLINE_CURVE_WITH_KNOTS('',3,(#7913,#7914,#7915,#7916),
 .UNSPECIFIED.,.F.,.F.,(4,4),(0.000805740337957322,0.0081890785458456),
 .UNSPECIFIED.);
#210=B_SPLINE_CURVE_WITH_KNOTS('',3,(#7918,#7919,#7920,#7921),
 .UNSPECIFIED.,.F.,.F.,(4,4),(6.37041101708975E-15,0.00374075556964326),
 .UNSPECIFIED.);
#211=B_SPLINE_CURVE_WITH_KNOTS('',3,(#7923,#7924,#7925,#7926,#7927),
 .UNSPECIFIED.,.F.,.F.,(4,1,4),(0.,0.00338064501059529,0.00676129002119058),
 .UNSPECIFIED.);
#212=B_SPLINE_CURVE_WITH_KNOTS('',3,(#7931,#7932,#7933,#7934,#7935),
 .UNSPECIFIED.,.F.,.F.,(4,1,4),(0.,0.00337976843959474,0.00675953687918948),
 .UNSPECIFIED.);
#213=B_SPLINE_CURVE_WITH_KNOTS('',3,(#7937,#7938,#7939,#7940),
 .UNSPECIFIED.,.F.,.F.,(4,4),(0.,0.00374081024998698),.UNSPECIFIED.);
#214=B_SPLINE_CURVE_WITH_KNOTS('',3,(#7942,#7943,#7944,#7945),
 .UNSPECIFIED.,.F.,.F.,(4,4),(0.00190494842956875,0.00928850967813221),
 .UNSPECIFIED.);
#215=B_SPLINE_CURVE_WITH_KNOTS('',3,(#7947,#7948,#7949,#7950,#7951),
 .UNSPECIFIED.,.F.,.F.,(4,1,4),(0.,0.00265671915782004,0.00531343831564008),
 .UNSPECIFIED.);
#216=B_SPLINE_CURVE_WITH_KNOTS('',3,(#7955,#7956,#7957,#7958),
 .UNSPECIFIED.,.F.,.F.,(4,4),(3.06658683336675E-18,2.63561084910604E-5),
 .UNSPECIFIED.);
#217=B_SPLINE_CURVE_WITH_KNOTS('',3,(#7962,#7963,#7964,#7965),
 .UNSPECIFIED.,.F.,.F.,(4,4),(6.78817932528551E-18,2.64869704127113E-5),
 .UNSPECIFIED.);
#218=B_SPLINE_CURVE_WITH_KNOTS('',3,(#8010,#8011,#8012,#8013),
 .UNSPECIFIED.,.F.,.F.,(4,4),(0.,0.000963331652353584),.UNSPECIFIED.);
#219=B_SPLINE_CURVE_WITH_KNOTS('',3,(#8019,#8020,#8021,#8022),
 .UNSPECIFIED.,.F.,.F.,(4,4),(4.33680868994202E-19,0.00103591790888419),
 .UNSPECIFIED.);
#220=B_SPLINE_CURVE_WITH_KNOTS('',3,(#8026,#8027,#8028,#8029),
 .UNSPECIFIED.,.F.,.F.,(4,4),(2.71050543121376E-19,0.000521545555440543),
 .UNSPECIFIED.);
#221=B_SPLINE_CURVE_WITH_KNOTS('',3,(#8031,#8032,#8033,#8034),
 .UNSPECIFIED.,.F.,.F.,(4,4),(0.,0.000851931269686136),.UNSPECIFIED.);
#222=B_SPLINE_CURVE_WITH_KNOTS('',3,(#8038,#8039,#8040,#8041),
 .UNSPECIFIED.,.F.,.F.,(4,4),(0.,0.000848036290204231),.UNSPECIFIED.);
#223=B_SPLINE_CURVE_WITH_KNOTS('',3,(#8043,#8044,#8045,#8046),
 .UNSPECIFIED.,.F.,.F.,(4,4),(0.,0.000521545555440542),.UNSPECIFIED.);
#224=B_SPLINE_CURVE_WITH_KNOTS('',3,(#8050,#8051,#8052,#8053),
 .UNSPECIFIED.,.F.,.F.,(4,4),(1.0842021724855E-19,0.00103591790888418),
 .UNSPECIFIED.);
#225=B_SPLINE_CURVE_WITH_KNOTS('',3,(#8068,#8069,#8070,#8071),
 .UNSPECIFIED.,.F.,.F.,(4,4),(0.,0.000966377093689136),.UNSPECIFIED.);
#226=B_SPLINE_CURVE_WITH_KNOTS('',3,(#8093,#8094,#8095,#8096),
 .UNSPECIFIED.,.F.,.F.,(4,4),(5.42101086242752E-19,0.00103494759423175),
 .UNSPECIFIED.);
#227=B_SPLINE_CURVE_WITH_KNOTS('',3,(#8100,#8101,#8102,#8103),
 .UNSPECIFIED.,.F.,.F.,(4,4),(0.,0.00103494759423175),.UNSPECIFIED.);
#228=B_SPLINE_CURVE_WITH_KNOTS('',3,(#8166,#8167,#8168,#8169),
 .UNSPECIFIED.,.F.,.F.,(4,4),(0.,0.000475724055233416),.UNSPECIFIED.);
#229=B_SPLINE_CURVE_WITH_KNOTS('',3,(#8179,#8180,#8181,#8182),
 .UNSPECIFIED.,.F.,.F.,(4,4),(0.,0.000478771402695678),.UNSPECIFIED.);
#230=B_SPLINE_CURVE_WITH_KNOTS('',3,(#8242,#8243,#8244,#8245),
 .UNSPECIFIED.,.F.,.F.,(4,4),(0.,0.000519327455570923),.UNSPECIFIED.);
#231=B_SPLINE_CURVE_WITH_KNOTS('',3,(#8270,#8271,#8272,#8273),
 .UNSPECIFIED.,.F.,.F.,(4,4),(0.,0.000519327455573331),.UNSPECIFIED.);
#232=B_SPLINE_CURVE_WITH_KNOTS('',3,(#8559,#8560,#8561,#8562),
 .UNSPECIFIED.,.F.,.F.,(4,4),(0.,0.00381797114523213),.UNSPECIFIED.);
#233=B_SPLINE_CURVE_WITH_KNOTS('',3,(#8567,#8568,#8569,#8570),
 .UNSPECIFIED.,.F.,.F.,(4,4),(0.00155410035333104,0.00537207149859583),
 .UNSPECIFIED.);
#234=B_SPLINE_CURVE_WITH_KNOTS('',3,(#8581,#8582,#8583,#8584,#8585),
 .UNSPECIFIED.,.F.,.F.,(4,1,4),(0.,0.000921848989267643,0.00184369797853529),
 .UNSPECIFIED.);
#235=B_SPLINE_CURVE_WITH_KNOTS('',3,(#8610,#8611,#8612,#8613,#8614),
 .UNSPECIFIED.,.F.,.F.,(4,1,4),(0.,0.000921848989267643,0.00184369797853529),
 .UNSPECIFIED.);
#236=B_SPLINE_CURVE_WITH_KNOTS('',3,(#8650,#8651,#8652,#8653,#8654),
 .UNSPECIFIED.,.F.,.F.,(4,1,4),(0.,0.000999437768262256,0.00199887553652451),
 .UNSPECIFIED.);
#237=B_SPLINE_CURVE_WITH_KNOTS('',3,(#8660,#8661,#8662,#8663,#8664,#8665),
 .UNSPECIFIED.,.F.,.F.,(4,1,1,4),(0.,0.00036995920527229,0.000739918410544579,
0.00147983682108916),.UNSPECIFIED.);
#238=B_SPLINE_CURVE_WITH_KNOTS('',3,(#8674,#8675,#8676,#8677,#8678,#8679),
 .UNSPECIFIED.,.F.,.F.,(4,1,1,4),(0.,0.00036995920527229,0.000739918410544579,
0.00147983682108916),.UNSPECIFIED.);
#239=B_SPLINE_CURVE_WITH_KNOTS('',3,(#8719,#8720,#8721,#8722,#8723),
 .UNSPECIFIED.,.F.,.F.,(4,1,4),(0.,0.000999437768262256,0.00199887553652451),
 .UNSPECIFIED.);
#240=B_SPLINE_CURVE_WITH_KNOTS('',3,(#8758,#8759,#8760,#8761),
 .UNSPECIFIED.,.F.,.F.,(4,4),(0.,0.0052397880112113),.UNSPECIFIED.);
#241=B_SPLINE_CURVE_WITH_KNOTS('',3,(#8765,#8766,#8767,#8768),
 .UNSPECIFIED.,.F.,.F.,(4,4),(0.,0.00176886282603969),.UNSPECIFIED.);
#242=B_SPLINE_CURVE_WITH_KNOTS('',3,(#8775,#8776,#8777,#8778),
 .UNSPECIFIED.,.F.,.F.,(4,4),(0.,0.00176886282602161),.UNSPECIFIED.);
#243=B_SPLINE_CURVE_WITH_KNOTS('',3,(#8809,#8810,#8811,#8812,#8813,#8814),
 .UNSPECIFIED.,.F.,.F.,(4,1,1,4),(0.,0.00104321964507524,0.00156482946761286,
0.00208643929015048),.UNSPECIFIED.);
#244=B_SPLINE_CURVE_WITH_KNOTS('',3,(#8845,#8846,#8847,#8848,#8849,#8850),
 .UNSPECIFIED.,.F.,.F.,(4,1,1,4),(0.,0.00104321964507524,0.00156482946761286,
0.00208643929015048),.UNSPECIFIED.);
#245=B_SPLINE_CURVE_WITH_KNOTS('',3,(#8873,#8874,#8875,#8876),
 .UNSPECIFIED.,.F.,.F.,(4,4),(0.,4.64881354380945E-6),.UNSPECIFIED.);
#246=B_SPLINE_CURVE_WITH_KNOTS('',3,(#8883,#8884,#8885,#8886),
 .UNSPECIFIED.,.F.,.F.,(4,4),(0.,0.000428676428901963),.UNSPECIFIED.);
#247=B_SPLINE_CURVE_WITH_KNOTS('',3,(#8889,#8890,#8891,#8892,#8893),
 .UNSPECIFIED.,.F.,.F.,(4,1,4),(0.,0.00392495913966853,0.00784991827933707),
 .UNSPECIFIED.);
#248=B_SPLINE_CURVE_WITH_KNOTS('',3,(#8908,#8909,#8910,#8911),
 .UNSPECIFIED.,.F.,.F.,(4,4),(0.00151224384101142,0.00924866977423218),
 .UNSPECIFIED.);
#249=B_SPLINE_CURVE_WITH_KNOTS('',3,(#8913,#8914,#8915,#8916),
 .UNSPECIFIED.,.F.,.F.,(4,4),(0.00141108206004474,0.0091480257567897),
 .UNSPECIFIED.);
#250=B_SPLINE_CURVE_WITH_KNOTS('',3,(#8938,#8939,#8940,#8941,#8942),
 .UNSPECIFIED.,.F.,.F.,(4,1,4),(0.,0.000921848989267643,0.00184369797853529),
 .UNSPECIFIED.);
#251=B_SPLINE_CURVE_WITH_KNOTS('',3,(#8961,#8962,#8963,#8964,#8965),
 .UNSPECIFIED.,.F.,.F.,(4,1,4),(0.,0.000921848989267643,0.00184369797853529),
 .UNSPECIFIED.);
#252=B_SPLINE_CURVE_WITH_KNOTS('',3,(#9003,#9004,#9005,#9006,#9007),
 .UNSPECIFIED.,.F.,.F.,(4,1,4),(0.,0.000999437768262256,0.00199887553652451),
 .UNSPECIFIED.);
#253=B_SPLINE_CURVE_WITH_KNOTS('',3,(#9011,#9012,#9013,#9014,#9015,#9016),
 .UNSPECIFIED.,.F.,.F.,(4,1,1,4),(0.,0.00036995920527229,0.000739918410544579,
0.00147983682108916),.UNSPECIFIED.);
#254=B_SPLINE_CURVE_WITH_KNOTS('',3,(#9027,#9028,#9029,#9030,#9031,#9032),
 .UNSPECIFIED.,.F.,.F.,(4,1,1,4),(0.,0.00036995920527229,0.000739918410544579,
0.00147983682108916),.UNSPECIFIED.);
#255=B_SPLINE_CURVE_WITH_KNOTS('',3,(#9070,#9071,#9072,#9073,#9074),
 .UNSPECIFIED.,.F.,.F.,(4,1,4),(0.,0.000999437768262256,0.00199887553652451),
 .UNSPECIFIED.);
#256=B_SPLINE_CURVE_WITH_KNOTS('',3,(#9114,#9115,#9116,#9117),
 .UNSPECIFIED.,.F.,.F.,(4,4),(0.,0.000428676428901922),.UNSPECIFIED.);
#257=B_SPLINE_CURVE_WITH_KNOTS('',3,(#9120,#9121,#9122,#9123,#9124),
 .UNSPECIFIED.,.F.,.F.,(4,1,4),(0.,0.00392495913966845,0.0078499182793369),
 .UNSPECIFIED.);
#258=B_SPLINE_CURVE_WITH_KNOTS('',3,(#9155,#9156,#9157,#9158,#9159,#9160),
 .UNSPECIFIED.,.F.,.F.,(4,1,1,4),(0.,0.00104321964507524,0.00156482946761286,
0.00208643929015048),.UNSPECIFIED.);
#259=B_SPLINE_CURVE_WITH_KNOTS('',3,(#9191,#9192,#9193,#9194,#9195,#9196),
 .UNSPECIFIED.,.F.,.F.,(4,1,1,4),(0.,0.00104321964507524,0.00156482946761286,
0.00208643929015048),.UNSPECIFIED.);
#260=B_SPLINE_CURVE_WITH_KNOTS('',3,(#9209,#9210,#9211,#9212),
 .UNSPECIFIED.,.F.,.F.,(4,4),(0.,0.0052397880112113),.UNSPECIFIED.);
#261=B_SPLINE_CURVE_WITH_KNOTS('',3,(#9213,#9214,#9215,#9216),
 .UNSPECIFIED.,.F.,.F.,(4,4),(4.93101060107245E-17,0.00176886282603971),
 .UNSPECIFIED.);
#262=B_SPLINE_CURVE_WITH_KNOTS('',3,(#9223,#9224,#9225,#9226),
 .UNSPECIFIED.,.F.,.F.,(4,4),(0.,0.00176886282602116),.UNSPECIFIED.);
#263=B_SPLINE_CURVE_WITH_KNOTS('',3,(#9251,#9252,#9253,#9254),
 .UNSPECIFIED.,.F.,.F.,(4,4),(0.00141108206002476,0.00914802575678936),
 .UNSPECIFIED.);
#264=B_SPLINE_CURVE_WITH_KNOTS('',3,(#9277,#9278,#9279,#9280),
 .UNSPECIFIED.,.F.,.F.,(4,4),(0.00151224382409164,0.00924866976605899),
 .UNSPECIFIED.);
#265=B_SPLINE_CURVE_WITH_KNOTS('',3,(#9282,#9283,#9284,#9285),
 .UNSPECIFIED.,.F.,.F.,(4,4),(0.,0.00381797114523215),.UNSPECIFIED.);
#266=B_SPLINE_CURVE_WITH_KNOTS('',3,(#9290,#9291,#9292,#9293),
 .UNSPECIFIED.,.F.,.F.,(4,4),(0.00155410035333108,0.00537207149858186),
 .UNSPECIFIED.);
#267=B_SPLINE_CURVE_WITH_KNOTS('',3,(#9301,#9302,#9303,#9304,#9305,#9306,
#9307,#9308),.UNSPECIFIED.,.F.,.F.,(4,1,1,1,1,4),(0.,0.00449600551058606,
0.00899201102117213,0.0112400137764652,0.0134880165317582,0.0179840220423443),
 .UNSPECIFIED.);
#268=B_SPLINE_CURVE_WITH_KNOTS('',3,(#9310,#9311,#9312,#9313),
 .UNSPECIFIED.,.F.,.F.,(4,4),(0.,0.00503727600699874),.UNSPECIFIED.);
#269=B_SPLINE_CURVE_WITH_KNOTS('',3,(#9315,#9316,#9317,#9318,#9319,#9320),
 .UNSPECIFIED.,.F.,.F.,(4,1,1,4),(0.0230824859859553,0.0275691830136357,
0.0320558800413162,0.041029274096677),.UNSPECIFIED.);
#270=B_SPLINE_CURVE_WITH_KNOTS('',3,(#9325,#9326,#9327,#9328,#9329,#9330,
#9331,#9332),.UNSPECIFIED.,.F.,.F.,(4,1,1,1,1,4),(8.67361737988404E-19,
0.00449600551058606,0.00899201102117213,0.0112400137764652,0.0134880165317582,
0.0179840220423443),.UNSPECIFIED.);
#271=B_SPLINE_CURVE_WITH_KNOTS('',3,(#9334,#9335,#9336,#9337),
 .UNSPECIFIED.,.F.,.F.,(4,4),(0.,0.00503727600699874),.UNSPECIFIED.);
#272=B_SPLINE_CURVE_WITH_KNOTS('',3,(#9339,#9340,#9341,#9342,#9343,#9344),
 .UNSPECIFIED.,.F.,.F.,(4,1,1,4),(0.0230824859859553,0.0275691830136357,
0.0320558800413161,0.041029274096677),.UNSPECIFIED.);
#273=B_SPLINE_CURVE_WITH_KNOTS('',3,(#9423,#9424,#9425,#9426,#9427),
 .UNSPECIFIED.,.F.,.F.,(4,1,4),(4.33680868994202E-18,0.00433545070427227,
0.00867090140854453),.UNSPECIFIED.);
#274=B_SPLINE_CURVE_WITH_KNOTS('',3,(#9428,#9429,#9430,#9431),
 .UNSPECIFIED.,.F.,.F.,(4,4),(2.49130692054224E-17,0.00755556896794617),
 .UNSPECIFIED.);
#275=B_SPLINE_CURVE_WITH_KNOTS('',3,(#9433,#9434,#9435,#9436),
 .UNSPECIFIED.,.F.,.F.,(4,4),(1.29814818157976E-17,0.00174484171735039),
 .UNSPECIFIED.);
#276=B_SPLINE_CURVE_WITH_KNOTS('',3,(#9449,#9450,#9451,#9452,#9453),
 .UNSPECIFIED.,.F.,.F.,(4,1,4),(7.41593325097362E-15,0.00439093854029202,
0.00878187708057662),.UNSPECIFIED.);
#277=B_SPLINE_CURVE_WITH_KNOTS('',3,(#9454,#9455,#9456,#9457),
 .UNSPECIFIED.,.F.,.F.,(4,4),(7.75791922889773E-18,0.0017448417173609),
 .UNSPECIFIED.);
#278=B_SPLINE_CURVE_WITH_KNOTS('',3,(#9459,#9460,#9461,#9462),
 .UNSPECIFIED.,.F.,.F.,(4,4),(0.,0.0075423932423492),.UNSPECIFIED.);
#279=B_SPLINE_CURVE_WITH_KNOTS('',3,(#9475,#9476,#9477,#9478),
 .UNSPECIFIED.,.F.,.F.,(4,4),(3.00588086559671E-17,0.00755556896794632),
 .UNSPECIFIED.);
#280=B_SPLINE_CURVE_WITH_KNOTS('',3,(#9480,#9481,#9482,#9483),
 .UNSPECIFIED.,.F.,.F.,(4,4),(0.,0.00174484171735048),.UNSPECIFIED.);
#281=B_SPLINE_CURVE_WITH_KNOTS('',3,(#9484,#9485,#9486,#9487,#9488),
 .UNSPECIFIED.,.F.,.F.,(4,1,4),(6.63308899228153E-16,0.00433545070427957,
0.00867090140855848),.UNSPECIFIED.);
#282=B_SPLINE_CURVE_WITH_KNOTS('',3,(#9501,#9502,#9503,#9504),
 .UNSPECIFIED.,.F.,.F.,(4,4),(4.7348736264955E-17,0.00174484171736096),
 .UNSPECIFIED.);
#283=B_SPLINE_CURVE_WITH_KNOTS('',3,(#9506,#9507,#9508,#9509),
 .UNSPECIFIED.,.F.,.F.,(4,4),(0.,0.00754239324234997),.UNSPECIFIED.);
#284=B_SPLINE_CURVE_WITH_KNOTS('',3,(#9510,#9511,#9512,#9513,#9514),
 .UNSPECIFIED.,.F.,.F.,(4,1,4),(1.0842021724855E-18,0.00439093854028215,
0.00878187708056431),.UNSPECIFIED.);
#285=B_SPLINE_CURVE_WITH_KNOTS('',3,(#9530,#9531,#9532,#9533),
 .UNSPECIFIED.,.F.,.F.,(4,4),(1.58983499822633E-15,0.00529093829023113),
 .UNSPECIFIED.);
#286=B_SPLINE_CURVE_WITH_KNOTS('',3,(#9536,#9537,#9538,#9539,#9540),
 .UNSPECIFIED.,.F.,.F.,(4,1,4),(0.,0.5,1.),.UNSPECIFIED.);
#287=B_SPLINE_CURVE_WITH_KNOTS('',3,(#9765,#9766,#9767,#9768),
 .UNSPECIFIED.,.F.,.F.,(4,4),(1.0842021724855E-19,0.00529093829020693),
 .UNSPECIFIED.);
#288=B_SPLINE_CURVE_WITH_KNOTS('',3,(#9787,#9788,#9789,#9790,#9791),
 .UNSPECIFIED.,.F.,.F.,(4,1,4),(0.,0.000778889622206744,0.00155777924441349),
 .UNSPECIFIED.);
#289=B_SPLINE_CURVE_WITH_KNOTS('',3,(#9819,#9820,#9821,#9822),
 .UNSPECIFIED.,.F.,.F.,(4,4),(1.62630325872826E-19,0.00529093829020693),
 .UNSPECIFIED.);
#290=B_SPLINE_CURVE_WITH_KNOTS('',3,(#9825,#9826,#9827,#9828,#9829),
 .UNSPECIFIED.,.F.,.F.,(4,1,4),(0.,0.5,1.),.UNSPECIFIED.);
#291=B_SPLINE_CURVE_WITH_KNOTS('',3,(#10054,#10055,#10056,#10057),
 .UNSPECIFIED.,.F.,.F.,(4,4),(1.58981728162619E-15,0.00529093829033998),
 .UNSPECIFIED.);
#292=B_SPLINE_CURVE_WITH_KNOTS('',3,(#10076,#10077,#10078,#10079,#10080),
 .UNSPECIFIED.,.F.,.F.,(4,1,4),(0.,0.5,1.),.UNSPECIFIED.);
#293=B_SPLINE_CURVE_WITH_KNOTS('',3,(#10094,#10095,#10096,#10097),
 .UNSPECIFIED.,.F.,.F.,(4,4),(0.,0.00547094479686172),.UNSPECIFIED.);
#294=B_SPLINE_CURVE_WITH_KNOTS('',3,(#10099,#10100,#10101,#10102),
 .UNSPECIFIED.,.F.,.F.,(4,4),(0.,0.000383242424886641),.UNSPECIFIED.);
#295=B_SPLINE_CURVE_WITH_KNOTS('',3,(#10103,#10104,#10105,#10106),
 .UNSPECIFIED.,.F.,.F.,(4,4),(0.,0.000383242424886641),.UNSPECIFIED.);
#296=B_SPLINE_CURVE_WITH_KNOTS('',3,(#10108,#10109,#10110,#10111),
 .UNSPECIFIED.,.F.,.F.,(4,4),(0.,0.00547734002189217),.UNSPECIFIED.);
#297=B_SPLINE_CURVE_WITH_KNOTS('',3,(#10113,#10114,#10115,#10116),
 .UNSPECIFIED.,.F.,.F.,(4,4),(0.,0.00332822233807456),.UNSPECIFIED.);
#298=B_SPLINE_CURVE_WITH_KNOTS('',3,(#10117,#10118,#10119,#10120),
 .UNSPECIFIED.,.F.,.F.,(4,4),(0.,0.00547094479686172),.UNSPECIFIED.);
#299=B_SPLINE_CURVE_WITH_KNOTS('',3,(#10122,#10123,#10124,#10125),
 .UNSPECIFIED.,.F.,.F.,(4,4),(0.,0.000383242424886642),.UNSPECIFIED.);
#300=B_SPLINE_CURVE_WITH_KNOTS('',3,(#10126,#10127,#10128,#10129),
 .UNSPECIFIED.,.F.,.F.,(4,4),(0.,0.000383242424886643),.UNSPECIFIED.);
#301=B_SPLINE_CURVE_WITH_KNOTS('',3,(#10131,#10132,#10133,#10134),
 .UNSPECIFIED.,.F.,.F.,(4,4),(0.,0.00547734002189217),.UNSPECIFIED.);
#302=B_SPLINE_CURVE_WITH_KNOTS('',3,(#10359,#10360,#10361,#10362),
 .UNSPECIFIED.,.F.,.F.,(4,4),(0.,0.000353008629150307),.UNSPECIFIED.);
#303=B_SPLINE_CURVE_WITH_KNOTS('',3,(#10365,#10366,#10367,#10368),
 .UNSPECIFIED.,.F.,.F.,(4,4),(0.,0.000491322042199287),.UNSPECIFIED.);
#304=B_SPLINE_CURVE_WITH_KNOTS('',3,(#10369,#10370,#10371,#10372),
 .UNSPECIFIED.,.F.,.F.,(4,4),(4.92261218720213E-17,0.000491338739573906),
 .UNSPECIFIED.);
#305=B_SPLINE_CURVE_WITH_KNOTS('',3,(#10374,#10375,#10376,#10377),
 .UNSPECIFIED.,.F.,.F.,(4,4),(0.,0.000347855292103136),.UNSPECIFIED.);
#306=B_SPLINE_CURVE_WITH_KNOTS('',3,(#10379,#10380,#10381,#10382),
 .UNSPECIFIED.,.F.,.F.,(4,4),(0.,4.30627773920338E-5),.UNSPECIFIED.);
#307=B_SPLINE_CURVE_WITH_KNOTS('',3,(#10384,#10385,#10386,#10387,#10388,
#10389),.UNSPECIFIED.,.F.,.F.,(4,1,1,4),(4.42269442734662E-18,0.000360644907950008,
0.000540967361925009,0.000721289815900011),.UNSPECIFIED.);
#308=B_SPLINE_CURVE_WITH_KNOTS('',3,(#10390,#10391,#10392,#10393,#10394,
#10395),.UNSPECIFIED.,.F.,.F.,(4,1,1,4),(6.74973560811057E-15,0.000179802049682552,
0.000359604099358354,0.000719208198709958),.UNSPECIFIED.);
#309=B_SPLINE_CURVE_WITH_KNOTS('',3,(#10397,#10398,#10399,#10400),
 .UNSPECIFIED.,.F.,.F.,(4,4),(0.,4.30627773920414E-5),.UNSPECIFIED.);
#310=B_SPLINE_CURVE_WITH_KNOTS('',3,(#10508,#10509,#10510,#10511),
 .UNSPECIFIED.,.F.,.F.,(4,4),(0.,0.000633193052659816),.UNSPECIFIED.);
#311=B_SPLINE_CURVE_WITH_KNOTS('',3,(#10524,#10525,#10526,#10527),
 .UNSPECIFIED.,.F.,.F.,(4,4),(0.,0.000593868359938079),.UNSPECIFIED.);
#312=B_SPLINE_CURVE_WITH_KNOTS('',3,(#10645,#10646,#10647,#10648),
 .UNSPECIFIED.,.F.,.F.,(4,4),(0.,0.000338540232838677),.UNSPECIFIED.);
#313=B_SPLINE_CURVE_WITH_KNOTS('',3,(#10650,#10651,#10652,#10653),
 .UNSPECIFIED.,.F.,.F.,(4,4),(0.,0.000338403624276808),.UNSPECIFIED.);
#314=B_SPLINE_CURVE_WITH_KNOTS('',3,(#10668,#10669,#10670,#10671),
 .UNSPECIFIED.,.F.,.F.,(4,4),(0.,0.000413402492412384),.UNSPECIFIED.);
#315=B_SPLINE_CURVE_WITH_KNOTS('',3,(#10677,#10678,#10679,#10680),
 .UNSPECIFIED.,.F.,.F.,(4,4),(4.09133713542521E-18,0.000413402492412381),
 .UNSPECIFIED.);
#316=B_SPLINE_CURVE_WITH_KNOTS('',3,(#10682,#10683,#10684,#10685),
 .UNSPECIFIED.,.F.,.F.,(4,4),(0.,0.000319814978969836),.UNSPECIFIED.);
#317=B_SPLINE_CURVE_WITH_KNOTS('',3,(#10686,#10687,#10688,#10689),
 .UNSPECIFIED.,.F.,.F.,(4,4),(0.,0.000319537171273628),.UNSPECIFIED.);
#318=B_SPLINE_CURVE_WITH_KNOTS('',3,(#10691,#10692,#10693,#10694),
 .UNSPECIFIED.,.F.,.F.,(4,4),(0.,0.000318988448916523),.UNSPECIFIED.);
#319=B_SPLINE_CURVE_WITH_KNOTS('',3,(#10719,#10720,#10721,#10722),
 .UNSPECIFIED.,.F.,.F.,(4,4),(0.,0.000319350766067181),.UNSPECIFIED.);
#320=B_SPLINE_CURVE_WITH_KNOTS('',3,(#10724,#10725,#10726,#10727),
 .UNSPECIFIED.,.F.,.F.,(4,4),(0.,1.56567118852167E-5),.UNSPECIFIED.);
#321=B_SPLINE_CURVE_WITH_KNOTS('',3,(#10729,#10730,#10731,#10732,#10733,
#10734),.UNSPECIFIED.,.F.,.F.,(4,1,1,4),(0.,0.000178287699691077,0.000356575399382155,
0.00071315079876431),.UNSPECIFIED.);
#322=B_SPLINE_CURVE_WITH_KNOTS('',3,(#10738,#10739,#10740,#10741),
 .UNSPECIFIED.,.F.,.F.,(4,4),(0.,2.57125168363977E-5),.UNSPECIFIED.);
#323=B_SPLINE_CURVE_WITH_KNOTS('',3,(#10757,#10758,#10759,#10760),
 .UNSPECIFIED.,.F.,.F.,(4,4),(4.33680868994202E-18,2.57125168364039E-5),
 .UNSPECIFIED.);
#324=B_SPLINE_CURVE_WITH_KNOTS('',3,(#10764,#10765,#10766,#10767,#10768,
#10769),.UNSPECIFIED.,.F.,.F.,(4,1,1,4),(0.,0.000354117419633564,0.000531176129450345,
0.000708234839267127),.UNSPECIFIED.);
#325=B_SPLINE_CURVE_WITH_KNOTS('',3,(#10771,#10772,#10773,#10774),
 .UNSPECIFIED.,.F.,.F.,(4,4),(0.,1.56540296689412E-5),.UNSPECIFIED.);
#326=PLANE('',#5469);
#327=PLANE('',#5470);
#328=PLANE('',#5473);
#329=PLANE('',#5479);
#330=PLANE('',#5504);
#331=PLANE('',#5527);
#332=PLANE('',#5531);
#333=PLANE('',#5532);
#334=PLANE('',#5582);
#335=PLANE('',#5585);
#336=PLANE('',#5588);
#337=PLANE('',#5599);
#338=PLANE('',#5600);
#339=PLANE('',#5601);
#340=PLANE('',#5602);
#341=PLANE('',#5603);
#342=PLANE('',#5604);
#343=PLANE('',#5605);
#344=PLANE('',#5606);
#345=PLANE('',#5607);
#346=PLANE('',#5608);
#347=PLANE('',#5609);
#348=PLANE('',#5610);
#349=PLANE('',#5611);
#350=PLANE('',#5612);
#351=PLANE('',#5613);
#352=PLANE('',#5614);
#353=PLANE('',#5615);
#354=PLANE('',#5616);
#355=PLANE('',#5617);
#356=PLANE('',#5618);
#357=PLANE('',#5619);
#358=PLANE('',#5620);
#359=PLANE('',#5621);
#360=PLANE('',#5622);
#361=PLANE('',#5623);
#362=PLANE('',#5624);
#363=PLANE('',#5625);
#364=PLANE('',#5626);
#365=PLANE('',#5627);
#366=PLANE('',#5628);
#367=PLANE('',#5629);
#368=PLANE('',#5630);
#369=PLANE('',#5631);
#370=PLANE('',#5632);
#371=PLANE('',#5633);
#372=PLANE('',#5634);
#373=PLANE('',#5635);
#374=PLANE('',#5636);
#375=PLANE('',#5637);
#376=PLANE('',#5638);
#377=PLANE('',#5639);
#378=PLANE('',#5640);
#379=PLANE('',#5641);
#380=PLANE('',#5642);
#381=PLANE('',#5643);
#382=PLANE('',#5644);
#383=PLANE('',#5645);
#384=PLANE('',#5646);
#385=PLANE('',#5647);
#386=PLANE('',#5648);
#387=PLANE('',#5649);
#388=PLANE('',#5650);
#389=PLANE('',#5651);
#390=PLANE('',#5683);
#391=PLANE('',#5690);
#392=PLANE('',#5709);
#393=PLANE('',#5712);
#394=PLANE('',#5733);
#395=PLANE('',#5739);
#396=PLANE('',#5742);
#397=PLANE('',#5747);
#398=PLANE('',#5782);
#399=PLANE('',#5789);
#400=PLANE('',#5808);
#401=PLANE('',#5811);
#402=PLANE('',#5814);
#403=PLANE('',#5835);
#404=PLANE('',#5841);
#405=PLANE('',#5846);
#406=PLANE('',#5851);
#407=PLANE('',#5899);
#408=PLANE('',#5974);
#409=PLANE('',#5981);
#410=PLANE('',#5982);
#411=PLANE('',#5992);
#412=PLANE('',#5996);
#413=PLANE('',#6004);
#414=PLANE('',#6009);
#415=PLANE('',#6010);
#416=PLANE('',#6032);
#417=ELLIPSE('',#5468,0.0388626530052118,0.0275798635240743);
#418=ELLIPSE('',#5471,0.026720270030003,0.0230202096885338);
#419=ELLIPSE('',#5472,0.0305054820568881,0.026384798490494);
#420=ELLIPSE('',#5474,0.026720270030003,0.0230202096885338);
#421=ELLIPSE('',#5475,0.0305054820568881,0.026384798490494);
#422=ELLIPSE('',#5491,0.0264559165293884,0.0260599999999885);
#423=ELLIPSE('',#5493,0.0264559165293884,0.0260599999999885);
#424=ELLIPSE('',#5496,0.0365025642934849,0.02606);
#425=ELLIPSE('',#5498,0.0365025642934849,0.02606);
#426=ELLIPSE('',#5509,0.0361472986542563,0.02556);
#427=ELLIPSE('',#5524,0.0361472986542563,0.02556);
#428=ELLIPSE('',#5652,0.0319525100144069,0.0276363617668272);
#429=ELLIPSE('',#5711,0.000507713305942871,0.0005);
#430=ELLIPSE('',#5714,0.00302065635524848,0.003);
#431=ELLIPSE('',#5716,0.0304939116409302,0.03);
#432=ELLIPSE('',#5717,0.0304939116409302,0.03);
#433=ELLIPSE('',#5728,0.00302065635524848,0.003);
#434=ELLIPSE('',#5730,0.000507713305942871,0.0005);
#435=ELLIPSE('',#5732,0.00302065635524848,0.003);
#436=ELLIPSE('',#5735,0.00302065635524848,0.003);
#437=ELLIPSE('',#5737,0.0380618118190562,0.0375133309638054);
#438=ELLIPSE('',#5738,0.0380618118190562,0.0375133309638054);
#439=ELLIPSE('',#5740,0.026720270030003,0.0230202096885338);
#440=ELLIPSE('',#5741,0.0305054820568881,0.026384798490494);
#441=ELLIPSE('',#5743,0.0370766079492398,0.0365133309638054);
#442=ELLIPSE('',#5744,0.00203085322377149,0.002);
#443=ELLIPSE('',#5745,0.00203085322377149,0.002);
#444=ELLIPSE('',#5746,0.0314782249684581,0.031);
#445=ELLIPSE('',#5748,0.0314782249684581,0.031);
#446=ELLIPSE('',#5749,0.00203085322377149,0.002);
#447=ELLIPSE('',#5750,0.00203085322377149,0.002);
#448=ELLIPSE('',#5751,0.0370766079492398,0.0365133309638054);
#449=ELLIPSE('',#5810,0.000507713305942871,0.0005);
#450=ELLIPSE('',#5813,0.00302065635524848,0.003);
#451=ELLIPSE('',#5815,0.026720270030003,0.0230202096885338);
#452=ELLIPSE('',#5816,0.0305054820568881,0.026384798490494);
#453=ELLIPSE('',#5827,0.00302065635524848,0.003);
#454=ELLIPSE('',#5829,0.000507713305942871,0.0005);
#455=ELLIPSE('',#5831,0.0304939116409302,0.03);
#456=ELLIPSE('',#5832,0.0304939116409302,0.03);
#457=ELLIPSE('',#5834,0.00302065635524848,0.003);
#458=ELLIPSE('',#5837,0.00302065635524848,0.003);
#459=ELLIPSE('',#5839,0.0380618118190562,0.0375133309638054);
#460=ELLIPSE('',#5840,0.0380618118190562,0.0375133309638054);
#461=ELLIPSE('',#5842,0.0370766079492398,0.0365133309638054);
#462=ELLIPSE('',#5843,0.0314782249684581,0.031);
#463=ELLIPSE('',#5844,0.00203085322377149,0.002);
#464=ELLIPSE('',#5845,0.00203085322377149,0.002);
#465=ELLIPSE('',#5847,0.0370766079492398,0.0365133309638054);
#466=ELLIPSE('',#5848,0.00203085322377149,0.002);
#467=ELLIPSE('',#5849,0.00203085322377149,0.002);
#468=ELLIPSE('',#5850,0.0314782249684581,0.031);
#469=ELLIPSE('',#5852,0.0319525100144069,0.0276363617668272);
#470=ELLIPSE('',#5997,0.0262589321833538,0.0258599999999885);
#471=ELLIPSE('',#6005,0.0262589321833538,0.0258599999999885);
#472=ELLIPSE('',#6033,0.0387209743316703,0.0273798635240744);
#473=CIRCLE('',#5467,0.0275798635240743);
#474=CIRCLE('',#5477,0.00593933982822017);
#475=CIRCLE('',#5478,0.00664644660940673);
#476=CIRCLE('',#5480,0.0226609003688227);
#477=CIRCLE('',#5481,0.007);
#478=CIRCLE('',#5482,0.0226609003688227);
#479=CIRCLE('',#5483,0.0270648564753752);
#480=CIRCLE('',#5484,0.0226609003688227);
#481=CIRCLE('',#5485,0.0270648564753752);
#482=CIRCLE('',#5492,0.0260599999999885);
#483=CIRCLE('',#5494,0.0260599999999885);
#484=CIRCLE('',#5495,0.02606);
#485=CIRCLE('',#5497,0.02606);
#486=CIRCLE('',#5500,0.0280610511734669);
#487=CIRCLE('',#5501,0.0280610511734669);
#488=CIRCLE('',#5502,0.027580624584456);
#489=CIRCLE('',#5503,0.0275798635240743);
#490=CIRCLE('',#5505,0.0265836688259826);
#491=CIRCLE('',#5506,0.0262599999999885);
#492=CIRCLE('',#5507,0.0005);
#493=CIRCLE('',#5508,0.0005);
#494=CIRCLE('',#5511,0.0005);
#495=CIRCLE('',#5512,0.0005);
#496=CIRCLE('',#5513,0.0005);
#497=CIRCLE('',#5515,0.0005);
#498=CIRCLE('',#5516,0.0259135533905933);
#499=CIRCLE('',#5518,0.0252064466094068);
#500=CIRCLE('',#5519,0.0258064466094068);
#501=CIRCLE('',#5520,0.0252064466094068);
#502=CIRCLE('',#5521,0.0005);
#503=CIRCLE('',#5522,0.0005);
#504=CIRCLE('',#5523,0.0005);
#505=CIRCLE('',#5526,0.0005);
#506=CIRCLE('',#5529,0.02556);
#507=CIRCLE('',#5533,0.0004);
#508=CIRCLE('',#5534,0.0004);
#509=CIRCLE('',#5535,0.0005);
#510=CIRCLE('',#5536,0.0005);
#511=CIRCLE('',#5537,0.0004);
#512=CIRCLE('',#5538,0.0005);
#513=CIRCLE('',#5539,0.0004);
#514=CIRCLE('',#5540,0.0005);
#515=CIRCLE('',#5541,0.0005);
#516=CIRCLE('',#5542,0.0004);
#517=CIRCLE('',#5543,0.0004);
#518=CIRCLE('',#5544,0.0004);
#519=CIRCLE('',#5545,0.0006);
#520=CIRCLE('',#5546,0.0005);
#521=CIRCLE('',#5547,0.0005);
#522=CIRCLE('',#5548,0.0004);
#523=CIRCLE('',#5549,0.0004);
#524=CIRCLE('',#5550,0.0004);
#525=CIRCLE('',#5551,0.0004);
#526=CIRCLE('',#5552,0.0005);
#527=CIRCLE('',#5553,0.0004);
#528=CIRCLE('',#5554,0.0254528932188135);
#529=CIRCLE('',#5555,0.00516005050633883);
#530=CIRCLE('',#5557,0.0005);
#531=CIRCLE('',#5558,0.0005);
#532=CIRCLE('',#5560,0.0005);
#533=CIRCLE('',#5562,0.0005);
#534=CIRCLE('',#5563,0.00551360389693211);
#535=CIRCLE('',#5565,0.0005);
#536=CIRCLE('',#5566,0.0005);
#537=CIRCLE('',#5568,0.0005);
#538=CIRCLE('',#5569,0.0005);
#539=CIRCLE('',#5570,0.0005);
#540=CIRCLE('',#5571,0.0005);
#541=CIRCLE('',#5573,0.0248528932188135);
#542=CIRCLE('',#5574,0.0005);
#543=CIRCLE('',#5575,0.0005);
#544=CIRCLE('',#5577,0.0005);
#545=CIRCLE('',#5578,0.0248528932188135);
#546=CIRCLE('',#5579,0.0005);
#547=CIRCLE('',#5580,0.0005);
#548=CIRCLE('',#5581,0.0005);
#549=CIRCLE('',#5584,0.00582071067811866);
#550=CIRCLE('',#5589,0.00617426406871193);
#551=CIRCLE('',#5591,0.0005);
#552=CIRCLE('',#5593,0.0005);
#553=CIRCLE('',#5595,0.0005);
#554=CIRCLE('',#5597,0.0005);
#555=CIRCLE('',#5654,0.0015);
#556=CIRCLE('',#5655,0.002);
#557=CIRCLE('',#5656,0.0005);
#558=CIRCLE('',#5658,0.0005);
#559=CIRCLE('',#5660,0.0005);
#560=CIRCLE('',#5661,0.0005);
#561=CIRCLE('',#5663,0.0015);
#562=CIRCLE('',#5664,0.002);
#563=CIRCLE('',#5666,0.0005);
#564=CIRCLE('',#5667,0.0005);
#565=CIRCLE('',#5669,0.0005);
#566=CIRCLE('',#5670,0.003);
#567=CIRCLE('',#5671,0.0025);
#568=CIRCLE('',#5673,0.0005);
#569=CIRCLE('',#5674,0.03);
#570=CIRCLE('',#5675,0.0305);
#571=CIRCLE('',#5677,0.004);
#572=CIRCLE('',#5678,0.0045);
#573=CIRCLE('',#5680,0.0045);
#574=CIRCLE('',#5682,0.004);
#575=CIRCLE('',#5684,0.0005);
#576=CIRCLE('',#5685,0.0370133309638054);
#577=CIRCLE('',#5686,0.0025);
#578=CIRCLE('',#5688,0.003);
#579=CIRCLE('',#5689,0.0005);
#580=CIRCLE('',#5691,0.0005);
#581=CIRCLE('',#5692,0.0370133309638054);
#582=CIRCLE('',#5693,0.0025);
#583=CIRCLE('',#5694,0.0025);
#584=CIRCLE('',#5695,0.0305);
#585=CIRCLE('',#5696,0.0005);
#586=CIRCLE('',#5698,0.0005);
#587=CIRCLE('',#5699,0.03);
#588=CIRCLE('',#5701,0.0005);
#589=CIRCLE('',#5702,0.003);
#590=CIRCLE('',#5704,0.0005);
#591=CIRCLE('',#5706,0.0005);
#592=CIRCLE('',#5707,0.003);
#593=CIRCLE('',#5719,0.0005);
#594=CIRCLE('',#5720,0.0375133309638054);
#595=CIRCLE('',#5721,0.0005);
#596=CIRCLE('',#5723,0.0005);
#597=CIRCLE('',#5724,0.0005);
#598=CIRCLE('',#5726,0.0375133309638054);
#599=CIRCLE('',#5753,0.0015);
#600=CIRCLE('',#5754,0.0005);
#601=CIRCLE('',#5755,0.002);
#602=CIRCLE('',#5757,0.0005);
#603=CIRCLE('',#5759,0.0005);
#604=CIRCLE('',#5760,0.0005);
#605=CIRCLE('',#5762,0.0015);
#606=CIRCLE('',#5763,0.002);
#607=CIRCLE('',#5765,0.0005);
#608=CIRCLE('',#5766,0.0005);
#609=CIRCLE('',#5768,0.0005);
#610=CIRCLE('',#5769,0.0025);
#611=CIRCLE('',#5770,0.003);
#612=CIRCLE('',#5772,0.0005);
#613=CIRCLE('',#5773,0.0305);
#614=CIRCLE('',#5774,0.03);
#615=CIRCLE('',#5776,0.004);
#616=CIRCLE('',#5777,0.0045);
#617=CIRCLE('',#5779,0.0045);
#618=CIRCLE('',#5781,0.004);
#619=CIRCLE('',#5783,0.0005);
#620=CIRCLE('',#5784,0.0370133309638054);
#621=CIRCLE('',#5785,0.0025);
#622=CIRCLE('',#5787,0.0005);
#623=CIRCLE('',#5788,0.003);
#624=CIRCLE('',#5790,0.0005);
#625=CIRCLE('',#5791,0.0370133309638054);
#626=CIRCLE('',#5792,0.0305);
#627=CIRCLE('',#5793,0.0025);
#628=CIRCLE('',#5794,0.0025);
#629=CIRCLE('',#5795,0.0005);
#630=CIRCLE('',#5797,0.03);
#631=CIRCLE('',#5798,0.0005);
#632=CIRCLE('',#5800,0.003);
#633=CIRCLE('',#5801,0.0005);
#634=CIRCLE('',#5803,0.0005);
#635=CIRCLE('',#5805,0.003);
#636=CIRCLE('',#5806,0.0005);
#637=CIRCLE('',#5818,0.0375133309638054);
#638=CIRCLE('',#5819,0.0005);
#639=CIRCLE('',#5820,0.0005);
#640=CIRCLE('',#5822,0.0005);
#641=CIRCLE('',#5823,0.0005);
#642=CIRCLE('',#5825,0.0375133309638054);
#643=CIRCLE('',#5854,0.0236457081218349);
#644=CIRCLE('',#5856,0.0236457081218349);
#645=CIRCLE('',#5858,0.0004);
#646=CIRCLE('',#5860,0.0004);
#647=CIRCLE('',#5862,0.0005);
#648=CIRCLE('',#5864,0.0005);
#649=CIRCLE('',#5866,0.0004);
#650=CIRCLE('',#5868,0.0005);
#651=CIRCLE('',#5870,0.0004);
#652=CIRCLE('',#5872,0.0005);
#653=CIRCLE('',#5874,0.0005);
#654=CIRCLE('',#5876,0.0004);
#655=CIRCLE('',#5878,0.0004);
#656=CIRCLE('',#5880,0.0004);
#657=CIRCLE('',#5882,0.0006);
#658=CIRCLE('',#5884,0.0005);
#659=CIRCLE('',#5886,0.0005);
#660=CIRCLE('',#5888,0.0004);
#661=CIRCLE('',#5890,0.0004);
#662=CIRCLE('',#5892,0.0004);
#663=CIRCLE('',#5894,0.0004);
#664=CIRCLE('',#5896,0.0005);
#665=CIRCLE('',#5898,0.0004);
#666=CIRCLE('',#5900,0.0055857864376269);
#667=CIRCLE('',#5901,0.001);
#668=CIRCLE('',#5903,0.001);
#669=CIRCLE('',#5904,0.001);
#670=CIRCLE('',#5906,0.001);
#671=CIRCLE('',#5907,0.001);
#672=CIRCLE('',#5908,0.001);
#673=CIRCLE('',#5909,0.001);
#674=CIRCLE('',#5910,0.001);
#675=CIRCLE('',#5911,0.001);
#676=CIRCLE('',#5912,0.001);
#677=CIRCLE('',#5914,0.001);
#678=CIRCLE('',#5915,0.001);
#679=CIRCLE('',#5916,0.001);
#680=CIRCLE('',#5917,0.001);
#681=CIRCLE('',#5918,0.001);
#682=CIRCLE('',#5919,0.001);
#683=CIRCLE('',#5920,0.001);
#684=CIRCLE('',#5922,0.001);
#685=CIRCLE('',#5923,0.001);
#686=CIRCLE('',#5924,0.001);
#687=CIRCLE('',#5926,0.001);
#688=CIRCLE('',#5928,0.001);
#689=CIRCLE('',#5929,0.001);
#690=CIRCLE('',#5931,0.001);
#691=CIRCLE('',#5932,0.001);
#692=CIRCLE('',#5933,0.001);
#693=CIRCLE('',#5934,0.001);
#694=CIRCLE('',#5935,0.001);
#695=CIRCLE('',#5936,0.001);
#696=CIRCLE('',#5937,0.001);
#697=CIRCLE('',#5939,0.001);
#698=CIRCLE('',#5940,0.001);
#699=CIRCLE('',#5941,0.001);
#700=CIRCLE('',#5942,0.001);
#701=CIRCLE('',#5943,0.001);
#702=CIRCLE('',#5944,0.001);
#703=CIRCLE('',#5945,0.001);
#704=CIRCLE('',#5947,0.001);
#705=CIRCLE('',#5948,0.001);
#706=CIRCLE('',#5949,0.001);
#707=CIRCLE('',#5953,0.001);
#708=CIRCLE('',#5954,0.001);
#709=CIRCLE('',#5955,0.001);
#710=CIRCLE('',#5956,0.001);
#711=CIRCLE('',#5957,0.001);
#712=CIRCLE('',#5958,0.001);
#713=CIRCLE('',#5959,0.001);
#714=CIRCLE('',#5960,0.001);
#715=CIRCLE('',#5961,0.001);
#716=CIRCLE('',#5962,0.001);
#717=CIRCLE('',#5963,0.001);
#718=CIRCLE('',#5964,0.001);
#719=CIRCLE('',#5967,0.0005);
#720=CIRCLE('',#5968,0.0005);
#721=CIRCLE('',#5970,0.001);
#722=CIRCLE('',#5971,0.001);
#723=CIRCLE('',#5972,0.001);
#724=CIRCLE('',#5973,0.001);
#725=CIRCLE('',#5976,0.0002);
#726=CIRCLE('',#5977,0.0002);
#727=CIRCLE('',#5979,0.0002);
#728=CIRCLE('',#5980,0.0002);
#729=CIRCLE('',#5984,0.0002);
#730=CIRCLE('',#5985,0.0002);
#731=CIRCLE('',#5987,0.0002);
#732=CIRCLE('',#5988,0.0002);
#733=CIRCLE('',#5990,0.0002);
#734=CIRCLE('',#5991,0.0002);
#735=CIRCLE('',#5994,0.0002);
#736=CIRCLE('',#5995,0.0002);
#737=CIRCLE('',#5999,0.0002);
#738=CIRCLE('',#6000,0.0002);
#739=CIRCLE('',#6002,0.0002);
#740=CIRCLE('',#6003,0.0002);
#741=CIRCLE('',#6007,0.0002);
#742=CIRCLE('',#6008,0.0002);
#743=CIRCLE('',#6011,0.0004);
#744=CIRCLE('',#6012,0.0262599999999885);
#745=CIRCLE('',#6013,0.0004);
#746=CIRCLE('',#6015,0.0002);
#747=CIRCLE('',#6016,0.0002);
#748=CIRCLE('',#6018,0.0002);
#749=CIRCLE('',#6019,0.0002);
#750=CIRCLE('',#6021,0.0002);
#751=CIRCLE('',#6027,0.0002);
#752=CIRCLE('',#6029,0.0002);
#753=CIRCLE('',#6031,0.0002);
#754=CIRCLE('',#6035,0.0002);
#755=CIRCLE('',#6037,0.0002);
#756=CIRCLE('',#6040,0.0002);
#757=CIRCLE('',#6042,0.0002);
#758=CIRCLE('',#6044,0.0002);
#759=CIRCLE('',#6046,0.0002);
#760=CIRCLE('',#6048,0.0002);
#761=CIRCLE('',#6050,0.0002);
#762=CIRCLE('',#6052,0.0002);
#763=CIRCLE('',#6054,0.0002);
#764=CIRCLE('',#6056,0.0002);
#765=CIRCLE('',#6058,0.0002);
#766=CIRCLE('',#6060,0.0002);
#767=CIRCLE('',#6062,0.0002);
#768=CIRCLE('',#6065,0.0002);
#769=CIRCLE('',#6067,0.0002);
#770=CIRCLE('',#6068,0.0002);
#771=CIRCLE('',#6070,0.0002);
#772=CIRCLE('',#6072,0.0002);
#773=CIRCLE('',#6073,0.0002);
#774=CIRCLE('',#6074,0.0002);
#775=CIRCLE('',#6076,0.0002);
#776=CIRCLE('',#6077,0.0002);
#777=CIRCLE('',#6079,0.0002);
#778=CIRCLE('',#6080,0.0002);
#779=CIRCLE('',#6081,0.0002);
#780=CIRCLE('',#6082,0.0002);
#781=CIRCLE('',#6083,0.0002);
#782=CIRCLE('',#6084,0.0002);
#783=CIRCLE('',#6086,0.0002);
#784=CIRCLE('',#6087,0.0002);
#785=CIRCLE('',#6088,0.0002);
#786=CIRCLE('',#6089,0.0002);
#787=CIRCLE('',#6090,0.0002);
#788=CIRCLE('',#6091,0.0002);
#789=CIRCLE('',#6093,0.0002);
#790=CIRCLE('',#6094,0.0002);
#791=CIRCLE('',#6096,0.0002);
#792=CIRCLE('',#6097,0.0002);
#793=CIRCLE('',#6098,0.0002);
#794=ORIENTED_EDGE('',*,*,#2362,.T.);
#795=ORIENTED_EDGE('',*,*,#2363,.T.);
#796=ORIENTED_EDGE('',*,*,#2364,.T.);
#797=ORIENTED_EDGE('',*,*,#2365,.T.);
#798=ORIENTED_EDGE('',*,*,#2366,.T.);
#799=ORIENTED_EDGE('',*,*,#2367,.T.);
#800=ORIENTED_EDGE('',*,*,#2368,.T.);
#801=ORIENTED_EDGE('',*,*,#2369,.T.);
#802=ORIENTED_EDGE('',*,*,#2370,.T.);
#803=ORIENTED_EDGE('',*,*,#2371,.T.);
#804=ORIENTED_EDGE('',*,*,#2372,.T.);
#805=ORIENTED_EDGE('',*,*,#2373,.T.);
#806=ORIENTED_EDGE('',*,*,#2374,.T.);
#807=ORIENTED_EDGE('',*,*,#2375,.T.);
#808=ORIENTED_EDGE('',*,*,#2376,.T.);
#809=ORIENTED_EDGE('',*,*,#2377,.F.);
#810=ORIENTED_EDGE('',*,*,#2378,.T.);
#811=ORIENTED_EDGE('',*,*,#2379,.T.);
#812=ORIENTED_EDGE('',*,*,#2380,.T.);
#813=ORIENTED_EDGE('',*,*,#2381,.T.);
#814=ORIENTED_EDGE('',*,*,#2382,.T.);
#815=ORIENTED_EDGE('',*,*,#2383,.T.);
#816=ORIENTED_EDGE('',*,*,#2384,.T.);
#817=ORIENTED_EDGE('',*,*,#2385,.T.);
#818=ORIENTED_EDGE('',*,*,#2386,.T.);
#819=ORIENTED_EDGE('',*,*,#2387,.T.);
#820=ORIENTED_EDGE('',*,*,#2388,.T.);
#821=ORIENTED_EDGE('',*,*,#2389,.T.);
#822=ORIENTED_EDGE('',*,*,#2390,.T.);
#823=ORIENTED_EDGE('',*,*,#2391,.T.);
#824=ORIENTED_EDGE('',*,*,#2392,.T.);
#825=ORIENTED_EDGE('',*,*,#2393,.T.);
#826=ORIENTED_EDGE('',*,*,#2394,.T.);
#827=ORIENTED_EDGE('',*,*,#2395,.T.);
#828=ORIENTED_EDGE('',*,*,#2396,.T.);
#829=ORIENTED_EDGE('',*,*,#2397,.T.);
#830=ORIENTED_EDGE('',*,*,#2398,.T.);
#831=ORIENTED_EDGE('',*,*,#2399,.F.);
#832=ORIENTED_EDGE('',*,*,#2400,.T.);
#833=ORIENTED_EDGE('',*,*,#2394,.F.);
#834=ORIENTED_EDGE('',*,*,#2401,.T.);
#835=ORIENTED_EDGE('',*,*,#2396,.F.);
#836=ORIENTED_EDGE('',*,*,#2402,.T.);
#837=ORIENTED_EDGE('',*,*,#2374,.F.);
#838=ORIENTED_EDGE('',*,*,#2403,.T.);
#839=ORIENTED_EDGE('',*,*,#2392,.F.);
#840=ORIENTED_EDGE('',*,*,#2404,.T.);
#841=ORIENTED_EDGE('',*,*,#2380,.F.);
#842=ORIENTED_EDGE('',*,*,#2405,.T.);
#843=ORIENTED_EDGE('',*,*,#2406,.F.);
#844=ORIENTED_EDGE('',*,*,#2407,.T.);
#845=ORIENTED_EDGE('',*,*,#2398,.F.);
#846=ORIENTED_EDGE('',*,*,#2408,.T.);
#847=ORIENTED_EDGE('',*,*,#2409,.T.);
#848=ORIENTED_EDGE('',*,*,#2410,.T.);
#849=ORIENTED_EDGE('',*,*,#2411,.T.);
#850=ORIENTED_EDGE('',*,*,#2412,.T.);
#851=ORIENTED_EDGE('',*,*,#2413,.T.);
#852=ORIENTED_EDGE('',*,*,#2414,.T.);
#853=ORIENTED_EDGE('',*,*,#2415,.T.);
#854=ORIENTED_EDGE('',*,*,#2416,.T.);
#855=ORIENTED_EDGE('',*,*,#2417,.T.);
#856=ORIENTED_EDGE('',*,*,#2418,.T.);
#857=ORIENTED_EDGE('',*,*,#2419,.T.);
#858=ORIENTED_EDGE('',*,*,#2420,.T.);
#859=ORIENTED_EDGE('',*,*,#2421,.T.);
#860=ORIENTED_EDGE('',*,*,#2422,.T.);
#861=ORIENTED_EDGE('',*,*,#2423,.F.);
#862=ORIENTED_EDGE('',*,*,#2424,.T.);
#863=ORIENTED_EDGE('',*,*,#2425,.F.);
#864=ORIENTED_EDGE('',*,*,#2426,.T.);
#865=ORIENTED_EDGE('',*,*,#2427,.T.);
#866=ORIENTED_EDGE('',*,*,#2428,.T.);
#867=ORIENTED_EDGE('',*,*,#2429,.T.);
#868=ORIENTED_EDGE('',*,*,#2430,.T.);
#869=ORIENTED_EDGE('',*,*,#2431,.T.);
#870=ORIENTED_EDGE('',*,*,#2432,.T.);
#871=ORIENTED_EDGE('',*,*,#2433,.T.);
#872=ORIENTED_EDGE('',*,*,#2434,.T.);
#873=ORIENTED_EDGE('',*,*,#2435,.T.);
#874=ORIENTED_EDGE('',*,*,#2436,.T.);
#875=ORIENTED_EDGE('',*,*,#2437,.T.);
#876=ORIENTED_EDGE('',*,*,#2438,.T.);
#877=ORIENTED_EDGE('',*,*,#2439,.T.);
#878=ORIENTED_EDGE('',*,*,#2440,.T.);
#879=ORIENTED_EDGE('',*,*,#2441,.T.);
#880=ORIENTED_EDGE('',*,*,#2442,.T.);
#881=ORIENTED_EDGE('',*,*,#2443,.T.);
#882=ORIENTED_EDGE('',*,*,#2444,.T.);
#883=ORIENTED_EDGE('',*,*,#2445,.T.);
#884=ORIENTED_EDGE('',*,*,#2446,.T.);
#885=ORIENTED_EDGE('',*,*,#2447,.T.);
#886=ORIENTED_EDGE('',*,*,#2448,.T.);
#887=ORIENTED_EDGE('',*,*,#2449,.T.);
#888=ORIENTED_EDGE('',*,*,#2450,.T.);
#889=ORIENTED_EDGE('',*,*,#2451,.T.);
#890=ORIENTED_EDGE('',*,*,#2452,.T.);
#891=ORIENTED_EDGE('',*,*,#2453,.T.);
#892=ORIENTED_EDGE('',*,*,#2454,.T.);
#893=ORIENTED_EDGE('',*,*,#2455,.T.);
#894=ORIENTED_EDGE('',*,*,#2426,.F.);
#895=ORIENTED_EDGE('',*,*,#2456,.F.);
#896=ORIENTED_EDGE('',*,*,#2457,.F.);
#897=ORIENTED_EDGE('',*,*,#2458,.T.);
#898=ORIENTED_EDGE('',*,*,#2459,.F.);
#899=ORIENTED_EDGE('',*,*,#2455,.F.);
#900=ORIENTED_EDGE('',*,*,#2456,.T.);
#901=ORIENTED_EDGE('',*,*,#2425,.T.);
#902=ORIENTED_EDGE('',*,*,#2460,.F.);
#903=ORIENTED_EDGE('',*,*,#2461,.T.);
#904=ORIENTED_EDGE('',*,*,#2462,.T.);
#905=ORIENTED_EDGE('',*,*,#2421,.F.);
#906=ORIENTED_EDGE('',*,*,#2459,.T.);
#907=ORIENTED_EDGE('',*,*,#2463,.F.);
#908=ORIENTED_EDGE('',*,*,#2463,.T.);
#909=ORIENTED_EDGE('',*,*,#2464,.T.);
#910=ORIENTED_EDGE('',*,*,#2465,.T.);
#911=ORIENTED_EDGE('',*,*,#2466,.T.);
#912=ORIENTED_EDGE('',*,*,#2467,.F.);
#913=ORIENTED_EDGE('',*,*,#2468,.T.);
#914=ORIENTED_EDGE('',*,*,#2469,.F.);
#915=ORIENTED_EDGE('',*,*,#2470,.T.);
#916=ORIENTED_EDGE('',*,*,#2471,.T.);
#917=ORIENTED_EDGE('',*,*,#2472,.T.);
#918=ORIENTED_EDGE('',*,*,#2473,.T.);
#919=ORIENTED_EDGE('',*,*,#2474,.T.);
#920=ORIENTED_EDGE('',*,*,#2475,.F.);
#921=ORIENTED_EDGE('',*,*,#2423,.T.);
#922=ORIENTED_EDGE('',*,*,#2476,.T.);
#923=ORIENTED_EDGE('',*,*,#2477,.F.);
#924=ORIENTED_EDGE('',*,*,#2473,.F.);
#925=ORIENTED_EDGE('',*,*,#2422,.F.);
#926=ORIENTED_EDGE('',*,*,#2462,.F.);
#927=ORIENTED_EDGE('',*,*,#2478,.T.);
#928=ORIENTED_EDGE('',*,*,#2476,.F.);
#929=ORIENTED_EDGE('',*,*,#2457,.T.);
#930=ORIENTED_EDGE('',*,*,#2479,.T.);
#931=ORIENTED_EDGE('',*,*,#2477,.T.);
#932=ORIENTED_EDGE('',*,*,#2480,.T.);
#933=ORIENTED_EDGE('',*,*,#2481,.T.);
#934=ORIENTED_EDGE('',*,*,#2482,.T.);
#935=ORIENTED_EDGE('',*,*,#2460,.T.);
#936=ORIENTED_EDGE('',*,*,#2424,.F.);
#937=ORIENTED_EDGE('',*,*,#2475,.T.);
#938=ORIENTED_EDGE('',*,*,#2483,.F.);
#939=ORIENTED_EDGE('',*,*,#2484,.F.);
#940=ORIENTED_EDGE('',*,*,#2474,.F.);
#941=ORIENTED_EDGE('',*,*,#2479,.F.);
#942=ORIENTED_EDGE('',*,*,#2461,.F.);
#943=ORIENTED_EDGE('',*,*,#2483,.T.);
#944=ORIENTED_EDGE('',*,*,#2484,.T.);
#945=ORIENTED_EDGE('',*,*,#2485,.F.);
#946=ORIENTED_EDGE('',*,*,#2486,.F.);
#947=ORIENTED_EDGE('',*,*,#2487,.F.);
#948=ORIENTED_EDGE('',*,*,#2488,.F.);
#949=ORIENTED_EDGE('',*,*,#2489,.F.);
#950=ORIENTED_EDGE('',*,*,#2490,.F.);
#951=ORIENTED_EDGE('',*,*,#2491,.F.);
#952=ORIENTED_EDGE('',*,*,#2492,.F.);
#953=ORIENTED_EDGE('',*,*,#2493,.F.);
#954=ORIENTED_EDGE('',*,*,#2494,.F.);
#955=ORIENTED_EDGE('',*,*,#2495,.F.);
#956=ORIENTED_EDGE('',*,*,#2496,.F.);
#957=ORIENTED_EDGE('',*,*,#2497,.F.);
#958=ORIENTED_EDGE('',*,*,#2498,.F.);
#959=ORIENTED_EDGE('',*,*,#2499,.F.);
#960=ORIENTED_EDGE('',*,*,#2500,.F.);
#961=ORIENTED_EDGE('',*,*,#2501,.F.);
#962=ORIENTED_EDGE('',*,*,#2502,.F.);
#963=ORIENTED_EDGE('',*,*,#2503,.F.);
#964=ORIENTED_EDGE('',*,*,#2504,.F.);
#965=ORIENTED_EDGE('',*,*,#2505,.F.);
#966=ORIENTED_EDGE('',*,*,#2506,.T.);
#967=ORIENTED_EDGE('',*,*,#2507,.T.);
#968=ORIENTED_EDGE('',*,*,#2508,.T.);
#969=ORIENTED_EDGE('',*,*,#2509,.T.);
#970=ORIENTED_EDGE('',*,*,#2510,.T.);
#971=ORIENTED_EDGE('',*,*,#2468,.F.);
#972=ORIENTED_EDGE('',*,*,#2511,.T.);
#973=ORIENTED_EDGE('',*,*,#2507,.F.);
#974=ORIENTED_EDGE('',*,*,#2512,.T.);
#975=ORIENTED_EDGE('',*,*,#2508,.F.);
#976=ORIENTED_EDGE('',*,*,#2513,.F.);
#977=ORIENTED_EDGE('',*,*,#2514,.F.);
#978=ORIENTED_EDGE('',*,*,#2515,.F.);
#979=ORIENTED_EDGE('',*,*,#2509,.F.);
#980=ORIENTED_EDGE('',*,*,#2512,.F.);
#981=ORIENTED_EDGE('',*,*,#2516,.F.);
#982=ORIENTED_EDGE('',*,*,#2515,.T.);
#983=ORIENTED_EDGE('',*,*,#2517,.F.);
#984=ORIENTED_EDGE('',*,*,#2518,.F.);
#985=ORIENTED_EDGE('',*,*,#2506,.F.);
#986=ORIENTED_EDGE('',*,*,#2519,.T.);
#987=ORIENTED_EDGE('',*,*,#2464,.F.);
#988=ORIENTED_EDGE('',*,*,#2458,.F.);
#989=ORIENTED_EDGE('',*,*,#2482,.F.);
#990=ORIENTED_EDGE('',*,*,#2520,.T.);
#991=ORIENTED_EDGE('',*,*,#2480,.F.);
#992=ORIENTED_EDGE('',*,*,#2478,.F.);
#993=ORIENTED_EDGE('',*,*,#2472,.F.);
#994=ORIENTED_EDGE('',*,*,#2521,.F.);
#995=ORIENTED_EDGE('',*,*,#2522,.F.);
#996=ORIENTED_EDGE('',*,*,#2523,.F.);
#997=ORIENTED_EDGE('',*,*,#2481,.F.);
#998=ORIENTED_EDGE('',*,*,#2524,.T.);
#999=ORIENTED_EDGE('',*,*,#2469,.T.);
#1000=ORIENTED_EDGE('',*,*,#2510,.F.);
#1001=ORIENTED_EDGE('',*,*,#2518,.T.);
#1002=ORIENTED_EDGE('',*,*,#2525,.T.);
#1003=ORIENTED_EDGE('',*,*,#2470,.F.);
#1004=ORIENTED_EDGE('',*,*,#2524,.F.);
#1005=ORIENTED_EDGE('',*,*,#2526,.F.);
#1006=ORIENTED_EDGE('',*,*,#2527,.F.);
#1007=ORIENTED_EDGE('',*,*,#2528,.T.);
#1008=ORIENTED_EDGE('',*,*,#2471,.F.);
#1009=ORIENTED_EDGE('',*,*,#2529,.T.);
#1010=ORIENTED_EDGE('',*,*,#2465,.F.);
#1011=ORIENTED_EDGE('',*,*,#2530,.T.);
#1012=ORIENTED_EDGE('',*,*,#2531,.F.);
#1013=ORIENTED_EDGE('',*,*,#2532,.T.);
#1014=ORIENTED_EDGE('',*,*,#2533,.T.);
#1015=ORIENTED_EDGE('',*,*,#2534,.F.);
#1016=ORIENTED_EDGE('',*,*,#2535,.F.);
#1017=ORIENTED_EDGE('',*,*,#2466,.F.);
#1018=ORIENTED_EDGE('',*,*,#2535,.T.);
#1019=ORIENTED_EDGE('',*,*,#2513,.T.);
#1020=ORIENTED_EDGE('',*,*,#2511,.F.);
#1021=ORIENTED_EDGE('',*,*,#2467,.T.);
#1022=ORIENTED_EDGE('',*,*,#2534,.T.);
#1023=ORIENTED_EDGE('',*,*,#2536,.T.);
#1024=ORIENTED_EDGE('',*,*,#2537,.T.);
#1025=ORIENTED_EDGE('',*,*,#2514,.T.);
#1026=ORIENTED_EDGE('',*,*,#2537,.F.);
#1027=ORIENTED_EDGE('',*,*,#2538,.T.);
#1028=ORIENTED_EDGE('',*,*,#2539,.F.);
#1029=ORIENTED_EDGE('',*,*,#2516,.T.);
#1030=ORIENTED_EDGE('',*,*,#2539,.T.);
#1031=ORIENTED_EDGE('',*,*,#2540,.T.);
#1032=ORIENTED_EDGE('',*,*,#2526,.T.);
#1033=ORIENTED_EDGE('',*,*,#2517,.T.);
#1034=ORIENTED_EDGE('',*,*,#2523,.T.);
#1035=ORIENTED_EDGE('',*,*,#2530,.F.);
#1036=ORIENTED_EDGE('',*,*,#2519,.F.);
#1037=ORIENTED_EDGE('',*,*,#2528,.F.);
#1038=ORIENTED_EDGE('',*,*,#2521,.T.);
#1039=ORIENTED_EDGE('',*,*,#2520,.F.);
#1040=ORIENTED_EDGE('',*,*,#2531,.T.);
#1041=ORIENTED_EDGE('',*,*,#2522,.T.);
#1042=ORIENTED_EDGE('',*,*,#2527,.T.);
#1043=ORIENTED_EDGE('',*,*,#2541,.T.);
#1044=ORIENTED_EDGE('',*,*,#2542,.T.);
#1045=ORIENTED_EDGE('',*,*,#2543,.T.);
#1046=ORIENTED_EDGE('',*,*,#2544,.F.);
#1047=ORIENTED_EDGE('',*,*,#2545,.F.);
#1048=ORIENTED_EDGE('',*,*,#2546,.F.);
#1049=ORIENTED_EDGE('',*,*,#2547,.F.);
#1050=ORIENTED_EDGE('',*,*,#2548,.F.);
#1051=ORIENTED_EDGE('',*,*,#2549,.F.);
#1052=ORIENTED_EDGE('',*,*,#2550,.T.);
#1053=ORIENTED_EDGE('',*,*,#2551,.T.);
#1054=ORIENTED_EDGE('',*,*,#2552,.T.);
#1055=ORIENTED_EDGE('',*,*,#2553,.T.);
#1056=ORIENTED_EDGE('',*,*,#2554,.T.);
#1057=ORIENTED_EDGE('',*,*,#2555,.T.);
#1058=ORIENTED_EDGE('',*,*,#2556,.T.);
#1059=ORIENTED_EDGE('',*,*,#2557,.T.);
#1060=ORIENTED_EDGE('',*,*,#2558,.T.);
#1061=ORIENTED_EDGE('',*,*,#2559,.T.);
#1062=ORIENTED_EDGE('',*,*,#2560,.T.);
#1063=ORIENTED_EDGE('',*,*,#2561,.T.);
#1064=ORIENTED_EDGE('',*,*,#2562,.F.);
#1065=ORIENTED_EDGE('',*,*,#2563,.F.);
#1066=ORIENTED_EDGE('',*,*,#2564,.F.);
#1067=ORIENTED_EDGE('',*,*,#2565,.F.);
#1068=ORIENTED_EDGE('',*,*,#2566,.F.);
#1069=ORIENTED_EDGE('',*,*,#2567,.F.);
#1070=ORIENTED_EDGE('',*,*,#2568,.T.);
#1071=ORIENTED_EDGE('',*,*,#2529,.F.);
#1072=ORIENTED_EDGE('',*,*,#2525,.F.);
#1073=ORIENTED_EDGE('',*,*,#2532,.F.);
#1074=ORIENTED_EDGE('',*,*,#2569,.T.);
#1075=ORIENTED_EDGE('',*,*,#2533,.F.);
#1076=ORIENTED_EDGE('',*,*,#2570,.T.);
#1077=ORIENTED_EDGE('',*,*,#2536,.F.);
#1078=ORIENTED_EDGE('',*,*,#2569,.F.);
#1079=ORIENTED_EDGE('',*,*,#2543,.F.);
#1080=ORIENTED_EDGE('',*,*,#2571,.F.);
#1081=ORIENTED_EDGE('',*,*,#2538,.F.);
#1082=ORIENTED_EDGE('',*,*,#2570,.F.);
#1083=ORIENTED_EDGE('',*,*,#2542,.F.);
#1084=ORIENTED_EDGE('',*,*,#2571,.T.);
#1085=ORIENTED_EDGE('',*,*,#2541,.F.);
#1086=ORIENTED_EDGE('',*,*,#2568,.F.);
#1087=ORIENTED_EDGE('',*,*,#2540,.F.);
#1088=ORIENTED_EDGE('',*,*,#2572,.F.);
#1089=ORIENTED_EDGE('',*,*,#2573,.T.);
#1090=ORIENTED_EDGE('',*,*,#2574,.T.);
#1091=ORIENTED_EDGE('',*,*,#2544,.T.);
#1092=ORIENTED_EDGE('',*,*,#2574,.F.);
#1093=ORIENTED_EDGE('',*,*,#2575,.T.);
#1094=ORIENTED_EDGE('',*,*,#2576,.T.);
#1095=ORIENTED_EDGE('',*,*,#2545,.T.);
#1096=ORIENTED_EDGE('',*,*,#2576,.F.);
#1097=ORIENTED_EDGE('',*,*,#2577,.T.);
#1098=ORIENTED_EDGE('',*,*,#2578,.T.);
#1099=ORIENTED_EDGE('',*,*,#2546,.T.);
#1100=ORIENTED_EDGE('',*,*,#2578,.F.);
#1101=ORIENTED_EDGE('',*,*,#2579,.T.);
#1102=ORIENTED_EDGE('',*,*,#2580,.T.);
#1103=ORIENTED_EDGE('',*,*,#2547,.T.);
#1104=ORIENTED_EDGE('',*,*,#2580,.F.);
#1105=ORIENTED_EDGE('',*,*,#2581,.T.);
#1106=ORIENTED_EDGE('',*,*,#2582,.T.);
#1107=ORIENTED_EDGE('',*,*,#2548,.T.);
#1108=ORIENTED_EDGE('',*,*,#2582,.F.);
#1109=ORIENTED_EDGE('',*,*,#2583,.T.);
#1110=ORIENTED_EDGE('',*,*,#2572,.T.);
#1111=ORIENTED_EDGE('',*,*,#2549,.T.);
#1112=ORIENTED_EDGE('',*,*,#2584,.F.);
#1113=ORIENTED_EDGE('',*,*,#2585,.T.);
#1114=ORIENTED_EDGE('',*,*,#2586,.T.);
#1115=ORIENTED_EDGE('',*,*,#2550,.F.);
#1116=ORIENTED_EDGE('',*,*,#2586,.F.);
#1117=ORIENTED_EDGE('',*,*,#2587,.T.);
#1118=ORIENTED_EDGE('',*,*,#2588,.T.);
#1119=ORIENTED_EDGE('',*,*,#2551,.F.);
#1120=ORIENTED_EDGE('',*,*,#2588,.F.);
#1121=ORIENTED_EDGE('',*,*,#2589,.T.);
#1122=ORIENTED_EDGE('',*,*,#2590,.T.);
#1123=ORIENTED_EDGE('',*,*,#2552,.F.);
#1124=ORIENTED_EDGE('',*,*,#2590,.F.);
#1125=ORIENTED_EDGE('',*,*,#2591,.T.);
#1126=ORIENTED_EDGE('',*,*,#2592,.T.);
#1127=ORIENTED_EDGE('',*,*,#2553,.F.);
#1128=ORIENTED_EDGE('',*,*,#2592,.F.);
#1129=ORIENTED_EDGE('',*,*,#2593,.T.);
#1130=ORIENTED_EDGE('',*,*,#2594,.T.);
#1131=ORIENTED_EDGE('',*,*,#2554,.F.);
#1132=ORIENTED_EDGE('',*,*,#2594,.F.);
#1133=ORIENTED_EDGE('',*,*,#2595,.T.);
#1134=ORIENTED_EDGE('',*,*,#2584,.T.);
#1135=ORIENTED_EDGE('',*,*,#2555,.F.);
#1136=ORIENTED_EDGE('',*,*,#2596,.F.);
#1137=ORIENTED_EDGE('',*,*,#2597,.T.);
#1138=ORIENTED_EDGE('',*,*,#2598,.T.);
#1139=ORIENTED_EDGE('',*,*,#2556,.F.);
#1140=ORIENTED_EDGE('',*,*,#2598,.F.);
#1141=ORIENTED_EDGE('',*,*,#2599,.T.);
#1142=ORIENTED_EDGE('',*,*,#2600,.T.);
#1143=ORIENTED_EDGE('',*,*,#2557,.F.);
#1144=ORIENTED_EDGE('',*,*,#2600,.F.);
#1145=ORIENTED_EDGE('',*,*,#2601,.T.);
#1146=ORIENTED_EDGE('',*,*,#2602,.T.);
#1147=ORIENTED_EDGE('',*,*,#2558,.F.);
#1148=ORIENTED_EDGE('',*,*,#2602,.F.);
#1149=ORIENTED_EDGE('',*,*,#2603,.T.);
#1150=ORIENTED_EDGE('',*,*,#2604,.T.);
#1151=ORIENTED_EDGE('',*,*,#2559,.F.);
#1152=ORIENTED_EDGE('',*,*,#2604,.F.);
#1153=ORIENTED_EDGE('',*,*,#2605,.T.);
#1154=ORIENTED_EDGE('',*,*,#2606,.T.);
#1155=ORIENTED_EDGE('',*,*,#2560,.F.);
#1156=ORIENTED_EDGE('',*,*,#2606,.F.);
#1157=ORIENTED_EDGE('',*,*,#2607,.T.);
#1158=ORIENTED_EDGE('',*,*,#2596,.T.);
#1159=ORIENTED_EDGE('',*,*,#2561,.F.);
#1160=ORIENTED_EDGE('',*,*,#2608,.F.);
#1161=ORIENTED_EDGE('',*,*,#2609,.T.);
#1162=ORIENTED_EDGE('',*,*,#2610,.T.);
#1163=ORIENTED_EDGE('',*,*,#2562,.T.);
#1164=ORIENTED_EDGE('',*,*,#2610,.F.);
#1165=ORIENTED_EDGE('',*,*,#2611,.T.);
#1166=ORIENTED_EDGE('',*,*,#2612,.T.);
#1167=ORIENTED_EDGE('',*,*,#2563,.T.);
#1168=ORIENTED_EDGE('',*,*,#2612,.F.);
#1169=ORIENTED_EDGE('',*,*,#2613,.T.);
#1170=ORIENTED_EDGE('',*,*,#2614,.T.);
#1171=ORIENTED_EDGE('',*,*,#2564,.T.);
#1172=ORIENTED_EDGE('',*,*,#2614,.F.);
#1173=ORIENTED_EDGE('',*,*,#2615,.T.);
#1174=ORIENTED_EDGE('',*,*,#2616,.T.);
#1175=ORIENTED_EDGE('',*,*,#2565,.T.);
#1176=ORIENTED_EDGE('',*,*,#2616,.F.);
#1177=ORIENTED_EDGE('',*,*,#2617,.T.);
#1178=ORIENTED_EDGE('',*,*,#2618,.T.);
#1179=ORIENTED_EDGE('',*,*,#2566,.T.);
#1180=ORIENTED_EDGE('',*,*,#2618,.F.);
#1181=ORIENTED_EDGE('',*,*,#2619,.T.);
#1182=ORIENTED_EDGE('',*,*,#2608,.T.);
#1183=ORIENTED_EDGE('',*,*,#2567,.T.);
#1184=ORIENTED_EDGE('',*,*,#2620,.T.);
#1185=ORIENTED_EDGE('',*,*,#2621,.F.);
#1186=ORIENTED_EDGE('',*,*,#2622,.F.);
#1187=ORIENTED_EDGE('',*,*,#2573,.F.);
#1188=ORIENTED_EDGE('',*,*,#2622,.T.);
#1189=ORIENTED_EDGE('',*,*,#2623,.F.);
#1190=ORIENTED_EDGE('',*,*,#2624,.F.);
#1191=ORIENTED_EDGE('',*,*,#2575,.F.);
#1192=ORIENTED_EDGE('',*,*,#2625,.T.);
#1193=ORIENTED_EDGE('',*,*,#2577,.F.);
#1194=ORIENTED_EDGE('',*,*,#2624,.T.);
#1195=ORIENTED_EDGE('',*,*,#2626,.F.);
#1196=ORIENTED_EDGE('',*,*,#2627,.T.);
#1197=ORIENTED_EDGE('',*,*,#2579,.F.);
#1198=ORIENTED_EDGE('',*,*,#2625,.F.);
#1199=ORIENTED_EDGE('',*,*,#2628,.F.);
#1200=ORIENTED_EDGE('',*,*,#2629,.T.);
#1201=ORIENTED_EDGE('',*,*,#2581,.F.);
#1202=ORIENTED_EDGE('',*,*,#2627,.F.);
#1203=ORIENTED_EDGE('',*,*,#2630,.F.);
#1204=ORIENTED_EDGE('',*,*,#2620,.F.);
#1205=ORIENTED_EDGE('',*,*,#2583,.F.);
#1206=ORIENTED_EDGE('',*,*,#2629,.F.);
#1207=ORIENTED_EDGE('',*,*,#2631,.F.);
#1208=ORIENTED_EDGE('',*,*,#2632,.T.);
#1209=ORIENTED_EDGE('',*,*,#2633,.F.);
#1210=ORIENTED_EDGE('',*,*,#2634,.T.);
#1211=ORIENTED_EDGE('',*,*,#2585,.F.);
#1212=ORIENTED_EDGE('',*,*,#2635,.T.);
#1213=ORIENTED_EDGE('',*,*,#2587,.F.);
#1214=ORIENTED_EDGE('',*,*,#2634,.F.);
#1215=ORIENTED_EDGE('',*,*,#2636,.F.);
#1216=ORIENTED_EDGE('',*,*,#2637,.T.);
#1217=ORIENTED_EDGE('',*,*,#2589,.F.);
#1218=ORIENTED_EDGE('',*,*,#2635,.F.);
#1219=ORIENTED_EDGE('',*,*,#2638,.F.);
#1220=ORIENTED_EDGE('',*,*,#2637,.F.);
#1221=ORIENTED_EDGE('',*,*,#2639,.F.);
#1222=ORIENTED_EDGE('',*,*,#2640,.F.);
#1223=ORIENTED_EDGE('',*,*,#2591,.F.);
#1224=ORIENTED_EDGE('',*,*,#2640,.T.);
#1225=ORIENTED_EDGE('',*,*,#2641,.F.);
#1226=ORIENTED_EDGE('',*,*,#2642,.F.);
#1227=ORIENTED_EDGE('',*,*,#2593,.F.);
#1228=ORIENTED_EDGE('',*,*,#2642,.T.);
#1229=ORIENTED_EDGE('',*,*,#2643,.F.);
#1230=ORIENTED_EDGE('',*,*,#2632,.F.);
#1231=ORIENTED_EDGE('',*,*,#2595,.F.);
#1232=ORIENTED_EDGE('',*,*,#2644,.T.);
#1233=ORIENTED_EDGE('',*,*,#2645,.F.);
#1234=ORIENTED_EDGE('',*,*,#2646,.T.);
#1235=ORIENTED_EDGE('',*,*,#2597,.F.);
#1236=ORIENTED_EDGE('',*,*,#2647,.T.);
#1237=ORIENTED_EDGE('',*,*,#2599,.F.);
#1238=ORIENTED_EDGE('',*,*,#2646,.F.);
#1239=ORIENTED_EDGE('',*,*,#2648,.F.);
#1240=ORIENTED_EDGE('',*,*,#2649,.T.);
#1241=ORIENTED_EDGE('',*,*,#2601,.F.);
#1242=ORIENTED_EDGE('',*,*,#2647,.F.);
#1243=ORIENTED_EDGE('',*,*,#2650,.F.);
#1244=ORIENTED_EDGE('',*,*,#2649,.F.);
#1245=ORIENTED_EDGE('',*,*,#2651,.F.);
#1246=ORIENTED_EDGE('',*,*,#2652,.F.);
#1247=ORIENTED_EDGE('',*,*,#2603,.F.);
#1248=ORIENTED_EDGE('',*,*,#2652,.T.);
#1249=ORIENTED_EDGE('',*,*,#2653,.F.);
#1250=ORIENTED_EDGE('',*,*,#2654,.F.);
#1251=ORIENTED_EDGE('',*,*,#2605,.F.);
#1252=ORIENTED_EDGE('',*,*,#2654,.T.);
#1253=ORIENTED_EDGE('',*,*,#2655,.F.);
#1254=ORIENTED_EDGE('',*,*,#2644,.F.);
#1255=ORIENTED_EDGE('',*,*,#2607,.F.);
#1256=ORIENTED_EDGE('',*,*,#2656,.T.);
#1257=ORIENTED_EDGE('',*,*,#2657,.F.);
#1258=ORIENTED_EDGE('',*,*,#2658,.F.);
#1259=ORIENTED_EDGE('',*,*,#2609,.F.);
#1260=ORIENTED_EDGE('',*,*,#2658,.T.);
#1261=ORIENTED_EDGE('',*,*,#2659,.F.);
#1262=ORIENTED_EDGE('',*,*,#2660,.F.);
#1263=ORIENTED_EDGE('',*,*,#2611,.F.);
#1264=ORIENTED_EDGE('',*,*,#2661,.T.);
#1265=ORIENTED_EDGE('',*,*,#2613,.F.);
#1266=ORIENTED_EDGE('',*,*,#2660,.T.);
#1267=ORIENTED_EDGE('',*,*,#2662,.F.);
#1268=ORIENTED_EDGE('',*,*,#2663,.T.);
#1269=ORIENTED_EDGE('',*,*,#2615,.F.);
#1270=ORIENTED_EDGE('',*,*,#2661,.F.);
#1271=ORIENTED_EDGE('',*,*,#2664,.F.);
#1272=ORIENTED_EDGE('',*,*,#2665,.T.);
#1273=ORIENTED_EDGE('',*,*,#2617,.F.);
#1274=ORIENTED_EDGE('',*,*,#2663,.F.);
#1275=ORIENTED_EDGE('',*,*,#2666,.F.);
#1276=ORIENTED_EDGE('',*,*,#2656,.F.);
#1277=ORIENTED_EDGE('',*,*,#2619,.F.);
#1278=ORIENTED_EDGE('',*,*,#2665,.F.);
#1279=ORIENTED_EDGE('',*,*,#2667,.F.);
#1280=ORIENTED_EDGE('',*,*,#2628,.T.);
#1281=ORIENTED_EDGE('',*,*,#2626,.T.);
#1282=ORIENTED_EDGE('',*,*,#2623,.T.);
#1283=ORIENTED_EDGE('',*,*,#2621,.T.);
#1284=ORIENTED_EDGE('',*,*,#2631,.T.);
#1285=ORIENTED_EDGE('',*,*,#2630,.T.);
#1286=ORIENTED_EDGE('',*,*,#2636,.T.);
#1287=ORIENTED_EDGE('',*,*,#2633,.T.);
#1288=ORIENTED_EDGE('',*,*,#2643,.T.);
#1289=ORIENTED_EDGE('',*,*,#2641,.T.);
#1290=ORIENTED_EDGE('',*,*,#2639,.T.);
#1291=ORIENTED_EDGE('',*,*,#2638,.T.);
#1292=ORIENTED_EDGE('',*,*,#2648,.T.);
#1293=ORIENTED_EDGE('',*,*,#2645,.T.);
#1294=ORIENTED_EDGE('',*,*,#2655,.T.);
#1295=ORIENTED_EDGE('',*,*,#2653,.T.);
#1296=ORIENTED_EDGE('',*,*,#2651,.T.);
#1297=ORIENTED_EDGE('',*,*,#2650,.T.);
#1298=ORIENTED_EDGE('',*,*,#2664,.T.);
#1299=ORIENTED_EDGE('',*,*,#2662,.T.);
#1300=ORIENTED_EDGE('',*,*,#2659,.T.);
#1301=ORIENTED_EDGE('',*,*,#2657,.T.);
#1302=ORIENTED_EDGE('',*,*,#2667,.T.);
#1303=ORIENTED_EDGE('',*,*,#2666,.T.);
#1304=ORIENTED_EDGE('',*,*,#2668,.T.);
#1305=ORIENTED_EDGE('',*,*,#2669,.T.);
#1306=ORIENTED_EDGE('',*,*,#2670,.T.);
#1307=ORIENTED_EDGE('',*,*,#2671,.T.);
#1308=ORIENTED_EDGE('',*,*,#2672,.T.);
#1309=ORIENTED_EDGE('',*,*,#2673,.T.);
#1310=ORIENTED_EDGE('',*,*,#2674,.F.);
#1311=ORIENTED_EDGE('',*,*,#2675,.T.);
#1312=ORIENTED_EDGE('',*,*,#2676,.F.);
#1313=ORIENTED_EDGE('',*,*,#2677,.T.);
#1314=ORIENTED_EDGE('',*,*,#2678,.T.);
#1315=ORIENTED_EDGE('',*,*,#2679,.F.);
#1316=ORIENTED_EDGE('',*,*,#2677,.F.);
#1317=ORIENTED_EDGE('',*,*,#2680,.F.);
#1318=ORIENTED_EDGE('',*,*,#2681,.F.);
#1319=ORIENTED_EDGE('',*,*,#2682,.T.);
#1320=ORIENTED_EDGE('',*,*,#2683,.T.);
#1321=ORIENTED_EDGE('',*,*,#2684,.T.);
#1322=ORIENTED_EDGE('',*,*,#2685,.T.);
#1323=ORIENTED_EDGE('',*,*,#2683,.F.);
#1324=ORIENTED_EDGE('',*,*,#2686,.T.);
#1325=ORIENTED_EDGE('',*,*,#2687,.F.);
#1326=ORIENTED_EDGE('',*,*,#2688,.T.);
#1327=ORIENTED_EDGE('',*,*,#2689,.F.);
#1328=ORIENTED_EDGE('',*,*,#2690,.F.);
#1329=ORIENTED_EDGE('',*,*,#2691,.F.);
#1330=ORIENTED_EDGE('',*,*,#2692,.T.);
#1331=ORIENTED_EDGE('',*,*,#2693,.F.);
#1332=ORIENTED_EDGE('',*,*,#2688,.F.);
#1333=ORIENTED_EDGE('',*,*,#2694,.F.);
#1334=ORIENTED_EDGE('',*,*,#2695,.T.);
#1335=ORIENTED_EDGE('',*,*,#2696,.F.);
#1336=ORIENTED_EDGE('',*,*,#2692,.F.);
#1337=ORIENTED_EDGE('',*,*,#2697,.F.);
#1338=ORIENTED_EDGE('',*,*,#2675,.F.);
#1339=ORIENTED_EDGE('',*,*,#2698,.F.);
#1340=ORIENTED_EDGE('',*,*,#2695,.F.);
#1341=ORIENTED_EDGE('',*,*,#2699,.T.);
#1342=ORIENTED_EDGE('',*,*,#2681,.T.);
#1343=ORIENTED_EDGE('',*,*,#2700,.T.);
#1344=ORIENTED_EDGE('',*,*,#2701,.F.);
#1345=ORIENTED_EDGE('',*,*,#2702,.F.);
#1346=ORIENTED_EDGE('',*,*,#2703,.T.);
#1347=ORIENTED_EDGE('',*,*,#2704,.T.);
#1348=ORIENTED_EDGE('',*,*,#2700,.F.);
#1349=ORIENTED_EDGE('',*,*,#2705,.F.);
#1350=ORIENTED_EDGE('',*,*,#2706,.T.);
#1351=ORIENTED_EDGE('',*,*,#2703,.F.);
#1352=ORIENTED_EDGE('',*,*,#2678,.F.);
#1353=ORIENTED_EDGE('',*,*,#2707,.T.);
#1354=ORIENTED_EDGE('',*,*,#2708,.T.);
#1355=ORIENTED_EDGE('',*,*,#2705,.T.);
#1356=ORIENTED_EDGE('',*,*,#2680,.T.);
#1357=ORIENTED_EDGE('',*,*,#2676,.T.);
#1358=ORIENTED_EDGE('',*,*,#2697,.T.);
#1359=ORIENTED_EDGE('',*,*,#2694,.T.);
#1360=ORIENTED_EDGE('',*,*,#2691,.T.);
#1361=ORIENTED_EDGE('',*,*,#2709,.T.);
#1362=ORIENTED_EDGE('',*,*,#2690,.T.);
#1363=ORIENTED_EDGE('',*,*,#2710,.F.);
#1364=ORIENTED_EDGE('',*,*,#2711,.F.);
#1365=ORIENTED_EDGE('',*,*,#2709,.F.);
#1366=ORIENTED_EDGE('',*,*,#2712,.F.);
#1367=ORIENTED_EDGE('',*,*,#2713,.F.);
#1368=ORIENTED_EDGE('',*,*,#2714,.F.);
#1369=ORIENTED_EDGE('',*,*,#2715,.F.);
#1370=ORIENTED_EDGE('',*,*,#2716,.F.);
#1371=ORIENTED_EDGE('',*,*,#2717,.F.);
#1372=ORIENTED_EDGE('',*,*,#2686,.F.);
#1373=ORIENTED_EDGE('',*,*,#2682,.F.);
#1374=ORIENTED_EDGE('',*,*,#2699,.F.);
#1375=ORIENTED_EDGE('',*,*,#2687,.T.);
#1376=ORIENTED_EDGE('',*,*,#2718,.T.);
#1377=ORIENTED_EDGE('',*,*,#2719,.T.);
#1378=ORIENTED_EDGE('',*,*,#2718,.F.);
#1379=ORIENTED_EDGE('',*,*,#2717,.T.);
#1380=ORIENTED_EDGE('',*,*,#2720,.T.);
#1381=ORIENTED_EDGE('',*,*,#2721,.T.);
#1382=ORIENTED_EDGE('',*,*,#2720,.F.);
#1383=ORIENTED_EDGE('',*,*,#2716,.T.);
#1384=ORIENTED_EDGE('',*,*,#2722,.T.);
#1385=ORIENTED_EDGE('',*,*,#2723,.T.);
#1386=ORIENTED_EDGE('',*,*,#2722,.F.);
#1387=ORIENTED_EDGE('',*,*,#2715,.T.);
#1388=ORIENTED_EDGE('',*,*,#2724,.T.);
#1389=ORIENTED_EDGE('',*,*,#2725,.T.);
#1390=ORIENTED_EDGE('',*,*,#2724,.F.);
#1391=ORIENTED_EDGE('',*,*,#2714,.T.);
#1392=ORIENTED_EDGE('',*,*,#2726,.T.);
#1393=ORIENTED_EDGE('',*,*,#2727,.T.);
#1394=ORIENTED_EDGE('',*,*,#2685,.F.);
#1395=ORIENTED_EDGE('',*,*,#2728,.F.);
#1396=ORIENTED_EDGE('',*,*,#2674,.T.);
#1397=ORIENTED_EDGE('',*,*,#2729,.F.);
#1398=ORIENTED_EDGE('',*,*,#2729,.T.);
#1399=ORIENTED_EDGE('',*,*,#2679,.T.);
#1400=ORIENTED_EDGE('',*,*,#2702,.T.);
#1401=ORIENTED_EDGE('',*,*,#2684,.F.);
#1402=ORIENTED_EDGE('',*,*,#2730,.T.);
#1403=ORIENTED_EDGE('',*,*,#2707,.F.);
#1404=ORIENTED_EDGE('',*,*,#2731,.F.);
#1405=ORIENTED_EDGE('',*,*,#2732,.T.);
#1406=ORIENTED_EDGE('',*,*,#2733,.T.);
#1407=ORIENTED_EDGE('',*,*,#2689,.T.);
#1408=ORIENTED_EDGE('',*,*,#2734,.F.);
#1409=ORIENTED_EDGE('',*,*,#2735,.T.);
#1410=ORIENTED_EDGE('',*,*,#2731,.T.);
#1411=ORIENTED_EDGE('',*,*,#2693,.T.);
#1412=ORIENTED_EDGE('',*,*,#2383,.F.);
#1413=ORIENTED_EDGE('',*,*,#2736,.T.);
#1414=ORIENTED_EDGE('',*,*,#2737,.F.);
#1415=ORIENTED_EDGE('',*,*,#2738,.T.);
#1416=ORIENTED_EDGE('',*,*,#2739,.T.);
#1417=ORIENTED_EDGE('',*,*,#2734,.T.);
#1418=ORIENTED_EDGE('',*,*,#2696,.T.);
#1419=ORIENTED_EDGE('',*,*,#2698,.T.);
#1420=ORIENTED_EDGE('',*,*,#2728,.T.);
#1421=ORIENTED_EDGE('',*,*,#2719,.F.);
#1422=ORIENTED_EDGE('',*,*,#2721,.F.);
#1423=ORIENTED_EDGE('',*,*,#2740,.F.);
#1424=ORIENTED_EDGE('',*,*,#2741,.T.);
#1425=ORIENTED_EDGE('',*,*,#2742,.T.);
#1426=ORIENTED_EDGE('',*,*,#2726,.F.);
#1427=ORIENTED_EDGE('',*,*,#2713,.T.);
#1428=ORIENTED_EDGE('',*,*,#2743,.T.);
#1429=ORIENTED_EDGE('',*,*,#2744,.T.);
#1430=ORIENTED_EDGE('',*,*,#2701,.T.);
#1431=ORIENTED_EDGE('',*,*,#2745,.T.);
#1432=ORIENTED_EDGE('',*,*,#2746,.F.);
#1433=ORIENTED_EDGE('',*,*,#2743,.F.);
#1434=ORIENTED_EDGE('',*,*,#2704,.F.);
#1435=ORIENTED_EDGE('',*,*,#2747,.T.);
#1436=ORIENTED_EDGE('',*,*,#2748,.F.);
#1437=ORIENTED_EDGE('',*,*,#2745,.F.);
#1438=ORIENTED_EDGE('',*,*,#2706,.F.);
#1439=ORIENTED_EDGE('',*,*,#2749,.T.);
#1440=ORIENTED_EDGE('',*,*,#2750,.T.);
#1441=ORIENTED_EDGE('',*,*,#2747,.F.);
#1442=ORIENTED_EDGE('',*,*,#2711,.T.);
#1443=ORIENTED_EDGE('',*,*,#2751,.F.);
#1444=ORIENTED_EDGE('',*,*,#2749,.F.);
#1445=ORIENTED_EDGE('',*,*,#2708,.F.);
#1446=ORIENTED_EDGE('',*,*,#2733,.F.);
#1447=ORIENTED_EDGE('',*,*,#2752,.T.);
#1448=ORIENTED_EDGE('',*,*,#2753,.T.);
#1449=ORIENTED_EDGE('',*,*,#2710,.T.);
#1450=ORIENTED_EDGE('',*,*,#2754,.F.);
#1451=ORIENTED_EDGE('',*,*,#2712,.T.);
#1452=ORIENTED_EDGE('',*,*,#2755,.F.);
#1453=ORIENTED_EDGE('',*,*,#2756,.T.);
#1454=ORIENTED_EDGE('',*,*,#2740,.T.);
#1455=ORIENTED_EDGE('',*,*,#2723,.F.);
#1456=ORIENTED_EDGE('',*,*,#2757,.F.);
#1457=ORIENTED_EDGE('',*,*,#2758,.T.);
#1458=ORIENTED_EDGE('',*,*,#2755,.T.);
#1459=ORIENTED_EDGE('',*,*,#2725,.F.);
#1460=ORIENTED_EDGE('',*,*,#2759,.F.);
#1461=ORIENTED_EDGE('',*,*,#2760,.T.);
#1462=ORIENTED_EDGE('',*,*,#2757,.T.);
#1463=ORIENTED_EDGE('',*,*,#2727,.F.);
#1464=ORIENTED_EDGE('',*,*,#2761,.T.);
#1465=ORIENTED_EDGE('',*,*,#2762,.T.);
#1466=ORIENTED_EDGE('',*,*,#2759,.T.);
#1467=ORIENTED_EDGE('',*,*,#2744,.F.);
#1468=ORIENTED_EDGE('',*,*,#2746,.T.);
#1469=ORIENTED_EDGE('',*,*,#2748,.T.);
#1470=ORIENTED_EDGE('',*,*,#2750,.F.);
#1471=ORIENTED_EDGE('',*,*,#2751,.T.);
#1472=ORIENTED_EDGE('',*,*,#2753,.F.);
#1473=ORIENTED_EDGE('',*,*,#2763,.T.);
#1474=ORIENTED_EDGE('',*,*,#2672,.F.);
#1475=ORIENTED_EDGE('',*,*,#2764,.T.);
#1476=ORIENTED_EDGE('',*,*,#2765,.T.);
#1477=ORIENTED_EDGE('',*,*,#2406,.T.);
#1478=ORIENTED_EDGE('',*,*,#2766,.T.);
#1479=ORIENTED_EDGE('',*,*,#2767,.T.);
#1480=ORIENTED_EDGE('',*,*,#2737,.T.);
#1481=ORIENTED_EDGE('',*,*,#2768,.T.);
#1482=ORIENTED_EDGE('',*,*,#2769,.T.);
#1483=ORIENTED_EDGE('',*,*,#2770,.T.);
#1484=ORIENTED_EDGE('',*,*,#2771,.T.);
#1485=ORIENTED_EDGE('',*,*,#2772,.T.);
#1486=ORIENTED_EDGE('',*,*,#2773,.T.);
#1487=ORIENTED_EDGE('',*,*,#2774,.T.);
#1488=ORIENTED_EDGE('',*,*,#2730,.F.);
#1489=ORIENTED_EDGE('',*,*,#2775,.T.);
#1490=ORIENTED_EDGE('',*,*,#2776,.T.);
#1491=ORIENTED_EDGE('',*,*,#2777,.T.);
#1492=ORIENTED_EDGE('',*,*,#2778,.T.);
#1493=ORIENTED_EDGE('',*,*,#2779,.T.);
#1494=ORIENTED_EDGE('',*,*,#2780,.T.);
#1495=ORIENTED_EDGE('',*,*,#2781,.T.);
#1496=ORIENTED_EDGE('',*,*,#2754,.T.);
#1497=ORIENTED_EDGE('',*,*,#2782,.T.);
#1498=ORIENTED_EDGE('',*,*,#2783,.F.);
#1499=ORIENTED_EDGE('',*,*,#2784,.T.);
#1500=ORIENTED_EDGE('',*,*,#2785,.F.);
#1501=ORIENTED_EDGE('',*,*,#2786,.F.);
#1502=ORIENTED_EDGE('',*,*,#2787,.T.);
#1503=ORIENTED_EDGE('',*,*,#2783,.T.);
#1504=ORIENTED_EDGE('',*,*,#2788,.T.);
#1505=ORIENTED_EDGE('',*,*,#2789,.T.);
#1506=ORIENTED_EDGE('',*,*,#2790,.F.);
#1507=ORIENTED_EDGE('',*,*,#2791,.F.);
#1508=ORIENTED_EDGE('',*,*,#2792,.F.);
#1509=ORIENTED_EDGE('',*,*,#2793,.F.);
#1510=ORIENTED_EDGE('',*,*,#2794,.T.);
#1511=ORIENTED_EDGE('',*,*,#2795,.F.);
#1512=ORIENTED_EDGE('',*,*,#2791,.T.);
#1513=ORIENTED_EDGE('',*,*,#2796,.F.);
#1514=ORIENTED_EDGE('',*,*,#2797,.T.);
#1515=ORIENTED_EDGE('',*,*,#2798,.T.);
#1516=ORIENTED_EDGE('',*,*,#2799,.T.);
#1517=ORIENTED_EDGE('',*,*,#2800,.F.);
#1518=ORIENTED_EDGE('',*,*,#2801,.T.);
#1519=ORIENTED_EDGE('',*,*,#2796,.T.);
#1520=ORIENTED_EDGE('',*,*,#2802,.T.);
#1521=ORIENTED_EDGE('',*,*,#2803,.F.);
#1522=ORIENTED_EDGE('',*,*,#2804,.T.);
#1523=ORIENTED_EDGE('',*,*,#2800,.T.);
#1524=ORIENTED_EDGE('',*,*,#2805,.T.);
#1525=ORIENTED_EDGE('',*,*,#2785,.T.);
#1526=ORIENTED_EDGE('',*,*,#2803,.T.);
#1527=ORIENTED_EDGE('',*,*,#2806,.T.);
#1528=ORIENTED_EDGE('',*,*,#2807,.F.);
#1529=ORIENTED_EDGE('',*,*,#2808,.T.);
#1530=ORIENTED_EDGE('',*,*,#2809,.F.);
#1531=ORIENTED_EDGE('',*,*,#2789,.F.);
#1532=ORIENTED_EDGE('',*,*,#2810,.T.);
#1533=ORIENTED_EDGE('',*,*,#2809,.T.);
#1534=ORIENTED_EDGE('',*,*,#2811,.F.);
#1535=ORIENTED_EDGE('',*,*,#2812,.F.);
#1536=ORIENTED_EDGE('',*,*,#2813,.T.);
#1537=ORIENTED_EDGE('',*,*,#2786,.T.);
#1538=ORIENTED_EDGE('',*,*,#2812,.T.);
#1539=ORIENTED_EDGE('',*,*,#2814,.F.);
#1540=ORIENTED_EDGE('',*,*,#2815,.F.);
#1541=ORIENTED_EDGE('',*,*,#2816,.F.);
#1542=ORIENTED_EDGE('',*,*,#2817,.F.);
#1543=ORIENTED_EDGE('',*,*,#2797,.F.);
#1544=ORIENTED_EDGE('',*,*,#2801,.F.);
#1545=ORIENTED_EDGE('',*,*,#2804,.F.);
#1546=ORIENTED_EDGE('',*,*,#2784,.F.);
#1547=ORIENTED_EDGE('',*,*,#2787,.F.);
#1548=ORIENTED_EDGE('',*,*,#2813,.F.);
#1549=ORIENTED_EDGE('',*,*,#2798,.F.);
#1550=ORIENTED_EDGE('',*,*,#2817,.T.);
#1551=ORIENTED_EDGE('',*,*,#2818,.T.);
#1552=ORIENTED_EDGE('',*,*,#2819,.T.);
#1553=ORIENTED_EDGE('',*,*,#2820,.T.);
#1554=ORIENTED_EDGE('',*,*,#2821,.T.);
#1555=ORIENTED_EDGE('',*,*,#2807,.T.);
#1556=ORIENTED_EDGE('',*,*,#2792,.T.);
#1557=ORIENTED_EDGE('',*,*,#2795,.T.);
#1558=ORIENTED_EDGE('',*,*,#2822,.T.);
#1559=ORIENTED_EDGE('',*,*,#2823,.T.);
#1560=ORIENTED_EDGE('',*,*,#2824,.T.);
#1561=ORIENTED_EDGE('',*,*,#2825,.T.);
#1562=ORIENTED_EDGE('',*,*,#2794,.F.);
#1563=ORIENTED_EDGE('',*,*,#2826,.F.);
#1564=ORIENTED_EDGE('',*,*,#2827,.F.);
#1565=ORIENTED_EDGE('',*,*,#2827,.T.);
#1566=ORIENTED_EDGE('',*,*,#2828,.F.);
#1567=ORIENTED_EDGE('',*,*,#2829,.F.);
#1568=ORIENTED_EDGE('',*,*,#2822,.F.);
#1569=ORIENTED_EDGE('',*,*,#2829,.T.);
#1570=ORIENTED_EDGE('',*,*,#2830,.F.);
#1571=ORIENTED_EDGE('',*,*,#2831,.F.);
#1572=ORIENTED_EDGE('',*,*,#2823,.F.);
#1573=ORIENTED_EDGE('',*,*,#2831,.T.);
#1574=ORIENTED_EDGE('',*,*,#2832,.F.);
#1575=ORIENTED_EDGE('',*,*,#2833,.F.);
#1576=ORIENTED_EDGE('',*,*,#2824,.F.);
#1577=ORIENTED_EDGE('',*,*,#2833,.T.);
#1578=ORIENTED_EDGE('',*,*,#2834,.F.);
#1579=ORIENTED_EDGE('',*,*,#2835,.F.);
#1580=ORIENTED_EDGE('',*,*,#2825,.F.);
#1581=ORIENTED_EDGE('',*,*,#2836,.T.);
#1582=ORIENTED_EDGE('',*,*,#2793,.T.);
#1583=ORIENTED_EDGE('',*,*,#2837,.T.);
#1584=ORIENTED_EDGE('',*,*,#2782,.F.);
#1585=ORIENTED_EDGE('',*,*,#2788,.F.);
#1586=ORIENTED_EDGE('',*,*,#2837,.F.);
#1587=ORIENTED_EDGE('',*,*,#2790,.T.);
#1588=ORIENTED_EDGE('',*,*,#2810,.F.);
#1589=ORIENTED_EDGE('',*,*,#2838,.F.);
#1590=ORIENTED_EDGE('',*,*,#2815,.T.);
#1591=ORIENTED_EDGE('',*,*,#2839,.F.);
#1592=ORIENTED_EDGE('',*,*,#2840,.T.);
#1593=ORIENTED_EDGE('',*,*,#2841,.T.);
#1594=ORIENTED_EDGE('',*,*,#2799,.F.);
#1595=ORIENTED_EDGE('',*,*,#2841,.F.);
#1596=ORIENTED_EDGE('',*,*,#2842,.T.);
#1597=ORIENTED_EDGE('',*,*,#2843,.T.);
#1598=ORIENTED_EDGE('',*,*,#2802,.F.);
#1599=ORIENTED_EDGE('',*,*,#2844,.T.);
#1600=ORIENTED_EDGE('',*,*,#2845,.T.);
#1601=ORIENTED_EDGE('',*,*,#2399,.T.);
#1602=ORIENTED_EDGE('',*,*,#2846,.T.);
#1603=ORIENTED_EDGE('',*,*,#2847,.T.);
#1604=ORIENTED_EDGE('',*,*,#2848,.F.);
#1605=ORIENTED_EDGE('',*,*,#2835,.T.);
#1606=ORIENTED_EDGE('',*,*,#2849,.F.);
#1607=ORIENTED_EDGE('',*,*,#2850,.F.);
#1608=ORIENTED_EDGE('',*,*,#2821,.F.);
#1609=ORIENTED_EDGE('',*,*,#2808,.F.);
#1610=ORIENTED_EDGE('',*,*,#2850,.T.);
#1611=ORIENTED_EDGE('',*,*,#2851,.T.);
#1612=ORIENTED_EDGE('',*,*,#2852,.F.);
#1613=ORIENTED_EDGE('',*,*,#2811,.T.);
#1614=ORIENTED_EDGE('',*,*,#2852,.T.);
#1615=ORIENTED_EDGE('',*,*,#2853,.T.);
#1616=ORIENTED_EDGE('',*,*,#2854,.F.);
#1617=ORIENTED_EDGE('',*,*,#2814,.T.);
#1618=ORIENTED_EDGE('',*,*,#2854,.T.);
#1619=ORIENTED_EDGE('',*,*,#2855,.F.);
#1620=ORIENTED_EDGE('',*,*,#2856,.F.);
#1621=ORIENTED_EDGE('',*,*,#2818,.F.);
#1622=ORIENTED_EDGE('',*,*,#2816,.T.);
#1623=ORIENTED_EDGE('',*,*,#2856,.T.);
#1624=ORIENTED_EDGE('',*,*,#2857,.T.);
#1625=ORIENTED_EDGE('',*,*,#2858,.F.);
#1626=ORIENTED_EDGE('',*,*,#2859,.T.);
#1627=ORIENTED_EDGE('',*,*,#2839,.T.);
#1628=ORIENTED_EDGE('',*,*,#2819,.F.);
#1629=ORIENTED_EDGE('',*,*,#2860,.T.);
#1630=ORIENTED_EDGE('',*,*,#2820,.F.);
#1631=ORIENTED_EDGE('',*,*,#2377,.T.);
#1632=ORIENTED_EDGE('',*,*,#2861,.T.);
#1633=ORIENTED_EDGE('',*,*,#2848,.T.);
#1634=ORIENTED_EDGE('',*,*,#2862,.T.);
#1635=ORIENTED_EDGE('',*,*,#2863,.T.);
#1636=ORIENTED_EDGE('',*,*,#2864,.T.);
#1637=ORIENTED_EDGE('',*,*,#2828,.T.);
#1638=ORIENTED_EDGE('',*,*,#2826,.T.);
#1639=ORIENTED_EDGE('',*,*,#2836,.F.);
#1640=ORIENTED_EDGE('',*,*,#2806,.F.);
#1641=ORIENTED_EDGE('',*,*,#2805,.F.);
#1642=ORIENTED_EDGE('',*,*,#2843,.F.);
#1643=ORIENTED_EDGE('',*,*,#2865,.T.);
#1644=ORIENTED_EDGE('',*,*,#2866,.T.);
#1645=ORIENTED_EDGE('',*,*,#2864,.F.);
#1646=ORIENTED_EDGE('',*,*,#2867,.T.);
#1647=ORIENTED_EDGE('',*,*,#2868,.T.);
#1648=ORIENTED_EDGE('',*,*,#2830,.T.);
#1649=ORIENTED_EDGE('',*,*,#2868,.F.);
#1650=ORIENTED_EDGE('',*,*,#2869,.T.);
#1651=ORIENTED_EDGE('',*,*,#2870,.T.);
#1652=ORIENTED_EDGE('',*,*,#2832,.T.);
#1653=ORIENTED_EDGE('',*,*,#2870,.F.);
#1654=ORIENTED_EDGE('',*,*,#2871,.T.);
#1655=ORIENTED_EDGE('',*,*,#2872,.T.);
#1656=ORIENTED_EDGE('',*,*,#2834,.T.);
#1657=ORIENTED_EDGE('',*,*,#2873,.T.);
#1658=ORIENTED_EDGE('',*,*,#2874,.T.);
#1659=ORIENTED_EDGE('',*,*,#2858,.T.);
#1660=ORIENTED_EDGE('',*,*,#2857,.F.);
#1661=ORIENTED_EDGE('',*,*,#2855,.T.);
#1662=ORIENTED_EDGE('',*,*,#2853,.F.);
#1663=ORIENTED_EDGE('',*,*,#2851,.F.);
#1664=ORIENTED_EDGE('',*,*,#2849,.T.);
#1665=ORIENTED_EDGE('',*,*,#2872,.F.);
#1666=ORIENTED_EDGE('',*,*,#2875,.T.);
#1667=ORIENTED_EDGE('',*,*,#2876,.T.);
#1668=ORIENTED_EDGE('',*,*,#2877,.T.);
#1669=ORIENTED_EDGE('',*,*,#2878,.T.);
#1670=ORIENTED_EDGE('',*,*,#2879,.T.);
#1671=ORIENTED_EDGE('',*,*,#2880,.T.);
#1672=ORIENTED_EDGE('',*,*,#2881,.T.);
#1673=ORIENTED_EDGE('',*,*,#2882,.T.);
#1674=ORIENTED_EDGE('',*,*,#2838,.T.);
#1675=ORIENTED_EDGE('',*,*,#2883,.T.);
#1676=ORIENTED_EDGE('',*,*,#2884,.T.);
#1677=ORIENTED_EDGE('',*,*,#2885,.T.);
#1678=ORIENTED_EDGE('',*,*,#2886,.T.);
#1679=ORIENTED_EDGE('',*,*,#2887,.T.);
#1680=ORIENTED_EDGE('',*,*,#2888,.T.);
#1681=ORIENTED_EDGE('',*,*,#2889,.T.);
#1682=ORIENTED_EDGE('',*,*,#2860,.F.);
#1683=ORIENTED_EDGE('',*,*,#2890,.T.);
#1684=ORIENTED_EDGE('',*,*,#2891,.T.);
#1685=ORIENTED_EDGE('',*,*,#2892,.T.);
#1686=ORIENTED_EDGE('',*,*,#2893,.T.);
#1687=ORIENTED_EDGE('',*,*,#2873,.F.);
#1688=ORIENTED_EDGE('',*,*,#2894,.T.);
#1689=ORIENTED_EDGE('',*,*,#2895,.T.);
#1690=ORIENTED_EDGE('',*,*,#2896,.T.);
#1691=ORIENTED_EDGE('',*,*,#2897,.T.);
#1692=ORIENTED_EDGE('',*,*,#2898,.T.);
#1693=ORIENTED_EDGE('',*,*,#2899,.T.);
#1694=ORIENTED_EDGE('',*,*,#2900,.T.);
#1695=ORIENTED_EDGE('',*,*,#2901,.T.);
#1696=ORIENTED_EDGE('',*,*,#2902,.T.);
#1697=ORIENTED_EDGE('',*,*,#2485,.T.);
#1698=ORIENTED_EDGE('',*,*,#2903,.F.);
#1699=ORIENTED_EDGE('',*,*,#2486,.T.);
#1700=ORIENTED_EDGE('',*,*,#2904,.F.);
#1701=ORIENTED_EDGE('',*,*,#2487,.T.);
#1702=ORIENTED_EDGE('',*,*,#2905,.F.);
#1703=ORIENTED_EDGE('',*,*,#2488,.T.);
#1704=ORIENTED_EDGE('',*,*,#2906,.F.);
#1705=ORIENTED_EDGE('',*,*,#2489,.T.);
#1706=ORIENTED_EDGE('',*,*,#2907,.F.);
#1707=ORIENTED_EDGE('',*,*,#2490,.T.);
#1708=ORIENTED_EDGE('',*,*,#2908,.F.);
#1709=ORIENTED_EDGE('',*,*,#2491,.T.);
#1710=ORIENTED_EDGE('',*,*,#2909,.F.);
#1711=ORIENTED_EDGE('',*,*,#2492,.T.);
#1712=ORIENTED_EDGE('',*,*,#2910,.F.);
#1713=ORIENTED_EDGE('',*,*,#2493,.T.);
#1714=ORIENTED_EDGE('',*,*,#2911,.F.);
#1715=ORIENTED_EDGE('',*,*,#2494,.T.);
#1716=ORIENTED_EDGE('',*,*,#2912,.F.);
#1717=ORIENTED_EDGE('',*,*,#2495,.T.);
#1718=ORIENTED_EDGE('',*,*,#2913,.F.);
#1719=ORIENTED_EDGE('',*,*,#2496,.T.);
#1720=ORIENTED_EDGE('',*,*,#2914,.F.);
#1721=ORIENTED_EDGE('',*,*,#2497,.T.);
#1722=ORIENTED_EDGE('',*,*,#2915,.F.);
#1723=ORIENTED_EDGE('',*,*,#2498,.T.);
#1724=ORIENTED_EDGE('',*,*,#2916,.F.);
#1725=ORIENTED_EDGE('',*,*,#2499,.T.);
#1726=ORIENTED_EDGE('',*,*,#2917,.F.);
#1727=ORIENTED_EDGE('',*,*,#2500,.T.);
#1728=ORIENTED_EDGE('',*,*,#2918,.F.);
#1729=ORIENTED_EDGE('',*,*,#2501,.T.);
#1730=ORIENTED_EDGE('',*,*,#2919,.F.);
#1731=ORIENTED_EDGE('',*,*,#2502,.T.);
#1732=ORIENTED_EDGE('',*,*,#2920,.F.);
#1733=ORIENTED_EDGE('',*,*,#2503,.T.);
#1734=ORIENTED_EDGE('',*,*,#2921,.F.);
#1735=ORIENTED_EDGE('',*,*,#2504,.T.);
#1736=ORIENTED_EDGE('',*,*,#2922,.F.);
#1737=ORIENTED_EDGE('',*,*,#2505,.T.);
#1738=ORIENTED_EDGE('',*,*,#2923,.F.);
#1739=ORIENTED_EDGE('',*,*,#2924,.T.);
#1740=ORIENTED_EDGE('',*,*,#2923,.T.);
#1741=ORIENTED_EDGE('',*,*,#2922,.T.);
#1742=ORIENTED_EDGE('',*,*,#2918,.T.);
#1743=ORIENTED_EDGE('',*,*,#2917,.T.);
#1744=ORIENTED_EDGE('',*,*,#2914,.T.);
#1745=ORIENTED_EDGE('',*,*,#2911,.T.);
#1746=ORIENTED_EDGE('',*,*,#2904,.T.);
#1747=ORIENTED_EDGE('',*,*,#2906,.T.);
#1748=ORIENTED_EDGE('',*,*,#2916,.T.);
#1749=ORIENTED_EDGE('',*,*,#2915,.T.);
#1750=ORIENTED_EDGE('',*,*,#2913,.T.);
#1751=ORIENTED_EDGE('',*,*,#2910,.T.);
#1752=ORIENTED_EDGE('',*,*,#2909,.T.);
#1753=ORIENTED_EDGE('',*,*,#2908,.T.);
#1754=ORIENTED_EDGE('',*,*,#2903,.T.);
#1755=ORIENTED_EDGE('',*,*,#2905,.T.);
#1756=ORIENTED_EDGE('',*,*,#2912,.T.);
#1757=ORIENTED_EDGE('',*,*,#2921,.T.);
#1758=ORIENTED_EDGE('',*,*,#2907,.T.);
#1759=ORIENTED_EDGE('',*,*,#2919,.T.);
#1760=ORIENTED_EDGE('',*,*,#2920,.T.);
#1761=ORIENTED_EDGE('',*,*,#2878,.F.);
#1762=ORIENTED_EDGE('',*,*,#2925,.T.);
#1763=ORIENTED_EDGE('',*,*,#2445,.F.);
#1764=ORIENTED_EDGE('',*,*,#2926,.T.);
#1765=ORIENTED_EDGE('',*,*,#2927,.T.);
#1766=ORIENTED_EDGE('',*,*,#2439,.F.);
#1767=ORIENTED_EDGE('',*,*,#2928,.T.);
#1768=ORIENTED_EDGE('',*,*,#2774,.F.);
#1769=ORIENTED_EDGE('',*,*,#2929,.T.);
#1770=ORIENTED_EDGE('',*,*,#2930,.T.);
#1771=ORIENTED_EDGE('',*,*,#2931,.T.);
#1772=ORIENTED_EDGE('',*,*,#2932,.T.);
#1773=ORIENTED_EDGE('',*,*,#2775,.F.);
#1774=ORIENTED_EDGE('',*,*,#2933,.T.);
#1775=ORIENTED_EDGE('',*,*,#2435,.F.);
#1776=ORIENTED_EDGE('',*,*,#2934,.T.);
#1777=ORIENTED_EDGE('',*,*,#2935,.T.);
#1778=ORIENTED_EDGE('',*,*,#2429,.F.);
#1779=ORIENTED_EDGE('',*,*,#2936,.T.);
#1780=ORIENTED_EDGE('',*,*,#2889,.F.);
#1781=ORIENTED_EDGE('',*,*,#2936,.F.);
#1782=ORIENTED_EDGE('',*,*,#2937,.T.);
#1783=ORIENTED_EDGE('',*,*,#2890,.F.);
#1784=ORIENTED_EDGE('',*,*,#2938,.F.);
#1785=ORIENTED_EDGE('',*,*,#2938,.T.);
#1786=ORIENTED_EDGE('',*,*,#2894,.F.);
#1787=ORIENTED_EDGE('',*,*,#2939,.F.);
#1788=ORIENTED_EDGE('',*,*,#2883,.F.);
#1789=ORIENTED_EDGE('',*,*,#2939,.T.);
#1790=ORIENTED_EDGE('',*,*,#2875,.F.);
#1791=ORIENTED_EDGE('',*,*,#2940,.F.);
#1792=ORIENTED_EDGE('',*,*,#2884,.F.);
#1793=ORIENTED_EDGE('',*,*,#2940,.T.);
#1794=ORIENTED_EDGE('',*,*,#2871,.F.);
#1795=ORIENTED_EDGE('',*,*,#2941,.F.);
#1796=ORIENTED_EDGE('',*,*,#2885,.F.);
#1797=ORIENTED_EDGE('',*,*,#2941,.T.);
#1798=ORIENTED_EDGE('',*,*,#2869,.F.);
#1799=ORIENTED_EDGE('',*,*,#2942,.F.);
#1800=ORIENTED_EDGE('',*,*,#2886,.F.);
#1801=ORIENTED_EDGE('',*,*,#2942,.T.);
#1802=ORIENTED_EDGE('',*,*,#2867,.F.);
#1803=ORIENTED_EDGE('',*,*,#2943,.F.);
#1804=ORIENTED_EDGE('',*,*,#2887,.F.);
#1805=ORIENTED_EDGE('',*,*,#2943,.T.);
#1806=ORIENTED_EDGE('',*,*,#2863,.F.);
#1807=ORIENTED_EDGE('',*,*,#2944,.F.);
#1808=ORIENTED_EDGE('',*,*,#2888,.F.);
#1809=ORIENTED_EDGE('',*,*,#2944,.T.);
#1810=ORIENTED_EDGE('',*,*,#2862,.F.);
#1811=ORIENTED_EDGE('',*,*,#2945,.F.);
#1812=ORIENTED_EDGE('',*,*,#2934,.F.);
#1813=ORIENTED_EDGE('',*,*,#2945,.T.);
#1814=ORIENTED_EDGE('',*,*,#2847,.F.);
#1815=ORIENTED_EDGE('',*,*,#2946,.F.);
#1816=ORIENTED_EDGE('',*,*,#2935,.F.);
#1817=ORIENTED_EDGE('',*,*,#2946,.T.);
#1818=ORIENTED_EDGE('',*,*,#2846,.F.);
#1819=ORIENTED_EDGE('',*,*,#2947,.F.);
#1820=ORIENTED_EDGE('',*,*,#2430,.F.);
#1821=ORIENTED_EDGE('',*,*,#2947,.T.);
#1822=ORIENTED_EDGE('',*,*,#2401,.F.);
#1823=ORIENTED_EDGE('',*,*,#2948,.F.);
#1824=ORIENTED_EDGE('',*,*,#2431,.F.);
#1825=ORIENTED_EDGE('',*,*,#2948,.T.);
#1826=ORIENTED_EDGE('',*,*,#2393,.F.);
#1827=ORIENTED_EDGE('',*,*,#2949,.F.);
#1828=ORIENTED_EDGE('',*,*,#2432,.F.);
#1829=ORIENTED_EDGE('',*,*,#2949,.T.);
#1830=ORIENTED_EDGE('',*,*,#2405,.F.);
#1831=ORIENTED_EDGE('',*,*,#2950,.F.);
#1832=ORIENTED_EDGE('',*,*,#2433,.F.);
#1833=ORIENTED_EDGE('',*,*,#2950,.T.);
#1834=ORIENTED_EDGE('',*,*,#2385,.F.);
#1835=ORIENTED_EDGE('',*,*,#2951,.F.);
#1836=ORIENTED_EDGE('',*,*,#2434,.F.);
#1837=ORIENTED_EDGE('',*,*,#2951,.T.);
#1838=ORIENTED_EDGE('',*,*,#2384,.F.);
#1839=ORIENTED_EDGE('',*,*,#2952,.F.);
#1840=ORIENTED_EDGE('',*,*,#2931,.F.);
#1841=ORIENTED_EDGE('',*,*,#2952,.T.);
#1842=ORIENTED_EDGE('',*,*,#2742,.F.);
#1843=ORIENTED_EDGE('',*,*,#2953,.F.);
#1844=ORIENTED_EDGE('',*,*,#2932,.F.);
#1845=ORIENTED_EDGE('',*,*,#2953,.T.);
#1846=ORIENTED_EDGE('',*,*,#2741,.F.);
#1847=ORIENTED_EDGE('',*,*,#2954,.F.);
#1848=ORIENTED_EDGE('',*,*,#2776,.F.);
#1849=ORIENTED_EDGE('',*,*,#2954,.T.);
#1850=ORIENTED_EDGE('',*,*,#2756,.F.);
#1851=ORIENTED_EDGE('',*,*,#2955,.F.);
#1852=ORIENTED_EDGE('',*,*,#2777,.F.);
#1853=ORIENTED_EDGE('',*,*,#2955,.T.);
#1854=ORIENTED_EDGE('',*,*,#2758,.F.);
#1855=ORIENTED_EDGE('',*,*,#2956,.F.);
#1856=ORIENTED_EDGE('',*,*,#2778,.F.);
#1857=ORIENTED_EDGE('',*,*,#2670,.F.);
#1858=ORIENTED_EDGE('',*,*,#2957,.T.);
#1859=ORIENTED_EDGE('',*,*,#2933,.F.);
#1860=ORIENTED_EDGE('',*,*,#2958,.F.);
#1861=ORIENTED_EDGE('',*,*,#2956,.T.);
#1862=ORIENTED_EDGE('',*,*,#2760,.F.);
#1863=ORIENTED_EDGE('',*,*,#2959,.F.);
#1864=ORIENTED_EDGE('',*,*,#2779,.F.);
#1865=ORIENTED_EDGE('',*,*,#2958,.T.);
#1866=ORIENTED_EDGE('',*,*,#2781,.F.);
#1867=ORIENTED_EDGE('',*,*,#2960,.F.);
#1868=ORIENTED_EDGE('',*,*,#2761,.F.);
#1869=ORIENTED_EDGE('',*,*,#2671,.F.);
#1870=ORIENTED_EDGE('',*,*,#2959,.T.);
#1871=ORIENTED_EDGE('',*,*,#2762,.F.);
#1872=ORIENTED_EDGE('',*,*,#2960,.T.);
#1873=ORIENTED_EDGE('',*,*,#2780,.F.);
#1874=ORIENTED_EDGE('',*,*,#2892,.F.);
#1875=ORIENTED_EDGE('',*,*,#2961,.T.);
#1876=ORIENTED_EDGE('',*,*,#2925,.F.);
#1877=ORIENTED_EDGE('',*,*,#2962,.F.);
#1878=ORIENTED_EDGE('',*,*,#2962,.T.);
#1879=ORIENTED_EDGE('',*,*,#2877,.F.);
#1880=ORIENTED_EDGE('',*,*,#2963,.F.);
#1881=ORIENTED_EDGE('',*,*,#2893,.F.);
#1882=ORIENTED_EDGE('',*,*,#2963,.T.);
#1883=ORIENTED_EDGE('',*,*,#2876,.F.);
#1884=ORIENTED_EDGE('',*,*,#2964,.F.);
#1885=ORIENTED_EDGE('',*,*,#2874,.F.);
#1886=ORIENTED_EDGE('',*,*,#2964,.T.);
#1887=ORIENTED_EDGE('',*,*,#2882,.F.);
#1888=ORIENTED_EDGE('',*,*,#2965,.F.);
#1889=ORIENTED_EDGE('',*,*,#2859,.F.);
#1890=ORIENTED_EDGE('',*,*,#2965,.T.);
#1891=ORIENTED_EDGE('',*,*,#2881,.F.);
#1892=ORIENTED_EDGE('',*,*,#2966,.F.);
#1893=ORIENTED_EDGE('',*,*,#2840,.F.);
#1894=ORIENTED_EDGE('',*,*,#2966,.T.);
#1895=ORIENTED_EDGE('',*,*,#2880,.F.);
#1896=ORIENTED_EDGE('',*,*,#2967,.F.);
#1897=ORIENTED_EDGE('',*,*,#2842,.F.);
#1898=ORIENTED_EDGE('',*,*,#2967,.T.);
#1899=ORIENTED_EDGE('',*,*,#2879,.F.);
#1900=ORIENTED_EDGE('',*,*,#2968,.F.);
#1901=ORIENTED_EDGE('',*,*,#2865,.F.);
#1902=ORIENTED_EDGE('',*,*,#2968,.T.);
#1903=ORIENTED_EDGE('',*,*,#2927,.F.);
#1904=ORIENTED_EDGE('',*,*,#2969,.F.);
#1905=ORIENTED_EDGE('',*,*,#2866,.F.);
#1906=ORIENTED_EDGE('',*,*,#2969,.T.);
#1907=ORIENTED_EDGE('',*,*,#2926,.F.);
#1908=ORIENTED_EDGE('',*,*,#2970,.F.);
#1909=ORIENTED_EDGE('',*,*,#2378,.F.);
#1910=ORIENTED_EDGE('',*,*,#2970,.T.);
#1911=ORIENTED_EDGE('',*,*,#2444,.F.);
#1912=ORIENTED_EDGE('',*,*,#2971,.F.);
#1913=ORIENTED_EDGE('',*,*,#2379,.F.);
#1914=ORIENTED_EDGE('',*,*,#2971,.T.);
#1915=ORIENTED_EDGE('',*,*,#2443,.F.);
#1916=ORIENTED_EDGE('',*,*,#2972,.F.);
#1917=ORIENTED_EDGE('',*,*,#2403,.F.);
#1918=ORIENTED_EDGE('',*,*,#2972,.T.);
#1919=ORIENTED_EDGE('',*,*,#2442,.F.);
#1920=ORIENTED_EDGE('',*,*,#2973,.F.);
#1921=ORIENTED_EDGE('',*,*,#2397,.F.);
#1922=ORIENTED_EDGE('',*,*,#2973,.T.);
#1923=ORIENTED_EDGE('',*,*,#2441,.F.);
#1924=ORIENTED_EDGE('',*,*,#2974,.F.);
#1925=ORIENTED_EDGE('',*,*,#2408,.F.);
#1926=ORIENTED_EDGE('',*,*,#2974,.T.);
#1927=ORIENTED_EDGE('',*,*,#2440,.F.);
#1928=ORIENTED_EDGE('',*,*,#2975,.F.);
#1929=ORIENTED_EDGE('',*,*,#2766,.F.);
#1930=ORIENTED_EDGE('',*,*,#2975,.T.);
#1931=ORIENTED_EDGE('',*,*,#2930,.F.);
#1932=ORIENTED_EDGE('',*,*,#2976,.F.);
#1933=ORIENTED_EDGE('',*,*,#2767,.F.);
#1934=ORIENTED_EDGE('',*,*,#2976,.T.);
#1935=ORIENTED_EDGE('',*,*,#2929,.F.);
#1936=ORIENTED_EDGE('',*,*,#2977,.F.);
#1937=ORIENTED_EDGE('',*,*,#2738,.F.);
#1938=ORIENTED_EDGE('',*,*,#2977,.T.);
#1939=ORIENTED_EDGE('',*,*,#2773,.F.);
#1940=ORIENTED_EDGE('',*,*,#2978,.F.);
#1941=ORIENTED_EDGE('',*,*,#2739,.F.);
#1942=ORIENTED_EDGE('',*,*,#2978,.T.);
#1943=ORIENTED_EDGE('',*,*,#2772,.F.);
#1944=ORIENTED_EDGE('',*,*,#2979,.F.);
#1945=ORIENTED_EDGE('',*,*,#2735,.F.);
#1946=ORIENTED_EDGE('',*,*,#2979,.T.);
#1947=ORIENTED_EDGE('',*,*,#2771,.F.);
#1948=ORIENTED_EDGE('',*,*,#2980,.F.);
#1949=ORIENTED_EDGE('',*,*,#2732,.F.);
#1950=ORIENTED_EDGE('',*,*,#2928,.F.);
#1951=ORIENTED_EDGE('',*,*,#2981,.T.);
#1952=ORIENTED_EDGE('',*,*,#2668,.F.);
#1953=ORIENTED_EDGE('',*,*,#2982,.F.);
#1954=ORIENTED_EDGE('',*,*,#2980,.T.);
#1955=ORIENTED_EDGE('',*,*,#2770,.F.);
#1956=ORIENTED_EDGE('',*,*,#2983,.F.);
#1957=ORIENTED_EDGE('',*,*,#2752,.F.);
#1958=ORIENTED_EDGE('',*,*,#2982,.T.);
#1959=ORIENTED_EDGE('',*,*,#2673,.F.);
#1960=ORIENTED_EDGE('',*,*,#2984,.F.);
#1961=ORIENTED_EDGE('',*,*,#2768,.F.);
#1962=ORIENTED_EDGE('',*,*,#2983,.T.);
#1963=ORIENTED_EDGE('',*,*,#2769,.F.);
#1964=ORIENTED_EDGE('',*,*,#2984,.T.);
#1965=ORIENTED_EDGE('',*,*,#2763,.F.);
#1966=ORIENTED_EDGE('',*,*,#2395,.F.);
#1967=ORIENTED_EDGE('',*,*,#2985,.T.);
#1968=ORIENTED_EDGE('',*,*,#2986,.T.);
#1969=ORIENTED_EDGE('',*,*,#2899,.F.);
#1970=ORIENTED_EDGE('',*,*,#2987,.T.);
#1971=ORIENTED_EDGE('',*,*,#2988,.T.);
#1972=ORIENTED_EDGE('',*,*,#2391,.F.);
#1973=ORIENTED_EDGE('',*,*,#2989,.T.);
#1974=ORIENTED_EDGE('',*,*,#2389,.F.);
#1975=ORIENTED_EDGE('',*,*,#2990,.T.);
#1976=ORIENTED_EDGE('',*,*,#2991,.T.);
#1977=ORIENTED_EDGE('',*,*,#2895,.F.);
#1978=ORIENTED_EDGE('',*,*,#2992,.T.);
#1979=ORIENTED_EDGE('',*,*,#2993,.T.);
#1980=ORIENTED_EDGE('',*,*,#2404,.F.);
#1981=ORIENTED_EDGE('',*,*,#2993,.F.);
#1982=ORIENTED_EDGE('',*,*,#2994,.F.);
#1983=ORIENTED_EDGE('',*,*,#2994,.T.);
#1984=ORIENTED_EDGE('',*,*,#2992,.F.);
#1985=ORIENTED_EDGE('',*,*,#2995,.F.);
#1986=ORIENTED_EDGE('',*,*,#2381,.F.);
#1987=ORIENTED_EDGE('',*,*,#2995,.T.);
#1988=ORIENTED_EDGE('',*,*,#2898,.F.);
#1989=ORIENTED_EDGE('',*,*,#2996,.F.);
#1990=ORIENTED_EDGE('',*,*,#2382,.F.);
#1991=ORIENTED_EDGE('',*,*,#2996,.T.);
#1992=ORIENTED_EDGE('',*,*,#2897,.F.);
#1993=ORIENTED_EDGE('',*,*,#2997,.F.);
#1994=ORIENTED_EDGE('',*,*,#2736,.F.);
#1995=ORIENTED_EDGE('',*,*,#2997,.T.);
#1996=ORIENTED_EDGE('',*,*,#2896,.F.);
#1997=ORIENTED_EDGE('',*,*,#2998,.F.);
#1998=ORIENTED_EDGE('',*,*,#2764,.F.);
#1999=ORIENTED_EDGE('',*,*,#2998,.T.);
#2000=ORIENTED_EDGE('',*,*,#2991,.F.);
#2001=ORIENTED_EDGE('',*,*,#2999,.F.);
#2002=ORIENTED_EDGE('',*,*,#2765,.F.);
#2003=ORIENTED_EDGE('',*,*,#2999,.T.);
#2004=ORIENTED_EDGE('',*,*,#2990,.F.);
#2005=ORIENTED_EDGE('',*,*,#2407,.F.);
#2006=ORIENTED_EDGE('',*,*,#2402,.F.);
#2007=ORIENTED_EDGE('',*,*,#2988,.F.);
#2008=ORIENTED_EDGE('',*,*,#3000,.F.);
#2009=ORIENTED_EDGE('',*,*,#3000,.T.);
#2010=ORIENTED_EDGE('',*,*,#2987,.F.);
#2011=ORIENTED_EDGE('',*,*,#3001,.F.);
#2012=ORIENTED_EDGE('',*,*,#2375,.F.);
#2013=ORIENTED_EDGE('',*,*,#3001,.T.);
#2014=ORIENTED_EDGE('',*,*,#2902,.F.);
#2015=ORIENTED_EDGE('',*,*,#3002,.F.);
#2016=ORIENTED_EDGE('',*,*,#2376,.F.);
#2017=ORIENTED_EDGE('',*,*,#3002,.T.);
#2018=ORIENTED_EDGE('',*,*,#2901,.F.);
#2019=ORIENTED_EDGE('',*,*,#3003,.F.);
#2020=ORIENTED_EDGE('',*,*,#2861,.F.);
#2021=ORIENTED_EDGE('',*,*,#3003,.T.);
#2022=ORIENTED_EDGE('',*,*,#2900,.F.);
#2023=ORIENTED_EDGE('',*,*,#3004,.F.);
#2024=ORIENTED_EDGE('',*,*,#2844,.F.);
#2025=ORIENTED_EDGE('',*,*,#3004,.T.);
#2026=ORIENTED_EDGE('',*,*,#2986,.F.);
#2027=ORIENTED_EDGE('',*,*,#3005,.F.);
#2028=ORIENTED_EDGE('',*,*,#2845,.F.);
#2029=ORIENTED_EDGE('',*,*,#3005,.T.);
#2030=ORIENTED_EDGE('',*,*,#2985,.F.);
#2031=ORIENTED_EDGE('',*,*,#2400,.F.);
#2032=ORIENTED_EDGE('',*,*,#2924,.F.);
#2033=ORIENTED_EDGE('',*,*,#2386,.F.);
#2034=ORIENTED_EDGE('',*,*,#3006,.F.);
#2035=ORIENTED_EDGE('',*,*,#2388,.F.);
#2036=ORIENTED_EDGE('',*,*,#3007,.F.);
#2037=ORIENTED_EDGE('',*,*,#2390,.F.);
#2038=ORIENTED_EDGE('',*,*,#3007,.T.);
#2039=ORIENTED_EDGE('',*,*,#2387,.F.);
#2040=ORIENTED_EDGE('',*,*,#3006,.T.);
#2041=ORIENTED_EDGE('',*,*,#2989,.F.);
#2042=ORIENTED_EDGE('',*,*,#3008,.T.);
#2043=ORIENTED_EDGE('',*,*,#3009,.T.);
#2044=ORIENTED_EDGE('',*,*,#2451,.F.);
#2045=ORIENTED_EDGE('',*,*,#3010,.T.);
#2046=ORIENTED_EDGE('',*,*,#3011,.T.);
#2047=ORIENTED_EDGE('',*,*,#3012,.T.);
#2048=ORIENTED_EDGE('',*,*,#3013,.T.);
#2049=ORIENTED_EDGE('',*,*,#2449,.F.);
#2050=ORIENTED_EDGE('',*,*,#3014,.T.);
#2051=ORIENTED_EDGE('',*,*,#3015,.T.);
#2052=ORIENTED_EDGE('',*,*,#2446,.F.);
#2053=ORIENTED_EDGE('',*,*,#2961,.F.);
#2054=ORIENTED_EDGE('',*,*,#3016,.F.);
#2055=ORIENTED_EDGE('',*,*,#3016,.T.);
#2056=ORIENTED_EDGE('',*,*,#2891,.F.);
#2057=ORIENTED_EDGE('',*,*,#3017,.F.);
#2058=ORIENTED_EDGE('',*,*,#2427,.F.);
#2059=ORIENTED_EDGE('',*,*,#3017,.T.);
#2060=ORIENTED_EDGE('',*,*,#2937,.F.);
#2061=ORIENTED_EDGE('',*,*,#2428,.F.);
#2062=ORIENTED_EDGE('',*,*,#2981,.F.);
#2063=ORIENTED_EDGE('',*,*,#2438,.F.);
#2064=ORIENTED_EDGE('',*,*,#3018,.F.);
#2065=ORIENTED_EDGE('',*,*,#3018,.T.);
#2066=ORIENTED_EDGE('',*,*,#2437,.F.);
#2067=ORIENTED_EDGE('',*,*,#3019,.F.);
#2068=ORIENTED_EDGE('',*,*,#2669,.F.);
#2069=ORIENTED_EDGE('',*,*,#2436,.F.);
#2070=ORIENTED_EDGE('',*,*,#2957,.F.);
#2071=ORIENTED_EDGE('',*,*,#3019,.T.);
#2072=ORIENTED_EDGE('',*,*,#3020,.T.);
#2073=ORIENTED_EDGE('',*,*,#3021,.T.);
#2074=ORIENTED_EDGE('',*,*,#3022,.T.);
#2075=ORIENTED_EDGE('',*,*,#3023,.T.);
#2076=ORIENTED_EDGE('',*,*,#3024,.T.);
#2077=ORIENTED_EDGE('',*,*,#3025,.T.);
#2078=ORIENTED_EDGE('',*,*,#3026,.T.);
#2079=ORIENTED_EDGE('',*,*,#3027,.T.);
#2080=ORIENTED_EDGE('',*,*,#3028,.F.);
#2081=ORIENTED_EDGE('',*,*,#3029,.T.);
#2082=ORIENTED_EDGE('',*,*,#3030,.F.);
#2083=ORIENTED_EDGE('',*,*,#3031,.T.);
#2084=ORIENTED_EDGE('',*,*,#3032,.T.);
#2085=ORIENTED_EDGE('',*,*,#3033,.T.);
#2086=ORIENTED_EDGE('',*,*,#3034,.T.);
#2087=ORIENTED_EDGE('',*,*,#3035,.T.);
#2088=ORIENTED_EDGE('',*,*,#3036,.T.);
#2089=ORIENTED_EDGE('',*,*,#3037,.T.);
#2090=ORIENTED_EDGE('',*,*,#3038,.T.);
#2091=ORIENTED_EDGE('',*,*,#3039,.T.);
#2092=ORIENTED_EDGE('',*,*,#3040,.T.);
#2093=ORIENTED_EDGE('',*,*,#3041,.T.);
#2094=ORIENTED_EDGE('',*,*,#3042,.T.);
#2095=ORIENTED_EDGE('',*,*,#3043,.T.);
#2096=ORIENTED_EDGE('',*,*,#3044,.F.);
#2097=ORIENTED_EDGE('',*,*,#3045,.T.);
#2098=ORIENTED_EDGE('',*,*,#3046,.F.);
#2099=ORIENTED_EDGE('',*,*,#3047,.T.);
#2100=ORIENTED_EDGE('',*,*,#3048,.T.);
#2101=ORIENTED_EDGE('',*,*,#3049,.T.);
#2102=ORIENTED_EDGE('',*,*,#3050,.T.);
#2103=ORIENTED_EDGE('',*,*,#3051,.T.);
#2104=ORIENTED_EDGE('',*,*,#3047,.F.);
#2105=ORIENTED_EDGE('',*,*,#3052,.T.);
#2106=ORIENTED_EDGE('',*,*,#3053,.F.);
#2107=ORIENTED_EDGE('',*,*,#3030,.T.);
#2108=ORIENTED_EDGE('',*,*,#3054,.T.);
#2109=ORIENTED_EDGE('',*,*,#3044,.T.);
#2110=ORIENTED_EDGE('',*,*,#3055,.T.);
#2111=ORIENTED_EDGE('',*,*,#3031,.F.);
#2112=ORIENTED_EDGE('',*,*,#3056,.T.);
#2113=ORIENTED_EDGE('',*,*,#3057,.F.);
#2114=ORIENTED_EDGE('',*,*,#3058,.T.);
#2115=ORIENTED_EDGE('',*,*,#3059,.T.);
#2116=ORIENTED_EDGE('',*,*,#3028,.T.);
#2117=ORIENTED_EDGE('',*,*,#3060,.T.);
#2118=ORIENTED_EDGE('',*,*,#3042,.F.);
#2119=ORIENTED_EDGE('',*,*,#3061,.T.);
#2120=ORIENTED_EDGE('',*,*,#2409,.F.);
#2121=ORIENTED_EDGE('',*,*,#3062,.T.);
#2122=ORIENTED_EDGE('',*,*,#2419,.F.);
#2123=ORIENTED_EDGE('',*,*,#3063,.T.);
#2124=ORIENTED_EDGE('',*,*,#3036,.F.);
#2125=ORIENTED_EDGE('',*,*,#3064,.T.);
#2126=ORIENTED_EDGE('',*,*,#3065,.T.);
#2127=ORIENTED_EDGE('',*,*,#3066,.T.);
#2128=ORIENTED_EDGE('',*,*,#3067,.T.);
#2129=ORIENTED_EDGE('',*,*,#3034,.F.);
#2130=ORIENTED_EDGE('',*,*,#3035,.F.);
#2131=ORIENTED_EDGE('',*,*,#3068,.T.);
#2132=ORIENTED_EDGE('',*,*,#3069,.F.);
#2133=ORIENTED_EDGE('',*,*,#3050,.F.);
#2134=ORIENTED_EDGE('',*,*,#3070,.T.);
#2135=ORIENTED_EDGE('',*,*,#3032,.F.);
#2136=ORIENTED_EDGE('',*,*,#3071,.T.);
#2137=ORIENTED_EDGE('',*,*,#3046,.T.);
#2138=ORIENTED_EDGE('',*,*,#3072,.T.);
#2139=ORIENTED_EDGE('',*,*,#3073,.T.);
#2140=ORIENTED_EDGE('',*,*,#3074,.T.);
#2141=ORIENTED_EDGE('',*,*,#3075,.T.);
#2142=ORIENTED_EDGE('',*,*,#3076,.T.);
#2143=ORIENTED_EDGE('',*,*,#3048,.F.);
#2144=ORIENTED_EDGE('',*,*,#3077,.T.);
#2145=ORIENTED_EDGE('',*,*,#3078,.T.);
#2146=ORIENTED_EDGE('',*,*,#3079,.T.);
#2147=ORIENTED_EDGE('',*,*,#3051,.F.);
#2148=ORIENTED_EDGE('',*,*,#3080,.T.);
#2149=ORIENTED_EDGE('',*,*,#3081,.F.);
#2150=ORIENTED_EDGE('',*,*,#3082,.T.);
#2151=ORIENTED_EDGE('',*,*,#3083,.F.);
#2152=ORIENTED_EDGE('',*,*,#3084,.F.);
#2153=ORIENTED_EDGE('',*,*,#3078,.F.);
#2154=ORIENTED_EDGE('',*,*,#3052,.F.);
#2155=ORIENTED_EDGE('',*,*,#3079,.F.);
#2156=ORIENTED_EDGE('',*,*,#3085,.T.);
#2157=ORIENTED_EDGE('',*,*,#3024,.F.);
#2158=ORIENTED_EDGE('',*,*,#3023,.F.);
#2159=ORIENTED_EDGE('',*,*,#3056,.F.);
#2160=ORIENTED_EDGE('',*,*,#3055,.F.);
#2161=ORIENTED_EDGE('',*,*,#3053,.T.);
#2162=ORIENTED_EDGE('',*,*,#3022,.F.);
#2163=ORIENTED_EDGE('',*,*,#3086,.T.);
#2164=ORIENTED_EDGE('',*,*,#3060,.F.);
#2165=ORIENTED_EDGE('',*,*,#3057,.T.);
#2166=ORIENTED_EDGE('',*,*,#3067,.F.);
#2167=ORIENTED_EDGE('',*,*,#3087,.T.);
#2168=ORIENTED_EDGE('',*,*,#2366,.F.);
#2169=ORIENTED_EDGE('',*,*,#3068,.F.);
#2170=ORIENTED_EDGE('',*,*,#3071,.F.);
#2171=ORIENTED_EDGE('',*,*,#3069,.T.);
#2172=ORIENTED_EDGE('',*,*,#2373,.F.);
#2173=ORIENTED_EDGE('',*,*,#3080,.F.);
#2174=ORIENTED_EDGE('',*,*,#3081,.T.);
#2175=ORIENTED_EDGE('',*,*,#2372,.F.);
#2176=ORIENTED_EDGE('',*,*,#3088,.F.);
#2177=ORIENTED_EDGE('',*,*,#3077,.F.);
#2178=ORIENTED_EDGE('',*,*,#3084,.T.);
#2179=ORIENTED_EDGE('',*,*,#3089,.T.);
#2180=ORIENTED_EDGE('',*,*,#3085,.F.);
#2181=ORIENTED_EDGE('',*,*,#3088,.T.);
#2182=ORIENTED_EDGE('',*,*,#3090,.T.);
#2183=ORIENTED_EDGE('',*,*,#3082,.F.);
#2184=ORIENTED_EDGE('',*,*,#3091,.T.);
#2185=ORIENTED_EDGE('',*,*,#3092,.T.);
#2186=ORIENTED_EDGE('',*,*,#3093,.T.);
#2187=ORIENTED_EDGE('',*,*,#3083,.T.);
#2188=ORIENTED_EDGE('',*,*,#2371,.F.);
#2189=ORIENTED_EDGE('',*,*,#3094,.T.);
#2190=ORIENTED_EDGE('',*,*,#3095,.T.);
#2191=ORIENTED_EDGE('',*,*,#3091,.F.);
#2192=ORIENTED_EDGE('',*,*,#3090,.F.);
#2193=ORIENTED_EDGE('',*,*,#3096,.T.);
#2194=ORIENTED_EDGE('',*,*,#3097,.T.);
#2195=ORIENTED_EDGE('',*,*,#3025,.F.);
#2196=ORIENTED_EDGE('',*,*,#3089,.F.);
#2197=ORIENTED_EDGE('',*,*,#3093,.F.);
#2198=ORIENTED_EDGE('',*,*,#2453,.F.);
#2199=ORIENTED_EDGE('',*,*,#3098,.T.);
#2200=ORIENTED_EDGE('',*,*,#2414,.F.);
#2201=ORIENTED_EDGE('',*,*,#3099,.T.);
#2202=ORIENTED_EDGE('',*,*,#3037,.F.);
#2203=ORIENTED_EDGE('',*,*,#3100,.F.);
#2204=ORIENTED_EDGE('',*,*,#3065,.F.);
#2205=ORIENTED_EDGE('',*,*,#3101,.F.);
#2206=ORIENTED_EDGE('',*,*,#3101,.T.);
#2207=ORIENTED_EDGE('',*,*,#3033,.F.);
#2208=ORIENTED_EDGE('',*,*,#3102,.F.);
#2209=ORIENTED_EDGE('',*,*,#3102,.T.);
#2210=ORIENTED_EDGE('',*,*,#3070,.F.);
#2211=ORIENTED_EDGE('',*,*,#3103,.F.);
#2212=ORIENTED_EDGE('',*,*,#3038,.F.);
#2213=ORIENTED_EDGE('',*,*,#3103,.T.);
#2214=ORIENTED_EDGE('',*,*,#3049,.F.);
#2215=ORIENTED_EDGE('',*,*,#3104,.F.);
#2216=ORIENTED_EDGE('',*,*,#3104,.T.);
#2217=ORIENTED_EDGE('',*,*,#3076,.F.);
#2218=ORIENTED_EDGE('',*,*,#3105,.F.);
#2219=ORIENTED_EDGE('',*,*,#3039,.F.);
#2220=ORIENTED_EDGE('',*,*,#3105,.T.);
#2221=ORIENTED_EDGE('',*,*,#3075,.F.);
#2222=ORIENTED_EDGE('',*,*,#3106,.F.);
#2223=ORIENTED_EDGE('',*,*,#3064,.F.);
#2224=ORIENTED_EDGE('',*,*,#3106,.T.);
#2225=ORIENTED_EDGE('',*,*,#3074,.F.);
#2226=ORIENTED_EDGE('',*,*,#3107,.F.);
#2227=ORIENTED_EDGE('',*,*,#2420,.F.);
#2228=ORIENTED_EDGE('',*,*,#3107,.T.);
#2229=ORIENTED_EDGE('',*,*,#3073,.F.);
#2230=ORIENTED_EDGE('',*,*,#3108,.F.);
#2231=ORIENTED_EDGE('',*,*,#3062,.F.);
#2232=ORIENTED_EDGE('',*,*,#3108,.T.);
#2233=ORIENTED_EDGE('',*,*,#3072,.F.);
#2234=ORIENTED_EDGE('',*,*,#3109,.F.);
#2235=ORIENTED_EDGE('',*,*,#3043,.F.);
#2236=ORIENTED_EDGE('',*,*,#3109,.T.);
#2237=ORIENTED_EDGE('',*,*,#3045,.F.);
#2238=ORIENTED_EDGE('',*,*,#3110,.F.);
#2239=ORIENTED_EDGE('',*,*,#3110,.T.);
#2240=ORIENTED_EDGE('',*,*,#3054,.F.);
#2241=ORIENTED_EDGE('',*,*,#3111,.F.);
#2242=ORIENTED_EDGE('',*,*,#3040,.F.);
#2243=ORIENTED_EDGE('',*,*,#3111,.T.);
#2244=ORIENTED_EDGE('',*,*,#3029,.F.);
#2245=ORIENTED_EDGE('',*,*,#3112,.F.);
#2246=ORIENTED_EDGE('',*,*,#3112,.T.);
#2247=ORIENTED_EDGE('',*,*,#3059,.F.);
#2248=ORIENTED_EDGE('',*,*,#3113,.T.);
#2249=ORIENTED_EDGE('',*,*,#3041,.F.);
#2250=ORIENTED_EDGE('',*,*,#2364,.F.);
#2251=ORIENTED_EDGE('',*,*,#3114,.T.);
#2252=ORIENTED_EDGE('',*,*,#3115,.T.);
#2253=ORIENTED_EDGE('',*,*,#3116,.F.);
#2254=ORIENTED_EDGE('',*,*,#3116,.T.);
#2255=ORIENTED_EDGE('',*,*,#3117,.T.);
#2256=ORIENTED_EDGE('',*,*,#3096,.F.);
#2257=ORIENTED_EDGE('',*,*,#3118,.F.);
#2258=ORIENTED_EDGE('',*,*,#3118,.T.);
#2259=ORIENTED_EDGE('',*,*,#3092,.F.);
#2260=ORIENTED_EDGE('',*,*,#3119,.F.);
#2261=ORIENTED_EDGE('',*,*,#2365,.F.);
#2262=ORIENTED_EDGE('',*,*,#3095,.F.);
#2263=ORIENTED_EDGE('',*,*,#3120,.T.);
#2264=ORIENTED_EDGE('',*,*,#3121,.F.);
#2265=ORIENTED_EDGE('',*,*,#3119,.T.);
#2266=ORIENTED_EDGE('',*,*,#3121,.T.);
#2267=ORIENTED_EDGE('',*,*,#3122,.T.);
#2268=ORIENTED_EDGE('',*,*,#3123,.T.);
#2269=ORIENTED_EDGE('',*,*,#2362,.F.);
#2270=ORIENTED_EDGE('',*,*,#3063,.F.);
#2271=ORIENTED_EDGE('',*,*,#2418,.F.);
#2272=ORIENTED_EDGE('',*,*,#3124,.F.);
#2273=ORIENTED_EDGE('',*,*,#3100,.T.);
#2274=ORIENTED_EDGE('',*,*,#3124,.T.);
#2275=ORIENTED_EDGE('',*,*,#2417,.F.);
#2276=ORIENTED_EDGE('',*,*,#3125,.F.);
#2277=ORIENTED_EDGE('',*,*,#3066,.F.);
#2278=ORIENTED_EDGE('',*,*,#3125,.T.);
#2279=ORIENTED_EDGE('',*,*,#2416,.F.);
#2280=ORIENTED_EDGE('',*,*,#3126,.F.);
#2281=ORIENTED_EDGE('',*,*,#3087,.F.);
#2282=ORIENTED_EDGE('',*,*,#3126,.T.);
#2283=ORIENTED_EDGE('',*,*,#2415,.F.);
#2284=ORIENTED_EDGE('',*,*,#3127,.F.);
#2285=ORIENTED_EDGE('',*,*,#2367,.F.);
#2286=ORIENTED_EDGE('',*,*,#3127,.T.);
#2287=ORIENTED_EDGE('',*,*,#3098,.F.);
#2288=ORIENTED_EDGE('',*,*,#3128,.F.);
#2289=ORIENTED_EDGE('',*,*,#2368,.F.);
#2290=ORIENTED_EDGE('',*,*,#3128,.T.);
#2291=ORIENTED_EDGE('',*,*,#2452,.F.);
#2292=ORIENTED_EDGE('',*,*,#3129,.F.);
#2293=ORIENTED_EDGE('',*,*,#2369,.F.);
#2294=ORIENTED_EDGE('',*,*,#3129,.T.);
#2295=ORIENTED_EDGE('',*,*,#3009,.F.);
#2296=ORIENTED_EDGE('',*,*,#3130,.F.);
#2297=ORIENTED_EDGE('',*,*,#2370,.F.);
#2298=ORIENTED_EDGE('',*,*,#3130,.T.);
#2299=ORIENTED_EDGE('',*,*,#3008,.F.);
#2300=ORIENTED_EDGE('',*,*,#3131,.F.);
#2301=ORIENTED_EDGE('',*,*,#3094,.F.);
#2302=ORIENTED_EDGE('',*,*,#3131,.T.);
#2303=ORIENTED_EDGE('',*,*,#3015,.F.);
#2304=ORIENTED_EDGE('',*,*,#3132,.F.);
#2305=ORIENTED_EDGE('',*,*,#3120,.F.);
#2306=ORIENTED_EDGE('',*,*,#3132,.T.);
#2307=ORIENTED_EDGE('',*,*,#3014,.F.);
#2308=ORIENTED_EDGE('',*,*,#3133,.F.);
#2309=ORIENTED_EDGE('',*,*,#3122,.F.);
#2310=ORIENTED_EDGE('',*,*,#3133,.T.);
#2311=ORIENTED_EDGE('',*,*,#2448,.F.);
#2312=ORIENTED_EDGE('',*,*,#3134,.F.);
#2313=ORIENTED_EDGE('',*,*,#3123,.F.);
#2314=ORIENTED_EDGE('',*,*,#3134,.T.);
#2315=ORIENTED_EDGE('',*,*,#2447,.F.);
#2316=ORIENTED_EDGE('',*,*,#3135,.F.);
#2317=ORIENTED_EDGE('',*,*,#2363,.F.);
#2318=ORIENTED_EDGE('',*,*,#3135,.T.);
#2319=ORIENTED_EDGE('',*,*,#2450,.F.);
#2320=ORIENTED_EDGE('',*,*,#3136,.F.);
#2321=ORIENTED_EDGE('',*,*,#3114,.F.);
#2322=ORIENTED_EDGE('',*,*,#3136,.T.);
#2323=ORIENTED_EDGE('',*,*,#3013,.F.);
#2324=ORIENTED_EDGE('',*,*,#3137,.F.);
#2325=ORIENTED_EDGE('',*,*,#3115,.F.);
#2326=ORIENTED_EDGE('',*,*,#3137,.T.);
#2327=ORIENTED_EDGE('',*,*,#3012,.F.);
#2328=ORIENTED_EDGE('',*,*,#3138,.F.);
#2329=ORIENTED_EDGE('',*,*,#3117,.F.);
#2330=ORIENTED_EDGE('',*,*,#3138,.T.);
#2331=ORIENTED_EDGE('',*,*,#3011,.F.);
#2332=ORIENTED_EDGE('',*,*,#3139,.F.);
#2333=ORIENTED_EDGE('',*,*,#3097,.F.);
#2334=ORIENTED_EDGE('',*,*,#3139,.T.);
#2335=ORIENTED_EDGE('',*,*,#3010,.F.);
#2336=ORIENTED_EDGE('',*,*,#3140,.F.);
#2337=ORIENTED_EDGE('',*,*,#3026,.F.);
#2338=ORIENTED_EDGE('',*,*,#3140,.T.);
#2339=ORIENTED_EDGE('',*,*,#2454,.F.);
#2340=ORIENTED_EDGE('',*,*,#3141,.F.);
#2341=ORIENTED_EDGE('',*,*,#3027,.F.);
#2342=ORIENTED_EDGE('',*,*,#3141,.T.);
#2343=ORIENTED_EDGE('',*,*,#3099,.F.);
#2344=ORIENTED_EDGE('',*,*,#3142,.F.);
#2345=ORIENTED_EDGE('',*,*,#3020,.F.);
#2346=ORIENTED_EDGE('',*,*,#3142,.T.);
#2347=ORIENTED_EDGE('',*,*,#2413,.F.);
#2348=ORIENTED_EDGE('',*,*,#3143,.F.);
#2349=ORIENTED_EDGE('',*,*,#3021,.F.);
#2350=ORIENTED_EDGE('',*,*,#3143,.T.);
#2351=ORIENTED_EDGE('',*,*,#2412,.F.);
#2352=ORIENTED_EDGE('',*,*,#3144,.F.);
#2353=ORIENTED_EDGE('',*,*,#3086,.F.);
#2354=ORIENTED_EDGE('',*,*,#3144,.T.);
#2355=ORIENTED_EDGE('',*,*,#2411,.F.);
#2356=ORIENTED_EDGE('',*,*,#3145,.F.);
#2357=ORIENTED_EDGE('',*,*,#3058,.F.);
#2358=ORIENTED_EDGE('',*,*,#3113,.F.);
#2359=ORIENTED_EDGE('',*,*,#3145,.T.);
#2360=ORIENTED_EDGE('',*,*,#2410,.F.);
#2361=ORIENTED_EDGE('',*,*,#3061,.F.);
#2362=EDGE_CURVE('',#3146,#3147,#3611,.F.);
#2363=EDGE_CURVE('',#3147,#3148,#473,.F.);
#2364=EDGE_CURVE('',#3148,#3149,#3612,.T.);
#2365=EDGE_CURVE('',#3149,#3146,#417,.T.);
#2366=EDGE_CURVE('',#3150,#3151,#3613,.F.);
#2367=EDGE_CURVE('',#3151,#3152,#3614,.T.);
#2368=EDGE_CURVE('',#3152,#3153,#177,.T.);
#2369=EDGE_CURVE('',#3153,#3154,#3615,.T.);
#2370=EDGE_CURVE('',#3154,#3155,#178,.T.);
#2371=EDGE_CURVE('',#3155,#3156,#3616,.T.);
#2372=EDGE_CURVE('',#3156,#3157,#3617,.T.);
#2373=EDGE_CURVE('',#3157,#3150,#3618,.F.);
#2374=EDGE_CURVE('',#3158,#3159,#3619,.F.);
#2375=EDGE_CURVE('',#3159,#3160,#179,.T.);
#2376=EDGE_CURVE('',#3160,#3161,#418,.F.);
#2377=EDGE_CURVE('',#3162,#3161,#3620,.T.);
#2378=EDGE_CURVE('',#3162,#3163,#180,.T.);
#2379=EDGE_CURVE('',#3163,#3158,#419,.T.);
#2380=EDGE_CURVE('',#3164,#3165,#3621,.F.);
#2381=EDGE_CURVE('',#3165,#3166,#181,.T.);
#2382=EDGE_CURVE('',#3166,#3167,#420,.F.);
#2383=EDGE_CURVE('',#3167,#3168,#3622,.T.);
#2384=EDGE_CURVE('',#3168,#3169,#182,.T.);
#2385=EDGE_CURVE('',#3169,#3164,#421,.T.);
#2386=EDGE_CURVE('',#3170,#3170,#474,.T.);
#2387=EDGE_CURVE('',#3171,#3172,#183,.T.);
#2388=EDGE_CURVE('',#3172,#3171,#475,.F.);
#2389=EDGE_CURVE('',#3173,#3174,#476,.T.);
#2390=EDGE_CURVE('',#3174,#3175,#477,.F.);
#2391=EDGE_CURVE('',#3175,#3176,#478,.T.);
#2392=EDGE_CURVE('',#3176,#3177,#3623,.T.);
#2393=EDGE_CURVE('',#3177,#3178,#479,.T.);
#2394=EDGE_CURVE('',#3178,#3179,#3624,.T.);
#2395=EDGE_CURVE('',#3179,#3180,#480,.T.);
#2396=EDGE_CURVE('',#3180,#3181,#3625,.T.);
#2397=EDGE_CURVE('',#3181,#3182,#481,.T.);
#2398=EDGE_CURVE('',#3182,#3173,#3626,.T.);
#2399=EDGE_CURVE('',#3183,#3184,#3627,.F.);
#2400=EDGE_CURVE('',#3183,#3179,#184,.T.);
#2401=EDGE_CURVE('',#3178,#3184,#185,.T.);
#2402=EDGE_CURVE('',#3180,#3159,#186,.F.);
#2403=EDGE_CURVE('',#3158,#3181,#187,.T.);
#2404=EDGE_CURVE('',#3176,#3165,#188,.F.);
#2405=EDGE_CURVE('',#3164,#3177,#189,.T.);
#2406=EDGE_CURVE('',#3185,#3186,#3628,.F.);
#2407=EDGE_CURVE('',#3185,#3173,#190,.T.);
#2408=EDGE_CURVE('',#3182,#3186,#191,.T.);
#2409=EDGE_CURVE('',#3187,#3188,#3629,.F.);
#2410=EDGE_CURVE('',#3188,#3189,#192,.F.);
#2411=EDGE_CURVE('',#3189,#3190,#422,.T.);
#2412=EDGE_CURVE('',#3190,#3191,#193,.T.);
#2413=EDGE_CURVE('',#3191,#3192,#3630,.T.);
#2414=EDGE_CURVE('',#3192,#3193,#482,.T.);
#2415=EDGE_CURVE('',#3193,#3194,#3631,.F.);
#2416=EDGE_CURVE('',#3194,#3195,#194,.T.);
#2417=EDGE_CURVE('',#3195,#3196,#423,.T.);
#2418=EDGE_CURVE('',#3196,#3197,#195,.F.);
#2419=EDGE_CURVE('',#3197,#3198,#3632,.T.);
#2420=EDGE_CURVE('',#3198,#3187,#483,.F.);
#2421=EDGE_CURVE('',#3199,#3200,#484,.T.);
#2422=EDGE_CURVE('',#3200,#3201,#424,.F.);
#2423=EDGE_CURVE('',#3202,#3201,#196,.T.);
#2424=EDGE_CURVE('',#3202,#3203,#485,.F.);
#2425=EDGE_CURVE('',#3204,#3203,#197,.T.);
#2426=EDGE_CURVE('',#3204,#3199,#425,.F.);
#2427=EDGE_CURVE('',#3205,#3206,#198,.T.);
#2428=EDGE_CURVE('',#3206,#3207,#199,.T.);
#2429=EDGE_CURVE('',#3207,#3208,#200,.T.);
#2430=EDGE_CURVE('',#3208,#3209,#201,.T.);
#2431=EDGE_CURVE('',#3209,#3210,#202,.T.);
#2432=EDGE_CURVE('',#3210,#3211,#486,.T.);
#2433=EDGE_CURVE('',#3211,#3212,#203,.T.);
#2434=EDGE_CURVE('',#3212,#3213,#204,.T.);
#2435=EDGE_CURVE('',#3213,#3214,#205,.T.);
#2436=EDGE_CURVE('',#3214,#3215,#206,.F.);
#2437=EDGE_CURVE('',#3215,#3216,#207,.T.);
#2438=EDGE_CURVE('',#3216,#3217,#208,.T.);
#2439=EDGE_CURVE('',#3217,#3218,#209,.T.);
#2440=EDGE_CURVE('',#3218,#3219,#210,.T.);
#2441=EDGE_CURVE('',#3219,#3220,#211,.T.);
#2442=EDGE_CURVE('',#3220,#3221,#487,.T.);
#2443=EDGE_CURVE('',#3221,#3222,#212,.T.);
#2444=EDGE_CURVE('',#3222,#3223,#213,.T.);
#2445=EDGE_CURVE('',#3223,#3224,#214,.T.);
#2446=EDGE_CURVE('',#3224,#3205,#215,.F.);
#2447=EDGE_CURVE('',#3225,#3226,#488,.F.);
#2448=EDGE_CURVE('',#3226,#3227,#216,.T.);
#2449=EDGE_CURVE('',#3227,#3228,#489,.T.);
#2450=EDGE_CURVE('',#3228,#3225,#217,.T.);
#2451=EDGE_CURVE('',#3229,#3230,#490,.T.);
#2452=EDGE_CURVE('',#3230,#3231,#3633,.F.);
#2453=EDGE_CURVE('',#3231,#3232,#491,.F.);
#2454=EDGE_CURVE('',#3232,#3229,#3634,.F.);
#2455=EDGE_CURVE('',#3233,#3199,#492,.T.);
#2456=EDGE_CURVE('',#3234,#3204,#493,.T.);
#2457=EDGE_CURVE('',#3233,#3234,#426,.F.);
#2458=EDGE_CURVE('',#3233,#3235,#494,.T.);
#2459=EDGE_CURVE('',#3199,#3235,#495,.F.);
#2460=EDGE_CURVE('',#3236,#3203,#496,.F.);
#2461=EDGE_CURVE('',#3236,#3234,#218,.T.);
#2462=EDGE_CURVE('',#3237,#3200,#497,.T.);
#2463=EDGE_CURVE('',#3237,#3235,#498,.F.);
#2464=EDGE_CURVE('',#3235,#3238,#219,.T.);
#2465=EDGE_CURVE('',#3238,#3239,#499,.T.);
#2466=EDGE_CURVE('',#3239,#3240,#220,.T.);
#2467=EDGE_CURVE('',#3241,#3240,#221,.T.);
#2468=EDGE_CURVE('',#3241,#3242,#500,.F.);
#2469=EDGE_CURVE('',#3243,#3242,#222,.T.);
#2470=EDGE_CURVE('',#3243,#3244,#223,.T.);
#2471=EDGE_CURVE('',#3244,#3245,#501,.T.);
#2472=EDGE_CURVE('',#3245,#3237,#224,.T.);
#2473=EDGE_CURVE('',#3201,#3246,#502,.T.);
#2474=EDGE_CURVE('',#3246,#3247,#225,.T.);
#2475=EDGE_CURVE('',#3202,#3247,#503,.F.);
#2476=EDGE_CURVE('',#3200,#3248,#504,.T.);
#2477=EDGE_CURVE('',#3246,#3248,#427,.F.);
#2478=EDGE_CURVE('',#3237,#3248,#505,.T.);
#2479=EDGE_CURVE('',#3234,#3246,#3635,.F.);
#2480=EDGE_CURVE('',#3248,#3249,#226,.T.);
#2481=EDGE_CURVE('',#3249,#3250,#3636,.T.);
#2482=EDGE_CURVE('',#3250,#3233,#227,.T.);
#2483=EDGE_CURVE('',#3236,#3247,#506,.T.);
#2484=EDGE_CURVE('',#3247,#3236,#3637,.T.);
#2485=EDGE_CURVE('',#3251,#3251,#507,.F.);
#2486=EDGE_CURVE('',#3252,#3252,#508,.F.);
#2487=EDGE_CURVE('',#3253,#3253,#509,.F.);
#2488=EDGE_CURVE('',#3254,#3254,#510,.F.);
#2489=EDGE_CURVE('',#3255,#3255,#511,.F.);
#2490=EDGE_CURVE('',#3256,#3256,#512,.F.);
#2491=EDGE_CURVE('',#3257,#3257,#513,.F.);
#2492=EDGE_CURVE('',#3258,#3258,#514,.F.);
#2493=EDGE_CURVE('',#3259,#3259,#515,.F.);
#2494=EDGE_CURVE('',#3260,#3260,#516,.F.);
#2495=EDGE_CURVE('',#3261,#3261,#517,.F.);
#2496=EDGE_CURVE('',#3262,#3262,#518,.F.);
#2497=EDGE_CURVE('',#3263,#3263,#519,.F.);
#2498=EDGE_CURVE('',#3264,#3264,#520,.F.);
#2499=EDGE_CURVE('',#3265,#3265,#521,.F.);
#2500=EDGE_CURVE('',#3266,#3266,#522,.F.);
#2501=EDGE_CURVE('',#3267,#3267,#523,.F.);
#2502=EDGE_CURVE('',#3268,#3268,#524,.F.);
#2503=EDGE_CURVE('',#3269,#3269,#525,.F.);
#2504=EDGE_CURVE('',#3270,#3270,#526,.F.);
#2505=EDGE_CURVE('',#3271,#3271,#527,.F.);
#2506=EDGE_CURVE('',#3272,#3273,#3638,.F.);
#2507=EDGE_CURVE('',#3273,#3274,#528,.F.);
#2508=EDGE_CURVE('',#3274,#3275,#3639,.F.);
#2509=EDGE_CURVE('',#3275,#3272,#529,.F.);
#2510=EDGE_CURVE('',#3273,#3242,#530,.F.);
#2511=EDGE_CURVE('',#3241,#3274,#531,.F.);
#2512=EDGE_CURVE('',#3276,#3275,#532,.T.);
#2513=EDGE_CURVE('',#3277,#3274,#228,.T.);
#2514=EDGE_CURVE('',#3276,#3277,#3640,.T.);
#2515=EDGE_CURVE('',#3272,#3278,#533,.T.);
#2516=EDGE_CURVE('',#3278,#3276,#534,.T.);
#2517=EDGE_CURVE('',#3279,#3278,#3641,.T.);
#2518=EDGE_CURVE('',#3273,#3279,#229,.T.);
#2519=EDGE_CURVE('',#3250,#3238,#535,.T.);
#2520=EDGE_CURVE('',#3245,#3249,#536,.T.);
#2521=EDGE_CURVE('',#3280,#3249,#537,.T.);
#2522=EDGE_CURVE('',#3281,#3280,#3642,.F.);
#2523=EDGE_CURVE('',#3250,#3281,#538,.T.);
#2524=EDGE_CURVE('',#3279,#3243,#539,.T.);
#2525=EDGE_CURVE('',#3282,#3244,#540,.T.);
#2526=EDGE_CURVE('',#3282,#3279,#230,.T.);
#2527=EDGE_CURVE('',#3280,#3283,#541,.T.);
#2528=EDGE_CURVE('',#3280,#3245,#542,.F.);
#2529=EDGE_CURVE('',#3244,#3283,#543,.T.);
#2530=EDGE_CURVE('',#3238,#3281,#544,.T.);
#2531=EDGE_CURVE('',#3284,#3281,#545,.T.);
#2532=EDGE_CURVE('',#3284,#3239,#546,.F.);
#2533=EDGE_CURVE('',#3239,#3285,#547,.T.);
#2534=EDGE_CURVE('',#3277,#3285,#231,.T.);
#2535=EDGE_CURVE('',#3240,#3277,#548,.T.);
#2536=EDGE_CURVE('',#3285,#3286,#3643,.T.);
#2537=EDGE_CURVE('',#3286,#3276,#3644,.F.);
#2538=EDGE_CURVE('',#3286,#3287,#549,.F.);
#2539=EDGE_CURVE('',#3278,#3287,#3645,.T.);
#2540=EDGE_CURVE('',#3287,#3282,#3646,.T.);
#2541=EDGE_CURVE('',#3283,#3288,#3647,.F.);
#2542=EDGE_CURVE('',#3288,#3289,#550,.F.);
#2543=EDGE_CURVE('',#3289,#3284,#3648,.F.);
#2544=EDGE_CURVE('',#3290,#3291,#3649,.T.);
#2545=EDGE_CURVE('',#3292,#3290,#3650,.T.);
#2546=EDGE_CURVE('',#3293,#3292,#3651,.T.);
#2547=EDGE_CURVE('',#3294,#3293,#3652,.T.);
#2548=EDGE_CURVE('',#3295,#3294,#3653,.T.);
#2549=EDGE_CURVE('',#3291,#3295,#3654,.T.);
#2550=EDGE_CURVE('',#3296,#3297,#3655,.T.);
#2551=EDGE_CURVE('',#3297,#3298,#3656,.T.);
#2552=EDGE_CURVE('',#3298,#3299,#3657,.T.);
#2553=EDGE_CURVE('',#3299,#3300,#3658,.T.);
#2554=EDGE_CURVE('',#3300,#3301,#3659,.T.);
#2555=EDGE_CURVE('',#3301,#3296,#3660,.T.);
#2556=EDGE_CURVE('',#3302,#3303,#3661,.T.);
#2557=EDGE_CURVE('',#3303,#3304,#3662,.T.);
#2558=EDGE_CURVE('',#3304,#3305,#3663,.T.);
#2559=EDGE_CURVE('',#3305,#3306,#3664,.T.);
#2560=EDGE_CURVE('',#3306,#3307,#3665,.T.);
#2561=EDGE_CURVE('',#3307,#3302,#3666,.T.);
#2562=EDGE_CURVE('',#3308,#3309,#3667,.T.);
#2563=EDGE_CURVE('',#3310,#3308,#3668,.T.);
#2564=EDGE_CURVE('',#3311,#3310,#3669,.T.);
#2565=EDGE_CURVE('',#3312,#3311,#3670,.T.);
#2566=EDGE_CURVE('',#3313,#3312,#3671,.T.);
#2567=EDGE_CURVE('',#3309,#3313,#3672,.T.);
#2568=EDGE_CURVE('',#3282,#3283,#551,.T.);
#2569=EDGE_CURVE('',#3284,#3285,#552,.T.);
#2570=EDGE_CURVE('',#3289,#3286,#553,.T.);
#2571=EDGE_CURVE('',#3287,#3288,#554,.T.);
#2572=EDGE_CURVE('',#3314,#3291,#3673,.T.);
#2573=EDGE_CURVE('',#3314,#3315,#3674,.F.);
#2574=EDGE_CURVE('',#3315,#3290,#3675,.T.);
#2575=EDGE_CURVE('',#3315,#3316,#3676,.F.);
#2576=EDGE_CURVE('',#3316,#3292,#3677,.T.);
#2577=EDGE_CURVE('',#3316,#3317,#3678,.F.);
#2578=EDGE_CURVE('',#3317,#3293,#3679,.T.);
#2579=EDGE_CURVE('',#3317,#3318,#3680,.F.);
#2580=EDGE_CURVE('',#3318,#3294,#3681,.T.);
#2581=EDGE_CURVE('',#3318,#3319,#3682,.F.);
#2582=EDGE_CURVE('',#3319,#3295,#3683,.T.);
#2583=EDGE_CURVE('',#3319,#3314,#3684,.F.);
#2584=EDGE_CURVE('',#3320,#3296,#3685,.T.);
#2585=EDGE_CURVE('',#3320,#3321,#3686,.F.);
#2586=EDGE_CURVE('',#3321,#3297,#3687,.T.);
#2587=EDGE_CURVE('',#3321,#3322,#3688,.F.);
#2588=EDGE_CURVE('',#3322,#3298,#3689,.T.);
#2589=EDGE_CURVE('',#3322,#3323,#3690,.F.);
#2590=EDGE_CURVE('',#3323,#3299,#3691,.T.);
#2591=EDGE_CURVE('',#3323,#3324,#3692,.F.);
#2592=EDGE_CURVE('',#3324,#3300,#3693,.T.);
#2593=EDGE_CURVE('',#3324,#3325,#3694,.F.);
#2594=EDGE_CURVE('',#3325,#3301,#3695,.T.);
#2595=EDGE_CURVE('',#3325,#3320,#3696,.F.);
#2596=EDGE_CURVE('',#3326,#3302,#3697,.T.);
#2597=EDGE_CURVE('',#3326,#3327,#3698,.F.);
#2598=EDGE_CURVE('',#3327,#3303,#3699,.T.);
#2599=EDGE_CURVE('',#3327,#3328,#3700,.F.);
#2600=EDGE_CURVE('',#3328,#3304,#3701,.T.);
#2601=EDGE_CURVE('',#3328,#3329,#3702,.F.);
#2602=EDGE_CURVE('',#3329,#3305,#3703,.T.);
#2603=EDGE_CURVE('',#3329,#3330,#3704,.F.);
#2604=EDGE_CURVE('',#3330,#3306,#3705,.T.);
#2605=EDGE_CURVE('',#3330,#3331,#3706,.F.);
#2606=EDGE_CURVE('',#3331,#3307,#3707,.T.);
#2607=EDGE_CURVE('',#3331,#3326,#3708,.F.);
#2608=EDGE_CURVE('',#3332,#3309,#3709,.T.);
#2609=EDGE_CURVE('',#3332,#3333,#3710,.F.);
#2610=EDGE_CURVE('',#3333,#3308,#3711,.T.);
#2611=EDGE_CURVE('',#3333,#3334,#3712,.F.);
#2612=EDGE_CURVE('',#3334,#3310,#3713,.T.);
#2613=EDGE_CURVE('',#3334,#3335,#3714,.F.);
#2614=EDGE_CURVE('',#3335,#3311,#3715,.T.);
#2615=EDGE_CURVE('',#3335,#3336,#3716,.F.);
#2616=EDGE_CURVE('',#3336,#3312,#3717,.T.);
#2617=EDGE_CURVE('',#3336,#3337,#3718,.F.);
#2618=EDGE_CURVE('',#3337,#3313,#3719,.T.);
#2619=EDGE_CURVE('',#3337,#3332,#3720,.F.);
#2620=EDGE_CURVE('',#3314,#3338,#3721,.T.);
#2621=EDGE_CURVE('',#3339,#3338,#3722,.T.);
#2622=EDGE_CURVE('',#3315,#3339,#3723,.T.);
#2623=EDGE_CURVE('',#3340,#3339,#3724,.T.);
#2624=EDGE_CURVE('',#3316,#3340,#3725,.F.);
#2625=EDGE_CURVE('',#3341,#3317,#3726,.F.);
#2626=EDGE_CURVE('',#3341,#3340,#3727,.T.);
#2627=EDGE_CURVE('',#3342,#3318,#3728,.F.);
#2628=EDGE_CURVE('',#3342,#3341,#3729,.T.);
#2629=EDGE_CURVE('',#3343,#3319,#3730,.F.);
#2630=EDGE_CURVE('',#3343,#3342,#3731,.T.);
#2631=EDGE_CURVE('',#3338,#3343,#3732,.T.);
#2632=EDGE_CURVE('',#3320,#3344,#3733,.F.);
#2633=EDGE_CURVE('',#3345,#3344,#3734,.T.);
#2634=EDGE_CURVE('',#3345,#3321,#3735,.F.);
#2635=EDGE_CURVE('',#3346,#3322,#3736,.F.);
#2636=EDGE_CURVE('',#3346,#3345,#3737,.T.);
#2637=EDGE_CURVE('',#3347,#3323,#3738,.F.);
#2638=EDGE_CURVE('',#3347,#3346,#3739,.T.);
#2639=EDGE_CURVE('',#3348,#3347,#3740,.T.);
#2640=EDGE_CURVE('',#3324,#3348,#3741,.T.);
#2641=EDGE_CURVE('',#3349,#3348,#3742,.T.);
#2642=EDGE_CURVE('',#3325,#3349,#3743,.T.);
#2643=EDGE_CURVE('',#3344,#3349,#3744,.T.);
#2644=EDGE_CURVE('',#3326,#3350,#3745,.F.);
#2645=EDGE_CURVE('',#3351,#3350,#3746,.T.);
#2646=EDGE_CURVE('',#3351,#3327,#3747,.F.);
#2647=EDGE_CURVE('',#3352,#3328,#3748,.F.);
#2648=EDGE_CURVE('',#3352,#3351,#3749,.T.);
#2649=EDGE_CURVE('',#3353,#3329,#3750,.F.);
#2650=EDGE_CURVE('',#3353,#3352,#3751,.T.);
#2651=EDGE_CURVE('',#3354,#3353,#3752,.T.);
#2652=EDGE_CURVE('',#3330,#3354,#3753,.T.);
#2653=EDGE_CURVE('',#3355,#3354,#3754,.T.);
#2654=EDGE_CURVE('',#3331,#3355,#3755,.T.);
#2655=EDGE_CURVE('',#3350,#3355,#3756,.T.);
#2656=EDGE_CURVE('',#3332,#3356,#3757,.T.);
#2657=EDGE_CURVE('',#3357,#3356,#3758,.T.);
#2658=EDGE_CURVE('',#3333,#3357,#3759,.T.);
#2659=EDGE_CURVE('',#3358,#3357,#3760,.T.);
#2660=EDGE_CURVE('',#3334,#3358,#3761,.F.);
#2661=EDGE_CURVE('',#3359,#3335,#3762,.F.);
#2662=EDGE_CURVE('',#3359,#3358,#3763,.T.);
#2663=EDGE_CURVE('',#3360,#3336,#3764,.F.);
#2664=EDGE_CURVE('',#3360,#3359,#3765,.T.);
#2665=EDGE_CURVE('',#3361,#3337,#3766,.F.);
#2666=EDGE_CURVE('',#3361,#3360,#3767,.T.);
#2667=EDGE_CURVE('',#3356,#3361,#3768,.T.);
#2668=EDGE_CURVE('',#3362,#3363,#232,.T.);
#2669=EDGE_CURVE('',#3363,#3364,#428,.F.);
#2670=EDGE_CURVE('',#3364,#3365,#233,.T.);
#2671=EDGE_CURVE('',#3365,#3366,#3769,.T.);
#2672=EDGE_CURVE('',#3366,#3367,#3770,.F.);
#2673=EDGE_CURVE('',#3367,#3362,#3771,.T.);
#2674=EDGE_CURVE('',#3368,#3369,#555,.F.);
#2675=EDGE_CURVE('',#3368,#3370,#234,.F.);
#2676=EDGE_CURVE('',#3371,#3370,#556,.T.);
#2677=EDGE_CURVE('',#3371,#3369,#557,.T.);
#2678=EDGE_CURVE('',#3372,#3373,#558,.T.);
#2679=EDGE_CURVE('',#3369,#3373,#3772,.T.);
#2680=EDGE_CURVE('',#3372,#3371,#3773,.F.);
#2681=EDGE_CURVE('',#3374,#3375,#559,.T.);
#2682=EDGE_CURVE('',#3374,#3376,#3774,.F.);
#2683=EDGE_CURVE('',#3376,#3377,#560,.T.);
#2684=EDGE_CURVE('',#3377,#3375,#3775,.T.);
#2685=EDGE_CURVE('',#3378,#3377,#561,.F.);
#2686=EDGE_CURVE('',#3376,#3379,#562,.T.);
#2687=EDGE_CURVE('',#3378,#3379,#235,.F.);
#2688=EDGE_CURVE('',#3380,#3381,#563,.T.);
#2689=EDGE_CURVE('',#3382,#3381,#3776,.T.);
#2690=EDGE_CURVE('',#3383,#3382,#564,.T.);
#2691=EDGE_CURVE('',#3380,#3383,#3777,.F.);
#2692=EDGE_CURVE('',#3384,#3385,#565,.T.);
#2693=EDGE_CURVE('',#3381,#3385,#566,.T.);
#2694=EDGE_CURVE('',#3384,#3380,#567,.F.);
#2695=EDGE_CURVE('',#3370,#3386,#568,.T.);
#2696=EDGE_CURVE('',#3385,#3386,#569,.F.);
#2697=EDGE_CURVE('',#3370,#3384,#570,.T.);
#2698=EDGE_CURVE('',#3386,#3368,#236,.T.);
#2699=EDGE_CURVE('',#3387,#3374,#571,.F.);
#2700=EDGE_CURVE('',#3375,#3388,#572,.T.);
#2701=EDGE_CURVE('',#3387,#3388,#237,.F.);
#2702=EDGE_CURVE('',#3373,#3375,#3778,.T.);
#2703=EDGE_CURVE('',#3373,#3389,#573,.T.);
#2704=EDGE_CURVE('',#3389,#3388,#3779,.T.);
#2705=EDGE_CURVE('',#3390,#3372,#574,.F.);
#2706=EDGE_CURVE('',#3390,#3389,#238,.F.);
#2707=EDGE_CURVE('',#3391,#3391,#575,.T.);
#2708=EDGE_CURVE('',#3392,#3390,#576,.F.);
#2709=EDGE_CURVE('',#3383,#3392,#577,.F.);
#2710=EDGE_CURVE('',#3393,#3382,#578,.T.);
#2711=EDGE_CURVE('',#3392,#3393,#579,.T.);
#2712=EDGE_CURVE('',#3394,#3394,#580,.T.);
#2713=EDGE_CURVE('',#3395,#3387,#581,.F.);
#2714=EDGE_CURVE('',#3396,#3395,#582,.F.);
#2715=EDGE_CURVE('',#3397,#3396,#3780,.F.);
#2716=EDGE_CURVE('',#3398,#3397,#583,.F.);
#2717=EDGE_CURVE('',#3379,#3398,#584,.T.);
#2718=EDGE_CURVE('',#3379,#3399,#585,.T.);
#2719=EDGE_CURVE('',#3399,#3378,#239,.T.);
#2720=EDGE_CURVE('',#3398,#3400,#586,.T.);
#2721=EDGE_CURVE('',#3400,#3399,#587,.F.);
#2722=EDGE_CURVE('',#3397,#3401,#588,.T.);
#2723=EDGE_CURVE('',#3401,#3400,#589,.T.);
#2724=EDGE_CURVE('',#3396,#3402,#590,.T.);
#2725=EDGE_CURVE('',#3402,#3401,#3781,.T.);
#2726=EDGE_CURVE('',#3395,#3403,#591,.T.);
#2727=EDGE_CURVE('',#3403,#3402,#592,.T.);
#2728=EDGE_CURVE('',#3368,#3378,#3782,.T.);
#2729=EDGE_CURVE('',#3377,#3369,#3783,.F.);
#2730=EDGE_CURVE('',#3404,#3404,#429,.T.);
#2731=EDGE_CURVE('',#3405,#3381,#3784,.T.);
#2732=EDGE_CURVE('',#3405,#3406,#3785,.T.);
#2733=EDGE_CURVE('',#3406,#3382,#3786,.T.);
#2734=EDGE_CURVE('',#3407,#3385,#3787,.T.);
#2735=EDGE_CURVE('',#3407,#3405,#430,.T.);
#2736=EDGE_CURVE('',#3167,#3408,#240,.T.);
#2737=EDGE_CURVE('',#3409,#3408,#3788,.T.);
#2738=EDGE_CURVE('',#3409,#3410,#241,.T.);
#2739=EDGE_CURVE('',#3410,#3407,#431,.F.);
#2740=EDGE_CURVE('',#3411,#3400,#3789,.T.);
#2741=EDGE_CURVE('',#3411,#3412,#432,.F.);
#2742=EDGE_CURVE('',#3412,#3168,#242,.T.);
#2743=EDGE_CURVE('',#3387,#3413,#593,.T.);
#2744=EDGE_CURVE('',#3413,#3403,#594,.T.);
#2745=EDGE_CURVE('',#3388,#3414,#595,.F.);
#2746=EDGE_CURVE('',#3413,#3414,#243,.T.);
#2747=EDGE_CURVE('',#3389,#3415,#596,.F.);
#2748=EDGE_CURVE('',#3414,#3415,#3790,.F.);
#2749=EDGE_CURVE('',#3390,#3416,#597,.T.);
#2750=EDGE_CURVE('',#3416,#3415,#244,.T.);
#2751=EDGE_CURVE('',#3416,#3393,#598,.T.);
#2752=EDGE_CURVE('',#3406,#3417,#433,.T.);
#2753=EDGE_CURVE('',#3417,#3393,#3791,.T.);
#2754=EDGE_CURVE('',#3418,#3418,#434,.T.);
#2755=EDGE_CURVE('',#3419,#3401,#3792,.T.);
#2756=EDGE_CURVE('',#3419,#3411,#435,.T.);
#2757=EDGE_CURVE('',#3420,#3402,#3793,.T.);
#2758=EDGE_CURVE('',#3420,#3419,#3794,.F.);
#2759=EDGE_CURVE('',#3421,#3403,#3795,.T.);
#2760=EDGE_CURVE('',#3421,#3420,#436,.T.);
#2761=EDGE_CURVE('',#3366,#3422,#245,.T.);
#2762=EDGE_CURVE('',#3422,#3421,#437,.T.);
#2763=EDGE_CURVE('',#3417,#3367,#438,.T.);
#2764=EDGE_CURVE('',#3408,#3423,#439,.F.);
#2765=EDGE_CURVE('',#3423,#3185,#246,.T.);
#2766=EDGE_CURVE('',#3186,#3424,#440,.T.);
#2767=EDGE_CURVE('',#3424,#3409,#247,.T.);
#2768=EDGE_CURVE('',#3425,#3426,#3796,.F.);
#2769=EDGE_CURVE('',#3426,#3427,#441,.T.);
#2770=EDGE_CURVE('',#3427,#3428,#442,.T.);
#2771=EDGE_CURVE('',#3428,#3429,#3797,.F.);
#2772=EDGE_CURVE('',#3429,#3430,#443,.T.);
#2773=EDGE_CURVE('',#3430,#3431,#444,.F.);
#2774=EDGE_CURVE('',#3431,#3425,#248,.T.);
#2775=EDGE_CURVE('',#3432,#3433,#249,.T.);
#2776=EDGE_CURVE('',#3433,#3434,#445,.F.);
#2777=EDGE_CURVE('',#3434,#3435,#446,.T.);
#2778=EDGE_CURVE('',#3435,#3436,#3798,.T.);
#2779=EDGE_CURVE('',#3436,#3437,#447,.T.);
#2780=EDGE_CURVE('',#3437,#3438,#448,.T.);
#2781=EDGE_CURVE('',#3438,#3432,#3799,.F.);
#2782=EDGE_CURVE('',#3439,#3440,#599,.F.);
#2783=EDGE_CURVE('',#3441,#3440,#600,.T.);
#2784=EDGE_CURVE('',#3441,#3442,#601,.T.);
#2785=EDGE_CURVE('',#3439,#3442,#250,.F.);
#2786=EDGE_CURVE('',#3443,#3444,#602,.T.);
#2787=EDGE_CURVE('',#3443,#3441,#3800,.F.);
#2788=EDGE_CURVE('',#3440,#3444,#3801,.T.);
#2789=EDGE_CURVE('',#3445,#3446,#603,.T.);
#2790=EDGE_CURVE('',#3447,#3446,#3802,.T.);
#2791=EDGE_CURVE('',#3448,#3447,#604,.T.);
#2792=EDGE_CURVE('',#3445,#3448,#3803,.F.);
#2793=EDGE_CURVE('',#3449,#3447,#605,.F.);
#2794=EDGE_CURVE('',#3449,#3450,#251,.F.);
#2795=EDGE_CURVE('',#3448,#3450,#606,.T.);
#2796=EDGE_CURVE('',#3451,#3452,#607,.T.);
#2797=EDGE_CURVE('',#3451,#3453,#3804,.F.);
#2798=EDGE_CURVE('',#3453,#3454,#608,.T.);
#2799=EDGE_CURVE('',#3454,#3452,#3805,.T.);
#2800=EDGE_CURVE('',#3455,#3456,#609,.T.);
#2801=EDGE_CURVE('',#3455,#3451,#610,.F.);
#2802=EDGE_CURVE('',#3452,#3456,#611,.T.);
#2803=EDGE_CURVE('',#3442,#3457,#612,.T.);
#2804=EDGE_CURVE('',#3442,#3455,#613,.T.);
#2805=EDGE_CURVE('',#3456,#3457,#614,.F.);
#2806=EDGE_CURVE('',#3457,#3439,#252,.T.);
#2807=EDGE_CURVE('',#3458,#3445,#615,.F.);
#2808=EDGE_CURVE('',#3458,#3459,#253,.F.);
#2809=EDGE_CURVE('',#3446,#3459,#616,.T.);
#2810=EDGE_CURVE('',#3444,#3446,#3806,.T.);
#2811=EDGE_CURVE('',#3460,#3459,#3807,.T.);
#2812=EDGE_CURVE('',#3444,#3460,#617,.T.);
#2813=EDGE_CURVE('',#3461,#3443,#618,.F.);
#2814=EDGE_CURVE('',#3461,#3460,#254,.F.);
#2815=EDGE_CURVE('',#3462,#3462,#619,.T.);
#2816=EDGE_CURVE('',#3463,#3461,#620,.F.);
#2817=EDGE_CURVE('',#3453,#3463,#621,.F.);
#2818=EDGE_CURVE('',#3463,#3464,#622,.T.);
#2819=EDGE_CURVE('',#3464,#3454,#623,.T.);
#2820=EDGE_CURVE('',#3465,#3465,#624,.T.);
#2821=EDGE_CURVE('',#3466,#3458,#625,.F.);
#2822=EDGE_CURVE('',#3450,#3467,#626,.T.);
#2823=EDGE_CURVE('',#3467,#3468,#627,.F.);
#2824=EDGE_CURVE('',#3468,#3469,#3808,.F.);
#2825=EDGE_CURVE('',#3469,#3466,#628,.F.);
#2826=EDGE_CURVE('',#3470,#3449,#255,.T.);
#2827=EDGE_CURVE('',#3450,#3470,#629,.T.);
#2828=EDGE_CURVE('',#3471,#3470,#630,.F.);
#2829=EDGE_CURVE('',#3467,#3471,#631,.T.);
#2830=EDGE_CURVE('',#3472,#3471,#632,.T.);
#2831=EDGE_CURVE('',#3468,#3472,#633,.T.);
#2832=EDGE_CURVE('',#3473,#3472,#3809,.T.);
#2833=EDGE_CURVE('',#3469,#3473,#634,.T.);
#2834=EDGE_CURVE('',#3474,#3473,#635,.T.);
#2835=EDGE_CURVE('',#3466,#3474,#636,.T.);
#2836=EDGE_CURVE('',#3439,#3449,#3810,.T.);
#2837=EDGE_CURVE('',#3447,#3440,#3811,.F.);
#2838=EDGE_CURVE('',#3475,#3475,#449,.T.);
#2839=EDGE_CURVE('',#3476,#3454,#3812,.T.);
#2840=EDGE_CURVE('',#3476,#3477,#3813,.F.);
#2841=EDGE_CURVE('',#3477,#3452,#3814,.T.);
#2842=EDGE_CURVE('',#3477,#3478,#450,.T.);
#2843=EDGE_CURVE('',#3478,#3456,#3815,.T.);
#2844=EDGE_CURVE('',#3479,#3480,#451,.F.);
#2845=EDGE_CURVE('',#3480,#3183,#256,.T.);
#2846=EDGE_CURVE('',#3184,#3481,#452,.T.);
#2847=EDGE_CURVE('',#3481,#3482,#257,.T.);
#2848=EDGE_CURVE('',#3479,#3482,#3816,.T.);
#2849=EDGE_CURVE('',#3483,#3474,#637,.T.);
#2850=EDGE_CURVE('',#3458,#3483,#638,.T.);
#2851=EDGE_CURVE('',#3483,#3484,#258,.T.);
#2852=EDGE_CURVE('',#3459,#3484,#639,.F.);
#2853=EDGE_CURVE('',#3484,#3485,#3817,.F.);
#2854=EDGE_CURVE('',#3460,#3485,#640,.F.);
#2855=EDGE_CURVE('',#3486,#3485,#259,.T.);
#2856=EDGE_CURVE('',#3461,#3486,#641,.T.);
#2857=EDGE_CURVE('',#3486,#3464,#642,.T.);
#2858=EDGE_CURVE('',#3487,#3464,#3818,.T.);
#2859=EDGE_CURVE('',#3487,#3476,#453,.T.);
#2860=EDGE_CURVE('',#3488,#3488,#454,.T.);
#2861=EDGE_CURVE('',#3161,#3479,#260,.T.);
#2862=EDGE_CURVE('',#3482,#3489,#261,.T.);
#2863=EDGE_CURVE('',#3489,#3490,#455,.F.);
#2864=EDGE_CURVE('',#3490,#3471,#3819,.T.);
#2865=EDGE_CURVE('',#3478,#3491,#456,.F.);
#2866=EDGE_CURVE('',#3491,#3162,#262,.T.);
#2867=EDGE_CURVE('',#3490,#3492,#457,.T.);
#2868=EDGE_CURVE('',#3492,#3472,#3820,.T.);
#2869=EDGE_CURVE('',#3492,#3493,#3821,.T.);
#2870=EDGE_CURVE('',#3493,#3473,#3822,.T.);
#2871=EDGE_CURVE('',#3493,#3494,#458,.T.);
#2872=EDGE_CURVE('',#3494,#3474,#3823,.T.);
#2873=EDGE_CURVE('',#3495,#3496,#3824,.F.);
#2874=EDGE_CURVE('',#3496,#3487,#459,.T.);
#2875=EDGE_CURVE('',#3494,#3495,#460,.T.);
#2876=EDGE_CURVE('',#3497,#3498,#461,.T.);
#2877=EDGE_CURVE('',#3498,#3499,#3825,.T.);
#2878=EDGE_CURVE('',#3499,#3500,#263,.T.);
#2879=EDGE_CURVE('',#3500,#3501,#462,.F.);
#2880=EDGE_CURVE('',#3501,#3502,#463,.T.);
#2881=EDGE_CURVE('',#3502,#3503,#3826,.T.);
#2882=EDGE_CURVE('',#3503,#3497,#464,.T.);
#2883=EDGE_CURVE('',#3504,#3505,#3827,.F.);
#2884=EDGE_CURVE('',#3505,#3506,#465,.T.);
#2885=EDGE_CURVE('',#3506,#3507,#466,.T.);
#2886=EDGE_CURVE('',#3507,#3508,#3828,.F.);
#2887=EDGE_CURVE('',#3508,#3509,#467,.T.);
#2888=EDGE_CURVE('',#3509,#3510,#468,.F.);
#2889=EDGE_CURVE('',#3510,#3504,#264,.T.);
#2890=EDGE_CURVE('',#3511,#3512,#265,.T.);
#2891=EDGE_CURVE('',#3512,#3513,#469,.F.);
#2892=EDGE_CURVE('',#3513,#3514,#266,.T.);
#2893=EDGE_CURVE('',#3514,#3496,#3829,.F.);
#2894=EDGE_CURVE('',#3495,#3511,#3830,.T.);
#2895=EDGE_CURVE('',#3515,#3516,#643,.T.);
#2896=EDGE_CURVE('',#3516,#3517,#267,.T.);
#2897=EDGE_CURVE('',#3517,#3518,#268,.T.);
#2898=EDGE_CURVE('',#3518,#3515,#269,.T.);
#2899=EDGE_CURVE('',#3519,#3520,#644,.T.);
#2900=EDGE_CURVE('',#3520,#3521,#270,.T.);
#2901=EDGE_CURVE('',#3521,#3522,#271,.T.);
#2902=EDGE_CURVE('',#3522,#3519,#272,.T.);
#2903=EDGE_CURVE('',#3523,#3523,#645,.F.);
#2904=EDGE_CURVE('',#3524,#3524,#646,.F.);
#2905=EDGE_CURVE('',#3525,#3525,#647,.F.);
#2906=EDGE_CURVE('',#3526,#3526,#648,.F.);
#2907=EDGE_CURVE('',#3527,#3527,#649,.F.);
#2908=EDGE_CURVE('',#3528,#3528,#650,.F.);
#2909=EDGE_CURVE('',#3529,#3529,#651,.F.);
#2910=EDGE_CURVE('',#3530,#3530,#652,.F.);
#2911=EDGE_CURVE('',#3531,#3531,#653,.F.);
#2912=EDGE_CURVE('',#3532,#3532,#654,.F.);
#2913=EDGE_CURVE('',#3533,#3533,#655,.F.);
#2914=EDGE_CURVE('',#3534,#3534,#656,.F.);
#2915=EDGE_CURVE('',#3535,#3535,#657,.F.);
#2916=EDGE_CURVE('',#3536,#3536,#658,.F.);
#2917=EDGE_CURVE('',#3537,#3537,#659,.F.);
#2918=EDGE_CURVE('',#3538,#3538,#660,.F.);
#2919=EDGE_CURVE('',#3539,#3539,#661,.F.);
#2920=EDGE_CURVE('',#3540,#3540,#662,.F.);
#2921=EDGE_CURVE('',#3541,#3541,#663,.F.);
#2922=EDGE_CURVE('',#3542,#3542,#664,.F.);
#2923=EDGE_CURVE('',#3543,#3543,#665,.F.);
#2924=EDGE_CURVE('',#3544,#3544,#666,.T.);
#2925=EDGE_CURVE('',#3499,#3224,#273,.T.);
#2926=EDGE_CURVE('',#3223,#3545,#274,.T.);
#2927=EDGE_CURVE('',#3545,#3500,#275,.T.);
#2928=EDGE_CURVE('',#3217,#3425,#276,.T.);
#2929=EDGE_CURVE('',#3431,#3546,#277,.T.);
#2930=EDGE_CURVE('',#3546,#3218,#278,.T.);
#2931=EDGE_CURVE('',#3213,#3547,#279,.T.);
#2932=EDGE_CURVE('',#3547,#3433,#280,.T.);
#2933=EDGE_CURVE('',#3432,#3214,#281,.T.);
#2934=EDGE_CURVE('',#3510,#3548,#282,.T.);
#2935=EDGE_CURVE('',#3548,#3208,#283,.T.);
#2936=EDGE_CURVE('',#3207,#3504,#284,.T.);
#2937=EDGE_CURVE('',#3207,#3512,#285,.F.);
#2938=EDGE_CURVE('',#3504,#3511,#667,.T.);
#2939=EDGE_CURVE('',#3505,#3495,#286,.F.);
#2940=EDGE_CURVE('',#3506,#3494,#668,.T.);
#2941=EDGE_CURVE('',#3507,#3493,#669,.T.);
#2942=EDGE_CURVE('',#3508,#3492,#670,.T.);
#2943=EDGE_CURVE('',#3509,#3490,#671,.T.);
#2944=EDGE_CURVE('',#3510,#3489,#672,.T.);
#2945=EDGE_CURVE('',#3548,#3482,#673,.T.);
#2946=EDGE_CURVE('',#3208,#3481,#674,.T.);
#2947=EDGE_CURVE('',#3209,#3184,#675,.T.);
#2948=EDGE_CURVE('',#3210,#3178,#676,.T.);
#2949=EDGE_CURVE('',#3211,#3177,#677,.T.);
#2950=EDGE_CURVE('',#3212,#3164,#678,.T.);
#2951=EDGE_CURVE('',#3213,#3169,#679,.T.);
#2952=EDGE_CURVE('',#3547,#3168,#680,.T.);
#2953=EDGE_CURVE('',#3433,#3412,#681,.T.);
#2954=EDGE_CURVE('',#3434,#3411,#682,.T.);
#2955=EDGE_CURVE('',#3435,#3419,#683,.T.);
#2956=EDGE_CURVE('',#3436,#3420,#684,.T.);
#2957=EDGE_CURVE('',#3364,#3214,#287,.T.);
#2958=EDGE_CURVE('',#3365,#3432,#685,.T.);
#2959=EDGE_CURVE('',#3437,#3421,#686,.T.);
#2960=EDGE_CURVE('',#3422,#3438,#288,.T.);
#2961=EDGE_CURVE('',#3513,#3224,#289,.T.);
#2962=EDGE_CURVE('',#3514,#3499,#687,.T.);
#2963=EDGE_CURVE('',#3496,#3498,#290,.F.);
#2964=EDGE_CURVE('',#3487,#3497,#688,.T.);
#2965=EDGE_CURVE('',#3476,#3503,#689,.T.);
#2966=EDGE_CURVE('',#3477,#3502,#690,.T.);
#2967=EDGE_CURVE('',#3478,#3501,#691,.T.);
#2968=EDGE_CURVE('',#3491,#3500,#692,.T.);
#2969=EDGE_CURVE('',#3162,#3545,#693,.T.);
#2970=EDGE_CURVE('',#3163,#3223,#694,.T.);
#2971=EDGE_CURVE('',#3158,#3222,#695,.T.);
#2972=EDGE_CURVE('',#3181,#3221,#696,.T.);
#2973=EDGE_CURVE('',#3182,#3220,#697,.T.);
#2974=EDGE_CURVE('',#3186,#3219,#698,.T.);
#2975=EDGE_CURVE('',#3424,#3218,#699,.T.);
#2976=EDGE_CURVE('',#3409,#3546,#700,.T.);
#2977=EDGE_CURVE('',#3410,#3431,#701,.T.);
#2978=EDGE_CURVE('',#3407,#3430,#702,.T.);
#2979=EDGE_CURVE('',#3405,#3429,#703,.T.);
#2980=EDGE_CURVE('',#3406,#3428,#704,.T.);
#2981=EDGE_CURVE('',#3217,#3363,#291,.F.);
#2982=EDGE_CURVE('',#3425,#3362,#705,.T.);
#2983=EDGE_CURVE('',#3417,#3427,#706,.T.);
#2984=EDGE_CURVE('',#3426,#3367,#292,.F.);
#2985=EDGE_CURVE('',#3179,#3549,#293,.F.);
#2986=EDGE_CURVE('',#3549,#3520,#294,.T.);
#2987=EDGE_CURVE('',#3519,#3550,#295,.T.);
#2988=EDGE_CURVE('',#3550,#3180,#296,.T.);
#2989=EDGE_CURVE('',#3175,#3174,#297,.T.);
#2990=EDGE_CURVE('',#3173,#3551,#298,.F.);
#2991=EDGE_CURVE('',#3551,#3516,#299,.T.);
#2992=EDGE_CURVE('',#3515,#3552,#300,.T.);
#2993=EDGE_CURVE('',#3552,#3176,#301,.T.);
#2994=EDGE_CURVE('',#3165,#3552,#707,.T.);
#2995=EDGE_CURVE('',#3166,#3515,#708,.T.);
#2996=EDGE_CURVE('',#3167,#3518,#709,.T.);
#2997=EDGE_CURVE('',#3408,#3517,#710,.T.);
#2998=EDGE_CURVE('',#3423,#3516,#711,.T.);
#2999=EDGE_CURVE('',#3185,#3551,#712,.T.);
#3000=EDGE_CURVE('',#3159,#3550,#713,.T.);
#3001=EDGE_CURVE('',#3160,#3519,#714,.T.);
#3002=EDGE_CURVE('',#3161,#3522,#715,.T.);
#3003=EDGE_CURVE('',#3479,#3521,#716,.T.);
#3004=EDGE_CURVE('',#3480,#3520,#717,.T.);
#3005=EDGE_CURVE('',#3183,#3549,#718,.T.);
#3006=EDGE_CURVE('',#3171,#3174,#719,.T.);
#3007=EDGE_CURVE('',#3175,#3172,#720,.T.);
#3008=EDGE_CURVE('',#3553,#3554,#302,.T.);
#3009=EDGE_CURVE('',#3554,#3230,#303,.T.);
#3010=EDGE_CURVE('',#3229,#3555,#304,.T.);
#3011=EDGE_CURVE('',#3555,#3556,#305,.T.);
#3012=EDGE_CURVE('',#3556,#3557,#306,.T.);
#3013=EDGE_CURVE('',#3557,#3228,#307,.T.);
#3014=EDGE_CURVE('',#3227,#3558,#308,.T.);
#3015=EDGE_CURVE('',#3558,#3553,#309,.T.);
#3016=EDGE_CURVE('',#3205,#3513,#721,.T.);
#3017=EDGE_CURVE('',#3206,#3512,#722,.T.);
#3018=EDGE_CURVE('',#3363,#3216,#723,.T.);
#3019=EDGE_CURVE('',#3364,#3215,#724,.T.);
#3020=EDGE_CURVE('',#3559,#3560,#310,.T.);
#3021=EDGE_CURVE('',#3560,#3561,#3831,.F.);
#3022=EDGE_CURVE('',#3561,#3562,#3832,.T.);
#3023=EDGE_CURVE('',#3562,#3563,#3833,.T.);
#3024=EDGE_CURVE('',#3563,#3564,#3834,.F.);
#3025=EDGE_CURVE('',#3564,#3565,#3835,.T.);
#3026=EDGE_CURVE('',#3565,#3566,#311,.T.);
#3027=EDGE_CURVE('',#3566,#3559,#3836,.T.);
#3028=EDGE_CURVE('',#3567,#3568,#3837,.T.);
#3029=EDGE_CURVE('',#3567,#3569,#725,.T.);
#3030=EDGE_CURVE('',#3570,#3569,#3838,.T.);
#3031=EDGE_CURVE('',#3570,#3568,#726,.F.);
#3032=EDGE_CURVE('',#3571,#3572,#3839,.T.);
#3033=EDGE_CURVE('',#3572,#3573,#727,.T.);
#3034=EDGE_CURVE('',#3573,#3574,#3840,.T.);
#3035=EDGE_CURVE('',#3574,#3571,#728,.F.);
#3036=EDGE_CURVE('',#3575,#3576,#3841,.T.);
#3037=EDGE_CURVE('',#3576,#3577,#3842,.F.);
#3038=EDGE_CURVE('',#3577,#3578,#3843,.T.);
#3039=EDGE_CURVE('',#3578,#3575,#3844,.T.);
#3040=EDGE_CURVE('',#3579,#3580,#3845,.F.);
#3041=EDGE_CURVE('',#3580,#3581,#3846,.T.);
#3042=EDGE_CURVE('',#3581,#3582,#3847,.F.);
#3043=EDGE_CURVE('',#3582,#3579,#3848,.F.);
#3044=EDGE_CURVE('',#3583,#3584,#3849,.F.);
#3045=EDGE_CURVE('',#3583,#3585,#729,.T.);
#3046=EDGE_CURVE('',#3586,#3585,#3850,.T.);
#3047=EDGE_CURVE('',#3586,#3584,#730,.F.);
#3048=EDGE_CURVE('',#3587,#3588,#3851,.T.);
#3049=EDGE_CURVE('',#3588,#3589,#731,.T.);
#3050=EDGE_CURVE('',#3589,#3590,#3852,.F.);
#3051=EDGE_CURVE('',#3590,#3587,#732,.F.);
#3052=EDGE_CURVE('',#3586,#3563,#733,.T.);
#3053=EDGE_CURVE('',#3584,#3563,#734,.T.);
#3054=EDGE_CURVE('',#3569,#3583,#3853,.T.);
#3055=EDGE_CURVE('',#3584,#3570,#3854,.F.);
#3056=EDGE_CURVE('',#3570,#3562,#735,.T.);
#3057=EDGE_CURVE('',#3568,#3562,#736,.T.);
#3058=EDGE_CURVE('',#3591,#3592,#470,.T.);
#3059=EDGE_CURVE('',#3592,#3567,#3855,.T.);
#3060=EDGE_CURVE('',#3568,#3591,#3856,.T.);
#3061=EDGE_CURVE('',#3581,#3188,#737,.T.);
#3062=EDGE_CURVE('',#3187,#3582,#738,.F.);
#3063=EDGE_CURVE('',#3197,#3576,#739,.T.);
#3064=EDGE_CURVE('',#3575,#3198,#740,.F.);
#3065=EDGE_CURVE('',#3573,#3593,#3857,.F.);
#3066=EDGE_CURVE('',#3593,#3594,#471,.T.);
#3067=EDGE_CURVE('',#3594,#3574,#3858,.F.);
#3068=EDGE_CURVE('',#3574,#3150,#741,.T.);
#3069=EDGE_CURVE('',#3571,#3150,#742,.T.);
#3070=EDGE_CURVE('',#3589,#3572,#3859,.F.);
#3071=EDGE_CURVE('',#3571,#3590,#3860,.T.);
#3072=EDGE_CURVE('',#3585,#3595,#3861,.T.);
#3073=EDGE_CURVE('',#3595,#3596,#743,.T.);
#3074=EDGE_CURVE('',#3596,#3597,#744,.T.);
#3075=EDGE_CURVE('',#3597,#3598,#745,.T.);
#3076=EDGE_CURVE('',#3598,#3588,#3862,.F.);
#3077=EDGE_CURVE('',#3587,#3599,#3863,.F.);
#3078=EDGE_CURVE('',#3599,#3600,#3864,.T.);
#3079=EDGE_CURVE('',#3600,#3586,#3865,.T.);
#3080=EDGE_CURVE('',#3590,#3157,#746,.T.);
#3081=EDGE_CURVE('',#3587,#3157,#747,.T.);
#3082=EDGE_CURVE('',#3599,#3601,#748,.F.);
#3083=EDGE_CURVE('',#3602,#3601,#3866,.F.);
#3084=EDGE_CURVE('',#3600,#3602,#749,.T.);
#3085=EDGE_CURVE('',#3600,#3564,#750,.F.);
#3086=EDGE_CURVE('',#3561,#3591,#312,.T.);
#3087=EDGE_CURVE('',#3594,#3151,#313,.T.);
#3088=EDGE_CURVE('',#3599,#3156,#751,.T.);
#3089=EDGE_CURVE('',#3602,#3564,#752,.T.);
#3090=EDGE_CURVE('',#3156,#3601,#753,.T.);
#3091=EDGE_CURVE('',#3601,#3603,#3867,.F.);
#3092=EDGE_CURVE('',#3603,#3604,#472,.T.);
#3093=EDGE_CURVE('',#3604,#3602,#3868,.F.);
#3094=EDGE_CURVE('',#3155,#3605,#314,.T.);
#3095=EDGE_CURVE('',#3605,#3603,#754,.T.);
#3096=EDGE_CURVE('',#3604,#3606,#755,.F.);
#3097=EDGE_CURVE('',#3606,#3565,#315,.T.);
#3098=EDGE_CURVE('',#3231,#3193,#316,.T.);
#3099=EDGE_CURVE('',#3192,#3232,#317,.T.);
#3100=EDGE_CURVE('',#3593,#3576,#318,.T.);
#3101=EDGE_CURVE('',#3577,#3573,#756,.T.);
#3102=EDGE_CURVE('',#3577,#3572,#757,.T.);
#3103=EDGE_CURVE('',#3578,#3589,#758,.T.);
#3104=EDGE_CURVE('',#3578,#3588,#759,.T.);
#3105=EDGE_CURVE('',#3575,#3598,#760,.T.);
#3106=EDGE_CURVE('',#3198,#3597,#761,.T.);
#3107=EDGE_CURVE('',#3187,#3596,#762,.T.);
#3108=EDGE_CURVE('',#3582,#3595,#763,.T.);
#3109=EDGE_CURVE('',#3579,#3585,#764,.T.);
#3110=EDGE_CURVE('',#3579,#3583,#765,.T.);
#3111=EDGE_CURVE('',#3580,#3569,#766,.T.);
#3112=EDGE_CURVE('',#3580,#3567,#767,.T.);
#3113=EDGE_CURVE('',#3592,#3581,#319,.F.);
#3114=EDGE_CURVE('',#3148,#3607,#320,.T.);
#3115=EDGE_CURVE('',#3607,#3608,#321,.T.);
#3116=EDGE_CURVE('',#3149,#3608,#768,.T.);
#3117=EDGE_CURVE('',#3608,#3606,#322,.T.);
#3118=EDGE_CURVE('',#3149,#3604,#769,.T.);
#3119=EDGE_CURVE('',#3146,#3603,#770,.T.);
#3120=EDGE_CURVE('',#3605,#3609,#323,.T.);
#3121=EDGE_CURVE('',#3146,#3609,#771,.T.);
#3122=EDGE_CURVE('',#3609,#3610,#324,.T.);
#3123=EDGE_CURVE('',#3610,#3147,#325,.T.);
#3124=EDGE_CURVE('',#3593,#3196,#772,.F.);
#3125=EDGE_CURVE('',#3594,#3195,#773,.T.);
#3126=EDGE_CURVE('',#3151,#3194,#774,.T.);
#3127=EDGE_CURVE('',#3152,#3193,#775,.T.);
#3128=EDGE_CURVE('',#3153,#3231,#776,.T.);
#3129=EDGE_CURVE('',#3154,#3230,#777,.T.);
#3130=EDGE_CURVE('',#3155,#3554,#778,.T.);
#3131=EDGE_CURVE('',#3605,#3553,#779,.T.);
#3132=EDGE_CURVE('',#3609,#3558,#780,.T.);
#3133=EDGE_CURVE('',#3610,#3227,#781,.T.);
#3134=EDGE_CURVE('',#3147,#3226,#782,.T.);
#3135=EDGE_CURVE('',#3148,#3225,#783,.T.);
#3136=EDGE_CURVE('',#3607,#3228,#784,.T.);
#3137=EDGE_CURVE('',#3608,#3557,#785,.T.);
#3138=EDGE_CURVE('',#3606,#3556,#786,.T.);
#3139=EDGE_CURVE('',#3565,#3555,#787,.T.);
#3140=EDGE_CURVE('',#3566,#3229,#788,.T.);
#3141=EDGE_CURVE('',#3559,#3232,#789,.T.);
#3142=EDGE_CURVE('',#3560,#3192,#790,.T.);
#3143=EDGE_CURVE('',#3561,#3191,#791,.T.);
#3144=EDGE_CURVE('',#3591,#3190,#792,.T.);
#3145=EDGE_CURVE('',#3592,#3189,#793,.T.);
#3146=VERTEX_POINT('',#7628);
#3147=VERTEX_POINT('',#7629);
#3148=VERTEX_POINT('',#7631);
#3149=VERTEX_POINT('',#7633);
#3150=VERTEX_POINT('',#7637);
#3151=VERTEX_POINT('',#7638);
#3152=VERTEX_POINT('',#7640);
#3153=VERTEX_POINT('',#7645);
#3154=VERTEX_POINT('',#7647);
#3155=VERTEX_POINT('',#7652);
#3156=VERTEX_POINT('',#7654);
#3157=VERTEX_POINT('',#7656);
#3158=VERTEX_POINT('',#7660);
#3159=VERTEX_POINT('',#7661);
#3160=VERTEX_POINT('',#7666);
#3161=VERTEX_POINT('',#7668);
#3162=VERTEX_POINT('',#7670);
#3163=VERTEX_POINT('',#7676);
#3164=VERTEX_POINT('',#7680);
#3165=VERTEX_POINT('',#7681);
#3166=VERTEX_POINT('',#7686);
#3167=VERTEX_POINT('',#7688);
#3168=VERTEX_POINT('',#7690);
#3169=VERTEX_POINT('',#7696);
#3170=VERTEX_POINT('',#7700);
#3171=VERTEX_POINT('',#7706);
#3172=VERTEX_POINT('',#7707);
#3173=VERTEX_POINT('',#7711);
#3174=VERTEX_POINT('',#7712);
#3175=VERTEX_POINT('',#7714);
#3176=VERTEX_POINT('',#7716);
#3177=VERTEX_POINT('',#7718);
#3178=VERTEX_POINT('',#7720);
#3179=VERTEX_POINT('',#7722);
#3180=VERTEX_POINT('',#7724);
#3181=VERTEX_POINT('',#7726);
#3182=VERTEX_POINT('',#7728);
#3183=VERTEX_POINT('',#7732);
#3184=VERTEX_POINT('',#7733);
#3185=VERTEX_POINT('',#7766);
#3186=VERTEX_POINT('',#7767);
#3187=VERTEX_POINT('',#7780);
#3188=VERTEX_POINT('',#7781);
#3189=VERTEX_POINT('',#7786);
#3190=VERTEX_POINT('',#7788);
#3191=VERTEX_POINT('',#7793);
#3192=VERTEX_POINT('',#7795);
#3193=VERTEX_POINT('',#7797);
#3194=VERTEX_POINT('',#7799);
#3195=VERTEX_POINT('',#7804);
#3196=VERTEX_POINT('',#7806);
#3197=VERTEX_POINT('',#7811);
#3198=VERTEX_POINT('',#7813);
#3199=VERTEX_POINT('',#7816);
#3200=VERTEX_POINT('',#7817);
#3201=VERTEX_POINT('',#7819);
#3202=VERTEX_POINT('',#7824);
#3203=VERTEX_POINT('',#7826);
#3204=VERTEX_POINT('',#7831);
#3205=VERTEX_POINT('',#7846);
#3206=VERTEX_POINT('',#7847);
#3207=VERTEX_POINT('',#7853);
#3208=VERTEX_POINT('',#7858);
#3209=VERTEX_POINT('',#7863);
#3210=VERTEX_POINT('',#7869);
#3211=VERTEX_POINT('',#7871);
#3212=VERTEX_POINT('',#7877);
#3213=VERTEX_POINT('',#7882);
#3214=VERTEX_POINT('',#7887);
#3215=VERTEX_POINT('',#7893);
#3216=VERTEX_POINT('',#7906);
#3217=VERTEX_POINT('',#7912);
#3218=VERTEX_POINT('',#7917);
#3219=VERTEX_POINT('',#7922);
#3220=VERTEX_POINT('',#7928);
#3221=VERTEX_POINT('',#7930);
#3222=VERTEX_POINT('',#7936);
#3223=VERTEX_POINT('',#7941);
#3224=VERTEX_POINT('',#7946);
#3225=VERTEX_POINT('',#7953);
#3226=VERTEX_POINT('',#7954);
#3227=VERTEX_POINT('',#7959);
#3228=VERTEX_POINT('',#7961);
#3229=VERTEX_POINT('',#7968);
#3230=VERTEX_POINT('',#7969);
#3231=VERTEX_POINT('',#7971);
#3232=VERTEX_POINT('',#7973);
#3233=VERTEX_POINT('',#7988);
#3234=VERTEX_POINT('',#7990);
#3235=VERTEX_POINT('',#7994);
#3236=VERTEX_POINT('',#8009);
#3237=VERTEX_POINT('',#8016);
#3238=VERTEX_POINT('',#8023);
#3239=VERTEX_POINT('',#8025);
#3240=VERTEX_POINT('',#8030);
#3241=VERTEX_POINT('',#8035);
#3242=VERTEX_POINT('',#8037);
#3243=VERTEX_POINT('',#8042);
#3244=VERTEX_POINT('',#8047);
#3245=VERTEX_POINT('',#8049);
#3246=VERTEX_POINT('',#8067);
#3247=VERTEX_POINT('',#8072);
#3248=VERTEX_POINT('',#8087);
#3249=VERTEX_POINT('',#8097);
#3250=VERTEX_POINT('',#8099);
#3251=VERTEX_POINT('',#8111);
#3252=VERTEX_POINT('',#8113);
#3253=VERTEX_POINT('',#8115);
#3254=VERTEX_POINT('',#8117);
#3255=VERTEX_POINT('',#8119);
#3256=VERTEX_POINT('',#8121);
#3257=VERTEX_POINT('',#8123);
#3258=VERTEX_POINT('',#8125);
#3259=VERTEX_POINT('',#8127);
#3260=VERTEX_POINT('',#8129);
#3261=VERTEX_POINT('',#8131);
#3262=VERTEX_POINT('',#8133);
#3263=VERTEX_POINT('',#8135);
#3264=VERTEX_POINT('',#8137);
#3265=VERTEX_POINT('',#8139);
#3266=VERTEX_POINT('',#8141);
#3267=VERTEX_POINT('',#8143);
#3268=VERTEX_POINT('',#8145);
#3269=VERTEX_POINT('',#8147);
#3270=VERTEX_POINT('',#8149);
#3271=VERTEX_POINT('',#8151);
#3272=VERTEX_POINT('',#8153);
#3273=VERTEX_POINT('',#8154);
#3274=VERTEX_POINT('',#8156);
#3275=VERTEX_POINT('',#8158);
#3276=VERTEX_POINT('',#8165);
#3277=VERTEX_POINT('',#8170);
#3278=VERTEX_POINT('',#8174);
#3279=VERTEX_POINT('',#8178);
#3280=VERTEX_POINT('',#8211);
#3281=VERTEX_POINT('',#8213);
#3282=VERTEX_POINT('',#8241);
#3283=VERTEX_POINT('',#8248);
#3284=VERTEX_POINT('',#8254);
#3285=VERTEX_POINT('',#8269);
#3286=VERTEX_POINT('',#8289);
#3287=VERTEX_POINT('',#8293);
#3288=VERTEX_POINT('',#8301);
#3289=VERTEX_POINT('',#8303);
#3290=VERTEX_POINT('',#8306);
#3291=VERTEX_POINT('',#8307);
#3292=VERTEX_POINT('',#8309);
#3293=VERTEX_POINT('',#8311);
#3294=VERTEX_POINT('',#8313);
#3295=VERTEX_POINT('',#8315);
#3296=VERTEX_POINT('',#8318);
#3297=VERTEX_POINT('',#8319);
#3298=VERTEX_POINT('',#8321);
#3299=VERTEX_POINT('',#8323);
#3300=VERTEX_POINT('',#8325);
#3301=VERTEX_POINT('',#8327);
#3302=VERTEX_POINT('',#8330);
#3303=VERTEX_POINT('',#8331);
#3304=VERTEX_POINT('',#8333);
#3305=VERTEX_POINT('',#8335);
#3306=VERTEX_POINT('',#8337);
#3307=VERTEX_POINT('',#8339);
#3308=VERTEX_POINT('',#8342);
#3309=VERTEX_POINT('',#8343);
#3310=VERTEX_POINT('',#8345);
#3311=VERTEX_POINT('',#8347);
#3312=VERTEX_POINT('',#8349);
#3313=VERTEX_POINT('',#8351);
#3314=VERTEX_POINT('',#8364);
#3315=VERTEX_POINT('',#8366);
#3316=VERTEX_POINT('',#8370);
#3317=VERTEX_POINT('',#8374);
#3318=VERTEX_POINT('',#8378);
#3319=VERTEX_POINT('',#8382);
#3320=VERTEX_POINT('',#8388);
#3321=VERTEX_POINT('',#8390);
#3322=VERTEX_POINT('',#8394);
#3323=VERTEX_POINT('',#8398);
#3324=VERTEX_POINT('',#8402);
#3325=VERTEX_POINT('',#8406);
#3326=VERTEX_POINT('',#8412);
#3327=VERTEX_POINT('',#8414);
#3328=VERTEX_POINT('',#8418);
#3329=VERTEX_POINT('',#8422);
#3330=VERTEX_POINT('',#8426);
#3331=VERTEX_POINT('',#8430);
#3332=VERTEX_POINT('',#8436);
#3333=VERTEX_POINT('',#8438);
#3334=VERTEX_POINT('',#8442);
#3335=VERTEX_POINT('',#8446);
#3336=VERTEX_POINT('',#8450);
#3337=VERTEX_POINT('',#8454);
#3338=VERTEX_POINT('',#8460);
#3339=VERTEX_POINT('',#8462);
#3340=VERTEX_POINT('',#8466);
#3341=VERTEX_POINT('',#8470);
#3342=VERTEX_POINT('',#8474);
#3343=VERTEX_POINT('',#8478);
#3344=VERTEX_POINT('',#8484);
#3345=VERTEX_POINT('',#8486);
#3346=VERTEX_POINT('',#8490);
#3347=VERTEX_POINT('',#8494);
#3348=VERTEX_POINT('',#8498);
#3349=VERTEX_POINT('',#8502);
#3350=VERTEX_POINT('',#8508);
#3351=VERTEX_POINT('',#8510);
#3352=VERTEX_POINT('',#8514);
#3353=VERTEX_POINT('',#8518);
#3354=VERTEX_POINT('',#8522);
#3355=VERTEX_POINT('',#8526);
#3356=VERTEX_POINT('',#8532);
#3357=VERTEX_POINT('',#8534);
#3358=VERTEX_POINT('',#8538);
#3359=VERTEX_POINT('',#8542);
#3360=VERTEX_POINT('',#8546);
#3361=VERTEX_POINT('',#8550);
#3362=VERTEX_POINT('',#8563);
#3363=VERTEX_POINT('',#8564);
#3364=VERTEX_POINT('',#8566);
#3365=VERTEX_POINT('',#8571);
#3366=VERTEX_POINT('',#8573);
#3367=VERTEX_POINT('',#8575);
#3368=VERTEX_POINT('',#8579);
#3369=VERTEX_POINT('',#8580);
#3370=VERTEX_POINT('',#8586);
#3371=VERTEX_POINT('',#8588);
#3372=VERTEX_POINT('',#8592);
#3373=VERTEX_POINT('',#8593);
#3374=VERTEX_POINT('',#8598);
#3375=VERTEX_POINT('',#8599);
#3376=VERTEX_POINT('',#8601);
#3377=VERTEX_POINT('',#8603);
#3378=VERTEX_POINT('',#8607);
#3379=VERTEX_POINT('',#8609);
#3380=VERTEX_POINT('',#8617);
#3381=VERTEX_POINT('',#8618);
#3382=VERTEX_POINT('',#8620);
#3383=VERTEX_POINT('',#8622);
#3384=VERTEX_POINT('',#8626);
#3385=VERTEX_POINT('',#8627);
#3386=VERTEX_POINT('',#8632);
#3387=VERTEX_POINT('',#8657);
#3388=VERTEX_POINT('',#8659);
#3389=VERTEX_POINT('',#8669);
#3390=VERTEX_POINT('',#8673);
#3391=VERTEX_POINT('',#8682);
#3392=VERTEX_POINT('',#8684);
#3393=VERTEX_POINT('',#8688);
#3394=VERTEX_POINT('',#8692);
#3395=VERTEX_POINT('',#8694);
#3396=VERTEX_POINT('',#8696);
#3397=VERTEX_POINT('',#8698);
#3398=VERTEX_POINT('',#8700);
#3399=VERTEX_POINT('',#8718);
#3400=VERTEX_POINT('',#8726);
#3401=VERTEX_POINT('',#8730);
#3402=VERTEX_POINT('',#8734);
#3403=VERTEX_POINT('',#8738);
#3404=VERTEX_POINT('',#8746);
#3405=VERTEX_POINT('',#8749);
#3406=VERTEX_POINT('',#8751);
#3407=VERTEX_POINT('',#8755);
#3408=VERTEX_POINT('',#8762);
#3409=VERTEX_POINT('',#8764);
#3410=VERTEX_POINT('',#8769);
#3411=VERTEX_POINT('',#8772);
#3412=VERTEX_POINT('',#8774);
#3413=VERTEX_POINT('',#8781);
#3414=VERTEX_POINT('',#8808);
#3415=VERTEX_POINT('',#8817);
#3416=VERTEX_POINT('',#8844);
#3417=VERTEX_POINT('',#8855);
#3418=VERTEX_POINT('',#8859);
#3419=VERTEX_POINT('',#8862);
#3420=VERTEX_POINT('',#8866);
#3421=VERTEX_POINT('',#8870);
#3422=VERTEX_POINT('',#8877);
#3423=VERTEX_POINT('',#8882);
#3424=VERTEX_POINT('',#8888);
#3425=VERTEX_POINT('',#8896);
#3426=VERTEX_POINT('',#8897);
#3427=VERTEX_POINT('',#8899);
#3428=VERTEX_POINT('',#8901);
#3429=VERTEX_POINT('',#8903);
#3430=VERTEX_POINT('',#8905);
#3431=VERTEX_POINT('',#8907);
#3432=VERTEX_POINT('',#8917);
#3433=VERTEX_POINT('',#8918);
#3434=VERTEX_POINT('',#8920);
#3435=VERTEX_POINT('',#8922);
#3436=VERTEX_POINT('',#8924);
#3437=VERTEX_POINT('',#8926);
#3438=VERTEX_POINT('',#8928);
#3439=VERTEX_POINT('',#8932);
#3440=VERTEX_POINT('',#8933);
#3441=VERTEX_POINT('',#8935);
#3442=VERTEX_POINT('',#8937);
#3443=VERTEX_POINT('',#8945);
#3444=VERTEX_POINT('',#8946);
#3445=VERTEX_POINT('',#8951);
#3446=VERTEX_POINT('',#8952);
#3447=VERTEX_POINT('',#8954);
#3448=VERTEX_POINT('',#8956);
#3449=VERTEX_POINT('',#8960);
#3450=VERTEX_POINT('',#8966);
#3451=VERTEX_POINT('',#8970);
#3452=VERTEX_POINT('',#8971);
#3453=VERTEX_POINT('',#8973);
#3454=VERTEX_POINT('',#8975);
#3455=VERTEX_POINT('',#8979);
#3456=VERTEX_POINT('',#8980);
#3457=VERTEX_POINT('',#8985);
#3458=VERTEX_POINT('',#9010);
#3459=VERTEX_POINT('',#9017);
#3460=VERTEX_POINT('',#9022);
#3461=VERTEX_POINT('',#9026);
#3462=VERTEX_POINT('',#9035);
#3463=VERTEX_POINT('',#9037);
#3464=VERTEX_POINT('',#9041);
#3465=VERTEX_POINT('',#9045);
#3466=VERTEX_POINT('',#9047);
#3467=VERTEX_POINT('',#9049);
#3468=VERTEX_POINT('',#9051);
#3469=VERTEX_POINT('',#9053);
#3470=VERTEX_POINT('',#9075);
#3471=VERTEX_POINT('',#9079);
#3472=VERTEX_POINT('',#9083);
#3473=VERTEX_POINT('',#9087);
#3474=VERTEX_POINT('',#9091);
#3475=VERTEX_POINT('',#9099);
#3476=VERTEX_POINT('',#9102);
#3477=VERTEX_POINT('',#9104);
#3478=VERTEX_POINT('',#9108);
#3479=VERTEX_POINT('',#9112);
#3480=VERTEX_POINT('',#9113);
#3481=VERTEX_POINT('',#9119);
#3482=VERTEX_POINT('',#9125);
#3483=VERTEX_POINT('',#9129);
#3484=VERTEX_POINT('',#9161);
#3485=VERTEX_POINT('',#9165);
#3486=VERTEX_POINT('',#9197);
#3487=VERTEX_POINT('',#9203);
#3488=VERTEX_POINT('',#9207);
#3489=VERTEX_POINT('',#9217);
#3490=VERTEX_POINT('',#9219);
#3491=VERTEX_POINT('',#9222);
#3492=VERTEX_POINT('',#9229);
#3493=VERTEX_POINT('',#9233);
#3494=VERTEX_POINT('',#9237);
#3495=VERTEX_POINT('',#9241);
#3496=VERTEX_POINT('',#9242);
#3497=VERTEX_POINT('',#9247);
#3498=VERTEX_POINT('',#9248);
#3499=VERTEX_POINT('',#9250);
#3500=VERTEX_POINT('',#9255);
#3501=VERTEX_POINT('',#9257);
#3502=VERTEX_POINT('',#9259);
#3503=VERTEX_POINT('',#9261);
#3504=VERTEX_POINT('',#9265);
#3505=VERTEX_POINT('',#9266);
#3506=VERTEX_POINT('',#9268);
#3507=VERTEX_POINT('',#9270);
#3508=VERTEX_POINT('',#9272);
#3509=VERTEX_POINT('',#9274);
#3510=VERTEX_POINT('',#9276);
#3511=VERTEX_POINT('',#9286);
#3512=VERTEX_POINT('',#9287);
#3513=VERTEX_POINT('',#9289);
#3514=VERTEX_POINT('',#9294);
#3515=VERTEX_POINT('',#9299);
#3516=VERTEX_POINT('',#9300);
#3517=VERTEX_POINT('',#9309);
#3518=VERTEX_POINT('',#9314);
#3519=VERTEX_POINT('',#9323);
#3520=VERTEX_POINT('',#9324);
#3521=VERTEX_POINT('',#9333);
#3522=VERTEX_POINT('',#9338);
#3523=VERTEX_POINT('',#9347);
#3524=VERTEX_POINT('',#9350);
#3525=VERTEX_POINT('',#9353);
#3526=VERTEX_POINT('',#9356);
#3527=VERTEX_POINT('',#9359);
#3528=VERTEX_POINT('',#9362);
#3529=VERTEX_POINT('',#9365);
#3530=VERTEX_POINT('',#9368);
#3531=VERTEX_POINT('',#9371);
#3532=VERTEX_POINT('',#9374);
#3533=VERTEX_POINT('',#9377);
#3534=VERTEX_POINT('',#9380);
#3535=VERTEX_POINT('',#9383);
#3536=VERTEX_POINT('',#9386);
#3537=VERTEX_POINT('',#9389);
#3538=VERTEX_POINT('',#9392);
#3539=VERTEX_POINT('',#9395);
#3540=VERTEX_POINT('',#9398);
#3541=VERTEX_POINT('',#9401);
#3542=VERTEX_POINT('',#9404);
#3543=VERTEX_POINT('',#9407);
#3544=VERTEX_POINT('',#9410);
#3545=VERTEX_POINT('',#9432);
#3546=VERTEX_POINT('',#9458);
#3547=VERTEX_POINT('',#9479);
#3548=VERTEX_POINT('',#9505);
#3549=VERTEX_POINT('',#10098);
#3550=VERTEX_POINT('',#10107);
#3551=VERTEX_POINT('',#10121);
#3552=VERTEX_POINT('',#10130);
#3553=VERTEX_POINT('',#10363);
#3554=VERTEX_POINT('',#10364);
#3555=VERTEX_POINT('',#10373);
#3556=VERTEX_POINT('',#10378);
#3557=VERTEX_POINT('',#10383);
#3558=VERTEX_POINT('',#10396);
#3559=VERTEX_POINT('',#10512);
#3560=VERTEX_POINT('',#10513);
#3561=VERTEX_POINT('',#10515);
#3562=VERTEX_POINT('',#10517);
#3563=VERTEX_POINT('',#10519);
#3564=VERTEX_POINT('',#10521);
#3565=VERTEX_POINT('',#10523);
#3566=VERTEX_POINT('',#10528);
#3567=VERTEX_POINT('',#10532);
#3568=VERTEX_POINT('',#10533);
#3569=VERTEX_POINT('',#10535);
#3570=VERTEX_POINT('',#10537);
#3571=VERTEX_POINT('',#10541);
#3572=VERTEX_POINT('',#10542);
#3573=VERTEX_POINT('',#10544);
#3574=VERTEX_POINT('',#10546);
#3575=VERTEX_POINT('',#10550);
#3576=VERTEX_POINT('',#10551);
#3577=VERTEX_POINT('',#10553);
#3578=VERTEX_POINT('',#10555);
#3579=VERTEX_POINT('',#10559);
#3580=VERTEX_POINT('',#10560);
#3581=VERTEX_POINT('',#10562);
#3582=VERTEX_POINT('',#10564);
#3583=VERTEX_POINT('',#10568);
#3584=VERTEX_POINT('',#10569);
#3585=VERTEX_POINT('',#10571);
#3586=VERTEX_POINT('',#10573);
#3587=VERTEX_POINT('',#10577);
#3588=VERTEX_POINT('',#10578);
#3589=VERTEX_POINT('',#10580);
#3590=VERTEX_POINT('',#10582);
#3591=VERTEX_POINT('',#10595);
#3592=VERTEX_POINT('',#10596);
#3593=VERTEX_POINT('',#10607);
#3594=VERTEX_POINT('',#10609);
#3595=VERTEX_POINT('',#10619);
#3596=VERTEX_POINT('',#10621);
#3597=VERTEX_POINT('',#10623);
#3598=VERTEX_POINT('',#10625);
#3599=VERTEX_POINT('',#10628);
#3600=VERTEX_POINT('',#10630);
#3601=VERTEX_POINT('',#10637);
#3602=VERTEX_POINT('',#10639);
#3603=VERTEX_POINT('',#10663);
#3604=VERTEX_POINT('',#10665);
#3605=VERTEX_POINT('',#10672);
#3606=VERTEX_POINT('',#10676);
#3607=VERTEX_POINT('',#10728);
#3608=VERTEX_POINT('',#10735);
#3609=VERTEX_POINT('',#10761);
#3610=VERTEX_POINT('',#10770);
#3611=LINE('',#7627,#3869);
#3612=LINE('',#7632,#3870);
#3613=LINE('',#7636,#3871);
#3614=LINE('',#7639,#3872);
#3615=LINE('',#7646,#3873);
#3616=LINE('',#7653,#3874);
#3617=LINE('',#7655,#3875);
#3618=LINE('',#7657,#3876);
#3619=LINE('',#7659,#3877);
#3620=LINE('',#7669,#3878);
#3621=LINE('',#7679,#3879);
#3622=LINE('',#7689,#3880);
#3623=LINE('',#7717,#3881);
#3624=LINE('',#7721,#3882);
#3625=LINE('',#7725,#3883);
#3626=LINE('',#7729,#3884);
#3627=LINE('',#7731,#3885);
#3628=LINE('',#7765,#3886);
#3629=LINE('',#7779,#3887);
#3630=LINE('',#7794,#3888);
#3631=LINE('',#7798,#3889);
#3632=LINE('',#7812,#3890);
#3633=LINE('',#7970,#3891);
#3634=LINE('',#7974,#3892);
#3635=LINE('',#8092,#3893);
#3636=LINE('',#8098,#3894);
#3637=LINE('',#8107,#3895);
#3638=LINE('',#8152,#3896);
#3639=LINE('',#8157,#3897);
#3640=LINE('',#8171,#3898);
#3641=LINE('',#8177,#3899);
#3642=LINE('',#8212,#3900);
#3643=LINE('',#8288,#3901);
#3644=LINE('',#8290,#3902);
#3645=LINE('',#8294,#3903);
#3646=LINE('',#8296,#3904);
#3647=LINE('',#8300,#3905);
#3648=LINE('',#8304,#3906);
#3649=LINE('',#8305,#3907);
#3650=LINE('',#8308,#3908);
#3651=LINE('',#8310,#3909);
#3652=LINE('',#8312,#3910);
#3653=LINE('',#8314,#3911);
#3654=LINE('',#8316,#3912);
#3655=LINE('',#8317,#3913);
#3656=LINE('',#8320,#3914);
#3657=LINE('',#8322,#3915);
#3658=LINE('',#8324,#3916);
#3659=LINE('',#8326,#3917);
#3660=LINE('',#8328,#3918);
#3661=LINE('',#8329,#3919);
#3662=LINE('',#8332,#3920);
#3663=LINE('',#8334,#3921);
#3664=LINE('',#8336,#3922);
#3665=LINE('',#8338,#3923);
#3666=LINE('',#8340,#3924);
#3667=LINE('',#8341,#3925);
#3668=LINE('',#8344,#3926);
#3669=LINE('',#8346,#3927);
#3670=LINE('',#8348,#3928);
#3671=LINE('',#8350,#3929);
#3672=LINE('',#8352,#3930);
#3673=LINE('',#8363,#3931);
#3674=LINE('',#8365,#3932);
#3675=LINE('',#8367,#3933);
#3676=LINE('',#8369,#3934);
#3677=LINE('',#8371,#3935);
#3678=LINE('',#8373,#3936);
#3679=LINE('',#8375,#3937);
#3680=LINE('',#8377,#3938);
#3681=LINE('',#8379,#3939);
#3682=LINE('',#8381,#3940);
#3683=LINE('',#8383,#3941);
#3684=LINE('',#8385,#3942);
#3685=LINE('',#8387,#3943);
#3686=LINE('',#8389,#3944);
#3687=LINE('',#8391,#3945);
#3688=LINE('',#8393,#3946);
#3689=LINE('',#8395,#3947);
#3690=LINE('',#8397,#3948);
#3691=LINE('',#8399,#3949);
#3692=LINE('',#8401,#3950);
#3693=LINE('',#8403,#3951);
#3694=LINE('',#8405,#3952);
#3695=LINE('',#8407,#3953);
#3696=LINE('',#8409,#3954);
#3697=LINE('',#8411,#3955);
#3698=LINE('',#8413,#3956);
#3699=LINE('',#8415,#3957);
#3700=LINE('',#8417,#3958);
#3701=LINE('',#8419,#3959);
#3702=LINE('',#8421,#3960);
#3703=LINE('',#8423,#3961);
#3704=LINE('',#8425,#3962);
#3705=LINE('',#8427,#3963);
#3706=LINE('',#8429,#3964);
#3707=LINE('',#8431,#3965);
#3708=LINE('',#8433,#3966);
#3709=LINE('',#8435,#3967);
#3710=LINE('',#8437,#3968);
#3711=LINE('',#8439,#3969);
#3712=LINE('',#8441,#3970);
#3713=LINE('',#8443,#3971);
#3714=LINE('',#8445,#3972);
#3715=LINE('',#8447,#3973);
#3716=LINE('',#8449,#3974);
#3717=LINE('',#8451,#3975);
#3718=LINE('',#8453,#3976);
#3719=LINE('',#8455,#3977);
#3720=LINE('',#8457,#3978);
#3721=LINE('',#8459,#3979);
#3722=LINE('',#8461,#3980);
#3723=LINE('',#8463,#3981);
#3724=LINE('',#8465,#3982);
#3725=LINE('',#8467,#3983);
#3726=LINE('',#8469,#3984);
#3727=LINE('',#8471,#3985);
#3728=LINE('',#8473,#3986);
#3729=LINE('',#8475,#3987);
#3730=LINE('',#8477,#3988);
#3731=LINE('',#8479,#3989);
#3732=LINE('',#8481,#3990);
#3733=LINE('',#8483,#3991);
#3734=LINE('',#8485,#3992);
#3735=LINE('',#8487,#3993);
#3736=LINE('',#8489,#3994);
#3737=LINE('',#8491,#3995);
#3738=LINE('',#8493,#3996);
#3739=LINE('',#8495,#3997);
#3740=LINE('',#8497,#3998);
#3741=LINE('',#8499,#3999);
#3742=LINE('',#8501,#4000);
#3743=LINE('',#8503,#4001);
#3744=LINE('',#8505,#4002);
#3745=LINE('',#8507,#4003);
#3746=LINE('',#8509,#4004);
#3747=LINE('',#8511,#4005);
#3748=LINE('',#8513,#4006);
#3749=LINE('',#8515,#4007);
#3750=LINE('',#8517,#4008);
#3751=LINE('',#8519,#4009);
#3752=LINE('',#8521,#4010);
#3753=LINE('',#8523,#4011);
#3754=LINE('',#8525,#4012);
#3755=LINE('',#8527,#4013);
#3756=LINE('',#8529,#4014);
#3757=LINE('',#8531,#4015);
#3758=LINE('',#8533,#4016);
#3759=LINE('',#8535,#4017);
#3760=LINE('',#8537,#4018);
#3761=LINE('',#8539,#4019);
#3762=LINE('',#8541,#4020);
#3763=LINE('',#8543,#4021);
#3764=LINE('',#8545,#4022);
#3765=LINE('',#8547,#4023);
#3766=LINE('',#8549,#4024);
#3767=LINE('',#8551,#4025);
#3768=LINE('',#8553,#4026);
#3769=LINE('',#8572,#4027);
#3770=LINE('',#8574,#4028);
#3771=LINE('',#8576,#4029);
#3772=LINE('',#8594,#4030);
#3773=LINE('',#8595,#4031);
#3774=LINE('',#8600,#4032);
#3775=LINE('',#8604,#4033);
#3776=LINE('',#8619,#4034);
#3777=LINE('',#8623,#4035);
#3778=LINE('',#8667,#4036);
#3779=LINE('',#8670,#4037);
#3780=LINE('',#8697,#4038);
#3781=LINE('',#8735,#4039);
#3782=LINE('',#8741,#4040);
#3783=LINE('',#8742,#4041);
#3784=LINE('',#8748,#4042);
#3785=LINE('',#8750,#4043);
#3786=LINE('',#8752,#4044);
#3787=LINE('',#8754,#4045);
#3788=LINE('',#8763,#4046);
#3789=LINE('',#8771,#4047);
#3790=LINE('',#8818,#4048);
#3791=LINE('',#8856,#4049);
#3792=LINE('',#8861,#4050);
#3793=LINE('',#8865,#4051);
#3794=LINE('',#8867,#4052);
#3795=LINE('',#8869,#4053);
#3796=LINE('',#8895,#4054);
#3797=LINE('',#8902,#4055);
#3798=LINE('',#8923,#4056);
#3799=LINE('',#8929,#4057);
#3800=LINE('',#8947,#4058);
#3801=LINE('',#8948,#4059);
#3802=LINE('',#8953,#4060);
#3803=LINE('',#8957,#4061);
#3804=LINE('',#8972,#4062);
#3805=LINE('',#8976,#4063);
#3806=LINE('',#9020,#4064);
#3807=LINE('',#9021,#4065);
#3808=LINE('',#9052,#4066);
#3809=LINE('',#9086,#4067);
#3810=LINE('',#9094,#4068);
#3811=LINE('',#9095,#4069);
#3812=LINE('',#9101,#4070);
#3813=LINE('',#9103,#4071);
#3814=LINE('',#9105,#4072);
#3815=LINE('',#9109,#4073);
#3816=LINE('',#9126,#4074);
#3817=LINE('',#9164,#4075);
#3818=LINE('',#9202,#4076);
#3819=LINE('',#9220,#4077);
#3820=LINE('',#9230,#4078);
#3821=LINE('',#9232,#4079);
#3822=LINE('',#9234,#4080);
#3823=LINE('',#9238,#4081);
#3824=LINE('',#9240,#4082);
#3825=LINE('',#9249,#4083);
#3826=LINE('',#9260,#4084);
#3827=LINE('',#9264,#4085);
#3828=LINE('',#9271,#4086);
#3829=LINE('',#9295,#4087);
#3830=LINE('',#9296,#4088);
#3831=LINE('',#10514,#4089);
#3832=LINE('',#10516,#4090);
#3833=LINE('',#10518,#4091);
#3834=LINE('',#10520,#4092);
#3835=LINE('',#10522,#4093);
#3836=LINE('',#10529,#4094);
#3837=LINE('',#10531,#4095);
#3838=LINE('',#10536,#4096);
#3839=LINE('',#10540,#4097);
#3840=LINE('',#10545,#4098);
#3841=LINE('',#10549,#4099);
#3842=LINE('',#10552,#4100);
#3843=LINE('',#10554,#4101);
#3844=LINE('',#10556,#4102);
#3845=LINE('',#10558,#4103);
#3846=LINE('',#10561,#4104);
#3847=LINE('',#10563,#4105);
#3848=LINE('',#10565,#4106);
#3849=LINE('',#10567,#4107);
#3850=LINE('',#10572,#4108);
#3851=LINE('',#10576,#4109);
#3852=LINE('',#10581,#4110);
#3853=LINE('',#10588,#4111);
#3854=LINE('',#10589,#4112);
#3855=LINE('',#10597,#4113);
#3856=LINE('',#10598,#4114);
#3857=LINE('',#10606,#4115);
#3858=LINE('',#10610,#4116);
#3859=LINE('',#10615,#4117);
#3860=LINE('',#10616,#4118);
#3861=LINE('',#10618,#4119);
#3862=LINE('',#10626,#4120);
#3863=LINE('',#10627,#4121);
#3864=LINE('',#10629,#4122);
#3865=LINE('',#10631,#4123);
#3866=LINE('',#10638,#4124);
#3867=LINE('',#10662,#4125);
#3868=LINE('',#10666,#4126);
#3869=VECTOR('',#6103,1.);
#3870=VECTOR('',#6106,1.);
#3871=VECTOR('',#6111,1.);
#3872=VECTOR('',#6112,1.);
#3873=VECTOR('',#6113,1.);
#3874=VECTOR('',#6114,1.);
#3875=VECTOR('',#6115,1.);
#3876=VECTOR('',#6116,1.);
#3877=VECTOR('',#6119,1.);
#3878=VECTOR('',#6122,1.);
#3879=VECTOR('',#6127,1.);
#3880=VECTOR('',#6130,1.);
#3881=VECTOR('',#6147,1.);
#3882=VECTOR('',#6150,1.);
#3883=VECTOR('',#6153,1.);
#3884=VECTOR('',#6156,1.);
#3885=VECTOR('',#6159,1.);
#3886=VECTOR('',#6166,1.);
#3887=VECTOR('',#6169,1.);
#3888=VECTOR('',#6172,1.);
#3889=VECTOR('',#6175,1.);
#3890=VECTOR('',#6178,1.);
#3891=VECTOR('',#6203,1.);
#3892=VECTOR('',#6206,1.);
#3893=VECTOR('',#6249,1.);
#3894=VECTOR('',#6250,1.);
#3895=VECTOR('',#6257,1.);
#3896=VECTOR('',#6304,1.);
#3897=VECTOR('',#6307,1.);
#3898=VECTOR('',#6320,1.);
#3899=VECTOR('',#6329,1.);
#3900=VECTOR('',#6338,1.);
#3901=VECTOR('',#6367,1.);
#3902=VECTOR('',#6368,1.);
#3903=VECTOR('',#6373,1.);
#3904=VECTOR('',#6376,1.);
#3905=VECTOR('',#6383,1.);
#3906=VECTOR('',#6386,1.);
#3907=VECTOR('',#6387,1.);
#3908=VECTOR('',#6388,1.);
#3909=VECTOR('',#6389,1.);
#3910=VECTOR('',#6390,1.);
#3911=VECTOR('',#6391,1.);
#3912=VECTOR('',#6392,1.);
#3913=VECTOR('',#6393,1.);
#3914=VECTOR('',#6394,1.);
#3915=VECTOR('',#6395,1.);
#3916=VECTOR('',#6396,1.);
#3917=VECTOR('',#6397,1.);
#3918=VECTOR('',#6398,1.);
#3919=VECTOR('',#6399,1.);
#3920=VECTOR('',#6400,1.);
#3921=VECTOR('',#6401,1.);
#3922=VECTOR('',#6402,1.);
#3923=VECTOR('',#6403,1.);
#3924=VECTOR('',#6404,1.);
#3925=VECTOR('',#6405,1.);
#3926=VECTOR('',#6406,1.);
#3927=VECTOR('',#6407,1.);
#3928=VECTOR('',#6408,1.);
#3929=VECTOR('',#6409,1.);
#3930=VECTOR('',#6410,1.);
#3931=VECTOR('',#6431,1.);
#3932=VECTOR('',#6432,1.);
#3933=VECTOR('',#6433,1.);
#3934=VECTOR('',#6436,1.);
#3935=VECTOR('',#6437,1.);
#3936=VECTOR('',#6440,1.);
#3937=VECTOR('',#6441,1.);
#3938=VECTOR('',#6444,1.);
#3939=VECTOR('',#6445,1.);
#3940=VECTOR('',#6448,1.);
#3941=VECTOR('',#6449,1.);
#3942=VECTOR('',#6452,1.);
#3943=VECTOR('',#6455,1.);
#3944=VECTOR('',#6456,1.);
#3945=VECTOR('',#6457,1.);
#3946=VECTOR('',#6460,1.);
#3947=VECTOR('',#6461,1.);
#3948=VECTOR('',#6464,1.);
#3949=VECTOR('',#6465,1.);
#3950=VECTOR('',#6468,1.);
#3951=VECTOR('',#6469,1.);
#3952=VECTOR('',#6472,1.);
#3953=VECTOR('',#6473,1.);
#3954=VECTOR('',#6476,1.);
#3955=VECTOR('',#6479,1.);
#3956=VECTOR('',#6480,1.);
#3957=VECTOR('',#6481,1.);
#3958=VECTOR('',#6484,1.);
#3959=VECTOR('',#6485,1.);
#3960=VECTOR('',#6488,1.);
#3961=VECTOR('',#6489,1.);
#3962=VECTOR('',#6492,1.);
#3963=VECTOR('',#6493,1.);
#3964=VECTOR('',#6496,1.);
#3965=VECTOR('',#6497,1.);
#3966=VECTOR('',#6500,1.);
#3967=VECTOR('',#6503,1.);
#3968=VECTOR('',#6504,1.);
#3969=VECTOR('',#6505,1.);
#3970=VECTOR('',#6508,1.);
#3971=VECTOR('',#6509,1.);
#3972=VECTOR('',#6512,1.);
#3973=VECTOR('',#6513,1.);
#3974=VECTOR('',#6516,1.);
#3975=VECTOR('',#6517,1.);
#3976=VECTOR('',#6520,1.);
#3977=VECTOR('',#6521,1.);
#3978=VECTOR('',#6524,1.);
#3979=VECTOR('',#6527,1.);
#3980=VECTOR('',#6528,1.);
#3981=VECTOR('',#6529,1.);
#3982=VECTOR('',#6532,1.);
#3983=VECTOR('',#6533,1.);
#3984=VECTOR('',#6536,1.);
#3985=VECTOR('',#6537,1.);
#3986=VECTOR('',#6540,1.);
#3987=VECTOR('',#6541,1.);
#3988=VECTOR('',#6544,1.);
#3989=VECTOR('',#6545,1.);
#3990=VECTOR('',#6548,1.);
#3991=VECTOR('',#6551,1.);
#3992=VECTOR('',#6552,1.);
#3993=VECTOR('',#6553,1.);
#3994=VECTOR('',#6556,1.);
#3995=VECTOR('',#6557,1.);
#3996=VECTOR('',#6560,1.);
#3997=VECTOR('',#6561,1.);
#3998=VECTOR('',#6564,1.);
#3999=VECTOR('',#6565,1.);
#4000=VECTOR('',#6568,1.);
#4001=VECTOR('',#6569,1.);
#4002=VECTOR('',#6572,1.);
#4003=VECTOR('',#6575,1.);
#4004=VECTOR('',#6576,1.);
#4005=VECTOR('',#6577,1.);
#4006=VECTOR('',#6580,1.);
#4007=VECTOR('',#6581,1.);
#4008=VECTOR('',#6584,1.);
#4009=VECTOR('',#6585,1.);
#4010=VECTOR('',#6588,1.);
#4011=VECTOR('',#6589,1.);
#4012=VECTOR('',#6592,1.);
#4013=VECTOR('',#6593,1.);
#4014=VECTOR('',#6596,1.);
#4015=VECTOR('',#6599,1.);
#4016=VECTOR('',#6600,1.);
#4017=VECTOR('',#6601,1.);
#4018=VECTOR('',#6604,1.);
#4019=VECTOR('',#6605,1.);
#4020=VECTOR('',#6608,1.);
#4021=VECTOR('',#6609,1.);
#4022=VECTOR('',#6612,1.);
#4023=VECTOR('',#6613,1.);
#4024=VECTOR('',#6616,1.);
#4025=VECTOR('',#6617,1.);
#4026=VECTOR('',#6620,1.);
#4027=VECTOR('',#6633,1.);
#4028=VECTOR('',#6634,1.);
#4029=VECTOR('',#6635,1.);
#4030=VECTOR('',#6648,1.);
#4031=VECTOR('',#6649,1.);
#4032=VECTOR('',#6654,1.);
#4033=VECTOR('',#6657,1.);
#4034=VECTOR('',#6668,1.);
#4035=VECTOR('',#6671,1.);
#4036=VECTOR('',#6696,1.);
#4037=VECTOR('',#6699,1.);
#4038=VECTOR('',#6726,1.);
#4039=VECTOR('',#6749,1.);
#4040=VECTOR('',#6758,1.);
#4041=VECTOR('',#6759,1.);
#4042=VECTOR('',#6768,1.);
#4043=VECTOR('',#6769,1.);
#4044=VECTOR('',#6770,1.);
#4045=VECTOR('',#6773,1.);
#4046=VECTOR('',#6778,1.);
#4047=VECTOR('',#6781,1.);
#4048=VECTOR('',#6796,1.);
#4049=VECTOR('',#6807,1.);
#4050=VECTOR('',#6814,1.);
#4051=VECTOR('',#6819,1.);
#4052=VECTOR('',#6820,1.);
#4053=VECTOR('',#6823,1.);
#4054=VECTOR('',#6840,1.);
#4055=VECTOR('',#6845,1.);
#4056=VECTOR('',#6856,1.);
#4057=VECTOR('',#6861,1.);
#4058=VECTOR('',#6874,1.);
#4059=VECTOR('',#6875,1.);
#4060=VECTOR('',#6880,1.);
#4061=VECTOR('',#6883,1.);
#4062=VECTOR('',#6894,1.);
#4063=VECTOR('',#6897,1.);
#4064=VECTOR('',#6922,1.);
#4065=VECTOR('',#6923,1.);
#4066=VECTOR('',#6954,1.);
#4067=VECTOR('',#6973,1.);
#4068=VECTOR('',#6984,1.);
#4069=VECTOR('',#6985,1.);
#4070=VECTOR('',#6994,1.);
#4071=VECTOR('',#6995,1.);
#4072=VECTOR('',#6996,1.);
#4073=VECTOR('',#7001,1.);
#4074=VECTOR('',#7008,1.);
#4075=VECTOR('',#7019,1.);
#4076=VECTOR('',#7030,1.);
#4077=VECTOR('',#7041,1.);
#4078=VECTOR('',#7048,1.);
#4079=VECTOR('',#7051,1.);
#4080=VECTOR('',#7052,1.);
#4081=VECTOR('',#7057,1.);
#4082=VECTOR('',#7060,1.);
#4083=VECTOR('',#7069,1.);
#4084=VECTOR('',#7074,1.);
#4085=VECTOR('',#7079,1.);
#4086=VECTOR('',#7084,1.);
#4087=VECTOR('',#7093,1.);
#4088=VECTOR('',#7094,1.);
#4089=VECTOR('',#7339,1.);
#4090=VECTOR('',#7340,1.);
#4091=VECTOR('',#7341,1.);
#4092=VECTOR('',#7342,1.);
#4093=VECTOR('',#7343,1.);
#4094=VECTOR('',#7344,1.);
#4095=VECTOR('',#7347,1.);
#4096=VECTOR('',#7350,1.);
#4097=VECTOR('',#7355,1.);
#4098=VECTOR('',#7358,1.);
#4099=VECTOR('',#7363,1.);
#4100=VECTOR('',#7364,1.);
#4101=VECTOR('',#7365,1.);
#4102=VECTOR('',#7366,1.);
#4103=VECTOR('',#7369,1.);
#4104=VECTOR('',#7370,1.);
#4105=VECTOR('',#7371,1.);
#4106=VECTOR('',#7372,1.);
#4107=VECTOR('',#7375,1.);
#4108=VECTOR('',#7378,1.);
#4109=VECTOR('',#7383,1.);
#4110=VECTOR('',#7386,1.);
#4111=VECTOR('',#7397,1.);
#4112=VECTOR('',#7398,1.);
#4113=VECTOR('',#7409,1.);
#4114=VECTOR('',#7410,1.);
#4115=VECTOR('',#7425,1.);
#4116=VECTOR('',#7428,1.);
#4117=VECTOR('',#7437,1.);
#4118=VECTOR('',#7438,1.);
#4119=VECTOR('',#7441,1.);
#4120=VECTOR('',#7448,1.);
#4121=VECTOR('',#7449,1.);
#4122=VECTOR('',#7450,1.);
#4123=VECTOR('',#7451,1.);
#4124=VECTOR('',#7462,1.);
#4125=VECTOR('',#7491,1.);
#4126=VECTOR('',#7494,1.);
#4127=EDGE_LOOP('',(#794,#795,#796,#797));
#4128=EDGE_LOOP('',(#798,#799,#800,#801,#802,#803,#804,#805));
#4129=EDGE_LOOP('',(#806,#807,#808,#809,#810,#811));
#4130=EDGE_LOOP('',(#812,#813,#814,#815,#816,#817));
#4131=EDGE_LOOP('',(#818));
#4132=EDGE_LOOP('',(#819,#820));
#4133=EDGE_LOOP('',(#821,#822,#823,#824,#825,#826,#827,#828,#829,#830));
#4134=EDGE_LOOP('',(#831,#832,#833,#834));
#4135=EDGE_LOOP('',(#835,#836,#837,#838));
#4136=EDGE_LOOP('',(#839,#840,#841,#842));
#4137=EDGE_LOOP('',(#843,#844,#845,#846));
#4138=EDGE_LOOP('',(#847,#848,#849,#850,#851,#852,#853,#854,#855,#856,#857,
#858));
#4139=EDGE_LOOP('',(#859,#860,#861,#862,#863,#864));
#4140=EDGE_LOOP('',(#865,#866,#867,#868,#869,#870,#871,#872,#873,#874,#875,
#876,#877,#878,#879,#880,#881,#882,#883,#884));
#4141=EDGE_LOOP('',(#885,#886,#887,#888));
#4142=EDGE_LOOP('',(#889,#890,#891,#892));
#4143=EDGE_LOOP('',(#893,#894,#895,#896));
#4144=EDGE_LOOP('',(#897,#898,#899));
#4145=EDGE_LOOP('',(#900,#901,#902,#903));
#4146=EDGE_LOOP('',(#904,#905,#906,#907));
#4147=EDGE_LOOP('',(#908,#909,#910,#911,#912,#913,#914,#915,#916,#917));
#4148=EDGE_LOOP('',(#918,#919,#920,#921));
#4149=EDGE_LOOP('',(#922,#923,#924,#925));
#4150=EDGE_LOOP('',(#926,#927,#928));
#4151=EDGE_LOOP('',(#929,#930,#931,#932,#933,#934));
#4152=EDGE_LOOP('',(#935,#936,#937,#938));
#4153=EDGE_LOOP('',(#939,#940,#941,#942));
#4154=EDGE_LOOP('',(#943,#944));
#4155=EDGE_LOOP('',(#945));
#4156=EDGE_LOOP('',(#946));
#4157=EDGE_LOOP('',(#947));
#4158=EDGE_LOOP('',(#948));
#4159=EDGE_LOOP('',(#949));
#4160=EDGE_LOOP('',(#950));
#4161=EDGE_LOOP('',(#951));
#4162=EDGE_LOOP('',(#952));
#4163=EDGE_LOOP('',(#953));
#4164=EDGE_LOOP('',(#954));
#4165=EDGE_LOOP('',(#955));
#4166=EDGE_LOOP('',(#956));
#4167=EDGE_LOOP('',(#957));
#4168=EDGE_LOOP('',(#958));
#4169=EDGE_LOOP('',(#959));
#4170=EDGE_LOOP('',(#960));
#4171=EDGE_LOOP('',(#961));
#4172=EDGE_LOOP('',(#962));
#4173=EDGE_LOOP('',(#963));
#4174=EDGE_LOOP('',(#964));
#4175=EDGE_LOOP('',(#965));
#4176=EDGE_LOOP('',(#966,#967,#968,#969));
#4177=EDGE_LOOP('',(#970,#971,#972,#973));
#4178=EDGE_LOOP('',(#974,#975,#976,#977));
#4179=EDGE_LOOP('',(#978,#979,#980,#981));
#4180=EDGE_LOOP('',(#982,#983,#984,#985));
#4181=EDGE_LOOP('',(#986,#987,#988,#989));
#4182=EDGE_LOOP('',(#990,#991,#992,#993));
#4183=EDGE_LOOP('',(#994,#995,#996,#997));
#4184=EDGE_LOOP('',(#998,#999,#1000,#1001));
#4185=EDGE_LOOP('',(#1002,#1003,#1004,#1005));
#4186=EDGE_LOOP('',(#1006,#1007,#1008,#1009));
#4187=EDGE_LOOP('',(#1010,#1011,#1012,#1013));
#4188=EDGE_LOOP('',(#1014,#1015,#1016,#1017));
#4189=EDGE_LOOP('',(#1018,#1019,#1020,#1021));
#4190=EDGE_LOOP('',(#1022,#1023,#1024,#1025));
#4191=EDGE_LOOP('',(#1026,#1027,#1028,#1029));
#4192=EDGE_LOOP('',(#1030,#1031,#1032,#1033));
#4193=EDGE_LOOP('',(#1034,#1035,#1036));
#4194=EDGE_LOOP('',(#1037,#1038,#1039));
#4195=EDGE_LOOP('',(#1040,#1041,#1042,#1043,#1044,#1045));
#4196=EDGE_LOOP('',(#1046,#1047,#1048,#1049,#1050,#1051));
#4197=EDGE_LOOP('',(#1052,#1053,#1054,#1055,#1056,#1057));
#4198=EDGE_LOOP('',(#1058,#1059,#1060,#1061,#1062,#1063));
#4199=EDGE_LOOP('',(#1064,#1065,#1066,#1067,#1068,#1069));
#4200=EDGE_LOOP('',(#1070,#1071,#1072));
#4201=EDGE_LOOP('',(#1073,#1074,#1075));
#4202=EDGE_LOOP('',(#1076,#1077,#1078,#1079));
#4203=EDGE_LOOP('',(#1080,#1081,#1082,#1083));
#4204=EDGE_LOOP('',(#1084,#1085,#1086,#1087));
#4205=EDGE_LOOP('',(#1088,#1089,#1090,#1091));
#4206=EDGE_LOOP('',(#1092,#1093,#1094,#1095));
#4207=EDGE_LOOP('',(#1096,#1097,#1098,#1099));
#4208=EDGE_LOOP('',(#1100,#1101,#1102,#1103));
#4209=EDGE_LOOP('',(#1104,#1105,#1106,#1107));
#4210=EDGE_LOOP('',(#1108,#1109,#1110,#1111));
#4211=EDGE_LOOP('',(#1112,#1113,#1114,#1115));
#4212=EDGE_LOOP('',(#1116,#1117,#1118,#1119));
#4213=EDGE_LOOP('',(#1120,#1121,#1122,#1123));
#4214=EDGE_LOOP('',(#1124,#1125,#1126,#1127));
#4215=EDGE_LOOP('',(#1128,#1129,#1130,#1131));
#4216=EDGE_LOOP('',(#1132,#1133,#1134,#1135));
#4217=EDGE_LOOP('',(#1136,#1137,#1138,#1139));
#4218=EDGE_LOOP('',(#1140,#1141,#1142,#1143));
#4219=EDGE_LOOP('',(#1144,#1145,#1146,#1147));
#4220=EDGE_LOOP('',(#1148,#1149,#1150,#1151));
#4221=EDGE_LOOP('',(#1152,#1153,#1154,#1155));
#4222=EDGE_LOOP('',(#1156,#1157,#1158,#1159));
#4223=EDGE_LOOP('',(#1160,#1161,#1162,#1163));
#4224=EDGE_LOOP('',(#1164,#1165,#1166,#1167));
#4225=EDGE_LOOP('',(#1168,#1169,#1170,#1171));
#4226=EDGE_LOOP('',(#1172,#1173,#1174,#1175));
#4227=EDGE_LOOP('',(#1176,#1177,#1178,#1179));
#4228=EDGE_LOOP('',(#1180,#1181,#1182,#1183));
#4229=EDGE_LOOP('',(#1184,#1185,#1186,#1187));
#4230=EDGE_LOOP('',(#1188,#1189,#1190,#1191));
#4231=EDGE_LOOP('',(#1192,#1193,#1194,#1195));
#4232=EDGE_LOOP('',(#1196,#1197,#1198,#1199));
#4233=EDGE_LOOP('',(#1200,#1201,#1202,#1203));
#4234=EDGE_LOOP('',(#1204,#1205,#1206,#1207));
#4235=EDGE_LOOP('',(#1208,#1209,#1210,#1211));
#4236=EDGE_LOOP('',(#1212,#1213,#1214,#1215));
#4237=EDGE_LOOP('',(#1216,#1217,#1218,#1219));
#4238=EDGE_LOOP('',(#1220,#1221,#1222,#1223));
#4239=EDGE_LOOP('',(#1224,#1225,#1226,#1227));
#4240=EDGE_LOOP('',(#1228,#1229,#1230,#1231));
#4241=EDGE_LOOP('',(#1232,#1233,#1234,#1235));
#4242=EDGE_LOOP('',(#1236,#1237,#1238,#1239));
#4243=EDGE_LOOP('',(#1240,#1241,#1242,#1243));
#4244=EDGE_LOOP('',(#1244,#1245,#1246,#1247));
#4245=EDGE_LOOP('',(#1248,#1249,#1250,#1251));
#4246=EDGE_LOOP('',(#1252,#1253,#1254,#1255));
#4247=EDGE_LOOP('',(#1256,#1257,#1258,#1259));
#4248=EDGE_LOOP('',(#1260,#1261,#1262,#1263));
#4249=EDGE_LOOP('',(#1264,#1265,#1266,#1267));
#4250=EDGE_LOOP('',(#1268,#1269,#1270,#1271));
#4251=EDGE_LOOP('',(#1272,#1273,#1274,#1275));
#4252=EDGE_LOOP('',(#1276,#1277,#1278,#1279));
#4253=EDGE_LOOP('',(#1280,#1281,#1282,#1283,#1284,#1285));
#4254=EDGE_LOOP('',(#1286,#1287,#1288,#1289,#1290,#1291));
#4255=EDGE_LOOP('',(#1292,#1293,#1294,#1295,#1296,#1297));
#4256=EDGE_LOOP('',(#1298,#1299,#1300,#1301,#1302,#1303));
#4257=EDGE_LOOP('',(#1304,#1305,#1306,#1307,#1308,#1309));
#4258=EDGE_LOOP('',(#1310,#1311,#1312,#1313));
#4259=EDGE_LOOP('',(#1314,#1315,#1316,#1317));
#4260=EDGE_LOOP('',(#1318,#1319,#1320,#1321));
#4261=EDGE_LOOP('',(#1322,#1323,#1324,#1325));
#4262=EDGE_LOOP('',(#1326,#1327,#1328,#1329));
#4263=EDGE_LOOP('',(#1330,#1331,#1332,#1333));
#4264=EDGE_LOOP('',(#1334,#1335,#1336,#1337));
#4265=EDGE_LOOP('',(#1338,#1339,#1340));
#4266=EDGE_LOOP('',(#1341,#1342,#1343,#1344));
#4267=EDGE_LOOP('',(#1345,#1346,#1347,#1348));
#4268=EDGE_LOOP('',(#1349,#1350,#1351,#1352));
#4269=EDGE_LOOP('',(#1353));
#4270=EDGE_LOOP('',(#1354,#1355,#1356,#1357,#1358,#1359,#1360,#1361));
#4271=EDGE_LOOP('',(#1362,#1363,#1364,#1365));
#4272=EDGE_LOOP('',(#1366));
#4273=EDGE_LOOP('',(#1367,#1368,#1369,#1370,#1371,#1372,#1373,#1374));
#4274=EDGE_LOOP('',(#1375,#1376,#1377));
#4275=EDGE_LOOP('',(#1378,#1379,#1380,#1381));
#4276=EDGE_LOOP('',(#1382,#1383,#1384,#1385));
#4277=EDGE_LOOP('',(#1386,#1387,#1388,#1389));
#4278=EDGE_LOOP('',(#1390,#1391,#1392,#1393));
#4279=EDGE_LOOP('',(#1394,#1395,#1396,#1397));
#4280=EDGE_LOOP('',(#1398,#1399,#1400,#1401));
#4281=EDGE_LOOP('',(#1402));
#4282=EDGE_LOOP('',(#1403));
#4283=EDGE_LOOP('',(#1404,#1405,#1406,#1407));
#4284=EDGE_LOOP('',(#1408,#1409,#1410,#1411));
#4285=EDGE_LOOP('',(#1412,#1413,#1414,#1415,#1416,#1417,#1418,#1419,#1420,
#1421,#1422,#1423,#1424,#1425));
#4286=EDGE_LOOP('',(#1426,#1427,#1428,#1429));
#4287=EDGE_LOOP('',(#1430,#1431,#1432,#1433));
#4288=EDGE_LOOP('',(#1434,#1435,#1436,#1437));
#4289=EDGE_LOOP('',(#1438,#1439,#1440,#1441));
#4290=EDGE_LOOP('',(#1442,#1443,#1444,#1445));
#4291=EDGE_LOOP('',(#1446,#1447,#1448,#1449));
#4292=EDGE_LOOP('',(#1450));
#4293=EDGE_LOOP('',(#1451));
#4294=EDGE_LOOP('',(#1452,#1453,#1454,#1455));
#4295=EDGE_LOOP('',(#1456,#1457,#1458,#1459));
#4296=EDGE_LOOP('',(#1460,#1461,#1462,#1463));
#4297=EDGE_LOOP('',(#1464,#1465,#1466,#1467,#1468,#1469,#1470,#1471,#1472,
#1473,#1474));
#4298=EDGE_LOOP('',(#1475,#1476,#1477,#1478,#1479,#1480));
#4299=EDGE_LOOP('',(#1481,#1482,#1483,#1484,#1485,#1486,#1487));
#4300=EDGE_LOOP('',(#1488));
#4301=EDGE_LOOP('',(#1489,#1490,#1491,#1492,#1493,#1494,#1495));
#4302=EDGE_LOOP('',(#1496));
#4303=EDGE_LOOP('',(#1497,#1498,#1499,#1500));
#4304=EDGE_LOOP('',(#1501,#1502,#1503,#1504));
#4305=EDGE_LOOP('',(#1505,#1506,#1507,#1508));
#4306=EDGE_LOOP('',(#1509,#1510,#1511,#1512));
#4307=EDGE_LOOP('',(#1513,#1514,#1515,#1516));
#4308=EDGE_LOOP('',(#1517,#1518,#1519,#1520));
#4309=EDGE_LOOP('',(#1521,#1522,#1523,#1524));
#4310=EDGE_LOOP('',(#1525,#1526,#1527));
#4311=EDGE_LOOP('',(#1528,#1529,#1530,#1531));
#4312=EDGE_LOOP('',(#1532,#1533,#1534,#1535));
#4313=EDGE_LOOP('',(#1536,#1537,#1538,#1539));
#4314=EDGE_LOOP('',(#1540));
#4315=EDGE_LOOP('',(#1541,#1542,#1543,#1544,#1545,#1546,#1547,#1548));
#4316=EDGE_LOOP('',(#1549,#1550,#1551,#1552));
#4317=EDGE_LOOP('',(#1553));
#4318=EDGE_LOOP('',(#1554,#1555,#1556,#1557,#1558,#1559,#1560,#1561));
#4319=EDGE_LOOP('',(#1562,#1563,#1564));
#4320=EDGE_LOOP('',(#1565,#1566,#1567,#1568));
#4321=EDGE_LOOP('',(#1569,#1570,#1571,#1572));
#4322=EDGE_LOOP('',(#1573,#1574,#1575,#1576));
#4323=EDGE_LOOP('',(#1577,#1578,#1579,#1580));
#4324=EDGE_LOOP('',(#1581,#1582,#1583,#1584));
#4325=EDGE_LOOP('',(#1585,#1586,#1587,#1588));
#4326=EDGE_LOOP('',(#1589));
#4327=EDGE_LOOP('',(#1590));
#4328=EDGE_LOOP('',(#1591,#1592,#1593,#1594));
#4329=EDGE_LOOP('',(#1595,#1596,#1597,#1598));
#4330=EDGE_LOOP('',(#1599,#1600,#1601,#1602,#1603,#1604));
#4331=EDGE_LOOP('',(#1605,#1606,#1607,#1608));
#4332=EDGE_LOOP('',(#1609,#1610,#1611,#1612));
#4333=EDGE_LOOP('',(#1613,#1614,#1615,#1616));
#4334=EDGE_LOOP('',(#1617,#1618,#1619,#1620));
#4335=EDGE_LOOP('',(#1621,#1622,#1623,#1624));
#4336=EDGE_LOOP('',(#1625,#1626,#1627,#1628));
#4337=EDGE_LOOP('',(#1629));
#4338=EDGE_LOOP('',(#1630));
#4339=EDGE_LOOP('',(#1631,#1632,#1633,#1634,#1635,#1636,#1637,#1638,#1639,
#1640,#1641,#1642,#1643,#1644));
#4340=EDGE_LOOP('',(#1645,#1646,#1647,#1648));
#4341=EDGE_LOOP('',(#1649,#1650,#1651,#1652));
#4342=EDGE_LOOP('',(#1653,#1654,#1655,#1656));
#4343=EDGE_LOOP('',(#1657,#1658,#1659,#1660,#1661,#1662,#1663,#1664,#1665,
#1666));
#4344=EDGE_LOOP('',(#1667,#1668,#1669,#1670,#1671,#1672,#1673));
#4345=EDGE_LOOP('',(#1674));
#4346=EDGE_LOOP('',(#1675,#1676,#1677,#1678,#1679,#1680,#1681));
#4347=EDGE_LOOP('',(#1682));
#4348=EDGE_LOOP('',(#1683,#1684,#1685,#1686,#1687,#1688));
#4349=EDGE_LOOP('',(#1689,#1690,#1691,#1692));
#4350=EDGE_LOOP('',(#1693,#1694,#1695,#1696));
#4351=EDGE_LOOP('',(#1697));
#4352=EDGE_LOOP('',(#1698));
#4353=EDGE_LOOP('',(#1699));
#4354=EDGE_LOOP('',(#1700));
#4355=EDGE_LOOP('',(#1701));
#4356=EDGE_LOOP('',(#1702));
#4357=EDGE_LOOP('',(#1703));
#4358=EDGE_LOOP('',(#1704));
#4359=EDGE_LOOP('',(#1705));
#4360=EDGE_LOOP('',(#1706));
#4361=EDGE_LOOP('',(#1707));
#4362=EDGE_LOOP('',(#1708));
#4363=EDGE_LOOP('',(#1709));
#4364=EDGE_LOOP('',(#1710));
#4365=EDGE_LOOP('',(#1711));
#4366=EDGE_LOOP('',(#1712));
#4367=EDGE_LOOP('',(#1713));
#4368=EDGE_LOOP('',(#1714));
#4369=EDGE_LOOP('',(#1715));
#4370=EDGE_LOOP('',(#1716));
#4371=EDGE_LOOP('',(#1717));
#4372=EDGE_LOOP('',(#1718));
#4373=EDGE_LOOP('',(#1719));
#4374=EDGE_LOOP('',(#1720));
#4375=EDGE_LOOP('',(#1721));
#4376=EDGE_LOOP('',(#1722));
#4377=EDGE_LOOP('',(#1723));
#4378=EDGE_LOOP('',(#1724));
#4379=EDGE_LOOP('',(#1725));
#4380=EDGE_LOOP('',(#1726));
#4381=EDGE_LOOP('',(#1727));
#4382=EDGE_LOOP('',(#1728));
#4383=EDGE_LOOP('',(#1729));
#4384=EDGE_LOOP('',(#1730));
#4385=EDGE_LOOP('',(#1731));
#4386=EDGE_LOOP('',(#1732));
#4387=EDGE_LOOP('',(#1733));
#4388=EDGE_LOOP('',(#1734));
#4389=EDGE_LOOP('',(#1735));
#4390=EDGE_LOOP('',(#1736));
#4391=EDGE_LOOP('',(#1737));
#4392=EDGE_LOOP('',(#1738));
#4393=EDGE_LOOP('',(#1739));
#4394=EDGE_LOOP('',(#1740));
#4395=EDGE_LOOP('',(#1741));
#4396=EDGE_LOOP('',(#1742));
#4397=EDGE_LOOP('',(#1743));
#4398=EDGE_LOOP('',(#1744));
#4399=EDGE_LOOP('',(#1745));
#4400=EDGE_LOOP('',(#1746));
#4401=EDGE_LOOP('',(#1747));
#4402=EDGE_LOOP('',(#1748));
#4403=EDGE_LOOP('',(#1749));
#4404=EDGE_LOOP('',(#1750));
#4405=EDGE_LOOP('',(#1751));
#4406=EDGE_LOOP('',(#1752));
#4407=EDGE_LOOP('',(#1753));
#4408=EDGE_LOOP('',(#1754));
#4409=EDGE_LOOP('',(#1755));
#4410=EDGE_LOOP('',(#1756));
#4411=EDGE_LOOP('',(#1757));
#4412=EDGE_LOOP('',(#1758));
#4413=EDGE_LOOP('',(#1759));
#4414=EDGE_LOOP('',(#1760));
#4415=EDGE_LOOP('',(#1761,#1762,#1763,#1764,#1765));
#4416=EDGE_LOOP('',(#1766,#1767,#1768,#1769,#1770));
#4417=EDGE_LOOP('',(#1771,#1772,#1773,#1774,#1775));
#4418=EDGE_LOOP('',(#1776,#1777,#1778,#1779,#1780));
#4419=EDGE_LOOP('',(#1781,#1782,#1783,#1784));
#4420=EDGE_LOOP('',(#1785,#1786,#1787,#1788));
#4421=EDGE_LOOP('',(#1789,#1790,#1791,#1792));
#4422=EDGE_LOOP('',(#1793,#1794,#1795,#1796));
#4423=EDGE_LOOP('',(#1797,#1798,#1799,#1800));
#4424=EDGE_LOOP('',(#1801,#1802,#1803,#1804));
#4425=EDGE_LOOP('',(#1805,#1806,#1807,#1808));
#4426=EDGE_LOOP('',(#1809,#1810,#1811,#1812));
#4427=EDGE_LOOP('',(#1813,#1814,#1815,#1816));
#4428=EDGE_LOOP('',(#1817,#1818,#1819,#1820));
#4429=EDGE_LOOP('',(#1821,#1822,#1823,#1824));
#4430=EDGE_LOOP('',(#1825,#1826,#1827,#1828));
#4431=EDGE_LOOP('',(#1829,#1830,#1831,#1832));
#4432=EDGE_LOOP('',(#1833,#1834,#1835,#1836));
#4433=EDGE_LOOP('',(#1837,#1838,#1839,#1840));
#4434=EDGE_LOOP('',(#1841,#1842,#1843,#1844));
#4435=EDGE_LOOP('',(#1845,#1846,#1847,#1848));
#4436=EDGE_LOOP('',(#1849,#1850,#1851,#1852));
#4437=EDGE_LOOP('',(#1853,#1854,#1855,#1856));
#4438=EDGE_LOOP('',(#1857,#1858,#1859,#1860));
#4439=EDGE_LOOP('',(#1861,#1862,#1863,#1864));
#4440=EDGE_LOOP('',(#1865,#1866,#1867,#1868,#1869));
#4441=EDGE_LOOP('',(#1870,#1871,#1872,#1873));
#4442=EDGE_LOOP('',(#1874,#1875,#1876,#1877));
#4443=EDGE_LOOP('',(#1878,#1879,#1880,#1881));
#4444=EDGE_LOOP('',(#1882,#1883,#1884,#1885));
#4445=EDGE_LOOP('',(#1886,#1887,#1888,#1889));
#4446=EDGE_LOOP('',(#1890,#1891,#1892,#1893));
#4447=EDGE_LOOP('',(#1894,#1895,#1896,#1897));
#4448=EDGE_LOOP('',(#1898,#1899,#1900,#1901));
#4449=EDGE_LOOP('',(#1902,#1903,#1904,#1905));
#4450=EDGE_LOOP('',(#1906,#1907,#1908,#1909));
#4451=EDGE_LOOP('',(#1910,#1911,#1912,#1913));
#4452=EDGE_LOOP('',(#1914,#1915,#1916,#1917));
#4453=EDGE_LOOP('',(#1918,#1919,#1920,#1921));
#4454=EDGE_LOOP('',(#1922,#1923,#1924,#1925));
#4455=EDGE_LOOP('',(#1926,#1927,#1928,#1929));
#4456=EDGE_LOOP('',(#1930,#1931,#1932,#1933));
#4457=EDGE_LOOP('',(#1934,#1935,#1936,#1937));
#4458=EDGE_LOOP('',(#1938,#1939,#1940,#1941));
#4459=EDGE_LOOP('',(#1942,#1943,#1944,#1945));
#4460=EDGE_LOOP('',(#1946,#1947,#1948,#1949));
#4461=EDGE_LOOP('',(#1950,#1951,#1952,#1953));
#4462=EDGE_LOOP('',(#1954,#1955,#1956,#1957));
#4463=EDGE_LOOP('',(#1958,#1959,#1960,#1961));
#4464=EDGE_LOOP('',(#1962,#1963,#1964,#1965));
#4465=EDGE_LOOP('',(#1966,#1967,#1968,#1969,#1970,#1971));
#4466=EDGE_LOOP('',(#1972,#1973,#1974,#1975,#1976,#1977,#1978,#1979));
#4467=EDGE_LOOP('',(#1980,#1981,#1982));
#4468=EDGE_LOOP('',(#1983,#1984,#1985,#1986));
#4469=EDGE_LOOP('',(#1987,#1988,#1989,#1990));
#4470=EDGE_LOOP('',(#1991,#1992,#1993,#1994));
#4471=EDGE_LOOP('',(#1995,#1996,#1997,#1998));
#4472=EDGE_LOOP('',(#1999,#2000,#2001,#2002));
#4473=EDGE_LOOP('',(#2003,#2004,#2005));
#4474=EDGE_LOOP('',(#2006,#2007,#2008));
#4475=EDGE_LOOP('',(#2009,#2010,#2011,#2012));
#4476=EDGE_LOOP('',(#2013,#2014,#2015,#2016));
#4477=EDGE_LOOP('',(#2017,#2018,#2019,#2020));
#4478=EDGE_LOOP('',(#2021,#2022,#2023,#2024));
#4479=EDGE_LOOP('',(#2025,#2026,#2027,#2028));
#4480=EDGE_LOOP('',(#2029,#2030,#2031));
#4481=EDGE_LOOP('',(#2032));
#4482=EDGE_LOOP('',(#2033));
#4483=EDGE_LOOP('',(#2034,#2035,#2036,#2037));
#4484=EDGE_LOOP('',(#2038,#2039,#2040,#2041));
#4485=EDGE_LOOP('',(#2042,#2043,#2044,#2045,#2046,#2047,#2048,#2049,#2050,
#2051));
#4486=EDGE_LOOP('',(#2052,#2053,#2054));
#4487=EDGE_LOOP('',(#2055,#2056,#2057,#2058));
#4488=EDGE_LOOP('',(#2059,#2060,#2061));
#4489=EDGE_LOOP('',(#2062,#2063,#2064));
#4490=EDGE_LOOP('',(#2065,#2066,#2067,#2068));
#4491=EDGE_LOOP('',(#2069,#2070,#2071));
#4492=EDGE_LOOP('',(#2072,#2073,#2074,#2075,#2076,#2077,#2078,#2079));
#4493=EDGE_LOOP('',(#2080,#2081,#2082,#2083));
#4494=EDGE_LOOP('',(#2084,#2085,#2086,#2087));
#4495=EDGE_LOOP('',(#2088,#2089,#2090,#2091));
#4496=EDGE_LOOP('',(#2092,#2093,#2094,#2095));
#4497=EDGE_LOOP('',(#2096,#2097,#2098,#2099));
#4498=EDGE_LOOP('',(#2100,#2101,#2102,#2103));
#4499=EDGE_LOOP('',(#2104,#2105,#2106));
#4500=EDGE_LOOP('',(#2107,#2108,#2109,#2110));
#4501=EDGE_LOOP('',(#2111,#2112,#2113));
#4502=EDGE_LOOP('',(#2114,#2115,#2116,#2117));
#4503=EDGE_LOOP('',(#2118,#2119,#2120,#2121));
#4504=EDGE_LOOP('',(#2122,#2123,#2124,#2125));
#4505=EDGE_LOOP('',(#2126,#2127,#2128,#2129));
#4506=EDGE_LOOP('',(#2130,#2131,#2132));
#4507=EDGE_LOOP('',(#2133,#2134,#2135,#2136));
#4508=EDGE_LOOP('',(#2137,#2138,#2139,#2140,#2141,#2142,#2143,#2144,#2145,
#2146));
#4509=EDGE_LOOP('',(#2147,#2148,#2149));
#4510=EDGE_LOOP('',(#2150,#2151,#2152,#2153));
#4511=EDGE_LOOP('',(#2154,#2155,#2156,#2157));
#4512=EDGE_LOOP('',(#2158,#2159,#2160,#2161));
#4513=EDGE_LOOP('',(#2162,#2163,#2164,#2165));
#4514=EDGE_LOOP('',(#2166,#2167,#2168,#2169));
#4515=EDGE_LOOP('',(#2170,#2171,#2172,#2173));
#4516=EDGE_LOOP('',(#2174,#2175,#2176,#2177));
#4517=EDGE_LOOP('',(#2178,#2179,#2180));
#4518=EDGE_LOOP('',(#2181,#2182,#2183));
#4519=EDGE_LOOP('',(#2184,#2185,#2186,#2187));
#4520=EDGE_LOOP('',(#2188,#2189,#2190,#2191,#2192));
#4521=EDGE_LOOP('',(#2193,#2194,#2195,#2196,#2197));
#4522=EDGE_LOOP('',(#2198,#2199,#2200,#2201));
#4523=EDGE_LOOP('',(#2202,#2203,#2204,#2205));
#4524=EDGE_LOOP('',(#2206,#2207,#2208));
#4525=EDGE_LOOP('',(#2209,#2210,#2211,#2212));
#4526=EDGE_LOOP('',(#2213,#2214,#2215));
#4527=EDGE_LOOP('',(#2216,#2217,#2218,#2219));
#4528=EDGE_LOOP('',(#2220,#2221,#2222,#2223));
#4529=EDGE_LOOP('',(#2224,#2225,#2226,#2227));
#4530=EDGE_LOOP('',(#2228,#2229,#2230,#2231));
#4531=EDGE_LOOP('',(#2232,#2233,#2234,#2235));
#4532=EDGE_LOOP('',(#2236,#2237,#2238));
#4533=EDGE_LOOP('',(#2239,#2240,#2241,#2242));
#4534=EDGE_LOOP('',(#2243,#2244,#2245));
#4535=EDGE_LOOP('',(#2246,#2247,#2248,#2249));
#4536=EDGE_LOOP('',(#2250,#2251,#2252,#2253));
#4537=EDGE_LOOP('',(#2254,#2255,#2256,#2257));
#4538=EDGE_LOOP('',(#2258,#2259,#2260,#2261));
#4539=EDGE_LOOP('',(#2262,#2263,#2264,#2265));
#4540=EDGE_LOOP('',(#2266,#2267,#2268,#2269));
#4541=EDGE_LOOP('',(#2270,#2271,#2272,#2273));
#4542=EDGE_LOOP('',(#2274,#2275,#2276,#2277));
#4543=EDGE_LOOP('',(#2278,#2279,#2280,#2281));
#4544=EDGE_LOOP('',(#2282,#2283,#2284,#2285));
#4545=EDGE_LOOP('',(#2286,#2287,#2288,#2289));
#4546=EDGE_LOOP('',(#2290,#2291,#2292,#2293));
#4547=EDGE_LOOP('',(#2294,#2295,#2296,#2297));
#4548=EDGE_LOOP('',(#2298,#2299,#2300,#2301));
#4549=EDGE_LOOP('',(#2302,#2303,#2304,#2305));
#4550=EDGE_LOOP('',(#2306,#2307,#2308,#2309));
#4551=EDGE_LOOP('',(#2310,#2311,#2312,#2313));
#4552=EDGE_LOOP('',(#2314,#2315,#2316,#2317));
#4553=EDGE_LOOP('',(#2318,#2319,#2320,#2321));
#4554=EDGE_LOOP('',(#2322,#2323,#2324,#2325));
#4555=EDGE_LOOP('',(#2326,#2327,#2328,#2329));
#4556=EDGE_LOOP('',(#2330,#2331,#2332,#2333));
#4557=EDGE_LOOP('',(#2334,#2335,#2336,#2337));
#4558=EDGE_LOOP('',(#2338,#2339,#2340,#2341));
#4559=EDGE_LOOP('',(#2342,#2343,#2344,#2345));
#4560=EDGE_LOOP('',(#2346,#2347,#2348,#2349));
#4561=EDGE_LOOP('',(#2350,#2351,#2352,#2353));
#4562=EDGE_LOOP('',(#2354,#2355,#2356,#2357));
#4563=EDGE_LOOP('',(#2358,#2359,#2360,#2361));
#4564=FACE_BOUND('',#4127,.T.);
#4565=FACE_BOUND('',#4128,.T.);
#4566=FACE_BOUND('',#4129,.T.);
#4567=FACE_BOUND('',#4130,.T.);
#4568=FACE_BOUND('',#4131,.T.);
#4569=FACE_BOUND('',#4132,.T.);
#4570=FACE_BOUND('',#4133,.T.);
#4571=FACE_BOUND('',#4134,.T.);
#4572=FACE_BOUND('',#4135,.T.);
#4573=FACE_BOUND('',#4136,.T.);
#4574=FACE_BOUND('',#4137,.T.);
#4575=FACE_BOUND('',#4138,.T.);
#4576=FACE_BOUND('',#4139,.T.);
#4577=FACE_BOUND('',#4140,.T.);
#4578=FACE_BOUND('',#4141,.T.);
#4579=FACE_BOUND('',#4142,.T.);
#4580=FACE_BOUND('',#4143,.T.);
#4581=FACE_BOUND('',#4144,.T.);
#4582=FACE_BOUND('',#4145,.T.);
#4583=FACE_BOUND('',#4146,.T.);
#4584=FACE_BOUND('',#4147,.T.);
#4585=FACE_BOUND('',#4148,.T.);
#4586=FACE_BOUND('',#4149,.T.);
#4587=FACE_BOUND('',#4150,.T.);
#4588=FACE_BOUND('',#4151,.T.);
#4589=FACE_BOUND('',#4152,.T.);
#4590=FACE_BOUND('',#4153,.T.);
#4591=FACE_BOUND('',#4154,.T.);
#4592=FACE_BOUND('',#4155,.T.);
#4593=FACE_BOUND('',#4156,.T.);
#4594=FACE_BOUND('',#4157,.T.);
#4595=FACE_BOUND('',#4158,.T.);
#4596=FACE_BOUND('',#4159,.T.);
#4597=FACE_BOUND('',#4160,.T.);
#4598=FACE_BOUND('',#4161,.T.);
#4599=FACE_BOUND('',#4162,.T.);
#4600=FACE_BOUND('',#4163,.T.);
#4601=FACE_BOUND('',#4164,.T.);
#4602=FACE_BOUND('',#4165,.T.);
#4603=FACE_BOUND('',#4166,.T.);
#4604=FACE_BOUND('',#4167,.T.);
#4605=FACE_BOUND('',#4168,.T.);
#4606=FACE_BOUND('',#4169,.T.);
#4607=FACE_BOUND('',#4170,.T.);
#4608=FACE_BOUND('',#4171,.T.);
#4609=FACE_BOUND('',#4172,.T.);
#4610=FACE_BOUND('',#4173,.T.);
#4611=FACE_BOUND('',#4174,.T.);
#4612=FACE_BOUND('',#4175,.T.);
#4613=FACE_BOUND('',#4176,.T.);
#4614=FACE_BOUND('',#4177,.T.);
#4615=FACE_BOUND('',#4178,.T.);
#4616=FACE_BOUND('',#4179,.T.);
#4617=FACE_BOUND('',#4180,.T.);
#4618=FACE_BOUND('',#4181,.T.);
#4619=FACE_BOUND('',#4182,.T.);
#4620=FACE_BOUND('',#4183,.T.);
#4621=FACE_BOUND('',#4184,.T.);
#4622=FACE_BOUND('',#4185,.T.);
#4623=FACE_BOUND('',#4186,.T.);
#4624=FACE_BOUND('',#4187,.T.);
#4625=FACE_BOUND('',#4188,.T.);
#4626=FACE_BOUND('',#4189,.T.);
#4627=FACE_BOUND('',#4190,.T.);
#4628=FACE_BOUND('',#4191,.T.);
#4629=FACE_BOUND('',#4192,.T.);
#4630=FACE_BOUND('',#4193,.T.);
#4631=FACE_BOUND('',#4194,.T.);
#4632=FACE_BOUND('',#4195,.T.);
#4633=FACE_BOUND('',#4196,.T.);
#4634=FACE_BOUND('',#4197,.T.);
#4635=FACE_BOUND('',#4198,.T.);
#4636=FACE_BOUND('',#4199,.T.);
#4637=FACE_BOUND('',#4200,.T.);
#4638=FACE_BOUND('',#4201,.T.);
#4639=FACE_BOUND('',#4202,.T.);
#4640=FACE_BOUND('',#4203,.T.);
#4641=FACE_BOUND('',#4204,.T.);
#4642=FACE_BOUND('',#4205,.T.);
#4643=FACE_BOUND('',#4206,.T.);
#4644=FACE_BOUND('',#4207,.T.);
#4645=FACE_BOUND('',#4208,.T.);
#4646=FACE_BOUND('',#4209,.T.);
#4647=FACE_BOUND('',#4210,.T.);
#4648=FACE_BOUND('',#4211,.T.);
#4649=FACE_BOUND('',#4212,.T.);
#4650=FACE_BOUND('',#4213,.T.);
#4651=FACE_BOUND('',#4214,.T.);
#4652=FACE_BOUND('',#4215,.T.);
#4653=FACE_BOUND('',#4216,.T.);
#4654=FACE_BOUND('',#4217,.T.);
#4655=FACE_BOUND('',#4218,.T.);
#4656=FACE_BOUND('',#4219,.T.);
#4657=FACE_BOUND('',#4220,.T.);
#4658=FACE_BOUND('',#4221,.T.);
#4659=FACE_BOUND('',#4222,.T.);
#4660=FACE_BOUND('',#4223,.T.);
#4661=FACE_BOUND('',#4224,.T.);
#4662=FACE_BOUND('',#4225,.T.);
#4663=FACE_BOUND('',#4226,.T.);
#4664=FACE_BOUND('',#4227,.T.);
#4665=FACE_BOUND('',#4228,.T.);
#4666=FACE_BOUND('',#4229,.T.);
#4667=FACE_BOUND('',#4230,.T.);
#4668=FACE_BOUND('',#4231,.T.);
#4669=FACE_BOUND('',#4232,.T.);
#4670=FACE_BOUND('',#4233,.T.);
#4671=FACE_BOUND('',#4234,.T.);
#4672=FACE_BOUND('',#4235,.T.);
#4673=FACE_BOUND('',#4236,.T.);
#4674=FACE_BOUND('',#4237,.T.);
#4675=FACE_BOUND('',#4238,.T.);
#4676=FACE_BOUND('',#4239,.T.);
#4677=FACE_BOUND('',#4240,.T.);
#4678=FACE_BOUND('',#4241,.T.);
#4679=FACE_BOUND('',#4242,.T.);
#4680=FACE_BOUND('',#4243,.T.);
#4681=FACE_BOUND('',#4244,.T.);
#4682=FACE_BOUND('',#4245,.T.);
#4683=FACE_BOUND('',#4246,.T.);
#4684=FACE_BOUND('',#4247,.T.);
#4685=FACE_BOUND('',#4248,.T.);
#4686=FACE_BOUND('',#4249,.T.);
#4687=FACE_BOUND('',#4250,.T.);
#4688=FACE_BOUND('',#4251,.T.);
#4689=FACE_BOUND('',#4252,.T.);
#4690=FACE_BOUND('',#4253,.T.);
#4691=FACE_BOUND('',#4254,.T.);
#4692=FACE_BOUND('',#4255,.T.);
#4693=FACE_BOUND('',#4256,.T.);
#4694=FACE_BOUND('',#4257,.T.);
#4695=FACE_BOUND('',#4258,.T.);
#4696=FACE_BOUND('',#4259,.T.);
#4697=FACE_BOUND('',#4260,.T.);
#4698=FACE_BOUND('',#4261,.T.);
#4699=FACE_BOUND('',#4262,.T.);
#4700=FACE_BOUND('',#4263,.T.);
#4701=FACE_BOUND('',#4264,.T.);
#4702=FACE_BOUND('',#4265,.T.);
#4703=FACE_BOUND('',#4266,.T.);
#4704=FACE_BOUND('',#4267,.T.);
#4705=FACE_BOUND('',#4268,.T.);
#4706=FACE_BOUND('',#4269,.T.);
#4707=FACE_BOUND('',#4270,.T.);
#4708=FACE_BOUND('',#4271,.T.);
#4709=FACE_BOUND('',#4272,.T.);
#4710=FACE_BOUND('',#4273,.T.);
#4711=FACE_BOUND('',#4274,.T.);
#4712=FACE_BOUND('',#4275,.T.);
#4713=FACE_BOUND('',#4276,.T.);
#4714=FACE_BOUND('',#4277,.T.);
#4715=FACE_BOUND('',#4278,.T.);
#4716=FACE_BOUND('',#4279,.T.);
#4717=FACE_BOUND('',#4280,.T.);
#4718=FACE_BOUND('',#4281,.T.);
#4719=FACE_BOUND('',#4282,.T.);
#4720=FACE_BOUND('',#4283,.T.);
#4721=FACE_BOUND('',#4284,.T.);
#4722=FACE_BOUND('',#4285,.T.);
#4723=FACE_BOUND('',#4286,.T.);
#4724=FACE_BOUND('',#4287,.T.);
#4725=FACE_BOUND('',#4288,.T.);
#4726=FACE_BOUND('',#4289,.T.);
#4727=FACE_BOUND('',#4290,.T.);
#4728=FACE_BOUND('',#4291,.T.);
#4729=FACE_BOUND('',#4292,.T.);
#4730=FACE_BOUND('',#4293,.T.);
#4731=FACE_BOUND('',#4294,.T.);
#4732=FACE_BOUND('',#4295,.T.);
#4733=FACE_BOUND('',#4296,.T.);
#4734=FACE_BOUND('',#4297,.T.);
#4735=FACE_BOUND('',#4298,.T.);
#4736=FACE_BOUND('',#4299,.T.);
#4737=FACE_BOUND('',#4300,.T.);
#4738=FACE_BOUND('',#4301,.T.);
#4739=FACE_BOUND('',#4302,.T.);
#4740=FACE_BOUND('',#4303,.T.);
#4741=FACE_BOUND('',#4304,.T.);
#4742=FACE_BOUND('',#4305,.T.);
#4743=FACE_BOUND('',#4306,.T.);
#4744=FACE_BOUND('',#4307,.T.);
#4745=FACE_BOUND('',#4308,.T.);
#4746=FACE_BOUND('',#4309,.T.);
#4747=FACE_BOUND('',#4310,.T.);
#4748=FACE_BOUND('',#4311,.T.);
#4749=FACE_BOUND('',#4312,.T.);
#4750=FACE_BOUND('',#4313,.T.);
#4751=FACE_BOUND('',#4314,.T.);
#4752=FACE_BOUND('',#4315,.T.);
#4753=FACE_BOUND('',#4316,.T.);
#4754=FACE_BOUND('',#4317,.T.);
#4755=FACE_BOUND('',#4318,.T.);
#4756=FACE_BOUND('',#4319,.T.);
#4757=FACE_BOUND('',#4320,.T.);
#4758=FACE_BOUND('',#4321,.T.);
#4759=FACE_BOUND('',#4322,.T.);
#4760=FACE_BOUND('',#4323,.T.);
#4761=FACE_BOUND('',#4324,.T.);
#4762=FACE_BOUND('',#4325,.T.);
#4763=FACE_BOUND('',#4326,.T.);
#4764=FACE_BOUND('',#4327,.T.);
#4765=FACE_BOUND('',#4328,.T.);
#4766=FACE_BOUND('',#4329,.T.);
#4767=FACE_BOUND('',#4330,.T.);
#4768=FACE_BOUND('',#4331,.T.);
#4769=FACE_BOUND('',#4332,.T.);
#4770=FACE_BOUND('',#4333,.T.);
#4771=FACE_BOUND('',#4334,.T.);
#4772=FACE_BOUND('',#4335,.T.);
#4773=FACE_BOUND('',#4336,.T.);
#4774=FACE_BOUND('',#4337,.T.);
#4775=FACE_BOUND('',#4338,.T.);
#4776=FACE_BOUND('',#4339,.T.);
#4777=FACE_BOUND('',#4340,.T.);
#4778=FACE_BOUND('',#4341,.T.);
#4779=FACE_BOUND('',#4342,.T.);
#4780=FACE_BOUND('',#4343,.T.);
#4781=FACE_BOUND('',#4344,.T.);
#4782=FACE_BOUND('',#4345,.T.);
#4783=FACE_BOUND('',#4346,.T.);
#4784=FACE_BOUND('',#4347,.T.);
#4785=FACE_BOUND('',#4348,.T.);
#4786=FACE_BOUND('',#4349,.T.);
#4787=FACE_BOUND('',#4350,.T.);
#4788=FACE_BOUND('',#4351,.T.);
#4789=FACE_BOUND('',#4352,.T.);
#4790=FACE_BOUND('',#4353,.T.);
#4791=FACE_BOUND('',#4354,.T.);
#4792=FACE_BOUND('',#4355,.T.);
#4793=FACE_BOUND('',#4356,.T.);
#4794=FACE_BOUND('',#4357,.T.);
#4795=FACE_BOUND('',#4358,.T.);
#4796=FACE_BOUND('',#4359,.T.);
#4797=FACE_BOUND('',#4360,.T.);
#4798=FACE_BOUND('',#4361,.T.);
#4799=FACE_BOUND('',#4362,.T.);
#4800=FACE_BOUND('',#4363,.T.);
#4801=FACE_BOUND('',#4364,.T.);
#4802=FACE_BOUND('',#4365,.T.);
#4803=FACE_BOUND('',#4366,.T.);
#4804=FACE_BOUND('',#4367,.T.);
#4805=FACE_BOUND('',#4368,.T.);
#4806=FACE_BOUND('',#4369,.T.);
#4807=FACE_BOUND('',#4370,.T.);
#4808=FACE_BOUND('',#4371,.T.);
#4809=FACE_BOUND('',#4372,.T.);
#4810=FACE_BOUND('',#4373,.T.);
#4811=FACE_BOUND('',#4374,.T.);
#4812=FACE_BOUND('',#4375,.T.);
#4813=FACE_BOUND('',#4376,.T.);
#4814=FACE_BOUND('',#4377,.T.);
#4815=FACE_BOUND('',#4378,.T.);
#4816=FACE_BOUND('',#4379,.T.);
#4817=FACE_BOUND('',#4380,.T.);
#4818=FACE_BOUND('',#4381,.T.);
#4819=FACE_BOUND('',#4382,.T.);
#4820=FACE_BOUND('',#4383,.T.);
#4821=FACE_BOUND('',#4384,.T.);
#4822=FACE_BOUND('',#4385,.T.);
#4823=FACE_BOUND('',#4386,.T.);
#4824=FACE_BOUND('',#4387,.T.);
#4825=FACE_BOUND('',#4388,.T.);
#4826=FACE_BOUND('',#4389,.T.);
#4827=FACE_BOUND('',#4390,.T.);
#4828=FACE_BOUND('',#4391,.T.);
#4829=FACE_BOUND('',#4392,.T.);
#4830=FACE_BOUND('',#4393,.T.);
#4831=FACE_BOUND('',#4394,.T.);
#4832=FACE_BOUND('',#4395,.T.);
#4833=FACE_BOUND('',#4396,.T.);
#4834=FACE_BOUND('',#4397,.T.);
#4835=FACE_BOUND('',#4398,.T.);
#4836=FACE_BOUND('',#4399,.T.);
#4837=FACE_BOUND('',#4400,.T.);
#4838=FACE_BOUND('',#4401,.T.);
#4839=FACE_BOUND('',#4402,.T.);
#4840=FACE_BOUND('',#4403,.T.);
#4841=FACE_BOUND('',#4404,.T.);
#4842=FACE_BOUND('',#4405,.T.);
#4843=FACE_BOUND('',#4406,.T.);
#4844=FACE_BOUND('',#4407,.T.);
#4845=FACE_BOUND('',#4408,.T.);
#4846=FACE_BOUND('',#4409,.T.);
#4847=FACE_BOUND('',#4410,.T.);
#4848=FACE_BOUND('',#4411,.T.);
#4849=FACE_BOUND('',#4412,.T.);
#4850=FACE_BOUND('',#4413,.T.);
#4851=FACE_BOUND('',#4414,.T.);
#4852=FACE_BOUND('',#4415,.T.);
#4853=FACE_BOUND('',#4416,.T.);
#4854=FACE_BOUND('',#4417,.T.);
#4855=FACE_BOUND('',#4418,.T.);
#4856=FACE_BOUND('',#4419,.T.);
#4857=FACE_BOUND('',#4420,.T.);
#4858=FACE_BOUND('',#4421,.T.);
#4859=FACE_BOUND('',#4422,.T.);
#4860=FACE_BOUND('',#4423,.T.);
#4861=FACE_BOUND('',#4424,.T.);
#4862=FACE_BOUND('',#4425,.T.);
#4863=FACE_BOUND('',#4426,.T.);
#4864=FACE_BOUND('',#4427,.T.);
#4865=FACE_BOUND('',#4428,.T.);
#4866=FACE_BOUND('',#4429,.T.);
#4867=FACE_BOUND('',#4430,.T.);
#4868=FACE_BOUND('',#4431,.T.);
#4869=FACE_BOUND('',#4432,.T.);
#4870=FACE_BOUND('',#4433,.T.);
#4871=FACE_BOUND('',#4434,.T.);
#4872=FACE_BOUND('',#4435,.T.);
#4873=FACE_BOUND('',#4436,.T.);
#4874=FACE_BOUND('',#4437,.T.);
#4875=FACE_BOUND('',#4438,.T.);
#4876=FACE_BOUND('',#4439,.T.);
#4877=FACE_BOUND('',#4440,.T.);
#4878=FACE_BOUND('',#4441,.T.);
#4879=FACE_BOUND('',#4442,.T.);
#4880=FACE_BOUND('',#4443,.T.);
#4881=FACE_BOUND('',#4444,.T.);
#4882=FACE_BOUND('',#4445,.T.);
#4883=FACE_BOUND('',#4446,.T.);
#4884=FACE_BOUND('',#4447,.T.);
#4885=FACE_BOUND('',#4448,.T.);
#4886=FACE_BOUND('',#4449,.T.);
#4887=FACE_BOUND('',#4450,.T.);
#4888=FACE_BOUND('',#4451,.T.);
#4889=FACE_BOUND('',#4452,.T.);
#4890=FACE_BOUND('',#4453,.T.);
#4891=FACE_BOUND('',#4454,.T.);
#4892=FACE_BOUND('',#4455,.T.);
#4893=FACE_BOUND('',#4456,.T.);
#4894=FACE_BOUND('',#4457,.T.);
#4895=FACE_BOUND('',#4458,.T.);
#4896=FACE_BOUND('',#4459,.T.);
#4897=FACE_BOUND('',#4460,.T.);
#4898=FACE_BOUND('',#4461,.T.);
#4899=FACE_BOUND('',#4462,.T.);
#4900=FACE_BOUND('',#4463,.T.);
#4901=FACE_BOUND('',#4464,.T.);
#4902=FACE_BOUND('',#4465,.T.);
#4903=FACE_BOUND('',#4466,.T.);
#4904=FACE_BOUND('',#4467,.T.);
#4905=FACE_BOUND('',#4468,.T.);
#4906=FACE_BOUND('',#4469,.T.);
#4907=FACE_BOUND('',#4470,.T.);
#4908=FACE_BOUND('',#4471,.T.);
#4909=FACE_BOUND('',#4472,.T.);
#4910=FACE_BOUND('',#4473,.T.);
#4911=FACE_BOUND('',#4474,.T.);
#4912=FACE_BOUND('',#4475,.T.);
#4913=FACE_BOUND('',#4476,.T.);
#4914=FACE_BOUND('',#4477,.T.);
#4915=FACE_BOUND('',#4478,.T.);
#4916=FACE_BOUND('',#4479,.T.);
#4917=FACE_BOUND('',#4480,.T.);
#4918=FACE_BOUND('',#4481,.T.);
#4919=FACE_BOUND('',#4482,.T.);
#4920=FACE_BOUND('',#4483,.T.);
#4921=FACE_BOUND('',#4484,.T.);
#4922=FACE_BOUND('',#4485,.T.);
#4923=FACE_BOUND('',#4486,.T.);
#4924=FACE_BOUND('',#4487,.T.);
#4925=FACE_BOUND('',#4488,.T.);
#4926=FACE_BOUND('',#4489,.T.);
#4927=FACE_BOUND('',#4490,.T.);
#4928=FACE_BOUND('',#4491,.T.);
#4929=FACE_BOUND('',#4492,.T.);
#4930=FACE_BOUND('',#4493,.T.);
#4931=FACE_BOUND('',#4494,.T.);
#4932=FACE_BOUND('',#4495,.T.);
#4933=FACE_BOUND('',#4496,.T.);
#4934=FACE_BOUND('',#4497,.T.);
#4935=FACE_BOUND('',#4498,.T.);
#4936=FACE_BOUND('',#4499,.T.);
#4937=FACE_BOUND('',#4500,.T.);
#4938=FACE_BOUND('',#4501,.T.);
#4939=FACE_BOUND('',#4502,.T.);
#4940=FACE_BOUND('',#4503,.T.);
#4941=FACE_BOUND('',#4504,.T.);
#4942=FACE_BOUND('',#4505,.T.);
#4943=FACE_BOUND('',#4506,.T.);
#4944=FACE_BOUND('',#4507,.T.);
#4945=FACE_BOUND('',#4508,.T.);
#4946=FACE_BOUND('',#4509,.T.);
#4947=FACE_BOUND('',#4510,.T.);
#4948=FACE_BOUND('',#4511,.T.);
#4949=FACE_BOUND('',#4512,.T.);
#4950=FACE_BOUND('',#4513,.T.);
#4951=FACE_BOUND('',#4514,.T.);
#4952=FACE_BOUND('',#4515,.T.);
#4953=FACE_BOUND('',#4516,.T.);
#4954=FACE_BOUND('',#4517,.T.);
#4955=FACE_BOUND('',#4518,.T.);
#4956=FACE_BOUND('',#4519,.T.);
#4957=FACE_BOUND('',#4520,.T.);
#4958=FACE_BOUND('',#4521,.T.);
#4959=FACE_BOUND('',#4522,.T.);
#4960=FACE_BOUND('',#4523,.T.);
#4961=FACE_BOUND('',#4524,.T.);
#4962=FACE_BOUND('',#4525,.T.);
#4963=FACE_BOUND('',#4526,.T.);
#4964=FACE_BOUND('',#4527,.T.);
#4965=FACE_BOUND('',#4528,.T.);
#4966=FACE_BOUND('',#4529,.T.);
#4967=FACE_BOUND('',#4530,.T.);
#4968=FACE_BOUND('',#4531,.T.);
#4969=FACE_BOUND('',#4532,.T.);
#4970=FACE_BOUND('',#4533,.T.);
#4971=FACE_BOUND('',#4534,.T.);
#4972=FACE_BOUND('',#4535,.T.);
#4973=FACE_BOUND('',#4536,.T.);
#4974=FACE_BOUND('',#4537,.T.);
#4975=FACE_BOUND('',#4538,.T.);
#4976=FACE_BOUND('',#4539,.T.);
#4977=FACE_BOUND('',#4540,.T.);
#4978=FACE_BOUND('',#4541,.T.);
#4979=FACE_BOUND('',#4542,.T.);
#4980=FACE_BOUND('',#4543,.T.);
#4981=FACE_BOUND('',#4544,.T.);
#4982=FACE_BOUND('',#4545,.T.);
#4983=FACE_BOUND('',#4546,.T.);
#4984=FACE_BOUND('',#4547,.T.);
#4985=FACE_BOUND('',#4548,.T.);
#4986=FACE_BOUND('',#4549,.T.);
#4987=FACE_BOUND('',#4550,.T.);
#4988=FACE_BOUND('',#4551,.T.);
#4989=FACE_BOUND('',#4552,.T.);
#4990=FACE_BOUND('',#4553,.T.);
#4991=FACE_BOUND('',#4554,.T.);
#4992=FACE_BOUND('',#4555,.T.);
#4993=FACE_BOUND('',#4556,.T.);
#4994=FACE_BOUND('',#4557,.T.);
#4995=FACE_BOUND('',#4558,.T.);
#4996=FACE_BOUND('',#4559,.T.);
#4997=FACE_BOUND('',#4560,.T.);
#4998=FACE_BOUND('',#4561,.T.);
#4999=FACE_BOUND('',#4562,.T.);
#5000=FACE_BOUND('',#4563,.T.);
#5001=CYLINDRICAL_SURFACE('',#5466,0.0275798635240743);
#5002=CYLINDRICAL_SURFACE('',#5486,0.01);
#5003=CYLINDRICAL_SURFACE('',#5487,0.01);
#5004=CYLINDRICAL_SURFACE('',#5488,0.01);
#5005=CYLINDRICAL_SURFACE('',#5489,0.01);
#5006=CYLINDRICAL_SURFACE('',#5490,0.0260599999999885);
#5007=CYLINDRICAL_SURFACE('',#5530,0.0005);
#5008=CYLINDRICAL_SURFACE('',#5559,0.0005);
#5009=CYLINDRICAL_SURFACE('',#5564,0.0005);
#5010=CYLINDRICAL_SURFACE('',#5567,0.0005);
#5011=CYLINDRICAL_SURFACE('',#5594,0.0005);
#5012=CYLINDRICAL_SURFACE('',#5598,0.0005);
#5013=CYLINDRICAL_SURFACE('',#5657,0.0005);
#5014=CYLINDRICAL_SURFACE('',#5659,0.0005);
#5015=CYLINDRICAL_SURFACE('',#5665,0.0005);
#5016=CYLINDRICAL_SURFACE('',#5679,0.0045);
#5017=CYLINDRICAL_SURFACE('',#5703,0.0005);
#5018=CYLINDRICAL_SURFACE('',#5708,0.0015);
#5019=CYLINDRICAL_SURFACE('',#5710,0.0005);
#5020=CYLINDRICAL_SURFACE('',#5713,0.003);
#5021=CYLINDRICAL_SURFACE('',#5715,0.03);
#5022=CYLINDRICAL_SURFACE('',#5722,0.0005);
#5023=CYLINDRICAL_SURFACE('',#5727,0.003);
#5024=CYLINDRICAL_SURFACE('',#5729,0.0005);
#5025=CYLINDRICAL_SURFACE('',#5731,0.003);
#5026=CYLINDRICAL_SURFACE('',#5734,0.003);
#5027=CYLINDRICAL_SURFACE('',#5736,0.0375133309638054);
#5028=CYLINDRICAL_SURFACE('',#5756,0.0005);
#5029=CYLINDRICAL_SURFACE('',#5758,0.0005);
#5030=CYLINDRICAL_SURFACE('',#5764,0.0005);
#5031=CYLINDRICAL_SURFACE('',#5778,0.0045);
#5032=CYLINDRICAL_SURFACE('',#5802,0.0005);
#5033=CYLINDRICAL_SURFACE('',#5807,0.0015);
#5034=CYLINDRICAL_SURFACE('',#5809,0.0005);
#5035=CYLINDRICAL_SURFACE('',#5812,0.003);
#5036=CYLINDRICAL_SURFACE('',#5821,0.0005);
#5037=CYLINDRICAL_SURFACE('',#5826,0.003);
#5038=CYLINDRICAL_SURFACE('',#5828,0.0005);
#5039=CYLINDRICAL_SURFACE('',#5830,0.03);
#5040=CYLINDRICAL_SURFACE('',#5833,0.003);
#5041=CYLINDRICAL_SURFACE('',#5836,0.003);
#5042=CYLINDRICAL_SURFACE('',#5838,0.0375133309638054);
#5043=CYLINDRICAL_SURFACE('',#5857,0.0004);
#5044=CYLINDRICAL_SURFACE('',#5859,0.0004);
#5045=CYLINDRICAL_SURFACE('',#5861,0.0005);
#5046=CYLINDRICAL_SURFACE('',#5863,0.0005);
#5047=CYLINDRICAL_SURFACE('',#5865,0.0004);
#5048=CYLINDRICAL_SURFACE('',#5867,0.0005);
#5049=CYLINDRICAL_SURFACE('',#5869,0.0004);
#5050=CYLINDRICAL_SURFACE('',#5871,0.0005);
#5051=CYLINDRICAL_SURFACE('',#5873,0.0005);
#5052=CYLINDRICAL_SURFACE('',#5875,0.0004);
#5053=CYLINDRICAL_SURFACE('',#5877,0.0004);
#5054=CYLINDRICAL_SURFACE('',#5879,0.0004);
#5055=CYLINDRICAL_SURFACE('',#5881,0.0006);
#5056=CYLINDRICAL_SURFACE('',#5883,0.0005);
#5057=CYLINDRICAL_SURFACE('',#5885,0.0005);
#5058=CYLINDRICAL_SURFACE('',#5887,0.0004);
#5059=CYLINDRICAL_SURFACE('',#5889,0.0004);
#5060=CYLINDRICAL_SURFACE('',#5891,0.0004);
#5061=CYLINDRICAL_SURFACE('',#5893,0.0004);
#5062=CYLINDRICAL_SURFACE('',#5895,0.0005);
#5063=CYLINDRICAL_SURFACE('',#5897,0.0004);
#5064=CYLINDRICAL_SURFACE('',#5902,0.001);
#5065=CYLINDRICAL_SURFACE('',#5905,0.001);
#5066=CYLINDRICAL_SURFACE('',#5921,0.001);
#5067=CYLINDRICAL_SURFACE('',#5925,0.001);
#5068=CYLINDRICAL_SURFACE('',#5927,0.001);
#5069=CYLINDRICAL_SURFACE('',#5930,0.001);
#5070=CYLINDRICAL_SURFACE('',#5946,0.001);
#5071=CYLINDRICAL_SURFACE('',#5950,0.001);
#5072=CYLINDRICAL_SURFACE('',#5975,0.0002);
#5073=CYLINDRICAL_SURFACE('',#5978,0.0002);
#5074=CYLINDRICAL_SURFACE('',#5983,0.0002);
#5075=CYLINDRICAL_SURFACE('',#5986,0.0002);
#5076=CYLINDRICAL_SURFACE('',#5998,0.0002);
#5077=CYLINDRICAL_SURFACE('',#6001,0.0002);
#5078=CYLINDRICAL_SURFACE('',#6017,0.0002);
#5079=CYLINDRICAL_SURFACE('',#6020,0.0002);
#5080=CYLINDRICAL_SURFACE('',#6022,0.0002);
#5081=CYLINDRICAL_SURFACE('',#6023,0.0002);
#5082=CYLINDRICAL_SURFACE('',#6024,0.0002);
#5083=CYLINDRICAL_SURFACE('',#6025,0.0002);
#5084=CYLINDRICAL_SURFACE('',#6026,0.0002);
#5085=CYLINDRICAL_SURFACE('',#6034,0.0002);
#5086=CYLINDRICAL_SURFACE('',#6036,0.0002);
#5087=CYLINDRICAL_SURFACE('',#6039,0.0002);
#5088=CYLINDRICAL_SURFACE('',#6043,0.0002);
#5089=CYLINDRICAL_SURFACE('',#6047,0.0002);
#5090=CYLINDRICAL_SURFACE('',#6055,0.0002);
#5091=CYLINDRICAL_SURFACE('',#6059,0.0002);
#5092=CYLINDRICAL_SURFACE('',#6063,0.0002);
#5093=CYLINDRICAL_SURFACE('',#6064,0.0002);
#5094=CYLINDRICAL_SURFACE('',#6071,0.0002);
#5095=CYLINDRICAL_SURFACE('',#6075,0.0002);
#5096=CYLINDRICAL_SURFACE('',#6078,0.0002);
#5097=CYLINDRICAL_SURFACE('',#6092,0.0002);
#5098=CYLINDRICAL_SURFACE('',#6095,0.0002);
#5099=ADVANCED_FACE('',(#4564),#5001,.T.);
#5100=ADVANCED_FACE('',(#4565),#326,.T.);
#5101=ADVANCED_FACE('',(#4566),#327,.T.);
#5102=ADVANCED_FACE('',(#4567),#328,.T.);
#5103=ADVANCED_FACE('',(#4568,#4569),#171,.F.);
#5104=ADVANCED_FACE('',(#4570),#329,.T.);
#5105=ADVANCED_FACE('',(#4571),#5002,.F.);
#5106=ADVANCED_FACE('',(#4572),#5003,.F.);
#5107=ADVANCED_FACE('',(#4573),#5004,.F.);
#5108=ADVANCED_FACE('',(#4574),#5005,.F.);
#5109=ADVANCED_FACE('',(#4575,#4576),#5006,.F.);
#5110=ADVANCED_FACE('',(#4577,#4578),#172,.T.);
#5111=ADVANCED_FACE('',(#4579),#330,.T.);
#5112=ADVANCED_FACE('',(#4580),#73,.F.);
#5113=ADVANCED_FACE('',(#4581),#55,.F.);
#5114=ADVANCED_FACE('',(#4582),#74,.F.);
#5115=ADVANCED_FACE('',(#4583),#12,.F.);
#5116=ADVANCED_FACE('',(#4584),#173,.F.);
#5117=ADVANCED_FACE('',(#4585),#75,.F.);
#5118=ADVANCED_FACE('',(#4586),#76,.F.);
#5119=ADVANCED_FACE('',(#4587),#56,.F.);
#5120=ADVANCED_FACE('',(#4588),#331,.F.);
#5121=ADVANCED_FACE('',(#4589),#13,.F.);
#5122=ADVANCED_FACE('',(#4590),#5007,.T.);
#5123=ADVANCED_FACE('',(#4591),#332,.T.);
#5124=ADVANCED_FACE('',(#4592,#4593,#4594,#4595,#4596,#4597,#4598,#4599,
#4600,#4601,#4602,#4603,#4604,#4605,#4606,#4607,#4608,#4609,#4610,#4611,
#4612,#4613),#333,.F.);
#5125=ADVANCED_FACE('',(#4614),#14,.F.);
#5126=ADVANCED_FACE('',(#4615),#5008,.T.);
#5127=ADVANCED_FACE('',(#4616),#15,.T.);
#5128=ADVANCED_FACE('',(#4617),#5009,.T.);
#5129=ADVANCED_FACE('',(#4618),#77,.F.);
#5130=ADVANCED_FACE('',(#4619),#78,.F.);
#5131=ADVANCED_FACE('',(#4620),#5010,.F.);
#5132=ADVANCED_FACE('',(#4621),#79,.F.);
#5133=ADVANCED_FACE('',(#4622),#80,.F.);
#5134=ADVANCED_FACE('',(#4623),#16,.F.);
#5135=ADVANCED_FACE('',(#4624),#17,.F.);
#5136=ADVANCED_FACE('',(#4625),#81,.F.);
#5137=ADVANCED_FACE('',(#4626),#82,.F.);
#5138=ADVANCED_FACE('',(#4627),#334,.F.);
#5139=ADVANCED_FACE('',(#4628),#174,.T.);
#5140=ADVANCED_FACE('',(#4629),#335,.F.);
#5141=ADVANCED_FACE('',(#4630),#57,.F.);
#5142=ADVANCED_FACE('',(#4631),#58,.F.);
#5143=ADVANCED_FACE('',(#4632,#4633,#4634,#4635,#4636),#336,.T.);
#5144=ADVANCED_FACE('',(#4637),#59,.F.);
#5145=ADVANCED_FACE('',(#4638),#60,.F.);
#5146=ADVANCED_FACE('',(#4639),#5011,.F.);
#5147=ADVANCED_FACE('',(#4640),#18,.F.);
#5148=ADVANCED_FACE('',(#4641),#5012,.F.);
#5149=ADVANCED_FACE('',(#4642),#337,.F.);
#5150=ADVANCED_FACE('',(#4643),#338,.F.);
#5151=ADVANCED_FACE('',(#4644),#339,.F.);
#5152=ADVANCED_FACE('',(#4645),#340,.F.);
#5153=ADVANCED_FACE('',(#4646),#341,.F.);
#5154=ADVANCED_FACE('',(#4647),#342,.F.);
#5155=ADVANCED_FACE('',(#4648),#343,.F.);
#5156=ADVANCED_FACE('',(#4649),#344,.F.);
#5157=ADVANCED_FACE('',(#4650),#345,.F.);
#5158=ADVANCED_FACE('',(#4651),#346,.F.);
#5159=ADVANCED_FACE('',(#4652),#347,.F.);
#5160=ADVANCED_FACE('',(#4653),#348,.F.);
#5161=ADVANCED_FACE('',(#4654),#349,.F.);
#5162=ADVANCED_FACE('',(#4655),#350,.F.);
#5163=ADVANCED_FACE('',(#4656),#351,.F.);
#5164=ADVANCED_FACE('',(#4657),#352,.F.);
#5165=ADVANCED_FACE('',(#4658),#353,.F.);
#5166=ADVANCED_FACE('',(#4659),#354,.F.);
#5167=ADVANCED_FACE('',(#4660),#355,.F.);
#5168=ADVANCED_FACE('',(#4661),#356,.F.);
#5169=ADVANCED_FACE('',(#4662),#357,.F.);
#5170=ADVANCED_FACE('',(#4663),#358,.F.);
#5171=ADVANCED_FACE('',(#4664),#359,.F.);
#5172=ADVANCED_FACE('',(#4665),#360,.F.);
#5173=ADVANCED_FACE('',(#4666),#361,.T.);
#5174=ADVANCED_FACE('',(#4667),#362,.T.);
#5175=ADVANCED_FACE('',(#4668),#363,.T.);
#5176=ADVANCED_FACE('',(#4669),#364,.T.);
#5177=ADVANCED_FACE('',(#4670),#365,.T.);
#5178=ADVANCED_FACE('',(#4671),#366,.T.);
#5179=ADVANCED_FACE('',(#4672),#367,.T.);
#5180=ADVANCED_FACE('',(#4673),#368,.T.);
#5181=ADVANCED_FACE('',(#4674),#369,.T.);
#5182=ADVANCED_FACE('',(#4675),#370,.T.);
#5183=ADVANCED_FACE('',(#4676),#371,.T.);
#5184=ADVANCED_FACE('',(#4677),#372,.T.);
#5185=ADVANCED_FACE('',(#4678),#373,.T.);
#5186=ADVANCED_FACE('',(#4679),#374,.T.);
#5187=ADVANCED_FACE('',(#4680),#375,.T.);
#5188=ADVANCED_FACE('',(#4681),#376,.T.);
#5189=ADVANCED_FACE('',(#4682),#377,.T.);
#5190=ADVANCED_FACE('',(#4683),#378,.T.);
#5191=ADVANCED_FACE('',(#4684),#379,.T.);
#5192=ADVANCED_FACE('',(#4685),#380,.T.);
#5193=ADVANCED_FACE('',(#4686),#381,.T.);
#5194=ADVANCED_FACE('',(#4687),#382,.T.);
#5195=ADVANCED_FACE('',(#4688),#383,.T.);
#5196=ADVANCED_FACE('',(#4689),#384,.T.);
#5197=ADVANCED_FACE('',(#4690),#385,.F.);
#5198=ADVANCED_FACE('',(#4691),#386,.F.);
#5199=ADVANCED_FACE('',(#4692),#387,.F.);
#5200=ADVANCED_FACE('',(#4693),#388,.F.);
#5201=ADVANCED_FACE('',(#4694),#389,.T.);
#5202=ADVANCED_FACE('',(#4695),#19,.F.);
#5203=ADVANCED_FACE('',(#4696),#5013,.F.);
#5204=ADVANCED_FACE('',(#4697),#5014,.F.);
#5205=ADVANCED_FACE('',(#4698),#20,.F.);
#5206=ADVANCED_FACE('',(#4699),#5015,.T.);
#5207=ADVANCED_FACE('',(#4700),#21,.T.);
#5208=ADVANCED_FACE('',(#4701),#22,.T.);
#5209=ADVANCED_FACE('',(#4702),#83,.T.);
#5210=ADVANCED_FACE('',(#4703),#23,.F.);
#5211=ADVANCED_FACE('',(#4704),#5016,.F.);
#5212=ADVANCED_FACE('',(#4705),#24,.F.);
#5213=ADVANCED_FACE('',(#4706,#4707),#390,.F.);
#5214=ADVANCED_FACE('',(#4708),#25,.T.);
#5215=ADVANCED_FACE('',(#4709,#4710),#391,.F.);
#5216=ADVANCED_FACE('',(#4711),#84,.T.);
#5217=ADVANCED_FACE('',(#4712),#26,.T.);
#5218=ADVANCED_FACE('',(#4713),#27,.T.);
#5219=ADVANCED_FACE('',(#4714),#5017,.T.);
#5220=ADVANCED_FACE('',(#4715),#28,.T.);
#5221=ADVANCED_FACE('',(#4716),#5018,.T.);
#5222=ADVANCED_FACE('',(#4717),#392,.F.);
#5223=ADVANCED_FACE('',(#4718,#4719),#5019,.F.);
#5224=ADVANCED_FACE('',(#4720),#393,.F.);
#5225=ADVANCED_FACE('',(#4721),#5020,.T.);
#5226=ADVANCED_FACE('',(#4722),#5021,.F.);
#5227=ADVANCED_FACE('',(#4723),#29,.T.);
#5228=ADVANCED_FACE('',(#4724),#85,.T.);
#5229=ADVANCED_FACE('',(#4725),#5022,.T.);
#5230=ADVANCED_FACE('',(#4726),#86,.T.);
#5231=ADVANCED_FACE('',(#4727),#30,.T.);
#5232=ADVANCED_FACE('',(#4728),#5023,.T.);
#5233=ADVANCED_FACE('',(#4729,#4730),#5024,.F.);
#5234=ADVANCED_FACE('',(#4731),#5025,.T.);
#5235=ADVANCED_FACE('',(#4732),#394,.F.);
#5236=ADVANCED_FACE('',(#4733),#5026,.T.);
#5237=ADVANCED_FACE('',(#4734),#5027,.T.);
#5238=ADVANCED_FACE('',(#4735),#395,.T.);
#5239=ADVANCED_FACE('',(#4736,#4737),#396,.T.);
#5240=ADVANCED_FACE('',(#4738,#4739),#397,.T.);
#5241=ADVANCED_FACE('',(#4740),#31,.F.);
#5242=ADVANCED_FACE('',(#4741),#5028,.F.);
#5243=ADVANCED_FACE('',(#4742),#5029,.F.);
#5244=ADVANCED_FACE('',(#4743),#32,.F.);
#5245=ADVANCED_FACE('',(#4744),#5030,.T.);
#5246=ADVANCED_FACE('',(#4745),#33,.T.);
#5247=ADVANCED_FACE('',(#4746),#34,.T.);
#5248=ADVANCED_FACE('',(#4747),#87,.T.);
#5249=ADVANCED_FACE('',(#4748),#35,.F.);
#5250=ADVANCED_FACE('',(#4749),#5031,.F.);
#5251=ADVANCED_FACE('',(#4750),#36,.F.);
#5252=ADVANCED_FACE('',(#4751,#4752),#398,.F.);
#5253=ADVANCED_FACE('',(#4753),#37,.T.);
#5254=ADVANCED_FACE('',(#4754,#4755),#399,.F.);
#5255=ADVANCED_FACE('',(#4756),#88,.T.);
#5256=ADVANCED_FACE('',(#4757),#38,.T.);
#5257=ADVANCED_FACE('',(#4758),#39,.T.);
#5258=ADVANCED_FACE('',(#4759),#5032,.T.);
#5259=ADVANCED_FACE('',(#4760),#40,.T.);
#5260=ADVANCED_FACE('',(#4761),#5033,.T.);
#5261=ADVANCED_FACE('',(#4762),#400,.F.);
#5262=ADVANCED_FACE('',(#4763,#4764),#5034,.F.);
#5263=ADVANCED_FACE('',(#4765),#401,.F.);
#5264=ADVANCED_FACE('',(#4766),#5035,.T.);
#5265=ADVANCED_FACE('',(#4767),#402,.T.);
#5266=ADVANCED_FACE('',(#4768),#41,.T.);
#5267=ADVANCED_FACE('',(#4769),#89,.T.);
#5268=ADVANCED_FACE('',(#4770),#5036,.T.);
#5269=ADVANCED_FACE('',(#4771),#90,.T.);
#5270=ADVANCED_FACE('',(#4772),#42,.T.);
#5271=ADVANCED_FACE('',(#4773),#5037,.T.);
#5272=ADVANCED_FACE('',(#4774,#4775),#5038,.F.);
#5273=ADVANCED_FACE('',(#4776),#5039,.F.);
#5274=ADVANCED_FACE('',(#4777),#5040,.T.);
#5275=ADVANCED_FACE('',(#4778),#403,.F.);
#5276=ADVANCED_FACE('',(#4779),#5041,.T.);
#5277=ADVANCED_FACE('',(#4780),#5042,.T.);
#5278=ADVANCED_FACE('',(#4781,#4782),#404,.T.);
#5279=ADVANCED_FACE('',(#4783,#4784),#405,.T.);
#5280=ADVANCED_FACE('',(#4785),#406,.T.);
#5281=ADVANCED_FACE('',(#4786),#175,.F.);
#5282=ADVANCED_FACE('',(#4787),#176,.F.);
#5283=ADVANCED_FACE('',(#4788,#4789),#5043,.F.);
#5284=ADVANCED_FACE('',(#4790,#4791),#5044,.F.);
#5285=ADVANCED_FACE('',(#4792,#4793),#5045,.F.);
#5286=ADVANCED_FACE('',(#4794,#4795),#5046,.F.);
#5287=ADVANCED_FACE('',(#4796,#4797),#5047,.F.);
#5288=ADVANCED_FACE('',(#4798,#4799),#5048,.F.);
#5289=ADVANCED_FACE('',(#4800,#4801),#5049,.F.);
#5290=ADVANCED_FACE('',(#4802,#4803),#5050,.F.);
#5291=ADVANCED_FACE('',(#4804,#4805),#5051,.F.);
#5292=ADVANCED_FACE('',(#4806,#4807),#5052,.F.);
#5293=ADVANCED_FACE('',(#4808,#4809),#5053,.F.);
#5294=ADVANCED_FACE('',(#4810,#4811),#5054,.F.);
#5295=ADVANCED_FACE('',(#4812,#4813),#5055,.F.);
#5296=ADVANCED_FACE('',(#4814,#4815),#5056,.F.);
#5297=ADVANCED_FACE('',(#4816,#4817),#5057,.F.);
#5298=ADVANCED_FACE('',(#4818,#4819),#5058,.F.);
#5299=ADVANCED_FACE('',(#4820,#4821),#5059,.F.);
#5300=ADVANCED_FACE('',(#4822,#4823),#5060,.F.);
#5301=ADVANCED_FACE('',(#4824,#4825),#5061,.F.);
#5302=ADVANCED_FACE('',(#4826,#4827),#5062,.F.);
#5303=ADVANCED_FACE('',(#4828,#4829),#5063,.F.);
#5304=ADVANCED_FACE('',(#4830,#4831,#4832,#4833,#4834,#4835,#4836,#4837,
#4838,#4839,#4840,#4841,#4842,#4843,#4844,#4845,#4846,#4847,#4848,#4849,
#4850,#4851),#407,.T.);
#5305=ADVANCED_FACE('',(#4852),#91,.F.);
#5306=ADVANCED_FACE('',(#4853),#92,.F.);
#5307=ADVANCED_FACE('',(#4854),#93,.F.);
#5308=ADVANCED_FACE('',(#4855),#94,.F.);
#5309=ADVANCED_FACE('',(#4856),#95,.T.);
#5310=ADVANCED_FACE('',(#4857),#5064,.T.);
#5311=ADVANCED_FACE('',(#4858),#96,.T.);
#5312=ADVANCED_FACE('',(#4859),#97,.T.);
#5313=ADVANCED_FACE('',(#4860),#5065,.T.);
#5314=ADVANCED_FACE('',(#4861),#98,.T.);
#5315=ADVANCED_FACE('',(#4862),#99,.T.);
#5316=ADVANCED_FACE('',(#4863),#100,.T.);
#5317=ADVANCED_FACE('',(#4864),#101,.T.);
#5318=ADVANCED_FACE('',(#4865),#102,.T.);
#5319=ADVANCED_FACE('',(#4866),#103,.T.);
#5320=ADVANCED_FACE('',(#4867),#43,.T.);
#5321=ADVANCED_FACE('',(#4868),#104,.T.);
#5322=ADVANCED_FACE('',(#4869),#105,.T.);
#5323=ADVANCED_FACE('',(#4870),#106,.T.);
#5324=ADVANCED_FACE('',(#4871),#107,.T.);
#5325=ADVANCED_FACE('',(#4872),#108,.T.);
#5326=ADVANCED_FACE('',(#4873),#109,.T.);
#5327=ADVANCED_FACE('',(#4874),#5066,.T.);
#5328=ADVANCED_FACE('',(#4875),#110,.T.);
#5329=ADVANCED_FACE('',(#4876),#111,.T.);
#5330=ADVANCED_FACE('',(#4877),#5067,.T.);
#5331=ADVANCED_FACE('',(#4878),#112,.T.);
#5332=ADVANCED_FACE('',(#4879),#113,.T.);
#5333=ADVANCED_FACE('',(#4880),#5068,.T.);
#5334=ADVANCED_FACE('',(#4881),#114,.T.);
#5335=ADVANCED_FACE('',(#4882),#115,.T.);
#5336=ADVANCED_FACE('',(#4883),#5069,.T.);
#5337=ADVANCED_FACE('',(#4884),#116,.T.);
#5338=ADVANCED_FACE('',(#4885),#117,.T.);
#5339=ADVANCED_FACE('',(#4886),#118,.T.);
#5340=ADVANCED_FACE('',(#4887),#119,.T.);
#5341=ADVANCED_FACE('',(#4888),#120,.T.);
#5342=ADVANCED_FACE('',(#4889),#121,.T.);
#5343=ADVANCED_FACE('',(#4890),#44,.T.);
#5344=ADVANCED_FACE('',(#4891),#122,.T.);
#5345=ADVANCED_FACE('',(#4892),#123,.T.);
#5346=ADVANCED_FACE('',(#4893),#124,.T.);
#5347=ADVANCED_FACE('',(#4894),#125,.T.);
#5348=ADVANCED_FACE('',(#4895),#126,.T.);
#5349=ADVANCED_FACE('',(#4896),#127,.T.);
#5350=ADVANCED_FACE('',(#4897),#5070,.T.);
#5351=ADVANCED_FACE('',(#4898),#128,.T.);
#5352=ADVANCED_FACE('',(#4899),#129,.T.);
#5353=ADVANCED_FACE('',(#4900),#5071,.T.);
#5354=ADVANCED_FACE('',(#4901),#130,.T.);
#5355=ADVANCED_FACE('',(#4902),#45,.F.);
#5356=ADVANCED_FACE('',(#4903),#46,.F.);
#5357=ADVANCED_FACE('',(#4904),#131,.T.);
#5358=ADVANCED_FACE('',(#4905),#132,.T.);
#5359=ADVANCED_FACE('',(#4906),#133,.T.);
#5360=ADVANCED_FACE('',(#4907),#134,.T.);
#5361=ADVANCED_FACE('',(#4908),#135,.T.);
#5362=ADVANCED_FACE('',(#4909),#136,.T.);
#5363=ADVANCED_FACE('',(#4910),#137,.T.);
#5364=ADVANCED_FACE('',(#4911),#138,.T.);
#5365=ADVANCED_FACE('',(#4912),#139,.T.);
#5366=ADVANCED_FACE('',(#4913),#140,.T.);
#5367=ADVANCED_FACE('',(#4914),#141,.T.);
#5368=ADVANCED_FACE('',(#4915),#142,.T.);
#5369=ADVANCED_FACE('',(#4916),#143,.T.);
#5370=ADVANCED_FACE('',(#4917),#144,.T.);
#5371=ADVANCED_FACE('',(#4918,#4919),#47,.F.);
#5372=ADVANCED_FACE('',(#4920),#48,.T.);
#5373=ADVANCED_FACE('',(#4921),#145,.T.);
#5374=ADVANCED_FACE('',(#4922),#49,.T.);
#5375=ADVANCED_FACE('',(#4923),#146,.F.);
#5376=ADVANCED_FACE('',(#4924),#147,.F.);
#5377=ADVANCED_FACE('',(#4925),#148,.F.);
#5378=ADVANCED_FACE('',(#4926),#149,.F.);
#5379=ADVANCED_FACE('',(#4927),#150,.F.);
#5380=ADVANCED_FACE('',(#4928),#151,.F.);
#5381=ADVANCED_FACE('',(#4929),#408,.T.);
#5382=ADVANCED_FACE('',(#4930),#5072,.T.);
#5383=ADVANCED_FACE('',(#4931),#5073,.T.);
#5384=ADVANCED_FACE('',(#4932),#409,.T.);
#5385=ADVANCED_FACE('',(#4933),#410,.T.);
#5386=ADVANCED_FACE('',(#4934),#5074,.T.);
#5387=ADVANCED_FACE('',(#4935),#5075,.T.);
#5388=ADVANCED_FACE('',(#4936),#61,.T.);
#5389=ADVANCED_FACE('',(#4937),#411,.T.);
#5390=ADVANCED_FACE('',(#4938),#62,.T.);
#5391=ADVANCED_FACE('',(#4939),#412,.T.);
#5392=ADVANCED_FACE('',(#4940),#5076,.F.);
#5393=ADVANCED_FACE('',(#4941),#5077,.F.);
#5394=ADVANCED_FACE('',(#4942),#413,.T.);
#5395=ADVANCED_FACE('',(#4943),#63,.T.);
#5396=ADVANCED_FACE('',(#4944),#414,.T.);
#5397=ADVANCED_FACE('',(#4945),#415,.F.);
#5398=ADVANCED_FACE('',(#4946),#64,.T.);
#5399=ADVANCED_FACE('',(#4947),#5078,.T.);
#5400=ADVANCED_FACE('',(#4948),#5079,.T.);
#5401=ADVANCED_FACE('',(#4949),#5080,.T.);
#5402=ADVANCED_FACE('',(#4950),#5081,.T.);
#5403=ADVANCED_FACE('',(#4951),#5082,.T.);
#5404=ADVANCED_FACE('',(#4952),#5083,.T.);
#5405=ADVANCED_FACE('',(#4953),#5084,.T.);
#5406=ADVANCED_FACE('',(#4954),#65,.T.);
#5407=ADVANCED_FACE('',(#4955),#66,.T.);
#5408=ADVANCED_FACE('',(#4956),#416,.T.);
#5409=ADVANCED_FACE('',(#4957),#5085,.T.);
#5410=ADVANCED_FACE('',(#4958),#5086,.T.);
#5411=ADVANCED_FACE('',(#4959),#50,.T.);
#5412=ADVANCED_FACE('',(#4960),#5087,.T.);
#5413=ADVANCED_FACE('',(#4961),#67,.T.);
#5414=ADVANCED_FACE('',(#4962),#5088,.T.);
#5415=ADVANCED_FACE('',(#4963),#68,.T.);
#5416=ADVANCED_FACE('',(#4964),#5089,.T.);
#5417=ADVANCED_FACE('',(#4965),#51,.T.);
#5418=ADVANCED_FACE('',(#4966),#52,.T.);
#5419=ADVANCED_FACE('',(#4967),#53,.T.);
#5420=ADVANCED_FACE('',(#4968),#5090,.T.);
#5421=ADVANCED_FACE('',(#4969),#69,.T.);
#5422=ADVANCED_FACE('',(#4970),#5091,.T.);
#5423=ADVANCED_FACE('',(#4971),#70,.T.);
#5424=ADVANCED_FACE('',(#4972),#5092,.T.);
#5425=ADVANCED_FACE('',(#4973),#5093,.T.);
#5426=ADVANCED_FACE('',(#4974),#71,.T.);
#5427=ADVANCED_FACE('',(#4975),#152,.T.);
#5428=ADVANCED_FACE('',(#4976),#72,.T.);
#5429=ADVANCED_FACE('',(#4977),#5094,.T.);
#5430=ADVANCED_FACE('',(#4978),#153,.F.);
#5431=ADVANCED_FACE('',(#4979),#154,.F.);
#5432=ADVANCED_FACE('',(#4980),#155,.F.);
#5433=ADVANCED_FACE('',(#4981),#5095,.F.);
#5434=ADVANCED_FACE('',(#4982),#156,.F.);
#5435=ADVANCED_FACE('',(#4983),#5096,.F.);
#5436=ADVANCED_FACE('',(#4984),#157,.F.);
#5437=ADVANCED_FACE('',(#4985),#158,.F.);
#5438=ADVANCED_FACE('',(#4986),#159,.F.);
#5439=ADVANCED_FACE('',(#4987),#160,.F.);
#5440=ADVANCED_FACE('',(#4988),#161,.F.);
#5441=ADVANCED_FACE('',(#4989),#54,.F.);
#5442=ADVANCED_FACE('',(#4990),#162,.F.);
#5443=ADVANCED_FACE('',(#4991),#163,.F.);
#5444=ADVANCED_FACE('',(#4992),#164,.F.);
#5445=ADVANCED_FACE('',(#4993),#165,.F.);
#5446=ADVANCED_FACE('',(#4994),#166,.F.);
#5447=ADVANCED_FACE('',(#4995),#5097,.F.);
#5448=ADVANCED_FACE('',(#4996),#167,.F.);
#5449=ADVANCED_FACE('',(#4997),#5098,.F.);
#5450=ADVANCED_FACE('',(#4998),#168,.F.);
#5451=ADVANCED_FACE('',(#4999),#169,.F.);
#5452=ADVANCED_FACE('',(#5000),#170,.F.);
#5453=CLOSED_SHELL('',(#5099,#5100,#5101,#5102,#5103,#5104,#5105,#5106,
#5107,#5108,#5109,#5110,#5111,#5112,#5113,#5114,#5115,#5116,#5117,#5118,
#5119,#5120,#5121,#5122,#5123,#5124,#5125,#5126,#5127,#5128,#5129,#5130,
#5131,#5132,#5133,#5134,#5135,#5136,#5137,#5138,#5139,#5140,#5141,#5142,
#5143,#5144,#5145,#5146,#5147,#5148,#5149,#5150,#5151,#5152,#5153,#5154,
#5155,#5156,#5157,#5158,#5159,#5160,#5161,#5162,#5163,#5164,#5165,#5166,
#5167,#5168,#5169,#5170,#5171,#5172,#5173,#5174,#5175,#5176,#5177,#5178,
#5179,#5180,#5181,#5182,#5183,#5184,#5185,#5186,#5187,#5188,#5189,#5190,
#5191,#5192,#5193,#5194,#5195,#5196,#5197,#5198,#5199,#5200,#5201,#5202,
#5203,#5204,#5205,#5206,#5207,#5208,#5209,#5210,#5211,#5212,#5213,#5214,
#5215,#5216,#5217,#5218,#5219,#5220,#5221,#5222,#5223,#5224,#5225,#5226,
#5227,#5228,#5229,#5230,#5231,#5232,#5233,#5234,#5235,#5236,#5237,#5238,
#5239,#5240,#5241,#5242,#5243,#5244,#5245,#5246,#5247,#5248,#5249,#5250,
#5251,#5252,#5253,#5254,#5255,#5256,#5257,#5258,#5259,#5260,#5261,#5262,
#5263,#5264,#5265,#5266,#5267,#5268,#5269,#5270,#5271,#5272,#5273,#5274,
#5275,#5276,#5277,#5278,#5279,#5280,#5281,#5282,#5283,#5284,#5285,#5286,
#5287,#5288,#5289,#5290,#5291,#5292,#5293,#5294,#5295,#5296,#5297,#5298,
#5299,#5300,#5301,#5302,#5303,#5304,#5305,#5306,#5307,#5308,#5309,#5310,
#5311,#5312,#5313,#5314,#5315,#5316,#5317,#5318,#5319,#5320,#5321,#5322,
#5323,#5324,#5325,#5326,#5327,#5328,#5329,#5330,#5331,#5332,#5333,#5334,
#5335,#5336,#5337,#5338,#5339,#5340,#5341,#5342,#5343,#5344,#5345,#5346,
#5347,#5348,#5349,#5350,#5351,#5352,#5353,#5354,#5355,#5356,#5357,#5358,
#5359,#5360,#5361,#5362,#5363,#5364,#5365,#5366,#5367,#5368,#5369,#5370,
#5371,#5372,#5373,#5374,#5375,#5376,#5377,#5378,#5379,#5380,#5381,#5382,
#5383,#5384,#5385,#5386,#5387,#5388,#5389,#5390,#5391,#5392,#5393,#5394,
#5395,#5396,#5397,#5398,#5399,#5400,#5401,#5402,#5403,#5404,#5405,#5406,
#5407,#5408,#5409,#5410,#5411,#5412,#5413,#5414,#5415,#5416,#5417,#5418,
#5419,#5420,#5421,#5422,#5423,#5424,#5425,#5426,#5427,#5428,#5429,#5430,
#5431,#5432,#5433,#5434,#5435,#5436,#5437,#5438,#5439,#5440,#5441,#5442,
#5443,#5444,#5445,#5446,#5447,#5448,#5449,#5450,#5451,#5452));
#5454=STYLED_ITEM('',(#5455),#5462);
#5455=PRESENTATION_STYLE_ASSIGNMENT((#5456));
#5456=SURFACE_STYLE_USAGE(.BOTH.,#5457);
#5457=SURFACE_SIDE_STYLE('',(#5458));
#5458=SURFACE_STYLE_FILL_AREA(#5459);
#5459=FILL_AREA_STYLE('',(#5460));
#5460=FILL_AREA_STYLE_COLOUR('',#5461);
#5461=COLOUR_RGB('',0.752941176470588,0.752941176470588,0.752941176470588);
#5462=MANIFOLD_SOLID_BREP('BANDBASE2',#5453);
#5463=SHAPE_DEFINITION_REPRESENTATION(#11036,#5464);
#5464=SHAPE_REPRESENTATION('BANDBASE2',(#5465),#11031);
#5465=AXIS2_PLACEMENT_3D('',#7625,#6099,#6100);
#5466=AXIS2_PLACEMENT_3D('',#7626,#6101,#6102);
#5467=AXIS2_PLACEMENT_3D('',#7630,#6104,#6105);
#5468=AXIS2_PLACEMENT_3D('',#7634,#6107,#6108);
#5469=AXIS2_PLACEMENT_3D('',#7635,#6109,#6110);
#5470=AXIS2_PLACEMENT_3D('',#7658,#6117,#6118);
#5471=AXIS2_PLACEMENT_3D('',#7667,#6120,#6121);
#5472=AXIS2_PLACEMENT_3D('',#7677,#6123,#6124);
#5473=AXIS2_PLACEMENT_3D('',#7678,#6125,#6126);
#5474=AXIS2_PLACEMENT_3D('',#7687,#6128,#6129);
#5475=AXIS2_PLACEMENT_3D('',#7697,#6131,#6132);
#5476=AXIS2_PLACEMENT_3D('',#7698,#6133,#6134);
#5477=AXIS2_PLACEMENT_3D('',#7699,#6135,#6136);
#5478=AXIS2_PLACEMENT_3D('',#7708,#6137,#6138);
#5479=AXIS2_PLACEMENT_3D('',#7709,#6139,#6140);
#5480=AXIS2_PLACEMENT_3D('',#7710,#6141,#6142);
#5481=AXIS2_PLACEMENT_3D('',#7713,#6143,#6144);
#5482=AXIS2_PLACEMENT_3D('',#7715,#6145,#6146);
#5483=AXIS2_PLACEMENT_3D('',#7719,#6148,#6149);
#5484=AXIS2_PLACEMENT_3D('',#7723,#6151,#6152);
#5485=AXIS2_PLACEMENT_3D('',#7727,#6154,#6155);
#5486=AXIS2_PLACEMENT_3D('',#7730,#6157,#6158);
#5487=AXIS2_PLACEMENT_3D('',#7744,#6160,#6161);
#5488=AXIS2_PLACEMENT_3D('',#7754,#6162,#6163);
#5489=AXIS2_PLACEMENT_3D('',#7764,#6164,#6165);
#5490=AXIS2_PLACEMENT_3D('',#7778,#6167,#6168);
#5491=AXIS2_PLACEMENT_3D('',#7787,#6170,#6171);
#5492=AXIS2_PLACEMENT_3D('',#7796,#6173,#6174);
#5493=AXIS2_PLACEMENT_3D('',#7805,#6176,#6177);
#5494=AXIS2_PLACEMENT_3D('',#7814,#6179,#6180);
#5495=AXIS2_PLACEMENT_3D('',#7815,#6181,#6182);
#5496=AXIS2_PLACEMENT_3D('',#7818,#6183,#6184);
#5497=AXIS2_PLACEMENT_3D('',#7825,#6185,#6186);
#5498=AXIS2_PLACEMENT_3D('',#7832,#6187,#6188);
#5499=AXIS2_PLACEMENT_3D('',#7833,#6189,#6190);
#5500=AXIS2_PLACEMENT_3D('',#7870,#6191,#6192);
#5501=AXIS2_PLACEMENT_3D('',#7929,#6193,#6194);
#5502=AXIS2_PLACEMENT_3D('',#7952,#6195,#6196);
#5503=AXIS2_PLACEMENT_3D('',#7960,#6197,#6198);
#5504=AXIS2_PLACEMENT_3D('',#7966,#6199,#6200);
#5505=AXIS2_PLACEMENT_3D('',#7967,#6201,#6202);
#5506=AXIS2_PLACEMENT_3D('',#7972,#6204,#6205);
#5507=AXIS2_PLACEMENT_3D('',#7987,#6207,#6208);
#5508=AXIS2_PLACEMENT_3D('',#7989,#6209,#6210);
#5509=AXIS2_PLACEMENT_3D('',#7991,#6211,#6212);
#5510=AXIS2_PLACEMENT_3D('',#7992,#6213,#6214);
#5511=AXIS2_PLACEMENT_3D('',#7993,#6215,#6216);
#5512=AXIS2_PLACEMENT_3D('',#7995,#6217,#6218);
#5513=AXIS2_PLACEMENT_3D('',#8008,#6219,#6220);
#5514=AXIS2_PLACEMENT_3D('',#8014,#6221,#6222);
#5515=AXIS2_PLACEMENT_3D('',#8015,#6223,#6224);
#5516=AXIS2_PLACEMENT_3D('',#8017,#6225,#6226);
#5517=AXIS2_PLACEMENT_3D('',#8018,#6227,#6228);
#5518=AXIS2_PLACEMENT_3D('',#8024,#6229,#6230);
#5519=AXIS2_PLACEMENT_3D('',#8036,#6231,#6232);
#5520=AXIS2_PLACEMENT_3D('',#8048,#6233,#6234);
#5521=AXIS2_PLACEMENT_3D('',#8066,#6235,#6236);
#5522=AXIS2_PLACEMENT_3D('',#8073,#6237,#6238);
#5523=AXIS2_PLACEMENT_3D('',#8086,#6239,#6240);
#5524=AXIS2_PLACEMENT_3D('',#8088,#6241,#6242);
#5525=AXIS2_PLACEMENT_3D('',#8089,#6243,#6244);
#5526=AXIS2_PLACEMENT_3D('',#8090,#6245,#6246);
#5527=AXIS2_PLACEMENT_3D('',#8091,#6247,#6248);
#5528=AXIS2_PLACEMENT_3D('',#8104,#6251,#6252);
#5529=AXIS2_PLACEMENT_3D('',#8105,#6253,#6254);
#5530=AXIS2_PLACEMENT_3D('',#8106,#6255,#6256);
#5531=AXIS2_PLACEMENT_3D('',#8108,#6258,#6259);
#5532=AXIS2_PLACEMENT_3D('',#8109,#6260,#6261);
#5533=AXIS2_PLACEMENT_3D('',#8110,#6262,#6263);
#5534=AXIS2_PLACEMENT_3D('',#8112,#6264,#6265);
#5535=AXIS2_PLACEMENT_3D('',#8114,#6266,#6267);
#5536=AXIS2_PLACEMENT_3D('',#8116,#6268,#6269);
#5537=AXIS2_PLACEMENT_3D('',#8118,#6270,#6271);
#5538=AXIS2_PLACEMENT_3D('',#8120,#6272,#6273);
#5539=AXIS2_PLACEMENT_3D('',#8122,#6274,#6275);
#5540=AXIS2_PLACEMENT_3D('',#8124,#6276,#6277);
#5541=AXIS2_PLACEMENT_3D('',#8126,#6278,#6279);
#5542=AXIS2_PLACEMENT_3D('',#8128,#6280,#6281);
#5543=AXIS2_PLACEMENT_3D('',#8130,#6282,#6283);
#5544=AXIS2_PLACEMENT_3D('',#8132,#6284,#6285);
#5545=AXIS2_PLACEMENT_3D('',#8134,#6286,#6287);
#5546=AXIS2_PLACEMENT_3D('',#8136,#6288,#6289);
#5547=AXIS2_PLACEMENT_3D('',#8138,#6290,#6291);
#5548=AXIS2_PLACEMENT_3D('',#8140,#6292,#6293);
#5549=AXIS2_PLACEMENT_3D('',#8142,#6294,#6295);
#5550=AXIS2_PLACEMENT_3D('',#8144,#6296,#6297);
#5551=AXIS2_PLACEMENT_3D('',#8146,#6298,#6299);
#5552=AXIS2_PLACEMENT_3D('',#8148,#6300,#6301);
#5553=AXIS2_PLACEMENT_3D('',#8150,#6302,#6303);
#5554=AXIS2_PLACEMENT_3D('',#8155,#6305,#6306);
#5555=AXIS2_PLACEMENT_3D('',#8159,#6308,#6309);
#5556=AXIS2_PLACEMENT_3D('',#8160,#6310,#6311);
#5557=AXIS2_PLACEMENT_3D('',#8161,#6312,#6313);
#5558=AXIS2_PLACEMENT_3D('',#8162,#6314,#6315);
#5559=AXIS2_PLACEMENT_3D('',#8163,#6316,#6317);
#5560=AXIS2_PLACEMENT_3D('',#8164,#6318,#6319);
#5561=AXIS2_PLACEMENT_3D('',#8172,#6321,#6322);
#5562=AXIS2_PLACEMENT_3D('',#8173,#6323,#6324);
#5563=AXIS2_PLACEMENT_3D('',#8175,#6325,#6326);
#5564=AXIS2_PLACEMENT_3D('',#8176,#6327,#6328);
#5565=AXIS2_PLACEMENT_3D('',#8195,#6330,#6331);
#5566=AXIS2_PLACEMENT_3D('',#8208,#6332,#6333);
#5567=AXIS2_PLACEMENT_3D('',#8209,#6334,#6335);
#5568=AXIS2_PLACEMENT_3D('',#8210,#6336,#6337);
#5569=AXIS2_PLACEMENT_3D('',#8214,#6339,#6340);
#5570=AXIS2_PLACEMENT_3D('',#8227,#6341,#6342);
#5571=AXIS2_PLACEMENT_3D('',#8240,#6343,#6344);
#5572=AXIS2_PLACEMENT_3D('',#8246,#6345,#6346);
#5573=AXIS2_PLACEMENT_3D('',#8247,#6347,#6348);
#5574=AXIS2_PLACEMENT_3D('',#8249,#6349,#6350);
#5575=AXIS2_PLACEMENT_3D('',#8250,#6351,#6352);
#5576=AXIS2_PLACEMENT_3D('',#8251,#6353,#6354);
#5577=AXIS2_PLACEMENT_3D('',#8252,#6355,#6356);
#5578=AXIS2_PLACEMENT_3D('',#8253,#6357,#6358);
#5579=AXIS2_PLACEMENT_3D('',#8255,#6359,#6360);
#5580=AXIS2_PLACEMENT_3D('',#8268,#6361,#6362);
#5581=AXIS2_PLACEMENT_3D('',#8274,#6363,#6364);
#5582=AXIS2_PLACEMENT_3D('',#8287,#6365,#6366);
#5583=AXIS2_PLACEMENT_3D('',#8291,#6369,#6370);
#5584=AXIS2_PLACEMENT_3D('',#8292,#6371,#6372);
#5585=AXIS2_PLACEMENT_3D('',#8295,#6374,#6375);
#5586=AXIS2_PLACEMENT_3D('',#8297,#6377,#6378);
#5587=AXIS2_PLACEMENT_3D('',#8298,#6379,#6380);
#5588=AXIS2_PLACEMENT_3D('',#8299,#6381,#6382);
#5589=AXIS2_PLACEMENT_3D('',#8302,#6384,#6385);
#5590=AXIS2_PLACEMENT_3D('',#8353,#6411,#6412);
#5591=AXIS2_PLACEMENT_3D('',#8354,#6413,#6414);
#5592=AXIS2_PLACEMENT_3D('',#8355,#6415,#6416);
#5593=AXIS2_PLACEMENT_3D('',#8356,#6417,#6418);
#5594=AXIS2_PLACEMENT_3D('',#8357,#6419,#6420);
#5595=AXIS2_PLACEMENT_3D('',#8358,#6421,#6422);
#5596=AXIS2_PLACEMENT_3D('',#8359,#6423,#6424);
#5597=AXIS2_PLACEMENT_3D('',#8360,#6425,#6426);
#5598=AXIS2_PLACEMENT_3D('',#8361,#6427,#6428);
#5599=AXIS2_PLACEMENT_3D('',#8362,#6429,#6430);
#5600=AXIS2_PLACEMENT_3D('',#8368,#6434,#6435);
#5601=AXIS2_PLACEMENT_3D('',#8372,#6438,#6439);
#5602=AXIS2_PLACEMENT_3D('',#8376,#6442,#6443);
#5603=AXIS2_PLACEMENT_3D('',#8380,#6446,#6447);
#5604=AXIS2_PLACEMENT_3D('',#8384,#6450,#6451);
#5605=AXIS2_PLACEMENT_3D('',#8386,#6453,#6454);
#5606=AXIS2_PLACEMENT_3D('',#8392,#6458,#6459);
#5607=AXIS2_PLACEMENT_3D('',#8396,#6462,#6463);
#5608=AXIS2_PLACEMENT_3D('',#8400,#6466,#6467);
#5609=AXIS2_PLACEMENT_3D('',#8404,#6470,#6471);
#5610=AXIS2_PLACEMENT_3D('',#8408,#6474,#6475);
#5611=AXIS2_PLACEMENT_3D('',#8410,#6477,#6478);
#5612=AXIS2_PLACEMENT_3D('',#8416,#6482,#6483);
#5613=AXIS2_PLACEMENT_3D('',#8420,#6486,#6487);
#5614=AXIS2_PLACEMENT_3D('',#8424,#6490,#6491);
#5615=AXIS2_PLACEMENT_3D('',#8428,#6494,#6495);
#5616=AXIS2_PLACEMENT_3D('',#8432,#6498,#6499);
#5617=AXIS2_PLACEMENT_3D('',#8434,#6501,#6502);
#5618=AXIS2_PLACEMENT_3D('',#8440,#6506,#6507);
#5619=AXIS2_PLACEMENT_3D('',#8444,#6510,#6511);
#5620=AXIS2_PLACEMENT_3D('',#8448,#6514,#6515);
#5621=AXIS2_PLACEMENT_3D('',#8452,#6518,#6519);
#5622=AXIS2_PLACEMENT_3D('',#8456,#6522,#6523);
#5623=AXIS2_PLACEMENT_3D('',#8458,#6525,#6526);
#5624=AXIS2_PLACEMENT_3D('',#8464,#6530,#6531);
#5625=AXIS2_PLACEMENT_3D('',#8468,#6534,#6535);
#5626=AXIS2_PLACEMENT_3D('',#8472,#6538,#6539);
#5627=AXIS2_PLACEMENT_3D('',#8476,#6542,#6543);
#5628=AXIS2_PLACEMENT_3D('',#8480,#6546,#6547);
#5629=AXIS2_PLACEMENT_3D('',#8482,#6549,#6550);
#5630=AXIS2_PLACEMENT_3D('',#8488,#6554,#6555);
#5631=AXIS2_PLACEMENT_3D('',#8492,#6558,#6559);
#5632=AXIS2_PLACEMENT_3D('',#8496,#6562,#6563);
#5633=AXIS2_PLACEMENT_3D('',#8500,#6566,#6567);
#5634=AXIS2_PLACEMENT_3D('',#8504,#6570,#6571);
#5635=AXIS2_PLACEMENT_3D('',#8506,#6573,#6574);
#5636=AXIS2_PLACEMENT_3D('',#8512,#6578,#6579);
#5637=AXIS2_PLACEMENT_3D('',#8516,#6582,#6583);
#5638=AXIS2_PLACEMENT_3D('',#8520,#6586,#6587);
#5639=AXIS2_PLACEMENT_3D('',#8524,#6590,#6591);
#5640=AXIS2_PLACEMENT_3D('',#8528,#6594,#6595);
#5641=AXIS2_PLACEMENT_3D('',#8530,#6597,#6598);
#5642=AXIS2_PLACEMENT_3D('',#8536,#6602,#6603);
#5643=AXIS2_PLACEMENT_3D('',#8540,#6606,#6607);
#5644=AXIS2_PLACEMENT_3D('',#8544,#6610,#6611);
#5645=AXIS2_PLACEMENT_3D('',#8548,#6614,#6615);
#5646=AXIS2_PLACEMENT_3D('',#8552,#6618,#6619);
#5647=AXIS2_PLACEMENT_3D('',#8554,#6621,#6622);
#5648=AXIS2_PLACEMENT_3D('',#8555,#6623,#6624);
#5649=AXIS2_PLACEMENT_3D('',#8556,#6625,#6626);
#5650=AXIS2_PLACEMENT_3D('',#8557,#6627,#6628);
#5651=AXIS2_PLACEMENT_3D('',#8558,#6629,#6630);
#5652=AXIS2_PLACEMENT_3D('',#8565,#6631,#6632);
#5653=AXIS2_PLACEMENT_3D('',#8577,#6636,#6637);
#5654=AXIS2_PLACEMENT_3D('',#8578,#6638,#6639);
#5655=AXIS2_PLACEMENT_3D('',#8587,#6640,#6641);
#5656=AXIS2_PLACEMENT_3D('',#8589,#6642,#6643);
#5657=AXIS2_PLACEMENT_3D('',#8590,#6644,#6645);
#5658=AXIS2_PLACEMENT_3D('',#8591,#6646,#6647);
#5659=AXIS2_PLACEMENT_3D('',#8596,#6650,#6651);
#5660=AXIS2_PLACEMENT_3D('',#8597,#6652,#6653);
#5661=AXIS2_PLACEMENT_3D('',#8602,#6655,#6656);
#5662=AXIS2_PLACEMENT_3D('',#8605,#6658,#6659);
#5663=AXIS2_PLACEMENT_3D('',#8606,#6660,#6661);
#5664=AXIS2_PLACEMENT_3D('',#8608,#6662,#6663);
#5665=AXIS2_PLACEMENT_3D('',#8615,#6664,#6665);
#5666=AXIS2_PLACEMENT_3D('',#8616,#6666,#6667);
#5667=AXIS2_PLACEMENT_3D('',#8621,#6669,#6670);
#5668=AXIS2_PLACEMENT_3D('',#8624,#6672,#6673);
#5669=AXIS2_PLACEMENT_3D('',#8625,#6674,#6675);
#5670=AXIS2_PLACEMENT_3D('',#8628,#6676,#6677);
#5671=AXIS2_PLACEMENT_3D('',#8629,#6678,#6679);
#5672=AXIS2_PLACEMENT_3D('',#8630,#6680,#6681);
#5673=AXIS2_PLACEMENT_3D('',#8631,#6682,#6683);
#5674=AXIS2_PLACEMENT_3D('',#8633,#6684,#6685);
#5675=AXIS2_PLACEMENT_3D('',#8634,#6686,#6687);
#5676=AXIS2_PLACEMENT_3D('',#8655,#6688,#6689);
#5677=AXIS2_PLACEMENT_3D('',#8656,#6690,#6691);
#5678=AXIS2_PLACEMENT_3D('',#8658,#6692,#6693);
#5679=AXIS2_PLACEMENT_3D('',#8666,#6694,#6695);
#5680=AXIS2_PLACEMENT_3D('',#8668,#6697,#6698);
#5681=AXIS2_PLACEMENT_3D('',#8671,#6700,#6701);
#5682=AXIS2_PLACEMENT_3D('',#8672,#6702,#6703);
#5683=AXIS2_PLACEMENT_3D('',#8680,#6704,#6705);
#5684=AXIS2_PLACEMENT_3D('',#8681,#6706,#6707);
#5685=AXIS2_PLACEMENT_3D('',#8683,#6708,#6709);
#5686=AXIS2_PLACEMENT_3D('',#8685,#6710,#6711);
#5687=AXIS2_PLACEMENT_3D('',#8686,#6712,#6713);
#5688=AXIS2_PLACEMENT_3D('',#8687,#6714,#6715);
#5689=AXIS2_PLACEMENT_3D('',#8689,#6716,#6717);
#5690=AXIS2_PLACEMENT_3D('',#8690,#6718,#6719);
#5691=AXIS2_PLACEMENT_3D('',#8691,#6720,#6721);
#5692=AXIS2_PLACEMENT_3D('',#8693,#6722,#6723);
#5693=AXIS2_PLACEMENT_3D('',#8695,#6724,#6725);
#5694=AXIS2_PLACEMENT_3D('',#8699,#6727,#6728);
#5695=AXIS2_PLACEMENT_3D('',#8701,#6729,#6730);
#5696=AXIS2_PLACEMENT_3D('',#8717,#6731,#6732);
#5697=AXIS2_PLACEMENT_3D('',#8724,#6733,#6734);
#5698=AXIS2_PLACEMENT_3D('',#8725,#6735,#6736);
#5699=AXIS2_PLACEMENT_3D('',#8727,#6737,#6738);
#5700=AXIS2_PLACEMENT_3D('',#8728,#6739,#6740);
#5701=AXIS2_PLACEMENT_3D('',#8729,#6741,#6742);
#5702=AXIS2_PLACEMENT_3D('',#8731,#6743,#6744);
#5703=AXIS2_PLACEMENT_3D('',#8732,#6745,#6746);
#5704=AXIS2_PLACEMENT_3D('',#8733,#6747,#6748);
#5705=AXIS2_PLACEMENT_3D('',#8736,#6750,#6751);
#5706=AXIS2_PLACEMENT_3D('',#8737,#6752,#6753);
#5707=AXIS2_PLACEMENT_3D('',#8739,#6754,#6755);
#5708=AXIS2_PLACEMENT_3D('',#8740,#6756,#6757);
#5709=AXIS2_PLACEMENT_3D('',#8743,#6760,#6761);
#5710=AXIS2_PLACEMENT_3D('',#8744,#6762,#6763);
#5711=AXIS2_PLACEMENT_3D('',#8745,#6764,#6765);
#5712=AXIS2_PLACEMENT_3D('',#8747,#6766,#6767);
#5713=AXIS2_PLACEMENT_3D('',#8753,#6771,#6772);
#5714=AXIS2_PLACEMENT_3D('',#8756,#6774,#6775);
#5715=AXIS2_PLACEMENT_3D('',#8757,#6776,#6777);
#5716=AXIS2_PLACEMENT_3D('',#8770,#6779,#6780);
#5717=AXIS2_PLACEMENT_3D('',#8773,#6782,#6783);
#5718=AXIS2_PLACEMENT_3D('',#8779,#6784,#6785);
#5719=AXIS2_PLACEMENT_3D('',#8780,#6786,#6787);
#5720=AXIS2_PLACEMENT_3D('',#8782,#6788,#6789);
#5721=AXIS2_PLACEMENT_3D('',#8807,#6790,#6791);
#5722=AXIS2_PLACEMENT_3D('',#8815,#6792,#6793);
#5723=AXIS2_PLACEMENT_3D('',#8816,#6794,#6795);
#5724=AXIS2_PLACEMENT_3D('',#8843,#6797,#6798);
#5725=AXIS2_PLACEMENT_3D('',#8851,#6799,#6800);
#5726=AXIS2_PLACEMENT_3D('',#8852,#6801,#6802);
#5727=AXIS2_PLACEMENT_3D('',#8853,#6803,#6804);
#5728=AXIS2_PLACEMENT_3D('',#8854,#6805,#6806);
#5729=AXIS2_PLACEMENT_3D('',#8857,#6808,#6809);
#5730=AXIS2_PLACEMENT_3D('',#8858,#6810,#6811);
#5731=AXIS2_PLACEMENT_3D('',#8860,#6812,#6813);
#5732=AXIS2_PLACEMENT_3D('',#8863,#6815,#6816);
#5733=AXIS2_PLACEMENT_3D('',#8864,#6817,#6818);
#5734=AXIS2_PLACEMENT_3D('',#8868,#6821,#6822);
#5735=AXIS2_PLACEMENT_3D('',#8871,#6824,#6825);
#5736=AXIS2_PLACEMENT_3D('',#8872,#6826,#6827);
#5737=AXIS2_PLACEMENT_3D('',#8878,#6828,#6829);
#5738=AXIS2_PLACEMENT_3D('',#8879,#6830,#6831);
#5739=AXIS2_PLACEMENT_3D('',#8880,#6832,#6833);
#5740=AXIS2_PLACEMENT_3D('',#8881,#6834,#6835);
#5741=AXIS2_PLACEMENT_3D('',#8887,#6836,#6837);
#5742=AXIS2_PLACEMENT_3D('',#8894,#6838,#6839);
#5743=AXIS2_PLACEMENT_3D('',#8898,#6841,#6842);
#5744=AXIS2_PLACEMENT_3D('',#8900,#6843,#6844);
#5745=AXIS2_PLACEMENT_3D('',#8904,#6846,#6847);
#5746=AXIS2_PLACEMENT_3D('',#8906,#6848,#6849);
#5747=AXIS2_PLACEMENT_3D('',#8912,#6850,#6851);
#5748=AXIS2_PLACEMENT_3D('',#8919,#6852,#6853);
#5749=AXIS2_PLACEMENT_3D('',#8921,#6854,#6855);
#5750=AXIS2_PLACEMENT_3D('',#8925,#6857,#6858);
#5751=AXIS2_PLACEMENT_3D('',#8927,#6859,#6860);
#5752=AXIS2_PLACEMENT_3D('',#8930,#6862,#6863);
#5753=AXIS2_PLACEMENT_3D('',#8931,#6864,#6865);
#5754=AXIS2_PLACEMENT_3D('',#8934,#6866,#6867);
#5755=AXIS2_PLACEMENT_3D('',#8936,#6868,#6869);
#5756=AXIS2_PLACEMENT_3D('',#8943,#6870,#6871);
#5757=AXIS2_PLACEMENT_3D('',#8944,#6872,#6873);
#5758=AXIS2_PLACEMENT_3D('',#8949,#6876,#6877);
#5759=AXIS2_PLACEMENT_3D('',#8950,#6878,#6879);
#5760=AXIS2_PLACEMENT_3D('',#8955,#6881,#6882);
#5761=AXIS2_PLACEMENT_3D('',#8958,#6884,#6885);
#5762=AXIS2_PLACEMENT_3D('',#8959,#6886,#6887);
#5763=AXIS2_PLACEMENT_3D('',#8967,#6888,#6889);
#5764=AXIS2_PLACEMENT_3D('',#8968,#6890,#6891);
#5765=AXIS2_PLACEMENT_3D('',#8969,#6892,#6893);
#5766=AXIS2_PLACEMENT_3D('',#8974,#6895,#6896);
#5767=AXIS2_PLACEMENT_3D('',#8977,#6898,#6899);
#5768=AXIS2_PLACEMENT_3D('',#8978,#6900,#6901);
#5769=AXIS2_PLACEMENT_3D('',#8981,#6902,#6903);
#5770=AXIS2_PLACEMENT_3D('',#8982,#6904,#6905);
#5771=AXIS2_PLACEMENT_3D('',#8983,#6906,#6907);
#5772=AXIS2_PLACEMENT_3D('',#8984,#6908,#6909);
#5773=AXIS2_PLACEMENT_3D('',#8986,#6910,#6911);
#5774=AXIS2_PLACEMENT_3D('',#8987,#6912,#6913);
#5775=AXIS2_PLACEMENT_3D('',#9008,#6914,#6915);
#5776=AXIS2_PLACEMENT_3D('',#9009,#6916,#6917);
#5777=AXIS2_PLACEMENT_3D('',#9018,#6918,#6919);
#5778=AXIS2_PLACEMENT_3D('',#9019,#6920,#6921);
#5779=AXIS2_PLACEMENT_3D('',#9023,#6924,#6925);
#5780=AXIS2_PLACEMENT_3D('',#9024,#6926,#6927);
#5781=AXIS2_PLACEMENT_3D('',#9025,#6928,#6929);
#5782=AXIS2_PLACEMENT_3D('',#9033,#6930,#6931);
#5783=AXIS2_PLACEMENT_3D('',#9034,#6932,#6933);
#5784=AXIS2_PLACEMENT_3D('',#9036,#6934,#6935);
#5785=AXIS2_PLACEMENT_3D('',#9038,#6936,#6937);
#5786=AXIS2_PLACEMENT_3D('',#9039,#6938,#6939);
#5787=AXIS2_PLACEMENT_3D('',#9040,#6940,#6941);
#5788=AXIS2_PLACEMENT_3D('',#9042,#6942,#6943);
#5789=AXIS2_PLACEMENT_3D('',#9043,#6944,#6945);
#5790=AXIS2_PLACEMENT_3D('',#9044,#6946,#6947);
#5791=AXIS2_PLACEMENT_3D('',#9046,#6948,#6949);
#5792=AXIS2_PLACEMENT_3D('',#9048,#6950,#6951);
#5793=AXIS2_PLACEMENT_3D('',#9050,#6952,#6953);
#5794=AXIS2_PLACEMENT_3D('',#9054,#6955,#6956);
#5795=AXIS2_PLACEMENT_3D('',#9076,#6957,#6958);
#5796=AXIS2_PLACEMENT_3D('',#9077,#6959,#6960);
#5797=AXIS2_PLACEMENT_3D('',#9078,#6961,#6962);
#5798=AXIS2_PLACEMENT_3D('',#9080,#6963,#6964);
#5799=AXIS2_PLACEMENT_3D('',#9081,#6965,#6966);
#5800=AXIS2_PLACEMENT_3D('',#9082,#6967,#6968);
#5801=AXIS2_PLACEMENT_3D('',#9084,#6969,#6970);
#5802=AXIS2_PLACEMENT_3D('',#9085,#6971,#6972);
#5803=AXIS2_PLACEMENT_3D('',#9088,#6974,#6975);
#5804=AXIS2_PLACEMENT_3D('',#9089,#6976,#6977);
#5805=AXIS2_PLACEMENT_3D('',#9090,#6978,#6979);
#5806=AXIS2_PLACEMENT_3D('',#9092,#6980,#6981);
#5807=AXIS2_PLACEMENT_3D('',#9093,#6982,#6983);
#5808=AXIS2_PLACEMENT_3D('',#9096,#6986,#6987);
#5809=AXIS2_PLACEMENT_3D('',#9097,#6988,#6989);
#5810=AXIS2_PLACEMENT_3D('',#9098,#6990,#6991);
#5811=AXIS2_PLACEMENT_3D('',#9100,#6992,#6993);
#5812=AXIS2_PLACEMENT_3D('',#9106,#6997,#6998);
#5813=AXIS2_PLACEMENT_3D('',#9107,#6999,#7000);
#5814=AXIS2_PLACEMENT_3D('',#9110,#7002,#7003);
#5815=AXIS2_PLACEMENT_3D('',#9111,#7004,#7005);
#5816=AXIS2_PLACEMENT_3D('',#9118,#7006,#7007);
#5817=AXIS2_PLACEMENT_3D('',#9127,#7009,#7010);
#5818=AXIS2_PLACEMENT_3D('',#9128,#7011,#7012);
#5819=AXIS2_PLACEMENT_3D('',#9130,#7013,#7014);
#5820=AXIS2_PLACEMENT_3D('',#9162,#7015,#7016);
#5821=AXIS2_PLACEMENT_3D('',#9163,#7017,#7018);
#5822=AXIS2_PLACEMENT_3D('',#9166,#7020,#7021);
#5823=AXIS2_PLACEMENT_3D('',#9198,#7022,#7023);
#5824=AXIS2_PLACEMENT_3D('',#9199,#7024,#7025);
#5825=AXIS2_PLACEMENT_3D('',#9200,#7026,#7027);
#5826=AXIS2_PLACEMENT_3D('',#9201,#7028,#7029);
#5827=AXIS2_PLACEMENT_3D('',#9204,#7031,#7032);
#5828=AXIS2_PLACEMENT_3D('',#9205,#7033,#7034);
#5829=AXIS2_PLACEMENT_3D('',#9206,#7035,#7036);
#5830=AXIS2_PLACEMENT_3D('',#9208,#7037,#7038);
#5831=AXIS2_PLACEMENT_3D('',#9218,#7039,#7040);
#5832=AXIS2_PLACEMENT_3D('',#9221,#7042,#7043);
#5833=AXIS2_PLACEMENT_3D('',#9227,#7044,#7045);
#5834=AXIS2_PLACEMENT_3D('',#9228,#7046,#7047);
#5835=AXIS2_PLACEMENT_3D('',#9231,#7049,#7050);
#5836=AXIS2_PLACEMENT_3D('',#9235,#7053,#7054);
#5837=AXIS2_PLACEMENT_3D('',#9236,#7055,#7056);
#5838=AXIS2_PLACEMENT_3D('',#9239,#7058,#7059);
#5839=AXIS2_PLACEMENT_3D('',#9243,#7061,#7062);
#5840=AXIS2_PLACEMENT_3D('',#9244,#7063,#7064);
#5841=AXIS2_PLACEMENT_3D('',#9245,#7065,#7066);
#5842=AXIS2_PLACEMENT_3D('',#9246,#7067,#7068);
#5843=AXIS2_PLACEMENT_3D('',#9256,#7070,#7071);
#5844=AXIS2_PLACEMENT_3D('',#9258,#7072,#7073);
#5845=AXIS2_PLACEMENT_3D('',#9262,#7075,#7076);
#5846=AXIS2_PLACEMENT_3D('',#9263,#7077,#7078);
#5847=AXIS2_PLACEMENT_3D('',#9267,#7080,#7081);
#5848=AXIS2_PLACEMENT_3D('',#9269,#7082,#7083);
#5849=AXIS2_PLACEMENT_3D('',#9273,#7085,#7086);
#5850=AXIS2_PLACEMENT_3D('',#9275,#7087,#7088);
#5851=AXIS2_PLACEMENT_3D('',#9281,#7089,#7090);
#5852=AXIS2_PLACEMENT_3D('',#9288,#7091,#7092);
#5853=AXIS2_PLACEMENT_3D('',#9297,#7095,#7096);
#5854=AXIS2_PLACEMENT_3D('',#9298,#7097,#7098);
#5855=AXIS2_PLACEMENT_3D('',#9321,#7099,#7100);
#5856=AXIS2_PLACEMENT_3D('',#9322,#7101,#7102);
#5857=AXIS2_PLACEMENT_3D('',#9345,#7103,#7104);
#5858=AXIS2_PLACEMENT_3D('',#9346,#7105,#7106);
#5859=AXIS2_PLACEMENT_3D('',#9348,#7107,#7108);
#5860=AXIS2_PLACEMENT_3D('',#9349,#7109,#7110);
#5861=AXIS2_PLACEMENT_3D('',#9351,#7111,#7112);
#5862=AXIS2_PLACEMENT_3D('',#9352,#7113,#7114);
#5863=AXIS2_PLACEMENT_3D('',#9354,#7115,#7116);
#5864=AXIS2_PLACEMENT_3D('',#9355,#7117,#7118);
#5865=AXIS2_PLACEMENT_3D('',#9357,#7119,#7120);
#5866=AXIS2_PLACEMENT_3D('',#9358,#7121,#7122);
#5867=AXIS2_PLACEMENT_3D('',#9360,#7123,#7124);
#5868=AXIS2_PLACEMENT_3D('',#9361,#7125,#7126);
#5869=AXIS2_PLACEMENT_3D('',#9363,#7127,#7128);
#5870=AXIS2_PLACEMENT_3D('',#9364,#7129,#7130);
#5871=AXIS2_PLACEMENT_3D('',#9366,#7131,#7132);
#5872=AXIS2_PLACEMENT_3D('',#9367,#7133,#7134);
#5873=AXIS2_PLACEMENT_3D('',#9369,#7135,#7136);
#5874=AXIS2_PLACEMENT_3D('',#9370,#7137,#7138);
#5875=AXIS2_PLACEMENT_3D('',#9372,#7139,#7140);
#5876=AXIS2_PLACEMENT_3D('',#9373,#7141,#7142);
#5877=AXIS2_PLACEMENT_3D('',#9375,#7143,#7144);
#5878=AXIS2_PLACEMENT_3D('',#9376,#7145,#7146);
#5879=AXIS2_PLACEMENT_3D('',#9378,#7147,#7148);
#5880=AXIS2_PLACEMENT_3D('',#9379,#7149,#7150);
#5881=AXIS2_PLACEMENT_3D('',#9381,#7151,#7152);
#5882=AXIS2_PLACEMENT_3D('',#9382,#7153,#7154);
#5883=AXIS2_PLACEMENT_3D('',#9384,#7155,#7156);
#5884=AXIS2_PLACEMENT_3D('',#9385,#7157,#7158);
#5885=AXIS2_PLACEMENT_3D('',#9387,#7159,#7160);
#5886=AXIS2_PLACEMENT_3D('',#9388,#7161,#7162);
#5887=AXIS2_PLACEMENT_3D('',#9390,#7163,#7164);
#5888=AXIS2_PLACEMENT_3D('',#9391,#7165,#7166);
#5889=AXIS2_PLACEMENT_3D('',#9393,#7167,#7168);
#5890=AXIS2_PLACEMENT_3D('',#9394,#7169,#7170);
#5891=AXIS2_PLACEMENT_3D('',#9396,#7171,#7172);
#5892=AXIS2_PLACEMENT_3D('',#9397,#7173,#7174);
#5893=AXIS2_PLACEMENT_3D('',#9399,#7175,#7176);
#5894=AXIS2_PLACEMENT_3D('',#9400,#7177,#7178);
#5895=AXIS2_PLACEMENT_3D('',#9402,#7179,#7180);
#5896=AXIS2_PLACEMENT_3D('',#9403,#7181,#7182);
#5897=AXIS2_PLACEMENT_3D('',#9405,#7183,#7184);
#5898=AXIS2_PLACEMENT_3D('',#9406,#7185,#7186);
#5899=AXIS2_PLACEMENT_3D('',#9408,#7187,#7188);
#5900=AXIS2_PLACEMENT_3D('',#9409,#7189,#7190);
#5901=AXIS2_PLACEMENT_3D('',#9534,#7191,#7192);
#5902=AXIS2_PLACEMENT_3D('',#9535,#7193,#7194);
#5903=AXIS2_PLACEMENT_3D('',#9553,#7195,#7196);
#5904=AXIS2_PLACEMENT_3D('',#9569,#7197,#7198);
#5905=AXIS2_PLACEMENT_3D('',#9570,#7199,#7200);
#5906=AXIS2_PLACEMENT_3D('',#9571,#7201,#7202);
#5907=AXIS2_PLACEMENT_3D('',#9587,#7203,#7204);
#5908=AXIS2_PLACEMENT_3D('',#9600,#7205,#7206);
#5909=AXIS2_PLACEMENT_3D('',#9613,#7207,#7208);
#5910=AXIS2_PLACEMENT_3D('',#9629,#7209,#7210);
#5911=AXIS2_PLACEMENT_3D('',#9642,#7211,#7212);
#5912=AXIS2_PLACEMENT_3D('',#9658,#7213,#7214);
#5913=AXIS2_PLACEMENT_3D('',#9659,#7215,#7216);
#5914=AXIS2_PLACEMENT_3D('',#9660,#7217,#7218);
#5915=AXIS2_PLACEMENT_3D('',#9676,#7219,#7220);
#5916=AXIS2_PLACEMENT_3D('',#9689,#7221,#7222);
#5917=AXIS2_PLACEMENT_3D('',#9705,#7223,#7224);
#5918=AXIS2_PLACEMENT_3D('',#9718,#7225,#7226);
#5919=AXIS2_PLACEMENT_3D('',#9731,#7227,#7228);
#5920=AXIS2_PLACEMENT_3D('',#9747,#7229,#7230);
#5921=AXIS2_PLACEMENT_3D('',#9748,#7231,#7232);
#5922=AXIS2_PLACEMENT_3D('',#9749,#7233,#7234);
#5923=AXIS2_PLACEMENT_3D('',#9769,#7235,#7236);
#5924=AXIS2_PLACEMENT_3D('',#9785,#7237,#7238);
#5925=AXIS2_PLACEMENT_3D('',#9786,#7239,#7240);
#5926=AXIS2_PLACEMENT_3D('',#9823,#7241,#7242);
#5927=AXIS2_PLACEMENT_3D('',#9824,#7243,#7244);
#5928=AXIS2_PLACEMENT_3D('',#9842,#7245,#7246);
#5929=AXIS2_PLACEMENT_3D('',#9858,#7247,#7248);
#5930=AXIS2_PLACEMENT_3D('',#9859,#7249,#7250);
#5931=AXIS2_PLACEMENT_3D('',#9860,#7251,#7252);
#5932=AXIS2_PLACEMENT_3D('',#9876,#7253,#7254);
#5933=AXIS2_PLACEMENT_3D('',#9889,#7255,#7256);
#5934=AXIS2_PLACEMENT_3D('',#9902,#7257,#7258);
#5935=AXIS2_PLACEMENT_3D('',#9918,#7259,#7260);
#5936=AXIS2_PLACEMENT_3D('',#9931,#7261,#7262);
#5937=AXIS2_PLACEMENT_3D('',#9947,#7263,#7264);
#5938=AXIS2_PLACEMENT_3D('',#9948,#7265,#7266);
#5939=AXIS2_PLACEMENT_3D('',#9949,#7267,#7268);
#5940=AXIS2_PLACEMENT_3D('',#9965,#7269,#7270);
#5941=AXIS2_PLACEMENT_3D('',#9978,#7271,#7272);
#5942=AXIS2_PLACEMENT_3D('',#9994,#7273,#7274);
#5943=AXIS2_PLACEMENT_3D('',#10007,#7275,#7276);
#5944=AXIS2_PLACEMENT_3D('',#10020,#7277,#7278);
#5945=AXIS2_PLACEMENT_3D('',#10036,#7279,#7280);
#5946=AXIS2_PLACEMENT_3D('',#10037,#7281,#7282);
#5947=AXIS2_PLACEMENT_3D('',#10038,#7283,#7284);
#5948=AXIS2_PLACEMENT_3D('',#10058,#7285,#7286);
#5949=AXIS2_PLACEMENT_3D('',#10074,#7287,#7288);
#5950=AXIS2_PLACEMENT_3D('',#10075,#7289,#7290);
#5951=AXIS2_PLACEMENT_3D('',#10093,#7291,#7292);
#5952=AXIS2_PLACEMENT_3D('',#10112,#7293,#7294);
#5953=AXIS2_PLACEMENT_3D('',#10150,#7295,#7296);
#5954=AXIS2_PLACEMENT_3D('',#10163,#7297,#7298);
#5955=AXIS2_PLACEMENT_3D('',#10179,#7299,#7300);
#5956=AXIS2_PLACEMENT_3D('',#10192,#7301,#7302);
#5957=AXIS2_PLACEMENT_3D('',#10208,#7303,#7304);
#5958=AXIS2_PLACEMENT_3D('',#10221,#7305,#7306);
#5959=AXIS2_PLACEMENT_3D('',#10252,#7307,#7308);
#5960=AXIS2_PLACEMENT_3D('',#10265,#7309,#7310);
#5961=AXIS2_PLACEMENT_3D('',#10281,#7311,#7312);
#5962=AXIS2_PLACEMENT_3D('',#10294,#7313,#7314);
#5963=AXIS2_PLACEMENT_3D('',#10310,#7315,#7316);
#5964=AXIS2_PLACEMENT_3D('',#10323,#7317,#7318);
#5965=AXIS2_PLACEMENT_3D('',#10339,#7319,#7320);
#5966=AXIS2_PLACEMENT_3D('',#10340,#7321,#7322);
#5967=AXIS2_PLACEMENT_3D('',#10341,#7323,#7324);
#5968=AXIS2_PLACEMENT_3D('',#10342,#7325,#7326);
#5969=AXIS2_PLACEMENT_3D('',#10358,#7327,#7328);
#5970=AXIS2_PLACEMENT_3D('',#10416,#7329,#7330);
#5971=AXIS2_PLACEMENT_3D('',#10438,#7331,#7332);
#5972=AXIS2_PLACEMENT_3D('',#10469,#7333,#7334);
#5973=AXIS2_PLACEMENT_3D('',#10491,#7335,#7336);
#5974=AXIS2_PLACEMENT_3D('',#10507,#7337,#7338);
#5975=AXIS2_PLACEMENT_3D('',#10530,#7345,#7346);
#5976=AXIS2_PLACEMENT_3D('',#10534,#7348,#7349);
#5977=AXIS2_PLACEMENT_3D('',#10538,#7351,#7352);
#5978=AXIS2_PLACEMENT_3D('',#10539,#7353,#7354);
#5979=AXIS2_PLACEMENT_3D('',#10543,#7356,#7357);
#5980=AXIS2_PLACEMENT_3D('',#10547,#7359,#7360);
#5981=AXIS2_PLACEMENT_3D('',#10548,#7361,#7362);
#5982=AXIS2_PLACEMENT_3D('',#10557,#7367,#7368);
#5983=AXIS2_PLACEMENT_3D('',#10566,#7373,#7374);
#5984=AXIS2_PLACEMENT_3D('',#10570,#7376,#7377);
#5985=AXIS2_PLACEMENT_3D('',#10574,#7379,#7380);
#5986=AXIS2_PLACEMENT_3D('',#10575,#7381,#7382);
#5987=AXIS2_PLACEMENT_3D('',#10579,#7384,#7385);
#5988=AXIS2_PLACEMENT_3D('',#10583,#7387,#7388);
#5989=AXIS2_PLACEMENT_3D('',#10584,#7389,#7390);
#5990=AXIS2_PLACEMENT_3D('',#10585,#7391,#7392);
#5991=AXIS2_PLACEMENT_3D('',#10586,#7393,#7394);
#5992=AXIS2_PLACEMENT_3D('',#10587,#7395,#7396);
#5993=AXIS2_PLACEMENT_3D('',#10590,#7399,#7400);
#5994=AXIS2_PLACEMENT_3D('',#10591,#7401,#7402);
#5995=AXIS2_PLACEMENT_3D('',#10592,#7403,#7404);
#5996=AXIS2_PLACEMENT_3D('',#10593,#7405,#7406);
#5997=AXIS2_PLACEMENT_3D('',#10594,#7407,#7408);
#5998=AXIS2_PLACEMENT_3D('',#10599,#7411,#7412);
#5999=AXIS2_PLACEMENT_3D('',#10600,#7413,#7414);
#6000=AXIS2_PLACEMENT_3D('',#10601,#7415,#7416);
#6001=AXIS2_PLACEMENT_3D('',#10602,#7417,#7418);
#6002=AXIS2_PLACEMENT_3D('',#10603,#7419,#7420);
#6003=AXIS2_PLACEMENT_3D('',#10604,#7421,#7422);
#6004=AXIS2_PLACEMENT_3D('',#10605,#7423,#7424);
#6005=AXIS2_PLACEMENT_3D('',#10608,#7426,#7427);
#6006=AXIS2_PLACEMENT_3D('',#10611,#7429,#7430);
#6007=AXIS2_PLACEMENT_3D('',#10612,#7431,#7432);
#6008=AXIS2_PLACEMENT_3D('',#10613,#7433,#7434);
#6009=AXIS2_PLACEMENT_3D('',#10614,#7435,#7436);
#6010=AXIS2_PLACEMENT_3D('',#10617,#7439,#7440);
#6011=AXIS2_PLACEMENT_3D('',#10620,#7442,#7443);
#6012=AXIS2_PLACEMENT_3D('',#10622,#7444,#7445);
#6013=AXIS2_PLACEMENT_3D('',#10624,#7446,#7447);
#6014=AXIS2_PLACEMENT_3D('',#10632,#7452,#7453);
#6015=AXIS2_PLACEMENT_3D('',#10633,#7454,#7455);
#6016=AXIS2_PLACEMENT_3D('',#10634,#7456,#7457);
#6017=AXIS2_PLACEMENT_3D('',#10635,#7458,#7459);
#6018=AXIS2_PLACEMENT_3D('',#10636,#7460,#7461);
#6019=AXIS2_PLACEMENT_3D('',#10640,#7463,#7464);
#6020=AXIS2_PLACEMENT_3D('',#10641,#7465,#7466);
#6021=AXIS2_PLACEMENT_3D('',#10642,#7467,#7468);
#6022=AXIS2_PLACEMENT_3D('',#10643,#7469,#7470);
#6023=AXIS2_PLACEMENT_3D('',#10644,#7471,#7472);
#6024=AXIS2_PLACEMENT_3D('',#10649,#7473,#7474);
#6025=AXIS2_PLACEMENT_3D('',#10654,#7475,#7476);
#6026=AXIS2_PLACEMENT_3D('',#10655,#7477,#7478);
#6027=AXIS2_PLACEMENT_3D('',#10656,#7479,#7480);
#6028=AXIS2_PLACEMENT_3D('',#10657,#7481,#7482);
#6029=AXIS2_PLACEMENT_3D('',#10658,#7483,#7484);
#6030=AXIS2_PLACEMENT_3D('',#10659,#7485,#7486);
#6031=AXIS2_PLACEMENT_3D('',#10660,#7487,#7488);
#6032=AXIS2_PLACEMENT_3D('',#10661,#7489,#7490);
#6033=AXIS2_PLACEMENT_3D('',#10664,#7492,#7493);
#6034=AXIS2_PLACEMENT_3D('',#10667,#7495,#7496);
#6035=AXIS2_PLACEMENT_3D('',#10673,#7497,#7498);
#6036=AXIS2_PLACEMENT_3D('',#10674,#7499,#7500);
#6037=AXIS2_PLACEMENT_3D('',#10675,#7501,#7502);
#6038=AXIS2_PLACEMENT_3D('',#10681,#7503,#7504);
#6039=AXIS2_PLACEMENT_3D('',#10690,#7505,#7506);
#6040=AXIS2_PLACEMENT_3D('',#10695,#7507,#7508);
#6041=AXIS2_PLACEMENT_3D('',#10696,#7509,#7510);
#6042=AXIS2_PLACEMENT_3D('',#10697,#7511,#7512);
#6043=AXIS2_PLACEMENT_3D('',#10698,#7513,#7514);
#6044=AXIS2_PLACEMENT_3D('',#10699,#7515,#7516);
#6045=AXIS2_PLACEMENT_3D('',#10700,#7517,#7518);
#6046=AXIS2_PLACEMENT_3D('',#10701,#7519,#7520);
#6047=AXIS2_PLACEMENT_3D('',#10702,#7521,#7522);
#6048=AXIS2_PLACEMENT_3D('',#10703,#7523,#7524);
#6049=AXIS2_PLACEMENT_3D('',#10704,#7525,#7526);
#6050=AXIS2_PLACEMENT_3D('',#10705,#7527,#7528);
#6051=AXIS2_PLACEMENT_3D('',#10706,#7529,#7530);
#6052=AXIS2_PLACEMENT_3D('',#10707,#7531,#7532);
#6053=AXIS2_PLACEMENT_3D('',#10708,#7533,#7534);
#6054=AXIS2_PLACEMENT_3D('',#10709,#7535,#7536);
#6055=AXIS2_PLACEMENT_3D('',#10710,#7537,#7538);
#6056=AXIS2_PLACEMENT_3D('',#10711,#7539,#7540);
#6057=AXIS2_PLACEMENT_3D('',#10712,#7541,#7542);
#6058=AXIS2_PLACEMENT_3D('',#10713,#7543,#7544);
#6059=AXIS2_PLACEMENT_3D('',#10714,#7545,#7546);
#6060=AXIS2_PLACEMENT_3D('',#10715,#7547,#7548);
#6061=AXIS2_PLACEMENT_3D('',#10716,#7549,#7550);
#6062=AXIS2_PLACEMENT_3D('',#10717,#7551,#7552);
#6063=AXIS2_PLACEMENT_3D('',#10718,#7553,#7554);
#6064=AXIS2_PLACEMENT_3D('',#10723,#7555,#7556);
#6065=AXIS2_PLACEMENT_3D('',#10736,#7557,#7558);
#6066=AXIS2_PLACEMENT_3D('',#10737,#7559,#7560);
#6067=AXIS2_PLACEMENT_3D('',#10742,#7561,#7562);
#6068=AXIS2_PLACEMENT_3D('',#10755,#7563,#7564);
#6069=AXIS2_PLACEMENT_3D('',#10756,#7565,#7566);
#6070=AXIS2_PLACEMENT_3D('',#10762,#7567,#7568);
#6071=AXIS2_PLACEMENT_3D('',#10763,#7569,#7570);
#6072=AXIS2_PLACEMENT_3D('',#10787,#7571,#7572);
#6073=AXIS2_PLACEMENT_3D('',#10800,#7573,#7574);
#6074=AXIS2_PLACEMENT_3D('',#10813,#7575,#7576);
#6075=AXIS2_PLACEMENT_3D('',#10814,#7577,#7578);
#6076=AXIS2_PLACEMENT_3D('',#10815,#7579,#7580);
#6077=AXIS2_PLACEMENT_3D('',#10828,#7581,#7582);
#6078=AXIS2_PLACEMENT_3D('',#10829,#7583,#7584);
#6079=AXIS2_PLACEMENT_3D('',#10830,#7585,#7586);
#6080=AXIS2_PLACEMENT_3D('',#10843,#7587,#7588);
#6081=AXIS2_PLACEMENT_3D('',#10856,#7589,#7590);
#6082=AXIS2_PLACEMENT_3D('',#10869,#7591,#7592);
#6083=AXIS2_PLACEMENT_3D('',#10888,#7593,#7594);
#6084=AXIS2_PLACEMENT_3D('',#10901,#7595,#7596);
#6085=AXIS2_PLACEMENT_3D('',#10902,#7597,#7598);
#6086=AXIS2_PLACEMENT_3D('',#10903,#7599,#7600);
#6087=AXIS2_PLACEMENT_3D('',#10916,#7601,#7602);
#6088=AXIS2_PLACEMENT_3D('',#10935,#7603,#7604);
#6089=AXIS2_PLACEMENT_3D('',#10948,#7605,#7606);
#6090=AXIS2_PLACEMENT_3D('',#10961,#7607,#7608);
#6091=AXIS2_PLACEMENT_3D('',#10974,#7609,#7610);
#6092=AXIS2_PLACEMENT_3D('',#10975,#7611,#7612);
#6093=AXIS2_PLACEMENT_3D('',#10976,#7613,#7614);
#6094=AXIS2_PLACEMENT_3D('',#10989,#7615,#7616);
#6095=AXIS2_PLACEMENT_3D('',#10990,#7617,#7618);
#6096=AXIS2_PLACEMENT_3D('',#10991,#7619,#7620);
#6097=AXIS2_PLACEMENT_3D('',#11004,#7621,#7622);
#6098=AXIS2_PLACEMENT_3D('',#11017,#7623,#7624);
#6099=DIRECTION('',(0.,0.,1.));
#6100=DIRECTION('',(1.,0.,0.));
#6101=DIRECTION('',(1.,0.,0.));
#6102=DIRECTION('',(0.,0.,-1.));
#6103=DIRECTION('',(1.,0.,0.));
#6104=DIRECTION('',(-1.,0.,0.));
#6105=DIRECTION('',(0.,0.,1.));
#6106=DIRECTION('',(1.,0.,0.));
#6107=DIRECTION('',(-0.709675263816283,0.704528934769389,0.));
#6108=DIRECTION('',(0.704528934769389,0.709675263816283,0.));
#6109=DIRECTION('',(0.,0.,1.));
#6110=DIRECTION('',(-1.,0.,0.));
#6111=DIRECTION('',(0.17364817766693,0.984807753012208,0.));
#6112=DIRECTION('',(1.,0.,0.));
#6113=DIRECTION('',(0.,-1.,0.));
#6114=DIRECTION('',(0.707106781186547,0.707106781186549,0.));
#6115=DIRECTION('',(0.,1.,0.));
#6116=DIRECTION('',(1.,0.,0.));
#6117=DIRECTION('',(-0.866025403784438,0.5,0.));
#6118=DIRECTION('',(0.,0.,1.));
#6119=DIRECTION('',(0.,0.,1.));
#6120=DIRECTION('',(-0.866025403784438,0.5,0.));
#6121=DIRECTION('',(-0.5,-0.866025403784438,0.));
#6122=DIRECTION('',(0.,0.,-1.));
#6123=DIRECTION('',(-0.866025403784438,0.5,0.));
#6124=DIRECTION('',(-0.5,-0.866025403784438,0.));
#6125=DIRECTION('',(-0.866025403784438,-0.5,0.));
#6126=DIRECTION('',(0.,0.,1.));
#6127=DIRECTION('',(0.,0.,-1.));
#6128=DIRECTION('',(-0.866025403784438,-0.5,0.));
#6129=DIRECTION('',(-0.5,0.866025403784438,0.));
#6130=DIRECTION('',(0.,0.,-1.));
#6131=DIRECTION('',(-0.866025403784438,-0.5,0.));
#6132=DIRECTION('',(-0.5,0.866025403784438,0.));
#6133=DIRECTION('',(-1.,0.,0.));
#6134=DIRECTION('',(0.,0.,1.));
#6135=DIRECTION('',(1.,0.,0.));
#6136=DIRECTION('',(0.,0.,-1.));
#6137=DIRECTION('',(1.,0.,0.));
#6138=DIRECTION('',(0.,0.,-1.));
#6139=DIRECTION('',(-1.,0.,0.));
#6140=DIRECTION('',(0.,0.,1.));
#6141=DIRECTION('',(-1.,0.,0.));
#6142=DIRECTION('',(0.,0.,1.));
#6143=DIRECTION('',(-1.,0.,0.));
#6144=DIRECTION('',(0.,0.,1.));
#6145=DIRECTION('',(-1.,0.,0.));
#6146=DIRECTION('',(0.,0.,1.));
#6147=DIRECTION('',(0.,0.,-1.));
#6148=DIRECTION('',(-1.,0.,0.));
#6149=DIRECTION('',(0.,0.,1.));
#6150=DIRECTION('',(0.,0.,1.));
#6151=DIRECTION('',(-1.,0.,0.));
#6152=DIRECTION('',(0.,0.,1.));
#6153=DIRECTION('',(0.,0.,1.));
#6154=DIRECTION('',(-1.,0.,0.));
#6155=DIRECTION('',(0.,0.,1.));
#6156=DIRECTION('',(0.,0.,-1.));
#6157=DIRECTION('',(0.,0.,1.));
#6158=DIRECTION('',(1.,0.,0.));
#6159=DIRECTION('',(0.,0.,1.));
#6160=DIRECTION('',(0.,0.,1.));
#6161=DIRECTION('',(1.,0.,0.));
#6162=DIRECTION('',(0.,0.,-1.));
#6163=DIRECTION('',(-1.,0.,0.));
#6164=DIRECTION('',(0.,0.,-1.));
#6165=DIRECTION('',(-1.,0.,0.));
#6166=DIRECTION('',(0.,0.,-1.));
#6167=DIRECTION('',(1.,0.,0.));
#6168=DIRECTION('',(0.,0.,-1.));
#6169=DIRECTION('',(1.,0.,0.));
#6170=DIRECTION('',(0.985034858688035,-0.172355235398995,0.));
#6171=DIRECTION('',(0.172355235398995,0.985034858688035,0.));
#6172=DIRECTION('',(1.,0.,0.));
#6173=DIRECTION('',(1.,0.,0.));
#6174=DIRECTION('',(0.,0.,-1.));
#6175=DIRECTION('',(1.,0.,0.));
#6176=DIRECTION('',(0.985034858688035,-0.172355235398995,0.));
#6177=DIRECTION('',(0.172355235398995,0.985034858688035,0.));
#6178=DIRECTION('',(1.,0.,0.));
#6179=DIRECTION('',(-1.,0.,0.));
#6180=DIRECTION('',(0.,0.,1.));
#6181=DIRECTION('',(-1.,0.,0.));
#6182=DIRECTION('',(0.,0.,1.));
#6183=DIRECTION('',(0.713922446392384,0.70022477857979,-1.76843335170918E-16));
#6184=DIRECTION('',(-0.700224778579789,0.713922446392383,-1.80302711837016E-16));
#6185=DIRECTION('',(1.,0.,0.));
#6186=DIRECTION('',(0.,0.,-1.));
#6187=DIRECTION('',(0.713922446392384,0.70022477857979,-1.76843335170918E-16));
#6188=DIRECTION('',(-0.700224778579789,0.713922446392383,-1.80302711837016E-16));
#6189=DIRECTION('',(-1.,0.,0.));
#6190=DIRECTION('',(0.,0.,-1.));
#6191=DIRECTION('',(1.,0.,0.));
#6192=DIRECTION('',(0.,0.,-1.));
#6193=DIRECTION('',(1.,0.,0.));
#6194=DIRECTION('',(0.,0.,-1.));
#6195=DIRECTION('',(1.,0.,0.));
#6196=DIRECTION('',(0.,0.,-1.));
#6197=DIRECTION('',(-1.,0.,0.));
#6198=DIRECTION('',(0.,0.,1.));
#6199=DIRECTION('',(1.,0.,0.));
#6200=DIRECTION('',(0.,0.,-1.));
#6201=DIRECTION('',(1.,0.,0.));
#6202=DIRECTION('',(0.,0.,-1.));
#6203=DIRECTION('',(0.,-1.,0.));
#6204=DIRECTION('',(1.,0.,0.));
#6205=DIRECTION('',(0.,0.,-1.));
#6206=DIRECTION('',(0.,1.,0.));
#6207=DIRECTION('',(-0.548742898335342,0.548742898335344,0.630684123038669));
#6208=DIRECTION('',(0.,-0.754414816606991,0.656397961974168));
#6209=DIRECTION('',(-0.540639949254601,0.540639949254603,0.644528424927841));
#6210=DIRECTION('',(0.,-0.766151905808866,0.642659518894292));
#6211=DIRECTION('',(-0.707106781186548,-0.707106781186548,1.78581400333511E-16));
#6212=DIRECTION('',(-0.707106781186548,0.707106781186548,-1.78581400333511E-16));
#6213=DIRECTION('',(-0.707106781186548,-0.707106781186548,1.78581400333511E-16));
#6214=DIRECTION('',(0.707106781186548,-0.707106781186548,0.));
#6215=DIRECTION('',(-0.683588921330047,0.683588921330049,-0.255758427563285));
#6216=DIRECTION('',(-0.707106781186549,-0.707106781186546,0.));
#6217=DIRECTION('',(0.,0.65639796197417,0.754414816606988));
#6218=DIRECTION('',(0.,-0.754414816606988,0.65639796197417));
#6219=DIRECTION('',(0.,-0.608157364198474,-0.793816490362328));
#6220=DIRECTION('',(0.,0.793816490362329,-0.608157364198474));
#6221=DIRECTION('',(-1.,0.,0.));
#6222=DIRECTION('',(0.,0.,1.));
#6223=DIRECTION('',(0.,-0.65639796197417,0.754414816606989));
#6224=DIRECTION('',(0.,-0.754414816606989,-0.65639796197417));
#6225=DIRECTION('',(-1.,0.,0.));
#6226=DIRECTION('',(0.,0.,1.));
#6227=DIRECTION('',(1.,0.,0.));
#6228=DIRECTION('',(0.,0.,-1.));
#6229=DIRECTION('',(-1.,0.,0.));
#6230=DIRECTION('',(0.,0.,1.));
#6231=DIRECTION('',(1.,0.,0.));
#6232=DIRECTION('',(0.,0.,-1.));
#6233=DIRECTION('',(-1.,0.,0.));
#6234=DIRECTION('',(0.,0.,1.));
#6235=DIRECTION('',(-0.5406399492546,0.540639949254603,-0.644528424927841));
#6236=DIRECTION('',(0.,0.766151905808865,0.642659518894293));
#6237=DIRECTION('',(0.,-0.608157364198474,0.793816490362328));
#6238=DIRECTION('',(0.,-0.793816490362329,-0.608157364198474));
#6239=DIRECTION('',(-0.548742898335344,0.548742898335345,-0.630684123038666));
#6240=DIRECTION('',(0.,0.754414816606989,0.65639796197417));
#6241=DIRECTION('',(-0.707106781186548,-0.707106781186548,1.78581400333511E-16));
#6242=DIRECTION('',(-0.707106781186548,0.707106781186548,-1.78581400333511E-16));
#6243=DIRECTION('',(-0.707106781186548,-0.707106781186548,1.78581400333511E-16));
#6244=DIRECTION('',(0.707106781186548,-0.707106781186548,0.));
#6245=DIRECTION('',(-0.683588921330041,0.683588921330048,0.255758427563301));
#6246=DIRECTION('',(-0.707106781186551,-0.707106781186544,0.));
#6247=DIRECTION('',(-0.707106781186548,-0.707106781186548,1.78581400333511E-16));
#6248=DIRECTION('',(-0.707106781186548,0.707106781186548,-1.78581400333511E-16));
#6249=DIRECTION('',(-1.74315279842105E-32,2.52552238339231E-16,1.));
#6250=DIRECTION('',(1.74315279842105E-32,2.52552238339231E-16,1.));
#6251=DIRECTION('',(1.,0.,0.));
#6252=DIRECTION('',(0.,0.,-1.));
#6253=DIRECTION('',(1.,0.,0.));
#6254=DIRECTION('',(0.,0.,-1.));
#6255=DIRECTION('',(0.,-2.52552238339231E-16,-1.));
#6256=DIRECTION('',(0.,1.,-2.52552238339231E-16));
#6257=DIRECTION('',(0.,2.52552238339231E-16,1.));
#6258=DIRECTION('',(1.,0.,0.));
#6259=DIRECTION('',(0.,0.,-1.));
#6260=DIRECTION('',(-1.,0.,0.));
#6261=DIRECTION('',(0.,0.,1.));
#6262=DIRECTION('',(-1.,0.,0.));
#6263=DIRECTION('',(0.,0.,1.));
#6264=DIRECTION('',(-1.,0.,0.));
#6265=DIRECTION('',(0.,0.,1.));
#6266=DIRECTION('',(-1.,0.,0.));
#6267=DIRECTION('',(0.,0.,1.));
#6268=DIRECTION('',(-1.,0.,0.));
#6269=DIRECTION('',(0.,0.,1.));
#6270=DIRECTION('',(-1.,0.,0.));
#6271=DIRECTION('',(0.,0.,1.));
#6272=DIRECTION('',(-1.,0.,0.));
#6273=DIRECTION('',(0.,0.,1.));
#6274=DIRECTION('',(-1.,0.,0.));
#6275=DIRECTION('',(0.,0.,1.));
#6276=DIRECTION('',(-1.,0.,0.));
#6277=DIRECTION('',(0.,0.,1.));
#6278=DIRECTION('',(-1.,0.,0.));
#6279=DIRECTION('',(0.,0.,1.));
#6280=DIRECTION('',(-1.,0.,0.));
#6281=DIRECTION('',(0.,0.,1.));
#6282=DIRECTION('',(-1.,0.,0.));
#6283=DIRECTION('',(0.,0.,1.));
#6284=DIRECTION('',(-1.,0.,0.));
#6285=DIRECTION('',(0.,0.,1.));
#6286=DIRECTION('',(-1.,0.,0.));
#6287=DIRECTION('',(0.,0.,1.));
#6288=DIRECTION('',(-1.,0.,0.));
#6289=DIRECTION('',(0.,0.,1.));
#6290=DIRECTION('',(-1.,0.,0.));
#6291=DIRECTION('',(0.,0.,1.));
#6292=DIRECTION('',(-1.,0.,0.));
#6293=DIRECTION('',(0.,0.,1.));
#6294=DIRECTION('',(-1.,0.,0.));
#6295=DIRECTION('',(0.,0.,1.));
#6296=DIRECTION('',(-1.,0.,0.));
#6297=DIRECTION('',(0.,0.,1.));
#6298=DIRECTION('',(-1.,0.,0.));
#6299=DIRECTION('',(0.,0.,1.));
#6300=DIRECTION('',(-1.,0.,0.));
#6301=DIRECTION('',(0.,0.,1.));
#6302=DIRECTION('',(-1.,0.,0.));
#6303=DIRECTION('',(0.,0.,1.));
#6304=DIRECTION('',(0.,-0.863835505204395,0.503773977045527));
#6305=DIRECTION('',(-1.,0.,0.));
#6306=DIRECTION('',(0.,0.,1.));
#6307=DIRECTION('',(0.,0.863835505204395,0.503773977045527));
#6308=DIRECTION('',(-1.,0.,0.));
#6309=DIRECTION('',(0.,0.,1.));
#6310=DIRECTION('',(-1.,0.,0.));
#6311=DIRECTION('',(0.,0.,1.));
#6312=DIRECTION('',(0.,0.40752270468268,0.913195075089717));
#6313=DIRECTION('',(0.,-0.913195075089717,0.40752270468268));
#6314=DIRECTION('',(0.,0.40752270468268,-0.913195075089717));
#6315=DIRECTION('',(0.,0.913195075089717,0.40752270468268));
#6316=DIRECTION('',(0.,0.863835505204395,0.503773977045527));
#6317=DIRECTION('',(0.,-0.503773977045527,0.863835505204395));
#6318=DIRECTION('',(-2.9970314605207E-15,0.863835505204396,0.503773977045527));
#6319=DIRECTION('',(0.,-0.503773977045527,0.863835505204396));
#6320=DIRECTION('',(0.,0.863835505204395,0.503773977045527));
#6321=DIRECTION('',(-1.,0.,0.));
#6322=DIRECTION('',(0.,0.,1.));
#6323=DIRECTION('',(0.,0.863835505204394,-0.503773977045529));
#6324=DIRECTION('',(0.,0.503773977045529,0.863835505204394));
#6325=DIRECTION('',(-1.,0.,0.));
#6326=DIRECTION('',(0.,0.,1.));
#6327=DIRECTION('',(0.,-0.863835505204395,0.503773977045527));
#6328=DIRECTION('',(0.,-0.503773977045527,-0.863835505204395));
#6329=DIRECTION('',(0.,-0.863835505204395,0.503773977045527));
#6330=DIRECTION('',(-0.682862028033604,0.682862028033606,-0.259612983765575));
#6331=DIRECTION('',(-0.707106781186549,-0.707106781186546,0.));
#6332=DIRECTION('',(-0.682862028033613,0.6828620280336,0.259612983765567));
#6333=DIRECTION('',(-0.707106781186541,-0.707106781186554,0.));
#6334=DIRECTION('',(0.,2.52552238339231E-16,1.));
#6335=DIRECTION('',(0.,-1.,2.52552238339231E-16));
#6336=DIRECTION('',(0.,0.,1.));
#6337=DIRECTION('',(1.,0.,0.));
#6338=DIRECTION('',(0.,2.52552238339231E-16,1.));
#6339=DIRECTION('',(0.,0.,-1.));
#6340=DIRECTION('',(-1.,0.,0.));
#6341=DIRECTION('',(-0.592363678947951,-0.770146375899669,-0.236600573862057));
#6342=DIRECTION('',(0.792652145829096,-0.609674155358852,0.));
#6343=DIRECTION('',(-0.590333752730366,-0.772906311195846,-0.232641128137122));
#6344=DIRECTION('',(0.794711078293147,-0.606987892826655,0.));
#6345=DIRECTION('',(1.,0.,0.));
#6346=DIRECTION('',(0.,0.,-1.));
#6347=DIRECTION('',(1.,0.,0.));
#6348=DIRECTION('',(0.,0.,-1.));
#6349=DIRECTION('',(0.,0.664343380438278,-0.747427503419456));
#6350=DIRECTION('',(0.,0.747427503419456,0.664343380438278));
#6351=DIRECTION('',(0.,0.442240316578282,0.896896595150601));
#6352=DIRECTION('',(0.,-0.896896595150601,0.442240316578282));
#6353=DIRECTION('',(1.,0.,0.));
#6354=DIRECTION('',(0.,0.,-1.));
#6355=DIRECTION('',(0.,-0.664343380438278,-0.747427503419456));
#6356=DIRECTION('',(0.,0.747427503419456,-0.664343380438278));
#6357=DIRECTION('',(1.,0.,0.));
#6358=DIRECTION('',(0.,0.,-1.));
#6359=DIRECTION('',(0.,-0.442240316578282,0.896896595150601));
#6360=DIRECTION('',(0.,-0.896896595150601,-0.442240316578282));
#6361=DIRECTION('',(-0.590333752728779,-0.772906311197989,0.232641128134032));
#6362=DIRECTION('',(0.794711078294746,-0.606987892824562,0.));
#6363=DIRECTION('',(-0.592363678947952,-0.770146375899668,0.236600573862057));
#6364=DIRECTION('',(0.792652145829095,-0.609674155358853,0.));
#6365=DIRECTION('',(-0.707106781186548,0.356221995354208,-0.610823943559735));
#6366=DIRECTION('',(-0.707106781186548,-0.356221995354208,0.610823943559735));
#6367=DIRECTION('',(0.,-0.863835505204395,-0.503773977045527));
#6368=DIRECTION('',(-0.707106781186548,-0.356221995354208,0.610823943559735));
#6369=DIRECTION('',(-1.,0.,0.));
#6370=DIRECTION('',(0.,0.,-1.));
#6371=DIRECTION('',(-1.,0.,0.));
#6372=DIRECTION('',(0.,0.,1.));
#6373=DIRECTION('',(-0.707106781186548,-0.356221995354208,-0.610823943559735));
#6374=DIRECTION('',(-0.707106781186548,0.356221995354208,0.610823943559735));
#6375=DIRECTION('',(-0.707106781186548,-0.356221995354208,-0.610823943559735));
#6376=DIRECTION('',(0.,0.863835505204395,-0.503773977045527));
#6377=DIRECTION('',(-0.707106781186548,-0.707106781186548,1.78581400333511E-16));
#6378=DIRECTION('',(0.707106781186548,-0.707106781186548,0.));
#6379=DIRECTION('',(-0.707106781186548,-0.707106781186548,1.78581400333511E-16));
#6380=DIRECTION('',(0.707106781186548,-0.707106781186548,0.));
#6381=DIRECTION('',(1.,0.,0.));
#6382=DIRECTION('',(0.,0.,-1.));
#6383=DIRECTION('',(0.,0.863835505204395,-0.503773977045527));
#6384=DIRECTION('',(1.,0.,0.));
#6385=DIRECTION('',(0.,0.,-1.));
#6386=DIRECTION('',(0.,-0.863835505204395,-0.503773977045527));
#6387=DIRECTION('',(0.,0.5,0.866025403784438));
#6388=DIRECTION('',(0.,1.,0.));
#6389=DIRECTION('',(0.,0.5,-0.866025403784438));
#6390=DIRECTION('',(0.,-0.5,-0.866025403784439));
#6391=DIRECTION('',(0.,-1.,0.));
#6392=DIRECTION('',(0.,-0.5,0.866025403784438));
#6393=DIRECTION('',(0.,0.5,-0.866025403784438));
#6394=DIRECTION('',(0.,-0.5,-0.866025403784438));
#6395=DIRECTION('',(0.,-1.,0.));
#6396=DIRECTION('',(0.,-0.5,0.866025403784439));
#6397=DIRECTION('',(0.,0.5,0.866025403784438));
#6398=DIRECTION('',(0.,1.,0.));
#6399=DIRECTION('',(0.,-0.5,0.866025403784438));
#6400=DIRECTION('',(0.,0.5,0.866025403784438));
#6401=DIRECTION('',(0.,1.,0.));
#6402=DIRECTION('',(0.,0.5,-0.866025403784439));
#6403=DIRECTION('',(0.,-0.5,-0.866025403784438));
#6404=DIRECTION('',(0.,-1.,0.));
#6405=DIRECTION('',(0.,-0.5,-0.866025403784438));
#6406=DIRECTION('',(0.,-1.,0.));
#6407=DIRECTION('',(0.,-0.5,0.866025403784438));
#6408=DIRECTION('',(0.,0.5,0.866025403784439));
#6409=DIRECTION('',(0.,1.,0.));
#6410=DIRECTION('',(0.,0.5,-0.866025403784438));
#6411=DIRECTION('',(-0.707106781186548,0.356221995354208,0.610823943559735));
#6412=DIRECTION('',(0.653706184243797,0.,0.756748455354496));
#6413=DIRECTION('',(-1.74781708913414E-15,-0.863835505204397,0.503773977045524));
#6414=DIRECTION('',(0.,-0.503773977045524,-0.863835505204397));
#6415=DIRECTION('',(-0.707106781186548,0.356221995354208,-0.610823943559735));
#6416=DIRECTION('',(-0.653706184243797,0.,0.756748455354496));
#6417=DIRECTION('',(0.,-0.86383550520439,-0.503773977045537));
#6418=DIRECTION('',(0.,0.503773977045537,-0.86383550520439));
#6419=DIRECTION('',(0.,-0.863835505204395,-0.503773977045527));
#6420=DIRECTION('',(0.,0.503773977045527,-0.863835505204395));
#6421=DIRECTION('',(0.,-0.863835505204395,-0.503773977045528));
#6422=DIRECTION('',(0.,0.503773977045528,-0.863835505204395));
#6423=DIRECTION('',(1.,0.,0.));
#6424=DIRECTION('',(0.,0.,-1.));
#6425=DIRECTION('',(2.99703146052071E-15,-0.863835505204396,0.503773977045527));
#6426=DIRECTION('',(0.,-0.503773977045527,-0.863835505204396));
#6427=DIRECTION('',(0.,0.863835505204395,-0.503773977045527));
#6428=DIRECTION('',(0.,0.503773977045527,0.863835505204395));
#6429=DIRECTION('',(0.0871557427476584,0.862729915662821,-0.498097349045873));
#6430=DIRECTION('',(0.,0.5,0.866025403784438));
#6431=DIRECTION('',(0.994935885120891,-0.100511613750393,0.));
#6432=DIRECTION('',(-5.32737234715829E-17,0.5,0.866025403784438));
#6433=DIRECTION('',(0.994935885120892,-0.0502558068751963,0.0870456108832093));
#6434=DIRECTION('',(0.0871557427476584,0.,-0.996194698091746));
#6435=DIRECTION('',(-0.996194698091746,0.,-0.0871557427476584));
#6436=DIRECTION('',(0.,1.,0.));
#6437=DIRECTION('',(0.994935885120892,0.0502558068751962,0.0870456108832093));
#6438=DIRECTION('',(0.0871557427476584,-0.86272991566282,-0.498097349045874));
#6439=DIRECTION('',(0.,0.5,-0.866025403784438));
#6440=DIRECTION('',(2.52308994626051E-17,0.5,-0.866025403784438));
#6441=DIRECTION('',(0.994935885120892,0.100511613750393,3.21844953833671E-17));
#6442=DIRECTION('',(0.0871557427476584,-0.862729915662821,0.498097349045873));
#6443=DIRECTION('',(0.,-0.5,-0.866025403784439));
#6444=DIRECTION('',(6.01158521925372E-17,-0.5,-0.866025403784439));
#6445=DIRECTION('',(0.994935885120892,0.0502558068751963,-0.0870456108832093));
#6446=DIRECTION('',(0.0871557427476584,0.,0.996194698091746));
#6447=DIRECTION('',(0.996194698091746,0.,-0.0871557427476584));
#6448=DIRECTION('',(0.,-1.,0.));
#6449=DIRECTION('',(0.994935885120892,-0.0502558068751962,-0.0870456108832093));
#6450=DIRECTION('',(0.0871557427476584,0.862729915662821,0.498097349045874));
#6451=DIRECTION('',(0.,-0.5,0.866025403784438));
#6452=DIRECTION('',(-7.16624942132342E-17,-0.5,0.866025403784438));
#6453=DIRECTION('',(0.0871557427476584,0.862729915662821,0.498097349045873));
#6454=DIRECTION('',(0.,0.5,-0.866025403784438));
#6455=DIRECTION('',(0.994935885120892,-0.0502558068751963,-0.0870456108832093));
#6456=DIRECTION('',(0.,-0.5,0.866025403784438));
#6457=DIRECTION('',(0.994935885120891,-0.100511613750393,0.));
#6458=DIRECTION('',(0.0871557427476584,0.862729915662821,-0.498097349045874));
#6459=DIRECTION('',(0.,-0.5,-0.866025403784438));
#6460=DIRECTION('',(-2.5620126756143E-17,0.5,0.866025403784438));
#6461=DIRECTION('',(0.994935885120892,-0.0502558068751962,0.0870456108832093));
#6462=DIRECTION('',(0.0871557427476584,0.,-0.996194698091746));
#6463=DIRECTION('',(0.996194698091746,0.,0.0871557427476584));
#6464=DIRECTION('',(0.,1.,0.));
#6465=DIRECTION('',(0.994935885120892,0.0502558068751963,0.0870456108832093));
#6466=DIRECTION('',(0.0871557427476584,-0.862729915662821,-0.498097349045873));
#6467=DIRECTION('',(0.,-0.5,0.866025403784439));
#6468=DIRECTION('',(7.24646614565106E-17,0.5,-0.866025403784439));
#6469=DIRECTION('',(0.994935885120892,0.100511613750393,-3.21844953833671E-17));
#6470=DIRECTION('',(0.0871557427476584,-0.86272991566282,0.498097349045874));
#6471=DIRECTION('',(0.,0.5,0.866025403784438));
#6472=DIRECTION('',(-2.5620126756143E-17,-0.5,-0.866025403784438));
#6473=DIRECTION('',(0.994935885120892,0.0502558068751962,-0.0870456108832093));
#6474=DIRECTION('',(0.0871557427476584,0.,0.996194698091746));
#6475=DIRECTION('',(-0.996194698091746,0.,0.0871557427476584));
#6476=DIRECTION('',(0.,-1.,0.));
#6477=DIRECTION('',(0.0871557427476584,-0.862729915662821,-0.498097349045873));
#6478=DIRECTION('',(0.,-0.5,0.866025403784438));
#6479=DIRECTION('',(0.994935885120892,0.0502558068751963,0.0870456108832093));
#6480=DIRECTION('',(0.,0.5,-0.866025403784438));
#6481=DIRECTION('',(0.994935885120891,0.100511613750393,0.));
#6482=DIRECTION('',(0.0871557427476584,-0.862729915662821,0.498097349045874));
#6483=DIRECTION('',(0.,0.5,0.866025403784438));
#6484=DIRECTION('',(-2.5620126756143E-17,-0.5,-0.866025403784438));
#6485=DIRECTION('',(0.994935885120892,0.0502558068751962,-0.0870456108832093));
#6486=DIRECTION('',(0.0871557427476584,0.,0.996194698091746));
#6487=DIRECTION('',(0.996194698091746,0.,-0.0871557427476584));
#6488=DIRECTION('',(0.,-1.,0.));
#6489=DIRECTION('',(0.994935885120892,-0.0502558068751963,-0.0870456108832093));
#6490=DIRECTION('',(0.0871557427476584,0.862729915662821,0.498097349045873));
#6491=DIRECTION('',(0.,0.5,-0.866025403784439));
#6492=DIRECTION('',(7.24646614565106E-17,-0.5,0.866025403784439));
#6493=DIRECTION('',(0.994935885120892,-0.100511613750393,3.21844953833671E-17));
#6494=DIRECTION('',(0.0871557427476584,0.86272991566282,-0.498097349045874));
#6495=DIRECTION('',(0.,-0.5,-0.866025403784438));
#6496=DIRECTION('',(-2.5620126756143E-17,0.5,0.866025403784438));
#6497=DIRECTION('',(0.994935885120892,-0.0502558068751962,0.0870456108832093));
#6498=DIRECTION('',(0.0871557427476584,0.,-0.996194698091746));
#6499=DIRECTION('',(-0.996194698091746,0.,-0.0871557427476584));
#6500=DIRECTION('',(0.,1.,0.));
#6501=DIRECTION('',(0.0871557427476584,-0.862729915662821,0.498097349045873));
#6502=DIRECTION('',(0.,-0.5,-0.866025403784438));
#6503=DIRECTION('',(0.994935885120891,0.100511613750393,0.));
#6504=DIRECTION('',(-5.32737234715829E-17,-0.5,-0.866025403784438));
#6505=DIRECTION('',(0.994935885120892,0.0502558068751963,-0.0870456108832093));
#6506=DIRECTION('',(0.0871557427476584,0.,0.996194698091746));
#6507=DIRECTION('',(-0.996194698091746,0.,0.0871557427476584));
#6508=DIRECTION('',(0.,-1.,0.));
#6509=DIRECTION('',(0.994935885120892,-0.0502558068751962,-0.0870456108832093));
#6510=DIRECTION('',(0.0871557427476584,0.86272991566282,0.498097349045874));
#6511=DIRECTION('',(0.,-0.5,0.866025403784438));
#6512=DIRECTION('',(2.52308994626051E-17,-0.5,0.866025403784438));
#6513=DIRECTION('',(0.994935885120892,-0.100511613750393,-3.21844953833671E-17));
#6514=DIRECTION('',(0.0871557427476584,0.862729915662821,-0.498097349045873));
#6515=DIRECTION('',(0.,0.5,0.866025403784439));
#6516=DIRECTION('',(6.01158521925372E-17,0.5,0.866025403784439));
#6517=DIRECTION('',(0.994935885120892,-0.0502558068751963,0.0870456108832093));
#6518=DIRECTION('',(0.0871557427476584,0.,-0.996194698091746));
#6519=DIRECTION('',(0.996194698091746,0.,0.0871557427476584));
#6520=DIRECTION('',(0.,1.,0.));
#6521=DIRECTION('',(0.994935885120892,0.0502558068751962,0.0870456108832093));
#6522=DIRECTION('',(0.0871557427476584,-0.862729915662821,-0.498097349045874));
#6523=DIRECTION('',(0.,0.5,-0.866025403784438));
#6524=DIRECTION('',(-7.16624942132342E-17,0.5,-0.866025403784438));
#6525=DIRECTION('',(0.642787609686546,-0.663413948168933,0.383022221559487));
#6526=DIRECTION('',(0.,-0.5,-0.866025403784438));
#6527=DIRECTION('',(-0.71818322683956,-0.695854045534203,3.08853600188446E-15));
#6528=DIRECTION('',(0.,0.5,0.866025403784439));
#6529=DIRECTION('',(-0.71818322683956,-0.347927022767104,0.602627280758792));
#6530=DIRECTION('',(0.642787609686544,0.,0.766044443118974));
#6531=DIRECTION('',(0.,-1.,0.));
#6532=DIRECTION('',(0.,1.,0.));
#6533=DIRECTION('',(0.718183226839561,-0.347927022767101,-0.602627280758793));
#6534=DIRECTION('',(0.642787609686545,0.663413948168934,0.383022221559488));
#6535=DIRECTION('',(0.,-0.5,0.866025403784438));
#6536=DIRECTION('',(-0.718183226839561,0.695854045534202,1.61932983787763E-15));
#6537=DIRECTION('',(0.,0.5,-0.866025403784438));
#6538=DIRECTION('',(0.642787609686544,0.663413948168935,-0.383022221559488));
#6539=DIRECTION('',(0.,0.5,0.866025403784439));
#6540=DIRECTION('',(-0.718183226839561,0.347927022767098,-0.602627280758795));
#6541=DIRECTION('',(0.,-0.5,-0.866025403784439));
#6542=DIRECTION('',(0.642787609686546,0.,-0.766044443118973));
#6543=DIRECTION('',(0.,1.,0.));
#6544=DIRECTION('',(-0.718183226839561,-0.347927022767099,-0.602627280758795));
#6545=DIRECTION('',(0.,-1.,0.));
#6546=DIRECTION('',(0.642787609686545,-0.663413948168935,-0.383022221559488));
#6547=DIRECTION('',(0.,0.5,-0.866025403784438));
#6548=DIRECTION('',(0.,-0.5,0.866025403784438));
#6549=DIRECTION('',(0.707106781186545,-0.612372435695797,-0.353553390593276));
#6550=DIRECTION('',(0.,-0.5,0.866025403784438));
#6551=DIRECTION('',(0.654653670707979,0.377964473009223,0.654653670707979));
#6552=DIRECTION('',(0.,-0.5,0.866025403784439));
#6553=DIRECTION('',(-0.654653670707978,-0.755928946018454,6.81807233692418E-15));
#6554=DIRECTION('',(0.707106781186549,-0.612372435695793,0.353553390593274));
#6555=DIRECTION('',(0.,0.5,0.866025403784438));
#6556=DIRECTION('',(-0.654653670707977,-0.377964473009231,0.654653670707975));
#6557=DIRECTION('',(0.,0.5,0.866025403784438));
#6558=DIRECTION('',(0.707106781186546,0.,0.707106781186549));
#6559=DIRECTION('',(0.,1.,0.));
#6560=DIRECTION('',(-0.654653670707978,0.377964473009227,0.654653670707976));
#6561=DIRECTION('',(0.,1.,0.));
#6562=DIRECTION('',(0.707106781186547,0.612372435695795,0.353553390593275));
#6563=DIRECTION('',(0.,0.5,-0.866025403784439));
#6564=DIRECTION('',(0.,0.5,-0.866025403784439));
#6565=DIRECTION('',(-0.654653670707978,0.755928946018454,-2.35178181494539E-15));
#6566=DIRECTION('',(0.707106781186548,0.612372435695794,-0.353553390593275));
#6567=DIRECTION('',(0.,-0.5,-0.866025403784438));
#6568=DIRECTION('',(0.,-0.5,-0.866025403784438));
#6569=DIRECTION('',(-0.654653670707977,0.377964473009227,-0.654653670707977));
#6570=DIRECTION('',(0.707106781186548,0.,-0.707106781186548));
#6571=DIRECTION('',(0.,-1.,0.));
#6572=DIRECTION('',(0.,-1.,0.));
#6573=DIRECTION('',(0.707106781186545,0.612372435695797,0.353553390593276));
#6574=DIRECTION('',(0.,0.5,-0.866025403784438));
#6575=DIRECTION('',(0.654653670707979,-0.377964473009223,-0.654653670707979));
#6576=DIRECTION('',(0.,0.5,-0.866025403784439));
#6577=DIRECTION('',(-0.654653670707978,0.755928946018454,-6.81807233692418E-15));
#6578=DIRECTION('',(0.707106781186549,0.612372435695793,-0.353553390593274));
#6579=DIRECTION('',(0.,-0.5,-0.866025403784438));
#6580=DIRECTION('',(-0.654653670707977,0.377964473009231,-0.654653670707975));
#6581=DIRECTION('',(0.,-0.5,-0.866025403784438));
#6582=DIRECTION('',(0.707106781186546,0.,-0.707106781186549));
#6583=DIRECTION('',(0.,-1.,0.));
#6584=DIRECTION('',(-0.654653670707978,-0.377964473009227,-0.654653670707976));
#6585=DIRECTION('',(0.,-1.,0.));
#6586=DIRECTION('',(0.707106781186547,-0.612372435695795,-0.353553390593275));
#6587=DIRECTION('',(0.,-0.5,0.866025403784439));
#6588=DIRECTION('',(0.,-0.5,0.866025403784439));
#6589=DIRECTION('',(-0.654653670707978,-0.755928946018454,2.35178181494539E-15));
#6590=DIRECTION('',(0.707106781186548,-0.612372435695794,0.353553390593275));
#6591=DIRECTION('',(0.,0.5,0.866025403784438));
#6592=DIRECTION('',(0.,0.5,0.866025403784438));
#6593=DIRECTION('',(-0.654653670707977,-0.377964473009227,0.654653670707977));
#6594=DIRECTION('',(0.707106781186548,0.,0.707106781186548));
#6595=DIRECTION('',(0.,1.,0.));
#6596=DIRECTION('',(0.,1.,0.));
#6597=DIRECTION('',(0.642787609686546,0.663413948168933,-0.383022221559487));
#6598=DIRECTION('',(0.,0.5,0.866025403784438));
#6599=DIRECTION('',(-0.71818322683956,0.695854045534203,-3.08853600188446E-15));
#6600=DIRECTION('',(0.,-0.5,-0.866025403784439));
#6601=DIRECTION('',(-0.71818322683956,0.347927022767104,-0.602627280758792));
#6602=DIRECTION('',(0.642787609686544,0.,-0.766044443118974));
#6603=DIRECTION('',(0.,1.,0.));
#6604=DIRECTION('',(0.,-1.,0.));
#6605=DIRECTION('',(0.718183226839561,0.347927022767101,0.602627280758793));
#6606=DIRECTION('',(0.642787609686545,-0.663413948168934,-0.383022221559488));
#6607=DIRECTION('',(0.,0.5,-0.866025403784438));
#6608=DIRECTION('',(-0.718183226839561,-0.695854045534202,-1.61932983787763E-15));
#6609=DIRECTION('',(0.,-0.5,0.866025403784438));
#6610=DIRECTION('',(0.642787609686544,-0.663413948168935,0.383022221559488));
#6611=DIRECTION('',(0.,-0.5,-0.866025403784439));
#6612=DIRECTION('',(-0.718183226839561,-0.347927022767098,0.602627280758795));
#6613=DIRECTION('',(0.,0.5,0.866025403784439));
#6614=DIRECTION('',(0.642787609686546,0.,0.766044443118973));
#6615=DIRECTION('',(0.,-1.,0.));
#6616=DIRECTION('',(-0.718183226839561,0.347927022767099,0.602627280758795));
#6617=DIRECTION('',(0.,1.,0.));
#6618=DIRECTION('',(0.642787609686545,0.663413948168935,0.383022221559488));
#6619=DIRECTION('',(0.,-0.5,0.866025403784438));
#6620=DIRECTION('',(0.,0.5,-0.866025403784438));
#6621=DIRECTION('',(-1.,0.,0.));
#6622=DIRECTION('',(0.,0.,1.));
#6623=DIRECTION('',(-1.,0.,0.));
#6624=DIRECTION('',(0.,0.,-1.));
#6625=DIRECTION('',(-1.,0.,0.));
#6626=DIRECTION('',(0.,0.,1.));
#6627=DIRECTION('',(-1.,0.,0.));
#6628=DIRECTION('',(0.,0.,-1.));
#6629=DIRECTION('',(0.866025403784438,0.5,0.));
#6630=DIRECTION('',(0.5,-0.866025403784438,0.));
#6631=DIRECTION('',(0.866025403784438,0.5,0.));
#6632=DIRECTION('',(-0.5,0.866025403784438,0.));
#6633=DIRECTION('',(-0.492403876506105,0.852868531952443,0.173648177666931));
#6634=DIRECTION('',(0.,0.,-1.));
#6635=DIRECTION('',(0.492403876506105,-0.852868531952443,0.173648177666931));
#6636=DIRECTION('',(0.,0.,1.));
#6637=DIRECTION('',(0.866025403784438,0.5,0.));
#6638=DIRECTION('',(0.,0.,1.));
#6639=DIRECTION('',(0.866025403784438,0.5,0.));
#6640=DIRECTION('',(0.,0.,1.));
#6641=DIRECTION('',(0.866025403784438,0.5,0.));
#6642=DIRECTION('',(0.866025403784438,0.5,0.));
#6643=DIRECTION('',(0.,0.,-1.));
#6644=DIRECTION('',(-0.866025403784438,-0.5,0.));
#6645=DIRECTION('',(0.5,-0.866025403784438,0.));
#6646=DIRECTION('',(0.866025403784438,0.5,0.));
#6647=DIRECTION('',(0.,0.,-1.));
#6648=DIRECTION('',(0.866025403784438,0.5,0.));
#6649=DIRECTION('',(0.866025403784438,0.5,0.));
#6650=DIRECTION('',(-0.866025403784438,-0.5,0.));
#6651=DIRECTION('',(0.5,-0.866025403784438,0.));
#6652=DIRECTION('',(-0.866025403784438,-0.5,0.));
#6653=DIRECTION('',(0.,0.,1.));
#6654=DIRECTION('',(0.866025403784438,0.5,0.));
#6655=DIRECTION('',(-0.866025403784438,-0.5,0.));
#6656=DIRECTION('',(0.,0.,1.));
#6657=DIRECTION('',(0.866025403784438,0.5,0.));
#6658=DIRECTION('',(0.,0.,-1.));
#6659=DIRECTION('',(0.866025403784438,0.5,0.));
#6660=DIRECTION('',(0.,0.,1.));
#6661=DIRECTION('',(0.866025403784438,0.5,0.));
#6662=DIRECTION('',(0.,0.,1.));
#6663=DIRECTION('',(0.866025403784438,0.5,0.));
#6664=DIRECTION('',(-0.866025403784438,-0.5,0.));
#6665=DIRECTION('',(0.,0.,1.));
#6666=DIRECTION('',(0.866025403784438,0.5,0.));
#6667=DIRECTION('',(0.,0.,-1.));
#6668=DIRECTION('',(-0.866025403784438,-0.5,0.));
#6669=DIRECTION('',(0.866025403784438,0.5,0.));
#6670=DIRECTION('',(0.,0.,-1.));
#6671=DIRECTION('',(-0.866025403784438,-0.5,0.));
#6672=DIRECTION('',(0.,0.,1.));
#6673=DIRECTION('',(0.866025403784438,0.5,0.));
#6674=DIRECTION('',(-0.672324040093587,0.740256972349628,0.));
#6675=DIRECTION('',(-0.740256972349628,-0.672324040093587,0.));
#6676=DIRECTION('',(0.,0.,1.));
#6677=DIRECTION('',(0.866025403784438,0.5,0.));
#6678=DIRECTION('',(0.,0.,1.));
#6679=DIRECTION('',(0.866025403784438,0.5,0.));
#6680=DIRECTION('',(0.,0.,1.));
#6681=DIRECTION('',(0.866025403784438,0.5,0.));
#6682=DIRECTION('',(-0.560806525926301,0.827946882643128,7.16979201485492E-15));
#6683=DIRECTION('',(-0.827946882643128,-0.560806525926301,0.));
#6684=DIRECTION('',(0.,0.,1.));
#6685=DIRECTION('',(0.866025403784438,0.5,0.));
#6686=DIRECTION('',(0.,0.,1.));
#6687=DIRECTION('',(0.866025403784438,0.5,0.));
#6688=DIRECTION('',(0.,0.,-1.));
#6689=DIRECTION('',(0.866025403784438,0.5,0.));
#6690=DIRECTION('',(0.,0.,1.));
#6691=DIRECTION('',(0.866025403784438,0.5,0.));
#6692=DIRECTION('',(0.,0.,1.));
#6693=DIRECTION('',(0.866025403784438,0.5,0.));
#6694=DIRECTION('',(0.,0.,-1.));
#6695=DIRECTION('',(-0.866025403784438,-0.5,0.));
#6696=DIRECTION('',(3.10395578251479E-17,1.79206970658762E-17,-1.));
#6697=DIRECTION('',(0.,0.,1.));
#6698=DIRECTION('',(0.866025403784438,0.5,0.));
#6699=DIRECTION('',(0.,0.,-1.));
#6700=DIRECTION('',(0.,0.,1.));
#6701=DIRECTION('',(0.866025403784438,0.5,0.));
#6702=DIRECTION('',(0.,0.,1.));
#6703=DIRECTION('',(0.866025403784438,0.5,0.));
#6704=DIRECTION('',(0.,0.,1.));
#6705=DIRECTION('',(0.866025403784438,0.5,0.));
#6706=DIRECTION('',(0.,0.,1.));
#6707=DIRECTION('',(0.866025403784438,0.5,0.));
#6708=DIRECTION('',(0.,0.,1.));
#6709=DIRECTION('',(0.866025403784438,0.5,0.));
#6710=DIRECTION('',(0.,0.,1.));
#6711=DIRECTION('',(0.866025403784438,0.5,0.));
#6712=DIRECTION('',(0.,0.,1.));
#6713=DIRECTION('',(0.866025403784438,0.5,0.));
#6714=DIRECTION('',(0.,0.,1.));
#6715=DIRECTION('',(0.866025403784438,0.5,0.));
#6716=DIRECTION('',(0.665255428295559,-0.746615841730734,0.));
#6717=DIRECTION('',(0.746615841730734,0.665255428295559,0.));
#6718=DIRECTION('',(0.,0.,-1.));
#6719=DIRECTION('',(0.866025403784438,0.5,0.));
#6720=DIRECTION('',(0.,0.,1.));
#6721=DIRECTION('',(0.866025403784438,0.5,0.));
#6722=DIRECTION('',(0.,0.,1.));
#6723=DIRECTION('',(0.866025403784438,0.5,0.));
#6724=DIRECTION('',(0.,0.,1.));
#6725=DIRECTION('',(0.866025403784438,0.5,0.));
#6726=DIRECTION('',(-0.866025403784438,-0.5,0.));
#6727=DIRECTION('',(0.,0.,1.));
#6728=DIRECTION('',(0.866025403784438,0.5,0.));
#6729=DIRECTION('',(0.,0.,1.));
#6730=DIRECTION('',(0.866025403784438,0.5,0.));
#6731=DIRECTION('',(0.560806525926301,-0.827946882643128,7.16979201485492E-15));
#6732=DIRECTION('',(-0.827946882643128,-0.560806525926301,0.));
#6733=DIRECTION('',(0.,0.,-1.));
#6734=DIRECTION('',(0.866025403784438,0.5,0.));
#6735=DIRECTION('',(0.672324040093587,-0.740256972349628,0.));
#6736=DIRECTION('',(-0.740256972349628,-0.672324040093587,0.));
#6737=DIRECTION('',(0.,0.,1.));
#6738=DIRECTION('',(0.866025403784438,0.5,0.));
#6739=DIRECTION('',(0.,0.,-1.));
#6740=DIRECTION('',(0.866025403784438,0.5,0.));
#6741=DIRECTION('',(-0.866025403784438,-0.5,0.));
#6742=DIRECTION('',(0.,0.,1.));
#6743=DIRECTION('',(0.,0.,1.));
#6744=DIRECTION('',(0.866025403784438,0.5,0.));
#6745=DIRECTION('',(-0.866025403784438,-0.5,0.));
#6746=DIRECTION('',(0.,0.,-1.));
#6747=DIRECTION('',(-0.866025403784438,-0.5,0.));
#6748=DIRECTION('',(0.,0.,1.));
#6749=DIRECTION('',(-0.866025403784438,-0.5,0.));
#6750=DIRECTION('',(0.,0.,-1.));
#6751=DIRECTION('',(0.866025403784438,0.5,0.));
#6752=DIRECTION('',(-0.665255428295559,0.746615841730734,0.));
#6753=DIRECTION('',(0.746615841730734,0.665255428295559,0.));
#6754=DIRECTION('',(0.,0.,1.));
#6755=DIRECTION('',(0.866025403784438,0.5,0.));
#6756=DIRECTION('',(0.,0.,-1.));
#6757=DIRECTION('',(-0.866025403784438,-0.5,0.));
#6758=DIRECTION('',(0.,0.,-1.));
#6759=DIRECTION('',(4.30096729581028E-16,-7.4494938780355E-16,-1.));
#6760=DIRECTION('',(0.5,-0.866025403784438,8.60193459162053E-16));
#6761=DIRECTION('',(4.30096729581028E-16,-7.4494938780355E-16,-1.));
#6762=DIRECTION('',(0.,0.,-1.));
#6763=DIRECTION('',(-0.866025403784438,-0.5,0.));
#6764=DIRECTION('',(-0.0868240888334655,0.150383733180435,0.984807753012208));
#6765=DIRECTION('',(-0.492403876506105,0.852868531952443,-0.17364817766693));
#6766=DIRECTION('',(0.5,-0.866025403784438,0.));
#6767=DIRECTION('',(0.,0.,-1.));
#6768=DIRECTION('',(0.,0.,-1.));
#6769=DIRECTION('',(0.866025403784438,0.5,1.38777878078145E-17));
#6770=DIRECTION('',(0.,0.,-1.));
#6771=DIRECTION('',(0.,0.,-1.));
#6772=DIRECTION('',(-0.866025403784438,-0.5,0.));
#6773=DIRECTION('',(0.,0.,-1.));
#6774=DIRECTION('',(0.0583737307297773,-0.101106267451319,-0.993161633493134));
#6775=DIRECTION('',(-0.496580816746567,0.860103204669104,-0.116747461459554));
#6776=DIRECTION('',(0.,0.,-1.));
#6777=DIRECTION('',(-0.866025403784438,-0.5,0.));
#6778=DIRECTION('',(0.,0.,-1.));
#6779=DIRECTION('',(0.0896266846039123,-0.155237971447927,-0.98380294247763));
#6780=DIRECTION('',(-0.491901471238816,0.851998340503508,-0.179253369207824));
#6781=DIRECTION('',(0.,0.,1.));
#6782=DIRECTION('',(0.0896266846039123,-0.155237971447927,0.98380294247763));
#6783=DIRECTION('',(0.491901471238816,-0.851998340503508,-0.179253369207824));
#6784=DIRECTION('',(0.,0.,-1.));
#6785=DIRECTION('',(0.866025403784438,0.5,0.));
#6786=DIRECTION('',(-0.60918119013712,0.793031069746402,0.));
#6787=DIRECTION('',(0.793031069746402,0.60918119013712,0.));
#6788=DIRECTION('',(0.,0.,1.));
#6789=DIRECTION('',(0.866025403784438,0.5,0.));
#6790=DIRECTION('',(0.,0.,1.));
#6791=DIRECTION('',(0.866025403784438,0.5,0.));
#6792=DIRECTION('',(0.,0.,1.));
#6793=DIRECTION('',(0.866025403784438,0.5,0.));
#6794=DIRECTION('',(0.,0.,1.));
#6795=DIRECTION('',(0.866025403784438,0.5,0.));
#6796=DIRECTION('',(0.,0.,-1.));
#6797=DIRECTION('',(0.60918119013712,-0.793031069746402,0.));
#6798=DIRECTION('',(0.793031069746402,0.60918119013712,0.));
#6799=DIRECTION('',(0.,0.,1.));
#6800=DIRECTION('',(0.866025403784438,0.5,0.));
#6801=DIRECTION('',(0.,0.,1.));
#6802=DIRECTION('',(0.866025403784438,0.5,0.));
#6803=DIRECTION('',(0.,0.,-1.));
#6804=DIRECTION('',(-0.866025403784438,-0.5,0.));
#6805=DIRECTION('',(0.0583737307297773,-0.101106267451319,-0.993161633493134));
#6806=DIRECTION('',(-0.496580816746568,0.860103204669103,-0.116747461459554));
#6807=DIRECTION('',(0.,0.,-1.));
#6808=DIRECTION('',(0.,0.,1.));
#6809=DIRECTION('',(-0.866025403784438,-0.5,0.));
#6810=DIRECTION('',(0.0868240888334655,-0.150383733180435,0.984807753012208));
#6811=DIRECTION('',(-0.492403876506105,0.852868531952443,0.17364817766693));
#6812=DIRECTION('',(0.,0.,1.));
#6813=DIRECTION('',(-0.866025403784438,-0.5,0.));
#6814=DIRECTION('',(0.,0.,1.));
#6815=DIRECTION('',(0.0583737307297773,-0.101106267451319,0.993161633493134));
#6816=DIRECTION('',(-0.496580816746567,0.860103204669104,0.116747461459554));
#6817=DIRECTION('',(0.5,-0.866025403784438,0.));
#6818=DIRECTION('',(0.,0.,1.));
#6819=DIRECTION('',(0.,0.,1.));
#6820=DIRECTION('',(0.866025403784438,0.5,-1.38777878078145E-17));
#6821=DIRECTION('',(0.,0.,1.));
#6822=DIRECTION('',(-0.866025403784438,-0.5,0.));
#6823=DIRECTION('',(0.,0.,1.));
#6824=DIRECTION('',(0.0583737307297773,-0.101106267451319,0.993161633493134));
#6825=DIRECTION('',(-0.496580816746568,0.860103204669103,0.116747461459554));
#6826=DIRECTION('',(0.,0.,-1.));
#6827=DIRECTION('',(-0.866025403784438,-0.5,0.));
#6828=DIRECTION('',(0.0845767068980322,-0.146491153484253,0.985589733408956));
#6829=DIRECTION('',(0.492794866704479,-0.853545746841288,-0.169153413796064));
#6830=DIRECTION('',(0.0845767068980322,-0.146491153484253,-0.985589733408956));
#6831=DIRECTION('',(-0.492794866704479,0.853545746841288,-0.169153413796064));
#6832=DIRECTION('',(-0.866025403784438,-0.5,0.));
#6833=DIRECTION('',(0.,0.,1.));
#6834=DIRECTION('',(-0.866025403784438,-0.5,0.));
#6835=DIRECTION('',(-0.5,0.866025403784438,0.));
#6836=DIRECTION('',(-0.866025403784438,-0.5,0.));
#6837=DIRECTION('',(-0.5,0.866025403784438,0.));
#6838=DIRECTION('',(-0.0868240888334655,0.150383733180435,0.984807753012208));
#6839=DIRECTION('',(0.492403876506105,-0.852868531952443,0.17364817766693));
#6840=DIRECTION('',(0.492403876506105,-0.852868531952443,0.173648177666931));
#6841=DIRECTION('',(-0.0868240888334655,0.150383733180435,0.984807753012208));
#6842=DIRECTION('',(-0.492403876506105,0.852868531952443,-0.17364817766693));
#6843=DIRECTION('',(-0.0868240888334655,0.150383733180435,0.984807753012208));
#6844=DIRECTION('',(-0.492403876506105,0.852868531952443,-0.17364817766693));
#6845=DIRECTION('',(0.866025403784438,0.5,-2.90663784718747E-19));
#6846=DIRECTION('',(-0.0868240888334655,0.150383733180435,0.984807753012208));
#6847=DIRECTION('',(-0.492403876506105,0.852868531952443,-0.17364817766693));
#6848=DIRECTION('',(-0.0868240888334655,0.150383733180435,0.984807753012208));
#6849=DIRECTION('',(-0.492403876506105,0.852868531952443,-0.17364817766693));
#6850=DIRECTION('',(-0.0868240888334655,0.150383733180435,-0.984807753012208));
#6851=DIRECTION('',(0.492403876506105,-0.852868531952443,-0.17364817766693));
#6852=DIRECTION('',(-0.0868240888334655,0.150383733180435,-0.984807753012208));
#6853=DIRECTION('',(0.492403876506105,-0.852868531952443,-0.17364817766693));
#6854=DIRECTION('',(-0.0868240888334655,0.150383733180435,-0.984807753012208));
#6855=DIRECTION('',(-0.492403876506105,0.852868531952443,0.17364817766693));
#6856=DIRECTION('',(0.866025403784438,0.5,2.90663784718747E-19));
#6857=DIRECTION('',(-0.0868240888334655,0.150383733180435,-0.984807753012208));
#6858=DIRECTION('',(-0.492403876506105,0.852868531952443,0.17364817766693));
#6859=DIRECTION('',(-0.0868240888334655,0.150383733180435,-0.984807753012208));
#6860=DIRECTION('',(0.492403876506105,-0.852868531952443,-0.17364817766693));
#6861=DIRECTION('',(-0.492403876506105,0.852868531952443,0.173648177666931));
#6862=DIRECTION('',(0.,0.,1.));
#6863=DIRECTION('',(0.866025403784438,-0.5,0.));
#6864=DIRECTION('',(0.,0.,-1.));
#6865=DIRECTION('',(0.866025403784438,-0.5,0.));
#6866=DIRECTION('',(-0.866025403784438,0.5,0.));
#6867=DIRECTION('',(0.,0.,-1.));
#6868=DIRECTION('',(0.,0.,-1.));
#6869=DIRECTION('',(0.866025403784438,-0.5,0.));
#6870=DIRECTION('',(-0.866025403784438,0.5,0.));
#6871=DIRECTION('',(0.5,0.866025403784438,0.));
#6872=DIRECTION('',(-0.866025403784438,0.5,0.));
#6873=DIRECTION('',(0.,0.,-1.));
#6874=DIRECTION('',(0.866025403784438,-0.5,0.));
#6875=DIRECTION('',(0.866025403784438,-0.5,0.));
#6876=DIRECTION('',(-0.866025403784438,0.5,0.));
#6877=DIRECTION('',(0.5,0.866025403784438,0.));
#6878=DIRECTION('',(0.866025403784438,-0.5,0.));
#6879=DIRECTION('',(0.,0.,1.));
#6880=DIRECTION('',(0.866025403784438,-0.5,0.));
#6881=DIRECTION('',(0.866025403784438,-0.5,0.));
#6882=DIRECTION('',(0.,0.,1.));
#6883=DIRECTION('',(0.866025403784438,-0.5,0.));
#6884=DIRECTION('',(0.,0.,-1.));
#6885=DIRECTION('',(0.866025403784438,-0.5,0.));
#6886=DIRECTION('',(0.,0.,-1.));
#6887=DIRECTION('',(0.866025403784438,-0.5,0.));
#6888=DIRECTION('',(0.,0.,-1.));
#6889=DIRECTION('',(0.866025403784438,-0.5,0.));
#6890=DIRECTION('',(-0.866025403784438,0.5,0.));
#6891=DIRECTION('',(0.,0.,1.));
#6892=DIRECTION('',(-0.866025403784438,0.5,0.));
#6893=DIRECTION('',(0.,0.,-1.));
#6894=DIRECTION('',(-0.866025403784438,0.5,0.));
#6895=DIRECTION('',(-0.866025403784438,0.5,0.));
#6896=DIRECTION('',(0.,0.,-1.));
#6897=DIRECTION('',(-0.866025403784438,0.5,0.));
#6898=DIRECTION('',(0.,0.,1.));
#6899=DIRECTION('',(0.866025403784438,-0.5,0.));
#6900=DIRECTION('',(0.672324040093587,0.740256972349628,0.));
#6901=DIRECTION('',(-0.740256972349628,0.672324040093587,0.));
#6902=DIRECTION('',(0.,0.,-1.));
#6903=DIRECTION('',(0.866025403784438,-0.5,0.));
#6904=DIRECTION('',(0.,0.,-1.));
#6905=DIRECTION('',(0.866025403784438,-0.5,0.));
#6906=DIRECTION('',(0.,0.,1.));
#6907=DIRECTION('',(0.866025403784438,-0.5,0.));
#6908=DIRECTION('',(0.560806525926301,0.827946882643128,-7.16979201485492E-15));
#6909=DIRECTION('',(-0.827946882643128,0.560806525926301,0.));
#6910=DIRECTION('',(0.,0.,-1.));
#6911=DIRECTION('',(0.866025403784438,-0.5,0.));
#6912=DIRECTION('',(0.,0.,-1.));
#6913=DIRECTION('',(0.866025403784438,-0.5,0.));
#6914=DIRECTION('',(0.,0.,-1.));
#6915=DIRECTION('',(0.866025403784438,-0.5,0.));
#6916=DIRECTION('',(0.,0.,-1.));
#6917=DIRECTION('',(0.866025403784438,-0.5,0.));
#6918=DIRECTION('',(0.,0.,-1.));
#6919=DIRECTION('',(0.866025403784438,-0.5,0.));
#6920=DIRECTION('',(0.,0.,-1.));
#6921=DIRECTION('',(-0.866025403784438,0.5,0.));
#6922=DIRECTION('',(3.10395578251479E-17,-1.79206970658762E-17,-1.));
#6923=DIRECTION('',(0.,0.,-1.));
#6924=DIRECTION('',(0.,0.,-1.));
#6925=DIRECTION('',(0.866025403784438,-0.5,0.));
#6926=DIRECTION('',(0.,0.,1.));
#6927=DIRECTION('',(0.866025403784438,-0.5,0.));
#6928=DIRECTION('',(0.,0.,-1.));
#6929=DIRECTION('',(0.866025403784438,-0.5,0.));
#6930=DIRECTION('',(0.,0.,1.));
#6931=DIRECTION('',(0.866025403784438,-0.5,0.));
#6932=DIRECTION('',(0.,0.,-1.));
#6933=DIRECTION('',(0.866025403784438,-0.5,0.));
#6934=DIRECTION('',(0.,0.,-1.));
#6935=DIRECTION('',(0.866025403784438,-0.5,0.));
#6936=DIRECTION('',(0.,0.,-1.));
#6937=DIRECTION('',(0.866025403784438,-0.5,0.));
#6938=DIRECTION('',(0.,0.,1.));
#6939=DIRECTION('',(0.866025403784438,-0.5,0.));
#6940=DIRECTION('',(-0.665255428295559,-0.746615841730734,0.));
#6941=DIRECTION('',(0.746615841730734,-0.665255428295559,0.));
#6942=DIRECTION('',(0.,0.,-1.));
#6943=DIRECTION('',(0.866025403784438,-0.5,0.));
#6944=DIRECTION('',(0.,0.,-1.));
#6945=DIRECTION('',(0.866025403784438,-0.5,0.));
#6946=DIRECTION('',(0.,0.,-1.));
#6947=DIRECTION('',(0.866025403784438,-0.5,0.));
#6948=DIRECTION('',(0.,0.,-1.));
#6949=DIRECTION('',(0.866025403784438,-0.5,0.));
#6950=DIRECTION('',(0.,0.,-1.));
#6951=DIRECTION('',(0.866025403784438,-0.5,0.));
#6952=DIRECTION('',(0.,0.,-1.));
#6953=DIRECTION('',(0.866025403784438,-0.5,0.));
#6954=DIRECTION('',(-0.866025403784438,0.5,0.));
#6955=DIRECTION('',(0.,0.,-1.));
#6956=DIRECTION('',(0.866025403784438,-0.5,0.));
#6957=DIRECTION('',(-0.560806525926301,-0.827946882643128,-7.16979201485492E-15));
#6958=DIRECTION('',(-0.827946882643128,0.560806525926301,0.));
#6959=DIRECTION('',(0.,0.,-1.));
#6960=DIRECTION('',(0.866025403784438,-0.5,0.));
#6961=DIRECTION('',(0.,0.,-1.));
#6962=DIRECTION('',(0.866025403784438,-0.5,0.));
#6963=DIRECTION('',(-0.672324040093587,-0.740256972349628,0.));
#6964=DIRECTION('',(-0.740256972349628,0.672324040093587,0.));
#6965=DIRECTION('',(0.,0.,-1.));
#6966=DIRECTION('',(0.866025403784438,-0.5,0.));
#6967=DIRECTION('',(0.,0.,-1.));
#6968=DIRECTION('',(0.866025403784438,-0.5,0.));
#6969=DIRECTION('',(0.866025403784438,-0.5,0.));
#6970=DIRECTION('',(0.,0.,1.));
#6971=DIRECTION('',(-0.866025403784438,0.5,0.));
#6972=DIRECTION('',(0.,0.,-1.));
#6973=DIRECTION('',(-0.866025403784438,0.5,0.));
#6974=DIRECTION('',(0.866025403784438,-0.5,0.));
#6975=DIRECTION('',(0.,0.,1.));
#6976=DIRECTION('',(0.,0.,-1.));
#6977=DIRECTION('',(0.866025403784438,-0.5,0.));
#6978=DIRECTION('',(0.,0.,-1.));
#6979=DIRECTION('',(0.866025403784438,-0.5,0.));
#6980=DIRECTION('',(0.665255428295559,0.746615841730734,0.));
#6981=DIRECTION('',(0.746615841730734,-0.665255428295559,0.));
#6982=DIRECTION('',(0.,0.,-1.));
#6983=DIRECTION('',(-0.866025403784438,0.5,0.));
#6984=DIRECTION('',(0.,0.,-1.));
#6985=DIRECTION('',(4.30096729581028E-16,7.4494938780355E-16,-1.));
#6986=DIRECTION('',(0.5,0.866025403784438,8.60193459162053E-16));
#6987=DIRECTION('',(4.30096729581028E-16,7.4494938780355E-16,-1.));
#6988=DIRECTION('',(0.,0.,-1.));
#6989=DIRECTION('',(-0.866025403784438,0.5,0.));
#6990=DIRECTION('',(0.0868240888334655,0.150383733180435,-0.984807753012208));
#6991=DIRECTION('',(-0.492403876506105,-0.852868531952443,-0.17364817766693));
#6992=DIRECTION('',(0.5,0.866025403784438,0.));
#6993=DIRECTION('',(0.,0.,-1.));
#6994=DIRECTION('',(0.,0.,-1.));
#6995=DIRECTION('',(0.866025403784438,-0.5,1.38777878078145E-17));
#6996=DIRECTION('',(0.,0.,-1.));
#6997=DIRECTION('',(0.,0.,-1.));
#6998=DIRECTION('',(-0.866025403784438,0.5,0.));
#6999=DIRECTION('',(0.0583737307297773,0.101106267451319,-0.993161633493134));
#7000=DIRECTION('',(-0.496580816746567,-0.860103204669104,-0.116747461459554));
#7001=DIRECTION('',(0.,0.,-1.));
#7002=DIRECTION('',(-0.866025403784438,0.5,0.));
#7003=DIRECTION('',(0.,0.,1.));
#7004=DIRECTION('',(-0.866025403784438,0.5,0.));
#7005=DIRECTION('',(-0.5,-0.866025403784438,0.));
#7006=DIRECTION('',(-0.866025403784438,0.5,0.));
#7007=DIRECTION('',(-0.5,-0.866025403784438,0.));
#7008=DIRECTION('',(0.,0.,-1.));
#7009=DIRECTION('',(0.,0.,-1.));
#7010=DIRECTION('',(0.866025403784438,-0.5,0.));
#7011=DIRECTION('',(0.,0.,-1.));
#7012=DIRECTION('',(0.866025403784438,-0.5,0.));
#7013=DIRECTION('',(0.60918119013712,0.793031069746402,0.));
#7014=DIRECTION('',(0.793031069746402,-0.60918119013712,0.));
#7015=DIRECTION('',(0.,0.,-1.));
#7016=DIRECTION('',(0.866025403784438,-0.5,0.));
#7017=DIRECTION('',(0.,0.,1.));
#7018=DIRECTION('',(0.866025403784438,-0.5,0.));
#7019=DIRECTION('',(0.,0.,-1.));
#7020=DIRECTION('',(0.,0.,-1.));
#7021=DIRECTION('',(0.866025403784438,-0.5,0.));
#7022=DIRECTION('',(-0.60918119013712,-0.793031069746402,0.));
#7023=DIRECTION('',(0.793031069746402,-0.60918119013712,0.));
#7024=DIRECTION('',(0.,0.,1.));
#7025=DIRECTION('',(0.866025403784438,-0.5,0.));
#7026=DIRECTION('',(0.,0.,-1.));
#7027=DIRECTION('',(0.866025403784438,-0.5,0.));
#7028=DIRECTION('',(0.,0.,-1.));
#7029=DIRECTION('',(-0.866025403784438,0.5,0.));
#7030=DIRECTION('',(0.,0.,-1.));
#7031=DIRECTION('',(0.0583737307297773,0.101106267451319,-0.993161633493134));
#7032=DIRECTION('',(-0.496580816746568,-0.860103204669103,-0.116747461459554));
#7033=DIRECTION('',(0.,0.,1.));
#7034=DIRECTION('',(-0.866025403784438,0.5,0.));
#7035=DIRECTION('',(-0.0868240888334655,-0.150383733180435,-0.984807753012208));
#7036=DIRECTION('',(-0.492403876506105,-0.852868531952443,0.17364817766693));
#7037=DIRECTION('',(0.,0.,-1.));
#7038=DIRECTION('',(-0.866025403784438,0.5,0.));
#7039=DIRECTION('',(0.0896266846039123,0.155237971447927,0.98380294247763));
#7040=DIRECTION('',(0.491901471238816,0.851998340503508,-0.179253369207824));
#7041=DIRECTION('',(0.,0.,1.));
#7042=DIRECTION('',(0.0896266846039123,0.155237971447927,-0.98380294247763));
#7043=DIRECTION('',(-0.491901471238816,-0.851998340503508,-0.179253369207824));
#7044=DIRECTION('',(0.,0.,1.));
#7045=DIRECTION('',(-0.866025403784438,0.5,0.));
#7046=DIRECTION('',(0.0583737307297773,0.101106267451319,0.993161633493134));
#7047=DIRECTION('',(-0.496580816746567,-0.860103204669104,0.116747461459554));
#7048=DIRECTION('',(0.,0.,1.));
#7049=DIRECTION('',(0.5,0.866025403784438,0.));
#7050=DIRECTION('',(0.,0.,1.));
#7051=DIRECTION('',(0.866025403784438,-0.5,-1.38777878078145E-17));
#7052=DIRECTION('',(0.,0.,1.));
#7053=DIRECTION('',(0.,0.,1.));
#7054=DIRECTION('',(-0.866025403784438,0.5,0.));
#7055=DIRECTION('',(0.0583737307297773,0.101106267451319,0.993161633493134));
#7056=DIRECTION('',(-0.496580816746568,-0.860103204669103,0.116747461459554));
#7057=DIRECTION('',(0.,0.,1.));
#7058=DIRECTION('',(0.,0.,-1.));
#7059=DIRECTION('',(-0.866025403784438,0.5,0.));
#7060=DIRECTION('',(0.,0.,-1.));
#7061=DIRECTION('',(0.0845767068980322,0.146491153484253,-0.985589733408956));
#7062=DIRECTION('',(-0.492794866704479,-0.853545746841288,-0.169153413796064));
#7063=DIRECTION('',(0.0845767068980322,0.146491153484253,0.985589733408956));
#7064=DIRECTION('',(0.492794866704479,0.853545746841288,-0.169153413796064));
#7065=DIRECTION('',(-0.0868240888334655,-0.150383733180435,0.984807753012208));
#7066=DIRECTION('',(0.492403876506105,0.852868531952443,0.17364817766693));
#7067=DIRECTION('',(-0.0868240888334655,-0.150383733180435,0.984807753012208));
#7068=DIRECTION('',(-0.492403876506105,-0.852868531952443,-0.17364817766693));
#7069=DIRECTION('',(0.492403876506105,0.852868531952443,0.173648177666931));
#7070=DIRECTION('',(-0.0868240888334655,-0.150383733180435,0.984807753012208));
#7071=DIRECTION('',(-0.492403876506105,-0.852868531952443,-0.17364817766693));
#7072=DIRECTION('',(-0.0868240888334655,-0.150383733180435,0.984807753012208));
#7073=DIRECTION('',(-0.492403876506105,-0.852868531952443,-0.17364817766693));
#7074=DIRECTION('',(0.866025403784438,-0.5,-2.90663784718747E-19));
#7075=DIRECTION('',(-0.0868240888334655,-0.150383733180435,0.984807753012208));
#7076=DIRECTION('',(-0.492403876506105,-0.852868531952443,-0.17364817766693));
#7077=DIRECTION('',(-0.0868240888334655,-0.150383733180435,-0.984807753012208));
#7078=DIRECTION('',(0.492403876506105,0.852868531952443,-0.17364817766693));
#7079=DIRECTION('',(0.492403876506105,0.852868531952443,-0.173648177666931));
#7080=DIRECTION('',(-0.0868240888334655,-0.150383733180435,-0.984807753012208));
#7081=DIRECTION('',(0.492403876506105,0.852868531952443,-0.17364817766693));
#7082=DIRECTION('',(-0.0868240888334655,-0.150383733180435,-0.984807753012208));
#7083=DIRECTION('',(-0.492403876506105,-0.852868531952443,0.17364817766693));
#7084=DIRECTION('',(0.866025403784438,-0.5,2.90663784718747E-19));
#7085=DIRECTION('',(-0.0868240888334655,-0.150383733180435,-0.984807753012208));
#7086=DIRECTION('',(-0.492403876506105,-0.852868531952443,0.17364817766693));
#7087=DIRECTION('',(-0.0868240888334655,-0.150383733180435,-0.984807753012208));
#7088=DIRECTION('',(0.492403876506105,0.852868531952443,-0.17364817766693));
#7089=DIRECTION('',(0.866025403784438,-0.5,0.));
#7090=DIRECTION('',(0.5,0.866025403784438,0.));
#7091=DIRECTION('',(0.866025403784438,-0.5,0.));
#7092=DIRECTION('',(-0.5,-0.866025403784438,0.));
#7093=DIRECTION('',(0.492403876506105,0.852868531952443,0.173648177666931));
#7094=DIRECTION('',(0.492403876506105,0.852868531952443,-0.173648177666931));
#7095=DIRECTION('',(-1.,0.,0.));
#7096=DIRECTION('',(0.,0.,1.));
#7097=DIRECTION('',(1.,0.,0.));
#7098=DIRECTION('',(0.,0.,-1.));
#7099=DIRECTION('',(-1.,0.,0.));
#7100=DIRECTION('',(0.,0.,1.));
#7101=DIRECTION('',(1.,0.,0.));
#7102=DIRECTION('',(0.,0.,-1.));
#7103=DIRECTION('',(1.,0.,0.));
#7104=DIRECTION('',(0.,0.,-1.));
#7105=DIRECTION('',(-1.,0.,0.));
#7106=DIRECTION('',(0.,0.,1.));
#7107=DIRECTION('',(1.,0.,0.));
#7108=DIRECTION('',(0.,0.,-1.));
#7109=DIRECTION('',(-1.,0.,0.));
#7110=DIRECTION('',(0.,0.,1.));
#7111=DIRECTION('',(1.,0.,0.));
#7112=DIRECTION('',(0.,0.,-1.));
#7113=DIRECTION('',(-1.,0.,0.));
#7114=DIRECTION('',(0.,0.,1.));
#7115=DIRECTION('',(1.,0.,0.));
#7116=DIRECTION('',(0.,0.,-1.));
#7117=DIRECTION('',(-1.,0.,0.));
#7118=DIRECTION('',(0.,0.,1.));
#7119=DIRECTION('',(1.,0.,0.));
#7120=DIRECTION('',(0.,0.,-1.));
#7121=DIRECTION('',(-1.,0.,0.));
#7122=DIRECTION('',(0.,0.,1.));
#7123=DIRECTION('',(1.,0.,0.));
#7124=DIRECTION('',(0.,0.,-1.));
#7125=DIRECTION('',(-1.,0.,0.));
#7126=DIRECTION('',(0.,0.,1.));
#7127=DIRECTION('',(1.,0.,0.));
#7128=DIRECTION('',(0.,0.,-1.));
#7129=DIRECTION('',(-1.,0.,0.));
#7130=DIRECTION('',(0.,0.,1.));
#7131=DIRECTION('',(1.,0.,0.));
#7132=DIRECTION('',(0.,0.,-1.));
#7133=DIRECTION('',(-1.,0.,0.));
#7134=DIRECTION('',(0.,0.,1.));
#7135=DIRECTION('',(1.,0.,0.));
#7136=DIRECTION('',(0.,0.,-1.));
#7137=DIRECTION('',(-1.,0.,0.));
#7138=DIRECTION('',(0.,0.,1.));
#7139=DIRECTION('',(1.,0.,0.));
#7140=DIRECTION('',(0.,0.,-1.));
#7141=DIRECTION('',(-1.,0.,0.));
#7142=DIRECTION('',(0.,0.,1.));
#7143=DIRECTION('',(1.,0.,0.));
#7144=DIRECTION('',(0.,0.,-1.));
#7145=DIRECTION('',(-1.,0.,0.));
#7146=DIRECTION('',(0.,0.,1.));
#7147=DIRECTION('',(1.,0.,0.));
#7148=DIRECTION('',(0.,0.,-1.));
#7149=DIRECTION('',(-1.,0.,0.));
#7150=DIRECTION('',(0.,0.,1.));
#7151=DIRECTION('',(1.,0.,0.));
#7152=DIRECTION('',(0.,0.,-1.));
#7153=DIRECTION('',(-1.,0.,0.));
#7154=DIRECTION('',(0.,0.,1.));
#7155=DIRECTION('',(1.,0.,0.));
#7156=DIRECTION('',(0.,0.,-1.));
#7157=DIRECTION('',(-1.,0.,0.));
#7158=DIRECTION('',(0.,0.,1.));
#7159=DIRECTION('',(1.,0.,0.));
#7160=DIRECTION('',(0.,0.,-1.));
#7161=DIRECTION('',(-1.,0.,0.));
#7162=DIRECTION('',(0.,0.,1.));
#7163=DIRECTION('',(1.,0.,0.));
#7164=DIRECTION('',(0.,0.,-1.));
#7165=DIRECTION('',(-1.,0.,0.));
#7166=DIRECTION('',(0.,0.,1.));
#7167=DIRECTION('',(1.,0.,0.));
#7168=DIRECTION('',(0.,0.,-1.));
#7169=DIRECTION('',(-1.,0.,0.));
#7170=DIRECTION('',(0.,0.,1.));
#7171=DIRECTION('',(1.,0.,0.));
#7172=DIRECTION('',(0.,0.,-1.));
#7173=DIRECTION('',(-1.,0.,0.));
#7174=DIRECTION('',(0.,0.,1.));
#7175=DIRECTION('',(1.,0.,0.));
#7176=DIRECTION('',(0.,0.,-1.));
#7177=DIRECTION('',(-1.,0.,0.));
#7178=DIRECTION('',(0.,0.,1.));
#7179=DIRECTION('',(1.,0.,0.));
#7180=DIRECTION('',(0.,0.,-1.));
#7181=DIRECTION('',(-1.,0.,0.));
#7182=DIRECTION('',(0.,0.,1.));
#7183=DIRECTION('',(1.,0.,0.));
#7184=DIRECTION('',(0.,0.,-1.));
#7185=DIRECTION('',(-1.,0.,0.));
#7186=DIRECTION('',(0.,0.,1.));
#7187=DIRECTION('',(-1.,0.,0.));
#7188=DIRECTION('',(0.,0.,1.));
#7189=DIRECTION('',(-1.,0.,0.));
#7190=DIRECTION('',(0.,0.,1.));
#7191=DIRECTION('',(-0.492403876506104,-0.852868531952443,0.173648177666929));
#7192=DIRECTION('',(0.866025403784439,-0.5,0.));
#7193=DIRECTION('',(0.492403876506105,0.852868531952443,-0.173648177666931));
#7194=DIRECTION('',(-0.866025403784438,0.5,0.));
#7195=DIRECTION('',(-0.655555406104209,-0.735729511570661,0.170144630628014));
#7196=DIRECTION('',(0.746615841730731,-0.665255428295562,0.));
#7197=DIRECTION('',(-0.866025403784437,0.5,-8.19782617858563E-16));
#7198=DIRECTION('',(-0.5,-0.866025403784437,0.));
#7199=DIRECTION('',(-0.866025403784438,0.5,1.38777878078145E-17));
#7200=DIRECTION('',(-0.5,-0.866025403784438,0.));
#7201=DIRECTION('',(-0.866025403784436,0.5,-1.0885638040417E-15));
#7202=DIRECTION('',(-0.5,-0.866025403784436,0.));
#7203=DIRECTION('',(0.662559552758041,0.729505862169861,-0.169811766697342));
#7204=DIRECTION('',(-0.740256972349631,0.672324040093583,0.));
#7205=DIRECTION('',(0.540642912481168,0.823193899987207,-0.173369674994599));
#7206=DIRECTION('',(-0.835851347440677,0.548955849756248,0.));
#7207=DIRECTION('',(0.483306300774489,0.837111068559581,-0.256242226275678));
#7208=DIRECTION('',(-0.866025403784439,0.5,0.));
#7209=DIRECTION('',(0.390745990037808,0.676791907600155,-0.623915286778835));
#7210=DIRECTION('',(0.,0.677801491590036,0.735244951018586));
#7211=DIRECTION('',(0.425452417252371,0.736905202884127,-0.525319866953858));
#7212=DIRECTION('',(0.,0.580476259195773,0.814277171797221));
#7213=DIRECTION('',(0.,0.910647741274303,-0.413183604844154));
#7214=DIRECTION('',(0.,0.413183604844154,0.910647741274303));
#7215=DIRECTION('',(-1.,0.,0.));
#7216=DIRECTION('',(0.,0.,1.));
#7217=DIRECTION('',(0.,0.910647741274303,0.413183604844154));
#7218=DIRECTION('',(0.,-0.413183604844154,0.910647741274303));
#7219=DIRECTION('',(-0.425452417252384,0.736905202884127,0.525319866953848));
#7220=DIRECTION('',(0.,-0.580476259195766,0.814277171797227));
#7221=DIRECTION('',(-0.39074599003849,0.676791907600183,0.623915286778378));
#7222=DIRECTION('',(0.,-0.677801491589753,0.735244951018846));
#7223=DIRECTION('',(-0.483306300774488,0.837111068559581,0.256242226275679));
#7224=DIRECTION('',(-0.866025403784439,-0.5,0.));
#7225=DIRECTION('',(-0.54064291247994,0.823193899987837,0.173369674995436));
#7226=DIRECTION('',(-0.835851347441443,-0.548955849755082,0.));
#7227=DIRECTION('',(-0.66255955275804,0.729505862169863,0.169811766697342));
#7228=DIRECTION('',(-0.740256972349633,-0.672324040093581,0.));
#7229=DIRECTION('',(0.866025403784439,0.5,2.15024948946507E-16));
#7230=DIRECTION('',(-0.5,0.866025403784439,0.));
#7231=DIRECTION('',(-0.866025403784438,-0.5,1.38777878078145E-17));
#7232=DIRECTION('',(0.5,-0.866025403784438,0.));
#7233=DIRECTION('',(0.866025403784437,0.5,8.19782617858563E-16));
#7234=DIRECTION('',(-0.5,0.866025403784437,0.));
#7235=DIRECTION('',(-0.492403876506108,0.852868531952448,0.173648177666897));
#7236=DIRECTION('',(-0.866025403784438,-0.5,0.));
#7237=DIRECTION('',(0.655555406104202,-0.735729511570667,-0.170144630628014));
#7238=DIRECTION('',(0.746615841730737,0.665255428295555,0.));
#7239=DIRECTION('',(-0.492403876506105,0.852868531952443,0.173648177666931));
#7240=DIRECTION('',(-0.866025403784438,-0.5,0.));
#7241=DIRECTION('',(-0.492403876506105,-0.852868531952443,-0.173648177666932));
#7242=DIRECTION('',(0.866025403784438,-0.5,0.));
#7243=DIRECTION('',(0.492403876506105,0.852868531952443,0.173648177666931));
#7244=DIRECTION('',(-0.866025403784438,0.5,0.));
#7245=DIRECTION('',(-0.655555406104203,-0.735729511570666,-0.170144630628014));
#7246=DIRECTION('',(0.746615841730736,-0.665255428295557,0.));
#7247=DIRECTION('',(-0.866025403784437,0.5,2.35183537910243E-15));
#7248=DIRECTION('',(-0.5,-0.866025403784437,0.));
#7249=DIRECTION('',(-0.866025403784438,0.5,-1.38777878078145E-17));
#7250=DIRECTION('',(-0.5,-0.866025403784438,0.));
#7251=DIRECTION('',(-0.866025403784438,0.5,-9.67612270259286E-16));
#7252=DIRECTION('',(-0.5,-0.866025403784438,0.));
#7253=DIRECTION('',(0.662559552758041,0.729505862169861,0.169811766697342));
#7254=DIRECTION('',(-0.740256972349631,0.672324040093583,0.));
#7255=DIRECTION('',(0.540642912480642,0.823193899987551,0.173369674994606));
#7256=DIRECTION('',(-0.835851347441028,0.548955849755714,0.));
#7257=DIRECTION('',(0.483306300774514,0.837111068559622,0.256242226275498));
#7258=DIRECTION('',(-0.866025403784438,0.5,0.));
#7259=DIRECTION('',(0.390745990038298,0.676791907600133,0.623915286778553));
#7260=DIRECTION('',(0.,-0.677801491589883,0.735244951018727));
#7261=DIRECTION('',(0.425452417252388,0.736905202884127,0.525319866953844));
#7262=DIRECTION('',(0.,-0.580476259195763,0.814277171797229));
#7263=DIRECTION('',(0.,0.910647741274303,0.413183604844154));
#7264=DIRECTION('',(0.,-0.413183604844154,0.910647741274303));
#7265=DIRECTION('',(-1.,0.,0.));
#7266=DIRECTION('',(0.,0.,1.));
#7267=DIRECTION('',(0.,0.910647741274303,-0.413183604844154));
#7268=DIRECTION('',(0.,0.413183604844154,0.910647741274303));
#7269=DIRECTION('',(-0.425452417252386,0.736905202884125,-0.525319866953847));
#7270=DIRECTION('',(0.,0.580476259195766,0.814277171797227));
#7271=DIRECTION('',(-0.39074599003805,0.676791907599705,-0.623915286779172));
#7272=DIRECTION('',(0.,0.677801491590478,0.735244951018178));
#7273=DIRECTION('',(-0.48330630077449,0.83711106855958,-0.256242226275678));
#7274=DIRECTION('',(-0.866025403784438,-0.5,0.));
#7275=DIRECTION('',(-0.540642912481145,0.823193899987223,-0.173369674994593));
#7276=DIRECTION('',(-0.835851347440694,-0.548955849756223,0.));
#7277=DIRECTION('',(-0.662559552758042,0.729505862169861,-0.169811766697339));
#7278=DIRECTION('',(-0.740256972349631,-0.672324040093583,0.));
#7279=DIRECTION('',(0.866025403784437,0.5,2.70125092114051E-15));
#7280=DIRECTION('',(-0.5,0.866025403784437,0.));
#7281=DIRECTION('',(-0.866025403784438,-0.5,-1.38777878078145E-17));
#7282=DIRECTION('',(0.5,-0.866025403784438,0.));
#7283=DIRECTION('',(0.866025403784438,0.5,-3.60166789485401E-15));
#7284=DIRECTION('',(-0.5,0.866025403784438,0.));
#7285=DIRECTION('',(-0.492403876506102,0.852868531952445,-0.173648177666929));
#7286=DIRECTION('',(-0.86602540378444,-0.5,0.));
#7287=DIRECTION('',(0.655555406104207,-0.735729511570661,0.170144630628021));
#7288=DIRECTION('',(0.746615841730732,0.665255428295561,0.));
#7289=DIRECTION('',(0.492403876506105,-0.852868531952443,0.173648177666931));
#7290=DIRECTION('',(0.866025403784438,0.5,0.));
#7291=DIRECTION('',(-1.,0.,0.));
#7292=DIRECTION('',(0.,0.,1.));
#7293=DIRECTION('',(-1.,0.,0.));
#7294=DIRECTION('',(0.,0.,1.));
#7295=DIRECTION('',(-0.426074132433041,0.737982045164857,0.523300424885864));
#7296=DIRECTION('',(0.,-0.578431767641989,0.815730770648358));
#7297=DIRECTION('',(-0.408928830330068,0.708285510811389,0.575420582617212));
#7298=DIRECTION('',(0.,-0.630552099606943,0.776146925318445));
#7299=DIRECTION('',(-0.0659024276698503,0.114146353066313,0.99127568320265));
#7300=DIRECTION('',(0.,-0.99343534007263,0.114395039642369));
#7301=DIRECTION('',(0.06590242766985,-0.114146353066313,0.99127568320265));
#7302=DIRECTION('',(0.,-0.99343534007263,-0.114395039642368));
#7303=DIRECTION('',(0.408928830330067,-0.708285510811389,0.575420582617213));
#7304=DIRECTION('',(0.,-0.630552099606943,-0.776146925318445));
#7305=DIRECTION('',(0.426074132433041,-0.737982045164858,0.523300424885863));
#7306=DIRECTION('',(0.,-0.578431767641988,-0.815730770648358));
#7307=DIRECTION('',(-0.426074132433041,-0.737982045164857,-0.523300424885864));
#7308=DIRECTION('',(0.,0.578431767641989,-0.815730770648358));
#7309=DIRECTION('',(-0.408928830330068,-0.70828551081139,-0.575420582617211));
#7310=DIRECTION('',(0.,0.630552099606942,-0.776146925318446));
#7311=DIRECTION('',(-0.0659024276698512,-0.114146353066315,-0.99127568320265));
#7312=DIRECTION('',(0.,0.993435340072629,-0.114395039642371));
#7313=DIRECTION('',(0.0659024276698511,0.114146353066315,-0.99127568320265));
#7314=DIRECTION('',(0.,0.993435340072629,0.11439503964237));
#7315=DIRECTION('',(0.408928830330067,0.708285510811389,-0.575420582617213));
#7316=DIRECTION('',(0.,0.630552099606944,0.776146925318444));
#7317=DIRECTION('',(0.426074132433041,0.737982045164858,-0.523300424885863));
#7318=DIRECTION('',(0.,0.578431767641988,0.815730770648358));
#7319=DIRECTION('',(-1.,0.,0.));
#7320=DIRECTION('',(0.,0.,1.));
#7321=DIRECTION('',(-1.,0.,0.));
#7322=DIRECTION('',(0.,0.,1.));
#7323=DIRECTION('',(-4.21282939759225E-16,0.237398613203494,-0.9714123215448));
#7324=DIRECTION('',(0.,0.9714123215448,0.237398613203494));
#7325=DIRECTION('',(0.,0.237398613203494,0.9714123215448));
#7326=DIRECTION('',(0.,-0.9714123215448,0.237398613203494));
#7327=DIRECTION('',(1.,0.,0.));
#7328=DIRECTION('',(0.,0.,-1.));
#7329=DIRECTION('',(0.342896428058478,0.593914035131161,0.727796783792673));
#7330=DIRECTION('',(0.,-0.774768506396874,0.632245016979618));
#7331=DIRECTION('',(-0.342896428057225,-0.593914035130923,0.727796783793457));
#7332=DIRECTION('',(0.,-0.774768506397331,-0.632245016979057));
#7333=DIRECTION('',(0.342896428058537,-0.593914035129147,0.727796783794289));
#7334=DIRECTION('',(0.,-0.774768506398611,-0.632245016977489));
#7335=DIRECTION('',(-0.342896428058475,0.593914035131165,0.727796783792671));
#7336=DIRECTION('',(0.,-0.774768506396871,0.632245016979621));
#7337=DIRECTION('',(0.,0.,-1.));
#7338=DIRECTION('',(-1.,0.,0.));
#7339=DIRECTION('',(1.,0.,0.));
#7340=DIRECTION('',(0.17364817766693,0.984807753012208,0.));
#7341=DIRECTION('',(1.,0.,0.));
#7342=DIRECTION('',(0.,1.,0.));
#7343=DIRECTION('',(-0.707106781186547,-0.707106781186549,0.));
#7344=DIRECTION('',(0.,1.,0.));
#7345=DIRECTION('',(0.,0.,-1.));
#7346=DIRECTION('',(-1.,0.,0.));
#7347=DIRECTION('',(0.,0.,-1.));
#7348=DIRECTION('',(0.,0.,-1.));
#7349=DIRECTION('',(-1.,0.,0.));
#7350=DIRECTION('',(0.,0.,1.));
#7351=DIRECTION('',(0.,0.,-1.));
#7352=DIRECTION('',(-1.,0.,0.));
#7353=DIRECTION('',(0.,0.,1.));
#7354=DIRECTION('',(-1.,0.,0.));
#7355=DIRECTION('',(0.,0.,-1.));
#7356=DIRECTION('',(0.,0.,1.));
#7357=DIRECTION('',(1.,0.,0.));
#7358=DIRECTION('',(0.,0.,1.));
#7359=DIRECTION('',(0.,0.,1.));
#7360=DIRECTION('',(1.,0.,0.));
#7361=DIRECTION('',(0.,0.,-1.));
#7362=DIRECTION('',(1.,0.,0.));
#7363=DIRECTION('',(-1.,0.,0.));
#7364=DIRECTION('',(-0.17364817766693,-0.984807753012208,0.));
#7365=DIRECTION('',(1.,0.,0.));
#7366=DIRECTION('',(0.,-1.,0.));
#7367=DIRECTION('',(0.,0.,1.));
#7368=DIRECTION('',(1.,0.,0.));
#7369=DIRECTION('',(1.,0.,0.));
#7370=DIRECTION('',(-0.17364817766693,-0.984807753012208,0.));
#7371=DIRECTION('',(-1.,0.,0.));
#7372=DIRECTION('',(0.,-1.,0.));
#7373=DIRECTION('',(0.,0.,-1.));
#7374=DIRECTION('',(-1.,0.,0.));
#7375=DIRECTION('',(0.,0.,1.));
#7376=DIRECTION('',(0.,0.,-1.));
#7377=DIRECTION('',(-1.,0.,0.));
#7378=DIRECTION('',(0.,0.,1.));
#7379=DIRECTION('',(0.,0.,-1.));
#7380=DIRECTION('',(-1.,0.,0.));
#7381=DIRECTION('',(0.,0.,1.));
#7382=DIRECTION('',(-1.,0.,0.));
#7383=DIRECTION('',(0.,0.,-1.));
#7384=DIRECTION('',(0.,0.,1.));
#7385=DIRECTION('',(1.,0.,0.));
#7386=DIRECTION('',(0.,0.,-1.));
#7387=DIRECTION('',(0.,0.,1.));
#7388=DIRECTION('',(1.,0.,0.));
#7389=DIRECTION('',(0.,0.,-1.));
#7390=DIRECTION('',(-1.,0.,0.));
#7391=DIRECTION('',(0.,1.,0.));
#7392=DIRECTION('',(0.,0.,1.));
#7393=DIRECTION('',(-1.,0.,0.));
#7394=DIRECTION('',(0.,0.,1.));
#7395=DIRECTION('',(0.,1.,0.));
#7396=DIRECTION('',(0.,0.,1.));
#7397=DIRECTION('',(1.,0.,0.));
#7398=DIRECTION('',(1.,0.,0.));
#7399=DIRECTION('',(0.,0.,-1.));
#7400=DIRECTION('',(-1.,0.,0.));
#7401=DIRECTION('',(-1.,0.,0.));
#7402=DIRECTION('',(0.,0.,1.));
#7403=DIRECTION('',(-0.173648177666935,-0.984807753012207,0.));
#7404=DIRECTION('',(0.984807753012207,-0.173648177666935,0.));
#7405=DIRECTION('',(-0.984807753012208,0.17364817766693,0.));
#7406=DIRECTION('',(-0.17364817766693,-0.984807753012208,0.));
#7407=DIRECTION('',(-0.984807753012208,0.17364817766693,0.));
#7408=DIRECTION('',(0.17364817766693,0.984807753012208,0.));
#7409=DIRECTION('',(0.17364817766693,0.984807753012208,0.));
#7410=DIRECTION('',(-0.17364817766693,-0.984807753012208,0.));
#7411=DIRECTION('',(1.,0.,0.));
#7412=DIRECTION('',(0.,0.,-1.));
#7413=DIRECTION('',(-1.,0.,0.));
#7414=DIRECTION('',(0.,0.,1.));
#7415=DIRECTION('',(-1.,0.,0.));
#7416=DIRECTION('',(0.,0.,1.));
#7417=DIRECTION('',(1.,0.,0.));
#7418=DIRECTION('',(0.,0.,-1.));
#7419=DIRECTION('',(-1.,0.,0.));
#7420=DIRECTION('',(0.,0.,1.));
#7421=DIRECTION('',(-1.,0.,0.));
#7422=DIRECTION('',(0.,0.,1.));
#7423=DIRECTION('',(-0.984807753012208,0.17364817766693,0.));
#7424=DIRECTION('',(-0.17364817766693,-0.984807753012208,0.));
#7425=DIRECTION('',(0.17364817766693,0.984807753012208,0.));
#7426=DIRECTION('',(-0.984807753012208,0.17364817766693,0.));
#7427=DIRECTION('',(0.17364817766693,0.984807753012208,0.));
#7428=DIRECTION('',(-0.17364817766693,-0.984807753012208,0.));
#7429=DIRECTION('',(0.,0.,1.));
#7430=DIRECTION('',(1.,0.,0.));
#7431=DIRECTION('',(0.173648177666935,0.984807753012207,-7.53078925898559E-16));
#7432=DIRECTION('',(-0.984807753012207,0.173648177666935,0.));
#7433=DIRECTION('',(1.,0.,0.));
#7434=DIRECTION('',(0.,0.,-1.));
#7435=DIRECTION('',(0.,1.,0.));
#7436=DIRECTION('',(0.,0.,-1.));
#7437=DIRECTION('',(1.,0.,0.));
#7438=DIRECTION('',(1.,0.,0.));
#7439=DIRECTION('',(-1.,0.,0.));
#7440=DIRECTION('',(0.,0.,-1.));
#7441=DIRECTION('',(0.,-1.,0.));
#7442=DIRECTION('',(-1.,0.,0.));
#7443=DIRECTION('',(0.,0.,1.));
#7444=DIRECTION('',(-1.,0.,0.));
#7445=DIRECTION('',(0.,0.,1.));
#7446=DIRECTION('',(-1.,0.,0.));
#7447=DIRECTION('',(0.,0.,1.));
#7448=DIRECTION('',(0.,-1.,0.));
#7449=DIRECTION('',(0.,1.,0.));
#7450=DIRECTION('',(0.,0.,-1.));
#7451=DIRECTION('',(0.,1.,0.));
#7452=DIRECTION('',(0.,0.,1.));
#7453=DIRECTION('',(1.,0.,0.));
#7454=DIRECTION('',(1.,0.,0.));
#7455=DIRECTION('',(0.,0.,-1.));
#7456=DIRECTION('',(0.,-1.,0.));
#7457=DIRECTION('',(0.,0.,-1.));
#7458=DIRECTION('',(0.,0.,1.));
#7459=DIRECTION('',(1.,0.,0.));
#7460=DIRECTION('',(0.,0.,1.));
#7461=DIRECTION('',(1.,0.,0.));
#7462=DIRECTION('',(0.,0.,-1.));
#7463=DIRECTION('',(0.,0.,-1.));
#7464=DIRECTION('',(-1.,0.,0.));
#7465=DIRECTION('',(0.,-1.,0.));
#7466=DIRECTION('',(0.,0.,-1.));
#7467=DIRECTION('',(-1.73472347597681E-14,-1.,0.));
#7468=DIRECTION('',(1.,-1.73472347597681E-14,0.));
#7469=DIRECTION('',(1.,0.,0.));
#7470=DIRECTION('',(0.,0.,-1.));
#7471=DIRECTION('',(-0.17364817766693,-0.984807753012208,0.));
#7472=DIRECTION('',(0.984807753012208,-0.17364817766693,0.));
#7473=DIRECTION('',(-0.17364817766693,-0.984807753012208,0.));
#7474=DIRECTION('',(0.984807753012208,-0.17364817766693,0.));
#7475=DIRECTION('',(1.,0.,0.));
#7476=DIRECTION('',(0.,0.,-1.));
#7477=DIRECTION('',(0.,-1.,0.));
#7478=DIRECTION('',(0.,0.,-1.));
#7479=DIRECTION('',(0.,-1.,1.73472347597681E-14));
#7480=DIRECTION('',(0.,-1.73472347597681E-14,-1.));
#7481=DIRECTION('',(0.,0.,-1.));
#7482=DIRECTION('',(-1.,0.,0.));
#7483=DIRECTION('',(0.707106781186548,0.707106781186548,1.83995210002005E-14));
#7484=DIRECTION('',(-0.707106781186548,0.707106781186548,0.));
#7485=DIRECTION('',(0.,0.,1.));
#7486=DIRECTION('',(1.,0.,0.));
#7487=DIRECTION('',(0.707106781186561,0.707106781186535,0.));
#7488=DIRECTION('',(-0.707106781186535,0.707106781186561,0.));
#7489=DIRECTION('',(0.707106781186549,-0.707106781186547,0.));
#7490=DIRECTION('',(0.,0.,-1.));
#7491=DIRECTION('',(0.707106781186547,0.707106781186549,0.));
#7492=DIRECTION('',(0.707106781186549,-0.707106781186547,0.));
#7493=DIRECTION('',(0.707106781186547,0.707106781186549,0.));
#7494=DIRECTION('',(-0.707106781186547,-0.707106781186549,0.));
#7495=DIRECTION('',(0.707106781186547,0.707106781186549,0.));
#7496=DIRECTION('',(-0.707106781186549,0.707106781186547,0.));
#7497=DIRECTION('',(0.707106781186547,0.707106781186549,0.));
#7498=DIRECTION('',(-0.707106781186549,0.707106781186547,0.));
#7499=DIRECTION('',(-0.707106781186547,-0.707106781186549,0.));
#7500=DIRECTION('',(0.707106781186549,-0.707106781186547,0.));
#7501=DIRECTION('',(-0.707106781186547,-0.707106781186549,0.));
#7502=DIRECTION('',(0.707106781186549,-0.707106781186547,0.));
#7503=DIRECTION('',(1.,0.,0.));
#7504=DIRECTION('',(0.,0.,-1.));
#7505=DIRECTION('',(0.17364817766693,0.984807753012208,0.));
#7506=DIRECTION('',(-0.984807753012208,0.17364817766693,0.));
#7507=DIRECTION('',(0.173648177666935,0.984807753012207,0.));
#7508=DIRECTION('',(-0.984807753012207,0.173648177666935,0.));
#7509=DIRECTION('',(0.,0.,-1.));
#7510=DIRECTION('',(-1.,0.,0.));
#7511=DIRECTION('',(1.,0.,0.));
#7512=DIRECTION('',(0.,0.,-1.));
#7513=DIRECTION('',(1.,0.,0.));
#7514=DIRECTION('',(0.,0.,-1.));
#7515=DIRECTION('',(1.,0.,0.));
#7516=DIRECTION('',(0.,0.,-1.));
#7517=DIRECTION('',(0.,0.,-1.));
#7518=DIRECTION('',(-1.,0.,0.));
#7519=DIRECTION('',(0.,-1.,0.));
#7520=DIRECTION('',(0.,0.,-1.));
#7521=DIRECTION('',(0.,1.,0.));
#7522=DIRECTION('',(0.,0.,1.));
#7523=DIRECTION('',(0.,-1.,0.));
#7524=DIRECTION('',(0.,0.,-1.));
#7525=DIRECTION('',(-1.,0.,0.));
#7526=DIRECTION('',(0.,0.,1.));
#7527=DIRECTION('',(-8.72057431852234E-16,-0.0502706883217329,-0.998735629631615));
#7528=DIRECTION('',(0.,0.998735629631615,-0.0502706883217329));
#7529=DIRECTION('',(-1.,0.,0.));
#7530=DIRECTION('',(0.,0.,1.));
#7531=DIRECTION('',(1.08283133938528E-15,0.0502706883217329,-0.998735629631615));
#7532=DIRECTION('',(0.,0.998735629631615,0.0502706883217329));
#7533=DIRECTION('',(-1.,0.,0.));
#7534=DIRECTION('',(0.,0.,1.));
#7535=DIRECTION('',(0.,1.,0.));
#7536=DIRECTION('',(0.,0.,1.));
#7537=DIRECTION('',(0.,1.,0.));
#7538=DIRECTION('',(0.,0.,1.));
#7539=DIRECTION('',(0.,1.,0.));
#7540=DIRECTION('',(0.,0.,1.));
#7541=DIRECTION('',(0.,0.,1.));
#7542=DIRECTION('',(1.,0.,0.));
#7543=DIRECTION('',(-1.,0.,0.));
#7544=DIRECTION('',(0.,0.,1.));
#7545=DIRECTION('',(1.,0.,0.));
#7546=DIRECTION('',(0.,0.,-1.));
#7547=DIRECTION('',(-1.,0.,0.));
#7548=DIRECTION('',(0.,0.,1.));
#7549=DIRECTION('',(0.,0.,1.));
#7550=DIRECTION('',(1.,0.,0.));
#7551=DIRECTION('',(-0.173648177666935,-0.984807753012207,0.));
#7552=DIRECTION('',(0.984807753012207,-0.173648177666935,0.));
#7553=DIRECTION('',(0.17364817766693,0.984807753012208,0.));
#7554=DIRECTION('',(-0.984807753012208,0.17364817766693,0.));
#7555=DIRECTION('',(1.,0.,0.));
#7556=DIRECTION('',(0.,0.,-1.));
#7557=DIRECTION('',(1.,0.,0.));
#7558=DIRECTION('',(0.,0.,-1.));
#7559=DIRECTION('',(0.,-0.991558861984539,-0.129657329989194));
#7560=DIRECTION('',(0.,0.129657329989194,-0.991558861984539));
#7561=DIRECTION('',(-0.128581045032743,-0.128581045032744,0.983327935999265));
#7562=DIRECTION('',(0.,-0.991558861984538,-0.129657329989194));
#7563=DIRECTION('',(0.128581045032743,0.128581045032744,0.983327935999265));
#7564=DIRECTION('',(0.,-0.991558861984539,0.129657329989194));
#7565=DIRECTION('',(0.,-0.991558861984539,0.129657329989194));
#7566=DIRECTION('',(0.,-0.129657329989194,-0.991558861984539));
#7567=DIRECTION('',(-1.,5.67085885639118E-16,4.33680868994202E-15));
#7568=DIRECTION('',(4.33680868994202E-15,0.,1.));
#7569=DIRECTION('',(1.,0.,0.));
#7570=DIRECTION('',(0.,0.,-1.));
#7571=DIRECTION('',(0.0115907088649401,0.0657341764622209,0.997769849971847));
#7572=DIRECTION('',(0.,-0.997836879187444,0.0657385924207571));
#7573=DIRECTION('',(-0.0241986651609143,-0.137237449786106,-0.99024254957088));
#7574=DIRECTION('',(0.,0.990532607801658,-0.13727764887864));
#7575=DIRECTION('',(-1.,0.,0.));
#7576=DIRECTION('',(0.,0.,1.));
#7577=DIRECTION('',(1.,0.,0.));
#7578=DIRECTION('',(0.,0.,-1.));
#7579=DIRECTION('',(-1.,0.,0.));
#7580=DIRECTION('',(0.,0.,1.));
#7581=DIRECTION('',(0.,1.,0.));
#7582=DIRECTION('',(0.,0.,1.));
#7583=DIRECTION('',(0.,1.,0.));
#7584=DIRECTION('',(0.,0.,1.));
#7585=DIRECTION('',(0.,1.,0.));
#7586=DIRECTION('',(0.,0.,1.));
#7587=DIRECTION('',(0.46468501605277,0.885476050413583,0.));
#7588=DIRECTION('',(-0.885476050413583,0.46468501605277,0.));
#7589=DIRECTION('',(0.737200120681289,0.675648219081308,-0.00595534379780664));
#7590=DIRECTION('',(-0.675660200710339,0.737213193842911,0.));
#7591=DIRECTION('',(0.750691927076988,0.64971428864833,0.119720398210295));
#7592=DIRECTION('',(-0.654421115560535,0.75613028209992,0.));
#7593=DIRECTION('',(0.573280276169165,0.156488187919474,0.804276800608525));
#7594=DIRECTION('',(0.814309228550152,0.,-0.580431288179796));
#7595=DIRECTION('',(1.89816663016083E-15,0.129657329989194,0.991558861984538));
#7596=DIRECTION('',(0.,-0.991558861984539,0.129657329989194));
#7597=DIRECTION('',(-1.,0.,0.));
#7598=DIRECTION('',(0.,0.,1.));
#7599=DIRECTION('',(-2.84724994524331E-15,-0.129657329989194,0.991558861984539));
#7600=DIRECTION('',(0.,-0.991558861984539,-0.129657329989194));
#7601=DIRECTION('',(-0.573280276175225,-0.156488187919605,0.804276800604181));
#7602=DIRECTION('',(0.81430922854577,0.,0.580431288185943));
#7603=DIRECTION('',(-0.750691927076999,-0.64971428864832,0.119720398210281));
#7604=DIRECTION('',(0.654421115560524,-0.75613028209993,0.));
#7605=DIRECTION('',(-0.73720012068129,-0.675648219081307,-0.0059553437978085));
#7606=DIRECTION('',(0.675660200710337,-0.737213193842912,0.));
#7607=DIRECTION('',(-0.46468501605277,-0.885476050413583,0.));
#7608=DIRECTION('',(0.885476050413583,-0.46468501605277,0.));
#7609=DIRECTION('',(0.,-1.,0.));
#7610=DIRECTION('',(0.,0.,-1.));
#7611=DIRECTION('',(0.,-1.,0.));
#7612=DIRECTION('',(0.,0.,-1.));
#7613=DIRECTION('',(1.73472347597681E-14,-1.,0.));
#7614=DIRECTION('',(1.,1.73472347597681E-14,0.));
#7615=DIRECTION('',(1.,0.,0.));
#7616=DIRECTION('',(0.,0.,-1.));
#7617=DIRECTION('',(1.,0.,0.));
#7618=DIRECTION('',(0.,0.,-1.));
#7619=DIRECTION('',(1.,0.,0.));
#7620=DIRECTION('',(0.,0.,-1.));
#7621=DIRECTION('',(0.0241986651609138,0.137237449786103,-0.99024254957088));
#7622=DIRECTION('',(0.,0.990532607801658,0.137277648878637));
#7623=DIRECTION('',(0.011590708864941,0.0657341764622198,-0.997769849971847));
#7624=DIRECTION('',(0.,0.997836879187444,0.065738592420756));
#7625=CARTESIAN_POINT('',(0.,0.,0.));
#7626=CARTESIAN_POINT('',(0.00280890328485402,0.,0.));
#7627=CARTESIAN_POINT('',(0.00280890328485402,-0.02734705808962,0.00357593146599784));
#7628=CARTESIAN_POINT('',(0.00376841097030233,-0.02734705808962,0.00357593146599784));
#7629=CARTESIAN_POINT('',(0.00309588793132937,-0.02734705808962,0.00357593146599784));
#7630=CARTESIAN_POINT('',(0.00309588793132937,0.,0.));
#7631=CARTESIAN_POINT('',(0.00309588793132937,-0.02734705808962,-0.00357593146599784));
#7632=CARTESIAN_POINT('',(0.00280890328485402,-0.02734705808962,-0.00357593146599784));
#7633=CARTESIAN_POINT('',(0.00376841097030233,-0.02734705808962,-0.00357593146599784));
#7634=CARTESIAN_POINT('',(0.0309171572875254,0.,0.));
#7635=CARTESIAN_POINT('',(-0.0027388736053509,-0.0265,0.00375));
#7636=CARTESIAN_POINT('',(0.00275614409883127,-0.0275347296355334,0.00375));
#7637=CARTESIAN_POINT('',(0.00316781992623545,-0.0252,0.00375));
#7638=CARTESIAN_POINT('',(0.00310495105149132,-0.0255565471063563,0.00375));
#7639=CARTESIAN_POINT('',(-0.0027388736053509,-0.0255565471063563,0.00375));
#7640=CARTESIAN_POINT('',(0.0038,-0.0255565471063563,0.00375));
#7641=CARTESIAN_POINT('',(0.0038,-0.0255565471063563,0.00375));
#7642=CARTESIAN_POINT('',(0.00401257952636863,-0.0255565471063563,0.00375));
#7643=CARTESIAN_POINT('',(0.0042,-0.0257487139511313,0.00375));
#7644=CARTESIAN_POINT('',(0.0042,-0.0259612230066189,0.00375));
#7645=CARTESIAN_POINT('',(0.0042,-0.0259612230066189,0.00375));
#7646=CARTESIAN_POINT('',(0.0042,-0.0263178446733299,0.00375));
#7647=CARTESIAN_POINT('',(0.0042,-0.0262885706771881,0.00375));
#7648=CARTESIAN_POINT('',(0.0042,-0.0262885706771882,0.00375));
#7649=CARTESIAN_POINT('',(0.00420000000000001,-0.0264870549861309,0.00375));
#7650=CARTESIAN_POINT('',(0.00415233761351937,-0.0266812933184058,0.00375));
#7651=CARTESIAN_POINT('',(0.00406009837189226,-0.0268570589156332,0.00375));
#7652=CARTESIAN_POINT('',(0.00406009837189226,-0.0268570589156332,0.00375));
#7653=CARTESIAN_POINT('',(0.000839141841087248,-0.0300780154464382,0.00375));
#7654=CARTESIAN_POINT('',(0.0045,-0.0264171572875254,0.00375));
#7655=CARTESIAN_POINT('',(0.0045,-0.0252,0.00375));
#7656=CARTESIAN_POINT('',(0.0045,-0.0252,0.00375));
#7657=CARTESIAN_POINT('',(-0.0027388736053509,-0.0252,0.00375));
#7658=CARTESIAN_POINT('',(0.0029086225184575,-0.00276218707889798,0.));
#7659=CARTESIAN_POINT('',(-0.00483974596215562,-0.0161827549630852,-0.0237505391777296));
#7660=CARTESIAN_POINT('',(-0.00483974596215562,-0.0161827549630852,0.0214752862302328));
#7661=CARTESIAN_POINT('',(-0.00483974596215562,-0.0161827549630852,0.0180658306748496));
#7662=CARTESIAN_POINT('',(-0.00483974596215562,-0.0161827549630852,0.0180658306748496));
#7663=CARTESIAN_POINT('',(-0.00490065950836021,-0.0162882603199807,0.0179910172041793));
#7664=CARTESIAN_POINT('',(-0.00496026906165093,-0.0163915070948967,0.0179122453553804));
#7665=CARTESIAN_POINT('',(-0.00501872904845057,-0.0164927627622435,0.0178299839026065));
#7666=CARTESIAN_POINT('',(-0.00501872904845057,-0.0164927627622435,0.0178299839026065));
#7667=CARTESIAN_POINT('',(0.00343195289992454,-0.00185575226905268,0.));
#7668=CARTESIAN_POINT('',(-0.00984137748154252,-0.0248458348754012,0.00261989400560565));
#7669=CARTESIAN_POINT('',(-0.00984137748154252,-0.0248458348754012,0.0151));
#7670=CARTESIAN_POINT('',(-0.00984137748154252,-0.0248458348754012,0.0159240654171818));
#7671=CARTESIAN_POINT('',(-0.00984137748154252,-0.0248458348754012,0.0159240654171818));
#7672=CARTESIAN_POINT('',(-0.00920007523568654,-0.0237350668025706,0.0162640748789463));
#7673=CARTESIAN_POINT('',(-0.00797217534686258,-0.0216082818085193,0.0171697425896944));
#7674=CARTESIAN_POINT('',(-0.0068434497240789,-0.0196532716820532,0.0185582590075361));
#7675=CARTESIAN_POINT('',(-0.00632386093055358,-0.0187533174926239,0.0193879012799684));
#7676=CARTESIAN_POINT('',(-0.0063238609305536,-0.0187533174926239,0.0193879012799685));
#7677=CARTESIAN_POINT('',(0.00402160670043897,-0.000834441927685602,0.));
#7678=CARTESIAN_POINT('',(0.0029086225184575,0.00276218707889798,0.));
#7679=CARTESIAN_POINT('',(-0.00483974596215562,0.0161827549630852,0.0237505391777296));
#7680=CARTESIAN_POINT('',(-0.00483974596215562,0.0161827549630852,-0.0214752862302328));
#7681=CARTESIAN_POINT('',(-0.00483974596215562,0.0161827549630852,-0.0180658306748496));
#7682=CARTESIAN_POINT('',(-0.00483974596215562,0.0161827549630852,-0.0180658306748496));
#7683=CARTESIAN_POINT('',(-0.00490065950836022,0.0162882603199807,-0.0179910172041793));
#7684=CARTESIAN_POINT('',(-0.00496026906165094,0.0163915070948967,-0.0179122453553804));
#7685=CARTESIAN_POINT('',(-0.00501872904845058,0.0164927627622435,-0.0178299839026066));
#7686=CARTESIAN_POINT('',(-0.00501872904845058,0.0164927627622435,-0.0178299839026065));
#7687=CARTESIAN_POINT('',(0.00343195289992454,0.00185575226905268,0.));
#7688=CARTESIAN_POINT('',(-0.00984137748154252,0.0248458348754012,-0.00261989400560565));
#7689=CARTESIAN_POINT('',(-0.00984137748154252,0.0248458348754012,0.0151));
#7690=CARTESIAN_POINT('',(-0.00984137748154252,0.0248458348754012,-0.0159240654171818));
#7691=CARTESIAN_POINT('',(-0.0098413774815425,0.0248458348754011,-0.0159240654171818));
#7692=CARTESIAN_POINT('',(-0.00920007523568653,0.0237350668025705,-0.0162640748789464));
#7693=CARTESIAN_POINT('',(-0.00797217534686252,0.0216082818085193,-0.0171697425896944));
#7694=CARTESIAN_POINT('',(-0.0068434497240789,0.0196532716820532,-0.0185582590075362));
#7695=CARTESIAN_POINT('',(-0.00632386093055359,0.0187533174926239,-0.0193879012799685));
#7696=CARTESIAN_POINT('',(-0.0063238609305536,0.0187533174926239,-0.0193879012799685));
#7697=CARTESIAN_POINT('',(0.00402160670043897,0.000834441927685602,0.));
#7698=CARTESIAN_POINT('',(-0.00385355339059328,0.0158,0.));
#7699=CARTESIAN_POINT('',(-0.00264644660940672,0.0158,0.));
#7700=CARTESIAN_POINT('',(-0.00264644660940672,0.0158,-0.00593933982822017));
#7701=CARTESIAN_POINT('',(-0.00335355339059328,0.0222564401308674,0.00157785720780423));
#7702=CARTESIAN_POINT('',(-0.00335355339059328,0.022383195888424,0.00105918482359906));
#7703=CARTESIAN_POINT('',(-0.00336784594343334,0.0225240211472448,-4.99779567283629E-6));
#7704=CARTESIAN_POINT('',(-0.00335355339059328,0.0223831313829243,-0.00105944877390767));
#7705=CARTESIAN_POINT('',(-0.00335355339059328,0.0222564401308674,-0.00157785720780423));
#7706=CARTESIAN_POINT('',(-0.00335355339059328,0.0222564401308674,0.00157785720780423));
#7707=CARTESIAN_POINT('',(-0.00335355339059328,0.0222564401308674,-0.00157785720780423));
#7708=CARTESIAN_POINT('',(-0.00335355339059328,0.0158,0.));
#7709=CARTESIAN_POINT('',(-0.0035,0.,0.));
#7710=CARTESIAN_POINT('',(-0.0035,0.,0.));
#7711=CARTESIAN_POINT('',(-0.0035,0.0111827549630851,0.0197094494332365));
#7712=CARTESIAN_POINT('',(-0.0035,0.0225998862508136,0.00166179029242446));
#7713=CARTESIAN_POINT('',(-0.0035,0.0158,0.));
#7714=CARTESIAN_POINT('',(-0.0035,0.0225998862508136,-0.00166179029242446));
#7715=CARTESIAN_POINT('',(-0.0035,0.,0.));
#7716=CARTESIAN_POINT('',(-0.0035,0.0111827549630851,-0.0197094522743111));
#7717=CARTESIAN_POINT('',(-0.0035,0.0111827549630851,-0.0237505391777296));
#7718=CARTESIAN_POINT('',(-0.0035,0.0111827549630851,-0.0246465504172136));
#7719=CARTESIAN_POINT('',(-0.0035,0.,0.));
#7720=CARTESIAN_POINT('',(-0.0035,-0.0111827549630851,-0.0246465504172136));
#7721=CARTESIAN_POINT('',(-0.0035,-0.0111827549630851,0.0237505391777296));
#7722=CARTESIAN_POINT('',(-0.0035,-0.0111827549630851,-0.0197094494332365));
#7723=CARTESIAN_POINT('',(-0.0035,0.,0.));
#7724=CARTESIAN_POINT('',(-0.0035,-0.0111827549630851,0.0197094494332365));
#7725=CARTESIAN_POINT('',(-0.0035,-0.0111827549630851,0.0237505391777296));
#7726=CARTESIAN_POINT('',(-0.0035,-0.0111827549630851,0.0246465504172136));
#7727=CARTESIAN_POINT('',(-0.0035,0.,0.));
#7728=CARTESIAN_POINT('',(-0.0035,0.0111827549630851,0.0246465504172136));
#7729=CARTESIAN_POINT('',(-0.0035,0.0111827549630851,-0.0237505391777296));
#7730=CARTESIAN_POINT('',(-0.0135,-0.0111827549630851,0.));
#7731=CARTESIAN_POINT('',(-0.00483974596215562,-0.0161827549630852,-0.0237505391777296));
#7732=CARTESIAN_POINT('',(-0.00483974596215562,-0.0161827549630852,-0.0180658306748496));
#7733=CARTESIAN_POINT('',(-0.00483974596215562,-0.0161827549630852,-0.0214752862302327));
#7734=CARTESIAN_POINT('',(-0.00483974596215562,-0.0161827549630852,-0.0180658306748496));
#7735=CARTESIAN_POINT('',(-0.0044530906725563,-0.0155130483564839,-0.0185882058863977));
#7736=CARTESIAN_POINT('',(-0.00376368146017428,-0.0139505236421529,-0.0193420945546014));
#7737=CARTESIAN_POINT('',(-0.0035,-0.0120986005465019,-0.0196312171364137));
#7738=CARTESIAN_POINT('',(-0.0035,-0.0111827549630851,-0.0197094494332365));
#7739=CARTESIAN_POINT('',(-0.0035,-0.0111827549630851,-0.0246465504172136));
#7740=CARTESIAN_POINT('',(-0.0035,-0.012103253790912,-0.024187131799709));
#7741=CARTESIAN_POINT('',(-0.00375662665084257,-0.0138869545836151,-0.0231695756796766));
#7742=CARTESIAN_POINT('',(-0.00441489811086368,-0.0154468968991611,-0.0220523169590119));
#7743=CARTESIAN_POINT('',(-0.00483974596215574,-0.0161827549630854,-0.0214752862302327));
#7744=CARTESIAN_POINT('',(-0.0135,-0.0111827549630851,0.));
#7745=CARTESIAN_POINT('',(-0.00483974596215562,-0.0161827549630852,0.0180658306748496));
#7746=CARTESIAN_POINT('',(-0.0044537752969933,-0.0155142341607929,0.0185872809518507));
#7747=CARTESIAN_POINT('',(-0.00376222805082586,-0.0139447000260362,0.01934387927574));
#7748=CARTESIAN_POINT('',(-0.0035,-0.0121011196172408,0.0196310019511229));
#7749=CARTESIAN_POINT('',(-0.0035,-0.0111827549630851,0.0197094494332365));
#7750=CARTESIAN_POINT('',(-0.00483974596215562,-0.0161827549630852,0.0214752862302328));
#7751=CARTESIAN_POINT('',(-0.0039896078837579,-0.0147102726178513,0.0226299485250965));
#7752=CARTESIAN_POINT('',(-0.0035,-0.0130252730070787,0.0237269543602612));
#7753=CARTESIAN_POINT('',(-0.0035,-0.0111827549630851,0.0246465504172136));
#7754=CARTESIAN_POINT('',(-0.0135,0.0111827549630851,0.));
#7755=CARTESIAN_POINT('',(-0.00483974596215562,0.0161827549630852,-0.0180658306748496));
#7756=CARTESIAN_POINT('',(-0.0044537752969933,0.0155142341607929,-0.0185872809518507));
#7757=CARTESIAN_POINT('',(-0.00376222805082585,0.013944700026036,-0.0193438792757371));
#7758=CARTESIAN_POINT('',(-0.0035,0.0121011196172413,-0.0196310019511288));
#7759=CARTESIAN_POINT('',(-0.0035,0.0111827549630851,-0.0197094494332365));
#7760=CARTESIAN_POINT('',(-0.00483974596215562,0.0161827549630852,-0.0214752862302328));
#7761=CARTESIAN_POINT('',(-0.0039896078837579,0.0147102726178513,-0.0226299485250965));
#7762=CARTESIAN_POINT('',(-0.0035,0.0130252730070787,-0.0237269543602612));
#7763=CARTESIAN_POINT('',(-0.0035,0.0111827549630851,-0.0246465504172136));
#7764=CARTESIAN_POINT('',(-0.0135,0.0111827549630851,0.));
#7765=CARTESIAN_POINT('',(-0.00483974596215562,0.0161827549630852,0.0237505391777296));
#7766=CARTESIAN_POINT('',(-0.00483974596215562,0.0161827549630852,0.0180658306748496));
#7767=CARTESIAN_POINT('',(-0.00483974596215562,0.0161827549630852,0.0214752862302328));
#7768=CARTESIAN_POINT('',(-0.00483974596215562,0.0161827549630852,0.0180658306748496));
#7769=CARTESIAN_POINT('',(-0.0044530906725563,0.0155130483564839,0.0185882058863977));
#7770=CARTESIAN_POINT('',(-0.00376368146017428,0.0139505236421529,0.0193420945546014));
#7771=CARTESIAN_POINT('',(-0.0035,0.0120986005465019,0.0196312171364137));
#7772=CARTESIAN_POINT('',(-0.0035,0.0111827549630851,0.0197094494332365));
#7773=CARTESIAN_POINT('',(-0.0035,0.0111827549630851,0.0246465504172136));
#7774=CARTESIAN_POINT('',(-0.0035,0.012103253790912,0.024187131799709));
#7775=CARTESIAN_POINT('',(-0.00375662665084259,0.0138869545836151,0.0231695756796766));
#7776=CARTESIAN_POINT('',(-0.00441489811086359,0.0154468968991609,0.022052316959012));
#7777=CARTESIAN_POINT('',(-0.00483974596215562,0.0161827549630852,0.0214752862302328));
#7778=CARTESIAN_POINT('',(-0.0042609690068058,0.,0.));
#7779=CARTESIAN_POINT('',(0.0027,-0.0260270505081999,-0.00131005413766435));
#7780=CARTESIAN_POINT('',(0.0045,-0.0260270505081999,-0.00131005413766435));
#7781=CARTESIAN_POINT('',(0.00305720941485095,-0.0260270505081999,-0.00131005413766435));
#7782=CARTESIAN_POINT('',(0.00265513690650337,-0.0260036290716134,-0.00171314771848415));
#7783=CARTESIAN_POINT('',(0.00265268343520256,-0.0260176510115358,-0.00150031065798221));
#7784=CARTESIAN_POINT('',(0.00284394715008823,-0.0260270505081884,-0.00131005413766529));
#7785=CARTESIAN_POINT('',(0.00305720941485116,-0.0260270505081884,-0.00131005413766435));
#7786=CARTESIAN_POINT('',(0.00265513690650337,-0.0260036290716134,-0.00171314771848415));
#7787=CARTESIAN_POINT('',(0.00720508919533448,0.,0.));
#7788=CARTESIAN_POINT('',(0.00268844303799959,-0.0258132797592999,-0.00357745552977573));
#7789=CARTESIAN_POINT('',(0.00268844303799959,-0.0258132797592999,-0.00357745552977573));
#7790=CARTESIAN_POINT('',(0.00269364626932639,-0.0257835425469497,-0.00379202562722792));
#7791=CARTESIAN_POINT('',(0.00288823415376041,-0.0257542002162277,-0.00398054911059553));
#7792=CARTESIAN_POINT('',(0.00310495105149132,-0.0257542002162277,-0.00398054911059553));
#7793=CARTESIAN_POINT('',(0.00310495105149132,-0.0257542002162277,-0.00398054911059553));
#7794=CARTESIAN_POINT('',(-0.0042609690068058,-0.0257542002162277,-0.00398054911059553));
#7795=CARTESIAN_POINT('',(0.0038,-0.0257542002162277,-0.00398054911059553));
#7796=CARTESIAN_POINT('',(0.0038,0.,0.));
#7797=CARTESIAN_POINT('',(0.0038,-0.0257542002162276,0.00398054911059576));
#7798=CARTESIAN_POINT('',(-0.0042609690068058,-0.0257542002162277,0.00398054911059553));
#7799=CARTESIAN_POINT('',(0.00310495105149132,-0.0257542002162277,0.00398054911059553));
#7800=CARTESIAN_POINT('',(0.00310495105149132,-0.0257542002162277,0.00398054911059553));
#7801=CARTESIAN_POINT('',(0.00288828594052468,-0.0257542002162277,0.00398054911059553));
#7802=CARTESIAN_POINT('',(0.00269364600148624,-0.0257835440776946,0.00379201458207475));
#7803=CARTESIAN_POINT('',(0.00268844303799959,-0.0258132797592999,0.00357745552977573));
#7804=CARTESIAN_POINT('',(0.00268844303799959,-0.0258132797592999,0.00357745552977573));
#7805=CARTESIAN_POINT('',(0.00720508919533448,0.,0.));
#7806=CARTESIAN_POINT('',(0.00265513690650337,-0.0260036290716134,0.00171314771848415));
#7807=CARTESIAN_POINT('',(0.00305720941485095,-0.0260270505081884,0.00131005413766377));
#7808=CARTESIAN_POINT('',(0.00284399568465632,-0.0260270505081884,0.00131005413766482));
#7809=CARTESIAN_POINT('',(0.00265268419433985,-0.0260176466729575,0.00150037651265462));
#7810=CARTESIAN_POINT('',(0.00265513690650337,-0.0260036290716134,0.00171314771848415));
#7811=CARTESIAN_POINT('',(0.00305720941485095,-0.0260270505081999,0.00131005413766435));
#7812=CARTESIAN_POINT('',(0.0027,-0.0260270505081999,0.00131005413766435));
#7813=CARTESIAN_POINT('',(0.0045,-0.0260270505081999,0.00131005413766435));
#7814=CARTESIAN_POINT('',(0.0045,0.,0.));
#7815=CARTESIAN_POINT('',(0.00120710678118655,0.,0.));
#7816=CARTESIAN_POINT('',(0.00120710678118655,-0.0196600501207781,0.0171057308890469));
#7817=CARTESIAN_POINT('',(0.00120710678118655,-0.0196600501207781,-0.0171057308890468));
#7818=CARTESIAN_POINT('',(-0.018075735931288,0.,0.));
#7819=CARTESIAN_POINT('',(0.00150710678118655,-0.0199659186653791,-0.0167477070623853));
#7820=CARTESIAN_POINT('',(0.0018,-0.0206868577388423,-0.0158485809110122));
#7821=CARTESIAN_POINT('',(0.00179999999999999,-0.0204414619162764,-0.0161688915116667));
#7822=CARTESIAN_POINT('',(0.00172323429620428,-0.0201862740269347,-0.0164850085801446));
#7823=CARTESIAN_POINT('',(0.00150710678118655,-0.0199659186653791,-0.0167477070623853));
#7824=CARTESIAN_POINT('',(0.0018,-0.0206868577388423,-0.0158485809110122));
#7825=CARTESIAN_POINT('',(0.0018,0.,0.));
#7826=CARTESIAN_POINT('',(0.0018,-0.0206868577388423,0.0158485809110122));
#7827=CARTESIAN_POINT('',(0.00150710678118655,-0.0199659186653791,0.0167477070623853));
#7828=CARTESIAN_POINT('',(0.00172361524396354,-0.0201866624267237,0.0164845455460965));
#7829=CARTESIAN_POINT('',(0.0018,-0.0204412063914221,0.0161692250435039));
#7830=CARTESIAN_POINT('',(0.0018,-0.0206868577388423,0.0158485809110122));
#7831=CARTESIAN_POINT('',(0.00150710678118655,-0.0199659186653791,0.0167477070623853));
#7832=CARTESIAN_POINT('',(-0.018075735931288,0.,0.));
#7833=CARTESIAN_POINT('',(0.004,0.,0.));
#7834=CARTESIAN_POINT('',(0.00103996844108547,-0.0220562917562118,0.0168546837791062));
#7835=CARTESIAN_POINT('',(-7.05667920096356E-5,-0.023915831790827,0.0145812790926647));
#7836=CARTESIAN_POINT('',(-0.00119432896851264,-0.0257983128742052,0.0113311393795358));
#7837=CARTESIAN_POINT('',(-0.00202930064650902,-0.0271972694511275,0.00690255616505567));
#7838=CARTESIAN_POINT('',(-0.00232750821431781,-0.0276969401498663,0.00465198457738133));
#7839=CARTESIAN_POINT('',(-0.00251016335959714,-0.0280030078989344,0.00235883034257264));
#7840=CARTESIAN_POINT('',(-0.00259327679537268,-0.0281422821459994,-0.000783226338366037));
#7841=CARTESIAN_POINT('',(-0.00239074128339563,-0.0278028866955735,-0.00464398424847362));
#7842=CARTESIAN_POINT('',(-0.00166585631967909,-0.0265882946448415,-0.0091581333932901));
#7843=CARTESIAN_POINT('',(-0.000527941856749424,-0.0246820123327877,-0.0132547118602843));
#7844=CARTESIAN_POINT('',(0.000484569981187354,-0.0229862808646759,-0.0157177135831608));
#7845=CARTESIAN_POINT('',(0.00103996844107927,-0.0220562917562221,-0.0168546837790935));
#7846=CARTESIAN_POINT('',(0.00103996844108547,-0.0220562917562118,0.0168546837791062));
#7847=CARTESIAN_POINT('',(0.00103996844107927,-0.0220562917562221,-0.0168546837790935));
#7848=CARTESIAN_POINT('',(0.00103996844107927,-0.0220562917562222,-0.0168546837790935));
#7849=CARTESIAN_POINT('',(0.00135757415536908,-0.0215244756342835,-0.0175048624477081));
#7850=CARTESIAN_POINT('',(0.00174659031190798,-0.020392468574489,-0.018805566049851));
#7851=CARTESIAN_POINT('',(0.00183186830996894,-0.0190996809106718,-0.0200675157819177));
#7852=CARTESIAN_POINT('',(0.00183336175319038,-0.0184389340770724,-0.0206571352645293));
#7853=CARTESIAN_POINT('',(0.00183336175319096,-0.0184389340770714,-0.0206571352645301));
#7854=CARTESIAN_POINT('',(0.00183336175319095,-0.0184389340770714,-0.0206571352645301));
#7855=CARTESIAN_POINT('',(-0.000563448603967464,-0.0189652791809254,-0.0204683909808943));
#7856=CARTESIAN_POINT('',(-0.00296523845274502,-0.0194689074106,-0.020281170247268));
#7857=CARTESIAN_POINT('',(-0.00537067978402645,-0.0199552758456364,-0.0200947664348198));
#7858=CARTESIAN_POINT('',(-0.00537067978402645,-0.0199552758456364,-0.0200947664348198));
#7859=CARTESIAN_POINT('',(-0.005370679784025,-0.0199552758456416,-0.0200947664348145));
#7860=CARTESIAN_POINT('',(-0.00489781607414174,-0.0191074538322203,-0.0208783995684228));
#7861=CARTESIAN_POINT('',(-0.00440186337669702,-0.018218103206397,-0.0216011259006474));
#7862=CARTESIAN_POINT('',(-0.00388656481562364,-0.0172938971337717,-0.0222619940055311));
#7863=CARTESIAN_POINT('',(-0.00388656481562364,-0.0172938971337717,-0.0222619940055311));
#7864=CARTESIAN_POINT('',(-0.00388656481562364,-0.0172938971337717,-0.0222619940055311));
#7865=CARTESIAN_POINT('',(-0.00341519789703061,-0.0164484840053305,-0.0228665199749933));
#7866=CARTESIAN_POINT('',(-0.00269037741490178,-0.0146607216761955,-0.0240317746658963));
#7867=CARTESIAN_POINT('',(-0.00241284425725234,-0.0126349121120004,-0.0250816112585751));
#7868=CARTESIAN_POINT('',(-0.00241284425725234,-0.0115943662795693,-0.0255537328689003));
#7869=CARTESIAN_POINT('',(-0.00241284425725234,-0.0115943662795693,-0.0255537328689003));
#7870=CARTESIAN_POINT('',(-0.00241284425725235,0.,0.));
#7871=CARTESIAN_POINT('',(-0.00241284425725234,0.0115943662795693,-0.0255537328689003));
#7872=CARTESIAN_POINT('',(-0.00241284425725234,0.0115943662795693,-0.0255537328689003));
#7873=CARTESIAN_POINT('',(-0.00241284425725234,0.0126355625390414,-0.0250813161435956));
#7874=CARTESIAN_POINT('',(-0.00268063489571076,0.0146231688167602,-0.0240535257926999));
#7875=CARTESIAN_POINT('',(-0.00341502615095764,0.0164481759727148,-0.0228667402385654));
#7876=CARTESIAN_POINT('',(-0.00388656481562353,0.0172938971337715,-0.0222619940055312));
#7877=CARTESIAN_POINT('',(-0.00388656481562353,0.0172938971337715,-0.0222619940055312));
#7878=CARTESIAN_POINT('',(-0.00388656481562353,0.0172938971337715,-0.0222619940055312));
#7879=CARTESIAN_POINT('',(-0.0044018618378538,0.0182181004464276,-0.021601127874207));
#7880=CARTESIAN_POINT('',(-0.00489781758321394,0.0191074565379146,-0.020878397067577));
#7881=CARTESIAN_POINT('',(-0.00537067978402156,0.0199552758456354,-0.0200947664348202));
#7882=CARTESIAN_POINT('',(-0.00537067978402157,0.0199552758456354,-0.0200947664348202));
#7883=CARTESIAN_POINT('',(-0.00537067978402157,0.0199552758456354,-0.0200947664348202));
#7884=CARTESIAN_POINT('',(-0.00296523839838291,0.0194689073996083,-0.0202811702514806));
#7885=CARTESIAN_POINT('',(-0.000563448640125098,0.0189652791888657,-0.0204683909780469));
#7886=CARTESIAN_POINT('',(0.00183336175319096,0.0184389340770714,-0.0206571352645301));
#7887=CARTESIAN_POINT('',(0.00183336175319096,0.0184389340770714,-0.0206571352645301));
#7888=CARTESIAN_POINT('',(0.00103996844108547,0.0220562917562118,-0.0168546837791062));
#7889=CARTESIAN_POINT('',(0.0013575741553723,0.0215244756342748,-0.0175048624477181));
#7890=CARTESIAN_POINT('',(0.00174659030327276,0.0203924685749783,-0.0188055660504285));
#7891=CARTESIAN_POINT('',(0.00183186832723927,0.0190996809096862,-0.0200675157807693));
#7892=CARTESIAN_POINT('',(0.00183336175318829,0.0184389340770755,-0.0206571352645268));
#7893=CARTESIAN_POINT('',(0.00103996844108547,0.0220562917562118,-0.0168546837791062));
#7894=CARTESIAN_POINT('',(0.00103996844108547,0.0220562917562118,-0.0168546837791062));
#7895=CARTESIAN_POINT('',(-7.05667920096316E-5,0.023915831790827,-0.0145812790926647));
#7896=CARTESIAN_POINT('',(-0.00119432896851263,0.0257983128742052,-0.0113311393795358));
#7897=CARTESIAN_POINT('',(-0.00202930064650902,0.0271972694511276,-0.00690255616505567));
#7898=CARTESIAN_POINT('',(-0.00232750821431781,0.0276969401498663,-0.00465198457738133));
#7899=CARTESIAN_POINT('',(-0.00251016335959714,0.0280030078989344,-0.00235883034257264));
#7900=CARTESIAN_POINT('',(-0.00259327679537268,0.0281422821459994,0.000783226338366032));
#7901=CARTESIAN_POINT('',(-0.00239074128339564,0.0278028866955735,0.00464398424847361));
#7902=CARTESIAN_POINT('',(-0.00166585631967909,0.0265882946448415,0.0091581333932901));
#7903=CARTESIAN_POINT('',(-0.000527941856749429,0.0246820123327877,0.0132547118602843));
#7904=CARTESIAN_POINT('',(0.000484569981187356,0.0229862808646759,0.0157177135831608));
#7905=CARTESIAN_POINT('',(0.00103996844107927,0.0220562917562221,0.0168546837790935));
#7906=CARTESIAN_POINT('',(0.00103996844107927,0.0220562917562221,0.0168546837790935));
#7907=CARTESIAN_POINT('',(0.00103996844107927,0.0220562917562221,0.0168546837790935));
#7908=CARTESIAN_POINT('',(0.00135757415537466,0.0215244756342741,0.0175048624477195));
#7909=CARTESIAN_POINT('',(0.0017465903127396,0.0203924685744112,0.0188055660498311));
#7910=CARTESIAN_POINT('',(0.00183186830832527,0.0190996809107097,0.0200675157820807));
#7911=CARTESIAN_POINT('',(0.00183336175323,0.0184389340770007,0.0206571352645886));
#7912=CARTESIAN_POINT('',(0.00183336175319858,0.0184389340770697,0.0206571352645307));
#7913=CARTESIAN_POINT('',(0.00183336175319858,0.0184389340770697,0.0206571352645307));
#7914=CARTESIAN_POINT('',(-0.000563448619820413,0.0189652791844068,0.0204683909796459));
#7915=CARTESIAN_POINT('',(-0.00296523842890124,0.0194689074057789,0.0202811702491157));
#7916=CARTESIAN_POINT('',(-0.00537067978402758,0.0199552758456366,0.0200947664348197));
#7917=CARTESIAN_POINT('',(-0.00537067978402758,0.0199552758456367,0.0200947664348197));
#7918=CARTESIAN_POINT('',(-0.00537067978402529,0.0199552758456421,0.020094766434814));
#7919=CARTESIAN_POINT('',(-0.00489781607414193,0.0191074538322207,0.0208783995684225));
#7920=CARTESIAN_POINT('',(-0.00440186337669704,0.018218103206397,0.0216011259006474));
#7921=CARTESIAN_POINT('',(-0.00388656481562353,0.0172938971337715,0.0222619940055312));
#7922=CARTESIAN_POINT('',(-0.00388656481562353,0.0172938971337715,0.0222619940055312));
#7923=CARTESIAN_POINT('',(-0.00388656481562353,0.0172938971337715,0.0222619940055312));
#7924=CARTESIAN_POINT('',(-0.00341519789703053,0.0164484840053303,0.0228665199749934));
#7925=CARTESIAN_POINT('',(-0.00269037741490176,0.0146607216761953,0.0240317746658964));
#7926=CARTESIAN_POINT('',(-0.00241284425725234,0.0126349121120004,0.0250816112585751));
#7927=CARTESIAN_POINT('',(-0.00241284425725234,0.0115943662795693,0.0255537328689003));
#7928=CARTESIAN_POINT('',(-0.00241284425725234,0.0115943662795693,0.0255537328689003));
#7929=CARTESIAN_POINT('',(-0.00241284425725235,0.,0.));
#7930=CARTESIAN_POINT('',(-0.00241284425725234,-0.0115943662795693,0.0255537328689003));
#7931=CARTESIAN_POINT('',(-0.00241284425725234,-0.0115943662795693,0.0255537328689003));
#7932=CARTESIAN_POINT('',(-0.00241284425725234,-0.0126355625390414,0.0250813161435956));
#7933=CARTESIAN_POINT('',(-0.00268063489571076,-0.0146231688167602,0.0240535257926999));
#7934=CARTESIAN_POINT('',(-0.00341502615095764,-0.0164481759727148,0.0228667402385654));
#7935=CARTESIAN_POINT('',(-0.00388656481562353,-0.0172938971337715,0.0222619940055312));
#7936=CARTESIAN_POINT('',(-0.00388656481562353,-0.0172938971337715,0.0222619940055312));
#7937=CARTESIAN_POINT('',(-0.00388656481562353,-0.0172938971337715,0.0222619940055312));
#7938=CARTESIAN_POINT('',(-0.0044018618378538,-0.0182181004464276,0.021601127874207));
#7939=CARTESIAN_POINT('',(-0.00489781758321394,-0.0191074565379146,0.020878397067577));
#7940=CARTESIAN_POINT('',(-0.00537067978402156,-0.0199552758456354,0.0200947664348202));
#7941=CARTESIAN_POINT('',(-0.00537067978402157,-0.0199552758456354,0.0200947664348202));
#7942=CARTESIAN_POINT('',(-0.00537067978402157,-0.0199552758456354,0.0200947664348202));
#7943=CARTESIAN_POINT('',(-0.00296523839838291,-0.0194689073996083,0.0202811702514806));
#7944=CARTESIAN_POINT('',(-0.000563448640125094,-0.0189652791888657,0.0204683909780469));
#7945=CARTESIAN_POINT('',(0.00183336175319096,-0.0184389340770714,0.0206571352645301));
#7946=CARTESIAN_POINT('',(0.00183336175319097,-0.0184389340770714,0.0206571352645301));
#7947=CARTESIAN_POINT('',(0.00103996844108547,-0.0220562917562118,0.0168546837791062));
#7948=CARTESIAN_POINT('',(0.00135757415537228,-0.0215244756342748,0.0175048624477182));
#7949=CARTESIAN_POINT('',(0.00174659030323055,-0.0203924685749807,0.0188055660504313));
#7950=CARTESIAN_POINT('',(0.00183186832732372,-0.0190996809096814,0.0200675157807637));
#7951=CARTESIAN_POINT('',(0.00183336175318829,-0.0184389340770755,0.0206571352645268));
#7952=CARTESIAN_POINT('',(0.0030784567827798,0.,0.));
#7953=CARTESIAN_POINT('',(0.00307845678277983,-0.027347812725786,-0.00357603014305488));
#7954=CARTESIAN_POINT('',(0.00307845678277984,-0.027347812725786,0.00357603014305488));
#7955=CARTESIAN_POINT('',(0.00307845678277983,-0.027347812725786,0.00357603014305488));
#7956=CARTESIAN_POINT('',(0.00307845678277982,-0.0273466501978598,0.00358492061509791));
#7957=CARTESIAN_POINT('',(0.00308201454668267,-0.0273452457976911,0.00359322531167033));
#7958=CARTESIAN_POINT('',(0.00308715574272849,-0.0273438492736005,0.00360038593893445));
#7959=CARTESIAN_POINT('',(0.00308715574274766,-0.0273438492735988,0.00360038593893422));
#7960=CARTESIAN_POINT('',(0.00308715574274766,0.,0.));
#7961=CARTESIAN_POINT('',(0.00308715574274766,-0.0273438492735998,-0.00360038593892702));
#7962=CARTESIAN_POINT('',(0.00308715574274767,-0.0273438492735998,-0.00360038593892702));
#7963=CARTESIAN_POINT('',(0.00308202250831829,-0.0273452436350442,-0.00359323640055283));
#7964=CARTESIAN_POINT('',(0.00307845678277983,-0.0273466519294899,-0.00358490737239784));
#7965=CARTESIAN_POINT('',(0.00307845678277983,-0.027347812725786,-0.00357603014305488));
#7966=CARTESIAN_POINT('',(0.004,-0.0210972718593574,-0.0176395895670043));
#7967=CARTESIAN_POINT('',(0.004,0.,0.));
#7968=CARTESIAN_POINT('',(0.004,-0.0262885706771882,-0.00395));
#7969=CARTESIAN_POINT('',(0.004,-0.0262885706771881,0.00395));
#7970=CARTESIAN_POINT('',(0.004,-0.0259908657031542,0.00395));
#7971=CARTESIAN_POINT('',(0.004,-0.0259612230066189,0.00395));
#7972=CARTESIAN_POINT('',(0.004,0.,0.));
#7973=CARTESIAN_POINT('',(0.004,-0.0259612230066189,-0.00395));
#7974=CARTESIAN_POINT('',(0.004,-0.0263178446733299,-0.00395));
#7975=CARTESIAN_POINT('',(0.00150710678118656,-0.019965918665379,0.0167477070623853));
#7976=CARTESIAN_POINT('',(0.00127778742748348,-0.0200606301399581,0.0166347959879869));
#7977=CARTESIAN_POINT('',(0.00115355339059329,-0.0199363961030679,0.0164263773029381));
#7978=CARTESIAN_POINT('',(0.00140816704339906,-0.0198650434867113,0.0168679662480238));
#7979=CARTESIAN_POINT('',(0.00117835230531825,-0.0199611950177926,0.0167547208670553));
#7980=CARTESIAN_POINT('',(0.00105461365280579,-0.0198374563652804,0.0165443291365885));
#7981=CARTESIAN_POINT('',(0.00130816160155884,-0.019763081756885,0.0169873140179394));
#7982=CARTESIAN_POINT('',(0.00107792904139391,-0.0198607717538676,0.0168736489756098));
#7983=CARTESIAN_POINT('',(0.000954608210965562,-0.0197374509234402,0.0166613870413868));
#7984=CARTESIAN_POINT('',(0.00120710678118657,-0.0196600501207781,0.0171057308890469));
#7985=CARTESIAN_POINT('',(0.000976546301186232,-0.0197593890136608,0.0169915581813337));
#7986=CARTESIAN_POINT('',(0.000853553390593296,-0.0196363961030679,0.0167775319080598));
#7987=CARTESIAN_POINT('',(0.00120710678118656,-0.0192828427124746,0.0167775319080598));
#7988=CARTESIAN_POINT('',(0.000853553390593285,-0.0196363961030679,0.0167775319080598));
#7989=CARTESIAN_POINT('',(0.00150710678118655,-0.0195828427124746,0.0164263773029381));
#7990=CARTESIAN_POINT('',(0.00115355339059327,-0.0199363961030679,0.0164263773029381));
#7991=CARTESIAN_POINT('',(-0.0184292893218813,-0.000353553390593274,8.92907001667557E-20));
#7992=CARTESIAN_POINT('',(0.00120710678118655,-0.0192828427124746,0.0167775319080598));
#7993=CARTESIAN_POINT('',(0.00120710678118655,-0.0192828427124746,0.0167775319080598));
#7994=CARTESIAN_POINT('',(0.000853553390593283,-0.0195495686287998,0.0170096036330943));
#7995=CARTESIAN_POINT('',(0.00120710678118655,-0.0192828427124746,0.0167775319080598));
#7996=CARTESIAN_POINT('',(0.0018,-0.0206868577388423,0.0158485809110122));
#7997=CARTESIAN_POINT('',(0.0013,-0.0206868577388423,0.0158485809110122));
#7998=CARTESIAN_POINT('',(0.0013,-0.0202899494936611,0.015544502228913));
#7999=CARTESIAN_POINT('',(0.00179999999804536,-0.0204405410960564,0.0161700934411643));
#8000=CARTESIAN_POINT('',(0.0013874991357339,-0.0205028611841684,0.0160887481960282));
#8001=CARTESIAN_POINT('',(0.0013,-0.0201691541481037,0.0158598460606362));
#8002=CARTESIAN_POINT('',(0.00172167144993481,-0.0201846807389291,0.0164869080317299));
#8003=CARTESIAN_POINT('',(0.00140577608507894,-0.020268098450989,0.0163843032306279));
#8004=CARTESIAN_POINT('',(0.00126083575778282,-0.0200436784702574,0.0161705820938216));
#8005=CARTESIAN_POINT('',(0.00150710678118655,-0.019965918665379,0.0167477070623853));
#8006=CARTESIAN_POINT('',(0.00127778742748347,-0.0200606301399581,0.0166347959879869));
#8007=CARTESIAN_POINT('',(0.00115355339059328,-0.0199363961030679,0.0164263773029381));
#8008=CARTESIAN_POINT('',(0.0018,-0.0202899494936611,0.015544502228913));
#8009=CARTESIAN_POINT('',(0.0013,-0.0202899494936612,0.015544502228913));
#8010=CARTESIAN_POINT('',(0.0013,-0.0202899494936612,0.015544502228913));
#8011=CARTESIAN_POINT('',(0.0013,-0.020174473478245,0.0158459596170003));
#8012=CARTESIAN_POINT('',(0.00127037021454477,-0.0200532129270194,0.0161478490008756));
#8013=CARTESIAN_POINT('',(0.00115355339059327,-0.0199363961030679,0.0164263773029381));
#8014=CARTESIAN_POINT('',(0.00120710678118655,0.,0.));
#8015=CARTESIAN_POINT('',(0.00120710678118655,-0.0192828427124747,-0.0167775319080598));
#8016=CARTESIAN_POINT('',(0.000853553390593283,-0.0195495686287998,-0.0170096036330943));
#8017=CARTESIAN_POINT('',(0.000853553390593283,0.,0.));
#8018=CARTESIAN_POINT('',(0.,0.,0.));
#8019=CARTESIAN_POINT('',(0.000853553390593284,-0.0195495686287998,0.0170096036330943));
#8020=CARTESIAN_POINT('',(0.000617720379284122,-0.0193129344913279,0.0169222896632079));
#8021=CARTESIAN_POINT('',(0.000382016030887919,-0.0190764072951903,0.0168343433250634));
#8022=CARTESIAN_POINT('',(0.000146446609406731,-0.0188399914593447,0.0167457359493302));
#8023=CARTESIAN_POINT('',(0.000146446609406731,-0.0188399914593447,0.0167457359493302));
#8024=CARTESIAN_POINT('',(0.000146446609406731,0.,0.));
#8025=CARTESIAN_POINT('',(0.000146446609406731,0.0226075761398223,0.0111473069283576));
#8026=CARTESIAN_POINT('',(0.000146446609406731,0.0226075761398223,0.0111473069283576));
#8027=CARTESIAN_POINT('',(0.000248632950388152,0.0227419651191345,0.0111058211652969));
#8028=CARTESIAN_POINT('',(0.000351003342805076,0.0228761075226337,0.0110639950283625));
#8029=CARTESIAN_POINT('',(0.000453553390593274,0.0230100092253721,0.0110218366011725));
#8030=CARTESIAN_POINT('',(0.000453553390593274,0.0230100092253721,0.0110218366011725));
#8031=CARTESIAN_POINT('',(0.000746446609406726,0.023566319949276,0.0105167129205146));
#8032=CARTESIAN_POINT('',(0.000746446609406729,0.0234505928338341,0.0107760394087359));
#8033=CARTESIAN_POINT('',(0.000620351594977752,0.0232278010651858,0.0109532656925612));
#8034=CARTESIAN_POINT('',(0.000453553390593272,0.0230100092253721,0.0110218366011725));
#8035=CARTESIAN_POINT('',(0.000746446609406726,0.023566319949276,0.0105167129205146));
#8036=CARTESIAN_POINT('',(0.000746446609406721,0.,0.));
#8037=CARTESIAN_POINT('',(0.000746446609406726,0.023566319949276,-0.0105167129205146));
#8038=CARTESIAN_POINT('',(0.000453553390593274,0.0230100092253721,-0.0110218366011725));
#8039=CARTESIAN_POINT('',(0.000620300215869371,0.0232277339784292,-0.0109532868145641));
#8040=CARTESIAN_POINT('',(0.000746446609406729,0.0234506074888886,-0.0107760065690355));
#8041=CARTESIAN_POINT('',(0.000746446609406726,0.023566319949276,-0.0105167129205146));
#8042=CARTESIAN_POINT('',(0.000453553390593274,0.0230100092253721,-0.0110218366011725));
#8043=CARTESIAN_POINT('',(0.000453553390593274,0.0230100092253721,-0.0110218366011725));
#8044=CARTESIAN_POINT('',(0.000351003342805077,0.0228761075226337,-0.0110639950283625));
#8045=CARTESIAN_POINT('',(0.000248632950389616,0.0227419651191364,-0.0111058211652963));
#8046=CARTESIAN_POINT('',(0.000146446609408193,0.0226075761398242,-0.011147306928357));
#8047=CARTESIAN_POINT('',(0.000146446609406731,0.0226075761398223,-0.0111473069283576));
#8048=CARTESIAN_POINT('',(0.000146446609406731,0.,0.));
#8049=CARTESIAN_POINT('',(0.000146446609406731,-0.0188399914593447,-0.0167457359493302));
#8050=CARTESIAN_POINT('',(0.000146446609406731,-0.0188399914593447,-0.0167457359493302));
#8051=CARTESIAN_POINT('',(0.000382016030887916,-0.0190764072951903,-0.0168343433250634));
#8052=CARTESIAN_POINT('',(0.000617720379284123,-0.0193129344913279,-0.0169222896632079));
#8053=CARTESIAN_POINT('',(0.000853553390593282,-0.0195495686287998,-0.0170096036330943));
#8054=CARTESIAN_POINT('',(0.0013,-0.0202899494936611,-0.015544502228913));
#8055=CARTESIAN_POINT('',(0.00130000000000002,-0.0206868577388423,-0.0158485809110122));
#8056=CARTESIAN_POINT('',(0.0018,-0.0206868577388423,-0.0158485809110122));
#8057=CARTESIAN_POINT('',(0.0013,-0.0201700372393141,-0.015857540696058));
#8058=CARTESIAN_POINT('',(0.00138691506046383,-0.0205040894066561,-0.0160871450203043));
#8059=CARTESIAN_POINT('',(0.00180000000070576,-0.0204423418279814,-0.0161677429792923));
#8060=CARTESIAN_POINT('',(0.00126150992820431,-0.020044352640679,-0.0161689746486003));
#8061=CARTESIAN_POINT('',(0.00140662422440915,-0.0202694732954612,-0.0163826432724489));
#8062=CARTESIAN_POINT('',(0.00172301978345487,-0.0201860554635919,-0.0164852691422567));
#8063=CARTESIAN_POINT('',(0.00115355339059327,-0.0199363961030679,-0.0164263773029381));
#8064=CARTESIAN_POINT('',(0.00127778742748346,-0.0200606301399581,-0.0166347959879869));
#8065=CARTESIAN_POINT('',(0.00150710678118655,-0.0199659186653791,-0.0167477070623852));
#8066=CARTESIAN_POINT('',(0.00150710678118655,-0.0195828427124746,-0.0164263773029381));
#8067=CARTESIAN_POINT('',(0.00115355339059327,-0.0199363961030679,-0.0164263773029381));
#8068=CARTESIAN_POINT('',(0.00115355339059327,-0.0199363961030679,-0.0164263773029381));
#8069=CARTESIAN_POINT('',(0.0012703054939102,-0.0200531482063848,-0.0161480033153642));
#8070=CARTESIAN_POINT('',(0.0013,-0.0201745070479453,-0.0158458719811901));
#8071=CARTESIAN_POINT('',(0.0013,-0.0202899494936612,-0.015544502228913));
#8072=CARTESIAN_POINT('',(0.0013,-0.0202899494936612,-0.015544502228913));
#8073=CARTESIAN_POINT('',(0.0018,-0.0202899494936612,-0.015544502228913));
#8074=CARTESIAN_POINT('',(0.00120710678118656,-0.0196600501207781,-0.0171057308890469));
#8075=CARTESIAN_POINT('',(0.000976546301186222,-0.0197593890136608,-0.0169915581813337));
#8076=CARTESIAN_POINT('',(0.000853553390593285,-0.0196363961030679,-0.0167775319080598));
#8077=CARTESIAN_POINT('',(0.00130816160155722,-0.0197630817568843,-0.0169873140179402));
#8078=CARTESIAN_POINT('',(0.0010779290413923,-0.0198607717538657,-0.0168736489756092));
#8079=CARTESIAN_POINT('',(0.00095460821096395,-0.0197374509234385,-0.0166613870413868));
#8080=CARTESIAN_POINT('',(0.00140816704339874,-0.0198650434867112,-0.0168679662480239));
#8081=CARTESIAN_POINT('',(0.00117835230531792,-0.0199611950177923,-0.0167547208670553));
#8082=CARTESIAN_POINT('',(0.00105461365280546,-0.0198374563652801,-0.0165443291365885));
#8083=CARTESIAN_POINT('',(0.00150710678118655,-0.019965918665379,-0.0167477070623853));
#8084=CARTESIAN_POINT('',(0.00127778742748347,-0.0200606301399581,-0.0166347959879869));
#8085=CARTESIAN_POINT('',(0.00115355339059328,-0.0199363961030679,-0.0164263773029381));
#8086=CARTESIAN_POINT('',(0.00120710678118655,-0.0192828427124747,-0.0167775319080598));
#8087=CARTESIAN_POINT('',(0.000853553390593282,-0.0196363961030679,-0.0167775319080598));
#8088=CARTESIAN_POINT('',(-0.0184292893218813,-0.000353553390593274,8.92907001667557E-20));
#8089=CARTESIAN_POINT('',(0.00120710678118655,-0.0192828427124747,-0.0167775319080598));
#8090=CARTESIAN_POINT('',(0.00120710678118656,-0.0192828427124747,-0.0167775319080598));
#8091=CARTESIAN_POINT('',(-0.00014142135623731,-0.0186414213562373,4.70793268934247E-18));
#8092=CARTESIAN_POINT('',(0.00115355339059327,-0.0199363961030679,-0.0166073185248554));
#8093=CARTESIAN_POINT('',(0.000853553390593281,-0.0196363961030679,-0.0167775319080598));
#8094=CARTESIAN_POINT('',(0.000617726691930699,-0.0194005694044053,-0.0166892995453848));
#8095=CARTESIAN_POINT('',(0.000382022556108353,-0.019164865268583,-0.0166004172198252));
#8096=CARTESIAN_POINT('',(0.000146446609406733,-0.0189292893218813,-0.0165108550946581));
#8097=CARTESIAN_POINT('',(0.000146446609406733,-0.0189292893218813,-0.0165108550946581));
#8098=CARTESIAN_POINT('',(0.000146446609406726,-0.0189292893218813,4.78063438841203E-18));
#8099=CARTESIAN_POINT('',(0.000146446609406732,-0.0189292893218813,0.0165108550946581));
#8100=CARTESIAN_POINT('',(0.000146446609406732,-0.0189292893218813,0.0165108550946581));
#8101=CARTESIAN_POINT('',(0.000382022556108353,-0.019164865268583,0.0166004172198252));
#8102=CARTESIAN_POINT('',(0.000617726691930697,-0.0194005694044053,0.0166892995453848));
#8103=CARTESIAN_POINT('',(0.00085355339059328,-0.0196363961030679,0.0167775319080598));
#8104=CARTESIAN_POINT('',(0.0018,0.,0.));
#8105=CARTESIAN_POINT('',(0.0013,0.,0.));
#8106=CARTESIAN_POINT('',(0.0008,-0.0202899494936612,5.12427216041407E-18));
#8107=CARTESIAN_POINT('',(0.0013,-0.0202899494936612,0.0166073185248554));
#8108=CARTESIAN_POINT('',(0.0013,0.,0.));
#8109=CARTESIAN_POINT('',(0.0006,0.,0.));
#8110=CARTESIAN_POINT('',(0.0006,0.0128,6.81394667223097E-19));
#8111=CARTESIAN_POINT('',(0.0006,0.0128,0.000400000000000001));
#8112=CARTESIAN_POINT('',(0.0006,0.0128,-0.0015));
#8113=CARTESIAN_POINT('',(0.0006,0.0128,-0.0011));
#8114=CARTESIAN_POINT('',(0.0006,0.0143,5.03820881346731E-19));
#8115=CARTESIAN_POINT('',(0.0006,0.0143,0.000500000000000001));
#8116=CARTESIAN_POINT('',(0.0006,0.0143,-0.0015));
#8117=CARTESIAN_POINT('',(0.0006,0.0143,-0.001));
#8118=CARTESIAN_POINT('',(0.0006,0.0143,-0.003));
#8119=CARTESIAN_POINT('',(0.0006,0.0143,-0.0026));
#8120=CARTESIAN_POINT('',(0.0006,0.0158,-0.0015));
#8121=CARTESIAN_POINT('',(0.0006,0.0158,-0.001));
#8122=CARTESIAN_POINT('',(0.0006,0.0158,-0.003));
#8123=CARTESIAN_POINT('',(0.0006,0.0158,-0.0026));
#8124=CARTESIAN_POINT('',(0.0006,0.0173,-3.50237102781043E-20));
#8125=CARTESIAN_POINT('',(0.0006,0.0173,0.0005));
#8126=CARTESIAN_POINT('',(0.0006,0.0173,-0.0015));
#8127=CARTESIAN_POINT('',(0.0006,0.0173,-0.001));
#8128=CARTESIAN_POINT('',(0.0006,0.0173,-0.003));
#8129=CARTESIAN_POINT('',(0.0006,0.0173,-0.0026));
#8130=CARTESIAN_POINT('',(0.0006,0.0188,-3.96294516026573E-19));
#8131=CARTESIAN_POINT('',(0.0006,0.0188,0.0004));
#8132=CARTESIAN_POINT('',(0.0006,0.0188,-0.0015));
#8133=CARTESIAN_POINT('',(0.0006,0.0188,-0.0011));
#8134=CARTESIAN_POINT('',(0.0006,0.0158,0.));
#8135=CARTESIAN_POINT('',(0.0006,0.0158,0.0006));
#8136=CARTESIAN_POINT('',(0.0006,0.0158,0.0015));
#8137=CARTESIAN_POINT('',(0.0006,0.0158,0.002));
#8138=CARTESIAN_POINT('',(0.0006,0.0143,0.0015));
#8139=CARTESIAN_POINT('',(0.0006,0.0143,0.002));
#8140=CARTESIAN_POINT('',(0.0006,0.0128,0.0015));
#8141=CARTESIAN_POINT('',(0.0006,0.0128,0.0019));
#8142=CARTESIAN_POINT('',(0.0006,0.0143,0.003));
#8143=CARTESIAN_POINT('',(0.0006,0.0143,0.0034));
#8144=CARTESIAN_POINT('',(0.0006,0.0158,0.003));
#8145=CARTESIAN_POINT('',(0.0006,0.0158,0.0034));
#8146=CARTESIAN_POINT('',(0.0006,0.0173,0.003));
#8147=CARTESIAN_POINT('',(0.0006,0.0173,0.0034));
#8148=CARTESIAN_POINT('',(0.0006,0.0173,0.0015));
#8149=CARTESIAN_POINT('',(0.0006,0.0173,0.002));
#8150=CARTESIAN_POINT('',(0.0006,0.0188,0.0015));
#8151=CARTESIAN_POINT('',(0.0006,0.0188,0.0019));
#8152=CARTESIAN_POINT('',(0.0006,0.00138497588785369,0.00237485737710481));
#8153=CARTESIAN_POINT('',(0.0006,0.0131005008346659,-0.00445743483602341));
#8154=CARTESIAN_POINT('',(0.0006,0.0232434567342049,-0.0103726318865303));
#8155=CARTESIAN_POINT('',(0.0006,0.,0.));
#8156=CARTESIAN_POINT('',(0.0006,0.0232434567342049,0.0103726318865303));
#8157=CARTESIAN_POINT('',(0.0006,0.00138497588785369,-0.00237485737710481));
#8158=CARTESIAN_POINT('',(0.0006,0.0131005008346659,0.00445743483602341));
#8159=CARTESIAN_POINT('',(0.0006,0.0157,-1.3010426069826E-18));
#8160=CARTESIAN_POINT('',(0.0011,0.,0.));
#8161=CARTESIAN_POINT('',(0.0011,0.0232434567342049,-0.0103726318865303));
#8162=CARTESIAN_POINT('',(0.0011,0.0232434567342049,0.0103726318865303));
#8163=CARTESIAN_POINT('',(0.0001,0.00138497588785369,-0.00237485737710481));
#8164=CARTESIAN_POINT('',(0.0001,0.0131005008346659,0.00445743483602341));
#8165=CARTESIAN_POINT('',(0.000453553390593278,0.0129223898369888,0.00476284680780328));
#8166=CARTESIAN_POINT('',(0.000453553390593274,0.0228692596294396,0.0105636898205147));
#8167=CARTESIAN_POINT('',(0.000522367742288244,0.0230135271627417,0.0105681627523309));
#8168=CARTESIAN_POINT('',(0.000600000000000002,0.023193621254539,0.0105260957972335));
#8169=CARTESIAN_POINT('',(0.0006,0.0232434567342049,0.0103726318865303));
#8170=CARTESIAN_POINT('',(0.000453553390593274,0.0228692596294396,0.0105636898205147));
#8171=CARTESIAN_POINT('',(0.000453553390593275,0.00120686489017659,-0.00206944540532495));
#8172=CARTESIAN_POINT('',(0.0001,0.0157,-1.3010426069826E-18));
#8173=CARTESIAN_POINT('',(0.0001,0.0131005008346659,-0.00445743483602341));
#8174=CARTESIAN_POINT('',(0.000453553390593277,0.0129223898369888,-0.00476284680780328));
#8175=CARTESIAN_POINT('',(0.000453553390593275,0.0157,-1.3010426069826E-18));
#8176=CARTESIAN_POINT('',(0.0001,0.00138497588785369,0.00237485737710481));
#8177=CARTESIAN_POINT('',(0.000453553390593275,0.00120686489017659,0.00206944540532495));
#8178=CARTESIAN_POINT('',(0.000453553390593274,0.0228692596294396,-0.0105636898205147));
#8179=CARTESIAN_POINT('',(0.0006,0.0232434567342049,-0.0103726318865303));
#8180=CARTESIAN_POINT('',(0.000600000000000002,0.0231934656123744,-0.010526575083385));
#8181=CARTESIAN_POINT('',(0.00052238398907179,0.0230135612237091,-0.0105681638083715));
#8182=CARTESIAN_POINT('',(0.000453553390593275,0.0228692596294397,-0.0105636898205147));
#8183=CARTESIAN_POINT('',(0.000853553390593286,-0.0195495686287999,0.0170096036330943));
#8184=CARTESIAN_POINT('',(0.000830426624237047,-0.0196132693367117,0.0169011579517287));
#8185=CARTESIAN_POINT('',(0.000853553390593286,-0.0196363961030679,0.0167775319080598));
#8186=CARTESIAN_POINT('',(0.000617726691937698,-0.0193129408254041,0.0169222920004068));
#8187=CARTESIAN_POINT('',(0.000594301338136424,-0.0193771440506077,0.0168134642159997));
#8188=CARTESIAN_POINT('',(0.0006177266919247,-0.0194005694043993,0.0166892995454184));
#8189=CARTESIAN_POINT('',(0.000382022556093673,-0.0190764138438428,0.0168343457794609));
#8190=CARTESIAN_POINT('',(0.000358359238044134,-0.0191412019505095,0.0167251562666989));
#8191=CARTESIAN_POINT('',(0.000382022556095574,-0.0191648652685702,0.0166004172198131));
#8192=CARTESIAN_POINT('',(0.000146446609406733,-0.0188399914593447,0.0167457359493303));
#8193=CARTESIAN_POINT('',(0.00012261749931583,-0.0189054602117905,0.0166362108777695));
#8194=CARTESIAN_POINT('',(0.000146446609406733,-0.0189292893218814,0.0165108550946581));
#8195=CARTESIAN_POINT('',(0.0005,-0.018575735931288,0.0165108550946581));
#8196=CARTESIAN_POINT('',(0.000146446609406725,-0.0188399914593447,-0.0167457359493302));
#8197=CARTESIAN_POINT('',(0.000122617499315823,-0.0189054602117905,-0.0166362108777695));
#8198=CARTESIAN_POINT('',(0.000146446609406726,-0.0189292893218814,-0.0165108550946581));
#8199=CARTESIAN_POINT('',(0.000382022556106659,-0.0190764138438609,-0.0168343457794601));
#8200=CARTESIAN_POINT('',(0.000358359238059579,-0.0191412019505269,-0.0167251562666965));
#8201=CARTESIAN_POINT('',(0.000382022556111396,-0.019164865268586,-0.0166004172198107));
#8202=CARTESIAN_POINT('',(0.000617726691935053,-0.0193129408254114,-0.0169222920003944));
#8203=CARTESIAN_POINT('',(0.000594301338127359,-0.019377144050621,-0.0168134642159906));
#8204=CARTESIAN_POINT('',(0.000617726691926574,-0.0194005694044012,-0.01668929954541));
#8205=CARTESIAN_POINT('',(0.00085355339059342,-0.0195495686288,-0.0170096036330943));
#8206=CARTESIAN_POINT('',(0.000830426624237181,-0.0196132693367118,-0.0169011579517287));
#8207=CARTESIAN_POINT('',(0.00085355339059342,-0.019636396103068,-0.0167775319080599));
#8208=CARTESIAN_POINT('',(0.0005,-0.0185757359312881,-0.0165108550946581));
#8209=CARTESIAN_POINT('',(0.0005,-0.018575735931288,4.69134368824528E-18));
#8210=CARTESIAN_POINT('',(0.0005,-0.0185757359312881,-0.0165108550946581));
#8211=CARTESIAN_POINT('',(0.,-0.0185757359312881,-0.0165108550946581));
#8212=CARTESIAN_POINT('',(0.,-0.0185757359312881,-0.02606));
#8213=CARTESIAN_POINT('',(0.,-0.018575735931288,0.0165108550946581));
#8214=CARTESIAN_POINT('',(0.0005,-0.018575735931288,0.0165108550946581));
#8215=CARTESIAN_POINT('',(0.000746446609406726,0.0235663199492759,-0.0105167129205146));
#8216=CARTESIAN_POINT('',(0.000599999999999996,0.0234325856268021,-0.0104570326021575));
#8217=CARTESIAN_POINT('',(0.0006,0.0232434567342049,-0.0103726318865303));
#8218=CARTESIAN_POINT('',(0.000746446566846477,0.0234500934577921,-0.0107771583284347));
#8219=CARTESIAN_POINT('',(0.000606216799538753,0.0233563918652519,-0.0106430260824306));
#8220=CARTESIAN_POINT('',(0.000600000000000001,0.0231992626125724,-0.0105087235988512));
#8221=CARTESIAN_POINT('',(0.000619275432263443,0.023226395842274,-0.0109537082192901));
#8222=CARTESIAN_POINT('',(0.000488011045916838,0.0231737719014376,-0.0107566130437118));
#8223=CARTESIAN_POINT('',(0.000536414379493717,0.0230429756410773,-0.0105690758195049));
#8224=CARTESIAN_POINT('',(0.00045355339059327,0.0230100092253721,-0.0110218366011726));
#8225=CARTESIAN_POINT('',(0.000348120041748104,0.023013735511633,-0.0107699982409618));
#8226=CARTESIAN_POINT('',(0.000453553390593272,0.0228692596294396,-0.0105636898205147));
#8227=CARTESIAN_POINT('',(0.000807106781186548,0.0226911486317625,-0.0108691017922946));
#8228=CARTESIAN_POINT('',(0.000146446609408163,0.0224685863052742,-0.0106855393931939));
#8229=CARTESIAN_POINT('',(3.93156467161352E-5,0.0226131088159561,-0.0108938402115635));
#8230=CARTESIAN_POINT('',(0.000146446609408162,0.0226075761398242,-0.011147306928357));
#8231=CARTESIAN_POINT('',(0.000248666635688662,0.0226024199257742,-0.0106452561091552));
#8232=CARTESIAN_POINT('',(0.000142045803441843,0.0227468476847772,-0.0108529111287903));
#8233=CARTESIAN_POINT('',(0.000248666635676031,0.0227420094198891,-0.0111058074896824));
#8234=CARTESIAN_POINT('',(0.000351036826711105,0.0227359753601088,-0.0106046367568593));
#8235=CARTESIAN_POINT('',(0.00024498311025258,0.0228803897994076,-0.0108116274996685));
#8236=CARTESIAN_POINT('',(0.000351036826727759,0.0228761512432719,-0.0110639812631033));
#8237=CARTESIAN_POINT('',(0.000453553390593266,0.0228692596294396,-0.0105636898205147));
#8238=CARTESIAN_POINT('',(0.000348120041748103,0.023013735511633,-0.0107699982409618));
#8239=CARTESIAN_POINT('',(0.000453553390593266,0.0230100092253721,-0.0110218366011725));
#8240=CARTESIAN_POINT('',(0.0005,0.0222904753075953,-0.0109909513649743));
#8241=CARTESIAN_POINT('',(0.000146446609408163,0.0224685863052742,-0.0106855393931939));
#8242=CARTESIAN_POINT('',(0.000146446609408163,0.0224685863052742,-0.0106855393931939));
#8243=CARTESIAN_POINT('',(0.000248639137660368,0.0226023839234492,-0.010645266945702));
#8244=CARTESIAN_POINT('',(0.000351009467934124,0.0227359397902714,-0.0106046476844241));
#8245=CARTESIAN_POINT('',(0.000453553390593275,0.0228692596294396,-0.0105636898205147));
#8246=CARTESIAN_POINT('',(0.0005,0.,0.));
#8247=CARTESIAN_POINT('',(0.,0.,0.));
#8248=CARTESIAN_POINT('',(0.,0.0222904753075953,-0.0109909513649743));
#8249=CARTESIAN_POINT('',(0.0005,-0.0185757359312881,-0.0165108550946581));
#8250=CARTESIAN_POINT('',(0.0005,0.0222904753075953,-0.0109909513649743));
#8251=CARTESIAN_POINT('',(0.0005,0.,0.));
#8252=CARTESIAN_POINT('',(0.0005,-0.018575735931288,0.0165108550946581));
#8253=CARTESIAN_POINT('',(0.,0.,0.));
#8254=CARTESIAN_POINT('',(0.,0.0222904753075953,0.0109909513649743));
#8255=CARTESIAN_POINT('',(0.0005,0.0222904753075953,0.0109909513649743));
#8256=CARTESIAN_POINT('',(0.000146446609406725,0.0226075761398223,0.0111473069283576));
#8257=CARTESIAN_POINT('',(3.93156467146918E-5,0.0226131088159542,0.0108938402115641));
#8258=CARTESIAN_POINT('',(0.000146446609406726,0.0224685863052724,0.0106855393931944));
#8259=CARTESIAN_POINT('',(0.00024866663604461,0.0227420094203731,0.0111058074895342));
#8260=CARTESIAN_POINT('',(0.000142045803814898,0.0227468476852561,0.0108529111286434));
#8261=CARTESIAN_POINT('',(0.000248666636057949,0.0226024199262539,0.0106452561090074));
#8262=CARTESIAN_POINT('',(0.000351036826726276,0.02287615124327,0.0110639812631037));
#8263=CARTESIAN_POINT('',(0.000244983110251441,0.0228803897994071,0.010811627499669));
#8264=CARTESIAN_POINT('',(0.000351036826709689,0.022735975360107,0.0106046367568598));
#8265=CARTESIAN_POINT('',(0.000453553390593272,0.0230100092253721,0.0110218366011725));
#8266=CARTESIAN_POINT('',(0.000348120041748108,0.023013735511633,0.0107699982409618));
#8267=CARTESIAN_POINT('',(0.000453553390593273,0.0228692596294397,0.0105636898205147));
#8268=CARTESIAN_POINT('',(0.0005,0.0222904753075953,0.0109909513649743));
#8269=CARTESIAN_POINT('',(0.000146446609406731,0.0224685863052723,0.0106855393931944));
#8270=CARTESIAN_POINT('',(0.000453553390593274,0.0228692596294396,0.0105636898205147));
#8271=CARTESIAN_POINT('',(0.000351009467933647,0.0227359397902707,0.0106046476844243));
#8272=CARTESIAN_POINT('',(0.000248639137659407,0.0226023839234479,0.0106452669457024));
#8273=CARTESIAN_POINT('',(0.000146446609406729,0.0224685863052723,0.0106855393931944));
#8274=CARTESIAN_POINT('',(0.000807106781186549,0.0226911486317625,0.0108691017922946));
#8275=CARTESIAN_POINT('',(0.000453553390593276,0.023010009225372,0.0110218366011726));
#8276=CARTESIAN_POINT('',(0.000348120041748112,0.0230137355116329,0.0107699982409619));
#8277=CARTESIAN_POINT('',(0.000453553390593286,0.0228692596294396,0.0105636898205147));
#8278=CARTESIAN_POINT('',(0.000619448245907177,0.0232266215209781,0.010953637107826));
#8279=CARTESIAN_POINT('',(0.000488151870516332,0.0231739330301243,0.0107565995169869));
#8280=CARTESIAN_POINT('',(0.000536500804841447,0.023043156794561,0.0105690814167086));
#8281=CARTESIAN_POINT('',(0.000746446572293616,0.0234500713328975,0.0107772079202531));
#8282=CARTESIAN_POINT('',(0.000606217980812481,0.0233563774526526,0.0106430612776838));
#8283=CARTESIAN_POINT('',(0.000600000000000003,0.0231992542027975,0.0105087495136481));
#8284=CARTESIAN_POINT('',(0.000746446609406726,0.023566319949276,0.0105167129205146));
#8285=CARTESIAN_POINT('',(0.000599999999999996,0.0234325856268022,0.0104570326021576));
#8286=CARTESIAN_POINT('',(0.0006,0.0232434567342049,0.0103726318865303));
#8287=CARTESIAN_POINT('',(-0.00014142135623731,0.000907132095724087,-0.00155548509431268));
#8288=CARTESIAN_POINT('',(0.000146446609406726,0.00105215248564059,-0.00180415566384697));
#8289=CARTESIAN_POINT('',(0.000146446609406729,0.0127676774324528,0.00502813654928126));
#8290=CARTESIAN_POINT('',(-0.00014142135623731,0.0126226570425363,0.00527680711881553));
#8291=CARTESIAN_POINT('',(-0.00014142135623731,0.0157,-1.3010426069826E-18));
#8292=CARTESIAN_POINT('',(0.000146446609406726,0.0157,-1.3010426069826E-18));
#8293=CARTESIAN_POINT('',(0.000146446609406728,0.0127676774324528,-0.00502813654928126));
#8294=CARTESIAN_POINT('',(-0.00014142135623731,0.0126226570425363,-0.00527680711881554));
#8295=CARTESIAN_POINT('',(-0.00014142135623731,0.000907132095724087,0.00155548509431268));
#8296=CARTESIAN_POINT('',(0.000146446609406727,0.00105215248564059,0.00180415566384697));
#8297=CARTESIAN_POINT('',(0.0005,-0.018575735931288,0.0165108550946581));
#8298=CARTESIAN_POINT('',(0.0005,-0.0185757359312881,-0.0165108550946581));
#8299=CARTESIAN_POINT('',(0.,0.,-0.02606));
#8300=CARTESIAN_POINT('',(0.,0.0122147762060604,-0.00511497731978474));
#8301=CARTESIAN_POINT('',(0.,0.0125895664347757,-0.00533354852106112));
#8302=CARTESIAN_POINT('',(0.,0.0157,-1.3010426069826E-18));
#8303=CARTESIAN_POINT('',(0.,0.0125895664347757,0.00533354852106112));
#8304=CARTESIAN_POINT('',(0.,-0.0104666932301334,-0.00811246470391894));
#8305=CARTESIAN_POINT('',(0.,-0.00469445316905265,-0.0233496561991493));
#8306=CARTESIAN_POINT('',(0.,0.0144330730248977,0.00978019099187716));
#8307=CARTESIAN_POINT('',(0.,0.0161361460497954,0.01273));
#8308=CARTESIAN_POINT('',(0.,0.,0.00978019099187717));
#8309=CARTESIAN_POINT('',(0.,0.0110269269751023,0.00978019099187716));
#8310=CARTESIAN_POINT('',(0.,0.0237894531690526,-0.0123251528089734));
#8311=CARTESIAN_POINT('',(0.,0.0093238539502046,0.01273));
#8312=CARTESIAN_POINT('',(0.,-0.00980367224374575,-0.0203998471910266));
#8313=CARTESIAN_POINT('',(0.,0.0110269269751023,0.0156798090081228));
#8314=CARTESIAN_POINT('',(0.,0.,0.0156798090081228));
#8315=CARTESIAN_POINT('',(0.,0.0144330730248977,0.0156798090081228));
#8316=CARTESIAN_POINT('',(0.,0.0288986722437457,-0.0093753438008506));
#8317=CARTESIAN_POINT('',(0.,0.0144185841335621,-0.00975509549593858));
#8318=CARTESIAN_POINT('',(0.,0.0144330730248977,-0.00978019099187716));
#8319=CARTESIAN_POINT('',(0.,0.0161361460497954,-0.01273));
#8320=CARTESIAN_POINT('',(0.,0.016150634941131,-0.0127049045040614));
#8321=CARTESIAN_POINT('',(0.,0.0144330730248977,-0.0156798090081228));
#8322=CARTESIAN_POINT('',(0.,0.0144620508075689,-0.0156798090081228));
#8323=CARTESIAN_POINT('',(0.,0.0110269269751023,-0.0156798090081228));
#8324=CARTESIAN_POINT('',(0.,0.0110414158664379,-0.0157049045040614));
#8325=CARTESIAN_POINT('',(0.,0.0093238539502046,-0.01273));
#8326=CARTESIAN_POINT('',(0.,0.00930936505886902,-0.0127550954959386));
#8327=CARTESIAN_POINT('',(0.,0.0110269269751023,-0.00978019099187716));
#8328=CARTESIAN_POINT('',(0.,0.0109979491924311,-0.00978019099187716));
#8329=CARTESIAN_POINT('',(0.,-0.0144185841335621,0.00975509549593858));
#8330=CARTESIAN_POINT('',(0.,-0.0144330730248977,0.00978019099187716));
#8331=CARTESIAN_POINT('',(0.,-0.0161361460497954,0.01273));
#8332=CARTESIAN_POINT('',(0.,-0.016150634941131,0.0127049045040614));
#8333=CARTESIAN_POINT('',(0.,-0.0144330730248977,0.0156798090081228));
#8334=CARTESIAN_POINT('',(0.,-0.0144620508075689,0.0156798090081228));
#8335=CARTESIAN_POINT('',(0.,-0.0110269269751023,0.0156798090081228));
#8336=CARTESIAN_POINT('',(0.,-0.0110414158664379,0.0157049045040614));
#8337=CARTESIAN_POINT('',(0.,-0.0093238539502046,0.01273));
#8338=CARTESIAN_POINT('',(0.,-0.00930936505886902,0.0127550954959386));
#8339=CARTESIAN_POINT('',(0.,-0.0110269269751023,0.00978019099187716));
#8340=CARTESIAN_POINT('',(0.,-0.0109979491924311,0.00978019099187716));
#8341=CARTESIAN_POINT('',(0.,-0.0178741688535698,-0.0157403438008506));
#8342=CARTESIAN_POINT('',(0.,-0.0144330730248977,-0.00978019099187716));
#8343=CARTESIAN_POINT('',(0.,-0.0161361460497954,-0.01273));
#8344=CARTESIAN_POINT('',(0.,0.,-0.00978019099187716));
#8345=CARTESIAN_POINT('',(0.,-0.0110269269751023,-0.00978019099187716));
#8346=CARTESIAN_POINT('',(0.,-0.00122083114643015,-0.0267648471910266));
#8347=CARTESIAN_POINT('',(0.,-0.0093238539502046,-0.01273));
#8348=CARTESIAN_POINT('',(0.,-0.0127649497788767,-0.0186901528089734));
#8349=CARTESIAN_POINT('',(0.,-0.0110269269751023,-0.0156798090081228));
#8350=CARTESIAN_POINT('',(0.,0.,-0.0156798090081228));
#8351=CARTESIAN_POINT('',(0.,-0.0144330730248977,-0.0156798090081228));
#8352=CARTESIAN_POINT('',(0.,-0.00633005022112325,-0.0297146561991493));
#8353=CARTESIAN_POINT('',(0.0005,0.0222904753075953,-0.0109909513649743));
#8354=CARTESIAN_POINT('',(0.0005,0.0222904753075953,-0.0109909513649743));
#8355=CARTESIAN_POINT('',(0.0005,0.0222904753075953,0.0109909513649743));
#8356=CARTESIAN_POINT('',(0.0005,0.0222904753075953,0.0109909513649743));
#8357=CARTESIAN_POINT('',(0.0005,0.000874041487963484,-0.0014987436920671));
#8358=CARTESIAN_POINT('',(0.0005,0.0125895664347757,0.00533354852106112));
#8359=CARTESIAN_POINT('',(0.0005,0.0157,-1.3010426069826E-18));
#8360=CARTESIAN_POINT('',(0.0005,0.0125895664347757,-0.00533354852106112));
#8361=CARTESIAN_POINT('',(0.0005,0.000874041487963484,0.0014987436920671));
#8362=CARTESIAN_POINT('',(-4.35778713738292E-6,0.0144189143117857,0.00975490486745229));
#8363=CARTESIAN_POINT('',(0.000167413895941033,0.0161192333611519,0.01273));
#8364=CARTESIAN_POINT('',(-0.00265607017299608,0.0164044707763577,0.01273));
#8365=CARTESIAN_POINT('',(-0.00265607017299608,0.0154858530822683,0.0111389074811053));
#8366=CARTESIAN_POINT('',(-0.00265607017299608,0.0145672353881789,0.00954781496221067));
#8367=CARTESIAN_POINT('',(0.000167413895941032,0.014424616680576,0.00979483780988871));
#8368=CARTESIAN_POINT('',(-4.35778713738292E-6,0.0109979491924311,0.00977980973490458));
#8369=CARTESIAN_POINT('',(-0.00265607017299608,0.01273,0.00954781496221067));
#8370=CARTESIAN_POINT('',(-0.00265607017299608,0.0108927646118211,0.00954781496221067));
#8371=CARTESIAN_POINT('',(0.000167413895941033,0.0110353833194241,0.00979483780988871));
#8372=CARTESIAN_POINT('',(-4.35778713738292E-6,0.00930903488064539,0.0127549048674523));
#8373=CARTESIAN_POINT('',(-0.00265607017299608,0.00997414691773171,0.0111389074811053));
#8374=CARTESIAN_POINT('',(-0.00265607017299608,0.00905552922364227,0.01273));
#8375=CARTESIAN_POINT('',(0.000167413895941033,0.00934076663884808,0.01273));
#8376=CARTESIAN_POINT('',(-4.35778713738292E-6,0.0110410856882143,0.0157050951325477));
#8377=CARTESIAN_POINT('',(-0.00265607017299608,0.0099741469177317,0.0143210925188947));
#8378=CARTESIAN_POINT('',(-0.00265607017299608,0.0108927646118211,0.0159121850377894));
#8379=CARTESIAN_POINT('',(0.000167413895941033,0.011035383319424,0.0156651621901113));
#8380=CARTESIAN_POINT('',(-4.35778713738292E-6,0.0144620508075689,0.0156801902650954));
#8381=CARTESIAN_POINT('',(-0.00265607017299608,0.01273,0.0159121850377894));
#8382=CARTESIAN_POINT('',(-0.00265607017299608,0.0145672353881789,0.0159121850377894));
#8383=CARTESIAN_POINT('',(0.000167413895941033,0.014424616680576,0.0156651621901113));
#8384=CARTESIAN_POINT('',(-4.35778713738292E-6,0.0161509651193546,0.0127050951325477));
#8385=CARTESIAN_POINT('',(-0.00265607017299608,0.0154858530822683,0.0143210925188947));
#8386=CARTESIAN_POINT('',(-4.35778713738292E-6,0.0144189143117857,-0.00975490486745229));
#8387=CARTESIAN_POINT('',(-5.79570787891627E-6,0.0144333657753957,-0.00977968393314065));
#8388=CARTESIAN_POINT('',(-0.00268637820953054,0.0145687662957013,-0.00954516335260017));
#8389=CARTESIAN_POINT('',(-0.00268637820953054,0.0146221240397675,-0.00963758167630008));
#8390=CARTESIAN_POINT('',(-0.00268637820953054,0.0164075325914026,-0.01273));
#8391=CARTESIAN_POINT('',(-5.79570787891635E-6,0.0161367315507914,-0.01273));
#8392=CARTESIAN_POINT('',(-4.35778713738292E-6,0.0161509651193546,-0.0127050951325477));
#8393=CARTESIAN_POINT('',(-0.00268637820953054,0.0163541748473363,-0.0128224183236999));
#8394=CARTESIAN_POINT('',(-0.00268637820953054,0.0145687662957013,-0.0159148366473999));
#8395=CARTESIAN_POINT('',(-5.79570787891622E-6,0.0144333657753957,-0.0156803160668594));
#8396=CARTESIAN_POINT('',(-4.35778713738292E-6,0.0144620508075689,-0.0156801902650954));
#8397=CARTESIAN_POINT('',(-0.00268637820953054,0.0144620508075689,-0.0159148366473999));
#8398=CARTESIAN_POINT('',(-0.00268637820953054,0.0108912337042987,-0.0159148366473998));
#8399=CARTESIAN_POINT('',(-5.79570787891627E-6,0.0110266342246043,-0.0156803160668594));
#8400=CARTESIAN_POINT('',(-4.35778713738292E-6,0.0110410856882143,-0.0157050951325477));
#8401=CARTESIAN_POINT('',(-0.00268637820953054,0.0108378759602325,-0.0158224183236999));
#8402=CARTESIAN_POINT('',(-0.00268637820953054,0.00905246740859746,-0.01273));
#8403=CARTESIAN_POINT('',(-5.79570787891628E-6,0.00932326844920856,-0.01273));
#8404=CARTESIAN_POINT('',(-4.35778713738292E-6,0.00930903488064539,-0.0127549048674523));
#8405=CARTESIAN_POINT('',(-0.00268637820953054,0.00910582515266366,-0.0126375816763001));
#8406=CARTESIAN_POINT('',(-0.00268637820953054,0.0108912337042987,-0.00954516335260017));
#8407=CARTESIAN_POINT('',(-5.79570787891631E-6,0.0110266342246043,-0.00977968393314065));
#8408=CARTESIAN_POINT('',(-4.35778713738292E-6,0.0109979491924311,-0.00977980973490458));
#8409=CARTESIAN_POINT('',(-0.00268637820953054,0.0109979491924311,-0.00954516335260017));
#8410=CARTESIAN_POINT('',(-4.35778713738292E-6,-0.0144189143117857,0.00975490486745229));
#8411=CARTESIAN_POINT('',(-5.79570787891627E-6,-0.0144333657753957,0.00977968393314065));
#8412=CARTESIAN_POINT('',(-0.00268637820953054,-0.0145687662957013,0.00954516335260017));
#8413=CARTESIAN_POINT('',(-0.00268637820953054,-0.0146221240397675,0.00963758167630008));
#8414=CARTESIAN_POINT('',(-0.00268637820953054,-0.0164075325914026,0.01273));
#8415=CARTESIAN_POINT('',(-5.79570787891635E-6,-0.0161367315507914,0.01273));
#8416=CARTESIAN_POINT('',(-4.35778713738292E-6,-0.0161509651193546,0.0127050951325477));
#8417=CARTESIAN_POINT('',(-0.00268637820953054,-0.0163541748473363,0.0128224183236999));
#8418=CARTESIAN_POINT('',(-0.00268637820953054,-0.0145687662957013,0.0159148366473999));
#8419=CARTESIAN_POINT('',(-5.79570787891622E-6,-0.0144333657753957,0.0156803160668594));
#8420=CARTESIAN_POINT('',(-4.35778713738292E-6,-0.0144620508075689,0.0156801902650954));
#8421=CARTESIAN_POINT('',(-0.00268637820953054,-0.0144620508075689,0.0159148366473999));
#8422=CARTESIAN_POINT('',(-0.00268637820953054,-0.0108912337042987,0.0159148366473998));
#8423=CARTESIAN_POINT('',(-5.79570787891627E-6,-0.0110266342246043,0.0156803160668594));
#8424=CARTESIAN_POINT('',(-4.35778713738292E-6,-0.0110410856882143,0.0157050951325477));
#8425=CARTESIAN_POINT('',(-0.00268637820953054,-0.0108378759602325,0.0158224183236999));
#8426=CARTESIAN_POINT('',(-0.00268637820953054,-0.00905246740859746,0.01273));
#8427=CARTESIAN_POINT('',(-5.79570787891628E-6,-0.00932326844920856,0.01273));
#8428=CARTESIAN_POINT('',(-4.35778713738292E-6,-0.00930903488064539,0.0127549048674523));
#8429=CARTESIAN_POINT('',(-0.00268637820953054,-0.00910582515266366,0.0126375816763001));
#8430=CARTESIAN_POINT('',(-0.00268637820953054,-0.0108912337042987,0.00954516335260017));
#8431=CARTESIAN_POINT('',(-5.79570787891631E-6,-0.0110266342246043,0.00977968393314065));
#8432=CARTESIAN_POINT('',(-4.35778713738292E-6,-0.0109979491924311,0.00977980973490458));
#8433=CARTESIAN_POINT('',(-0.00268637820953054,-0.0109979491924311,0.00954516335260017));
#8434=CARTESIAN_POINT('',(-4.35778713738292E-6,-0.0144189143117857,-0.00975490486745229));
#8435=CARTESIAN_POINT('',(0.000167413895941033,-0.0161192333611519,-0.01273));
#8436=CARTESIAN_POINT('',(-0.00265607017299608,-0.0164044707763577,-0.01273));
#8437=CARTESIAN_POINT('',(-0.00265607017299608,-0.0154858530822683,-0.0111389074811053));
#8438=CARTESIAN_POINT('',(-0.00265607017299608,-0.0145672353881789,-0.00954781496221067));
#8439=CARTESIAN_POINT('',(0.000167413895941032,-0.014424616680576,-0.00979483780988871));
#8440=CARTESIAN_POINT('',(-4.35778713738292E-6,-0.0109979491924311,-0.00977980973490458));
#8441=CARTESIAN_POINT('',(-0.00265607017299608,-0.01273,-0.00954781496221067));
#8442=CARTESIAN_POINT('',(-0.00265607017299608,-0.0108927646118211,-0.00954781496221067));
#8443=CARTESIAN_POINT('',(0.000167413895941033,-0.0110353833194241,-0.00979483780988871));
#8444=CARTESIAN_POINT('',(-4.35778713738292E-6,-0.00930903488064539,-0.0127549048674523));
#8445=CARTESIAN_POINT('',(-0.00265607017299608,-0.00997414691773171,-0.0111389074811053));
#8446=CARTESIAN_POINT('',(-0.00265607017299608,-0.00905552922364227,-0.01273));
#8447=CARTESIAN_POINT('',(0.000167413895941033,-0.00934076663884808,-0.01273));
#8448=CARTESIAN_POINT('',(-4.35778713738292E-6,-0.0110410856882143,-0.0157050951325477));
#8449=CARTESIAN_POINT('',(-0.00265607017299608,-0.0099741469177317,-0.0143210925188947));
#8450=CARTESIAN_POINT('',(-0.00265607017299608,-0.0108927646118211,-0.0159121850377894));
#8451=CARTESIAN_POINT('',(0.000167413895941033,-0.011035383319424,-0.0156651621901113));
#8452=CARTESIAN_POINT('',(-4.35778713738292E-6,-0.0144620508075689,-0.0156801902650954));
#8453=CARTESIAN_POINT('',(-0.00265607017299608,-0.01273,-0.0159121850377894));
#8454=CARTESIAN_POINT('',(-0.00265607017299608,-0.0145672353881789,-0.0159121850377894));
#8455=CARTESIAN_POINT('',(0.000167413895941033,-0.014424616680576,-0.0156651621901113));
#8456=CARTESIAN_POINT('',(-4.35778713738292E-6,-0.0161509651193546,-0.0127050951325477));
#8457=CARTESIAN_POINT('',(-0.00265607017299608,-0.0154858530822683,-0.0143210925188947));
#8458=CARTESIAN_POINT('',(-0.0031,0.015163257446667,0.0113251581581591));
#8459=CARTESIAN_POINT('',(-0.00350534070719139,0.0155816050856991,0.01273));
#8460=CARTESIAN_POINT('',(-0.0031,0.0159743432622227,0.01273));
#8461=CARTESIAN_POINT('',(-0.0031,0.01610757583578,0.0129607655866243));
#8462=CARTESIAN_POINT('',(-0.0031,0.0143521716311114,0.00992031631631826));
#8463=CARTESIAN_POINT('',(-0.00350534070719138,0.0141558025428495,0.0102604375542237));
#8464=CARTESIAN_POINT('',(-0.0031,0.01273,0.00992031631631826));
#8465=CARTESIAN_POINT('',(-0.0031,0.0146186367782259,0.00992031631631826));
#8466=CARTESIAN_POINT('',(-0.0031,0.0111078283688887,0.00992031631631826));
#8467=CARTESIAN_POINT('',(-0.00350534070719138,0.0113041974571505,0.0102604375542237));
#8468=CARTESIAN_POINT('',(-0.0031,0.010296742553333,0.0113251581581591));
#8469=CARTESIAN_POINT('',(-0.00350534070719138,0.00987839491430092,0.01273));
#8470=CARTESIAN_POINT('',(-0.0031,0.0094856567377773,0.01273));
#8471=CARTESIAN_POINT('',(-0.0031,0.0112410609424459,0.00968955072969395));
#8472=CARTESIAN_POINT('',(-0.0031,0.010296742553333,0.0141348418418409));
#8473=CARTESIAN_POINT('',(-0.00350534070719139,0.0113041974571505,0.0151995624457763));
#8474=CARTESIAN_POINT('',(-0.0031,0.0111078283688886,0.0155396836836817));
#8475=CARTESIAN_POINT('',(-0.0031,0.00935242416422005,0.0124992344133757));
#8476=CARTESIAN_POINT('',(-0.0031,0.01273,0.0155396836836817));
#8477=CARTESIAN_POINT('',(-0.00350534070719138,0.0141558025428495,0.0151995624457763));
#8478=CARTESIAN_POINT('',(-0.0031,0.0143521716311113,0.0155396836836817));
#8479=CARTESIAN_POINT('',(-0.0031,0.0108413632217741,0.0155396836836817));
#8480=CARTESIAN_POINT('',(-0.0031,0.015163257446667,0.0141348418418409));
#8481=CARTESIAN_POINT('',(-0.0031,0.0142189390575541,0.0157704492703061));
#8482=CARTESIAN_POINT('',(-0.00264022509220568,0.0146620938118346,-0.00961450511763766));
#8483=CARTESIAN_POINT('',(-0.00267322363002349,0.0145763610957207,-0.00953200877309312));
#8484=CARTESIAN_POINT('',(-0.0031,0.014329961643631,-0.00995878514306963));
#8485=CARTESIAN_POINT('',(-0.0031,0.0141856240763336,-0.00970878514306963));
#8486=CARTESIAN_POINT('',(-0.0031,0.0159299232872621,-0.01273));
#8487=CARTESIAN_POINT('',(-0.00353036648716637,0.0154329788728307,-0.01273));
#8488=CARTESIAN_POINT('',(-0.00264022509220568,0.0163941446194036,-0.0128454948823623));
#8489=CARTESIAN_POINT('',(-0.00353036648716634,0.0140814894364154,-0.0150708483697641));
#8490=CARTESIAN_POINT('',(-0.0031,0.014329961643631,-0.0155012148569304));
#8491=CARTESIAN_POINT('',(-0.0031,0.0160742608545595,-0.01248));
#8492=CARTESIAN_POINT('',(-0.00264022509220568,0.0144620508075689,-0.0159609897647247));
#8493=CARTESIAN_POINT('',(-0.00353036648716635,0.0113785105635846,-0.015070848369764));
#8494=CARTESIAN_POINT('',(-0.0031,0.011130038356369,-0.0155012148569304));
#8495=CARTESIAN_POINT('',(-0.0031,0.0146186367782258,-0.0155012148569304));
#8496=CARTESIAN_POINT('',(-0.00264022509220568,0.0107979061881654,-0.0158454948823624));
#8497=CARTESIAN_POINT('',(-0.0031,0.0112743759236664,-0.0157512148569303));
#8498=CARTESIAN_POINT('',(-0.0031,0.00953007671273793,-0.01273));
#8499=CARTESIAN_POINT('',(-0.00353036648716635,0.0100270211271693,-0.01273));
#8500=CARTESIAN_POINT('',(-0.00264022509220568,0.00906585538059648,-0.0126145051176377));
#8501=CARTESIAN_POINT('',(-0.0031,0.00938573914544053,-0.01298));
#8502=CARTESIAN_POINT('',(-0.0031,0.011130038356369,-0.00995878514306963));
#8503=CARTESIAN_POINT('',(-0.00353036648716635,0.0113785105635847,-0.010389151630236));
#8504=CARTESIAN_POINT('',(-0.00264022509220568,0.0109979491924311,-0.00949901023527531));
#8505=CARTESIAN_POINT('',(-0.0031,0.0108413632217742,-0.00995878514306963));
#8506=CARTESIAN_POINT('',(-0.00264022509220568,-0.0146620938118346,0.00961450511763766));
#8507=CARTESIAN_POINT('',(-0.00267322363002349,-0.0145763610957207,0.00953200877309312));
#8508=CARTESIAN_POINT('',(-0.0031,-0.014329961643631,0.00995878514306963));
#8509=CARTESIAN_POINT('',(-0.0031,-0.0141856240763336,0.00970878514306963));
#8510=CARTESIAN_POINT('',(-0.0031,-0.0159299232872621,0.01273));
#8511=CARTESIAN_POINT('',(-0.00353036648716637,-0.0154329788728307,0.01273));
#8512=CARTESIAN_POINT('',(-0.00264022509220568,-0.0163941446194036,0.0128454948823623));
#8513=CARTESIAN_POINT('',(-0.00353036648716634,-0.0140814894364154,0.0150708483697641));
#8514=CARTESIAN_POINT('',(-0.0031,-0.014329961643631,0.0155012148569304));
#8515=CARTESIAN_POINT('',(-0.0031,-0.0160742608545595,0.01248));
#8516=CARTESIAN_POINT('',(-0.00264022509220568,-0.0144620508075689,0.0159609897647247));
#8517=CARTESIAN_POINT('',(-0.00353036648716635,-0.0113785105635846,0.015070848369764));
#8518=CARTESIAN_POINT('',(-0.0031,-0.011130038356369,0.0155012148569304));
#8519=CARTESIAN_POINT('',(-0.0031,-0.0146186367782258,0.0155012148569304));
#8520=CARTESIAN_POINT('',(-0.00264022509220568,-0.0107979061881654,0.0158454948823624));
#8521=CARTESIAN_POINT('',(-0.0031,-0.0112743759236664,0.0157512148569303));
#8522=CARTESIAN_POINT('',(-0.0031,-0.00953007671273793,0.01273));
#8523=CARTESIAN_POINT('',(-0.00353036648716635,-0.0100270211271693,0.01273));
#8524=CARTESIAN_POINT('',(-0.00264022509220568,-0.00906585538059648,0.0126145051176377));
#8525=CARTESIAN_POINT('',(-0.0031,-0.00938573914544053,0.01298));
#8526=CARTESIAN_POINT('',(-0.0031,-0.011130038356369,0.00995878514306963));
#8527=CARTESIAN_POINT('',(-0.00353036648716635,-0.0113785105635847,0.010389151630236));
#8528=CARTESIAN_POINT('',(-0.00264022509220568,-0.0109979491924311,0.00949901023527531));
#8529=CARTESIAN_POINT('',(-0.0031,-0.0108413632217742,0.00995878514306963));
#8530=CARTESIAN_POINT('',(-0.0031,-0.015163257446667,-0.0113251581581591));
#8531=CARTESIAN_POINT('',(-0.00350534070719139,-0.0155816050856991,-0.01273));
#8532=CARTESIAN_POINT('',(-0.0031,-0.0159743432622227,-0.01273));
#8533=CARTESIAN_POINT('',(-0.0031,-0.01610757583578,-0.0129607655866243));
#8534=CARTESIAN_POINT('',(-0.0031,-0.0143521716311114,-0.00992031631631826));
#8535=CARTESIAN_POINT('',(-0.00350534070719138,-0.0141558025428495,-0.0102604375542237));
#8536=CARTESIAN_POINT('',(-0.0031,-0.01273,-0.00992031631631826));
#8537=CARTESIAN_POINT('',(-0.0031,-0.0146186367782259,-0.00992031631631826));
#8538=CARTESIAN_POINT('',(-0.0031,-0.0111078283688887,-0.00992031631631826));
#8539=CARTESIAN_POINT('',(-0.00350534070719138,-0.0113041974571505,-0.0102604375542237));
#8540=CARTESIAN_POINT('',(-0.0031,-0.010296742553333,-0.0113251581581591));
#8541=CARTESIAN_POINT('',(-0.00350534070719138,-0.00987839491430092,-0.01273));
#8542=CARTESIAN_POINT('',(-0.0031,-0.0094856567377773,-0.01273));
#8543=CARTESIAN_POINT('',(-0.0031,-0.0112410609424459,-0.00968955072969395));
#8544=CARTESIAN_POINT('',(-0.0031,-0.010296742553333,-0.0141348418418409));
#8545=CARTESIAN_POINT('',(-0.00350534070719139,-0.0113041974571505,-0.0151995624457763));
#8546=CARTESIAN_POINT('',(-0.0031,-0.0111078283688886,-0.0155396836836817));
#8547=CARTESIAN_POINT('',(-0.0031,-0.00935242416422005,-0.0124992344133757));
#8548=CARTESIAN_POINT('',(-0.0031,-0.01273,-0.0155396836836817));
#8549=CARTESIAN_POINT('',(-0.00350534070719138,-0.0141558025428495,-0.0151995624457763));
#8550=CARTESIAN_POINT('',(-0.0031,-0.0143521716311113,-0.0155396836836817));
#8551=CARTESIAN_POINT('',(-0.0031,-0.0108413632217741,-0.0155396836836817));
#8552=CARTESIAN_POINT('',(-0.0031,-0.015163257446667,-0.0141348418418409));
#8553=CARTESIAN_POINT('',(-0.0031,-0.0142189390575541,-0.0157704492703061));
#8554=CARTESIAN_POINT('',(-0.0031,0.01273,0.01273));
#8555=CARTESIAN_POINT('',(-0.0031,0.01273,-0.01273));
#8556=CARTESIAN_POINT('',(-0.0031,-0.01273,0.01273));
#8557=CARTESIAN_POINT('',(-0.0031,-0.01273,-0.01273));
#8558=CARTESIAN_POINT('',(0.004,0.0158718658306298,0.0252872540664101));
#8559=CARTESIAN_POINT('',(-0.00158386456538106,0.0255434029604533,0.0164693331665427));
#8560=CARTESIAN_POINT('',(-0.000952361131133264,0.0244496069271818,0.0166920353542785));
#8561=CARTESIAN_POINT('',(-0.000337363942456781,0.0233844005498821,0.0170220474829381));
#8562=CARTESIAN_POINT('',(0.000261098780039926,0.0223478327080819,0.0174595530195499));
#8563=CARTESIAN_POINT('',(-0.00158386456538106,0.0255434029604533,0.0164693331665426));
#8564=CARTESIAN_POINT('',(0.000261098780039926,0.0223478327080819,0.01745955301955));
#8565=CARTESIAN_POINT('',(0.0126453148871066,0.000897741198729584,0.));
#8566=CARTESIAN_POINT('',(0.000261098780048699,0.0223478327080667,-0.0174595530195563));
#8567=CARTESIAN_POINT('',(0.000261098780048695,0.0223478327080667,-0.0174595530195564));
#8568=CARTESIAN_POINT('',(-0.000337363942452977,0.0233844005498756,-0.0170220474829397));
#8569=CARTESIAN_POINT('',(-0.000952361131134697,0.0244496069271843,-0.0166920353542772));
#8570=CARTESIAN_POINT('',(-0.001583864565388,0.0255434029604653,-0.0164693331665402));
#8571=CARTESIAN_POINT('',(-0.001583864565388,0.0255434029604653,-0.0164693331665402));
#8572=CARTESIAN_POINT('',(0.000261227393536381,0.0223476099429714,-0.0171200121550334));
#8573=CARTESIAN_POINT('',(-0.00384618695315927,0.0294618602791856,-0.0156715162144904));
#8574=CARTESIAN_POINT('',(-0.00384618695315927,0.0294618602791856,0.0136));
#8575=CARTESIAN_POINT('',(-0.00384618800182719,0.0294618596726125,0.0156741321539328));
#8576=CARTESIAN_POINT('',(0.00458560252358949,0.0148575725067322,0.0186450201752994));
#8577=CARTESIAN_POINT('',(-0.00879577620110398,0.026026863325317,0.0116));
#8578=CARTESIAN_POINT('',(-0.00879577620110398,0.026026863325317,0.0116));
#8579=CARTESIAN_POINT('',(-0.0100827458865312,0.0252563381610353,0.0116));
#8580=CARTESIAN_POINT('',(-0.00954577620110398,0.0273259014309937,0.0116));
#8581=CARTESIAN_POINT('',(-0.0105697596744604,0.0269504339161536,0.0121));
#8582=CARTESIAN_POINT('',(-0.0104880518678981,0.0266512430401964,0.0121));
#8583=CARTESIAN_POINT('',(-0.0104235683370578,0.0260624115383005,0.0118917475455419));
#8584=CARTESIAN_POINT('',(-0.0102322471872822,0.0255060427143938,0.0116985903598773));
#8585=CARTESIAN_POINT('',(-0.0100827458865312,0.0252563381610353,0.0116));
#8586=CARTESIAN_POINT('',(-0.0105697596744604,0.0269504339161536,0.0121));
#8587=CARTESIAN_POINT('',(-0.00879577620110398,0.026026863325317,0.0121));
#8588=CARTESIAN_POINT('',(-0.00979577620110398,0.0277589141328859,0.0121));
#8589=CARTESIAN_POINT('',(-0.00979577620110398,0.0277589141328859,0.0116));
#8590=CARTESIAN_POINT('',(-0.0218481788858074,0.0208004561984906,0.0116));
#8591=CARTESIAN_POINT('',(-0.00845,0.0285358983848623,0.0116));
#8592=CARTESIAN_POINT('',(-0.00845,0.0285358983848623,0.0121));
#8593=CARTESIAN_POINT('',(-0.0082,0.02810288568297,0.0116));
#8594=CARTESIAN_POINT('',(-0.0082,0.02810288568297,0.0116));
#8595=CARTESIAN_POINT('',(-0.00979577620110398,0.0277589141328859,0.0121));
#8596=CARTESIAN_POINT('',(-0.0218481788858074,0.0208004561984906,-0.0116));
#8597=CARTESIAN_POINT('',(-0.00845,0.0285358983848623,-0.0116));
#8598=CARTESIAN_POINT('',(-0.00845,0.0285358983848623,-0.0121));
#8599=CARTESIAN_POINT('',(-0.0082,0.02810288568297,-0.0116));
#8600=CARTESIAN_POINT('',(-0.00979577620110398,0.0277589141328859,-0.0121));
#8601=CARTESIAN_POINT('',(-0.00979577620110398,0.0277589141328859,-0.0121));
#8602=CARTESIAN_POINT('',(-0.00979577620110398,0.0277589141328859,-0.0116));
#8603=CARTESIAN_POINT('',(-0.00954577620110398,0.0273259014309937,-0.0116));
#8604=CARTESIAN_POINT('',(-0.0082,0.02810288568297,-0.0116));
#8605=CARTESIAN_POINT('',(-0.00879577620110398,0.026026863325317,-0.0116));
#8606=CARTESIAN_POINT('',(-0.00879577620110398,0.026026863325317,-0.0116));
#8607=CARTESIAN_POINT('',(-0.0100827458865312,0.0252563381610353,-0.0116));
#8608=CARTESIAN_POINT('',(-0.00879577620110398,0.026026863325317,-0.0121));
#8609=CARTESIAN_POINT('',(-0.0105697596744604,0.0269504339161536,-0.0121));
#8610=CARTESIAN_POINT('',(-0.0105697596744604,0.0269504339161536,-0.0121));
#8611=CARTESIAN_POINT('',(-0.0104880518678981,0.0266512430401964,-0.0121));
#8612=CARTESIAN_POINT('',(-0.0104235683370578,0.0260624115383005,-0.0118917475455419));
#8613=CARTESIAN_POINT('',(-0.0102322471872822,0.0255060427143938,-0.0116985903598773));
#8614=CARTESIAN_POINT('',(-0.0100827458865312,0.0252563381610353,-0.0116));
#8615=CARTESIAN_POINT('',(-0.0126436595075378,0.0341975917079504,0.0126));
#8616=CARTESIAN_POINT('',(-0.0126436595075378,0.0341975917079504,0.0126));
#8617=CARTESIAN_POINT('',(-0.0126436595075378,0.0341975917079504,0.0121));
#8618=CARTESIAN_POINT('',(-0.0128936595075378,0.0346306044098426,0.0126));
#8619=CARTESIAN_POINT('',(-0.0128936595075378,0.0346306044098426,0.0126));
#8620=CARTESIAN_POINT('',(-0.0115539399466027,0.0354040918589872,0.0126));
#8621=CARTESIAN_POINT('',(-0.0113039399466027,0.0349710791570949,0.0126));
#8622=CARTESIAN_POINT('',(-0.0113039399466027,0.0349710791570949,0.0121));
#8623=CARTESIAN_POINT('',(-0.0405721395950757,0.0180730762113533,0.0121));
#8624=CARTESIAN_POINT('',(-0.0113936595075378,0.0320325281984893,0.0126));
#8625=CARTESIAN_POINT('',(-0.0132443019384119,0.0303517180982553,0.0126));
#8626=CARTESIAN_POINT('',(-0.0132443019384119,0.0303517180982553,0.0121));
#8627=CARTESIAN_POINT('',(-0.0136144304245867,0.0300155560782086,0.0126));
#8628=CARTESIAN_POINT('',(-0.0113936595075378,0.0320325281984893,0.0126));
#8629=CARTESIAN_POINT('',(-0.0113936595075378,0.0320325281984893,0.0121));
#8630=CARTESIAN_POINT('',(-0.0358221395950757,0.00984583487540111,0.0126));
#8631=CARTESIAN_POINT('',(-0.0105697596744604,0.0269504339161536,0.0126));
#8632=CARTESIAN_POINT('',(-0.010983733115782,0.0266700306531904,0.0126));
#8633=CARTESIAN_POINT('',(-0.0358221395950757,0.00984583487540111,0.0126));
#8634=CARTESIAN_POINT('',(-0.0358221395950757,0.00984583487540111,0.0121));
#8635=CARTESIAN_POINT('',(-0.0105697596744604,0.0269504339161535,0.0121));
#8636=CARTESIAN_POINT('',(-0.010983733115782,0.0266700306531904,0.0121));
#8637=CARTESIAN_POINT('',(-0.010983733115782,0.0266700306531904,0.0126));
#8638=CARTESIAN_POINT('',(-0.0105112597537048,0.0267362237526943,0.0121));
#8639=CARTESIAN_POINT('',(-0.0108766988091666,0.0265120105320267,0.0121668993007548));
#8640=CARTESIAN_POINT('',(-0.0107946195729469,0.0263908328175423,0.0125999999234392));
#8641=CARTESIAN_POINT('',(-0.010448089617681,0.0262467025052188,0.0119653297585375));
#8642=CARTESIAN_POINT('',(-0.0105911074040811,0.0260854455510659,0.0121735654080486));
#8643=CARTESIAN_POINT('',(-0.0104493188813455,0.0258597523152698,0.0123306595553554));
#8644=CARTESIAN_POINT('',(-0.0102649487393886,0.0255606624830637,0.011720154863707));
#8645=CARTESIAN_POINT('',(-0.0102335112559914,0.0255083234841314,0.0117802324041515));
#8646=CARTESIAN_POINT('',(-0.0102022231266266,0.0254558950259233,0.0118403097274143));
#8647=CARTESIAN_POINT('',(-0.0100827458865312,0.0252563381610353,0.0116));
#8648=CARTESIAN_POINT('',(-0.0100827458865312,0.0252563381610353,0.0116));
#8649=CARTESIAN_POINT('',(-0.0100827458865312,0.0252563381610353,0.0116));
#8650=CARTESIAN_POINT('',(-0.010983733115782,0.0266700306531904,0.0126));
#8651=CARTESIAN_POINT('',(-0.0107936416577916,0.0263893890722097,0.0126));
#8652=CARTESIAN_POINT('',(-0.010447747508207,0.0258572399218196,0.0123281701181704));
#8653=CARTESIAN_POINT('',(-0.010201762738802,0.0254551260631413,0.0118393837191373));
#8654=CARTESIAN_POINT('',(-0.0100827458865312,0.0252563381610353,0.0116));
#8655=CARTESIAN_POINT('',(-0.01045,0.032,-0.0116));
#8656=CARTESIAN_POINT('',(-0.01045,0.032,-0.0121));
#8657=CARTESIAN_POINT('',(-0.00646941814597147,0.0323936598828712,-0.0121));
#8658=CARTESIAN_POINT('',(-0.01045,0.032,-0.0116));
#8659=CARTESIAN_POINT('',(-0.00602125821155051,0.0312023495933423,-0.0116));
#8660=CARTESIAN_POINT('',(-0.00602125821155051,0.0312023495933423,-0.0116));
#8661=CARTESIAN_POINT('',(-0.00602125821155051,0.0312023495933423,-0.0117252520515385));
#8662=CARTESIAN_POINT('',(-0.0060831976771297,0.0313816505540557,-0.0119237136187649));
#8663=CARTESIAN_POINT('',(-0.00623983909504998,0.0318201756754884,-0.0120775398291994));
#8664=CARTESIAN_POINT('',(-0.00637362134047736,0.0321671430111462,-0.0121));
#8665=CARTESIAN_POINT('',(-0.00646941814597155,0.0323936598828708,-0.0121));
#8666=CARTESIAN_POINT('',(-0.01045,0.032,0.0173123339795195));
#8667=CARTESIAN_POINT('',(-0.0082,0.02810288568297,0.0121));
#8668=CARTESIAN_POINT('',(-0.01045,0.032,0.0116));
#8669=CARTESIAN_POINT('',(-0.00602125821155051,0.0312023495933423,0.0116));
#8670=CARTESIAN_POINT('',(-0.00602125821155051,0.0312023495933423,0.0173123339795195));
#8671=CARTESIAN_POINT('',(-0.01045,0.032,0.0116));
#8672=CARTESIAN_POINT('',(-0.01045,0.032,0.0121));
#8673=CARTESIAN_POINT('',(-0.00646941814597147,0.0323936598828712,0.0121));
#8674=CARTESIAN_POINT('',(-0.00602125821155051,0.0312023495933423,0.0116));
#8675=CARTESIAN_POINT('',(-0.00602125821155051,0.0312023495933423,0.0117252520515385));
#8676=CARTESIAN_POINT('',(-0.0060831976771297,0.0313816505540557,0.0119237136187649));
#8677=CARTESIAN_POINT('',(-0.00623983909504998,0.0318201756754884,0.0120775398291994));
#8678=CARTESIAN_POINT('',(-0.00637362134047736,0.0321671430111462,0.0121));
#8679=CARTESIAN_POINT('',(-0.00646941814597155,0.0323936598828708,0.0121));
#8680=CARTESIAN_POINT('',(-0.0358221395950757,0.00984583487540111,0.0121));
#8681=CARTESIAN_POINT('',(-0.01045,0.032,0.0121));
#8682=CARTESIAN_POINT('',(-0.0100169872981078,0.03225,0.0121));
#8683=CARTESIAN_POINT('',(-0.0358221395950757,0.00984583487540112,0.0121));
#8684=CARTESIAN_POINT('',(-0.00818740034227586,0.0344691542183727,0.0121));
#8685=CARTESIAN_POINT('',(-0.0100539399466027,0.0328060156476339,0.0121));
#8686=CARTESIAN_POINT('',(-0.0100539399466027,0.0328060156476339,0.0126));
#8687=CARTESIAN_POINT('',(-0.0100539399466027,0.0328060156476339,0.0126));
#8688=CARTESIAN_POINT('',(-0.00781409242141049,0.0348017819325205,0.0126));
#8689=CARTESIAN_POINT('',(-0.00818740034227586,0.0344691542183727,0.0126));
#8690=CARTESIAN_POINT('',(-0.0358221395950757,0.00984583487540111,-0.0121));
#8691=CARTESIAN_POINT('',(-0.01045,0.032,-0.0121));
#8692=CARTESIAN_POINT('',(-0.0100169872981078,0.03225,-0.0121));
#8693=CARTESIAN_POINT('',(-0.0358221395950757,0.00984583487540112,-0.0121));
#8694=CARTESIAN_POINT('',(-0.00818740034227586,0.0344691542183727,-0.0121));
#8695=CARTESIAN_POINT('',(-0.0100539399466027,0.0328060156476339,-0.0121));
#8696=CARTESIAN_POINT('',(-0.0113039399466027,0.0349710791570949,-0.0121));
#8697=CARTESIAN_POINT('',(-0.0405721395950757,0.0180730762113533,-0.0121));
#8698=CARTESIAN_POINT('',(-0.0126436595075378,0.0341975917079504,-0.0121));
#8699=CARTESIAN_POINT('',(-0.0113936595075378,0.0320325281984893,-0.0121));
#8700=CARTESIAN_POINT('',(-0.0132443019384119,0.0303517180982553,-0.0121));
#8701=CARTESIAN_POINT('',(-0.0358221395950757,0.00984583487540111,-0.0121));
#8702=CARTESIAN_POINT('',(-0.010983733115782,0.0266700306531904,-0.0126));
#8703=CARTESIAN_POINT('',(-0.010983733115782,0.0266700306531904,-0.0121));
#8704=CARTESIAN_POINT('',(-0.0105697596744604,0.0269504339161535,-0.0121));
#8705=CARTESIAN_POINT('',(-0.0107946195729469,0.0263908328175423,-0.0125999999234392));
#8706=CARTESIAN_POINT('',(-0.0108766988091666,0.0265120105320267,-0.0121668993007548));
#8707=CARTESIAN_POINT('',(-0.0105112597537048,0.0267362237526943,-0.0121));
#8708=CARTESIAN_POINT('',(-0.0104493188813457,0.0258597523152701,-0.0123306595553554));
#8709=CARTESIAN_POINT('',(-0.0105911074041329,0.0260854455510135,-0.0121735654080663));
#8710=CARTESIAN_POINT('',(-0.0104480896176815,0.0262467025052197,-0.0119653297585375));
#8711=CARTESIAN_POINT('',(-0.0102022231266263,0.0254558950259227,-0.0118403097274143));
#8712=CARTESIAN_POINT('',(-0.0102335112558984,0.0255083234842255,-0.0117802324041196));
#8713=CARTESIAN_POINT('',(-0.0102649487393876,0.025560662483062,-0.011720154863707));
#8714=CARTESIAN_POINT('',(-0.0100827458865312,0.0252563381610353,-0.0116));
#8715=CARTESIAN_POINT('',(-0.0100827458865312,0.0252563381610353,-0.0116));
#8716=CARTESIAN_POINT('',(-0.0100827458865312,0.0252563381610353,-0.0116));
#8717=CARTESIAN_POINT('',(-0.0105697596744604,0.0269504339161536,-0.0126));
#8718=CARTESIAN_POINT('',(-0.010983733115782,0.0266700306531904,-0.0126));
#8719=CARTESIAN_POINT('',(-0.010983733115782,0.0266700306531904,-0.0126));
#8720=CARTESIAN_POINT('',(-0.0107936416577916,0.0263893890722097,-0.0126));
#8721=CARTESIAN_POINT('',(-0.010447747508207,0.0258572399218196,-0.0123281701181704));
#8722=CARTESIAN_POINT('',(-0.010201762738802,0.0254551260631413,-0.0118393837191373));
#8723=CARTESIAN_POINT('',(-0.0100827458865312,0.0252563381610353,-0.0116));
#8724=CARTESIAN_POINT('',(-0.0358221395950757,0.00984583487540111,-0.0126));
#8725=CARTESIAN_POINT('',(-0.0132443019384119,0.0303517180982553,-0.0126));
#8726=CARTESIAN_POINT('',(-0.0136144304245867,0.0300155560782086,-0.0126));
#8727=CARTESIAN_POINT('',(-0.0358221395950757,0.00984583487540111,-0.0126));
#8728=CARTESIAN_POINT('',(-0.0113936595075378,0.0320325281984893,-0.0126));
#8729=CARTESIAN_POINT('',(-0.0126436595075378,0.0341975917079504,-0.0126));
#8730=CARTESIAN_POINT('',(-0.0128936595075378,0.0346306044098426,-0.0126));
#8731=CARTESIAN_POINT('',(-0.0113936595075378,0.0320325281984893,-0.0126));
#8732=CARTESIAN_POINT('',(-0.0126436595075378,0.0341975917079504,-0.0126));
#8733=CARTESIAN_POINT('',(-0.0113039399466027,0.0349710791570949,-0.0126));
#8734=CARTESIAN_POINT('',(-0.0115539399466027,0.0354040918589872,-0.0126));
#8735=CARTESIAN_POINT('',(-0.0128936595075378,0.0346306044098426,-0.0126));
#8736=CARTESIAN_POINT('',(-0.0100539399466027,0.0328060156476339,-0.0126));
#8737=CARTESIAN_POINT('',(-0.00818740034227586,0.0344691542183727,-0.0126));
#8738=CARTESIAN_POINT('',(-0.00781409242141049,0.0348017819325205,-0.0126));
#8739=CARTESIAN_POINT('',(-0.0100539399466027,0.0328060156476339,-0.0126));
#8740=CARTESIAN_POINT('',(-0.00879577620110398,0.026026863325317,0.0151));
#8741=CARTESIAN_POINT('',(-0.0100827458865312,0.0252563381610353,0.0151));
#8742=CARTESIAN_POINT('',(-0.00954577620110398,0.0273259014309937,0.0121));
#8743=CARTESIAN_POINT('',(-0.0215981788858074,0.0203674434965984,0.0121));
#8744=CARTESIAN_POINT('',(-0.01045,0.032,0.0151));
#8745=CARTESIAN_POINT('',(-0.01045,0.032,0.0157171444324796));
#8746=CARTESIAN_POINT('',(-0.0107,0.0324330127018922,0.0156289809421254));
#8747=CARTESIAN_POINT('',(-0.0128936595075378,0.0346306044098426,0.0151));
#8748=CARTESIAN_POINT('',(-0.0128936595075378,0.0346306044098426,0.0151));
#8749=CARTESIAN_POINT('',(-0.0128936595075378,0.0346306044098426,0.0142609003688227));
#8750=CARTESIAN_POINT('',(-0.0115539399466027,0.0354040918589872,0.0142609003688227));
#8751=CARTESIAN_POINT('',(-0.0115539399466027,0.0354040918589872,0.0142609003688227));
#8752=CARTESIAN_POINT('',(-0.0115539399466027,0.0354040918589872,0.0151));
#8753=CARTESIAN_POINT('',(-0.0113936595075378,0.0320325281984893,0.0151));
#8754=CARTESIAN_POINT('',(-0.0136144304245867,0.0300155560782086,0.0151));
#8755=CARTESIAN_POINT('',(-0.0136144304245867,0.0300155560782086,0.0146883597159948));
#8756=CARTESIAN_POINT('',(-0.0113936595075378,0.0320325281984893,0.0146135543302396));
#8757=CARTESIAN_POINT('',(-0.0358221395950757,0.00984583487540111,0.0151));
#8758=CARTESIAN_POINT('',(-0.00984137748154252,0.0248458348754012,-0.00261989400560565));
#8759=CARTESIAN_POINT('',(-0.00995374970741256,0.0250404692799677,-0.00087329800186855));
#8760=CARTESIAN_POINT('',(-0.00995374970741256,0.0250404692799677,0.00087329800186855));
#8761=CARTESIAN_POINT('',(-0.00984137748154252,0.0248458348754012,0.00261989400560565));
#8762=CARTESIAN_POINT('',(-0.00984137748154252,0.0248458348754012,0.00261989400560565));
#8763=CARTESIAN_POINT('',(-0.00984137748154252,0.0248458348754012,0.0151));
#8764=CARTESIAN_POINT('',(-0.00984137748154252,0.0248458348754012,0.0159240654171818));
#8765=CARTESIAN_POINT('',(-0.00984137748154252,0.0248458348754012,0.0159240654171818));
#8766=CARTESIAN_POINT('',(-0.0101261095687298,0.0253390053169546,0.0157680724235269));
#8767=CARTESIAN_POINT('',(-0.010427732849881,0.0258289980176981,0.015639287873175));
#8768=CARTESIAN_POINT('',(-0.0107465991718548,0.0263145103680878,0.0155336276040606));
#8769=CARTESIAN_POINT('',(-0.0107465991718548,0.0263145103680878,0.0155336276040606));
#8770=CARTESIAN_POINT('',(-0.0358221395950757,0.00984583487540111,0.0158478431951989));
#8771=CARTESIAN_POINT('',(-0.0136144304245867,0.0300155560782086,-0.0151));
#8772=CARTESIAN_POINT('',(-0.0136144304245867,0.0300155560782086,-0.0146883597159948));
#8773=CARTESIAN_POINT('',(-0.0358221395950757,0.00984583487540111,-0.0158478431951989));
#8774=CARTESIAN_POINT('',(-0.0107465991718451,0.0263145103680729,-0.0155336276040639));
#8775=CARTESIAN_POINT('',(-0.0107465991718451,0.0263145103680729,-0.0155336276040639));
#8776=CARTESIAN_POINT('',(-0.0104277328498748,0.0258289980176881,-0.0156392878731777));
#8777=CARTESIAN_POINT('',(-0.0101261095687269,0.0253390053169495,-0.0157680724235286));
#8778=CARTESIAN_POINT('',(-0.00984137748154251,0.0248458348754011,-0.0159240654171818));
#8779=CARTESIAN_POINT('',(-0.0358221395950757,0.00984583487540112,-0.0126));
#8780=CARTESIAN_POINT('',(-0.00646941814597147,0.0323936598828712,-0.0126));
#8781=CARTESIAN_POINT('',(-0.00607290261109827,0.0326982504779397,-0.0126));
#8782=CARTESIAN_POINT('',(-0.0358221395950757,0.00984583487540112,-0.0126));
#8783=CARTESIAN_POINT('',(-0.00511995885423156,0.031401022134076,-0.0116));
#8784=CARTESIAN_POINT('',(-0.0058087702877627,0.0323821322898285,-0.0116));
#8785=CARTESIAN_POINT('',(-0.00602125821155051,0.0312023495933423,-0.0116));
#8786=CARTESIAN_POINT('',(-0.00511995887299803,0.0314010221608061,-0.011687910208592));
#8787=CARTESIAN_POINT('',(-0.0058087702573328,0.0323821322446598,-0.0115396020837846));
#8788=CARTESIAN_POINT('',(-0.00602125820793447,0.0312023496134194,-0.011643955104296));
#8789=CARTESIAN_POINT('',(-0.00513887826660961,0.0314280037754886,-0.0118597997098579));
#8790=CARTESIAN_POINT('',(-0.00577712705314446,0.0323351911711737,-0.011427458894559));
#8791=CARTESIAN_POINT('',(-0.00602894897715972,0.0312246103787273,-0.011729899854908));
#8792=CARTESIAN_POINT('',(-0.00524298189541843,0.0315756664641451,-0.0121656330148143));
#8793=CARTESIAN_POINT('',(-0.00566789240149834,0.0321723264080227,-0.011404760520002));
#8794=CARTESIAN_POINT('',(-0.00607176995052991,0.0313478581546299,-0.0118828165075119));
#8795=CARTESIAN_POINT('',(-0.00545490371990501,0.0318722004013587,-0.0124265151042106));
#8796=CARTESIAN_POINT('',(-0.00563722346241674,0.0321213122455713,-0.0116537353474524));
#8797=CARTESIAN_POINT('',(-0.0061615355136988,0.0316027009674681,-0.0120132575512669));
#8798=CARTESIAN_POINT('',(-0.00575653200962767,0.0322823955142866,-0.0125755947342709));
#8799=CARTESIAN_POINT('',(-0.0058017531475812,0.0323419177643761,-0.0119419649554509));
#8800=CARTESIAN_POINT('',(-0.00630066507185107,0.031979299743646,-0.0120877973701957));
#8801=CARTESIAN_POINT('',(-0.00596645662432613,0.0325596792677205,-0.0126000000131634));
#8802=CARTESIAN_POINT('',(-0.0059774146982456,0.0325739444668572,-0.0120597833900492));
#8803=CARTESIAN_POINT('',(-0.00640970072774953,0.0322524547174067,-0.0121));
#8804=CARTESIAN_POINT('',(-0.00607290261109817,0.0326982504779397,-0.0126));
#8805=CARTESIAN_POINT('',(-0.00607290261109825,0.0326982504779398,-0.0120999999999998));
#8806=CARTESIAN_POINT('',(-0.00646941814597162,0.0323936598828711,-0.0121));
#8807=CARTESIAN_POINT('',(-0.00552917579061168,0.0311137217703804,-0.0116));
#8808=CARTESIAN_POINT('',(-0.00511995885423155,0.031401022134076,-0.0116));
#8809=CARTESIAN_POINT('',(-0.00607290261109827,0.0326982504779397,-0.0126));
#8810=CARTESIAN_POINT('',(-0.00585969013949471,0.0324206908336556,-0.0125999999999999));
#8811=CARTESIAN_POINT('',(-0.00554287845105536,0.0319952986181263,-0.0125306898631538));
#8812=CARTESIAN_POINT('',(-0.0052009932230416,0.0315168693576411,-0.0121163736788644));
#8813=CARTESIAN_POINT('',(-0.00511995885423156,0.031401022134076,-0.0117771992849158));
#8814=CARTESIAN_POINT('',(-0.00511995885423156,0.031401022134076,-0.0116));
#8815=CARTESIAN_POINT('',(-0.00552917579061168,0.0311137217703804,0.0151));
#8816=CARTESIAN_POINT('',(-0.00552917579061168,0.0311137217703804,0.0116));
#8817=CARTESIAN_POINT('',(-0.00511995885423155,0.031401022134076,0.0116));
#8818=CARTESIAN_POINT('',(-0.00511995885423155,0.031401022134076,0.0151));
#8819=CARTESIAN_POINT('',(-0.00602125821155051,0.0312023495933423,0.0116));
#8820=CARTESIAN_POINT('',(-0.0058087702877627,0.0323821322898285,0.0116));
#8821=CARTESIAN_POINT('',(-0.00511995885423156,0.031401022134076,0.0116));
#8822=CARTESIAN_POINT('',(-0.00602125820793447,0.0312023496134194,0.011643955104296));
#8823=CARTESIAN_POINT('',(-0.0058087702573327,0.0323821322446604,0.0115396020837846));
#8824=CARTESIAN_POINT('',(-0.00511995887299803,0.0314010221608061,0.011687910208592));
#8825=CARTESIAN_POINT('',(-0.00602894897715972,0.0312246103787273,0.011729899854908));
#8826=CARTESIAN_POINT('',(-0.00577712705314451,0.0323351911711734,0.011427458894559));
#8827=CARTESIAN_POINT('',(-0.00513887826660961,0.0314280037754886,0.0118597997098579));
#8828=CARTESIAN_POINT('',(-0.00607176995052991,0.0313478581546299,0.0118828165075119));
#8829=CARTESIAN_POINT('',(-0.00566789240149832,0.0321723264080229,0.011404760520002));
#8830=CARTESIAN_POINT('',(-0.00524298189541843,0.0315756664641451,0.0121656330148143));
#8831=CARTESIAN_POINT('',(-0.0061615355136988,0.0316027009674681,0.0120132575512669));
#8832=CARTESIAN_POINT('',(-0.00563722346241675,0.0321213122455713,0.0116537353474524));
#8833=CARTESIAN_POINT('',(-0.00545490371990501,0.0318722004013587,0.0124265151042106));
#8834=CARTESIAN_POINT('',(-0.00630066507185107,0.031979299743646,0.0120877973701957));
#8835=CARTESIAN_POINT('',(-0.0058017531475812,0.0323419177643761,0.0119419649554509));
#8836=CARTESIAN_POINT('',(-0.00575653200962767,0.0322823955142866,0.0125755947342709));
#8837=CARTESIAN_POINT('',(-0.00640970072774953,0.0322524547174067,0.0121));
#8838=CARTESIAN_POINT('',(-0.0059774146982456,0.0325739444668572,0.0120597833900492));
#8839=CARTESIAN_POINT('',(-0.00596645662432613,0.0325596792677205,0.0126000000131634));
#8840=CARTESIAN_POINT('',(-0.00646941814597162,0.0323936598828711,0.0121));
#8841=CARTESIAN_POINT('',(-0.00607290261109825,0.0326982504779398,0.0120999999999998));
#8842=CARTESIAN_POINT('',(-0.00607290261109817,0.0326982504779397,0.0126));
#8843=CARTESIAN_POINT('',(-0.00646941814597147,0.0323936598828712,0.0126));
#8844=CARTESIAN_POINT('',(-0.00607290261109827,0.0326982504779397,0.0126));
#8845=CARTESIAN_POINT('',(-0.00607290261109827,0.0326982504779397,0.0126));
#8846=CARTESIAN_POINT('',(-0.00585969013949471,0.0324206908336556,0.0125999999999999));
#8847=CARTESIAN_POINT('',(-0.00554287845105536,0.0319952986181263,0.0125306898631538));
#8848=CARTESIAN_POINT('',(-0.0052009932230416,0.0315168693576411,0.0121163736788644));
#8849=CARTESIAN_POINT('',(-0.00511995885423156,0.031401022134076,0.0117771992849158));
#8850=CARTESIAN_POINT('',(-0.00511995885423156,0.031401022134076,0.0116));
#8851=CARTESIAN_POINT('',(-0.0358221395950757,0.00984583487540112,0.0126));
#8852=CARTESIAN_POINT('',(-0.0358221395950757,0.00984583487540112,0.0126));
#8853=CARTESIAN_POINT('',(-0.0100539399466027,0.0328060156476339,0.0151));
#8854=CARTESIAN_POINT('',(-0.0100539399466027,0.0328060156476339,0.0146135543302396));
#8855=CARTESIAN_POINT('',(-0.00781409242141049,0.0348017819325205,0.0145420289902918));
#8856=CARTESIAN_POINT('',(-0.00781409242141049,0.0348017819325205,0.0151));
#8857=CARTESIAN_POINT('',(-0.01045,0.032,-0.0151));
#8858=CARTESIAN_POINT('',(-0.01045,0.032,-0.0157171444324796));
#8859=CARTESIAN_POINT('',(-0.0107,0.0324330127018922,-0.0156289809421254));
#8860=CARTESIAN_POINT('',(-0.0113936595075378,0.0320325281984893,-0.0151));
#8861=CARTESIAN_POINT('',(-0.0128936595075378,0.0346306044098426,-0.0151));
#8862=CARTESIAN_POINT('',(-0.0128936595075378,0.0346306044098426,-0.0142609003688227));
#8863=CARTESIAN_POINT('',(-0.0113936595075378,0.0320325281984893,-0.0146135543302396));
#8864=CARTESIAN_POINT('',(-0.0128936595075378,0.0346306044098426,-0.0151));
#8865=CARTESIAN_POINT('',(-0.0115539399466027,0.0354040918589872,-0.0151));
#8866=CARTESIAN_POINT('',(-0.0115539399466027,0.0354040918589872,-0.0142609003688227));
#8867=CARTESIAN_POINT('',(-0.0128936595075378,0.0346306044098426,-0.0142609003688227));
#8868=CARTESIAN_POINT('',(-0.0100539399466027,0.0328060156476339,-0.0151));
#8869=CARTESIAN_POINT('',(-0.00781409242141049,0.0348017819325205,-0.0151));
#8870=CARTESIAN_POINT('',(-0.00781409242141049,0.0348017819325205,-0.0145420289902918));
#8871=CARTESIAN_POINT('',(-0.0100539399466027,0.0328060156476339,-0.0146135543302396));
#8872=CARTESIAN_POINT('',(-0.0358221395950757,0.00984583487540112,0.0151));
#8873=CARTESIAN_POINT('',(-0.00384618695315928,0.0294618602791856,-0.0156715162144904));
#8874=CARTESIAN_POINT('',(-0.00384618695315928,0.0294618602791856,-0.0156730716498362));
#8875=CARTESIAN_POINT('',(-0.00384625598765034,0.0294619728132664,-0.0156746156215388));
#8876=CARTESIAN_POINT('',(-0.00384639724294042,0.029462203067038,-0.0156761476011145));
#8877=CARTESIAN_POINT('',(-0.00384639724294033,0.0294622030670379,-0.0156761476011145));
#8878=CARTESIAN_POINT('',(-0.0358221395950757,0.00984583487540112,-0.0158478431951989));
#8879=CARTESIAN_POINT('',(-0.0358221395950757,0.00984583487540112,0.0158478431951989));
#8880=CARTESIAN_POINT('',(0.0029086225184575,0.00276218707889798,0.));
#8881=CARTESIAN_POINT('',(0.00343195289992454,0.00185575226905268,0.));
#8882=CARTESIAN_POINT('',(-0.00501872904845058,0.0164927627622435,0.0178299839026065));
#8883=CARTESIAN_POINT('',(-0.00501872904845058,0.0164927627622435,0.0178299839026065));
#8884=CARTESIAN_POINT('',(-0.00496026906165093,0.0163915070948967,0.0179122453553804));
#8885=CARTESIAN_POINT('',(-0.00490065950836022,0.0162882603199807,0.0179910172041793));
#8886=CARTESIAN_POINT('',(-0.00483974596215562,0.0161827549630851,0.0180658306748496));
#8887=CARTESIAN_POINT('',(0.00402160670043897,0.000834441927685602,0.));
#8888=CARTESIAN_POINT('',(-0.00632386093055717,0.0187533174926301,0.0193879012799628));
#8889=CARTESIAN_POINT('',(-0.00632386093055717,0.0187533174926301,0.0193879012799628));
#8890=CARTESIAN_POINT('',(-0.00684233817338829,0.0196513464197818,0.0185600338522842));
#8891=CARTESIAN_POINT('',(-0.00795533232004554,0.021579108830319,0.0171855089859855));
#8892=CARTESIAN_POINT('',(-0.00920140058044763,0.0237373623670343,0.016263372199731));
#8893=CARTESIAN_POINT('',(-0.00984137748154252,0.0248458348754012,0.0159240654171818));
#8894=CARTESIAN_POINT('',(-0.0128936595075378,0.0346306044098426,0.0151));
#8895=CARTESIAN_POINT('',(-0.00921221235694369,0.0367560889132455,0.0151));
#8896=CARTESIAN_POINT('',(-0.00253671405799897,0.0251937866936337,0.0174541409195548));
#8897=CARTESIAN_POINT('',(-0.00478540009464094,0.0290893358914448,0.0166610243493716));
#8898=CARTESIAN_POINT('',(-0.0359089636839092,0.00999621860858155,0.0168326509482111));
#8899=CARTESIAN_POINT('',(-0.00864753235197469,0.0342869102374054,0.015526836743304));
#8900=CARTESIAN_POINT('',(-0.0101407640354361,0.0329563993808143,0.0155983620832519));
#8901=CARTESIAN_POINT('',(-0.0111407640354361,0.0346884501883831,0.015245708121835));
#8902=CARTESIAN_POINT('',(-0.0124804835963713,0.0339149627392386,0.015245708121835));
#8903=CARTESIAN_POINT('',(-0.0124804835963713,0.0339149627392386,0.015245708121835));
#8904=CARTESIAN_POINT('',(-0.0114804835963713,0.0321829119316697,0.0155983620832519));
#8905=CARTESIAN_POINT('',(-0.0129609975410706,0.0308382638514826,0.015673167469007));
#8906=CARTESIAN_POINT('',(-0.0359089636839092,0.00999621860858154,0.0168326509482111));
#8907=CARTESIAN_POINT('',(-0.00999757191324811,0.0270138499510241,0.0165184353570728));
#8908=CARTESIAN_POINT('',(-0.00999757191324812,0.0270138499510241,0.0165184353570729));
#8909=CARTESIAN_POINT('',(-0.00750439515653502,0.0264313094162718,0.0168271985848372));
#8910=CARTESIAN_POINT('',(-0.00501690050090895,0.0258265803475735,0.0171388491287404));
#8911=CARTESIAN_POINT('',(-0.00253671405799909,0.0251937866936337,0.0174541409195548));
#8912=CARTESIAN_POINT('',(-0.0128936595075378,0.0346306044098426,-0.0151));
#8913=CARTESIAN_POINT('',(-0.00253671405801844,0.0251937866936386,-0.0174541409195524));
#8914=CARTESIAN_POINT('',(-0.00501690042474406,0.0258265803281407,-0.0171388491384229));
#8915=CARTESIAN_POINT('',(-0.0075043951890284,0.026431309423864,-0.0168271985808131));
#8916=CARTESIAN_POINT('',(-0.00999757191323446,0.0270138499510209,-0.0165184353570745));
#8917=CARTESIAN_POINT('',(-0.0025367140580182,0.0251937866936386,-0.0174541409195524));
#8918=CARTESIAN_POINT('',(-0.00999757191323446,0.027013849951021,-0.0165184353570745));
#8919=CARTESIAN_POINT('',(-0.0359089636839092,0.00999621860858154,-0.0168326509482111));
#8920=CARTESIAN_POINT('',(-0.0129609975410705,0.0308382638514826,-0.015673167469007));
#8921=CARTESIAN_POINT('',(-0.0114804835963713,0.0321829119316697,-0.0155983620832519));
#8922=CARTESIAN_POINT('',(-0.0124804835963713,0.0339149627392386,-0.015245708121835));
#8923=CARTESIAN_POINT('',(-0.0111407640354361,0.0346884501883831,-0.015245708121835));
#8924=CARTESIAN_POINT('',(-0.0111407640354362,0.0346884501883831,-0.015245708121835));
#8925=CARTESIAN_POINT('',(-0.0101407640354361,0.0329563993808143,-0.0155983620832519));
#8926=CARTESIAN_POINT('',(-0.00864753235197469,0.0342869102374054,-0.015526836743304));
#8927=CARTESIAN_POINT('',(-0.0359089636839092,0.00999621860858155,-0.0168326509482111));
#8928=CARTESIAN_POINT('',(-0.00479232593289147,0.0291006210631032,-0.016658690456455));
#8929=CARTESIAN_POINT('',(-0.00921221235694369,0.0367560889132455,-0.0151));
#8930=CARTESIAN_POINT('',(-0.00879577620110398,-0.026026863325317,0.0116));
#8931=CARTESIAN_POINT('',(-0.00879577620110398,-0.026026863325317,0.0116));
#8932=CARTESIAN_POINT('',(-0.0100827458865312,-0.0252563381610353,0.0116));
#8933=CARTESIAN_POINT('',(-0.00954577620110398,-0.0273259014309937,0.0116));
#8934=CARTESIAN_POINT('',(-0.00979577620110398,-0.0277589141328859,0.0116));
#8935=CARTESIAN_POINT('',(-0.00979577620110398,-0.0277589141328859,0.0121));
#8936=CARTESIAN_POINT('',(-0.00879577620110398,-0.026026863325317,0.0121));
#8937=CARTESIAN_POINT('',(-0.0105697596744604,-0.0269504339161536,0.0121));
#8938=CARTESIAN_POINT('',(-0.0105697596744604,-0.0269504339161536,0.0121));
#8939=CARTESIAN_POINT('',(-0.0104880518678981,-0.0266512430401964,0.0121));
#8940=CARTESIAN_POINT('',(-0.0104235683370578,-0.0260624115383005,0.0118917475455419));
#8941=CARTESIAN_POINT('',(-0.0102322471872822,-0.0255060427143938,0.0116985903598773));
#8942=CARTESIAN_POINT('',(-0.0100827458865312,-0.0252563381610353,0.0116));
#8943=CARTESIAN_POINT('',(-0.0218481788858074,-0.0208004561984906,0.0116));
#8944=CARTESIAN_POINT('',(-0.00845,-0.0285358983848623,0.0116));
#8945=CARTESIAN_POINT('',(-0.00845,-0.0285358983848623,0.0121));
#8946=CARTESIAN_POINT('',(-0.0082,-0.02810288568297,0.0116));
#8947=CARTESIAN_POINT('',(-0.00979577620110398,-0.0277589141328859,0.0121));
#8948=CARTESIAN_POINT('',(-0.0082,-0.02810288568297,0.0116));
#8949=CARTESIAN_POINT('',(-0.0218481788858074,-0.0208004561984906,-0.0116));
#8950=CARTESIAN_POINT('',(-0.00845,-0.0285358983848623,-0.0116));
#8951=CARTESIAN_POINT('',(-0.00845,-0.0285358983848623,-0.0121));
#8952=CARTESIAN_POINT('',(-0.0082,-0.02810288568297,-0.0116));
#8953=CARTESIAN_POINT('',(-0.0082,-0.02810288568297,-0.0116));
#8954=CARTESIAN_POINT('',(-0.00954577620110398,-0.0273259014309937,-0.0116));
#8955=CARTESIAN_POINT('',(-0.00979577620110398,-0.0277589141328859,-0.0116));
#8956=CARTESIAN_POINT('',(-0.00979577620110398,-0.0277589141328859,-0.0121));
#8957=CARTESIAN_POINT('',(-0.00979577620110398,-0.0277589141328859,-0.0121));
#8958=CARTESIAN_POINT('',(-0.00879577620110398,-0.026026863325317,-0.0116));
#8959=CARTESIAN_POINT('',(-0.00879577620110398,-0.026026863325317,-0.0116));
#8960=CARTESIAN_POINT('',(-0.0100827458865312,-0.0252563381610353,-0.0116));
#8961=CARTESIAN_POINT('',(-0.0105697596744604,-0.0269504339161536,-0.0121));
#8962=CARTESIAN_POINT('',(-0.0104880518678981,-0.0266512430401964,-0.0121));
#8963=CARTESIAN_POINT('',(-0.0104235683370578,-0.0260624115383005,-0.0118917475455419));
#8964=CARTESIAN_POINT('',(-0.0102322471872822,-0.0255060427143938,-0.0116985903598773));
#8965=CARTESIAN_POINT('',(-0.0100827458865312,-0.0252563381610353,-0.0116));
#8966=CARTESIAN_POINT('',(-0.0105697596744604,-0.0269504339161536,-0.0121));
#8967=CARTESIAN_POINT('',(-0.00879577620110398,-0.026026863325317,-0.0121));
#8968=CARTESIAN_POINT('',(-0.0126436595075378,-0.0341975917079504,0.0126));
#8969=CARTESIAN_POINT('',(-0.0126436595075378,-0.0341975917079504,0.0126));
#8970=CARTESIAN_POINT('',(-0.0126436595075378,-0.0341975917079504,0.0121));
#8971=CARTESIAN_POINT('',(-0.0128936595075378,-0.0346306044098426,0.0126));
#8972=CARTESIAN_POINT('',(-0.0405721395950757,-0.0180730762113533,0.0121));
#8973=CARTESIAN_POINT('',(-0.0113039399466027,-0.0349710791570949,0.0121));
#8974=CARTESIAN_POINT('',(-0.0113039399466027,-0.0349710791570949,0.0126));
#8975=CARTESIAN_POINT('',(-0.0115539399466027,-0.0354040918589872,0.0126));
#8976=CARTESIAN_POINT('',(-0.0128936595075378,-0.0346306044098426,0.0126));
#8977=CARTESIAN_POINT('',(-0.0113936595075378,-0.0320325281984893,0.0126));
#8978=CARTESIAN_POINT('',(-0.0132443019384119,-0.0303517180982553,0.0126));
#8979=CARTESIAN_POINT('',(-0.0132443019384119,-0.0303517180982553,0.0121));
#8980=CARTESIAN_POINT('',(-0.0136144304245867,-0.0300155560782086,0.0126));
#8981=CARTESIAN_POINT('',(-0.0113936595075378,-0.0320325281984893,0.0121));
#8982=CARTESIAN_POINT('',(-0.0113936595075378,-0.0320325281984893,0.0126));
#8983=CARTESIAN_POINT('',(-0.0358221395950757,-0.00984583487540111,0.0126));
#8984=CARTESIAN_POINT('',(-0.0105697596744604,-0.0269504339161536,0.0126));
#8985=CARTESIAN_POINT('',(-0.010983733115782,-0.0266700306531904,0.0126));
#8986=CARTESIAN_POINT('',(-0.0358221395950757,-0.00984583487540111,0.0121));
#8987=CARTESIAN_POINT('',(-0.0358221395950757,-0.00984583487540111,0.0126));
#8988=CARTESIAN_POINT('',(-0.010983733115782,-0.0266700306531904,0.0126));
#8989=CARTESIAN_POINT('',(-0.010983733115782,-0.0266700306531904,0.0121));
#8990=CARTESIAN_POINT('',(-0.0105697596744604,-0.0269504339161535,0.0121));
#8991=CARTESIAN_POINT('',(-0.0107946195729469,-0.0263908328175423,0.0125999999234392));
#8992=CARTESIAN_POINT('',(-0.0108766988091666,-0.0265120105320267,0.0121668993007548));
#8993=CARTESIAN_POINT('',(-0.0105112597537048,-0.0267362237526943,0.0121));
#8994=CARTESIAN_POINT('',(-0.0104493188813457,-0.0258597523152701,0.0123306595553554));
#8995=CARTESIAN_POINT('',(-0.0105911074041329,-0.0260854455510135,0.0121735654080663));
#8996=CARTESIAN_POINT('',(-0.0104480896176815,-0.0262467025052197,0.0119653297585375));
#8997=CARTESIAN_POINT('',(-0.0102022231266263,-0.0254558950259227,0.0118403097274143));
#8998=CARTESIAN_POINT('',(-0.0102335112558984,-0.0255083234842255,0.0117802324041196));
#8999=CARTESIAN_POINT('',(-0.0102649487393876,-0.025560662483062,0.011720154863707));
#9000=CARTESIAN_POINT('',(-0.0100827458865312,-0.0252563381610353,0.0116));
#9001=CARTESIAN_POINT('',(-0.0100827458865312,-0.0252563381610353,0.0116));
#9002=CARTESIAN_POINT('',(-0.0100827458865312,-0.0252563381610353,0.0116));
#9003=CARTESIAN_POINT('',(-0.010983733115782,-0.0266700306531904,0.0126));
#9004=CARTESIAN_POINT('',(-0.0107936416577916,-0.0263893890722097,0.0126));
#9005=CARTESIAN_POINT('',(-0.010447747508207,-0.0258572399218196,0.0123281701181704));
#9006=CARTESIAN_POINT('',(-0.010201762738802,-0.0254551260631413,0.0118393837191373));
#9007=CARTESIAN_POINT('',(-0.0100827458865312,-0.0252563381610353,0.0116));
#9008=CARTESIAN_POINT('',(-0.01045,-0.032,-0.0116));
#9009=CARTESIAN_POINT('',(-0.01045,-0.032,-0.0121));
#9010=CARTESIAN_POINT('',(-0.00646941814597147,-0.0323936598828712,-0.0121));
#9011=CARTESIAN_POINT('',(-0.00602125821155051,-0.0312023495933423,-0.0116));
#9012=CARTESIAN_POINT('',(-0.00602125821155051,-0.0312023495933423,-0.0117252520515385));
#9013=CARTESIAN_POINT('',(-0.0060831976771297,-0.0313816505540557,-0.0119237136187649));
#9014=CARTESIAN_POINT('',(-0.00623983909504998,-0.0318201756754884,-0.0120775398291994));
#9015=CARTESIAN_POINT('',(-0.00637362134047736,-0.0321671430111462,-0.0121));
#9016=CARTESIAN_POINT('',(-0.00646941814597155,-0.0323936598828708,-0.0121));
#9017=CARTESIAN_POINT('',(-0.00602125821155051,-0.0312023495933423,-0.0116));
#9018=CARTESIAN_POINT('',(-0.01045,-0.032,-0.0116));
#9019=CARTESIAN_POINT('',(-0.01045,-0.032,0.0173123339795195));
#9020=CARTESIAN_POINT('',(-0.0082,-0.02810288568297,0.0121));
#9021=CARTESIAN_POINT('',(-0.00602125821155051,-0.0312023495933423,0.0173123339795195));
#9022=CARTESIAN_POINT('',(-0.00602125821155051,-0.0312023495933423,0.0116));
#9023=CARTESIAN_POINT('',(-0.01045,-0.032,0.0116));
#9024=CARTESIAN_POINT('',(-0.01045,-0.032,0.0116));
#9025=CARTESIAN_POINT('',(-0.01045,-0.032,0.0121));
#9026=CARTESIAN_POINT('',(-0.00646941814597147,-0.0323936598828712,0.0121));
#9027=CARTESIAN_POINT('',(-0.00602125821155051,-0.0312023495933423,0.0116));
#9028=CARTESIAN_POINT('',(-0.00602125821155051,-0.0312023495933423,0.0117252520515385));
#9029=CARTESIAN_POINT('',(-0.0060831976771297,-0.0313816505540557,0.0119237136187649));
#9030=CARTESIAN_POINT('',(-0.00623983909504998,-0.0318201756754884,0.0120775398291994));
#9031=CARTESIAN_POINT('',(-0.00637362134047736,-0.0321671430111462,0.0121));
#9032=CARTESIAN_POINT('',(-0.00646941814597155,-0.0323936598828708,0.0121));
#9033=CARTESIAN_POINT('',(-0.0358221395950757,-0.00984583487540111,0.0121));
#9034=CARTESIAN_POINT('',(-0.01045,-0.032,0.0121));
#9035=CARTESIAN_POINT('',(-0.0100169872981078,-0.03225,0.0121));
#9036=CARTESIAN_POINT('',(-0.0358221395950757,-0.00984583487540112,0.0121));
#9037=CARTESIAN_POINT('',(-0.00818740034227586,-0.0344691542183727,0.0121));
#9038=CARTESIAN_POINT('',(-0.0100539399466027,-0.0328060156476339,0.0121));
#9039=CARTESIAN_POINT('',(-0.0100539399466027,-0.0328060156476339,0.0126));
#9040=CARTESIAN_POINT('',(-0.00818740034227586,-0.0344691542183727,0.0126));
#9041=CARTESIAN_POINT('',(-0.00781409242141049,-0.0348017819325205,0.0126));
#9042=CARTESIAN_POINT('',(-0.0100539399466027,-0.0328060156476339,0.0126));
#9043=CARTESIAN_POINT('',(-0.0358221395950757,-0.00984583487540111,-0.0121));
#9044=CARTESIAN_POINT('',(-0.01045,-0.032,-0.0121));
#9045=CARTESIAN_POINT('',(-0.0100169872981078,-0.03225,-0.0121));
#9046=CARTESIAN_POINT('',(-0.0358221395950757,-0.00984583487540112,-0.0121));
#9047=CARTESIAN_POINT('',(-0.00818740034227586,-0.0344691542183727,-0.0121));
#9048=CARTESIAN_POINT('',(-0.0358221395950757,-0.00984583487540111,-0.0121));
#9049=CARTESIAN_POINT('',(-0.0132443019384119,-0.0303517180982553,-0.0121));
#9050=CARTESIAN_POINT('',(-0.0113936595075378,-0.0320325281984893,-0.0121));
#9051=CARTESIAN_POINT('',(-0.0126436595075378,-0.0341975917079504,-0.0121));
#9052=CARTESIAN_POINT('',(-0.0405721395950757,-0.0180730762113533,-0.0121));
#9053=CARTESIAN_POINT('',(-0.0113039399466027,-0.0349710791570949,-0.0121));
#9054=CARTESIAN_POINT('',(-0.0100539399466027,-0.0328060156476339,-0.0121));
#9055=CARTESIAN_POINT('',(-0.0105697596744604,-0.0269504339161535,-0.0121));
#9056=CARTESIAN_POINT('',(-0.010983733115782,-0.0266700306531904,-0.0121));
#9057=CARTESIAN_POINT('',(-0.010983733115782,-0.0266700306531904,-0.0126));
#9058=CARTESIAN_POINT('',(-0.0105112597537048,-0.0267362237526943,-0.0121));
#9059=CARTESIAN_POINT('',(-0.0108766988091666,-0.0265120105320267,-0.0121668993007548));
#9060=CARTESIAN_POINT('',(-0.0107946195729469,-0.0263908328175423,-0.0125999999234392));
#9061=CARTESIAN_POINT('',(-0.010448089617681,-0.0262467025052188,-0.0119653297585375));
#9062=CARTESIAN_POINT('',(-0.0105911074040811,-0.0260854455510659,-0.0121735654080486));
#9063=CARTESIAN_POINT('',(-0.0104493188813455,-0.0258597523152698,-0.0123306595553554));
#9064=CARTESIAN_POINT('',(-0.0102649487393886,-0.0255606624830637,-0.011720154863707));
#9065=CARTESIAN_POINT('',(-0.0102335112559914,-0.0255083234841314,-0.0117802324041515));
#9066=CARTESIAN_POINT('',(-0.0102022231266266,-0.0254558950259233,-0.0118403097274143));
#9067=CARTESIAN_POINT('',(-0.0100827458865312,-0.0252563381610353,-0.0116));
#9068=CARTESIAN_POINT('',(-0.0100827458865312,-0.0252563381610353,-0.0116));
#9069=CARTESIAN_POINT('',(-0.0100827458865312,-0.0252563381610353,-0.0116));
#9070=CARTESIAN_POINT('',(-0.010983733115782,-0.0266700306531904,-0.0126));
#9071=CARTESIAN_POINT('',(-0.0107936416577916,-0.0263893890722097,-0.0126));
#9072=CARTESIAN_POINT('',(-0.010447747508207,-0.0258572399218196,-0.0123281701181704));
#9073=CARTESIAN_POINT('',(-0.010201762738802,-0.0254551260631413,-0.0118393837191373));
#9074=CARTESIAN_POINT('',(-0.0100827458865312,-0.0252563381610353,-0.0116));
#9075=CARTESIAN_POINT('',(-0.010983733115782,-0.0266700306531904,-0.0126));
#9076=CARTESIAN_POINT('',(-0.0105697596744604,-0.0269504339161536,-0.0126));
#9077=CARTESIAN_POINT('',(-0.0358221395950757,-0.00984583487540111,-0.0126));
#9078=CARTESIAN_POINT('',(-0.0358221395950757,-0.00984583487540111,-0.0126));
#9079=CARTESIAN_POINT('',(-0.0136144304245867,-0.0300155560782086,-0.0126));
#9080=CARTESIAN_POINT('',(-0.0132443019384119,-0.0303517180982553,-0.0126));
#9081=CARTESIAN_POINT('',(-0.0113936595075378,-0.0320325281984893,-0.0126));
#9082=CARTESIAN_POINT('',(-0.0113936595075378,-0.0320325281984893,-0.0126));
#9083=CARTESIAN_POINT('',(-0.0128936595075378,-0.0346306044098426,-0.0126));
#9084=CARTESIAN_POINT('',(-0.0126436595075378,-0.0341975917079504,-0.0126));
#9085=CARTESIAN_POINT('',(-0.0126436595075378,-0.0341975917079504,-0.0126));
#9086=CARTESIAN_POINT('',(-0.0128936595075378,-0.0346306044098426,-0.0126));
#9087=CARTESIAN_POINT('',(-0.0115539399466027,-0.0354040918589872,-0.0126));
#9088=CARTESIAN_POINT('',(-0.0113039399466027,-0.0349710791570949,-0.0126));
#9089=CARTESIAN_POINT('',(-0.0100539399466027,-0.0328060156476339,-0.0126));
#9090=CARTESIAN_POINT('',(-0.0100539399466027,-0.0328060156476339,-0.0126));
#9091=CARTESIAN_POINT('',(-0.00781409242141049,-0.0348017819325205,-0.0126));
#9092=CARTESIAN_POINT('',(-0.00818740034227586,-0.0344691542183727,-0.0126));
#9093=CARTESIAN_POINT('',(-0.00879577620110398,-0.026026863325317,0.0151));
#9094=CARTESIAN_POINT('',(-0.0100827458865312,-0.0252563381610353,0.0151));
#9095=CARTESIAN_POINT('',(-0.00954577620110398,-0.0273259014309937,0.0121));
#9096=CARTESIAN_POINT('',(-0.0215981788858074,-0.0203674434965984,0.0121));
#9097=CARTESIAN_POINT('',(-0.01045,-0.032,0.0151));
#9098=CARTESIAN_POINT('',(-0.01045,-0.032,0.0157171444324796));
#9099=CARTESIAN_POINT('',(-0.0107,-0.0324330127018922,0.0156289809421254));
#9100=CARTESIAN_POINT('',(-0.0128936595075378,-0.0346306044098426,0.0151));
#9101=CARTESIAN_POINT('',(-0.0115539399466027,-0.0354040918589872,0.0151));
#9102=CARTESIAN_POINT('',(-0.0115539399466027,-0.0354040918589872,0.0142609003688227));
#9103=CARTESIAN_POINT('',(-0.0128936595075378,-0.0346306044098426,0.0142609003688227));
#9104=CARTESIAN_POINT('',(-0.0128936595075378,-0.0346306044098426,0.0142609003688227));
#9105=CARTESIAN_POINT('',(-0.0128936595075378,-0.0346306044098426,0.0151));
#9106=CARTESIAN_POINT('',(-0.0113936595075378,-0.0320325281984893,0.0151));
#9107=CARTESIAN_POINT('',(-0.0113936595075378,-0.0320325281984893,0.0146135543302396));
#9108=CARTESIAN_POINT('',(-0.0136144304245867,-0.0300155560782086,0.0146883597159948));
#9109=CARTESIAN_POINT('',(-0.0136144304245867,-0.0300155560782086,0.0151));
#9110=CARTESIAN_POINT('',(0.0029086225184575,-0.00276218707889798,0.));
#9111=CARTESIAN_POINT('',(0.00343195289992454,-0.00185575226905268,0.));
#9112=CARTESIAN_POINT('',(-0.00984137748154252,-0.0248458348754012,-0.00261989400560565));
#9113=CARTESIAN_POINT('',(-0.00501872904845057,-0.0164927627622435,-0.0178299839026065));
#9114=CARTESIAN_POINT('',(-0.00501872904845057,-0.0164927627622435,-0.0178299839026065));
#9115=CARTESIAN_POINT('',(-0.00496026906165093,-0.0163915070948967,-0.0179122453553804));
#9116=CARTESIAN_POINT('',(-0.00490065950836021,-0.0162882603199807,-0.0179910172041793));
#9117=CARTESIAN_POINT('',(-0.00483974596215562,-0.0161827549630852,-0.0180658306748496));
#9118=CARTESIAN_POINT('',(0.00402160670043897,-0.000834441927685602,0.));
#9119=CARTESIAN_POINT('',(-0.00632386093055723,-0.0187533174926302,-0.0193879012799627));
#9120=CARTESIAN_POINT('',(-0.00632386093055723,-0.0187533174926302,-0.0193879012799627));
#9121=CARTESIAN_POINT('',(-0.00684233817338837,-0.019651346419782,-0.0185600338522843));
#9122=CARTESIAN_POINT('',(-0.00795533232004556,-0.021579108830319,-0.0171855089859854));
#9123=CARTESIAN_POINT('',(-0.00920140058044763,-0.0237373623670343,-0.0162633721997311));
#9124=CARTESIAN_POINT('',(-0.00984137748154251,-0.0248458348754011,-0.0159240654171818));
#9125=CARTESIAN_POINT('',(-0.00984137748154252,-0.0248458348754012,-0.0159240654171818));
#9126=CARTESIAN_POINT('',(-0.00984137748154252,-0.0248458348754012,0.0151));
#9127=CARTESIAN_POINT('',(-0.0358221395950757,-0.00984583487540112,-0.0126));
#9128=CARTESIAN_POINT('',(-0.0358221395950757,-0.00984583487540112,-0.0126));
#9129=CARTESIAN_POINT('',(-0.00607290261109827,-0.0326982504779397,-0.0126));
#9130=CARTESIAN_POINT('',(-0.00646941814597147,-0.0323936598828712,-0.0126));
#9131=CARTESIAN_POINT('',(-0.00602125821155051,-0.0312023495933423,-0.0116));
#9132=CARTESIAN_POINT('',(-0.0058087702877627,-0.0323821322898285,-0.0116));
#9133=CARTESIAN_POINT('',(-0.00511995885423156,-0.031401022134076,-0.0116));
#9134=CARTESIAN_POINT('',(-0.00602125820793447,-0.0312023496134194,-0.011643955104296));
#9135=CARTESIAN_POINT('',(-0.0058087702573327,-0.0323821322446604,-0.0115396020837846));
#9136=CARTESIAN_POINT('',(-0.00511995887299803,-0.0314010221608061,-0.011687910208592));
#9137=CARTESIAN_POINT('',(-0.00602894897715972,-0.0312246103787273,-0.011729899854908));
#9138=CARTESIAN_POINT('',(-0.00577712705314451,-0.0323351911711734,-0.011427458894559));
#9139=CARTESIAN_POINT('',(-0.00513887826660961,-0.0314280037754886,-0.0118597997098579));
#9140=CARTESIAN_POINT('',(-0.00607176995052991,-0.0313478581546299,-0.0118828165075119));
#9141=CARTESIAN_POINT('',(-0.00566789240149832,-0.0321723264080229,-0.011404760520002));
#9142=CARTESIAN_POINT('',(-0.00524298189541843,-0.0315756664641451,-0.0121656330148143));
#9143=CARTESIAN_POINT('',(-0.0061615355136988,-0.0316027009674681,-0.0120132575512669));
#9144=CARTESIAN_POINT('',(-0.00563722346241675,-0.0321213122455713,-0.0116537353474524));
#9145=CARTESIAN_POINT('',(-0.00545490371990501,-0.0318722004013587,-0.0124265151042106));
#9146=CARTESIAN_POINT('',(-0.00630066507185107,-0.031979299743646,-0.0120877973701957));
#9147=CARTESIAN_POINT('',(-0.0058017531475812,-0.0323419177643761,-0.0119419649554509));
#9148=CARTESIAN_POINT('',(-0.00575653200962767,-0.0322823955142866,-0.0125755947342709));
#9149=CARTESIAN_POINT('',(-0.00640970072774953,-0.0322524547174067,-0.0121));
#9150=CARTESIAN_POINT('',(-0.0059774146982456,-0.0325739444668572,-0.0120597833900492));
#9151=CARTESIAN_POINT('',(-0.00596645662432613,-0.0325596792677205,-0.0126000000131634));
#9152=CARTESIAN_POINT('',(-0.00646941814597162,-0.0323936598828711,-0.0121));
#9153=CARTESIAN_POINT('',(-0.00607290261109825,-0.0326982504779398,-0.0120999999999998));
#9154=CARTESIAN_POINT('',(-0.00607290261109817,-0.0326982504779397,-0.0126));
#9155=CARTESIAN_POINT('',(-0.00607290261109827,-0.0326982504779397,-0.0126));
#9156=CARTESIAN_POINT('',(-0.00585969013949471,-0.0324206908336556,-0.0125999999999999));
#9157=CARTESIAN_POINT('',(-0.00554287845105536,-0.0319952986181263,-0.0125306898631538));
#9158=CARTESIAN_POINT('',(-0.0052009932230416,-0.0315168693576411,-0.0121163736788644));
#9159=CARTESIAN_POINT('',(-0.00511995885423156,-0.031401022134076,-0.0117771992849158));
#9160=CARTESIAN_POINT('',(-0.00511995885423156,-0.031401022134076,-0.0116));
#9161=CARTESIAN_POINT('',(-0.00511995885423155,-0.031401022134076,-0.0116));
#9162=CARTESIAN_POINT('',(-0.00552917579061168,-0.0311137217703804,-0.0116));
#9163=CARTESIAN_POINT('',(-0.00552917579061168,-0.0311137217703804,0.0151));
#9164=CARTESIAN_POINT('',(-0.00511995885423155,-0.031401022134076,0.0151));
#9165=CARTESIAN_POINT('',(-0.00511995885423155,-0.031401022134076,0.0116));
#9166=CARTESIAN_POINT('',(-0.00552917579061168,-0.0311137217703804,0.0116));
#9167=CARTESIAN_POINT('',(-0.00511995885423156,-0.031401022134076,0.0116));
#9168=CARTESIAN_POINT('',(-0.0058087702877627,-0.0323821322898285,0.0116));
#9169=CARTESIAN_POINT('',(-0.00602125821155051,-0.0312023495933423,0.0116));
#9170=CARTESIAN_POINT('',(-0.00511995887299803,-0.0314010221608061,0.011687910208592));
#9171=CARTESIAN_POINT('',(-0.0058087702573328,-0.0323821322446598,0.0115396020837846));
#9172=CARTESIAN_POINT('',(-0.00602125820793447,-0.0312023496134194,0.011643955104296));
#9173=CARTESIAN_POINT('',(-0.00513887826660961,-0.0314280037754886,0.0118597997098579));
#9174=CARTESIAN_POINT('',(-0.00577712705314446,-0.0323351911711737,0.011427458894559));
#9175=CARTESIAN_POINT('',(-0.00602894897715972,-0.0312246103787273,0.011729899854908));
#9176=CARTESIAN_POINT('',(-0.00524298189541843,-0.0315756664641451,0.0121656330148143));
#9177=CARTESIAN_POINT('',(-0.00566789240149834,-0.0321723264080227,0.011404760520002));
#9178=CARTESIAN_POINT('',(-0.00607176995052991,-0.0313478581546299,0.0118828165075119));
#9179=CARTESIAN_POINT('',(-0.00545490371990501,-0.0318722004013587,0.0124265151042106));
#9180=CARTESIAN_POINT('',(-0.00563722346241674,-0.0321213122455713,0.0116537353474524));
#9181=CARTESIAN_POINT('',(-0.0061615355136988,-0.0316027009674681,0.0120132575512669));
#9182=CARTESIAN_POINT('',(-0.00575653200962767,-0.0322823955142866,0.0125755947342709));
#9183=CARTESIAN_POINT('',(-0.0058017531475812,-0.0323419177643761,0.0119419649554509));
#9184=CARTESIAN_POINT('',(-0.00630066507185107,-0.031979299743646,0.0120877973701957));
#9185=CARTESIAN_POINT('',(-0.00596645662432613,-0.0325596792677205,0.0126000000131634));
#9186=CARTESIAN_POINT('',(-0.0059774146982456,-0.0325739444668572,0.0120597833900492));
#9187=CARTESIAN_POINT('',(-0.00640970072774953,-0.0322524547174067,0.0121));
#9188=CARTESIAN_POINT('',(-0.00607290261109817,-0.0326982504779397,0.0126));
#9189=CARTESIAN_POINT('',(-0.00607290261109825,-0.0326982504779398,0.0120999999999998));
#9190=CARTESIAN_POINT('',(-0.00646941814597162,-0.0323936598828711,0.0121));
#9191=CARTESIAN_POINT('',(-0.00607290261109827,-0.0326982504779397,0.0126));
#9192=CARTESIAN_POINT('',(-0.00585969013949471,-0.0324206908336556,0.0125999999999999));
#9193=CARTESIAN_POINT('',(-0.00554287845105536,-0.0319952986181263,0.0125306898631538));
#9194=CARTESIAN_POINT('',(-0.0052009932230416,-0.0315168693576411,0.0121163736788644));
#9195=CARTESIAN_POINT('',(-0.00511995885423156,-0.031401022134076,0.0117771992849158));
#9196=CARTESIAN_POINT('',(-0.00511995885423156,-0.031401022134076,0.0116));
#9197=CARTESIAN_POINT('',(-0.00607290261109827,-0.0326982504779397,0.0126));
#9198=CARTESIAN_POINT('',(-0.00646941814597147,-0.0323936598828712,0.0126));
#9199=CARTESIAN_POINT('',(-0.0358221395950757,-0.00984583487540112,0.0126));
#9200=CARTESIAN_POINT('',(-0.0358221395950757,-0.00984583487540112,0.0126));
#9201=CARTESIAN_POINT('',(-0.0100539399466027,-0.0328060156476339,0.0151));
#9202=CARTESIAN_POINT('',(-0.00781409242141049,-0.0348017819325205,0.0151));
#9203=CARTESIAN_POINT('',(-0.00781409242141049,-0.0348017819325205,0.0145420289902918));
#9204=CARTESIAN_POINT('',(-0.0100539399466027,-0.0328060156476339,0.0146135543302396));
#9205=CARTESIAN_POINT('',(-0.01045,-0.032,-0.0151));
#9206=CARTESIAN_POINT('',(-0.01045,-0.032,-0.0157171444324796));
#9207=CARTESIAN_POINT('',(-0.0107,-0.0324330127018922,-0.0156289809421254));
#9208=CARTESIAN_POINT('',(-0.0358221395950757,-0.00984583487540111,0.0151));
#9209=CARTESIAN_POINT('',(-0.00984137748154252,-0.0248458348754012,0.00261989400560565));
#9210=CARTESIAN_POINT('',(-0.00995374970741256,-0.0250404692799677,0.00087329800186855));
#9211=CARTESIAN_POINT('',(-0.00995374970741256,-0.0250404692799677,-0.00087329800186855));
#9212=CARTESIAN_POINT('',(-0.00984137748154252,-0.0248458348754012,-0.00261989400560565));
#9213=CARTESIAN_POINT('',(-0.00984137748154251,-0.0248458348754011,-0.0159240654171818));
#9214=CARTESIAN_POINT('',(-0.0101261095687298,-0.0253390053169546,-0.015768072423527));
#9215=CARTESIAN_POINT('',(-0.010427732849881,-0.0258289980176981,-0.015639287873175));
#9216=CARTESIAN_POINT('',(-0.0107465991718548,-0.0263145103680878,-0.0155336276040606));
#9217=CARTESIAN_POINT('',(-0.0107465991718548,-0.0263145103680878,-0.0155336276040606));
#9218=CARTESIAN_POINT('',(-0.0358221395950757,-0.00984583487540111,-0.0158478431951989));
#9219=CARTESIAN_POINT('',(-0.0136144304245867,-0.0300155560782086,-0.0146883597159948));
#9220=CARTESIAN_POINT('',(-0.0136144304245867,-0.0300155560782086,-0.0151));
#9221=CARTESIAN_POINT('',(-0.0358221395950757,-0.00984583487540111,0.0158478431951989));
#9222=CARTESIAN_POINT('',(-0.0107465991718448,-0.0263145103680726,0.015533627604064));
#9223=CARTESIAN_POINT('',(-0.0107465991718448,-0.0263145103680726,0.015533627604064));
#9224=CARTESIAN_POINT('',(-0.0104277328498746,-0.0258289980176878,0.0156392878731777));
#9225=CARTESIAN_POINT('',(-0.0101261095687268,-0.0253390053169495,0.0157680724235285));
#9226=CARTESIAN_POINT('',(-0.00984137748154252,-0.0248458348754012,0.0159240654171818));
#9227=CARTESIAN_POINT('',(-0.0113936595075378,-0.0320325281984893,-0.0151));
#9228=CARTESIAN_POINT('',(-0.0113936595075378,-0.0320325281984893,-0.0146135543302396));
#9229=CARTESIAN_POINT('',(-0.0128936595075378,-0.0346306044098426,-0.0142609003688227));
#9230=CARTESIAN_POINT('',(-0.0128936595075378,-0.0346306044098426,-0.0151));
#9231=CARTESIAN_POINT('',(-0.0128936595075378,-0.0346306044098426,-0.0151));
#9232=CARTESIAN_POINT('',(-0.0115539399466027,-0.0354040918589872,-0.0142609003688227));
#9233=CARTESIAN_POINT('',(-0.0115539399466027,-0.0354040918589872,-0.0142609003688227));
#9234=CARTESIAN_POINT('',(-0.0115539399466027,-0.0354040918589872,-0.0151));
#9235=CARTESIAN_POINT('',(-0.0100539399466027,-0.0328060156476339,-0.0151));
#9236=CARTESIAN_POINT('',(-0.0100539399466027,-0.0328060156476339,-0.0146135543302396));
#9237=CARTESIAN_POINT('',(-0.00781409242141049,-0.0348017819325205,-0.0145420289902918));
#9238=CARTESIAN_POINT('',(-0.00781409242141049,-0.0348017819325205,-0.0151));
#9239=CARTESIAN_POINT('',(-0.0358221395950757,-0.00984583487540112,0.0151));
#9240=CARTESIAN_POINT('',(-0.00384618695315927,-0.0294618602791856,0.0136));
#9241=CARTESIAN_POINT('',(-0.00384618792837609,-0.0294618597150983,-0.0156741135403002));
#9242=CARTESIAN_POINT('',(-0.00384618695315927,-0.0294618602791856,0.0156741383365777));
#9243=CARTESIAN_POINT('',(-0.0358221395950757,-0.00984583487540112,0.0158478431951989));
#9244=CARTESIAN_POINT('',(-0.0358221395950757,-0.00984583487540112,-0.0158478431951989));
#9245=CARTESIAN_POINT('',(-0.0128936595075378,-0.0346306044098426,0.0151));
#9246=CARTESIAN_POINT('',(-0.0359089636839092,-0.00999621860858155,0.0168326509482111));
#9247=CARTESIAN_POINT('',(-0.00864753235197469,-0.0342869102374054,0.015526836743304));
#9248=CARTESIAN_POINT('',(-0.00478540008917808,-0.0290893358819379,0.0166610242871884));
#9249=CARTESIAN_POINT('',(-0.00921221235694369,-0.0367560889132455,0.0151));
#9250=CARTESIAN_POINT('',(-0.00253671405799898,-0.0251937866936337,0.0174541409195548));
#9251=CARTESIAN_POINT('',(-0.00253671405799921,-0.0251937866936337,0.0174541409195548));
#9252=CARTESIAN_POINT('',(-0.00501690042473109,-0.0258265803281376,0.0171388491384245));
#9253=CARTESIAN_POINT('',(-0.00750439518902174,-0.0264313094238624,0.0168271985808139));
#9254=CARTESIAN_POINT('',(-0.00999757191323413,-0.0270138499510208,0.0165184353570746));
#9255=CARTESIAN_POINT('',(-0.00999757191323413,-0.0270138499510209,0.0165184353570745));
#9256=CARTESIAN_POINT('',(-0.0359089636839092,-0.00999621860858154,0.0168326509482111));
#9257=CARTESIAN_POINT('',(-0.0129609975410706,-0.0308382638514826,0.015673167469007));
#9258=CARTESIAN_POINT('',(-0.0114804835963713,-0.0321829119316697,0.0155983620832519));
#9259=CARTESIAN_POINT('',(-0.0124804835963713,-0.0339149627392386,0.015245708121835));
#9260=CARTESIAN_POINT('',(-0.0111407640354362,-0.0346884501883831,0.015245708121835));
#9261=CARTESIAN_POINT('',(-0.0111407640354362,-0.0346884501883831,0.015245708121835));
#9262=CARTESIAN_POINT('',(-0.0101407640354361,-0.0329563993808143,0.0155983620832519));
#9263=CARTESIAN_POINT('',(-0.0128936595075378,-0.0346306044098426,-0.0151));
#9264=CARTESIAN_POINT('',(-0.00921221235694369,-0.0367560889132455,-0.0151));
#9265=CARTESIAN_POINT('',(-0.00253671405799897,-0.0251937866936337,-0.0174541409195548));
#9266=CARTESIAN_POINT('',(-0.00478540009464094,-0.0290893358914448,-0.0166610243493716));
#9267=CARTESIAN_POINT('',(-0.0359089636839092,-0.00999621860858155,-0.0168326509482111));
#9268=CARTESIAN_POINT('',(-0.00864753235197469,-0.0342869102374054,-0.015526836743304));
#9269=CARTESIAN_POINT('',(-0.0101407640354361,-0.0329563993808143,-0.0155983620832519));
#9270=CARTESIAN_POINT('',(-0.0111407640354362,-0.0346884501883831,-0.015245708121835));
#9271=CARTESIAN_POINT('',(-0.0124804835963713,-0.0339149627392386,-0.015245708121835));
#9272=CARTESIAN_POINT('',(-0.0124804835963713,-0.0339149627392386,-0.015245708121835));
#9273=CARTESIAN_POINT('',(-0.0114804835963713,-0.0321829119316697,-0.0155983620832519));
#9274=CARTESIAN_POINT('',(-0.0129609975410705,-0.0308382638514826,-0.015673167469007));
#9275=CARTESIAN_POINT('',(-0.0359089636839092,-0.00999621860858154,-0.0168326509482111));
#9276=CARTESIAN_POINT('',(-0.0099975719132481,-0.0270138499510241,-0.0165184353570728));
#9277=CARTESIAN_POINT('',(-0.00999757191324807,-0.0270138499510241,-0.0165184353570729));
#9278=CARTESIAN_POINT('',(-0.00750439513112841,-0.0264313094103355,-0.0168271985879836));
#9279=CARTESIAN_POINT('',(-0.00501690056045003,-0.0258265803627648,-0.0171388491211713));
#9280=CARTESIAN_POINT('',(-0.00253671405799928,-0.0251937866936337,-0.0174541409195548));
#9281=CARTESIAN_POINT('',(0.004,-0.0158718658306298,0.0252872540664101));
#9282=CARTESIAN_POINT('',(-0.00158386456538107,-0.0255434029604533,-0.0164693331665426));
#9283=CARTESIAN_POINT('',(-0.000952361131133267,-0.0244496069271818,-0.0166920353542785));
#9284=CARTESIAN_POINT('',(-0.000337363942456782,-0.0233844005498821,-0.0170220474829381));
#9285=CARTESIAN_POINT('',(0.000261098780039927,-0.0223478327080819,-0.01745955301955));
#9286=CARTESIAN_POINT('',(-0.00158386456538107,-0.0255434029604533,-0.0164693331665426));
#9287=CARTESIAN_POINT('',(0.000261098780039924,-0.0223478327080819,-0.01745955301955));
#9288=CARTESIAN_POINT('',(0.0126453148871066,-0.000897741198729584,0.));
#9289=CARTESIAN_POINT('',(0.000261098780048696,-0.0223478327080667,0.0174595530195563));
#9290=CARTESIAN_POINT('',(0.000261098780048694,-0.0223478327080667,0.0174595530195564));
#9291=CARTESIAN_POINT('',(-0.00033736394245077,-0.0233844005498717,0.0170220474829413));
#9292=CARTESIAN_POINT('',(-0.000952361131130177,-0.0244496069271765,0.0166920353542796));
#9293=CARTESIAN_POINT('',(-0.00158386456538106,-0.0255434029604533,0.0164693331665426));
#9294=CARTESIAN_POINT('',(-0.00158386456538106,-0.0255434029604533,0.0164693331665426));
#9295=CARTESIAN_POINT('',(0.00458560252358949,-0.0148575725067322,0.0186450201752994));
#9296=CARTESIAN_POINT('',(0.000261227393536381,-0.0223476099429714,-0.0171200121550334));
#9297=CARTESIAN_POINT('',(-0.0035,0.,0.));
#9298=CARTESIAN_POINT('',(-0.00432635182233307,0.,0.));
#9299=CARTESIAN_POINT('',(-0.00432635182233307,0.0163133371018802,-0.0171170834309887));
#9300=CARTESIAN_POINT('',(-0.00432635182233307,0.0163133371018802,0.0171170834309887));
#9301=CARTESIAN_POINT('',(-0.00432635182233307,0.0163133371018802,0.0171170834309887));
#9302=CARTESIAN_POINT('',(-0.00496059735070122,0.0173710441023357,0.0162635313275937));
#9303=CARTESIAN_POINT('',(-0.00614835345350318,0.0193529451414155,0.0143372686194434));
#9304=CARTESIAN_POINT('',(-0.00735091708774391,0.0213612882627318,0.0114864673209805));
#9305=CARTESIAN_POINT('',(-0.00813406064984217,0.0226697733612068,0.0088872394999962));
#9306=CARTESIAN_POINT('',(-0.00875581671790188,0.0237088953337741,0.00618561875916163));
#9307=CARTESIAN_POINT('',(-0.00904690924760487,0.0241955617259333,0.00399482548059266));
#9308=CARTESIAN_POINT('',(-0.00914900025542498,0.0243662464248616,0.00251863800349937));
#9309=CARTESIAN_POINT('',(-0.00914900025542501,0.0243662464248617,0.00251863800349937));
#9310=CARTESIAN_POINT('',(-0.00914900025542501,0.0243662464248617,0.00251863800349937));
#9311=CARTESIAN_POINT('',(-0.00926512384907478,0.0245603920312554,0.000839546001166455));
#9312=CARTESIAN_POINT('',(-0.00926512384907478,0.0245603920312553,-0.000839546001166459));
#9313=CARTESIAN_POINT('',(-0.00914900025542501,0.0243662464248616,-0.00251863800349937));
#9314=CARTESIAN_POINT('',(-0.00914900025542502,0.0243662464248617,-0.00251863800349937));
#9315=CARTESIAN_POINT('',(-0.00914900025542498,0.0243662464248616,-0.00251863800349937));
#9316=CARTESIAN_POINT('',(-0.00904649825410174,0.024194874590956,-0.00400076825141482));
#9317=CARTESIAN_POINT('',(-0.00866523998405897,0.0235574607068276,-0.00688408420097899));
#9318=CARTESIAN_POINT('',(-0.00724720885602079,0.0211876992249985,-0.0122224087944009));
#9319=CARTESIAN_POINT('',(-0.00559307892135444,0.0184258094180018,-0.0154123531153032));
#9320=CARTESIAN_POINT('',(-0.00432635182233307,0.0163133371018802,-0.0171170834309887));
#9321=CARTESIAN_POINT('',(-0.0035,0.,0.));
#9322=CARTESIAN_POINT('',(-0.00432635182233307,0.,0.));
#9323=CARTESIAN_POINT('',(-0.00432635182233307,-0.0163133371018802,0.0171170834309887));
#9324=CARTESIAN_POINT('',(-0.00432635182233307,-0.0163133371018802,-0.0171170834309887));
#9325=CARTESIAN_POINT('',(-0.00432635182233307,-0.0163133371018802,-0.0171170834309887));
#9326=CARTESIAN_POINT('',(-0.00496059735070122,-0.0173710441023357,-0.0162635313275937));
#9327=CARTESIAN_POINT('',(-0.00614835345350318,-0.0193529451414155,-0.0143372686194434));
#9328=CARTESIAN_POINT('',(-0.00735091708774391,-0.0213612882627318,-0.0114864673209805));
#9329=CARTESIAN_POINT('',(-0.00813406064984217,-0.0226697733612068,-0.0088872394999962));
#9330=CARTESIAN_POINT('',(-0.00875581671790188,-0.0237088953337741,-0.00618561875916165));
#9331=CARTESIAN_POINT('',(-0.00904690924760487,-0.0241955617259333,-0.00399482548059266));
#9332=CARTESIAN_POINT('',(-0.00914900025542498,-0.0243662464248616,-0.00251863800349936));
#9333=CARTESIAN_POINT('',(-0.00914900025542501,-0.0243662464248617,-0.00251863800349937));
#9334=CARTESIAN_POINT('',(-0.00914900025542501,-0.0243662464248617,-0.00251863800349937));
#9335=CARTESIAN_POINT('',(-0.00926512384907478,-0.0245603920312554,-0.000839546001166455));
#9336=CARTESIAN_POINT('',(-0.00926512384907478,-0.0245603920312553,0.000839546001166459));
#9337=CARTESIAN_POINT('',(-0.00914900025542501,-0.0243662464248616,0.00251863800349937));
#9338=CARTESIAN_POINT('',(-0.00914900025542502,-0.0243662464248617,0.00251863800349937));
#9339=CARTESIAN_POINT('',(-0.00914900025542498,-0.0243662464248616,0.00251863800349937));
#9340=CARTESIAN_POINT('',(-0.00904649825410174,-0.024194874590956,0.00400076825141482));
#9341=CARTESIAN_POINT('',(-0.00866523998405897,-0.0235574607068276,0.00688408420097899));
#9342=CARTESIAN_POINT('',(-0.00724720885602079,-0.0211876992249986,0.0122224087944009));
#9343=CARTESIAN_POINT('',(-0.00559307892135444,-0.0184258094180018,0.0154123531153032));
#9344=CARTESIAN_POINT('',(-0.00432635182233307,-0.0163133371018802,0.0171170834309887));
#9345=CARTESIAN_POINT('',(-0.00425096900680581,0.0128,6.81394667223097E-19));
#9346=CARTESIAN_POINT('',(-0.0025,0.0128,6.81394667223097E-19));
#9347=CARTESIAN_POINT('',(-0.0025,0.0128,0.000400000000000001));
#9348=CARTESIAN_POINT('',(-0.00425096900680581,0.0128,-0.0015));
#9349=CARTESIAN_POINT('',(-0.0025,0.0128,-0.0015));
#9350=CARTESIAN_POINT('',(-0.0025,0.0128,-0.0011));
#9351=CARTESIAN_POINT('',(-0.00425096900680581,0.0143,5.03820881346731E-19));
#9352=CARTESIAN_POINT('',(-0.0025,0.0143,5.03820881346731E-19));
#9353=CARTESIAN_POINT('',(-0.0025,0.0143,0.000500000000000001));
#9354=CARTESIAN_POINT('',(-0.00425096900680581,0.0143,-0.0015));
#9355=CARTESIAN_POINT('',(-0.0025,0.0143,-0.0015));
#9356=CARTESIAN_POINT('',(-0.0025,0.0143,-0.001));
#9357=CARTESIAN_POINT('',(-0.00425096900680581,0.0143,-0.003));
#9358=CARTESIAN_POINT('',(-0.0025,0.0143,-0.003));
#9359=CARTESIAN_POINT('',(-0.0025,0.0143,-0.0026));
#9360=CARTESIAN_POINT('',(-0.00425096900680581,0.0158,-0.0015));
#9361=CARTESIAN_POINT('',(-0.0025,0.0158,-0.0015));
#9362=CARTESIAN_POINT('',(-0.0025,0.0158,-0.001));
#9363=CARTESIAN_POINT('',(-0.00425096900680581,0.0158,-0.003));
#9364=CARTESIAN_POINT('',(-0.0025,0.0158,-0.003));
#9365=CARTESIAN_POINT('',(-0.0025,0.0158,-0.0026));
#9366=CARTESIAN_POINT('',(-0.00425096900680581,0.0173,-3.50237102781043E-20));
#9367=CARTESIAN_POINT('',(-0.0025,0.0173,-3.50237102781043E-20));
#9368=CARTESIAN_POINT('',(-0.0025,0.0173,0.0005));
#9369=CARTESIAN_POINT('',(-0.00425096900680581,0.0173,-0.0015));
#9370=CARTESIAN_POINT('',(-0.0025,0.0173,-0.0015));
#9371=CARTESIAN_POINT('',(-0.0025,0.0173,-0.001));
#9372=CARTESIAN_POINT('',(-0.00425096900680581,0.0173,-0.003));
#9373=CARTESIAN_POINT('',(-0.0025,0.0173,-0.003));
#9374=CARTESIAN_POINT('',(-0.0025,0.0173,-0.0026));
#9375=CARTESIAN_POINT('',(-0.00425096900680581,0.0188,-3.96294516026573E-19));
#9376=CARTESIAN_POINT('',(-0.0025,0.0188,-3.96294516026573E-19));
#9377=CARTESIAN_POINT('',(-0.0025,0.0188,0.0004));
#9378=CARTESIAN_POINT('',(-0.00425096900680581,0.0188,-0.0015));
#9379=CARTESIAN_POINT('',(-0.0025,0.0188,-0.0015));
#9380=CARTESIAN_POINT('',(-0.0025,0.0188,-0.0011));
#9381=CARTESIAN_POINT('',(-0.00425096900680581,0.0158,0.));
#9382=CARTESIAN_POINT('',(-0.0025,0.0158,0.));
#9383=CARTESIAN_POINT('',(-0.0025,0.0158,0.0006));
#9384=CARTESIAN_POINT('',(-0.00425096900680581,0.0158,0.0015));
#9385=CARTESIAN_POINT('',(-0.0025,0.0158,0.0015));
#9386=CARTESIAN_POINT('',(-0.0025,0.0158,0.002));
#9387=CARTESIAN_POINT('',(-0.00425096900680581,0.0143,0.0015));
#9388=CARTESIAN_POINT('',(-0.0025,0.0143,0.0015));
#9389=CARTESIAN_POINT('',(-0.0025,0.0143,0.002));
#9390=CARTESIAN_POINT('',(-0.00425096900680581,0.0128,0.0015));
#9391=CARTESIAN_POINT('',(-0.0025,0.0128,0.0015));
#9392=CARTESIAN_POINT('',(-0.0025,0.0128,0.0019));
#9393=CARTESIAN_POINT('',(-0.00425096900680581,0.0143,0.003));
#9394=CARTESIAN_POINT('',(-0.0025,0.0143,0.003));
#9395=CARTESIAN_POINT('',(-0.0025,0.0143,0.0034));
#9396=CARTESIAN_POINT('',(-0.00425096900680581,0.0158,0.003));
#9397=CARTESIAN_POINT('',(-0.0025,0.0158,0.003));
#9398=CARTESIAN_POINT('',(-0.0025,0.0158,0.0034));
#9399=CARTESIAN_POINT('',(-0.00425096900680581,0.0173,0.003));
#9400=CARTESIAN_POINT('',(-0.0025,0.0173,0.003));
#9401=CARTESIAN_POINT('',(-0.0025,0.0173,0.0034));
#9402=CARTESIAN_POINT('',(-0.00425096900680581,0.0173,0.0015));
#9403=CARTESIAN_POINT('',(-0.0025,0.0173,0.0015));
#9404=CARTESIAN_POINT('',(-0.0025,0.0173,0.002));
#9405=CARTESIAN_POINT('',(-0.00425096900680581,0.0188,0.0015));
#9406=CARTESIAN_POINT('',(-0.0025,0.0188,0.0015));
#9407=CARTESIAN_POINT('',(-0.0025,0.0188,0.0019));
#9408=CARTESIAN_POINT('',(-0.0025,0.0158,0.));
#9409=CARTESIAN_POINT('',(-0.0025,0.0158,0.));
#9410=CARTESIAN_POINT('',(-0.0025,0.0158,0.0055857864376269));
#9411=CARTESIAN_POINT('',(-0.0118191645136103,-0.0212186006103975,0.0195973544965377));
#9412=CARTESIAN_POINT('',(-0.01094948282835,-0.0235472974123409,0.0169638667753748));
#9413=CARTESIAN_POINT('',(-0.0100793661977991,-0.0270329530077247,0.0165083069810734));
#9414=CARTESIAN_POINT('',(-0.00722041434376322,-0.0203445552986352,0.0199507120863864));
#9415=CARTESIAN_POINT('',(-0.00637435523090231,-0.0226428173165589,0.0175053434003421));
#9416=CARTESIAN_POINT('',(-0.00548061602794791,-0.0259593922543608,0.0170776854871238));
#9417=CARTESIAN_POINT('',(-0.00263342070414412,-0.0194208690028275,0.0203053017567308));
#9418=CARTESIAN_POINT('',(-0.00178780995901023,-0.0216703756724315,0.0180582046234563));
#9419=CARTESIAN_POINT('',(-0.000893622388346063,-0.0248106388644971,0.0176575096860785));
#9420=CARTESIAN_POINT('',(0.00191425328662691,-0.0184211609690461,0.0206635060623921));
#9421=CARTESIAN_POINT('',(0.00278399286822703,-0.0205924850366963,0.0186258685465456));
#9422=CARTESIAN_POINT('',(0.00365405160243815,-0.0235464491438518,0.0182514948759912));
#9423=CARTESIAN_POINT('',(-0.00253671405799897,-0.0251937866936337,0.0174541409195548));
#9424=CARTESIAN_POINT('',(-0.0017567979069049,-0.0239821703971384,0.0177079192740307));
#9425=CARTESIAN_POINT('',(-0.000248339715939398,-0.021644231110658,0.0184871816278974));
#9426=CARTESIAN_POINT('',(0.00117365428119045,-0.0194521103595951,0.0198301215272147));
#9427=CARTESIAN_POINT('',(0.00183336175319097,-0.0184389340770714,0.0206571352645301));
#9428=CARTESIAN_POINT('',(-0.00537067978402178,-0.0199552758456356,0.0200947664348206));
#9429=CARTESIAN_POINT('',(-0.00646393340323199,-0.0216320165562986,0.0185644620916717));
#9430=CARTESIAN_POINT('',(-0.00771386414038978,-0.0235617171141375,0.0175220060971162));
#9431=CARTESIAN_POINT('',(-0.00903319203406021,-0.0256073596386448,0.0168875275792128));
#9432=CARTESIAN_POINT('',(-0.00903319203406022,-0.0256073596386448,0.0168875275792128));
#9433=CARTESIAN_POINT('',(-0.00903319203406005,-0.0256073596386449,0.0168875275792128));
#9434=CARTESIAN_POINT('',(-0.00933861638023982,-0.0260809257881689,0.0167406458317522));
#9435=CARTESIAN_POINT('',(-0.00966005486378832,-0.0265501348405512,0.0166190030256637));
#9436=CARTESIAN_POINT('',(-0.00999757191323616,-0.0270138499510095,0.0165184353570761));
#9437=CARTESIAN_POINT('',(-0.0100793661940085,0.0270329530068398,0.0165083069815427));
#9438=CARTESIAN_POINT('',(-0.0109494828245594,0.0235472974115916,0.0169638667758234));
#9439=CARTESIAN_POINT('',(-0.0118191645098197,0.021218600609677,0.019597354496829));
#9440=CARTESIAN_POINT('',(-0.0054806162372807,0.0259593923032248,0.0170776854612065));
#9441=CARTESIAN_POINT('',(-0.00637435543801007,0.0226428173576355,0.0175053433757629));
#9442=CARTESIAN_POINT('',(-0.00722041455309922,0.0203445553383974,0.0199507120702975));
#9443=CARTESIAN_POINT('',(-0.000893621567326972,0.0248106386360064,0.0176575097933538));
#9444=CARTESIAN_POINT('',(-0.0017878091291059,0.0216703754766016,0.0180582047265572));
#9445=CARTESIAN_POINT('',(-0.00263341988312891,0.0194208688221639,0.0203053018214102));
#9446=CARTESIAN_POINT('',(0.00365405158785788,0.0235464491479049,0.0182514948740868));
#9447=CARTESIAN_POINT('',(0.00278399285364669,0.0205924850401339,0.0186258685447352));
#9448=CARTESIAN_POINT('',(0.00191425327204664,0.0184211609722513,0.0206635060612437));
#9449=CARTESIAN_POINT('',(0.00183336175319659,0.0184389340770627,0.0206571352645371));
#9450=CARTESIAN_POINT('',(0.00117335962963562,0.0194525628843574,0.0198297521500366));
#9451=CARTESIAN_POINT('',(-0.000248226551291588,0.0216440587239319,0.0184873971392517));
#9452=CARTESIAN_POINT('',(-0.00175651884883748,0.0239817368745069,0.0177080100772498));
#9453=CARTESIAN_POINT('',(-0.00253671405799897,0.0251937866936337,0.0174541409195548));
#9454=CARTESIAN_POINT('',(-0.00999757191324766,0.0270138499510244,0.0165184353570728));
#9455=CARTESIAN_POINT('',(-0.00966005486379745,0.0265501348405634,0.0166190030256606));
#9456=CARTESIAN_POINT('',(-0.00933861638024193,0.0260809257881718,0.0167406458317513));
#9457=CARTESIAN_POINT('',(-0.00903319203406031,0.0256073596386449,0.0168875275792127));
#9458=CARTESIAN_POINT('',(-0.00903319203406031,0.0256073596386449,0.0168875275792127));
#9459=CARTESIAN_POINT('',(-0.00903319203406031,0.0256073596386449,0.0168875275792127));
#9460=CARTESIAN_POINT('',(-0.00771332920649209,0.0235608876891445,0.0175222633523961));
#9461=CARTESIAN_POINT('',(-0.00646488862054247,0.0216334815884948,0.0185631250065063));
#9462=CARTESIAN_POINT('',(-0.00537067978402659,0.0199552758456418,0.0200947664348145));
#9463=CARTESIAN_POINT('',(-0.0118191645136108,0.0212186006103976,-0.0195973544965377));
#9464=CARTESIAN_POINT('',(-0.0109494828283505,0.023547297412341,-0.0169638667753747));
#9465=CARTESIAN_POINT('',(-0.0100793661977996,0.0270329530077248,-0.0165083069810733));
#9466=CARTESIAN_POINT('',(-0.00722041434376499,0.0203445552986164,-0.019950712086407));
#9467=CARTESIAN_POINT('',(-0.00637435523091313,0.0226428173165303,-0.0175053434003644));
#9468=CARTESIAN_POINT('',(-0.00548061602795074,0.0259593922543168,-0.0170776854871302));
#9469=CARTESIAN_POINT('',(-0.00263342070349154,0.0194208690026596,-0.0203053017568039));
#9470=CARTESIAN_POINT('',(-0.00178780995837153,0.0216703756721529,-0.0180582046235542));
#9471=CARTESIAN_POINT('',(-0.000893622387688987,0.0248106388642906,-0.017657509686168));
#9472=CARTESIAN_POINT('',(0.0019142532866269,0.0184211609690462,-0.0206635060623921));
#9473=CARTESIAN_POINT('',(0.00278399286822702,0.0205924850366964,-0.0186258685465456));
#9474=CARTESIAN_POINT('',(0.00365405160243814,0.0235464491438518,-0.0182514948759912));
#9475=CARTESIAN_POINT('',(-0.00537067978402179,0.0199552758456356,-0.0200947664348206));
#9476=CARTESIAN_POINT('',(-0.00646393340323202,0.0216320165562986,-0.0185644620916716));
#9477=CARTESIAN_POINT('',(-0.00771386414038983,0.0235617171141376,-0.0175220060971161));
#9478=CARTESIAN_POINT('',(-0.00903319203406029,0.0256073596386449,-0.0168875275792127));
#9479=CARTESIAN_POINT('',(-0.00903319203406029,0.0256073596386449,-0.0168875275792127));
#9480=CARTESIAN_POINT('',(-0.00903319203406029,0.0256073596386449,-0.0168875275792127));
#9481=CARTESIAN_POINT('',(-0.00933861638024008,0.026080925788169,-0.0167406458317521));
#9482=CARTESIAN_POINT('',(-0.00966005486378859,0.0265501348405515,-0.0166190030256637));
#9483=CARTESIAN_POINT('',(-0.00999757191323645,0.0270138499510099,-0.0165184353570761));
#9484=CARTESIAN_POINT('',(-0.00253671405800646,0.0251937866936453,-0.0174541409195524));
#9485=CARTESIAN_POINT('',(-0.00175679790691111,0.023982170397148,-0.0177079192740276));
#9486=CARTESIAN_POINT('',(-0.000248339715942618,0.021644231110663,-0.0184871816278946));
#9487=CARTESIAN_POINT('',(0.00117365428118944,0.0194521103595966,-0.0198301215272134));
#9488=CARTESIAN_POINT('',(0.00183336175319096,0.0184389340770714,-0.0206571352645301));
#9489=CARTESIAN_POINT('',(-0.0100793661910342,-0.0270329530061454,-0.0165083069819109));
#9490=CARTESIAN_POINT('',(-0.0109494828215851,-0.0235472974110036,-0.0169638667761754));
#9491=CARTESIAN_POINT('',(-0.0118191645068454,-0.0212186006091117,-0.0195973544970575));
#9492=CARTESIAN_POINT('',(-0.00548061640084441,-0.025959392341331,-0.0170776854409672));
#9493=CARTESIAN_POINT('',(-0.0063743555998933,-0.0226428173895081,-0.0175053433567035));
#9494=CARTESIAN_POINT('',(-0.00722041471666328,-0.0203445553694478,-0.0199507120577455));
#9495=CARTESIAN_POINT('',(-0.000893620925881724,-0.0248106384573995,-0.0176575098771797));
#9496=CARTESIAN_POINT('',(-0.00178780848072925,-0.0216703753234193,-0.0180582048071177));
#9497=CARTESIAN_POINT('',(-0.00263341924168252,-0.0194208686809769,-0.0203053018719766));
#9498=CARTESIAN_POINT('',(0.00365405157645261,-0.0235464491510754,-0.0182514948725971));
#9499=CARTESIAN_POINT('',(0.00278399284224138,-0.020592485042823,-0.018625868543319));
#9500=CARTESIAN_POINT('',(0.00191425326064137,-0.0184211609747585,-0.0206635060603453));
#9501=CARTESIAN_POINT('',(-0.00999757191324766,-0.0270138499510245,-0.0165184353570728));
#9502=CARTESIAN_POINT('',(-0.00966005486379745,-0.0265501348405635,-0.0166190030256605));
#9503=CARTESIAN_POINT('',(-0.00933861638024192,-0.0260809257881718,-0.0167406458317513));
#9504=CARTESIAN_POINT('',(-0.00903319203406029,-0.0256073596386449,-0.0168875275792127));
#9505=CARTESIAN_POINT('',(-0.00903319203406029,-0.0256073596386449,-0.0168875275792127));
#9506=CARTESIAN_POINT('',(-0.00903319203406029,-0.0256073596386449,-0.0168875275792127));
#9507=CARTESIAN_POINT('',(-0.00771332920649193,-0.0235608876891443,-0.0175222633523961));
#9508=CARTESIAN_POINT('',(-0.00646488862054231,-0.0216334815884945,-0.0185631250065066));
#9509=CARTESIAN_POINT('',(-0.00537067978402631,-0.0199552758456413,-0.0200947664348149));
#9510=CARTESIAN_POINT('',(0.00183336175319096,-0.0184389340770714,-0.0206571352645301));
#9511=CARTESIAN_POINT('',(0.00117335962963004,-0.019452562884366,-0.0198297521500309));
#9512=CARTESIAN_POINT('',(-0.00024822655129112,-0.0216440587239312,-0.0184873971392528));
#9513=CARTESIAN_POINT('',(-0.00175651884883794,-0.0239817368745076,-0.0177080100772496));
#9514=CARTESIAN_POINT('',(-0.00253671405799897,-0.0251937866936337,-0.0174541409195548));
#9515=CARTESIAN_POINT('',(-0.00253671405799897,-0.0251937866936337,-0.0174541409195549));
#9516=CARTESIAN_POINT('',(-0.00167068865421453,-0.0256937866936337,-0.0174541409195549));
#9517=CARTESIAN_POINT('',(-0.00158386456538106,-0.0255434029604533,-0.0164693331665426));
#9518=CARTESIAN_POINT('',(-0.00174933985308963,-0.0239705841522099,-0.0177103460639148));
#9519=CARTESIAN_POINT('',(-0.00096295201332863,-0.0244679508732258,-0.0176347809311665));
#9520=CARTESIAN_POINT('',(-0.000822448834195158,-0.0242245922283571,-0.0167378494411436));
#9521=CARTESIAN_POINT('',(-0.000230495142905303,-0.0216165760591152,-0.0184964733707694));
#9522=CARTESIAN_POINT('',(0.000424953720131921,-0.0220640276267749,-0.0182810948009144));
#9523=CARTESIAN_POINT('',(0.000641476079757406,-0.0216889998989253,-0.0175761389040115));
#9524=CARTESIAN_POINT('',(0.00120284084171404,-0.0194071902151706,-0.0198615676128842));
#9525=CARTESIAN_POINT('',(0.0018173878854,-0.0196522609063393,-0.0196308985079692));
#9526=CARTESIAN_POINT('',(0.00201232972797203,-0.0193146117304764,-0.0190510554509874));
#9527=CARTESIAN_POINT('',(0.0018567896881722,-0.0184029552815505,-0.0206865983265008));
#9528=CARTESIAN_POINT('',(0.00244557300351677,-0.0185642123651954,-0.0204714163129702));
#9529=CARTESIAN_POINT('',(0.00263452319534949,-0.0182369410328412,-0.0199459030035037));
#9530=CARTESIAN_POINT('',(0.000261098780040621,-0.0223478327080807,-0.0174595530195454));
#9531=CARTESIAN_POINT('',(0.000994136734171901,-0.0210781737276623,-0.0184539973918778));
#9532=CARTESIAN_POINT('',(0.00146148854682768,-0.0197465157262561,-0.0195335747898111));
#9533=CARTESIAN_POINT('',(0.00183336175319334,-0.0184389340770702,-0.0206571352645309));
#9534=CARTESIAN_POINT('',(-0.00244988996916551,-0.0250434029604533,-0.0164693331665426));
#9535=CARTESIAN_POINT('',(-0.000604798010248056,-0.0218476099429714,-0.0171200121550334));
#9536=CARTESIAN_POINT('',(-0.00384619622703485,-0.0294618549149672,-0.0156762165475203));
#9537=CARTESIAN_POINT('',(-0.00386340659932994,-0.029489908868173,-0.015862937933926));
#9538=CARTESIAN_POINT('',(-0.00399746598693245,-0.0295011577250319,-0.0163236601122123));
#9539=CARTESIAN_POINT('',(-0.00450187468055359,-0.029262930441131,-0.0166593924315728));
#9540=CARTESIAN_POINT('',(-0.00478540008917808,-0.0290893358819379,-0.0166610242871884));
#9541=CARTESIAN_POINT('',(-0.00384618695315921,-0.0294618602791856,-0.0156762165963594));
#9542=CARTESIAN_POINT('',(-0.00393653849268999,-0.0296091417232952,-0.016656486705985));
#9543=CARTESIAN_POINT('',(-0.00478540009464088,-0.0290893358914447,-0.0166610243493716));
#9544=CARTESIAN_POINT('',(-0.00500730367670801,-0.0313545889334201,-0.0152952554115288));
#9545=CARTESIAN_POINT('',(-0.00509935998370306,-0.0314851896856125,-0.0162674889432585));
#9546=CARTESIAN_POINT('',(-0.00591556470880291,-0.030931609717872,-0.0162800631645438));
#9547=CARTESIAN_POINT('',(-0.00633689370842878,-0.0331439225395922,-0.0149152048918788));
#9548=CARTESIAN_POINT('',(-0.00643406783193476,-0.0332676672014214,-0.0158776256275733));
#9549=CARTESIAN_POINT('',(-0.00720971160610537,-0.0326732447177194,-0.0159000126448917));
#9550=CARTESIAN_POINT('',(-0.00781409242141047,-0.0348017819325206,-0.0145420289902918));
#9551=CARTESIAN_POINT('',(-0.00792336338552851,-0.0349244166820945,-0.0154933324493899));
#9552=CARTESIAN_POINT('',(-0.00864753235197467,-0.0342869102374054,-0.015526836743304));
#9553=CARTESIAN_POINT('',(-0.00856070826314122,-0.0341365265042249,-0.0145420289902918));
#9554=CARTESIAN_POINT('',(-0.00781409242141048,-0.0348017819325205,-0.0145420289902918));
#9555=CARTESIAN_POINT('',(-0.00792336338552851,-0.0349244166820944,-0.01549333244939));
#9556=CARTESIAN_POINT('',(-0.00864753235197468,-0.0342869102374054,-0.015526836743304));
#9557=CARTESIAN_POINT('',(-0.00826864792837361,-0.035311929355615,-0.0144633779430403));
#9558=CARTESIAN_POINT('',(-0.00838791784122508,-0.0353905836987252,-0.0153811903046566));
#9559=CARTESIAN_POINT('',(-0.00895056935662666,-0.0346270085194591,-0.0154481856960531));
#9560=CARTESIAN_POINT('',(-0.00953843606851031,-0.0360068692620682,-0.0143179987357166));
#9561=CARTESIAN_POINT('',(-0.00962666944899364,-0.0360007826360553,-0.0151787980375277));
#9562=CARTESIAN_POINT('',(-0.00979709478337233,-0.0350903017904476,-0.0153028064887284));
#9563=CARTESIAN_POINT('',(-0.0109622023963781,-0.0357457316928989,-0.0142609003688247));
#9564=CARTESIAN_POINT('',(-0.0109913860803344,-0.0357288824850918,-0.0151000000000025));
#9565=CARTESIAN_POINT('',(-0.0107462723352811,-0.034916210077646,-0.0152457081218372));
#9566=CARTESIAN_POINT('',(-0.0115539399466027,-0.0354040918589872,-0.0142609003688227));
#9567=CARTESIAN_POINT('',(-0.0115539399466027,-0.0354040918589872,-0.0151));
#9568=CARTESIAN_POINT('',(-0.0111407640354362,-0.0346884501883832,-0.0152457081218349));
#9569=CARTESIAN_POINT('',(-0.0110539399466027,-0.0345380664552027,-0.0142609003688227));
#9570=CARTESIAN_POINT('',(-0.0123936595075378,-0.0337645790060582,-0.0142609003688227));
#9571=CARTESIAN_POINT('',(-0.0123936595075378,-0.0337645790060582,-0.0142609003688227));
#9572=CARTESIAN_POINT('',(-0.0128936595075378,-0.0346306044098427,-0.0142609003688227));
#9573=CARTESIAN_POINT('',(-0.0128936595075378,-0.0346306044098427,-0.0151));
#9574=CARTESIAN_POINT('',(-0.0124804835963713,-0.0339149627392387,-0.0152457081218349));
#9575=CARTESIAN_POINT('',(-0.0136663886586937,-0.0341844690264121,-0.0142609003688253));
#9576=CARTESIAN_POINT('',(-0.0136282787173211,-0.0342064718112834,-0.0151000000000059));
#9577=CARTESIAN_POINT('',(-0.0129956363637973,-0.0336175391502638,-0.0152457081218391));
#9578=CARTESIAN_POINT('',(-0.0147750988489033,-0.0325606360238107,-0.0143610453405991));
#9579=CARTESIAN_POINT('',(-0.0147292038692143,-0.0326535875964927,-0.0152400696753409));
#9580=CARTESIAN_POINT('',(-0.0137347764906262,-0.0325349838152218,-0.0153458530936107));
#9581=CARTESIAN_POINT('',(-0.014214325509975,-0.0306760657330101,-0.0145858589985281));
#9582=CARTESIAN_POINT('',(-0.0142810660291983,-0.0308255013385161,-0.0155587345058289));
#9583=CARTESIAN_POINT('',(-0.0133609275979848,-0.0312786036213625,-0.0155706667515397));
#9584=CARTESIAN_POINT('',(-0.0136144304245867,-0.0300155560782086,-0.0146883597159947));
#9585=CARTESIAN_POINT('',(-0.0137328846794264,-0.0301459791819806,-0.0157108295969094));
#9586=CARTESIAN_POINT('',(-0.0129609975410705,-0.0308382638514826,-0.015673167469007));
#9587=CARTESIAN_POINT('',(-0.0128741734522371,-0.0306878801183022,-0.0146883597159948));
#9588=CARTESIAN_POINT('',(-0.00999757191324757,-0.0270138499510244,-0.0165184353570728));
#9589=CARTESIAN_POINT('',(-0.0108427262680173,-0.0264608754407774,-0.0165283648223904));
#9590=CARTESIAN_POINT('',(-0.0107465991718548,-0.0263145103680878,-0.0155336276040606));
#9591=CARTESIAN_POINT('',(-0.0108837895416197,-0.0283632229454565,-0.0162342491434782));
#9592=CARTESIAN_POINT('',(-0.0117125326562104,-0.0277685726281285,-0.0162519895286395));
#9593=CARTESIAN_POINT('',(-0.0116042291347944,-0.0276203552014144,-0.0152494413904654));
#9594=CARTESIAN_POINT('',(-0.0118756180582365,-0.0296432155088734,-0.0159513465500411));
#9595=CARTESIAN_POINT('',(-0.0126808041087978,-0.0290011789388186,-0.0159783998617119));
#9596=CARTESIAN_POINT('',(-0.0125640631831413,-0.0288590576821385,-0.0149665387970289));
#9597=CARTESIAN_POINT('',(-0.0129609975410705,-0.0308382638514826,-0.0156731674690069));
#9598=CARTESIAN_POINT('',(-0.0137328846794264,-0.0301459791819806,-0.0157108295969094));
#9599=CARTESIAN_POINT('',(-0.0136144304245867,-0.0300155560782086,-0.0146883597159947));
#9600=CARTESIAN_POINT('',(-0.00991074782441416,-0.026863466217844,-0.0155336276040606));
#9601=CARTESIAN_POINT('',(-0.00903319203406032,-0.0256073596386449,-0.0168875275792127));
#9602=CARTESIAN_POINT('',(-0.00998028706046224,-0.0250864333237481,-0.0169720718399421));
#9603=CARTESIAN_POINT('',(-0.00984137748154253,-0.0248458348754012,-0.0159240654171818));
#9604=CARTESIAN_POINT('',(-0.00933781859015989,-0.0260796888002216,-0.0167410294971809));
#9605=CARTESIAN_POINT('',(-0.0102472485444813,-0.0255383997322457,-0.0168025279524346));
#9606=CARTESIAN_POINT('',(-0.0101262850988795,-0.0253393093440922,-0.0157679762585931));
#9607=CARTESIAN_POINT('',(-0.00965916008596413,-0.0265489055040276,-0.016619269636567));
#9608=CARTESIAN_POINT('',(-0.0105340182488,-0.0259970795291152,-0.0166550936967814));
#9609=CARTESIAN_POINT('',(-0.0104279188458096,-0.0258292812188839,-0.015639226240238));
#9610=CARTESIAN_POINT('',(-0.00999757191324761,-0.0270138499510244,-0.0165184353570728));
#9611=CARTESIAN_POINT('',(-0.0108427262680173,-0.0264608754407773,-0.0165283648223904));
#9612=CARTESIAN_POINT('',(-0.0107465991718548,-0.0263145103680878,-0.0155336276040606));
#9613=CARTESIAN_POINT('',(-0.00897535207775807,-0.0253458348754011,-0.0159240654171818));
#9614=CARTESIAN_POINT('',(-0.00537067978402538,-0.0199552758456413,-0.0200947664348153));
#9615=CARTESIAN_POINT('',(-0.00681583549764093,-0.0196054424388509,-0.0206203576301295));
#9616=CARTESIAN_POINT('',(-0.0063238609305573,-0.0187533174926303,-0.0193879012799631));
#9617=CARTESIAN_POINT('',(-0.0059149382690028,-0.020790013862222,-0.0193329293756348));
#9618=CARTESIAN_POINT('',(-0.00723189382153011,-0.0203260765948065,-0.0198288790399011));
#9619=CARTESIAN_POINT('',(-0.00684233817359159,-0.0196513464201339,-0.0185600338541414));
#9620=CARTESIAN_POINT('',(-0.00707787205466576,-0.0225800012951555,-0.0180643152214416));
#9621=CARTESIAN_POINT('',(-0.00816841291066855,-0.0219481752392863,-0.0184357666353021));
#9622=CARTESIAN_POINT('',(-0.00795533231994445,-0.0215791088301439,-0.0171855089850591));
#9623=CARTESIAN_POINT('',(-0.00837099449801636,-0.0245806099992259,-0.0172059852675367));
#9624=CARTESIAN_POINT('',(-0.00936161751985604,-0.0240148662464482,-0.0173702337325324));
#9625=CARTESIAN_POINT('',(-0.00920140058044623,-0.0237373623670319,-0.0162633721997269));
#9626=CARTESIAN_POINT('',(-0.00903319203406033,-0.0256073596386449,-0.0168875275792127));
#9627=CARTESIAN_POINT('',(-0.00998028706046223,-0.0250864333237481,-0.0169720718399422));
#9628=CARTESIAN_POINT('',(-0.00984137748154251,-0.0248458348754011,-0.0159240654171818));
#9629=CARTESIAN_POINT('',(-0.00545783552677284,-0.0192533174926301,-0.0193879012799633));
#9630=CARTESIAN_POINT('',(-0.00388656481562356,-0.0172938971337716,-0.0222619940055311));
#9631=CARTESIAN_POINT('',(-0.00523209341287124,-0.0168623206819447,-0.0227463226544038));
#9632=CARTESIAN_POINT('',(-0.00483974596215565,-0.0161827549630852,-0.0214752862302328));
#9633=CARTESIAN_POINT('',(-0.00440585794309528,-0.0182252676015655,-0.021596002887071));
#9634=CARTESIAN_POINT('',(-0.00579105141030688,-0.017830464332806,-0.0220893726747299));
#9635=CARTESIAN_POINT('',(-0.0053590390896281,-0.0170821970438888,-0.0208340982017577));
#9636=CARTESIAN_POINT('',(-0.004901861637302,-0.0191147073334564,-0.0208716952321195));
#9637=CARTESIAN_POINT('',(-0.00631939421331956,-0.0187455809114268,-0.0213782597220638));
#9638=CARTESIAN_POINT('',(-0.00585504278383497,-0.017941300642997,-0.0201364766100222));
#9639=CARTESIAN_POINT('',(-0.00537067978402511,-0.0199552758456418,-0.0200947664348143));
#9640=CARTESIAN_POINT('',(-0.00681583549764166,-0.0196054424388521,-0.020620357630129));
#9641=CARTESIAN_POINT('',(-0.00632386093055721,-0.0187533174926302,-0.0193879012799627));
#9642=CARTESIAN_POINT('',(-0.00397372055837129,-0.0166827549630854,-0.0214752862302327));
#9643=CARTESIAN_POINT('',(-0.00483974596215573,-0.0161827549630853,-0.0214752862302327));
#9644=CARTESIAN_POINT('',(-0.00523209341287134,-0.0168623206819449,-0.0227463226544038));
#9645=CARTESIAN_POINT('',(-0.00388656481562364,-0.0172938971337717,-0.022261994005531));
#9646=CARTESIAN_POINT('',(-0.00441293494749154,-0.015443496600457,-0.0220549833395181));
#9647=CARTESIAN_POINT('',(-0.00474013716723982,-0.0161384066196976,-0.0232258223397842));
#9648=CARTESIAN_POINT('',(-0.00341707270003403,-0.0164518465287369,-0.0228641155497865));
#9649=CARTESIAN_POINT('',(-0.00375402504334759,-0.0138783888487108,-0.0231751913578861));
#9650=CARTESIAN_POINT('',(-0.00393186243185052,-0.0145621194785411,-0.0242072765309646));
#9651=CARTESIAN_POINT('',(-0.00269227180385208,-0.0146683203413163,-0.0240273969226794));
#9652=CARTESIAN_POINT('',(-0.0035,-0.0120976563739756,-0.0241899254561153));
#9653=CARTESIAN_POINT('',(-0.0035421227578383,-0.0126193450145578,-0.0251971676152667));
#9654=CARTESIAN_POINT('',(-0.00241284425887657,-0.0126378007743827,-0.0250803006005235));
#9655=CARTESIAN_POINT('',(-0.0035,-0.0111827549630851,-0.0246465504172136));
#9656=CARTESIAN_POINT('',(-0.0035,-0.011633665743554,-0.0256403480387458));
#9657=CARTESIAN_POINT('',(-0.00241284425725234,-0.0115943662795693,-0.0255537328689003));
#9658=CARTESIAN_POINT('',(-0.0025,-0.0111827549630851,-0.0246465504172136));
#9659=CARTESIAN_POINT('',(-0.0025,0.,0.));
#9660=CARTESIAN_POINT('',(-0.0025,0.0111827549630851,-0.0246465504172136));
#9661=CARTESIAN_POINT('',(-0.0035,0.0111827549630851,-0.0246465504172136));
#9662=CARTESIAN_POINT('',(-0.0035,0.011633665743554,-0.0256403480387458));
#9663=CARTESIAN_POINT('',(-0.00241284425725234,0.0115943662795693,-0.0255537328689003));
#9664=CARTESIAN_POINT('',(-0.0035,0.0120983023988569,-0.0241896030264388));
#9665=CARTESIAN_POINT('',(-0.00354215312893091,0.0126200556857473,-0.0251968480835159));
#9666=CARTESIAN_POINT('',(-0.00241284425955529,0.0126385375584467,-0.0250799663032729));
#9667=CARTESIAN_POINT('',(-0.00374469665335819,0.0138436997412332,-0.0231972575746716));
#9668=CARTESIAN_POINT('',(-0.00391996040685827,0.0145256478620217,-0.0242275284384679));
#9669=CARTESIAN_POINT('',(-0.0026820105747152,0.0146287766491451,-0.0240503025742228));
#9670=CARTESIAN_POINT('',(-0.00441273946887224,0.0154431580215565,-0.0220552488396945));
#9671=CARTESIAN_POINT('',(-0.00473992159009637,0.0161380893985615,-0.023226032457982));
#9672=CARTESIAN_POINT('',(-0.00341685767317117,0.0164514608713088,-0.0228643913201533));
#9673=CARTESIAN_POINT('',(-0.00483974596215562,0.0161827549630851,-0.0214752862302328));
#9674=CARTESIAN_POINT('',(-0.00523209341287122,0.0168623206819447,-0.0227463226544039));
#9675=CARTESIAN_POINT('',(-0.00388656481562352,0.0172938971337715,-0.0222619940055312));
#9676=CARTESIAN_POINT('',(-0.00397372055837118,0.0166827549630852,-0.0214752862302328));
#9677=CARTESIAN_POINT('',(-0.00537067978402156,0.0199552758456354,-0.0200947664348201));
#9678=CARTESIAN_POINT('',(-0.00681583549763785,0.0196054424388456,-0.0206203576301348));
#9679=CARTESIAN_POINT('',(-0.00632386093055365,0.018753317492624,-0.0193879012799684));
#9680=CARTESIAN_POINT('',(-0.00490186163729751,0.019114707333444,-0.0208716952321308));
#9681=CARTESIAN_POINT('',(-0.00631939421331,0.0187455809114148,-0.0213782597220623));
#9682=CARTESIAN_POINT('',(-0.00585504278382994,0.0179413006429883,-0.0201364766100305));
#9683=CARTESIAN_POINT('',(-0.00440585794309234,0.0182252676015572,-0.0215960028870771));
#9684=CARTESIAN_POINT('',(-0.00579105141030419,0.0178304643328042,-0.0220893726747394));
#9685=CARTESIAN_POINT('',(-0.00535903908962171,0.0170821970438778,-0.020834098201751));
#9686=CARTESIAN_POINT('',(-0.00388656481562351,0.0172938971337715,-0.0222619940055311));
#9687=CARTESIAN_POINT('',(-0.00523209341287119,0.0168623206819447,-0.0227463226544039));
#9688=CARTESIAN_POINT('',(-0.00483974596215561,0.0161827549630851,-0.0214752862302328));
#9689=CARTESIAN_POINT('',(-0.00545783552676922,0.019253317492624,-0.0193879012799684));
#9690=CARTESIAN_POINT('',(-0.0090331920340603,0.0256073596386449,-0.0168875275792127));
#9691=CARTESIAN_POINT('',(-0.00998028706046223,0.0250864333237481,-0.0169720718399421));
#9692=CARTESIAN_POINT('',(-0.00984137748154252,0.0248458348754012,-0.0159240654171818));
#9693=CARTESIAN_POINT('',(-0.00836962313614064,0.0245784836768057,-0.017206644769802));
#9694=CARTESIAN_POINT('',(-0.00936029291072747,0.0240125719560516,-0.0173710862218404));
#9695=CARTESIAN_POINT('',(-0.00920007523578335,0.0237350668027383,-0.0162640748793611));
#9696=CARTESIAN_POINT('',(-0.00709539864456176,0.0226070616789119,-0.0180497044914426));
#9697=CARTESIAN_POINT('',(-0.00818402570945625,0.0219752174000797,-0.0184187435743801));
#9698=CARTESIAN_POINT('',(-0.00797217534654865,0.0216082818079756,-0.0171697425887764));
#9699=CARTESIAN_POINT('',(-0.00591610509181963,0.0207918034371457,-0.0193312960913375));
#9700=CARTESIAN_POINT('',(-0.00723274563331656,0.0203275519761023,-0.0198272586162659));
#9701=CARTESIAN_POINT('',(-0.00684344972460991,0.0196532716829729,-0.0185582590089574));
#9702=CARTESIAN_POINT('',(-0.00537067978402152,0.0199552758456353,-0.0200947664348203));
#9703=CARTESIAN_POINT('',(-0.00681583549763781,0.0196054424388454,-0.0206203576301349));
#9704=CARTESIAN_POINT('',(-0.00632386093055361,0.0187533174926239,-0.0193879012799685));
#9705=CARTESIAN_POINT('',(-0.00897535207775806,0.0253458348754011,-0.0159240654171818));
#9706=CARTESIAN_POINT('',(-0.00999757191323725,0.0270138499510102,-0.0165184353570759));
#9707=CARTESIAN_POINT('',(-0.0108427262680079,0.0264608754407633,-0.0165283648223943));
#9708=CARTESIAN_POINT('',(-0.0107465991718451,0.0263145103680729,-0.0155336276040639));
#9709=CARTESIAN_POINT('',(-0.00965916008594628,0.0265489055040021,-0.0166192696365729));
#9710=CARTESIAN_POINT('',(-0.0105340182487829,0.0259970795290803,-0.0166550936967718));
#9711=CARTESIAN_POINT('',(-0.0104279188457941,0.0258292812188595,-0.0156392262402269));
#9712=CARTESIAN_POINT('',(-0.00933781859017996,0.0260796888002639,-0.0167410294971682));
#9713=CARTESIAN_POINT('',(-0.0102472485444966,0.0255383997322765,-0.0168025279523968));
#9714=CARTESIAN_POINT('',(-0.0101262850989,0.0253393093441276,-0.0157679762585546));
#9715=CARTESIAN_POINT('',(-0.0090331920340603,0.0256073596386449,-0.0168875275792127));
#9716=CARTESIAN_POINT('',(-0.00998028706046223,0.025086433323748,-0.0169720718399422));
#9717=CARTESIAN_POINT('',(-0.00984137748154251,0.0248458348754011,-0.0159240654171818));
#9718=CARTESIAN_POINT('',(-0.00991074782440292,0.0268634662178285,-0.015533627604064));
#9719=CARTESIAN_POINT('',(-0.0129609975410705,0.0308382638514826,-0.0156731674690069));
#9720=CARTESIAN_POINT('',(-0.0137328846794264,0.0301459791819806,-0.0157108295969094));
#9721=CARTESIAN_POINT('',(-0.0136144304245867,0.0300155560782086,-0.0146883597159947));
#9722=CARTESIAN_POINT('',(-0.0118756180582274,0.0296432155088702,-0.0159513465500424));
#9723=CARTESIAN_POINT('',(-0.0126808041087824,0.0290011789388087,-0.0159783998616995));
#9724=CARTESIAN_POINT('',(-0.0125640631831265,0.0288590576821222,-0.0149665387970314));
#9725=CARTESIAN_POINT('',(-0.0108837895416111,0.0283632229454508,-0.0162342491434799));
#9726=CARTESIAN_POINT('',(-0.0117125326562089,0.0277685726281133,-0.0162519895286536));
#9727=CARTESIAN_POINT('',(-0.0116042291347867,0.0276203552014043,-0.0152494413904684));
#9728=CARTESIAN_POINT('',(-0.00999757191323752,0.0270138499510091,-0.016518435357076));
#9729=CARTESIAN_POINT('',(-0.0108427262680074,0.0264608754407626,-0.0165283648223936));
#9730=CARTESIAN_POINT('',(-0.0107465991718451,0.0263145103680729,-0.0155336276040638));
#9731=CARTESIAN_POINT('',(-0.0128741734522371,0.0306878801183022,-0.0146883597159948));
#9732=CARTESIAN_POINT('',(-0.0136144304245867,0.0300155560782086,-0.0146883597159948));
#9733=CARTESIAN_POINT('',(-0.0137328846794264,0.0301459791819806,-0.0157108295969094));
#9734=CARTESIAN_POINT('',(-0.0129609975410705,0.0308382638514826,-0.015673167469007));
#9735=CARTESIAN_POINT('',(-0.0142143255099755,0.0306760657330106,-0.0145858589985281));
#9736=CARTESIAN_POINT('',(-0.0142810660291985,0.0308255013385172,-0.0155587345058305));
#9737=CARTESIAN_POINT('',(-0.0133609275979852,0.0312786036213623,-0.0155706667515397));
#9738=CARTESIAN_POINT('',(-0.0147750988489021,0.0325606360238109,-0.014361045340599));
#9739=CARTESIAN_POINT('',(-0.0147292038692128,0.0326535875964881,-0.0152400696753402));
#9740=CARTESIAN_POINT('',(-0.0137347764906251,0.032534983815221,-0.015345853093611));
#9741=CARTESIAN_POINT('',(-0.0136663886586956,0.0341844690264111,-0.0142609003688253));
#9742=CARTESIAN_POINT('',(-0.0136282787173237,0.034206471811291,-0.0151000000000059));
#9743=CARTESIAN_POINT('',(-0.0129956363637991,0.0336175391502657,-0.0152457081218387));
#9744=CARTESIAN_POINT('',(-0.0128936595075378,0.0346306044098427,-0.0142609003688227));
#9745=CARTESIAN_POINT('',(-0.0128936595075378,0.0346306044098427,-0.0151));
#9746=CARTESIAN_POINT('',(-0.0124804835963713,0.0339149627392387,-0.0152457081218349));
#9747=CARTESIAN_POINT('',(-0.0123936595075378,0.0337645790060582,-0.0142609003688227));
#9748=CARTESIAN_POINT('',(-0.0123936595075378,0.0337645790060582,-0.0142609003688227));
#9749=CARTESIAN_POINT('',(-0.0110539399466027,0.0345380664552027,-0.0142609003688227));
#9750=CARTESIAN_POINT('',(-0.00158386456538798,0.0255434029604653,-0.0164693331665402));
#9751=CARTESIAN_POINT('',(-0.00167068865422119,0.0256937866936452,-0.0174541409195531));
#9752=CARTESIAN_POINT('',(-0.00253671405800612,0.0251937866936448,-0.0174541409195525));
#9753=CARTESIAN_POINT('',(-0.000822661590503651,0.024224960733093,-0.0167377744117843));
#9754=CARTESIAN_POINT('',(-0.0009631430586078,0.0244682817733318,-0.0176347321695117));
#9755=CARTESIAN_POINT('',(-0.00174955986277786,0.023970925941907,-0.0177102744745594));
#9756=CARTESIAN_POINT('',(0.000641758872584483,0.0216885100873808,-0.0175761829748894));
#9757=CARTESIAN_POINT('',(0.000425173312236288,0.0220636472821058,-0.018281065861193));
#9758=CARTESIAN_POINT('',(-0.00023020354306766,0.0216161221098555,-0.018496517801496));
#9759=CARTESIAN_POINT('',(0.00201276199591938,0.0193138630204291,-0.0190516814610843));
#9760=CARTESIAN_POINT('',(0.00181783528112834,0.0196514859942043,-0.0196315013684362));
#9761=CARTESIAN_POINT('',(0.00120329523598942,0.0194064924973497,-0.0198621447353695));
#9762=CARTESIAN_POINT('',(0.002634506859668,0.0182369693270716,-0.0199458795093494));
#9763=CARTESIAN_POINT('',(0.00244555688625536,0.018564240281111,-0.0204713947479718));
#9764=CARTESIAN_POINT('',(0.00185677251875448,0.0184029816477255,-0.0206865766653817));
#9765=CARTESIAN_POINT('',(0.000261098780048697,0.0223478327080667,-0.0174595530195563));
#9766=CARTESIAN_POINT('',(0.000994136734169601,0.0210781737276525,-0.0184539973918872));
#9767=CARTESIAN_POINT('',(0.00146148854694013,0.0197465157262452,-0.0195335747897657));
#9768=CARTESIAN_POINT('',(0.00183336175319124,0.0184389340770735,-0.0206571352645281));
#9769=CARTESIAN_POINT('',(-0.00244988996917243,0.0250434029604653,-0.0164693331665402));
#9770=CARTESIAN_POINT('',(-0.0115539399466027,0.0354040918589872,-0.0142609003688227));
#9771=CARTESIAN_POINT('',(-0.0115539399466027,0.0354040918589872,-0.0151));
#9772=CARTESIAN_POINT('',(-0.0111407640354362,0.0346884501883832,-0.0152457081218349));
#9773=CARTESIAN_POINT('',(-0.0109622023963827,0.0357457316928963,-0.0142609003688247));
#9774=CARTESIAN_POINT('',(-0.0109913860803388,0.0357288824850838,-0.0151000000000045));
#9775=CARTESIAN_POINT('',(-0.0107462723352817,0.0349162100776397,-0.0152457081218381));
#9776=CARTESIAN_POINT('',(-0.00953843606850784,0.0360068692620693,-0.014317998735716));
#9777=CARTESIAN_POINT('',(-0.00962666944899158,0.0360007826360563,-0.0151787980375268));
#9778=CARTESIAN_POINT('',(-0.00979709478337185,0.0350903017904506,-0.0153028064887279));
#9779=CARTESIAN_POINT('',(-0.00826864792837402,0.0353119293556155,-0.0144633779430414));
#9780=CARTESIAN_POINT('',(-0.00838791784122415,0.035390583698731,-0.0153811903046563));
#9781=CARTESIAN_POINT('',(-0.00895056935662694,0.0346270085194594,-0.015448185696053));
#9782=CARTESIAN_POINT('',(-0.00781409242141048,0.0348017819325205,-0.0145420289902918));
#9783=CARTESIAN_POINT('',(-0.00792336338552851,0.0349244166820944,-0.01549333244939));
#9784=CARTESIAN_POINT('',(-0.00864753235197468,0.0342869102374054,-0.015526836743304));
#9785=CARTESIAN_POINT('',(-0.00856070826314122,0.0341365265042249,-0.0145420289902918));
#9786=CARTESIAN_POINT('',(-0.000604798010248056,0.0218476099429714,-0.0171200121550334));
#9787=CARTESIAN_POINT('',(-0.00384639724294033,0.0294622030670379,-0.0156761476011145));
#9788=CARTESIAN_POINT('',(-0.00387031202468987,0.0295011854562427,-0.0159355145754564));
#9789=CARTESIAN_POINT('',(-0.00410130378570929,0.0294678844929935,-0.0164433213216881));
#9790=CARTESIAN_POINT('',(-0.00456915845107552,0.0292333950403111,-0.016658090610349));
#9791=CARTESIAN_POINT('',(-0.00479232593289155,0.029100621063103,-0.016658690456455));
#9792=CARTESIAN_POINT('',(-0.00781409242141047,0.0348017819325206,-0.0145420289902918));
#9793=CARTESIAN_POINT('',(-0.0079233633855285,0.0349244166820945,-0.0154933324493899));
#9794=CARTESIAN_POINT('',(-0.00864753235197467,0.0342869102374054,-0.015526836743304));
#9795=CARTESIAN_POINT('',(-0.00632812022889659,0.0331340760678052,-0.0149174212836878));
#9796=CARTESIAN_POINT('',(-0.00642517903839704,0.0332577789666701,-0.0158799192640912));
#9797=CARTESIAN_POINT('',(-0.00720117200288264,0.0326636607252107,-0.0159022290367046));
#9798=CARTESIAN_POINT('',(-0.00499152037625992,0.0313333259991313,-0.0152997702022212));
#9799=CARTESIAN_POINT('',(-0.00508343856272143,0.031463903956389,-0.0162721430397513));
#9800=CARTESIAN_POINT('',(-0.00590020214679358,0.0309109135936686,-0.0162845779552276));
#9801=CARTESIAN_POINT('',(-0.0038255161897349,0.0294281251055249,-0.0156830045826536));
#9802=CARTESIAN_POINT('',(-0.00391573127188944,0.0295755326852952,-0.0166634533657917));
#9803=CARTESIAN_POINT('',(-0.00476528035568955,0.029056500002726,-0.0166678123356658));
#9804=CARTESIAN_POINT('',(-0.00158386456538106,-0.0255434029604533,0.0164693331665426));
#9805=CARTESIAN_POINT('',(-0.00167068865421453,-0.0256937866936337,0.0174541409195549));
#9806=CARTESIAN_POINT('',(-0.00253671405799897,-0.0251937866936337,0.0174541409195549));
#9807=CARTESIAN_POINT('',(-0.000822661590487896,-0.0242249607330657,0.016737774411781));
#9808=CARTESIAN_POINT('',(-0.000963143058595731,-0.0244682817733383,0.017634732169491));
#9809=CARTESIAN_POINT('',(-0.0017495598627543,-0.0239709259418885,0.0177102744745653));
#9810=CARTESIAN_POINT('',(0.000641758872584991,-0.0216885100873799,0.0175761829748916));
#9811=CARTESIAN_POINT('',(0.000425173312242978,-0.0220636472820877,0.0182810658612072));
#9812=CARTESIAN_POINT('',(-0.000230203543070364,-0.0216161221098548,0.0184965178014973));
#9813=CARTESIAN_POINT('',(0.00201276199591558,-0.0193138630204357,0.0190516814610938));
#9814=CARTESIAN_POINT('',(0.00181783528112343,-0.0196514859942007,0.0196315013684393));
#9815=CARTESIAN_POINT('',(0.00120329523598478,-0.0194064924973487,0.0198621447353709));
#9816=CARTESIAN_POINT('',(0.00263450685966796,-0.0182369693270716,0.0199458795093493));
#9817=CARTESIAN_POINT('',(0.00244555688625533,-0.0185642402811111,0.0204713947479718));
#9818=CARTESIAN_POINT('',(0.00185677251875445,-0.0184029816477255,0.0206865766653816));
#9819=CARTESIAN_POINT('',(0.000261098780048695,-0.0223478327080667,0.0174595530195563));
#9820=CARTESIAN_POINT('',(0.000994136734169524,-0.0210781737276525,0.0184539973918872));
#9821=CARTESIAN_POINT('',(0.00146148854691801,-0.0197465157262429,0.0195335747897703));
#9822=CARTESIAN_POINT('',(0.00183336175319124,-0.0184389340770735,0.0206571352645281));
#9823=CARTESIAN_POINT('',(-0.0024498899691655,-0.0250434029604533,0.0164693331665426));
#9824=CARTESIAN_POINT('',(-0.00912538826811023,-0.0366057051800651,0.0141151922469878));
#9825=CARTESIAN_POINT('',(-0.00478540008917808,-0.0290893358819379,0.0166610242871884));
#9826=CARTESIAN_POINT('',(-0.00450187468055361,-0.029262930441131,0.0166593924315728));
#9827=CARTESIAN_POINT('',(-0.00399746598693249,-0.0295011577250319,0.0163236601122124));
#9828=CARTESIAN_POINT('',(-0.00386340659932994,-0.029489908868173,0.015862937933926));
#9829=CARTESIAN_POINT('',(-0.00384619622703485,-0.0294618549149672,0.0156762165475203));
#9830=CARTESIAN_POINT('',(-0.00781409242141046,-0.0348017819325206,0.0145420289902918));
#9831=CARTESIAN_POINT('',(-0.0079233633855285,-0.0349244166820945,0.0154933324493899));
#9832=CARTESIAN_POINT('',(-0.00864753235197466,-0.0342869102374054,0.015526836743304));
#9833=CARTESIAN_POINT('',(-0.0063368937084292,-0.0331439225395927,0.0149152048918788));
#9834=CARTESIAN_POINT('',(-0.00643406783192633,-0.0332676672014274,0.0158776256275468));
#9835=CARTESIAN_POINT('',(-0.00720971160609871,-0.0326732447177286,0.0159000126448909));
#9836=CARTESIAN_POINT('',(-0.00500730367670806,-0.0313545889334201,0.0152952554115287));
#9837=CARTESIAN_POINT('',(-0.00509935998370223,-0.0314851896855979,0.016267488943281));
#9838=CARTESIAN_POINT('',(-0.00591556470880295,-0.0309316097178721,0.0162800631645438));
#9839=CARTESIAN_POINT('',(-0.00384618695315927,-0.0294618602791857,0.0156762165963594));
#9840=CARTESIAN_POINT('',(-0.00393653849269005,-0.0296091417232953,0.016656486705985));
#9841=CARTESIAN_POINT('',(-0.00478540009464093,-0.0290893358914448,0.0166610243493716));
#9842=CARTESIAN_POINT('',(-0.00856070826314122,-0.0341365265042249,0.0145420289902918));
#9843=CARTESIAN_POINT('',(-0.0115539399466027,-0.0354040918589872,0.0142609003688227));
#9844=CARTESIAN_POINT('',(-0.0115539399466027,-0.0354040918589872,0.0151));
#9845=CARTESIAN_POINT('',(-0.0111407640354362,-0.0346884501883832,0.0152457081218349));
#9846=CARTESIAN_POINT('',(-0.0109622023963827,-0.0357457316928963,0.0142609003688247));
#9847=CARTESIAN_POINT('',(-0.0109913860803388,-0.0357288824850838,0.0151000000000045));
#9848=CARTESIAN_POINT('',(-0.0107462723352817,-0.0349162100776397,0.0152457081218381));
#9849=CARTESIAN_POINT('',(-0.00953843606850784,-0.0360068692620693,0.014317998735716));
#9850=CARTESIAN_POINT('',(-0.00962666944899158,-0.0360007826360563,0.0151787980375268));
#9851=CARTESIAN_POINT('',(-0.00979709478337185,-0.0350903017904506,0.0153028064887279));
#9852=CARTESIAN_POINT('',(-0.00826864792837402,-0.0353119293556155,0.0144633779430414));
#9853=CARTESIAN_POINT('',(-0.00838791784122415,-0.035390583698731,0.0153811903046563));
#9854=CARTESIAN_POINT('',(-0.00895056935662694,-0.0346270085194594,0.015448185696053));
#9855=CARTESIAN_POINT('',(-0.00781409242141048,-0.0348017819325205,0.0145420289902918));
#9856=CARTESIAN_POINT('',(-0.00792336338552851,-0.0349244166820944,0.01549333244939));
#9857=CARTESIAN_POINT('',(-0.00864753235197468,-0.0342869102374054,0.015526836743304));
#9858=CARTESIAN_POINT('',(-0.0110539399466027,-0.0345380664552027,0.0142609003688227));
#9859=CARTESIAN_POINT('',(-0.0123936595075378,-0.0337645790060582,0.0142609003688227));
#9860=CARTESIAN_POINT('',(-0.0123936595075378,-0.0337645790060582,0.0142609003688227));
#9861=CARTESIAN_POINT('',(-0.0136144304245867,-0.0300155560782086,0.0146883597159947));
#9862=CARTESIAN_POINT('',(-0.0137328846794264,-0.0301459791819806,0.0157108295969094));
#9863=CARTESIAN_POINT('',(-0.0129609975410705,-0.0308382638514826,0.015673167469007));
#9864=CARTESIAN_POINT('',(-0.0142143255099768,-0.0306760657330121,0.014585858998526));
#9865=CARTESIAN_POINT('',(-0.014281066029198,-0.0308255013385254,0.0155587345058311));
#9866=CARTESIAN_POINT('',(-0.0133609275979849,-0.0312786036213628,0.0155706667515397));
#9867=CARTESIAN_POINT('',(-0.0147750988489015,-0.0325606360238102,0.0143610453406001));
#9868=CARTESIAN_POINT('',(-0.0147292038692128,-0.0326535875964829,0.0152400696753401));
#9869=CARTESIAN_POINT('',(-0.0137347764906253,-0.0325349838152207,0.015345853093611));
#9870=CARTESIAN_POINT('',(-0.0136663886586956,-0.0341844690264111,0.0142609003688253));
#9871=CARTESIAN_POINT('',(-0.0136282787173237,-0.034206471811291,0.0151000000000059));
#9872=CARTESIAN_POINT('',(-0.0129956363637991,-0.0336175391502657,0.0152457081218387));
#9873=CARTESIAN_POINT('',(-0.0128936595075378,-0.0346306044098427,0.0142609003688227));
#9874=CARTESIAN_POINT('',(-0.0128936595075378,-0.0346306044098427,0.0151));
#9875=CARTESIAN_POINT('',(-0.0124804835963713,-0.0339149627392387,0.0152457081218349));
#9876=CARTESIAN_POINT('',(-0.0128741734522371,-0.0306878801183022,0.0146883597159948));
#9877=CARTESIAN_POINT('',(-0.0129609975410705,-0.0308382638514826,0.015673167469007));
#9878=CARTESIAN_POINT('',(-0.0137328846794264,-0.0301459791819806,0.0157108295969094));
#9879=CARTESIAN_POINT('',(-0.0136144304245867,-0.0300155560782086,0.0146883597159947));
#9880=CARTESIAN_POINT('',(-0.0118756180582358,-0.0296432155088672,0.0159513465500421));
#9881=CARTESIAN_POINT('',(-0.0126808041087912,-0.029001178938799,0.0159783998616944));
#9882=CARTESIAN_POINT('',(-0.0125640631831371,-0.0288590576821338,0.0149665387970257));
#9883=CARTESIAN_POINT('',(-0.01088378954161,-0.0283632229454433,0.0162342491434811));
#9884=CARTESIAN_POINT('',(-0.0117125326561986,-0.0277685726281043,0.0162519895286487));
#9885=CARTESIAN_POINT('',(-0.0116042291347831,-0.0276203552013989,0.0152494413904676));
#9886=CARTESIAN_POINT('',(-0.00999757191323724,-0.0270138499510087,0.0165184353570761));
#9887=CARTESIAN_POINT('',(-0.0108427262680072,-0.0264608754407622,0.0165283648223937));
#9888=CARTESIAN_POINT('',(-0.0107465991718448,-0.0263145103680725,0.0155336276040639));
#9889=CARTESIAN_POINT('',(-0.0099107478244038,-0.0268634662178283,0.015533627604064));
#9890=CARTESIAN_POINT('',(-0.00999757191323699,-0.0270138499510098,0.016518435357076));
#9891=CARTESIAN_POINT('',(-0.0108427262680077,-0.0264608754407629,0.0165283648223944));
#9892=CARTESIAN_POINT('',(-0.0107465991718448,-0.0263145103680725,0.015533627604064));
#9893=CARTESIAN_POINT('',(-0.00965916008594654,-0.0265489055040077,0.016619269636572));
#9894=CARTESIAN_POINT('',(-0.0105340182487774,-0.025997079529088,0.0166550936967544));
#9895=CARTESIAN_POINT('',(-0.0104279188457935,-0.0258292812188586,0.0156392262402138));
#9896=CARTESIAN_POINT('',(-0.00933781859019166,-0.026079688800265,0.0167410294971672));
#9897=CARTESIAN_POINT('',(-0.0102472485444972,-0.0255383997322756,0.0168025279523635));
#9898=CARTESIAN_POINT('',(-0.0101262850989007,-0.025339309344129,0.0157679762585335));
#9899=CARTESIAN_POINT('',(-0.00903319203406031,-0.0256073596386449,0.0168875275792127));
#9900=CARTESIAN_POINT('',(-0.00998028706046225,-0.0250864333237481,0.0169720718399422));
#9901=CARTESIAN_POINT('',(-0.00984137748154254,-0.0248458348754012,0.0159240654171818));
#9902=CARTESIAN_POINT('',(-0.00897535207775809,-0.0253458348754012,0.0159240654171818));
#9903=CARTESIAN_POINT('',(-0.00903319203406028,-0.0256073596386449,0.0168875275792127));
#9904=CARTESIAN_POINT('',(-0.00998028706046221,-0.025086433323748,0.0169720718399422));
#9905=CARTESIAN_POINT('',(-0.00984137748154249,-0.0248458348754011,0.0159240654171818));
#9906=CARTESIAN_POINT('',(-0.00836962313619129,-0.0245784836769112,0.0172066447697704));
#9907=CARTESIAN_POINT('',(-0.00936029291077953,-0.0240125719561454,0.017371086221744));
#9908=CARTESIAN_POINT('',(-0.00920007523583957,-0.0237350668028356,0.0162640748792714));
#9909=CARTESIAN_POINT('',(-0.00709539864453493,-0.0226070616788573,0.01804970449146));
#9910=CARTESIAN_POINT('',(-0.0081840257094311,-0.0219752174000332,0.0184187435744346));
#9911=CARTESIAN_POINT('',(-0.00797217534652054,-0.0216082818079269,0.0171697425888212));
#9912=CARTESIAN_POINT('',(-0.00591610509182263,-0.0207918034371493,0.0193312960913342));
#9913=CARTESIAN_POINT('',(-0.00723274563331571,-0.0203275519761029,0.0198272586162547));
#9914=CARTESIAN_POINT('',(-0.00684344972460991,-0.0196532716829729,0.0185582590089574));
#9915=CARTESIAN_POINT('',(-0.00537067978402152,-0.0199552758456353,0.0200947664348203));
#9916=CARTESIAN_POINT('',(-0.00681583549763781,-0.0196054424388454,0.0206203576301349));
#9917=CARTESIAN_POINT('',(-0.00632386093055361,-0.0187533174926239,0.0193879012799685));
#9918=CARTESIAN_POINT('',(-0.00545783552676929,-0.0192533174926241,0.0193879012799688));
#9919=CARTESIAN_POINT('',(-0.00537067978402156,-0.0199552758456354,0.0200947664348201));
#9920=CARTESIAN_POINT('',(-0.00681583549763785,-0.0196054424388456,0.0206203576301348));
#9921=CARTESIAN_POINT('',(-0.00632386093055365,-0.018753317492624,0.0193879012799684));
#9922=CARTESIAN_POINT('',(-0.00490186163729751,-0.019114707333444,0.0208716952321308));
#9923=CARTESIAN_POINT('',(-0.00631939421331,-0.0187455809114148,0.0213782597220623));
#9924=CARTESIAN_POINT('',(-0.00585504278382994,-0.0179413006429883,0.0201364766100305));
#9925=CARTESIAN_POINT('',(-0.00440585794309234,-0.0182252676015572,0.0215960028870771));
#9926=CARTESIAN_POINT('',(-0.00579105141030419,-0.0178304643328042,0.0220893726747394));
#9927=CARTESIAN_POINT('',(-0.00535903908962171,-0.0170821970438778,0.020834098201751));
#9928=CARTESIAN_POINT('',(-0.00388656481562351,-0.0172938971337715,0.0222619940055311));
#9929=CARTESIAN_POINT('',(-0.00523209341287119,-0.0168623206819447,0.0227463226544039));
#9930=CARTESIAN_POINT('',(-0.00483974596215561,-0.0161827549630851,0.0214752862302328));
#9931=CARTESIAN_POINT('',(-0.00397372055837118,-0.0166827549630852,0.0214752862302328));
#9932=CARTESIAN_POINT('',(-0.0035,-0.0111827549630851,0.0246465504172136));
#9933=CARTESIAN_POINT('',(-0.0035,-0.011633665743554,0.0256403480387458));
#9934=CARTESIAN_POINT('',(-0.00241284425725234,-0.0115943662795693,0.0255537328689003));
#9935=CARTESIAN_POINT('',(-0.0035,-0.0120983023988569,0.0241896030264388));
#9936=CARTESIAN_POINT('',(-0.00354215312893091,-0.0126200556857473,0.0251968480835159));
#9937=CARTESIAN_POINT('',(-0.00241284425955529,-0.0126385375584467,0.0250799663032729));
#9938=CARTESIAN_POINT('',(-0.00374469665335819,-0.0138436997412332,0.0231972575746716));
#9939=CARTESIAN_POINT('',(-0.00391996040685827,-0.0145256478620217,0.0242275284384679));
#9940=CARTESIAN_POINT('',(-0.0026820105747152,-0.0146287766491451,0.0240503025742228));
#9941=CARTESIAN_POINT('',(-0.00441273946887224,-0.0154431580215565,0.0220552488396945));
#9942=CARTESIAN_POINT('',(-0.00473992159009637,-0.0161380893985615,0.023226032457982));
#9943=CARTESIAN_POINT('',(-0.00341685767317117,-0.0164514608713088,0.0228643913201533));
#9944=CARTESIAN_POINT('',(-0.00483974596215562,-0.0161827549630851,0.0214752862302328));
#9945=CARTESIAN_POINT('',(-0.00523209341287122,-0.0168623206819447,0.0227463226544039));
#9946=CARTESIAN_POINT('',(-0.00388656481562352,-0.0172938971337715,0.0222619940055312));
#9947=CARTESIAN_POINT('',(-0.0025,-0.0111827549630851,0.0246465504172136));
#9948=CARTESIAN_POINT('',(-0.0025,0.,0.));
#9949=CARTESIAN_POINT('',(-0.0025,0.0111827549630851,0.0246465504172136));
#9950=CARTESIAN_POINT('',(-0.00483974596215573,0.0161827549630853,0.0214752862302327));
#9951=CARTESIAN_POINT('',(-0.00523209341287134,0.0168623206819449,0.0227463226544038));
#9952=CARTESIAN_POINT('',(-0.00388656481562364,0.0172938971337717,0.022261994005531));
#9953=CARTESIAN_POINT('',(-0.00441293494749154,0.015443496600457,0.0220549833395181));
#9954=CARTESIAN_POINT('',(-0.00474013716723982,0.0161384066196976,0.0232258223397842));
#9955=CARTESIAN_POINT('',(-0.00341707270003403,0.0164518465287369,0.0228641155497865));
#9956=CARTESIAN_POINT('',(-0.0037540250433476,0.0138783888487007,0.0231751913578919));
#9957=CARTESIAN_POINT('',(-0.00393186243184939,0.0145621194785272,0.0242072765309715));
#9958=CARTESIAN_POINT('',(-0.00269227180385138,0.0146683203413036,0.0240273969226852));
#9959=CARTESIAN_POINT('',(-0.0035,0.0120976563739957,0.0241899254561038));
#9960=CARTESIAN_POINT('',(-0.00354212275784054,0.0126193450145844,0.0251971676152533));
#9961=CARTESIAN_POINT('',(-0.00241284425887798,0.0126378007744083,0.0250803006005121));
#9962=CARTESIAN_POINT('',(-0.0035,0.0111827549630851,0.0246465504172136));
#9963=CARTESIAN_POINT('',(-0.0035,0.011633665743554,0.0256403480387458));
#9964=CARTESIAN_POINT('',(-0.00241284425725234,0.0115943662795693,0.0255537328689003));
#9965=CARTESIAN_POINT('',(-0.00397372055837118,0.0166827549630852,0.0214752862302328));
#9966=CARTESIAN_POINT('',(-0.00388656481562351,0.0172938971337715,0.0222619940055311));
#9967=CARTESIAN_POINT('',(-0.0052320934128712,0.0168623206819447,0.0227463226544039));
#9968=CARTESIAN_POINT('',(-0.00483974596215561,0.0161827549630851,0.0214752862302328));
#9969=CARTESIAN_POINT('',(-0.00440585794309115,0.0182252676015569,0.0215960028870772));
#9970=CARTESIAN_POINT('',(-0.0057910514103177,0.0178304643328145,0.0220893726747336));
#9971=CARTESIAN_POINT('',(-0.00535903908962083,0.0170821970438762,0.0208340982017493));
#9972=CARTESIAN_POINT('',(-0.00490186163729874,0.0191147073334489,0.0208716952321266));
#9973=CARTESIAN_POINT('',(-0.00631939421331238,0.0187455809114206,0.0213782597220602));
#9974=CARTESIAN_POINT('',(-0.00585504278383055,0.0179413006429893,0.0201364766100223));
#9975=CARTESIAN_POINT('',(-0.00537067978402507,0.0199552758456417,0.0200947664348143));
#9976=CARTESIAN_POINT('',(-0.00681583549764162,0.0196054424388521,0.0206203576301291));
#9977=CARTESIAN_POINT('',(-0.00632386093055717,0.0187533174926301,0.0193879012799627));
#9978=CARTESIAN_POINT('',(-0.00545783552677273,0.0192533174926301,0.0193879012799628));
#9979=CARTESIAN_POINT('',(-0.00537067978402537,0.0199552758456413,0.0200947664348153));
#9980=CARTESIAN_POINT('',(-0.00681583549764094,0.0196054424388509,0.0206203576301296));
#9981=CARTESIAN_POINT('',(-0.0063238609305573,0.0187533174926303,0.0193879012799631));
#9982=CARTESIAN_POINT('',(-0.00591493826925732,0.0207900138625795,0.0193329293753111));
#9983=CARTESIAN_POINT('',(-0.00723189382167592,0.0203260765950642,0.0198288790395252));
#9984=CARTESIAN_POINT('',(-0.00684233817380084,0.0196513464204964,0.01856003385378));
#9985=CARTESIAN_POINT('',(-0.00707787205448598,0.0225800012949764,0.0180643152216067));
#9986=CARTESIAN_POINT('',(-0.00816841291055921,0.0219481752391276,0.0184357666354601));
#9987=CARTESIAN_POINT('',(-0.00795533231983269,0.0215791088299503,0.0171855089852041));
#9988=CARTESIAN_POINT('',(-0.00837099449812172,0.0245806099992271,0.0172059852675299));
#9989=CARTESIAN_POINT('',(-0.00936161751993378,0.0240148662465213,0.0173702337325405));
#9990=CARTESIAN_POINT('',(-0.00920140058046079,0.0237373623670571,0.016263372199798));
#9991=CARTESIAN_POINT('',(-0.0090331920340603,0.0256073596386449,0.0168875275792127));
#9992=CARTESIAN_POINT('',(-0.00998028706046223,0.0250864333237481,0.0169720718399421));
#9993=CARTESIAN_POINT('',(-0.00984137748154252,0.0248458348754012,0.0159240654171818));
#9994=CARTESIAN_POINT('',(-0.00897535207775809,0.0253458348754012,0.0159240654171818));
#9995=CARTESIAN_POINT('',(-0.00903319203406032,0.0256073596386449,0.0168875275792127));
#9996=CARTESIAN_POINT('',(-0.00998028706046224,0.0250864333237481,0.0169720718399421));
#9997=CARTESIAN_POINT('',(-0.00984137748154253,0.0248458348754012,0.0159240654171818));
#9998=CARTESIAN_POINT('',(-0.00933781859019515,0.0260796888002643,0.0167410294971672));
#9999=CARTESIAN_POINT('',(-0.0102472485445104,0.0255383997322868,0.0168025279524157));
#10000=CARTESIAN_POINT('',(-0.0101262850989101,0.0253393093441452,0.0157679762585815));
#10001=CARTESIAN_POINT('',(-0.00965916008595104,0.0265489055040214,0.0166192696365691));
#10002=CARTESIAN_POINT('',(-0.0105340182487845,0.0259970795291112,0.0166550936967797));
#10003=CARTESIAN_POINT('',(-0.0104279188458047,0.0258292812188763,0.0156392262402406));
#10004=CARTESIAN_POINT('',(-0.00999757191324763,0.0270138499510244,0.0165184353570728));
#10005=CARTESIAN_POINT('',(-0.0108427262680173,0.0264608754407773,0.0165283648223904));
#10006=CARTESIAN_POINT('',(-0.0107465991718548,0.0263145103680878,0.0155336276040606));
#10007=CARTESIAN_POINT('',(-0.00991074782441415,0.026863466217844,0.0155336276040606));
#10008=CARTESIAN_POINT('',(-0.00999757191324758,0.0270138499510244,0.0165184353570728));
#10009=CARTESIAN_POINT('',(-0.0108427262680173,0.0264608754407774,0.0165283648223904));
#10010=CARTESIAN_POINT('',(-0.0107465991718548,0.0263145103680878,0.0155336276040606));
#10011=CARTESIAN_POINT('',(-0.0108837895416122,0.0283632229454527,0.0162342491434795));
#10012=CARTESIAN_POINT('',(-0.0117125326562028,0.0277685726281111,0.0162519895286319));
#10013=CARTESIAN_POINT('',(-0.0116042291347896,0.0276203552014071,0.0152494413904663));
#10014=CARTESIAN_POINT('',(-0.0118756180582309,0.0296432155088735,0.0159513465500416));
#10015=CARTESIAN_POINT('',(-0.0126808041087888,0.0290011789387991,0.0159783998616995));
#10016=CARTESIAN_POINT('',(-0.0125640631831339,0.0288590576821303,0.0149665387970289));
#10017=CARTESIAN_POINT('',(-0.0129609975410706,0.0308382638514827,0.0156731674690069));
#10018=CARTESIAN_POINT('',(-0.0137328846794264,0.0301459791819807,0.0157108295969094));
#10019=CARTESIAN_POINT('',(-0.0136144304245867,0.0300155560782086,0.0146883597159947));
#10020=CARTESIAN_POINT('',(-0.0128741734522371,0.0306878801183022,0.0146883597159948));
#10021=CARTESIAN_POINT('',(-0.0128936595075378,0.0346306044098427,0.0142609003688227));
#10022=CARTESIAN_POINT('',(-0.0128936595075378,0.0346306044098427,0.0151));
#10023=CARTESIAN_POINT('',(-0.0124804835963713,0.0339149627392387,0.0152457081218349));
#10024=CARTESIAN_POINT('',(-0.0136663886586937,0.0341844690264121,0.0142609003688253));
#10025=CARTESIAN_POINT('',(-0.0136282787173211,0.0342064718112834,0.0151000000000059));
#10026=CARTESIAN_POINT('',(-0.0129956363637973,0.0336175391502638,0.0152457081218391));
#10027=CARTESIAN_POINT('',(-0.0147750988489021,0.0325606360238094,0.0143610453406001));
#10028=CARTESIAN_POINT('',(-0.0147292038692133,0.0326535875964872,0.015240069675341));
#10029=CARTESIAN_POINT('',(-0.0137347764906258,0.0325349838152215,0.0153458530936108));
#10030=CARTESIAN_POINT('',(-0.0142143255099773,0.0306760657330126,0.014585858998526));
#10031=CARTESIAN_POINT('',(-0.0142810660291999,0.030825501338526,0.0155587345058289));
#10032=CARTESIAN_POINT('',(-0.0133609275979856,0.031278603621363,0.0155706667515396));
#10033=CARTESIAN_POINT('',(-0.0136144304245867,0.0300155560782086,0.0146883597159947));
#10034=CARTESIAN_POINT('',(-0.0137328846794264,0.0301459791819806,0.0157108295969094));
#10035=CARTESIAN_POINT('',(-0.0129609975410705,0.0308382638514826,0.015673167469007));
#10036=CARTESIAN_POINT('',(-0.0123936595075378,0.0337645790060582,0.0142609003688227));
#10037=CARTESIAN_POINT('',(-0.0123936595075378,0.0337645790060582,0.0142609003688227));
#10038=CARTESIAN_POINT('',(-0.0110539399466027,0.0345380664552027,0.0142609003688227));
#10039=CARTESIAN_POINT('',(-0.00253671405799897,0.0251937866936337,0.0174541409195549));
#10040=CARTESIAN_POINT('',(-0.00167068865421453,0.0256937866936337,0.0174541409195549));
#10041=CARTESIAN_POINT('',(-0.00158386456538106,0.0255434029604533,0.0164693331665426));
#10042=CARTESIAN_POINT('',(-0.00174933985306939,0.0239705841521768,0.0177103460639217));
#10043=CARTESIAN_POINT('',(-0.000962952013306671,0.0244679508731851,0.0176347809311785));
#10044=CARTESIAN_POINT('',(-0.00082244883417621,0.0242245922283242,0.0167378494411552));
#10045=CARTESIAN_POINT('',(-0.000230495142884805,0.0216165760590785,0.0184964733707849));
#10046=CARTESIAN_POINT('',(0.000424953720146351,0.0220640276267572,0.0182810948009205));
#10047=CARTESIAN_POINT('',(0.000641476079777467,0.0216889998988906,0.0175761389040268));
#10048=CARTESIAN_POINT('',(0.00120284084176743,0.0194071902150999,0.0198615676129298));
#10049=CARTESIAN_POINT('',(0.00181738788544918,0.0196522609062426,0.0196308985080169));
#10050=CARTESIAN_POINT('',(0.00201232972802304,0.0193146117303881,0.0190510554510349));
#10051=CARTESIAN_POINT('',(0.00185678968822313,0.0184029552814723,0.0206865983265651));
#10052=CARTESIAN_POINT('',(0.00244557300356458,0.0185642123651126,0.0204714163130342));
#10053=CARTESIAN_POINT('',(0.00263452319539794,0.0182369410327573,0.0199459030035734));
#10054=CARTESIAN_POINT('',(0.000261098780040623,0.0223478327080807,0.0174595530195454));
#10055=CARTESIAN_POINT('',(0.000994136734186983,0.0210781737276362,0.0184539973918983));
#10056=CARTESIAN_POINT('',(0.00146148854521159,0.0197465157260369,0.0195335747902038));
#10057=CARTESIAN_POINT('',(0.00183336175323685,0.0184389340769926,0.020657135264596));
#10058=CARTESIAN_POINT('',(-0.0024498899691655,0.0250434029604533,0.0164693331665426));
#10059=CARTESIAN_POINT('',(-0.00781409242141048,0.0348017819325205,0.0145420289902918));
#10060=CARTESIAN_POINT('',(-0.00792336338552851,0.0349244166820944,0.01549333244939));
#10061=CARTESIAN_POINT('',(-0.00864753235197468,0.0342869102374054,0.015526836743304));
#10062=CARTESIAN_POINT('',(-0.00826864792837361,0.035311929355615,0.0144633779430403));
#10063=CARTESIAN_POINT('',(-0.00838791784122508,0.0353905836987252,0.0153811903046566));
#10064=CARTESIAN_POINT('',(-0.00895056935662666,0.0346270085194591,0.0154481856960531));
#10065=CARTESIAN_POINT('',(-0.00953843606851031,0.0360068692620682,0.0143179987357166));
#10066=CARTESIAN_POINT('',(-0.00962666944899364,0.0360007826360553,0.0151787980375277));
#10067=CARTESIAN_POINT('',(-0.00979709478337233,0.0350903017904476,0.0153028064887284));
#10068=CARTESIAN_POINT('',(-0.0109622023963781,0.0357457316928989,0.0142609003688247));
#10069=CARTESIAN_POINT('',(-0.0109913860803344,0.0357288824850918,0.0151000000000025));
#10070=CARTESIAN_POINT('',(-0.0107462723352811,0.034916210077646,0.0152457081218372));
#10071=CARTESIAN_POINT('',(-0.0115539399466027,0.0354040918589872,0.0142609003688227));
#10072=CARTESIAN_POINT('',(-0.0115539399466027,0.0354040918589872,0.0151));
#10073=CARTESIAN_POINT('',(-0.0111407640354362,0.0346884501883832,0.0152457081218349));
#10074=CARTESIAN_POINT('',(-0.00856070826314122,0.0341365265042249,0.0145420289902918));
#10075=CARTESIAN_POINT('',(0.00371957711980506,0.0143575725067322,0.0186450201752994));
#10076=CARTESIAN_POINT('',(-0.00384619622703485,0.0294618549149672,0.0156762165475202));
#10077=CARTESIAN_POINT('',(-0.00386340659932994,0.029489908868173,0.0158629379339259));
#10078=CARTESIAN_POINT('',(-0.00399746598693242,0.0295011577250319,0.0163236601122122));
#10079=CARTESIAN_POINT('',(-0.00450187468055356,0.029262930441131,0.0166593924315727));
#10080=CARTESIAN_POINT('',(-0.00478540008917807,0.0290893358819379,0.0166610242871884));
#10081=CARTESIAN_POINT('',(-0.00384618695315923,0.0294618602791857,0.0156762165963594));
#10082=CARTESIAN_POINT('',(-0.00393653849269001,0.0296091417232953,0.016656486705985));
#10083=CARTESIAN_POINT('',(-0.0047854000946409,0.0290893358914447,0.0166610243493716));
#10084=CARTESIAN_POINT('',(-0.0050073036767079,0.0313545889334199,0.0152952554115288));
#10085=CARTESIAN_POINT('',(-0.00509935998370204,0.0314851896856182,0.0162674889432567));
#10086=CARTESIAN_POINT('',(-0.00591556470880292,0.030931609717872,0.0162800631645438));
#10087=CARTESIAN_POINT('',(-0.00633689370843466,0.0331439225395988,0.0149152048918739));
#10088=CARTESIAN_POINT('',(-0.00643406783191781,0.0332676672014329,0.0158776256275718));
#10089=CARTESIAN_POINT('',(-0.00720971160610978,0.0326732447177254,0.0159000126448904));
#10090=CARTESIAN_POINT('',(-0.0078140924214105,0.0348017819325206,0.0145420289902918));
#10091=CARTESIAN_POINT('',(-0.00792336338552854,0.0349244166820945,0.0154933324493899));
#10092=CARTESIAN_POINT('',(-0.0086475323519747,0.0342869102374055,0.015526836743304));
#10093=CARTESIAN_POINT('',(-0.0045,0.,0.));
#10094=CARTESIAN_POINT('',(-0.00423686027918559,-0.0160282391143929,-0.0173570525070563));
#10095=CARTESIAN_POINT('',(-0.0037972894485278,-0.0146402186610339,-0.0184756152328855));
#10096=CARTESIAN_POINT('',(-0.0035,-0.0129323758639211,-0.0191951334480042));
#10097=CARTESIAN_POINT('',(-0.0035,-0.0111827549630851,-0.0197094494332365));
#10098=CARTESIAN_POINT('',(-0.00423686027918559,-0.0160282391143929,-0.0173570525070563));
#10099=CARTESIAN_POINT('',(-0.00423686027918559,-0.0160282391143929,-0.0173570525070563));
#10100=CARTESIAN_POINT('',(-0.00426745192958263,-0.0161248375087621,-0.0172792068506361));
#10101=CARTESIAN_POINT('',(-0.00429724851455513,-0.0162198085503004,-0.0171991312958575));
#10102=CARTESIAN_POINT('',(-0.00432635182233307,-0.0163133371018803,-0.0171170834309887));
#10103=CARTESIAN_POINT('',(-0.00432635182233307,-0.0163133371018802,0.0171170834309887));
#10104=CARTESIAN_POINT('',(-0.00429724851455513,-0.0162198085503004,0.0171991312958575));
#10105=CARTESIAN_POINT('',(-0.00426745192958262,-0.0161248375087621,0.0172792068506362));
#10106=CARTESIAN_POINT('',(-0.00423686027918559,-0.0160282391143929,0.0173570525070563));
#10107=CARTESIAN_POINT('',(-0.00423686027918559,-0.0160282391143929,0.0173570525070563));
#10108=CARTESIAN_POINT('',(-0.00423686027918559,-0.0160282391143929,0.0173570525070563));
#10109=CARTESIAN_POINT('',(-0.00379765643240816,-0.0146413774757151,0.0184746813799978));
#10110=CARTESIAN_POINT('',(-0.0035,-0.0129344210809248,0.0191945322727637));
#10111=CARTESIAN_POINT('',(-0.0035,-0.0111827549630851,0.0197094494332365));
#10112=CARTESIAN_POINT('',(-0.0045,0.,0.));
#10113=CARTESIAN_POINT('',(-0.0035,0.0225998862508136,-0.00166179029242446));
#10114=CARTESIAN_POINT('',(-0.0035,0.0228055036702179,-0.000562003655999517));
#10115=CARTESIAN_POINT('',(-0.00349999999999994,0.022805656491332,0.000561186261152779));
#10116=CARTESIAN_POINT('',(-0.00349999999999994,0.0225998862508136,0.00166179029242446));
#10117=CARTESIAN_POINT('',(-0.00423686027918559,0.0160282391143929,0.0173570525070563));
#10118=CARTESIAN_POINT('',(-0.0037972894485278,0.0146402186610339,0.0184756152328855));
#10119=CARTESIAN_POINT('',(-0.0035,0.0129323758639211,0.0191951334480042));
#10120=CARTESIAN_POINT('',(-0.0035,0.0111827549630851,0.0197094494332365));
#10121=CARTESIAN_POINT('',(-0.00423686027918559,0.0160282391143929,0.0173570525070563));
#10122=CARTESIAN_POINT('',(-0.00423686027918559,0.0160282391143929,0.0173570525070563));
#10123=CARTESIAN_POINT('',(-0.00426745192958263,0.0161248375087621,0.0172792068506361));
#10124=CARTESIAN_POINT('',(-0.00429724851455513,0.0162198085503004,0.0171991312958575));
#10125=CARTESIAN_POINT('',(-0.00432635182233307,0.0163133371018802,0.0171170834309886));
#10126=CARTESIAN_POINT('',(-0.00432635182233307,0.0163133371018802,-0.0171170834309887));
#10127=CARTESIAN_POINT('',(-0.00429724851455513,0.0162198085503004,-0.0171991312958575));
#10128=CARTESIAN_POINT('',(-0.00426745192958263,0.0161248375087621,-0.0172792068506361));
#10129=CARTESIAN_POINT('',(-0.00423686027918559,0.0160282391143929,-0.0173570525070563));
#10130=CARTESIAN_POINT('',(-0.00423686027918559,0.0160282391143929,-0.0173570525070563));
#10131=CARTESIAN_POINT('',(-0.00423686027918559,0.0160282391143929,-0.0173570525070563));
#10132=CARTESIAN_POINT('',(-0.00379765643240816,0.0146413774757151,-0.0184746813799978));
#10133=CARTESIAN_POINT('',(-0.00350000000000001,0.0129344210809248,-0.0191945322727637));
#10134=CARTESIAN_POINT('',(-0.0035,0.0111827549630851,-0.0197094494332365));
#10135=CARTESIAN_POINT('',(-0.00483974596215562,0.0161827549630851,-0.0180658306748496));
#10136=CARTESIAN_POINT('',(-0.00469980470859802,0.0159403696018485,-0.0176100668698486));
#10137=CARTESIAN_POINT('',(-0.00423686027918559,0.0160282391143929,-0.0173570525070563));
#10138=CARTESIAN_POINT('',(-0.00444904345926221,0.0155060383774294,-0.0185936737063016));
#10139=CARTESIAN_POINT('',(-0.00438958252592418,0.0153609226680887,-0.0181638166199403));
#10140=CARTESIAN_POINT('',(-0.00402197390069875,0.0153496984492866,-0.0179038674278079));
#10141=CARTESIAN_POINT('',(-0.00375717382429725,0.0139273019749783,-0.0193483408012285));
#10142=CARTESIAN_POINT('',(-0.00377065474410862,0.013939846970898,-0.0190579001272792));
#10143=CARTESIAN_POINT('',(-0.00364144560431122,0.0138361049263432,-0.0188161605955442));
#10144=CARTESIAN_POINT('',(-0.0035,0.0120909080665827,-0.0196319091346693));
#10145=CARTESIAN_POINT('',(-0.00349999999423209,0.0120838175709446,-0.0195393818623615));
#10146=CARTESIAN_POINT('',(-0.0035,0.0120767270606129,-0.0194468545928142));
#10147=CARTESIAN_POINT('',(-0.0035,0.0111827549630851,-0.0197094494332365));
#10148=CARTESIAN_POINT('',(-0.0035,0.0111827549630851,-0.0197094494332364));
#10149=CARTESIAN_POINT('',(-0.0035,0.0111827549630851,-0.0197094494332364));
#10150=CARTESIAN_POINT('',(-0.00397372055837118,0.0166827549630852,-0.0180658306748496));
#10151=CARTESIAN_POINT('',(-0.00501872904845058,0.0164927627622435,-0.0178299839026065));
#10152=CARTESIAN_POINT('',(-0.00485042593127124,0.0162012532122167,-0.0173515582158783));
#10153=CARTESIAN_POINT('',(-0.00432635182233307,0.0163133371018803,-0.0171170834309887));
#10154=CARTESIAN_POINT('',(-0.00496026906210077,0.0163915070956759,-0.0179122453567467));
#10155=CARTESIAN_POINT('',(-0.00480179623481349,0.0161170241071946,-0.017440224203766));
#10156=CARTESIAN_POINT('',(-0.00429712182927096,0.0162194014239158,-0.0171994884473171));
#10157=CARTESIAN_POINT('',(-0.00490065950766714,0.0162882603187803,-0.0179910172020763));
#10158=CARTESIAN_POINT('',(-0.00475163165067279,0.0160301364987222,-0.0175265790758586));
#10159=CARTESIAN_POINT('',(-0.00426731705168134,0.0161244116105998,-0.0172795500685497));
#10160=CARTESIAN_POINT('',(-0.00483974596215562,0.0161827549630852,-0.0180658306748496));
#10161=CARTESIAN_POINT('',(-0.00469980470859802,0.0159403696018485,-0.0176100668698487));
#10162=CARTESIAN_POINT('',(-0.00423686027918558,0.0160282391143929,-0.0173570525070563));
#10163=CARTESIAN_POINT('',(-0.00415270364466613,0.0169927627622435,-0.0178299839026065));
#10164=CARTESIAN_POINT('',(-0.00984137748154249,0.0248458348754011,-0.00261989400560563));
#10165=CARTESIAN_POINT('',(-0.00960923060057014,0.0244437446827384,-0.00255815923982329));
#10166=CARTESIAN_POINT('',(-0.00914900025542498,0.0243662464248616,-0.00251863800349936));
#10167=CARTESIAN_POINT('',(-0.00964575911898445,0.0245070139325572,-0.00556230042145646));
#10168=CARTESIAN_POINT('',(-0.00941553896295396,0.0241082609253878,-0.00543608881167475));
#10169=CARTESIAN_POINT('',(-0.00895338189286073,0.0240391944931396,-0.00534718660216355));
#10170=CARTESIAN_POINT('',(-0.00858720505432221,0.0226735445100036,-0.0113142226669832));
#10171=CARTESIAN_POINT('',(-0.00835121497001856,0.0222647976939043,-0.011106897504796));
#10172=CARTESIAN_POINT('',(-0.00789482782820636,0.0222692344553,-0.0108750149491801));
#10173=CARTESIAN_POINT('',(-0.0063500318598219,0.0187986468717979,-0.0159566529400072));
#10174=CARTESIAN_POINT('',(-0.00614306908323393,0.0184401768274762,-0.0155724022203105));
#10175=CARTESIAN_POINT('',(-0.00565765463370729,0.0185334998627313,-0.0153254487026676));
#10176=CARTESIAN_POINT('',(-0.00501872904845057,0.0164927627622435,-0.0178299839026065));
#10177=CARTESIAN_POINT('',(-0.00485042593127123,0.0162012532122167,-0.0173515582158783));
#10178=CARTESIAN_POINT('',(-0.00432635182233306,0.0163133371018803,-0.0171170834309887));
#10179=CARTESIAN_POINT('',(-0.00897535207775809,0.0253458348754012,-0.00261989400560565));
#10180=CARTESIAN_POINT('',(-0.00914900025542502,0.0243662464248616,-0.00251863800349937));
#10181=CARTESIAN_POINT('',(-0.00960923060057018,0.0244437446827384,-0.00255815923982331));
#10182=CARTESIAN_POINT('',(-0.00984137748154253,0.0248458348754012,-0.00261989400560565));
#10183=CARTESIAN_POINT('',(-0.00926511822225891,0.0245603826236963,-0.000839627363749262));
#10184=CARTESIAN_POINT('',(-0.00971920174541778,0.0246411573376425,-0.000857883044240993));
#10185=CARTESIAN_POINT('',(-0.00995374970728571,0.025040469279748,-0.000873298001869207));
#10186=CARTESIAN_POINT('',(-0.00926511822228263,0.0245603826237005,0.000839627363749053));
#10187=CARTESIAN_POINT('',(-0.00971920174544472,0.0246411573376425,0.000857883044239889));
#10188=CARTESIAN_POINT('',(-0.00995374970729184,0.0250404692797586,0.000873298001868553));
#10189=CARTESIAN_POINT('',(-0.00914900025542501,0.0243662464248616,0.00251863800349937));
#10190=CARTESIAN_POINT('',(-0.00960923060057018,0.0244437446827384,0.00255815923982331));
#10191=CARTESIAN_POINT('',(-0.00984137748154252,0.0248458348754012,0.00261989400560565));
#10192=CARTESIAN_POINT('',(-0.00897535207775809,0.0253458348754012,0.00261989400560565));
#10193=CARTESIAN_POINT('',(-0.00501872904845056,0.0164927627622435,0.0178299839026065));
#10194=CARTESIAN_POINT('',(-0.00485042593127123,0.0162012532122167,0.0173515582158783));
#10195=CARTESIAN_POINT('',(-0.00432635182233306,0.0163133371018803,0.0171170834309887));
#10196=CARTESIAN_POINT('',(-0.00635003185983029,0.0187986468718124,0.0159566529399971));
#10197=CARTESIAN_POINT('',(-0.0061430690832366,0.0184401768274915,0.0155724022203022));
#10198=CARTESIAN_POINT('',(-0.00565765463370825,0.0185334998627459,0.0153254487026539));
#10199=CARTESIAN_POINT('',(-0.00858720505432053,0.0226735445100007,0.0113142226669888));
#10200=CARTESIAN_POINT('',(-0.00835121497002322,0.0222647976938984,0.0111068975047949));
#10201=CARTESIAN_POINT('',(-0.00789482782820493,0.0222692344552925,0.0108750149491873));
#10202=CARTESIAN_POINT('',(-0.00964575911897943,0.0245070139325485,0.00556230042145529));
#10203=CARTESIAN_POINT('',(-0.00941553896294415,0.0241082609253881,0.00543608881167525));
#10204=CARTESIAN_POINT('',(-0.00895338189286265,0.02403919449314,0.00534718660216278));
#10205=CARTESIAN_POINT('',(-0.00984137748154249,0.0248458348754011,0.00261989400560561));
#10206=CARTESIAN_POINT('',(-0.00960923060057015,0.0244437446827384,0.00255815923982327));
#10207=CARTESIAN_POINT('',(-0.00914900025542498,0.0243662464248616,0.00251863800349933));
#10208=CARTESIAN_POINT('',(-0.00415270364466614,0.0169927627622435,0.0178299839026065));
#10209=CARTESIAN_POINT('',(-0.00483974596215562,0.0161827549630852,0.0180658306748496));
#10210=CARTESIAN_POINT('',(-0.00469980470859802,0.0159403696018485,0.0176100668698487));
#10211=CARTESIAN_POINT('',(-0.00423686027918558,0.0160282391143929,0.0173570525070563));
#10212=CARTESIAN_POINT('',(-0.00490065950766714,0.0162882603187803,0.0179910172020763));
#10213=CARTESIAN_POINT('',(-0.00475163165067279,0.0160301364987222,0.0175265790758586));
#10214=CARTESIAN_POINT('',(-0.00426731705168134,0.0161244116105998,0.0172795500685497));
#10215=CARTESIAN_POINT('',(-0.00496026906210079,0.0163915070956759,0.0179122453567467));
#10216=CARTESIAN_POINT('',(-0.00480179623481335,0.0161170241071946,0.017440224203766));
#10217=CARTESIAN_POINT('',(-0.00429712182927094,0.0162194014239157,0.0171994884473173));
#10218=CARTESIAN_POINT('',(-0.00501872904845058,0.0164927627622435,0.0178299839026065));
#10219=CARTESIAN_POINT('',(-0.00485042593127124,0.0162012532122167,0.0173515582158783));
#10220=CARTESIAN_POINT('',(-0.00432635182233307,0.0163133371018803,0.0171170834309887));
#10221=CARTESIAN_POINT('',(-0.00397372055837118,0.0166827549630852,0.0180658306748496));
#10222=CARTESIAN_POINT('',(-0.00423686027918559,0.0160282391143929,0.0173570525070563));
#10223=CARTESIAN_POINT('',(-0.00469980470859802,0.0159403696018485,0.0176100668698487));
#10224=CARTESIAN_POINT('',(-0.00483974596215562,0.0161827549630851,0.0180658306748496));
#10225=CARTESIAN_POINT('',(-0.00402030071081318,0.0153444150648899,0.0179081251437481));
#10226=CARTESIAN_POINT('',(-0.00438725681100833,0.0153565785925873,0.0181679680441565));
#10227=CARTESIAN_POINT('',(-0.00444600129576533,0.0155007691956879,0.0185977836989297));
#10228=CARTESIAN_POINT('',(-0.00364174934628496,0.0138353706183074,0.0188156170168992));
#10229=CARTESIAN_POINT('',(-0.00377078171628836,0.0139383521591582,0.0190574385477176));
#10230=CARTESIAN_POINT('',(-0.00375772608246561,0.0139264137797195,0.019347348189403));
#10231=CARTESIAN_POINT('',(-0.0035,0.0120768038014426,0.0194468320553083));
#10232=CARTESIAN_POINT('',(-0.00350000000193131,0.0120838949212775,0.0195393672692344));
#10233=CARTESIAN_POINT('',(-0.0035,0.0120909860264142,0.0196319024859407));
#10234=CARTESIAN_POINT('',(-0.0035,0.0111827549630851,0.0197094494332364));
#10235=CARTESIAN_POINT('',(-0.0035,0.0111827549630851,0.0197094494332364));
#10236=CARTESIAN_POINT('',(-0.0035,0.0111827549630851,0.0197094494332365));
#10237=CARTESIAN_POINT('',(-0.00483974596215562,-0.0161827549630851,0.0180658306748496));
#10238=CARTESIAN_POINT('',(-0.00469980470859802,-0.0159403696018485,0.0176100668698486));
#10239=CARTESIAN_POINT('',(-0.00423686027918559,-0.0160282391143929,0.0173570525070563));
#10240=CARTESIAN_POINT('',(-0.00444904345926221,-0.0155060383774294,0.0185936737062981));
#10241=CARTESIAN_POINT('',(-0.00438958252592329,-0.0153609226680832,0.0181638166199276));
#10242=CARTESIAN_POINT('',(-0.00402197390069893,-0.0153496984492846,0.0179038674278099));
#10243=CARTESIAN_POINT('',(-0.00375717382429724,-0.0139273019749783,0.0193483408012276));
#10244=CARTESIAN_POINT('',(-0.00377065474410879,-0.0139398469709,0.0190579001272864));
#10245=CARTESIAN_POINT('',(-0.00364144560431113,-0.0138361049263455,0.0188161605955406));
#10246=CARTESIAN_POINT('',(-0.0035,-0.0120909080665827,0.0196319091346745));
#10247=CARTESIAN_POINT('',(-0.00349999999423209,-0.0120838175709446,0.0195393818623597));
#10248=CARTESIAN_POINT('',(-0.0035,-0.0120767270606102,0.0194468545928194));
#10249=CARTESIAN_POINT('',(-0.0035,-0.0111827549630851,0.0197094494332365));
#10250=CARTESIAN_POINT('',(-0.0035,-0.0111827549630851,0.0197094494332364));
#10251=CARTESIAN_POINT('',(-0.0035,-0.0111827549630851,0.0197094494332364));
#10252=CARTESIAN_POINT('',(-0.00397372055837118,-0.0166827549630852,0.0180658306748496));
#10253=CARTESIAN_POINT('',(-0.00501872904845057,-0.0164927627622434,0.0178299839026065));
#10254=CARTESIAN_POINT('',(-0.00485042593127124,-0.0162012532122166,0.0173515582158783));
#10255=CARTESIAN_POINT('',(-0.00432635182233307,-0.0163133371018802,0.0171170834309887));
#10256=CARTESIAN_POINT('',(-0.00496026906210255,-0.0163915070956789,0.0179122453567519));
#10257=CARTESIAN_POINT('',(-0.00480179623481151,-0.0161170241072022,0.0174402242037709));
#10258=CARTESIAN_POINT('',(-0.00429712182927039,-0.0162194014239165,0.0171994884473163));
#10259=CARTESIAN_POINT('',(-0.00490065950766711,-0.0162882603187802,0.0179910172020763));
#10260=CARTESIAN_POINT('',(-0.00475163165067274,-0.0160301364987222,0.0175265790758587));
#10261=CARTESIAN_POINT('',(-0.00426731705168134,-0.0161244116105998,0.0172795500685497));
#10262=CARTESIAN_POINT('',(-0.00483974596215562,-0.0161827549630852,0.0180658306748496));
#10263=CARTESIAN_POINT('',(-0.00469980470859802,-0.0159403696018485,0.0176100668698487));
#10264=CARTESIAN_POINT('',(-0.00423686027918558,-0.0160282391143929,0.0173570525070563));
#10265=CARTESIAN_POINT('',(-0.00415270364466613,-0.0169927627622434,0.0178299839026065));
#10266=CARTESIAN_POINT('',(-0.00984137748154249,-0.0248458348754011,0.00261989400560563));
#10267=CARTESIAN_POINT('',(-0.00960923060057014,-0.0244437446827384,0.00255815923982329));
#10268=CARTESIAN_POINT('',(-0.00914900025542498,-0.0243662464248616,0.00251863800349936));
#10269=CARTESIAN_POINT('',(-0.00964575911898445,-0.0245070139325572,0.00556230042145647));
#10270=CARTESIAN_POINT('',(-0.00941553896295396,-0.0241082609253878,0.00543608881167475));
#10271=CARTESIAN_POINT('',(-0.00895338189286073,-0.0240391944931396,0.00534718660216356));
#10272=CARTESIAN_POINT('',(-0.00858720505431731,-0.0226735445099951,0.0113142226669945));
#10273=CARTESIAN_POINT('',(-0.00835121497001855,-0.0222647976938917,0.0111068975048024));
#10274=CARTESIAN_POINT('',(-0.00789482782820642,-0.0222692344552884,0.0108750149491911));
#10275=CARTESIAN_POINT('',(-0.00635003185983167,-0.0187986468718148,0.0159566529399846));
#10276=CARTESIAN_POINT('',(-0.00614306908323393,-0.018440176827502,0.0155724022202976));
#10277=CARTESIAN_POINT('',(-0.00565765463370715,-0.0185334998627544,0.0153254487026456));
#10278=CARTESIAN_POINT('',(-0.00501872904845056,-0.0164927627622435,0.0178299839026065));
#10279=CARTESIAN_POINT('',(-0.00485042593127123,-0.0162012532122166,0.0173515582158783));
#10280=CARTESIAN_POINT('',(-0.00432635182233305,-0.0163133371018803,0.0171170834309887));
#10281=CARTESIAN_POINT('',(-0.00897535207775809,-0.0253458348754012,0.00261989400560565));
#10282=CARTESIAN_POINT('',(-0.00914900025542502,-0.0243662464248616,0.00251863800349937));
#10283=CARTESIAN_POINT('',(-0.00960923060057018,-0.0244437446827384,0.00255815923982331));
#10284=CARTESIAN_POINT('',(-0.00984137748154253,-0.0248458348754012,0.00261989400560565));
#10285=CARTESIAN_POINT('',(-0.00926511822225891,-0.0245603826236963,0.000839627363749262));
#10286=CARTESIAN_POINT('',(-0.00971920174541778,-0.0246411573376425,0.000857883044240993));
#10287=CARTESIAN_POINT('',(-0.00995374970728571,-0.025040469279748,0.000873298001869207));
#10288=CARTESIAN_POINT('',(-0.00926511822228263,-0.0245603826237005,-0.000839627363749053));
#10289=CARTESIAN_POINT('',(-0.00971920174544472,-0.0246411573376425,-0.000857883044239889));
#10290=CARTESIAN_POINT('',(-0.00995374970729184,-0.0250404692797586,-0.000873298001868553));
#10291=CARTESIAN_POINT('',(-0.00914900025542501,-0.0243662464248616,-0.00251863800349937));
#10292=CARTESIAN_POINT('',(-0.00960923060057018,-0.0244437446827384,-0.00255815923982331));
#10293=CARTESIAN_POINT('',(-0.00984137748154252,-0.0248458348754012,-0.00261989400560565));
#10294=CARTESIAN_POINT('',(-0.00897535207775809,-0.0253458348754012,-0.00261989400560565));
#10295=CARTESIAN_POINT('',(-0.00501872904845055,-0.0164927627622435,-0.0178299839026065));
#10296=CARTESIAN_POINT('',(-0.00485042593127122,-0.0162012532122166,-0.0173515582158783));
#10297=CARTESIAN_POINT('',(-0.00432635182233305,-0.0163133371018803,-0.0171170834309887));
#10298=CARTESIAN_POINT('',(-0.00635003185982995,-0.0187986468718119,-0.0159566529399915));
#10299=CARTESIAN_POINT('',(-0.00614306908324143,-0.0184401768274851,-0.0155724022202957));
#10300=CARTESIAN_POINT('',(-0.00565765463371509,-0.0185334998627466,-0.015325448702655));
#10301=CARTESIAN_POINT('',(-0.00858720505432134,-0.0226735445100021,-0.0113142226669913));
#10302=CARTESIAN_POINT('',(-0.00835121497001691,-0.0222647976939044,-0.0111068975047923));
#10303=CARTESIAN_POINT('',(-0.00789482782820355,-0.0222692344552925,-0.0108750149491868));
#10304=CARTESIAN_POINT('',(-0.00964575911897813,-0.0245070139325462,-0.00556230042145596));
#10305=CARTESIAN_POINT('',(-0.00941553896295331,-0.0241082609253847,-0.00543608881167937));
#10306=CARTESIAN_POINT('',(-0.00895338189285854,-0.0240391944931393,-0.00534718660216284));
#10307=CARTESIAN_POINT('',(-0.00984137748154249,-0.0248458348754011,-0.00261989400560563));
#10308=CARTESIAN_POINT('',(-0.00960923060057014,-0.0244437446827384,-0.00255815923982329));
#10309=CARTESIAN_POINT('',(-0.00914900025542498,-0.0243662464248616,-0.00251863800349935));
#10310=CARTESIAN_POINT('',(-0.00415270364466613,-0.0169927627622434,-0.0178299839026065));
#10311=CARTESIAN_POINT('',(-0.00483974596215562,-0.0161827549630852,-0.0180658306748496));
#10312=CARTESIAN_POINT('',(-0.00469980470859802,-0.0159403696018485,-0.0176100668698487));
#10313=CARTESIAN_POINT('',(-0.00423686027918558,-0.0160282391143929,-0.0173570525070563));
#10314=CARTESIAN_POINT('',(-0.00490065950766712,-0.0162882603187802,-0.0179910172020763));
#10315=CARTESIAN_POINT('',(-0.00475163165067275,-0.0160301364987222,-0.0175265790758587));
#10316=CARTESIAN_POINT('',(-0.00426731705168134,-0.0161244116105998,-0.0172795500685497));
#10317=CARTESIAN_POINT('',(-0.00496026906210254,-0.0163915070956789,-0.0179122453567519));
#10318=CARTESIAN_POINT('',(-0.00480179623481151,-0.0161170241072022,-0.0174402242037709));
#10319=CARTESIAN_POINT('',(-0.00429712182927039,-0.0162194014239165,-0.0171994884473163));
#10320=CARTESIAN_POINT('',(-0.00501872904845057,-0.0164927627622434,-0.0178299839026065));
#10321=CARTESIAN_POINT('',(-0.00485042593127124,-0.0162012532122166,-0.0173515582158783));
#10322=CARTESIAN_POINT('',(-0.00432635182233307,-0.0163133371018802,-0.0171170834309887));
#10323=CARTESIAN_POINT('',(-0.00397372055837118,-0.0166827549630852,-0.0180658306748496));
#10324=CARTESIAN_POINT('',(-0.00423686027918559,-0.0160282391143929,-0.0173570525070563));
#10325=CARTESIAN_POINT('',(-0.00469980470859802,-0.0159403696018485,-0.0176100668698487));
#10326=CARTESIAN_POINT('',(-0.00483974596215562,-0.0161827549630851,-0.0180658306748496));
#10327=CARTESIAN_POINT('',(-0.00402030071081318,-0.0153444150648899,-0.0179081251437481));
#10328=CARTESIAN_POINT('',(-0.00438725681100833,-0.0153565785925873,-0.0181679680441565));
#10329=CARTESIAN_POINT('',(-0.00444600129576533,-0.0155007691956879,-0.0185977836989297));
#10330=CARTESIAN_POINT('',(-0.00364174934628496,-0.0138353706183074,-0.0188156170168992));
#10331=CARTESIAN_POINT('',(-0.00377078171628836,-0.0139383521591582,-0.0190574385477176));
#10332=CARTESIAN_POINT('',(-0.00375772608246561,-0.0139264137797195,-0.019347348189403));
#10333=CARTESIAN_POINT('',(-0.0035,-0.0120768038014426,-0.0194468320553083));
#10334=CARTESIAN_POINT('',(-0.00350000000193131,-0.0120838949212775,-0.0195393672692344));
#10335=CARTESIAN_POINT('',(-0.0035,-0.0120909860264142,-0.0196319024859407));
#10336=CARTESIAN_POINT('',(-0.0035,-0.0111827549630851,-0.0197094494332364));
#10337=CARTESIAN_POINT('',(-0.0035,-0.0111827549630851,-0.0197094494332364));
#10338=CARTESIAN_POINT('',(-0.0035,-0.0111827549630851,-0.0197094494332365));
#10339=CARTESIAN_POINT('',(-0.003,0.0158,0.));
#10340=CARTESIAN_POINT('',(-0.003,0.0158,0.));
#10341=CARTESIAN_POINT('',(-0.003,0.0225998862508136,0.00166179029242446));
#10342=CARTESIAN_POINT('',(-0.003,0.0225998862508136,-0.00166179029242446));
#10343=CARTESIAN_POINT('',(-0.00335355339059328,0.0222564401308674,-0.00157785720780422));
#10344=CARTESIAN_POINT('',(-0.0035,0.0223987001716935,-0.00161262342978573));
#10345=CARTESIAN_POINT('',(-0.0035,0.0225998862508136,-0.00166179029242446));
#10346=CARTESIAN_POINT('',(-0.00335355339497103,0.0223833817934181,-0.00105842413666116));
#10347=CARTESIAN_POINT('',(-0.00348746612530411,0.0225139308856202,-0.00108831367182246));
#10348=CARTESIAN_POINT('',(-0.0035,0.0227025919973706,-0.00111244770607695));
#10349=CARTESIAN_POINT('',(-0.00336784553330418,0.0225236995879466,-1.23438769190546E-5));
#10350=CARTESIAN_POINT('',(-0.00348716004551845,0.0226455603159071,-1.25592022524991E-5));
#10351=CARTESIAN_POINT('',(-0.00350952809842793,0.0228141188800775,-1.29693291668232E-5));
#10352=CARTESIAN_POINT('',(-0.00335355339607717,0.0223835775581808,0.00105762309071621));
#10353=CARTESIAN_POINT('',(-0.00348744703840337,0.0225141063603492,0.00108751525592233));
#10354=CARTESIAN_POINT('',(-0.00349999999999978,0.0227027503871517,0.00111160053524331));
#10355=CARTESIAN_POINT('',(-0.00335355339059306,0.0222564401308672,0.0015778572078042));
#10356=CARTESIAN_POINT('',(-0.00349999999999981,0.0223987001716933,0.00161262342978571));
#10357=CARTESIAN_POINT('',(-0.00349999999999979,0.0225998862508135,0.00166179029242444));
#10358=CARTESIAN_POINT('',(0.003,0.,0.));
#10359=CARTESIAN_POINT('',(0.0036722958099253,-0.0270405693201972,0.00392503923077276));
#10360=CARTESIAN_POINT('',(0.00375889008753979,-0.0269609074624584,0.00392639059696836));
#10361=CARTESIAN_POINT('',(0.00382897002451852,-0.0268685161205985,0.00393343786154082));
#10362=CARTESIAN_POINT('',(0.00388341530991021,-0.026764338201781,0.003936363107708));
#10363=CARTESIAN_POINT('',(0.0036722958099253,-0.0270405693201972,0.00392503923077276));
#10364=CARTESIAN_POINT('',(0.00388341530991021,-0.026764338201781,0.00393636310770786));
#10365=CARTESIAN_POINT('',(0.00388341530991021,-0.026764338201781,0.00393636310770786));
#10366=CARTESIAN_POINT('',(0.00396033884320129,-0.0266171494498312,0.0039404960692546));
#10367=CARTESIAN_POINT('',(0.00400000000000001,-0.0264546116467694,0.00394514190480707));
#10368=CARTESIAN_POINT('',(0.004,-0.0262885706771881,0.00395));
#10369=CARTESIAN_POINT('',(0.004,-0.0262885706771881,-0.00395));
#10370=CARTESIAN_POINT('',(0.00400000000000001,-0.0264546051401715,-0.0039451420951798));
#10371=CARTESIAN_POINT('',(0.00396033361804667,-0.0266171594478637,-0.00394049578851655));
#10372=CARTESIAN_POINT('',(0.00388341530991022,-0.026764338201781,-0.00393636310770786));
#10373=CARTESIAN_POINT('',(0.00388341530991021,-0.026764338201781,-0.00393636310770786));
#10374=CARTESIAN_POINT('',(0.00388341530991021,-0.026764338201781,-0.00393636310770786));
#10375=CARTESIAN_POINT('',(0.00382892995163706,-0.02686859279775,-0.00393343570849764));
#10376=CARTESIAN_POINT('',(0.00375895950410926,-0.0269608436031246,-0.00392639168026407));
#10377=CARTESIAN_POINT('',(0.0036722958099253,-0.0270405693201972,-0.00392503923077281));
#10378=CARTESIAN_POINT('',(0.0036722958099253,-0.0270405693201972,-0.00392503923077276));
#10379=CARTESIAN_POINT('',(0.0036722958099253,-0.0270405693201972,-0.00392503923077276));
#10380=CARTESIAN_POINT('',(0.00366170240634936,-0.0270503146547837,-0.0039248739130649));
#10381=CARTESIAN_POINT('',(0.00365104713768379,-0.0270598531418983,-0.00392363804484033));
#10382=CARTESIAN_POINT('',(0.00364034247525194,-0.0270692015221746,-0.00392135355445847));
#10383=CARTESIAN_POINT('',(0.00364034247525195,-0.0270692015221746,-0.00392135355445843));
#10384=CARTESIAN_POINT('',(0.00364034247525195,-0.0270692015221746,-0.00392135355445843));
#10385=CARTESIAN_POINT('',(0.00355094230217949,-0.0271472746814138,-0.00390227459360176));
#10386=CARTESIAN_POINT('',(0.00340990921854284,-0.0272358729062573,-0.00383714765085934));
#10387=CARTESIAN_POINT('',(0.00322278849132348,-0.0273117946952794,-0.00371216385555917));
#10388=CARTESIAN_POINT('',(0.00311800715404289,-0.0273343281298581,-0.00365202000499628));
#10389=CARTESIAN_POINT('',(0.00308715574274757,-0.0273438492735998,-0.00360038593892715));
#10390=CARTESIAN_POINT('',(0.00308715574274736,-0.0273438492735998,0.00360038593892657));
#10391=CARTESIAN_POINT('',(0.00311752260666572,-0.0273344776674329,0.00365120904853725));
#10392=CARTESIAN_POINT('',(0.0032229493946289,-0.0273117235016876,0.00371247491610223));
#10393=CARTESIAN_POINT('',(0.00340936745340012,-0.027236156136927,0.00383673160489614));
#10394=CARTESIAN_POINT('',(0.00355131246575652,-0.0271469514176112,0.00390235359050027));
#10395=CARTESIAN_POINT('',(0.00364034247525193,-0.0270692015221746,0.00392135355445845));
#10396=CARTESIAN_POINT('',(0.00364034247525194,-0.0270692015221746,0.00392135355445843));
#10397=CARTESIAN_POINT('',(0.00364034247525194,-0.0270692015221746,0.00392135355445843));
#10398=CARTESIAN_POINT('',(0.00365104713768379,-0.0270598531418983,0.0039236380448403));
#10399=CARTESIAN_POINT('',(0.00366170240634934,-0.0270503146547837,0.00392487391306505));
#10400=CARTESIAN_POINT('',(0.00367229580992529,-0.0270405693201972,0.00392503923077291));
#10401=CARTESIAN_POINT('',(0.000261098780048694,-0.0223478327080667,0.0174595530195564));
#10402=CARTESIAN_POINT('',(0.000479252354095578,-0.0219699796339648,0.0170484268207345));
#10403=CARTESIAN_POINT('',(0.00103996844108547,-0.0220562917562118,0.0168546837791062));
#10404=CARTESIAN_POINT('',(0.000615328948660619,-0.0217342880584572,0.0179401041099149));
#10405=CARTESIAN_POINT('',(0.000869705183593728,-0.0215056157330235,0.0175900483765804));
#10406=CARTESIAN_POINT('',(0.00135847323935154,-0.0215229701478617,0.0175067030005881));
#10407=CARTESIAN_POINT('',(0.00120016412382786,-0.0204711126283068,0.0189499910323589));
#10408=CARTESIAN_POINT('',(0.00145359888481993,-0.0204405430431732,0.0187891987409722));
#10409=CARTESIAN_POINT('',(0.00174691672976609,-0.0203895575037632,0.0188085662741414));
#10410=CARTESIAN_POINT('',(0.00164261284745807,-0.0191099968303034,0.020080502142696));
#10411=CARTESIAN_POINT('',(0.00173724333927893,-0.0191045558081718,0.0200742613113563));
#10412=CARTESIAN_POINT('',(0.00183187383231085,-0.0190991147659287,0.0200680204853756));
#10413=CARTESIAN_POINT('',(0.00183336175318827,-0.0184389340770758,0.0206571352645265));
#10414=CARTESIAN_POINT('',(0.00183336175318828,-0.0184389340770756,0.0206571352645266));
#10415=CARTESIAN_POINT('',(0.00183336175318829,-0.0184389340770754,0.0206571352645268));
#10416=CARTESIAN_POINT('',(0.00112712418383313,-0.0228478327080667,0.0174595530195563));
#10417=CARTESIAN_POINT('',(0.00103996844108549,-0.0220562917562118,0.0168546837791062));
#10418=CARTESIAN_POINT('',(0.000479252354095589,-0.0219699796339648,0.0170484268207345));
#10419=CARTESIAN_POINT('',(0.000261098780048705,-0.0223478327080667,0.0174595530195563));
#10420=CARTESIAN_POINT('',(-0.000110352310807322,-0.0239824508073233,0.0144998331536199));
#10421=CARTESIAN_POINT('',(-0.000643836513325563,-0.0239152266137373,0.0147014846568001));
#10422=CARTESIAN_POINT('',(-0.000889221971842747,-0.0243402466953435,0.0150180001917589));
#10423=CARTESIAN_POINT('',(-0.00192338012553134,-0.0270196373110605,0.00912471467294861));
#10424=CARTESIAN_POINT('',(-0.0024397944079659,-0.027025916935532,0.00929355891866168));
#10425=CARTESIAN_POINT('',(-0.00270224978656887,-0.0274805029859847,0.00944852699631525));
#10426=CARTESIAN_POINT('',(-0.00286641562582399,-0.0286000291761545,7.42560059915268E-15));
#10427=CARTESIAN_POINT('',(-0.00338345060379983,-0.0286603774115842,-2.0761117599843E-15));
#10428=CARTESIAN_POINT('',(-0.00364528528686015,-0.0291138883858304,5.72919115994817E-15));
#10429=CARTESIAN_POINT('',(-0.00192338012553312,-0.0270196373110665,-0.00912471467293266));
#10430=CARTESIAN_POINT('',(-0.00243979440797452,-0.0270259169355405,-0.00929355891862339));
#10431=CARTESIAN_POINT('',(-0.00270224978657163,-0.0274805029859895,-0.00944852699629089));
#10432=CARTESIAN_POINT('',(-0.00011035231081534,-0.0239824508073298,-0.0144998331536098));
#10433=CARTESIAN_POINT('',(-0.000643836513325098,-0.0239152266137516,-0.0147014846568059));
#10434=CARTESIAN_POINT('',(-0.000889221971848496,-0.0243402466953535,-0.0150180001917642));
#10435=CARTESIAN_POINT('',(0.00103996844107974,-0.0220562917562214,-0.0168546837790944));
#10436=CARTESIAN_POINT('',(0.000479252354089914,-0.0219699796339746,-0.0170484268207226));
#10437=CARTESIAN_POINT('',(0.000261098780042957,-0.0223478327080767,-0.0174595530195441));
#10438=CARTESIAN_POINT('',(0.00112712418382693,-0.0228478327080774,-0.0174595530195432));
#10439=CARTESIAN_POINT('',(0.00103996844107931,-0.0220562917562221,-0.0168546837790936));
#10440=CARTESIAN_POINT('',(0.00047925235408759,-0.0219699796339742,-0.0170484268207234));
#10441=CARTESIAN_POINT('',(0.000261098780041813,-0.0223478327080786,-0.017459553019547));
#10442=CARTESIAN_POINT('',(0.001358473239315,-0.0215229701479359,-0.0175067030004971));
#10443=CARTESIAN_POINT('',(0.000869705183586757,-0.0215056157331078,-0.017590048376534));
#10444=CARTESIAN_POINT('',(0.000615328948636035,-0.0217342880585013,-0.0179401041098769));
#10445=CARTESIAN_POINT('',(0.00174691672985829,-0.0203895575037338,-0.0188085662741696));
#10446=CARTESIAN_POINT('',(0.00145359888512361,-0.0204405430449932,-0.0187891987430612));
#10447=CARTESIAN_POINT('',(0.00120016412387376,-0.0204711126282936,-0.0189499910323665));
#10448=CARTESIAN_POINT('',(0.00183187383215934,-0.019099114765932,-0.0200680204853907));
#10449=CARTESIAN_POINT('',(0.0017372433386916,-0.019104555804568,-0.0200742613073241));
#10450=CARTESIAN_POINT('',(0.00164261284738291,-0.0191099968303059,-0.0200805021427023));
#10451=CARTESIAN_POINT('',(0.00183336175319039,-0.0184389340770724,-0.0206571352645293));
#10452=CARTESIAN_POINT('',(0.00183336175319037,-0.0184389340770724,-0.0206571352645293));
#10453=CARTESIAN_POINT('',(0.00183336175319036,-0.0184389340770724,-0.0206571352645293));
#10454=CARTESIAN_POINT('',(0.00103996844107931,0.0220562917562221,0.0168546837790936));
#10455=CARTESIAN_POINT('',(0.000479252354087764,0.0219699796339741,0.0170484268207235));
#10456=CARTESIAN_POINT('',(0.000261098780041979,0.0223478327080783,0.0174595530195472));
#10457=CARTESIAN_POINT('',(0.00135847323833288,0.0215229701495647,0.0175067029985071));
#10458=CARTESIAN_POINT('',(0.000869705182242277,0.0215056157345659,0.0175900483748375));
#10459=CARTESIAN_POINT('',(0.000615328947325758,0.0217342880607714,0.0179401041082371));
#10460=CARTESIAN_POINT('',(0.00174691673115817,0.0203895575028394,0.0188085662751507));
#10461=CARTESIAN_POINT('',(0.00145359888635829,0.0204405430442809,0.018789198743769));
#10462=CARTESIAN_POINT('',(0.00120016412501978,0.0204711126269684,0.0189499910332998));
#10463=CARTESIAN_POINT('',(0.00183187383056604,0.0190991147659683,0.020068020485549));
#10464=CARTESIAN_POINT('',(0.00173724333743351,0.0191045558047247,0.0200742613073694));
#10465=CARTESIAN_POINT('',(0.00164261284645365,0.0191099968305522,0.0200805021425845));
#10466=CARTESIAN_POINT('',(0.00183336175323001,0.0184389340770007,0.0206571352645886));
#10467=CARTESIAN_POINT('',(0.00183336175323191,0.0184389340769975,0.0206571352645912));
#10468=CARTESIAN_POINT('',(0.00183336175323381,0.0184389340769944,0.0206571352645938));
#10469=CARTESIAN_POINT('',(0.00112712418382643,0.0228478327080783,0.0174595530195414));
#10470=CARTESIAN_POINT('',(0.00103996844108549,0.0220562917562118,-0.0168546837791062));
#10471=CARTESIAN_POINT('',(0.000479252354095589,0.0219699796339648,-0.0170484268207345));
#10472=CARTESIAN_POINT('',(0.000261098780048705,0.0223478327080667,-0.0174595530195563));
#10473=CARTESIAN_POINT('',(-0.000110352310807322,0.0239824508073233,-0.0144998331536199));
#10474=CARTESIAN_POINT('',(-0.000643836513325563,0.0239152266137373,-0.0147014846568001));
#10475=CARTESIAN_POINT('',(-0.000889221971842747,0.0243402466953435,-0.0150180001917589));
#10476=CARTESIAN_POINT('',(-0.00192338012553134,0.0270196373110605,-0.00912471467294861));
#10477=CARTESIAN_POINT('',(-0.0024397944079659,0.027025916935532,-0.00929355891866168));
#10478=CARTESIAN_POINT('',(-0.00270224978656887,0.0274805029859847,-0.00944852699631525));
#10479=CARTESIAN_POINT('',(-0.00286641562582399,0.0286000291761545,-7.42560059915268E-15));
#10480=CARTESIAN_POINT('',(-0.00338345060379983,0.0286603774115842,2.0761117599843E-15));
#10481=CARTESIAN_POINT('',(-0.00364528528686015,0.0291138883858304,-5.72919115994817E-15));
#10482=CARTESIAN_POINT('',(-0.00192338012553312,0.0270196373110665,0.00912471467293266));
#10483=CARTESIAN_POINT('',(-0.00243979440797452,0.0270259169355405,0.00929355891862339));
#10484=CARTESIAN_POINT('',(-0.00270224978657163,0.0274805029859895,0.00944852699629089));
#10485=CARTESIAN_POINT('',(-0.00011035231081534,0.0239824508073298,0.0144998331536098));
#10486=CARTESIAN_POINT('',(-0.000643836513325098,0.0239152266137516,0.0147014846568059));
#10487=CARTESIAN_POINT('',(-0.000889221971848496,0.0243402466953535,0.0150180001917642));
#10488=CARTESIAN_POINT('',(0.00103996844107974,0.0220562917562214,0.0168546837790944));
#10489=CARTESIAN_POINT('',(0.000479252354089914,0.0219699796339746,0.0170484268207226));
#10490=CARTESIAN_POINT('',(0.000261098780042957,0.0223478327080767,0.0174595530195441));
#10491=CARTESIAN_POINT('',(0.00112712418383313,0.0228478327080667,-0.0174595530195563));
#10492=CARTESIAN_POINT('',(0.000261098780048687,0.0223478327080667,-0.0174595530195564));
#10493=CARTESIAN_POINT('',(0.000479252354095568,0.0219699796339647,-0.0170484268207345));
#10494=CARTESIAN_POINT('',(0.00103996844108548,0.0220562917562118,-0.0168546837791062));
#10495=CARTESIAN_POINT('',(0.000615328948663136,0.0217342880584527,-0.0179401041099342));
#10496=CARTESIAN_POINT('',(0.000869705183617582,0.021505615733073,-0.0175900483766144));
#10497=CARTESIAN_POINT('',(0.00135847323935475,0.0215229701478613,-0.017506703000588));
#10498=CARTESIAN_POINT('',(0.00120016412384461,0.0204711126283068,-0.0189499910323491));
#10499=CARTESIAN_POINT('',(0.00145359888483795,0.0204405430431615,-0.0187891987409751));
#10500=CARTESIAN_POINT('',(0.0017469167297943,0.0203895575037633,-0.018808566274138));
#10501=CARTESIAN_POINT('',(0.00164261284742205,0.0191099968303079,-0.0200805021426962));
#10502=CARTESIAN_POINT('',(0.00173724333922685,0.0191045558081416,-0.0200742613113293));
#10503=CARTESIAN_POINT('',(0.00183187383225123,0.0190991147659288,-0.0200680204853825));
#10504=CARTESIAN_POINT('',(0.00183336175318827,0.0184389340770758,-0.0206571352645265));
#10505=CARTESIAN_POINT('',(0.00183336175318828,0.0184389340770757,-0.0206571352645266));
#10506=CARTESIAN_POINT('',(0.00183336175318829,0.0184389340770755,-0.0206571352645268));
#10507=CARTESIAN_POINT('',(-0.0027388736053509,-0.0265,-0.00375));
#10508=CARTESIAN_POINT('',(0.0042,-0.0259612230066189,-0.00375));
#10509=CARTESIAN_POINT('',(0.0042,-0.0257487561796774,-0.00375));
#10510=CARTESIAN_POINT('',(0.00401253526646585,-0.0255565471063563,-0.00375));
#10511=CARTESIAN_POINT('',(0.0038,-0.0255565471063563,-0.00375));
#10512=CARTESIAN_POINT('',(0.0042,-0.0259612230066189,-0.00375));
#10513=CARTESIAN_POINT('',(0.0038,-0.0255565471063563,-0.00375));
#10514=CARTESIAN_POINT('',(-0.0027388736053509,-0.0255565471063563,-0.00375));
#10515=CARTESIAN_POINT('',(0.00310495105149132,-0.0255565471063563,-0.00375));
#10516=CARTESIAN_POINT('',(0.00316781992623545,-0.0252,-0.00375));
#10517=CARTESIAN_POINT('',(0.00316781992623545,-0.0252,-0.00375));
#10518=CARTESIAN_POINT('',(-0.0027388736053509,-0.0252,-0.00375));
#10519=CARTESIAN_POINT('',(0.0045,-0.0252,-0.00375));
#10520=CARTESIAN_POINT('',(0.0045,-0.0265,-0.00375));
#10521=CARTESIAN_POINT('',(0.0045,-0.0264171572875254,-0.00375));
#10522=CARTESIAN_POINT('',(0.000839141841087248,-0.0300780154464382,-0.00375));
#10523=CARTESIAN_POINT('',(0.00406009837189226,-0.0268570589156332,-0.00375));
#10524=CARTESIAN_POINT('',(0.00406009837189226,-0.0268570589156332,-0.00375));
#10525=CARTESIAN_POINT('',(0.00415233283947502,-0.02668130241554,-0.00375));
#10526=CARTESIAN_POINT('',(0.00420000000000001,-0.0264870487991918,-0.00375));
#10527=CARTESIAN_POINT('',(0.0042,-0.0262885706771881,-0.00375));
#10528=CARTESIAN_POINT('',(0.0042,-0.0262885706771881,-0.00375));
#10529=CARTESIAN_POINT('',(0.0042,-0.0259908657031542,-0.00375));
#10530=CARTESIAN_POINT('',(0.00316781992623545,-0.0252,0.));
#10531=CARTESIAN_POINT('',(0.00297085837563301,-0.0251652703644666,-0.00375));
#10532=CARTESIAN_POINT('',(0.00297085837563301,-0.0251652703644666,-0.0017));
#10533=CARTESIAN_POINT('',(0.00297085837563301,-0.0251652703644666,-0.00355));
#10534=CARTESIAN_POINT('',(0.00316781992623545,-0.0252,-0.0017));
#10535=CARTESIAN_POINT('',(0.00316781992623545,-0.025,-0.0017));
#10536=CARTESIAN_POINT('',(0.00316781992623545,-0.025,-0.0015));
#10537=CARTESIAN_POINT('',(0.00316781992623545,-0.025,-0.00355));
#10538=CARTESIAN_POINT('',(0.00316781992623545,-0.0252,-0.00355));
#10539=CARTESIAN_POINT('',(0.00316781992623545,-0.0252,0.));
#10540=CARTESIAN_POINT('',(0.00316781992623545,-0.025,0.0015));
#10541=CARTESIAN_POINT('',(0.00316781992623545,-0.025,0.00355));
#10542=CARTESIAN_POINT('',(0.00316781992623545,-0.025,0.0017));
#10543=CARTESIAN_POINT('',(0.00316781992623545,-0.0252,0.0017));
#10544=CARTESIAN_POINT('',(0.00297085837563301,-0.0251652703644666,0.0017));
#10545=CARTESIAN_POINT('',(0.00297085837563301,-0.0251652703644666,0.00375));
#10546=CARTESIAN_POINT('',(0.00297085837563301,-0.0251652703644666,0.00355));
#10547=CARTESIAN_POINT('',(0.00316781992623545,-0.0252,0.00355));
#10548=CARTESIAN_POINT('',(-0.0027388736053509,-0.0265,0.0015));
#10549=CARTESIAN_POINT('',(0.00282071168244633,-0.0258273033822736,0.0015));
#10550=CARTESIAN_POINT('',(0.0045,-0.0258273033822736,0.0015));
#10551=CARTESIAN_POINT('',(0.00305720941485095,-0.0258273033822736,0.0015));
#10552=CARTESIAN_POINT('',(0.00316781992623546,-0.0252,0.0015));
#10553=CARTESIAN_POINT('',(0.00316781992623545,-0.0252,0.0015));
#10554=CARTESIAN_POINT('',(-0.0027388736053509,-0.0252,0.0015));
#10555=CARTESIAN_POINT('',(0.0045,-0.0252,0.0015));
#10556=CARTESIAN_POINT('',(0.0045,-0.0258273033822736,0.0015));
#10557=CARTESIAN_POINT('',(-0.0027388736053509,-0.0265,-0.0015));
#10558=CARTESIAN_POINT('',(-0.0027388736053509,-0.0252,-0.0015));
#10559=CARTESIAN_POINT('',(0.0045,-0.0252,-0.0015));
#10560=CARTESIAN_POINT('',(0.00316781992623545,-0.0252,-0.0015));
#10561=CARTESIAN_POINT('',(0.00305108564307624,-0.0258620330178069,-0.0015));
#10562=CARTESIAN_POINT('',(0.00305720941485095,-0.0258273033822736,-0.0015));
#10563=CARTESIAN_POINT('',(0.0047,-0.0258273033822736,-0.0015));
#10564=CARTESIAN_POINT('',(0.0045,-0.0258273033822736,-0.0015));
#10565=CARTESIAN_POINT('',(0.0045,-0.0252,-0.0015));
#10566=CARTESIAN_POINT('',(0.0045,-0.0252,0.));
#10567=CARTESIAN_POINT('',(0.0045,-0.025,-0.00375));
#10568=CARTESIAN_POINT('',(0.0045,-0.025,-0.0017));
#10569=CARTESIAN_POINT('',(0.0045,-0.025,-0.00355));
#10570=CARTESIAN_POINT('',(0.0045,-0.0252,-0.0017));
#10571=CARTESIAN_POINT('',(0.0047,-0.0252,-0.0017));
#10572=CARTESIAN_POINT('',(0.0047,-0.0252,-0.0015));
#10573=CARTESIAN_POINT('',(0.0047,-0.0252,-0.00355));
#10574=CARTESIAN_POINT('',(0.0045,-0.0252,-0.00355));
#10575=CARTESIAN_POINT('',(0.0045,-0.0252,0.));
#10576=CARTESIAN_POINT('',(0.0047,-0.0252,0.0015));
#10577=CARTESIAN_POINT('',(0.0047,-0.0252,0.00355));
#10578=CARTESIAN_POINT('',(0.0047,-0.0252,0.0017));
#10579=CARTESIAN_POINT('',(0.0045,-0.0252,0.0017));
#10580=CARTESIAN_POINT('',(0.0045,-0.025,0.0017));
#10581=CARTESIAN_POINT('',(0.0045,-0.025,0.00375));
#10582=CARTESIAN_POINT('',(0.0045,-0.025,0.00355));
#10583=CARTESIAN_POINT('',(0.0045,-0.0252,0.00355));
#10584=CARTESIAN_POINT('',(0.0045,-0.0252,-0.00355));
#10585=CARTESIAN_POINT('',(0.0045,-0.0252,-0.00355));
#10586=CARTESIAN_POINT('',(0.0045,-0.0252,-0.00355));
#10587=CARTESIAN_POINT('',(-0.0027388736053509,-0.025,0.));
#10588=CARTESIAN_POINT('',(-0.0027388736053509,-0.025,-0.0017));
#10589=CARTESIAN_POINT('',(-0.0027388736053509,-0.025,-0.00355));
#10590=CARTESIAN_POINT('',(0.00316781992623545,-0.0252,-0.00355));
#10591=CARTESIAN_POINT('',(0.00316781992623545,-0.0252,-0.00355));
#10592=CARTESIAN_POINT('',(0.00316781992623545,-0.0252,-0.00355));
#10593=CARTESIAN_POINT('',(0.003,-0.025,0.));
#10594=CARTESIAN_POINT('',(0.00740205074593693,-3.47296355333861E-5,0.));
#10595=CARTESIAN_POINT('',(0.00288540458860203,-0.0256499028732729,-0.00355));
#10596=CARTESIAN_POINT('',(0.0028520984571058,-0.0258387913313093,-0.0017));
#10597=CARTESIAN_POINT('',(0.00297085837563301,-0.0251652703644666,-0.0017));
#10598=CARTESIAN_POINT('',(0.00255918254822883,-0.0275,-0.00355));
#10599=CARTESIAN_POINT('',(0.0027,-0.0258273033822736,-0.0013));
#10600=CARTESIAN_POINT('',(0.00305720941485095,-0.0258273033822736,-0.0013));
#10601=CARTESIAN_POINT('',(0.0045,-0.0258273033822736,-0.0013));
#10602=CARTESIAN_POINT('',(0.0027,-0.0258273033822736,0.0013));
#10603=CARTESIAN_POINT('',(0.00305720941485095,-0.0258273033822621,0.00129999999999942));
#10604=CARTESIAN_POINT('',(0.0045,-0.0258273033822736,0.0013));
#10605=CARTESIAN_POINT('',(0.003,-0.025,0.));
#10606=CARTESIAN_POINT('',(0.0028541240924738,-0.0258273033822736,0.0017));
#10607=CARTESIAN_POINT('',(0.0028520984571058,-0.0258387913313093,0.0017));
#10608=CARTESIAN_POINT('',(0.00740205074593693,-3.47296355333861E-5,0.));
#10609=CARTESIAN_POINT('',(0.00288540458860203,-0.0256499028732729,0.00355));
#10610=CARTESIAN_POINT('',(0.00297085837563301,-0.0251652703644666,0.00355));
#10611=CARTESIAN_POINT('',(0.00316781992623545,-0.0252,0.00355));
#10612=CARTESIAN_POINT('',(0.00316781992623545,-0.0252,0.00355));
#10613=CARTESIAN_POINT('',(0.00316781992623545,-0.0252,0.00355));
#10614=CARTESIAN_POINT('',(-0.0027388736053509,-0.025,0.));
#10615=CARTESIAN_POINT('',(-0.0027388736053509,-0.025,0.0017));
#10616=CARTESIAN_POINT('',(-0.0027388736053509,-0.025,0.00355));
#10617=CARTESIAN_POINT('',(0.0047,0.,0.));
#10618=CARTESIAN_POINT('',(0.0047,-0.0258273033822736,-0.0017));
#10619=CARTESIAN_POINT('',(0.0047,-0.0258273033822736,-0.0017));
#10620=CARTESIAN_POINT('',(0.0047,-0.0258273033822736,-0.0013));
#10621=CARTESIAN_POINT('',(0.0047,-0.0262267976341148,-0.00132010827532812));
#10622=CARTESIAN_POINT('',(0.0047,0.,0.));
#10623=CARTESIAN_POINT('',(0.0047,-0.0262267976341148,0.00132010827532812));
#10624=CARTESIAN_POINT('',(0.0047,-0.0258273033822736,0.0013));
#10625=CARTESIAN_POINT('',(0.0047,-0.0258273033822736,0.0017));
#10626=CARTESIAN_POINT('',(0.0047,-0.0252,0.0017));
#10627=CARTESIAN_POINT('',(0.0047,-0.0265,0.00355));
#10628=CARTESIAN_POINT('',(0.0047,-0.0264171572875254,0.00355));
#10629=CARTESIAN_POINT('',(0.0047,-0.0264171572875254,-0.00375));
#10630=CARTESIAN_POINT('',(0.0047,-0.0264171572875254,-0.00355));
#10631=CARTESIAN_POINT('',(0.0047,-0.0252,-0.00355));
#10632=CARTESIAN_POINT('',(0.0045,-0.0252,0.00355));
#10633=CARTESIAN_POINT('',(0.0045,-0.0252,0.00355));
#10634=CARTESIAN_POINT('',(0.0045,-0.0252,0.00355));
#10635=CARTESIAN_POINT('',(0.0045,-0.0264171572875254,0.));
#10636=CARTESIAN_POINT('',(0.0045,-0.0264171572875254,0.00355));
#10637=CARTESIAN_POINT('',(0.00464142135623731,-0.0265585786437628,0.00355));
#10638=CARTESIAN_POINT('',(0.00464142135623731,-0.0265585786437628,0.00375));
#10639=CARTESIAN_POINT('',(0.00464142135623731,-0.0265585786437628,-0.00355));
#10640=CARTESIAN_POINT('',(0.0045,-0.0264171572875254,-0.00355));
#10641=CARTESIAN_POINT('',(0.0045,0.,-0.00355));
#10642=CARTESIAN_POINT('',(0.0045,-0.0264171572875254,-0.00355));
#10643=CARTESIAN_POINT('',(-0.0027388736053509,-0.0252,-0.00355));
#10644=CARTESIAN_POINT('',(0.00319696155060244,-0.0250347296355334,-0.00355));
#10645=CARTESIAN_POINT('',(0.00310495105149132,-0.0255565471063563,-0.00375));
#10646=CARTESIAN_POINT('',(0.00299207579546391,-0.0255752848984129,-0.00375));
#10647=CARTESIAN_POINT('',(0.00289078900768717,-0.0256193663152062,-0.00366016890492448));
#10648=CARTESIAN_POINT('',(0.00288540458860203,-0.0256499028732729,-0.00355));
#10649=CARTESIAN_POINT('',(0.00276739822971836,-0.0274709042876379,0.00355));
#10650=CARTESIAN_POINT('',(0.00288540458860203,-0.0256499028732729,0.00355));
#10651=CARTESIAN_POINT('',(0.00289079051390673,-0.0256193577730105,0.00366019972320918));
#10652=CARTESIAN_POINT('',(0.00299211999674975,-0.0255752775608021,0.00375000000000045));
#10653=CARTESIAN_POINT('',(0.00310495105149075,-0.0255565471063545,0.00375000000000091));
#10654=CARTESIAN_POINT('',(-0.0027388736053509,-0.0252,0.00355));
#10655=CARTESIAN_POINT('',(0.0045,-0.0265,0.00355));
#10656=CARTESIAN_POINT('',(0.0045,-0.0264171572875254,0.00355));
#10657=CARTESIAN_POINT('',(0.0045,-0.0264171572875254,-0.00355));
#10658=CARTESIAN_POINT('',(0.0045,-0.0264171572875254,-0.00355));
#10659=CARTESIAN_POINT('',(0.0045,-0.0264171572875254,0.00355));
#10660=CARTESIAN_POINT('',(0.0045,-0.0264171572875254,0.00355));
#10661=CARTESIAN_POINT('',(0.0037,-0.0275,0.));
#10662=CARTESIAN_POINT('',(0.0037,-0.0275,0.00355));
#10663=CARTESIAN_POINT('',(0.00390983232653964,-0.0272901676734605,0.00355));
#10664=CARTESIAN_POINT('',(0.0310585786437627,-0.000141421356237309,0.));
#10665=CARTESIAN_POINT('',(0.00390983232653964,-0.0272901676734605,-0.00355));
#10666=CARTESIAN_POINT('',(0.0037,-0.0275,-0.00355));
#10667=CARTESIAN_POINT('',(0.000839141841087249,-0.0300780154464382,0.00355));
#10668=CARTESIAN_POINT('',(0.00406009837189226,-0.0268570589156332,0.00375));
#10669=CARTESIAN_POINT('',(0.00397849997558309,-0.0269687826948394,0.00374999999999999));
#10670=CARTESIAN_POINT('',(0.00388750562064725,-0.0270722560769127,0.00374774144122658));
#10671=CARTESIAN_POINT('',(0.00378758297110635,-0.0271679183180271,0.00374815364939951));
#10672=CARTESIAN_POINT('',(0.00378758297110634,-0.0271679183180271,0.00374815364939951));
#10673=CARTESIAN_POINT('',(0.00376841097030233,-0.0271487463172231,0.00355));
#10674=CARTESIAN_POINT('',(0.000839141841087249,-0.0300780154464382,-0.00355));
#10675=CARTESIAN_POINT('',(0.00376841097030233,-0.0271487463172231,-0.00355));
#10676=CARTESIAN_POINT('',(0.00378758297110634,-0.0271679183180271,-0.00374815364939951));
#10677=CARTESIAN_POINT('',(0.00378758297110635,-0.0271679183180271,-0.00374815364939951));
#10678=CARTESIAN_POINT('',(0.00388750562064727,-0.0270722560769127,-0.00374774144122658));
#10679=CARTESIAN_POINT('',(0.00397849997558266,-0.0269687826948389,-0.00375000000000623));
#10680=CARTESIAN_POINT('',(0.00406009837189187,-0.0268570589156327,-0.00375000000000617));
#10681=CARTESIAN_POINT('',(0.0038,0.,0.));
#10682=CARTESIAN_POINT('',(0.004,-0.0259612230066189,0.00395));
#10683=CARTESIAN_POINT('',(0.004,-0.0258543113459155,0.00396554680360495));
#10684=CARTESIAN_POINT('',(0.00390817533315726,-0.0257542002162269,0.00398054911059563));
#10685=CARTESIAN_POINT('',(0.00380000000000018,-0.0257542002162269,0.00398054911059565));
#10686=CARTESIAN_POINT('',(0.0038,-0.0257542002162277,-0.00398054911059553));
#10687=CARTESIAN_POINT('',(0.00390816263260207,-0.0257542002162277,-0.00398054911059553));
#10688=CARTESIAN_POINT('',(0.004,-0.0258543209864726,-0.00396554540170129));
#10689=CARTESIAN_POINT('',(0.004,-0.0259612230066189,-0.00395));
#10690=CARTESIAN_POINT('',(0.00276739822971836,-0.0274709042876379,0.0017));
#10691=CARTESIAN_POINT('',(0.0028520984571058,-0.0258387913313093,0.0017));
#10692=CARTESIAN_POINT('',(0.00284961114202688,-0.025852897596096,0.00159294149210138));
#10693=CARTESIAN_POINT('',(0.00295080366516897,-0.0258449672076332,0.00150000000000174));
#10694=CARTESIAN_POINT('',(0.0030572094148494,-0.0258273033822627,0.0015));
#10695=CARTESIAN_POINT('',(0.00316781992623546,-0.0252,0.0017));
#10696=CARTESIAN_POINT('',(0.00316781992623545,-0.0252,0.0017));
#10697=CARTESIAN_POINT('',(0.00316781992623545,-0.0252,0.0017));
#10698=CARTESIAN_POINT('',(-0.0027388736053509,-0.0252,0.0017));
#10699=CARTESIAN_POINT('',(0.0045,-0.0252,0.0017));
#10700=CARTESIAN_POINT('',(0.0045,-0.0252,0.0017));
#10701=CARTESIAN_POINT('',(0.0045,-0.0252,0.0017));
#10702=CARTESIAN_POINT('',(0.0045,-0.0265,0.0017));
#10703=CARTESIAN_POINT('',(0.0045,-0.0258273033822736,0.0017));
#10704=CARTESIAN_POINT('',(0.0045,-0.0258273033822736,0.0013));
#10705=CARTESIAN_POINT('',(0.0045,-0.0262267976341262,0.00132010827532869));
#10706=CARTESIAN_POINT('',(0.0045,0.,0.));
#10707=CARTESIAN_POINT('',(0.0045,-0.0262267976341148,-0.00132010827532812));
#10708=CARTESIAN_POINT('',(0.0045,-0.0258273033822736,-0.0013));
#10709=CARTESIAN_POINT('',(0.0045,-0.0258273033822736,-0.0017));
#10710=CARTESIAN_POINT('',(0.0045,0.,-0.0017));
#10711=CARTESIAN_POINT('',(0.0045,-0.0252,-0.0017));
#10712=CARTESIAN_POINT('',(0.0045,-0.0252,-0.0017));
#10713=CARTESIAN_POINT('',(0.0045,-0.0252,-0.0017));
#10714=CARTESIAN_POINT('',(-0.0027388736053509,-0.0252,-0.0017));
#10715=CARTESIAN_POINT('',(0.00316781992623545,-0.0252,-0.0017));
#10716=CARTESIAN_POINT('',(0.00316781992623545,-0.0252,-0.0017));
#10717=CARTESIAN_POINT('',(0.00316781992623545,-0.0252,-0.0017));
#10718=CARTESIAN_POINT('',(0.00319696155060244,-0.0250347296355334,-0.0017));
#10719=CARTESIAN_POINT('',(0.00305720941485095,-0.0258273033822736,-0.0015));
#10720=CARTESIAN_POINT('',(0.00295080586881734,-0.0258449668418292,-0.0015));
#10721=CARTESIAN_POINT('',(0.00284961030450083,-0.0258529023459408,-0.00159290544348972));
#10722=CARTESIAN_POINT('',(0.00285209845710546,-0.0258387913313095,-0.00169999999999995));
#10723=CARTESIAN_POINT('',(0.00280890328485402,-0.0271487463172231,-0.00355));
#10724=CARTESIAN_POINT('',(0.00309588793132937,-0.02734705808962,-0.00357593146599784));
#10725=CARTESIAN_POINT('',(0.00309588793132937,-0.0273463692630416,-0.00358119929079591));
#10726=CARTESIAN_POINT('',(0.0031003090976471,-0.0273456486273515,-0.00358519695431101));
#10727=CARTESIAN_POINT('',(0.00310458689129702,-0.0273450647731668,-0.00358819769437946));
#10728=CARTESIAN_POINT('',(0.00310458689129719,-0.0273450647731668,-0.00358819769437927));
#10729=CARTESIAN_POINT('',(0.00310458689129719,-0.0273450647731668,-0.00358819769437927));
#10730=CARTESIAN_POINT('',(0.00315297692524391,-0.0273384602648308,-0.00362214180801896));
#10731=CARTESIAN_POINT('',(0.00327191577336188,-0.0273265875754866,-0.00364345756375243));
#10732=CARTESIAN_POINT('',(0.00349324737861508,-0.027282953799869,-0.00370786683511917));
#10733=CARTESIAN_POINT('',(0.00366017066068242,-0.0272318297022178,-0.0037380575998044));
#10734=CARTESIAN_POINT('',(0.00376841097029137,-0.0271849893984764,-0.00374668868566815));
#10735=CARTESIAN_POINT('',(0.00376841097030233,-0.0271849893984974,-0.00374668868564242));
#10736=CARTESIAN_POINT('',(0.00376841097030233,-0.0271487463172231,-0.00355));
#10737=CARTESIAN_POINT('',(0.00376841097030233,-0.0271487463172231,-0.00355));
#10738=CARTESIAN_POINT('',(0.00376841097030233,-0.0271849893984974,-0.00374668868564242));
#10739=CARTESIAN_POINT('',(0.0037748584551246,-0.0271794091826142,-0.00374771693094856));
#10740=CARTESIAN_POINT('',(0.00378125135006776,-0.0271737212857136,-0.00374820479830667));
#10741=CARTESIAN_POINT('',(0.00378758297110637,-0.0271679183180273,-0.00374815364940013));
#10742=CARTESIAN_POINT('',(0.00376841097030233,-0.0271487463172231,-0.00355));
#10743=CARTESIAN_POINT('',(0.00376841097030235,-0.02734705808962,0.00357593146599785));
#10744=CARTESIAN_POINT('',(0.00385154435315065,-0.0273484556468494,0.00356524359932597));
#10745=CARTESIAN_POINT('',(0.00390983232653966,-0.0272901676734604,0.00355000000000001));
#10746=CARTESIAN_POINT('',(0.00346068895965202,-0.0276570278982645,0.0012054267615226));
#10747=CARTESIAN_POINT('',(0.00354415198888203,-0.0276558480111064,0.00120726059348926));
#10748=CARTESIAN_POINT('',(0.00360211031588934,-0.0275978896841108,0.00119668540745051));
#10749=CARTESIAN_POINT('',(0.00346068895968108,-0.0276570278982646,-0.00120542676152162));
#10750=CARTESIAN_POINT('',(0.00354415198891358,-0.0276558480111214,-0.00120726059345609));
#10751=CARTESIAN_POINT('',(0.00360211031591008,-0.02759788968409,-0.00119668540744996));
#10752=CARTESIAN_POINT('',(0.00376841097030234,-0.02734705808962,-0.00357593146599781));
#10753=CARTESIAN_POINT('',(0.00385154435315064,-0.0273484556468495,-0.00356524359932594));
#10754=CARTESIAN_POINT('',(0.00390983232653965,-0.0272901676734604,-0.00354999999999998));
#10755=CARTESIAN_POINT('',(0.00376841097030233,-0.0271487463172231,0.00355));
#10756=CARTESIAN_POINT('',(0.00376841097030233,-0.0271487463172231,0.00355));
#10757=CARTESIAN_POINT('',(0.00378758297110635,-0.0271679183180271,0.00374815364939951));
#10758=CARTESIAN_POINT('',(0.00378125135006776,-0.0271737212857134,0.00374820479830606));
#10759=CARTESIAN_POINT('',(0.00377485845512473,-0.0271794091826143,0.00374771693094949));
#10760=CARTESIAN_POINT('',(0.00376841097030244,-0.0271849893984976,0.00374668868564335));
#10761=CARTESIAN_POINT('',(0.00376841097030233,-0.0271849893984974,0.00374668868564242));
#10762=CARTESIAN_POINT('',(0.00376841097030233,-0.0271487463172231,0.00355));
#10763=CARTESIAN_POINT('',(0.00280890328485402,-0.0271487463172231,0.00355));
#10764=CARTESIAN_POINT('',(0.00376841097030233,-0.0271849893984974,0.00374668868564242));
#10765=CARTESIAN_POINT('',(0.00366036830893926,-0.0272317441712206,0.00373807336025024));
#10766=CARTESIAN_POINT('',(0.00349295927336665,-0.0272830384104661,0.00370781047503796));
#10767=CARTESIAN_POINT('',(0.00327179870934921,-0.0273265977537936,0.00364342060674829));
#10768=CARTESIAN_POINT('',(0.00315297034630324,-0.027338461162761,0.00362213719306474));
#10769=CARTESIAN_POINT('',(0.00310458689128893,-0.0273450647731647,0.00358819769439834));
#10770=CARTESIAN_POINT('',(0.00310458689129685,-0.0273450647731669,0.003588197694379));
#10771=CARTESIAN_POINT('',(0.00310458689129685,-0.0273450647731669,0.003588197694379));
#10772=CARTESIAN_POINT('',(0.00310031262577159,-0.0273456481458159,0.00358519942918087));
#10773=CARTESIAN_POINT('',(0.00309588793132935,-0.0273463695182691,0.00358119733893499));
#10774=CARTESIAN_POINT('',(0.00309588793132935,-0.02734705808962,0.00357593146599784));
#10775=CARTESIAN_POINT('',(0.00265513690650337,-0.0260036290716133,0.00171314771848415));
#10776=CARTESIAN_POINT('',(0.00282301056011349,-0.0260037569926927,0.00171120602235218));
#10777=CARTESIAN_POINT('',(0.00285209845710581,-0.0258387913313092,0.0017));
#10778=CARTESIAN_POINT('',(0.00265267251462166,-0.0260177146369429,0.00149934489684714));
#10779=CARTESIAN_POINT('',(0.00281565325876139,-0.0260117567658458,0.00158953878873911));
#10780=CARTESIAN_POINT('',(0.00284963385998912,-0.0258527687561298,0.0015939190143292));
#10781=CARTESIAN_POINT('',(0.00284695401344162,-0.0260270505040102,0.00131005422067379));
#10782=CARTESIAN_POINT('',(0.00294867038667355,-0.0260183149471708,0.00148360486748951));
#10783=CARTESIAN_POINT('',(0.00294891172644245,-0.0258452812738465,0.00150000000000049));
#10784=CARTESIAN_POINT('',(0.00305720941485104,-0.0260270505081884,0.00131005413766435));
#10785=CARTESIAN_POINT('',(0.00305720941485193,-0.0260174897105557,0.00149999999999984));
#10786=CARTESIAN_POINT('',(0.00305720941485198,-0.0258273033822623,0.0015));
#10787=CARTESIAN_POINT('',(0.00265513690650337,-0.0258040616957758,0.0017));
#10788=CARTESIAN_POINT('',(0.0028520984571058,-0.0258387913313093,0.0017));
#10789=CARTESIAN_POINT('',(0.00282301056011348,-0.0260037569926928,0.00171120602235218));
#10790=CARTESIAN_POINT('',(0.00265513690650336,-0.0260036290716134,0.00171314771848415));
#10791=CARTESIAN_POINT('',(0.002859285252201,-0.0257980329909446,0.00231866513487342));
#10792=CARTESIAN_POINT('',(0.00283023735803405,-0.02596277178504,0.00233402451696595));
#10793=CARTESIAN_POINT('',(0.00266232370159805,-0.0259625555082027,0.00233659757984567));
#10794=CARTESIAN_POINT('',(0.00287039686943455,-0.0257350158781414,0.00293586355928156));
#10795=CARTESIAN_POINT('',(0.00284141237579204,-0.0258993951099923,0.00295537633576787));
#10796=CARTESIAN_POINT('',(0.00267343531883179,-0.0258990510240691,0.00295856938727312));
#10797=CARTESIAN_POINT('',(0.00288540458860203,-0.0256499028732729,0.00354999999999999));
#10798=CARTESIAN_POINT('',(0.00285649836884481,-0.0258138381918559,0.00357342613634933));
#10799=CARTESIAN_POINT('',(0.00268844303799959,-0.0258132797592999,0.00357745552977572));
#10800=CARTESIAN_POINT('',(0.00268844303799959,-0.0256151732377396,0.00355));
#10801=CARTESIAN_POINT('',(0.00288540458860203,-0.0256499028732729,0.00355));
#10802=CARTESIAN_POINT('',(0.00285649836884482,-0.0258138381918559,0.00357342613634934));
#10803=CARTESIAN_POINT('',(0.00268844303799959,-0.0258132797592999,0.00357745552977573));
#10804=CARTESIAN_POINT('',(0.00289062859642414,-0.0256202760526859,0.0036568866031117));
#10805=CARTESIAN_POINT('',(0.00287278223952297,-0.0257959235092823,0.00370294557077145));
#10806=CARTESIAN_POINT('',(0.00269366730132029,-0.025783423855784,0.003792882048291));
#10807=CARTESIAN_POINT('',(0.00299378481824347,-0.0255750012174738,0.00375000000000061));
#10808=CARTESIAN_POINT('',(0.00301736630867234,-0.0257866766151522,0.00377042640689775));
#10809=CARTESIAN_POINT('',(0.00288912649595225,-0.0257542002416264,0.003980548946267));
#10810=CARTESIAN_POINT('',(0.00310495105149123,-0.0255565471063565,0.00375000000000064));
#10811=CARTESIAN_POINT('',(0.00310495105149124,-0.0257898337070536,0.00375000000000064));
#10812=CARTESIAN_POINT('',(0.0031049510514912,-0.0257542002162279,0.00398054911059617));
#10813=CARTESIAN_POINT('',(0.00310495105149132,-0.0255565471063563,0.00395));
#10814=CARTESIAN_POINT('',(-0.0042609690068058,-0.0255565471063563,0.00395));
#10815=CARTESIAN_POINT('',(0.0038,-0.0255565471063563,0.00395));
#10816=CARTESIAN_POINT('',(0.004,-0.0259612230066189,0.00395));
#10817=CARTESIAN_POINT('',(0.004,-0.0259612230066189,0.00375));
#10818=CARTESIAN_POINT('',(0.0042,-0.0259612230066189,0.00375));
#10819=CARTESIAN_POINT('',(0.004,-0.0258525643991697,0.00396580084028985));
#10820=CARTESIAN_POINT('',(0.00398354906142303,-0.0258480956574495,0.00375000000000017));
#10821=CARTESIAN_POINT('',(0.0041999997866438,-0.0257487139873895,0.00375));
#10822=CARTESIAN_POINT('',(0.00390628975556179,-0.0257542002195823,0.00398054908888446));
#10823=CARTESIAN_POINT('',(0.00388712732616485,-0.0257898337519145,0.00375000000000114));
#10824=CARTESIAN_POINT('',(0.00401257951112354,-0.0255565472490374,0.00375));
#10825=CARTESIAN_POINT('',(0.00380000000000011,-0.0257542002162266,0.00398054911059553));
#10826=CARTESIAN_POINT('',(0.00380000000000009,-0.0257898337070524,0.00375));
#10827=CARTESIAN_POINT('',(0.00380000000000023,-0.0255565471063552,0.00375));
#10828=CARTESIAN_POINT('',(0.0042,-0.0259612230066189,0.00395));
#10829=CARTESIAN_POINT('',(0.0042,-0.0265,0.00395));
#10830=CARTESIAN_POINT('',(0.0042,-0.0262885706771881,0.00395));
#10831=CARTESIAN_POINT('',(0.00388341530991022,-0.026764338201781,0.00393636310770786));
#10832=CARTESIAN_POINT('',(0.00389469336146884,-0.0267702567600154,0.00375));
#10833=CARTESIAN_POINT('',(0.00406009837189226,-0.0268570589156332,0.00375));
#10834=CARTESIAN_POINT('',(0.00396028134292556,-0.026617259473071,0.00394049298141304));
#10835=CARTESIAN_POINT('',(0.00397007176544047,-0.0266181991428531,0.00374999999999999));
#10836=CARTESIAN_POINT('',(0.00415233759033458,-0.0266812933108713,0.00375));
#10837=CARTESIAN_POINT('',(0.00400000000000001,-0.0264547046312686,0.00394513918426229));
#10838=CARTESIAN_POINT('',(0.00400480245965256,-0.0264527100075117,0.00374999999999987));
#10839=CARTESIAN_POINT('',(0.00419999999061405,-0.0264870549854469,0.00375));
#10840=CARTESIAN_POINT('',(0.004,-0.0262885706771881,0.00395));
#10841=CARTESIAN_POINT('',(0.004,-0.0262885706771881,0.00375));
#10842=CARTESIAN_POINT('',(0.0042,-0.0262885706771881,0.00375));
#10843=CARTESIAN_POINT('',(0.00406009837189226,-0.0268570589156332,0.00395));
#10844=CARTESIAN_POINT('',(0.00406009837189226,-0.0268570589156332,0.00375));
#10845=CARTESIAN_POINT('',(0.00389469336146884,-0.0267702567600154,0.00375000000000001));
#10846=CARTESIAN_POINT('',(0.00388341530991022,-0.026764338201781,0.00393636310770786));
#10847=CARTESIAN_POINT('',(0.0039799396759829,-0.0269668114592736,0.00375));
#10848=CARTESIAN_POINT('',(0.00384598104443223,-0.0268660846209425,0.00376771186324404));
#10849=CARTESIAN_POINT('',(0.00382894717992735,-0.02686855984464,0.00393343655097672));
#10850=CARTESIAN_POINT('',(0.00388901309512128,-0.0270708128887536,0.00374773522131953));
#10851=CARTESIAN_POINT('',(0.00377110795638563,-0.0269700092830929,0.00377132755460003));
#10852=CARTESIAN_POINT('',(0.00375862286057344,-0.0269611532986309,0.00392638641005623));
#10853=CARTESIAN_POINT('',(0.00378758297110634,-0.0271679183180271,0.0037481536493995));
#10854=CARTESIAN_POINT('',(0.00368286211298586,-0.0270534704266721,0.00376935892850436));
#10855=CARTESIAN_POINT('',(0.0036722958099253,-0.0270405693201972,0.00392503923077276));
#10856=CARTESIAN_POINT('',(0.00380675497191036,-0.0271870903188311,0.00394630729879901));
#10857=CARTESIAN_POINT('',(0.00378758297110635,-0.0271679183180271,0.00374815364939951));
#10858=CARTESIAN_POINT('',(0.00368286211298587,-0.0270534704266721,0.00376935892850436));
#10859=CARTESIAN_POINT('',(0.0036722958099253,-0.0270405693201971,0.00392503923077276));
#10860=CARTESIAN_POINT('',(0.00378125134898058,-0.0271737212842224,0.00374820479855551));
#10861=CARTESIAN_POINT('',(0.00367713168698508,-0.0270589948391779,0.00376937886176456));
#10862=CARTESIAN_POINT('',(0.00366174310871589,-0.0270502772116354,0.00392487454318308));
#10863=CARTESIAN_POINT('',(0.00377485845714589,-0.0271794091851353,0.00374771693048402));
#10864=CARTESIAN_POINT('',(0.00367140466804329,-0.0270645362503011,0.00376888412286911));
#10865=CARTESIAN_POINT('',(0.00365108828410172,-0.027059817209807,0.00392364681854343));
#10866=CARTESIAN_POINT('',(0.00376841097030233,-0.0271849893984974,0.00374668868564243));
#10867=CARTESIAN_POINT('',(0.00366563119682198,-0.0270701354979588,0.00376785238012898));
#10868=CARTESIAN_POINT('',(0.00364034247525194,-0.0270692015221745,0.00392135355445844));
#10869=CARTESIAN_POINT('',(0.00376841097030233,-0.0272212324797718,0.00394337737128484));
#10870=CARTESIAN_POINT('',(0.00376841097030298,-0.0271849893984972,0.0037466886856429));
#10871=CARTESIAN_POINT('',(0.00366563119682246,-0.0270701354979584,0.0037678523801293));
#10872=CARTESIAN_POINT('',(0.00364034247525249,-0.0270692015221741,0.00392135355445897));
#10873=CARTESIAN_POINT('',(0.00366533220070282,-0.0272295960884126,0.00373846917935718));
#10874=CARTESIAN_POINT('',(0.00359693938292624,-0.0271303329678243,0.00378181046123345));
#10875=CARTESIAN_POINT('',(0.00355444350164089,-0.0271442170944359,0.00390302171797386));
#10876=CARTESIAN_POINT('',(0.00349688023373022,-0.0272822432344838,0.00370785061998894));
#10877=CARTESIAN_POINT('',(0.0034563960493889,-0.027227123270394,0.003763552999319));
#10878=CARTESIAN_POINT('',(0.00341406685439311,-0.0272336906574705,0.00384000197453221));
#10879=CARTESIAN_POINT('',(0.00327236481373019,-0.02732661161722,0.00364528859746672));
#10880=CARTESIAN_POINT('',(0.00325095251623436,-0.0273105851638065,0.0036785979722895));
#10881=CARTESIAN_POINT('',(0.00322697068950466,-0.0273106030700711,0.00371420326404113));
#10882=CARTESIAN_POINT('',(0.00314407401179007,-0.0273396773024116,0.00361588679858584));
#10883=CARTESIAN_POINT('',(0.0031320871606941,-0.0273349857111476,0.0036354657677682));
#10884=CARTESIAN_POINT('',(0.00312006165152568,-0.0273336966939658,0.00365543867702598));
#10885=CARTESIAN_POINT('',(0.00310458689129707,-0.0273450647731669,0.00358819769437885));
#10886=CARTESIAN_POINT('',(0.00309584652301839,-0.0273438968091085,0.00359420048863804));
#10887=CARTESIAN_POINT('',(0.00308715574274756,-0.0273438492735999,0.00360038593892622));
#10888=CARTESIAN_POINT('',(0.00310458689129684,-0.0275413832291105,0.00362639538875804));
#10889=CARTESIAN_POINT('',(0.00307845678277982,-0.027347812725786,0.00357603014305489));
#10890=CARTESIAN_POINT('',(0.00308715574274765,-0.02734705808962,0.00357593146599784));
#10891=CARTESIAN_POINT('',(0.00309588793132936,-0.02734705808962,0.00357593146599784));
#10892=CARTESIAN_POINT('',(0.0030784582095472,-0.0273466480306954,0.00358493622582445));
#10893=CARTESIAN_POINT('',(0.00308715716858211,-0.0273461829981442,0.00358262278882122));
#10894=CARTESIAN_POINT('',(0.0030958893579394,-0.0273464715976034,0.00358041668373768));
#10895=CARTESIAN_POINT('',(0.00308205394617917,-0.0273452347723056,0.00359328264119986));
#10896=CARTESIAN_POINT('',(0.00309075092085148,-0.0273450448195211,0.00358888438778989));
#10897=CARTESIAN_POINT('',(0.00309948509492252,-0.0273457608536665,0.00358462016303847));
#10898=CARTESIAN_POINT('',(0.00308715574274277,-0.0273438492735999,0.00360038593892942));
#10899=CARTESIAN_POINT('',(0.00309584652301358,-0.0273438968091086,0.00359420048864049));
#10900=CARTESIAN_POINT('',(0.0031045868912923,-0.0273450647731671,0.00358819769438052));
#10901=CARTESIAN_POINT('',(0.00309588793132937,-0.027545369862017,0.00360186293199568));
#10902=CARTESIAN_POINT('',(0.00309588793132937,0.,0.));
#10903=CARTESIAN_POINT('',(0.00309588793132937,-0.027545369862017,-0.00360186293199568));
#10904=CARTESIAN_POINT('',(0.00308715574274767,-0.0273438492735997,-0.00360038593892702));
#10905=CARTESIAN_POINT('',(0.00309584652301849,-0.0273438968091084,-0.00359420048863866));
#10906=CARTESIAN_POINT('',(0.00310458689129721,-0.0273450647731668,-0.00358819769437926));
#10907=CARTESIAN_POINT('',(0.00308201178189204,-0.0273452462661259,-0.00359322360697008));
#10908=CARTESIAN_POINT('',(0.00309070881901863,-0.0273450543371085,-0.00358884021724317));
#10909=CARTESIAN_POINT('',(0.00309944293061138,-0.0273457666382825,-0.00358459043278813));
#10910=CARTESIAN_POINT('',(0.00307845790049046,-0.0273466551613469,-0.00358488190246512));
#10911=CARTESIAN_POINT('',(0.00308715685984888,-0.02734618836239,-0.00358258197541453));
#10912=CARTESIAN_POINT('',(0.00309588904891674,-0.0273464751751824,-0.00358038932407991));
#10913=CARTESIAN_POINT('',(0.00307845678277998,-0.0273478127257859,-0.00357603014305486));
#10914=CARTESIAN_POINT('',(0.00308715574274783,-0.02734705808962,-0.00357593146599782));
#10915=CARTESIAN_POINT('',(0.00309588793132951,-0.02734705808962,-0.00357593146599783));
#10916=CARTESIAN_POINT('',(0.0031045868912972,-0.0275413832291104,-0.00362639538875851));
#10917=CARTESIAN_POINT('',(0.00310458689113583,-0.0273450647731851,-0.00358819769434079));
#10918=CARTESIAN_POINT('',(0.00309584652287071,-0.0273438968091318,-0.00359420048858054));
#10919=CARTESIAN_POINT('',(0.00308715574261322,-0.0273438492736236,-0.00360038593884834));
#10920=CARTESIAN_POINT('',(0.00314420556556535,-0.0273396593980357,-0.00361597881887026));
#10921=CARTESIAN_POINT('',(0.00313220824327501,-0.0273349559771508,-0.00363560329177685));
#10922=CARTESIAN_POINT('',(0.00312017128010538,-0.0273336629302738,-0.0036556216307155));
#10923=CARTESIAN_POINT('',(0.00327249155338151,-0.0273266111764123,-0.00364531259349436));
#10924=CARTESIAN_POINT('',(0.00325109781992481,-0.0273105659739927,-0.00367864672192201));
#10925=CARTESIAN_POINT('',(0.00322707630570555,-0.0273106013358263,-0.00371425071435179));
#10926=CARTESIAN_POINT('',(0.00349766908795078,-0.0272820211393734,-0.00370802334896099));
#10927=CARTESIAN_POINT('',(0.00345704205457533,-0.0272267617434871,-0.00376372696594726));
#10928=CARTESIAN_POINT('',(0.00341472423291903,-0.0272333114992388,-0.00384035394529534));
#10929=CARTESIAN_POINT('',(0.00366479869302665,-0.0272298269600952,-0.00373842663750363));
#10930=CARTESIAN_POINT('',(0.00359660880993248,-0.0271306226619877,-0.00378187763197416));
#10931=CARTESIAN_POINT('',(0.00355399891239242,-0.0271446053543588,-0.00390292683651236));
#10932=CARTESIAN_POINT('',(0.00376841097030234,-0.0271849893984974,-0.00374668868564242));
#10933=CARTESIAN_POINT('',(0.003665631196822,-0.0270701354979588,-0.00376785238012897));
#10934=CARTESIAN_POINT('',(0.00364034247525195,-0.0270692015221746,-0.00392135355445842));
#10935=CARTESIAN_POINT('',(0.00376841097030233,-0.0272212324797718,-0.00394337737128484));
#10936=CARTESIAN_POINT('',(0.00376841097030234,-0.0271849893984974,-0.00374668868564242));
#10937=CARTESIAN_POINT('',(0.00366563119682199,-0.0270701354979588,-0.00376785238012897));
#10938=CARTESIAN_POINT('',(0.00364034247525195,-0.0270692015221745,-0.00392135355445843));
#10939=CARTESIAN_POINT('',(0.00377490231925676,-0.0271793712224432,-0.00374772392572591));
#10940=CARTESIAN_POINT('',(0.00367144398878962,-0.0270644981159999,-0.00376889114343144));
#10941=CARTESIAN_POINT('',(0.00365116138969199,-0.027059753368395,-0.00392366240839672));
#10942=CARTESIAN_POINT('',(0.00378129386991376,-0.0271736823142165,-0.0037482044549919));
#10943=CARTESIAN_POINT('',(0.00367717015157725,-0.0270589577570066,-0.00376937873248966));
#10944=CARTESIAN_POINT('',(0.00366181397581516,-0.0270502120164693,-0.00392487565894327));
#10945=CARTESIAN_POINT('',(0.00378758297110635,-0.0271679183180271,-0.0037481536493995));
#10946=CARTESIAN_POINT('',(0.00368286211298587,-0.0270534704266721,-0.00376935892850436));
#10947=CARTESIAN_POINT('',(0.00367229580992531,-0.0270405693201972,-0.00392503923077276));
#10948=CARTESIAN_POINT('',(0.00380675497191036,-0.0271870903188311,-0.00394630729879901));
#10949=CARTESIAN_POINT('',(0.00388341530991022,-0.026764338201781,-0.00393636310770786));
#10950=CARTESIAN_POINT('',(0.00389469336146884,-0.0267702567600154,-0.00375));
#10951=CARTESIAN_POINT('',(0.00406009837189226,-0.0268570589156332,-0.00375));
#10952=CARTESIAN_POINT('',(0.00382890794446666,-0.0268686349194557,-0.00393343444278601));
#10953=CARTESIAN_POINT('',(0.00384594773768446,-0.0268661501419852,-0.00376772397320489));
#10954=CARTESIAN_POINT('',(0.0039798819344044,-0.0269668905181524,-0.00375));
#10955=CARTESIAN_POINT('',(0.00375881802914418,-0.0269609737533825,-0.00392638946377154));
#10956=CARTESIAN_POINT('',(0.00377130704756081,-0.0269698209467774,-0.00377133198674959));
#10957=CARTESIAN_POINT('',(0.00388924239834507,-0.0270705933387577,-0.00374773427766353));
#10958=CARTESIAN_POINT('',(0.00367229580992531,-0.0270405693201971,-0.00392503923077283));
#10959=CARTESIAN_POINT('',(0.00368286211298588,-0.0270534704266721,-0.00376935892850442));
#10960=CARTESIAN_POINT('',(0.00378758297110636,-0.0271679183180271,-0.00374815364939958));
#10961=CARTESIAN_POINT('',(0.00406009837189226,-0.0268570589156332,-0.00395));
#10962=CARTESIAN_POINT('',(0.004,-0.0262885706771882,-0.00395));
#10963=CARTESIAN_POINT('',(0.004,-0.0262885706771882,-0.00375));
#10964=CARTESIAN_POINT('',(0.0042,-0.0262885706771882,-0.00375));
#10965=CARTESIAN_POINT('',(0.004,-0.0264546994501195,-0.00394513933588264));
#10966=CARTESIAN_POINT('',(0.00400480230107544,-0.0264527049522523,-0.00374999999999994));
#10967=CARTESIAN_POINT('',(0.00419999997783083,-0.0264870487954096,-0.00375));
#10968=CARTESIAN_POINT('',(0.00396027736587367,-0.0266172670830639,-0.00394049276682917));
#10969=CARTESIAN_POINT('',(0.00397006783804027,-0.0266182070909218,-0.00374999999999949));
#10970=CARTESIAN_POINT('',(0.00415233282935778,-0.0266813024111461,-0.00375));
#10971=CARTESIAN_POINT('',(0.00388341530991024,-0.026764338201781,-0.00393636310770786));
#10972=CARTESIAN_POINT('',(0.00389469336146886,-0.0267702567600154,-0.00375));
#10973=CARTESIAN_POINT('',(0.00406009837189229,-0.0268570589156332,-0.00375));
#10974=CARTESIAN_POINT('',(0.0042,-0.0262885706771881,-0.00395));
#10975=CARTESIAN_POINT('',(0.0042,-0.0265,-0.00395));
#10976=CARTESIAN_POINT('',(0.0042,-0.0259612230066189,-0.00395));
#10977=CARTESIAN_POINT('',(0.0038,-0.0257542002162277,-0.00398054911059553));
#10978=CARTESIAN_POINT('',(0.0038,-0.0257898337070534,-0.00375));
#10979=CARTESIAN_POINT('',(0.0038,-0.0255565471063563,-0.00375));
#10980=CARTESIAN_POINT('',(0.00390626761365859,-0.02575420022162,-0.00398054907570728));
#10981=CARTESIAN_POINT('',(0.00388710917453853,-0.0257898337792639,-0.00375000000000132));
#10982=CARTESIAN_POINT('',(0.004012535227317,-0.0255565473356634,-0.00375));
#10983=CARTESIAN_POINT('',(0.004,-0.0258525859811944,-0.00396579770173946));
#10984=CARTESIAN_POINT('',(0.00398355250007796,-0.0258481190348694,-0.00375000000000006));
#10985=CARTESIAN_POINT('',(0.00419999985560053,-0.0257487561963513,-0.00375));
#10986=CARTESIAN_POINT('',(0.004,-0.0259612230066189,-0.00395));
#10987=CARTESIAN_POINT('',(0.004,-0.0259612230066189,-0.00375));
#10988=CARTESIAN_POINT('',(0.0042,-0.0259612230066189,-0.00375));
#10989=CARTESIAN_POINT('',(0.0038,-0.0255565471063563,-0.00395));
#10990=CARTESIAN_POINT('',(-0.0042609690068058,-0.0255565471063563,-0.00395));
#10991=CARTESIAN_POINT('',(0.00310495105149132,-0.0255565471063563,-0.00395));
#10992=CARTESIAN_POINT('',(0.00310495105149131,-0.0255565471063563,-0.00375));
#10993=CARTESIAN_POINT('',(0.00310495105149131,-0.0257898337070534,-0.00375));
#10994=CARTESIAN_POINT('',(0.00310495105149132,-0.0257542002162277,-0.00398054911059553));
#10995=CARTESIAN_POINT('',(0.00299376095488258,-0.0255750051924048,-0.00375));
#10996=CARTESIAN_POINT('',(0.00301734844124692,-0.0257866759759571,-0.00377043053804203));
#10997=CARTESIAN_POINT('',(0.00288908016855197,-0.0257542002555531,-0.00398054885615935));
#10998=CARTESIAN_POINT('',(0.00289062875028641,-0.0256202751800861,-0.00365688981856291));
#10999=CARTESIAN_POINT('',(0.00287278267656254,-0.0257959229513485,-0.00370294960637698));
#11000=CARTESIAN_POINT('',(0.00269366735823401,-0.0257834229576636,-0.00379288852871589));
#11001=CARTESIAN_POINT('',(0.00288540458860138,-0.0256499028732729,-0.00355000000000007));
#11002=CARTESIAN_POINT('',(0.00285649836884418,-0.0258138381918559,-0.00357342613634943));
#11003=CARTESIAN_POINT('',(0.00268844303799894,-0.0258132797592999,-0.00357745552977587));
#11004=CARTESIAN_POINT('',(0.00268844303799959,-0.0256151732377396,-0.00355));
#11005=CARTESIAN_POINT('',(0.00288540458860203,-0.0256499028732729,-0.00355000000000001));
#11006=CARTESIAN_POINT('',(0.00285649836884482,-0.0258138381918559,-0.00357342613634935));
#11007=CARTESIAN_POINT('',(0.00268844303799959,-0.0258132797592999,-0.00357745552977573));
#11008=CARTESIAN_POINT('',(0.00287039686943474,-0.0257350158781403,-0.00293586355928158));
#11009=CARTESIAN_POINT('',(0.00284141237578824,-0.025899395109992,-0.00295537633577039));
#11010=CARTESIAN_POINT('',(0.00267343531883179,-0.025899051024069,-0.00295856938727382));
#11011=CARTESIAN_POINT('',(0.00285928525220045,-0.0257980329909477,-0.00231866513487344));
#11012=CARTESIAN_POINT('',(0.00283023735803116,-0.0259627717850454,-0.0023340245169617));
#11013=CARTESIAN_POINT('',(0.00266232370159805,-0.0259625555082027,-0.00233659757984555));
#11014=CARTESIAN_POINT('',(0.0028520984571058,-0.0258387913313093,-0.00170000000000002));
#11015=CARTESIAN_POINT('',(0.00282301056011348,-0.0260037569926927,-0.0017112060223522));
#11016=CARTESIAN_POINT('',(0.00265513690650336,-0.0260036290716134,-0.00171314771848417));
#11017=CARTESIAN_POINT('',(0.00265513690650337,-0.0258040616957758,-0.0017));
#11018=CARTESIAN_POINT('',(0.00305720941485095,-0.0260270505081884,-0.00131005413766435));
#11019=CARTESIAN_POINT('',(0.00305720941485188,-0.0260174897105557,-0.00149999999999983));
#11020=CARTESIAN_POINT('',(0.00305720941485193,-0.0258273033822623,-0.0015));
#11021=CARTESIAN_POINT('',(0.00284460410241909,-0.0260270504981427,-0.00131005433724496));
#11022=CARTESIAN_POINT('',(0.00294750753144316,-0.0260183237843907,-0.00148342928068788));
#11023=CARTESIAN_POINT('',(0.0029477013421853,-0.0258454821973383,-0.00150000000000052));
#11024=CARTESIAN_POINT('',(0.00265270301795524,-0.0260175393864017,-0.00150200500024587));
#11025=CARTESIAN_POINT('',(0.00281574336707808,-0.0260116586764588,-0.00159103061960081));
#11026=CARTESIAN_POINT('',(0.00284966451896284,-0.0258525948804495,-0.001595238858498));
#11027=CARTESIAN_POINT('',(0.00265513690650336,-0.0260036290716134,-0.00171314771848415));
#11028=CARTESIAN_POINT('',(0.00282301056011348,-0.0260037569926927,-0.00171120602235218));
#11029=CARTESIAN_POINT('',(0.0028520984571058,-0.0258387913313093,-0.0017));
#11030=MECHANICAL_DESIGN_GEOMETRIC_PRESENTATION_REPRESENTATION('',(#5454),
#11031);
#11031=(
GEOMETRIC_REPRESENTATION_CONTEXT(3)
GLOBAL_UNCERTAINTY_ASSIGNED_CONTEXT((#11032))
GLOBAL_UNIT_ASSIGNED_CONTEXT((#11035,#11034,#11033))
REPRESENTATION_CONTEXT('BANDBASE2','TOP_LEVEL_ASSEMBLY_PART')
);
#11032=UNCERTAINTY_MEASURE_WITH_UNIT(LENGTH_MEASURE(2.E-5),#11035,
'DISTANCE_ACCURACY_VALUE','Maximum Tolerance applied to model');
#11033=(
NAMED_UNIT(*)
SI_UNIT($,.STERADIAN.)
SOLID_ANGLE_UNIT()
);
#11034=(
NAMED_UNIT(*)
PLANE_ANGLE_UNIT()
SI_UNIT($,.RADIAN.)
);
#11035=(
LENGTH_UNIT()
NAMED_UNIT(*)
SI_UNIT($,.METRE.)
);
#11036=PRODUCT_DEFINITION_SHAPE('','',#11037);
#11037=PRODUCT_DEFINITION('','',#11039,#11038);
#11038=PRODUCT_DEFINITION_CONTEXT('',#11045,'design');
#11039=PRODUCT_DEFINITION_FORMATION_WITH_SPECIFIED_SOURCE('','',#11041,
 .NOT_KNOWN.);
#11040=PRODUCT_RELATED_PRODUCT_CATEGORY('','',(#11041));
#11041=PRODUCT('BANDBASE2','BANDBASE2','BANDBASE2',(#11043));
#11042=PRODUCT_CATEGORY('','');
#11043=PRODUCT_CONTEXT('',#11045,'mechanical');
#11044=APPLICATION_PROTOCOL_DEFINITION('international standard',
'ap242_managed_model_based_3d_engineering',2020,#11045);
#11045=APPLICATION_CONTEXT('managed model based 3d engineering');
ENDSEC;
END-ISO-10303-21;
