ISO-10303-21;
HEADER;
/* Generated by software containing ST-Developer
 * from STEP Tools, Inc. (www.steptools.com) 
 */
/* OPTION: using custom renumber hook */

FILE_DESCRIPTION(
/* description */ ('STEP AP242 Edition 2',
'CAx-IF Rec.Pracs.---Representation and Presentation of Product Manufa
cturing Information (PMI)---4.0---2014-10-13',
'CAx-IF Rec.Pracs.---3D Tessellated Geometry---0.4---2014-09-14','2;1',
'CAx-IF Rec.Pracs.---User Defined Attributes---1.5---2016-08-15'),
/* implementation_level */ '2;1');

FILE_NAME(
/* name */ 'BANDBASE2A - BANDBASE2A',
/* time_stamp */ '2026-08-19T09:29:07Z',
/* author */ (''),
/* organization */ (''),
/* preprocessor_version */ 'ST-DEVELOPER v20',
/* originating_system */ 'ONSHAPE BY PTC INC, 1.219',
/* authorisation */ '  ');

FILE_SCHEMA (('AP242_MANAGED_MODEL_BASED_3D_ENGINEERING_MIM_LF { 1 0 10303 442 3 1 4 }'));
ENDSEC;

DATA;
#10=SHAPE_REPRESENTATION_RELATIONSHIP('','',#5633,#11);
#11=ADVANCED_BREP_SHAPE_REPRESENTATION('',(#5631),#11346);
#12=B_SPLINE_SURFACE_WITH_KNOTS('',1,3,((#11337,#11338,#11339,#11340),(#11341,
#11342,#11343,#11344)),.RULED_SURF.,.F.,.F.,.F.,(2,2),(4,4),(0.,1.),(0.0135780282748367,
0.0194737006119658),.PIECEWISE_BEZIER_KNOTS.);
#13=SPHERICAL_SURFACE('',#5683,0.0005);
#14=SPHERICAL_SURFACE('',#5698,0.0005);
#15=SPHERICAL_SURFACE('',#5761,0.0005);
#16=SPHERICAL_SURFACE('',#5762,0.0005);
#17=SPHERICAL_SURFACE('',#5765,0.0005);
#18=SPHERICAL_SURFACE('',#5767,0.0005);
#19=SPHERICAL_SURFACE('',#6164,0.0002);
#20=SPHERICAL_SURFACE('',#6168,0.0002);
#21=SPHERICAL_SURFACE('',#6181,0.0002);
#22=SPHERICAL_SURFACE('',#6189,0.0002);
#23=SPHERICAL_SURFACE('',#6203,0.0002);
#24=SPHERICAL_SURFACE('',#6205,0.0002);
#25=SPHERICAL_SURFACE('',#6216,0.0002);
#26=SPHERICAL_SURFACE('',#6220,0.0002);
#27=SPHERICAL_SURFACE('',#6232,0.0002);
#28=SPHERICAL_SURFACE('',#6236,0.0002);
#29=SPHERICAL_SURFACE('',#6241,0.0002);
#30=SPHERICAL_SURFACE('',#6244,0.0002);
#31=(
BOUNDED_SURFACE()
B_SPLINE_SURFACE(3,2,((#8222,#8223,#8224),(#8225,#8226,#8227),(#8228,#8229,
#8230),(#8231,#8232,#8233)),.UNSPECIFIED.,.F.,.F.,.F.)
B_SPLINE_SURFACE_WITH_KNOTS((4,4),(3,3),(3.83955715546157,3.85762682522395),
(0.,1.),.PIECEWISE_BEZIER_KNOTS.)
GEOMETRIC_REPRESENTATION_ITEM()
RATIONAL_B_SPLINE_SURFACE(((1.,0.877995218670479,1.),(1.,0.877215850320051,
1.),(1.,0.876427049575952,1.),(1.,0.875628869056521,1.)))
REPRESENTATION_ITEM('')
SURFACE()
);
#32=(
BOUNDED_SURFACE()
B_SPLINE_SURFACE(3,2,((#8243,#8244,#8245),(#8246,#8247,#8248),(#8249,#8250,
#8251),(#8252,#8253,#8254)),.UNSPECIFIED.,.F.,.F.,.F.)
B_SPLINE_SURFACE_WITH_KNOTS((4,4),(3,3),(0.000911212489495527,0.00208558605334993),
(0.,1.),.PIECEWISE_BEZIER_KNOTS.)
GEOMETRIC_REPRESENTATION_ITEM()
RATIONAL_B_SPLINE_SURFACE(((1.,0.707106781186546,1.),(1.,0.774910776604581,
1.),(1.,0.832877270862404,1.),(1.,0.877995218670478,1.)))
REPRESENTATION_ITEM('')
SURFACE()
);
#33=(
BOUNDED_SURFACE()
B_SPLINE_SURFACE(3,2,((#8301,#8302,#8303),(#8304,#8305,#8306),(#8307,#8308,
#8309),(#8310,#8311,#8312)),.UNSPECIFIED.,.F.,.F.,.F.)
B_SPLINE_SURFACE_WITH_KNOTS((4,4),(3,3),(0.000128040086880398,0.00130193882736624),
(0.,1.),.PIECEWISE_BEZIER_KNOTS.)
GEOMETRIC_REPRESENTATION_ITEM()
RATIONAL_B_SPLINE_SURFACE(((1.,0.707106781186558,1.),(1.,0.774415086410822,
1.),(1.,0.832593744489458,1.),(1.,0.877995218670474,1.)))
REPRESENTATION_ITEM('')
SURFACE()
);
#34=(
BOUNDED_SURFACE()
B_SPLINE_SURFACE(3,2,((#8321,#8322,#8323),(#8324,#8325,#8326),(#8327,#8328,
#8329),(#8330,#8331,#8332)),.UNSPECIFIED.,.F.,.F.,.F.)
B_SPLINE_SURFACE_WITH_KNOTS((4,4),(3,3),(2.42555848195564,2.44362815171802),
(0.,1.),.PIECEWISE_BEZIER_KNOTS.)
GEOMETRIC_REPRESENTATION_ITEM()
RATIONAL_B_SPLINE_SURFACE(((1.,0.875628869056521,1.),(1.,0.876427049575952,
1.),(1.,0.877215850320051,1.),(1.,0.877995218670479,1.)))
REPRESENTATION_ITEM('')
SURFACE()
);
#35=(
BOUNDED_SURFACE()
B_SPLINE_SURFACE(3,2,((#8449,#8450,#8451),(#8452,#8453,#8454),(#8455,#8456,
#8457),(#8458,#8459,#8460)),.UNSPECIFIED.,.F.,.F.,.F.)
B_SPLINE_SURFACE_WITH_KNOTS((4,4),(3,3),(-4.03323208164608E-17,0.00103494759423175),
(0.,1.),.PIECEWISE_BEZIER_KNOTS.)
GEOMETRIC_REPRESENTATION_ITEM()
RATIONAL_B_SPLINE_SURFACE(((1.,0.968815619275282,1.),(1.,0.968523269230781,
1.),(1.,0.968222853149927,1.),(1.,0.967913671695397,1.)))
REPRESENTATION_ITEM('')
SURFACE()
);
#36=(
BOUNDED_SURFACE()
B_SPLINE_SURFACE(3,2,((#8462,#8463,#8464),(#8465,#8466,#8467),(#8468,#8469,
#8470),(#8471,#8472,#8473)),.UNSPECIFIED.,.F.,.F.,.F.)
B_SPLINE_SURFACE_WITH_KNOTS((4,4),(3,3),(2.08166817117217E-17,0.00103494759423195),
(0.,1.),.PIECEWISE_BEZIER_KNOTS.)
GEOMETRIC_REPRESENTATION_ITEM()
RATIONAL_B_SPLINE_SURFACE(((1.,0.967913671695397,1.),(1.,0.968222853149927,
1.),(1.,0.968523269230704,1.),(1.,0.968815619275282,1.)))
REPRESENTATION_ITEM('')
SURFACE()
);
#37=(
BOUNDED_SURFACE()
B_SPLINE_SURFACE(3,2,((#8481,#8482,#8483),(#8484,#8485,#8486),(#8487,#8488,
#8489),(#8490,#8491,#8492)),.UNSPECIFIED.,.F.,.F.,.F.)
B_SPLINE_SURFACE_WITH_KNOTS((4,4),(3,3),(0.000991488083629616,0.00181430902257852),
(0.,1.),.PIECEWISE_BEZIER_KNOTS.)
GEOMETRIC_REPRESENTATION_ITEM()
RATIONAL_B_SPLINE_SURFACE(((1.,0.923879532511284,1.),(1.,0.929659057386144,
1.),(1.,0.909194382774783,1.),(1.,0.877662280503005,1.)))
REPRESENTATION_ITEM('')
SURFACE()
);
#38=(
BOUNDED_SURFACE()
B_SPLINE_SURFACE(3,2,((#8494,#8495,#8496),(#8497,#8498,#8499),(#8500,#8501,
#8502),(#8503,#8504,#8505)),.UNSPECIFIED.,.F.,.F.,.F.)
B_SPLINE_SURFACE_WITH_KNOTS((4,4),(3,3),(-2.40432673770385E-15,0.000516628693726423),
(0.,1.),.PIECEWISE_BEZIER_KNOTS.)
GEOMETRIC_REPRESENTATION_ITEM()
RATIONAL_B_SPLINE_SURFACE(((1.,0.876043702883097,1.),(1.,0.876589605041717,
1.),(1.,0.87712906368734,1.),(1.,0.877662280503009,1.)))
REPRESENTATION_ITEM('')
SURFACE()
);
#39=(
BOUNDED_SURFACE()
B_SPLINE_SURFACE(3,2,((#8522,#8523,#8524),(#8525,#8526,#8527),(#8528,#8529,
#8530),(#8531,#8532,#8533)),.UNSPECIFIED.,.F.,.F.,.F.)
B_SPLINE_SURFACE_WITH_KNOTS((4,4),(3,3),(6.93889390390723E-18,0.000516628693728834),
(0.,1.),.PIECEWISE_BEZIER_KNOTS.)
GEOMETRIC_REPRESENTATION_ITEM()
RATIONAL_B_SPLINE_SURFACE(((1.,0.876043702883091,1.),(1.,0.876589605043268,
1.),(1.,0.877129063687647,1.),(1.,0.877662280503008,1.)))
REPRESENTATION_ITEM('')
SURFACE()
);
#40=(
BOUNDED_SURFACE()
B_SPLINE_SURFACE(3,2,((#8541,#8542,#8543),(#8544,#8545,#8546),(#8547,#8548,
#8549),(#8550,#8551,#8552)),.UNSPECIFIED.,.F.,.F.,.F.)
B_SPLINE_SURFACE_WITH_KNOTS((4,4),(3,3),(0.000508905664260623,0.00133437019472671),
(0.,1.),.PIECEWISE_BEZIER_KNOTS.)
GEOMETRIC_REPRESENTATION_ITEM()
RATIONAL_B_SPLINE_SURFACE(((1.,0.877662280503002,1.),(1.,0.909227262046621,
1.),(1.,0.929660158919263,1.),(1.,0.923879532511283,1.)))
REPRESENTATION_ITEM('')
SURFACE()
);
#41=(
BOUNDED_SURFACE()
B_SPLINE_SURFACE(3,2,((#8901,#8902,#8903),(#8904,#8905,#8906),(#8907,#8908,
#8909),(#8910,#8911,#8912),(#8913,#8914,#8915)),.UNSPECIFIED.,.F.,.F.,.F.)
B_SPLINE_SURFACE_WITH_KNOTS((4,1,4),(3,3),(-2.49908600757909E-17,0.00101142633568038,
0.00202285267136079),(0.,1.),.UNSPECIFIED.)
GEOMETRIC_REPRESENTATION_ITEM()
RATIONAL_B_SPLINE_SURFACE(((1.,0.707106781186548,1.),(1.,0.757803254112783,
1.),(1.,0.897837680170277,1.),(1.,0.999999999949432,1.),(1.,1.,1.)))
REPRESENTATION_ITEM('')
SURFACE()
);
#42=(
BOUNDED_SURFACE()
B_SPLINE_SURFACE(3,2,((#8968,#8969,#8970),(#8971,#8972,#8973),(#8974,#8975,
#8976),(#8977,#8978,#8979),(#8980,#8981,#8982)),.UNSPECIFIED.,.F.,.F.,.F.)
B_SPLINE_SURFACE_WITH_KNOTS((4,1,4),(3,3),(-2.49908600757909E-17,0.00101142633568038,
0.00202285267136079),(0.,1.),.UNSPECIFIED.)
GEOMETRIC_REPRESENTATION_ITEM()
RATIONAL_B_SPLINE_SURFACE(((1.,0.707106781186548,1.),(1.,0.757803254112783,
1.),(1.,0.897837680170277,1.),(1.,0.999999999949432,1.),(1.,1.,1.)))
REPRESENTATION_ITEM('')
SURFACE()
);
#43=(
BOUNDED_SURFACE()
B_SPLINE_SURFACE(3,2,((#9049,#9050,#9051),(#9052,#9053,#9054),(#9055,#9056,
#9057),(#9058,#9059,#9060),(#9061,#9062,#9063),(#9064,#9065,#9066),(#9067,
#9068,#9069),(#9070,#9071,#9072)),.UNSPECIFIED.,.F.,.F.,.F.)
B_SPLINE_SURFACE_WITH_KNOTS((4,1,1,1,1,4),(3,3),(0.000883133342744861,0.00114260369198624,
0.00140207404122762,0.00192101473971038,0.00243995543819313,0.00295889613667589),
(0.,1.),.UNSPECIFIED.)
GEOMETRIC_REPRESENTATION_ITEM()
RATIONAL_B_SPLINE_SURFACE(((1.,0.384952841338845,1.),(1.,0.384952850131021,
1.),(1.,0.393918478997294,1.),(1.,0.440365769404239,1.),(1.,0.523299807455734,
1.),(1.,0.621295794803432,1.),(1.,0.679768788738747,1.),(1.,0.707106781186393,
1.)))
REPRESENTATION_ITEM('')
SURFACE()
);
#44=(
BOUNDED_SURFACE()
B_SPLINE_SURFACE(3,2,((#9085,#9086,#9087),(#9088,#9089,#9090),(#9091,#9092,
#9093),(#9094,#9095,#9096),(#9097,#9098,#9099),(#9100,#9101,#9102),(#9103,
#9104,#9105),(#9106,#9107,#9108)),.UNSPECIFIED.,.F.,.F.,.F.)
B_SPLINE_SURFACE_WITH_KNOTS((4,1,1,1,1,4),(3,3),(0.000883133342744861,0.00114260369198624,
0.00140207404122762,0.00192101473971038,0.00243995543819313,0.00295889613667589),
(0.,1.),.UNSPECIFIED.)
GEOMETRIC_REPRESENTATION_ITEM()
RATIONAL_B_SPLINE_SURFACE(((1.,0.384952841338845,1.),(1.,0.384952850131021,
1.),(1.,0.393918478997294,1.),(1.,0.440365769404239,1.),(1.,0.523299807455734,
1.),(1.,0.621295794803432,1.),(1.,0.679768788738747,1.),(1.,0.707106781186393,
1.)))
REPRESENTATION_ITEM('')
SURFACE()
);
#45=(
BOUNDED_SURFACE()
B_SPLINE_SURFACE(3,2,((#9254,#9255,#9256),(#9257,#9258,#9259),(#9260,#9261,
#9262),(#9263,#9264,#9265),(#9266,#9267,#9268)),.UNSPECIFIED.,.F.,.F.,.F.)
B_SPLINE_SURFACE_WITH_KNOTS((4,1,4),(3,3),(-2.49908600757909E-17,0.00101142633568038,
0.00202285267136079),(0.,1.),.UNSPECIFIED.)
GEOMETRIC_REPRESENTATION_ITEM()
RATIONAL_B_SPLINE_SURFACE(((1.,0.707106781186548,1.),(1.,0.757803254112783,
1.),(1.,0.897837680170277,1.),(1.,0.999999999949432,1.),(1.,1.,1.)))
REPRESENTATION_ITEM('')
SURFACE()
);
#46=(
BOUNDED_SURFACE()
B_SPLINE_SURFACE(3,2,((#9321,#9322,#9323),(#9324,#9325,#9326),(#9327,#9328,
#9329),(#9330,#9331,#9332),(#9333,#9334,#9335)),.UNSPECIFIED.,.F.,.F.,.F.)
B_SPLINE_SURFACE_WITH_KNOTS((4,1,4),(3,3),(-2.49908600757909E-17,0.00101142633568038,
0.00202285267136079),(0.,1.),.UNSPECIFIED.)
GEOMETRIC_REPRESENTATION_ITEM()
RATIONAL_B_SPLINE_SURFACE(((1.,0.707106781186548,1.),(1.,0.757803254112783,
1.),(1.,0.897837680170277,1.),(1.,0.999999999949432,1.),(1.,1.,1.)))
REPRESENTATION_ITEM('')
SURFACE()
);
#47=(
BOUNDED_SURFACE()
B_SPLINE_SURFACE(3,2,((#9397,#9398,#9399),(#9400,#9401,#9402),(#9403,#9404,
#9405),(#9406,#9407,#9408),(#9409,#9410,#9411),(#9412,#9413,#9414),(#9415,
#9416,#9417),(#9418,#9419,#9420)),.UNSPECIFIED.,.F.,.F.,.F.)
B_SPLINE_SURFACE_WITH_KNOTS((4,1,1,1,1,4),(3,3),(0.000883133342744861,0.00114260369198624,
0.00140207404122762,0.00192101473971038,0.00243995543819313,0.00295889613667589),
(0.,1.),.UNSPECIFIED.)
GEOMETRIC_REPRESENTATION_ITEM()
RATIONAL_B_SPLINE_SURFACE(((1.,0.384952841338845,1.),(1.,0.384952850131021,
1.),(1.,0.393918478997294,1.),(1.,0.440365769404239,1.),(1.,0.523299807455734,
1.),(1.,0.621295794803432,1.),(1.,0.679768788738747,1.),(1.,0.707106781186393,
1.)))
REPRESENTATION_ITEM('')
SURFACE()
);
#48=(
BOUNDED_SURFACE()
B_SPLINE_SURFACE(3,2,((#9433,#9434,#9435),(#9436,#9437,#9438),(#9439,#9440,
#9441),(#9442,#9443,#9444),(#9445,#9446,#9447),(#9448,#9449,#9450),(#9451,
#9452,#9453),(#9454,#9455,#9456)),.UNSPECIFIED.,.F.,.F.,.F.)
B_SPLINE_SURFACE_WITH_KNOTS((4,1,1,1,1,4),(3,3),(0.000883133342744861,0.00114260369198624,
0.00140207404122762,0.00192101473971038,0.00243995543819313,0.00295889613667589),
(0.,1.),.UNSPECIFIED.)
GEOMETRIC_REPRESENTATION_ITEM()
RATIONAL_B_SPLINE_SURFACE(((1.,0.384952841338845,1.),(1.,0.384952850131021,
1.),(1.,0.393918478997294,1.),(1.,0.440365769404239,1.),(1.,0.523299807455734,
1.),(1.,0.621295794803432,1.),(1.,0.679768788738747,1.),(1.,0.707106781186393,
1.)))
REPRESENTATION_ITEM('')
SURFACE()
);
#49=(
BOUNDED_SURFACE()
B_SPLINE_SURFACE(3,2,((#9685,#9686,#9687),(#9688,#9689,#9690),(#9691,#9692,
#9693),(#9694,#9695,#9696)),.UNSPECIFIED.,.F.,.F.,.F.)
B_SPLINE_SURFACE_WITH_KNOTS((4,4),(3,3),(0.0629719652544439,0.0772293784606412),
(0.,1.),.PIECEWISE_BEZIER_KNOTS.)
GEOMETRIC_REPRESENTATION_ITEM()
RATIONAL_B_SPLINE_SURFACE(((1.,0.940244906217523,1.),(1.,0.945103618955978,
1.),(1.,0.950063643452013,1.),(1.,0.955100420089655,1.)))
REPRESENTATION_ITEM('')
SURFACE()
);
#50=(
BOUNDED_SURFACE()
B_SPLINE_SURFACE(3,2,((#9711,#9712,#9713),(#9714,#9715,#9716),(#9717,#9718,
#9719),(#9720,#9721,#9722)),.UNSPECIFIED.,.F.,.F.,.F.)
B_SPLINE_SURFACE_WITH_KNOTS((4,4),(3,3),(0.0629706167950224,0.0772280303814353),
(0.,1.),.PIECEWISE_BEZIER_KNOTS.)
GEOMETRIC_REPRESENTATION_ITEM()
RATIONAL_B_SPLINE_SURFACE(((1.,0.940244906221528,1.),(1.,0.945103618732996,
1.),(1.,0.950063644361449,1.),(1.,0.955100420073507,1.)))
REPRESENTATION_ITEM('')
SURFACE()
);
#51=(
BOUNDED_SURFACE()
B_SPLINE_SURFACE(3,2,((#9737,#9738,#9739),(#9740,#9741,#9742),(#9743,#9744,
#9745),(#9746,#9747,#9748)),.UNSPECIFIED.,.F.,.F.,.F.)
B_SPLINE_SURFACE_WITH_KNOTS((4,4),(3,3),(0.0629719652544434,0.0772293784606412),
(0.,1.),.PIECEWISE_BEZIER_KNOTS.)
GEOMETRIC_REPRESENTATION_ITEM()
RATIONAL_B_SPLINE_SURFACE(((1.,0.940244906217523,1.),(1.,0.945103618955713,
1.),(1.,0.950063643452805,1.),(1.,0.955100420089655,1.)))
REPRESENTATION_ITEM('')
SURFACE()
);
#52=(
BOUNDED_SURFACE()
B_SPLINE_SURFACE(3,2,((#9763,#9764,#9765),(#9766,#9767,#9768),(#9769,#9770,
#9771),(#9772,#9773,#9774)),.UNSPECIFIED.,.F.,.F.,.F.)
B_SPLINE_SURFACE_WITH_KNOTS((4,4),(3,3),(0.0629695630814775,0.0772269769647616),
(0.,1.),.PIECEWISE_BEZIER_KNOTS.)
GEOMETRIC_REPRESENTATION_ITEM()
RATIONAL_B_SPLINE_SURFACE(((1.,0.940244906224671,1.),(1.,0.945103618561988,
1.),(1.,0.950063645072559,1.),(1.,0.955100420060875,1.)))
REPRESENTATION_ITEM('')
SURFACE()
);
#53=(
BOUNDED_SURFACE()
B_SPLINE_SURFACE(3,2,((#9789,#9790,#9791),(#9792,#9793,#9794),(#9795,#9796,
#9797),(#9798,#9799,#9800),(#9801,#9802,#9803)),.UNSPECIFIED.,.F.,.F.,.F.)
B_SPLINE_SURFACE_WITH_KNOTS((4,1,4),(3,3),(-1.43114686768087E-17,0.00457340493937335,
0.00914680987874672),(0.,1.),.UNSPECIFIED.)
GEOMETRIC_REPRESENTATION_ITEM()
RATIONAL_B_SPLINE_SURFACE(((1.,0.707106781186547,1.),(1.,0.73195620805663,
1.),(1.,0.778321254356073,1.),(1.,0.820360528892312,1.),(1.,0.83948500575196,
1.)))
REPRESENTATION_ITEM('')
SURFACE()
);
#54=(
BOUNDED_SURFACE()
B_SPLINE_SURFACE(3,2,((#9815,#9816,#9817),(#9818,#9819,#9820),(#9821,#9822,
#9823),(#9824,#9825,#9826)),.UNSPECIFIED.,.F.,.F.,.F.)
B_SPLINE_SURFACE_WITH_KNOTS((4,4),(3,3),(1.5974566751695,1.77503343183122),
(0.,1.),.PIECEWISE_BEZIER_KNOTS.)
GEOMETRIC_REPRESENTATION_ITEM()
RATIONAL_B_SPLINE_SURFACE(((1.,0.708741480550814,1.),(1.,0.712365853591625,
1.),(1.,0.715953498253628,1.),(1.,0.719450955471857,1.)))
REPRESENTATION_ITEM('')
SURFACE()
);
#55=(
BOUNDED_SURFACE()
B_SPLINE_SURFACE(3,2,((#9828,#9829,#9830),(#9831,#9832,#9833),(#9834,#9835,
#9836),(#9837,#9838,#9839),(#9840,#9841,#9842)),.UNSPECIFIED.,.F.,.F.,.F.)
B_SPLINE_SURFACE_WITH_KNOTS((4,1,4),(3,3),(4.91662608542101,5.5999056963003,
6.28318530717959),(0.,1.),.UNSPECIFIED.)
GEOMETRIC_REPRESENTATION_ITEM()
RATIONAL_B_SPLINE_SURFACE(((1.,0.719450955471856,1.),(1.,0.732908467773299,
1.),(1.,0.756953273053546,1.),(1.,0.766044443118903,1.),(1.,0.766044443118979,
1.)))
REPRESENTATION_ITEM('')
SURFACE()
);
#56=(
BOUNDED_SURFACE()
B_SPLINE_SURFACE(3,2,((#9846,#9847,#9848),(#9849,#9850,#9851),(#9852,#9853,
#9854),(#9855,#9856,#9857),(#9858,#9859,#9860)),.UNSPECIFIED.,.F.,.F.,.F.)
B_SPLINE_SURFACE_WITH_KNOTS((4,1,4),(3,3),(0.,0.892270692503328,1.78454138500666),
(0.,1.),.UNSPECIFIED.)
GEOMETRIC_REPRESENTATION_ITEM()
RATIONAL_B_SPLINE_SURFACE(((1.,0.766044443118978,1.),(1.,0.766044443118714,
1.),(1.,0.750193850250574,1.),(1.,0.712144119316807,1.),(1.,0.693961648101193,
1.)))
REPRESENTATION_ITEM('')
SURFACE()
);
#57=(
BOUNDED_SURFACE()
B_SPLINE_SURFACE(3,2,((#9862,#9863,#9864),(#9865,#9866,#9867),(#9868,#9869,
#9870),(#9871,#9872,#9873)),.UNSPECIFIED.,.F.,.F.,.F.)
B_SPLINE_SURFACE_WITH_KNOTS((4,4),(3,3),(1.62831207020362,1.78454138500665),
(0.,1.),.PIECEWISE_BEZIER_KNOTS.)
GEOMETRIC_REPRESENTATION_ITEM()
RATIONAL_B_SPLINE_SURFACE(((1.,0.703568760535949,1.),(1.,0.700360820575115,
1.),(1.,0.697145250125161,1.),(1.,0.693961648101194,1.)))
REPRESENTATION_ITEM('')
SURFACE()
);
#58=(
BOUNDED_SURFACE()
B_SPLINE_SURFACE(3,2,((#9875,#9876,#9877),(#9878,#9879,#9880),(#9881,#9882,
#9883),(#9884,#9885,#9886)),.UNSPECIFIED.,.F.,.F.,.F.)
B_SPLINE_SURFACE_WITH_KNOTS((4,4),(3,3),(-6.0281640790194E-17,0.0018249963781723),
(0.,1.),.PIECEWISE_BEZIER_KNOTS.)
GEOMETRIC_REPRESENTATION_ITEM()
RATIONAL_B_SPLINE_SURFACE(((1.,0.677985431218704,1.),(1.,0.686392173257987,
1.),(1.,0.694943679152895,1.),(1.,0.703568760535961,1.)))
REPRESENTATION_ITEM('')
SURFACE()
);
#59=(
BOUNDED_SURFACE()
B_SPLINE_SURFACE(3,2,((#9888,#9889,#9890),(#9891,#9892,#9893),(#9894,#9895,
#9896),(#9897,#9898,#9899),(#9900,#9901,#9902)),.UNSPECIFIED.,.F.,.F.,.F.)
B_SPLINE_SURFACE_WITH_KNOTS((4,1,4),(3,3),(-2.67147415300428E-16,0.00392495913966728,
0.00784991827933483),(0.,1.),.UNSPECIFIED.)
GEOMETRIC_REPRESENTATION_ITEM()
RATIONAL_B_SPLINE_SURFACE(((1.,0.535509914095667,1.),(1.,0.560706770371571,
1.),(1.,0.609528458456527,1.),(1.,0.655822319030578,1.),(1.,0.677985431218704,
1.)))
REPRESENTATION_ITEM('')
SURFACE()
);
#60=(
BOUNDED_SURFACE()
B_SPLINE_SURFACE(3,2,((#9904,#9905,#9906),(#9907,#9908,#9909),(#9910,#9911,
#9912),(#9913,#9914,#9915)),.UNSPECIFIED.,.F.,.F.,.F.)
B_SPLINE_SURFACE_WITH_KNOTS((4,4),(3,3),(5.33230631973017,5.45779390249769),
(0.,1.),.PIECEWISE_BEZIER_KNOTS.)
GEOMETRIC_REPRESENTATION_ITEM()
RATIONAL_B_SPLINE_SURFACE(((1.,0.556304694997103,1.),(1.,0.549130481998827,
1.),(1.,0.542174511192367,1.),(1.,0.535509914095444,1.)))
REPRESENTATION_ITEM('')
SURFACE()
);
#61=(
BOUNDED_SURFACE()
B_SPLINE_SURFACE(3,2,((#9917,#9918,#9919),(#9920,#9921,#9922),(#9923,#9924,
#9925),(#9926,#9927,#9928),(#9929,#9930,#9931)),.UNSPECIFIED.,.F.,.F.,.F.)
B_SPLINE_SURFACE_WITH_KNOTS((4,1,4),(3,3),(-9.54097911787244E-18,0.00326723099391007,
0.00653446198782015),(0.,1.),.UNSPECIFIED.)
GEOMETRIC_REPRESENTATION_ITEM()
RATIONAL_B_SPLINE_SURFACE(((1.,0.556304694997097,1.),(1.,0.581422448012739,
1.),(1.,0.626756975730732,1.),(1.,0.661654845242755,1.),(1.,0.67559020761566,
1.)))
REPRESENTATION_ITEM('')
SURFACE()
);
#62=(
BOUNDED_SURFACE()
B_SPLINE_SURFACE(3,2,((#9935,#9936,#9937),(#9938,#9939,#9940),(#9941,#9942,
#9943),(#9944,#9945,#9946),(#9947,#9948,#9949)),.UNSPECIFIED.,.F.,.F.,.F.)
B_SPLINE_SURFACE_WITH_KNOTS((4,1,4),(3,3),(-1.99493199737333E-17,0.00326622729346215,
0.00653245458692432),(0.,1.),.UNSPECIFIED.)
GEOMETRIC_REPRESENTATION_ITEM()
RATIONAL_B_SPLINE_SURFACE(((1.,0.675590207615661,1.),(1.,0.661645005262958,
1.),(1.,0.6275843817634,1.),(1.,0.581433951908476,1.),(1.,0.556304694997099,
1.)))
REPRESENTATION_ITEM('')
SURFACE()
);
#63=(
BOUNDED_SURFACE()
B_SPLINE_SURFACE(3,2,((#9951,#9952,#9953),(#9954,#9955,#9956),(#9957,#9958,
#9959),(#9960,#9961,#9962)),.UNSPECIFIED.,.F.,.F.,.F.)
B_SPLINE_SURFACE_WITH_KNOTS((4,4),(3,3),(0.825391404682211,0.950878987449424),
(0.,1.),.PIECEWISE_BEZIER_KNOTS.)
GEOMETRIC_REPRESENTATION_ITEM()
RATIONAL_B_SPLINE_SURFACE(((1.,0.535509914095494,1.),(1.,0.542174511194952,
1.),(1.,0.549130481998257,1.),(1.,0.556304694997103,1.)))
REPRESENTATION_ITEM('')
SURFACE()
);
#64=(
BOUNDED_SURFACE()
B_SPLINE_SURFACE(3,2,((#9964,#9965,#9966),(#9967,#9968,#9969),(#9970,#9971,
#9972),(#9973,#9974,#9975),(#9976,#9977,#9978)),.UNSPECIFIED.,.F.,.F.,.F.)
B_SPLINE_SURFACE_WITH_KNOTS((4,1,4),(3,3),(-1.73472347597681E-18,0.00392251167243705,
0.00784502334487411),(0.,1.),.UNSPECIFIED.)
GEOMETRIC_REPRESENTATION_ITEM()
RATIONAL_B_SPLINE_SURFACE(((1.,0.677985431218703,1.),(1.,0.655776420868915,
1.),(1.,0.610199161254921,1.),(1.,0.560760789307064,1.),(1.,0.535509914095495,
1.)))
REPRESENTATION_ITEM('')
SURFACE()
);
#65=(
BOUNDED_SURFACE()
B_SPLINE_SURFACE(3,2,((#9980,#9981,#9982),(#9983,#9984,#9985),(#9986,#9987,
#9988),(#9989,#9990,#9991)),.UNSPECIFIED.,.F.,.F.,.F.)
B_SPLINE_SURFACE_WITH_KNOTS((4,4),(3,3),(-3.46944695195361E-18,0.00182499637815353),
(0.,1.),.PIECEWISE_BEZIER_KNOTS.)
GEOMETRIC_REPRESENTATION_ITEM()
RATIONAL_B_SPLINE_SURFACE(((1.,0.703568760535696,1.),(1.,0.694943679151772,
1.),(1.,0.686392173259015,1.),(1.,0.677985431218703,1.)))
REPRESENTATION_ITEM('')
SURFACE()
);
#66=(
BOUNDED_SURFACE()
B_SPLINE_SURFACE(3,2,((#9993,#9994,#9995),(#9996,#9997,#9998),(#9999,#10000,
#10001),(#10002,#10003,#10004)),.UNSPECIFIED.,.F.,.F.,.F.)
B_SPLINE_SURFACE_WITH_KNOTS((4,4),(3,3),(4.49864392217294,4.65487323697656),
(0.,1.),.PIECEWISE_BEZIER_KNOTS.)
GEOMETRIC_REPRESENTATION_ITEM()
RATIONAL_B_SPLINE_SURFACE(((1.,0.693961648101194,1.),(1.,0.697145250123445,
1.),(1.,0.70036082057548,1.),(1.,0.703568760535985,1.)))
REPRESENTATION_ITEM('')
SURFACE()
);
#67=(
BOUNDED_SURFACE()
B_SPLINE_SURFACE(3,2,((#10006,#10007,#10008),(#10009,#10010,#10011),(#10012,
#10013,#10014),(#10015,#10016,#10017),(#10018,#10019,#10020)),
 .UNSPECIFIED.,.F.,.F.,.F.)
B_SPLINE_SURFACE_WITH_KNOTS((4,1,4),(3,3),(4.49864392217293,5.39091461467626,
6.28318530717959),(0.,1.),.UNSPECIFIED.)
GEOMETRIC_REPRESENTATION_ITEM()
RATIONAL_B_SPLINE_SURFACE(((1.,0.693961648101193,1.),(1.,0.712144119316664,
1.),(1.,0.750193850250613,1.),(1.,0.76604444311878,1.),(1.,0.766044443118978,
1.)))
REPRESENTATION_ITEM('')
SURFACE()
);
#68=(
BOUNDED_SURFACE()
B_SPLINE_SURFACE(3,2,((#10024,#10025,#10026),(#10027,#10028,#10029),(#10030,
#10031,#10032),(#10033,#10034,#10035),(#10036,#10037,#10038)),
 .UNSPECIFIED.,.F.,.F.,.F.)
B_SPLINE_SURFACE_WITH_KNOTS((4,1,4),(3,3),(8.67361737988404E-19,0.00457480436041091,
0.00914960872082181),(0.,1.),.UNSPECIFIED.)
GEOMETRIC_REPRESENTATION_ITEM()
RATIONAL_B_SPLINE_SURFACE(((1.,0.70710678118632,1.),(1.,0.731949264575067,
1.),(1.,0.778330326667352,1.),(1.,0.820373816692309,1.),(1.,0.83948450363908,
1.)))
REPRESENTATION_ITEM('')
SURFACE()
);
#69=(
BOUNDED_SURFACE()
B_SPLINE_SURFACE(3,2,((#10044,#10045,#10046),(#10047,#10048,#10049),(#10050,
#10051,#10052),(#10053,#10054,#10055),(#10056,#10057,#10058)),
 .UNSPECIFIED.,.F.,.F.,.F.)
B_SPLINE_SURFACE_WITH_KNOTS((4,1,4),(3,3),(1.03526160402421E-16,0.683279610879289,
1.36655922175858),(0.,1.),.UNSPECIFIED.)
GEOMETRIC_REPRESENTATION_ITEM()
RATIONAL_B_SPLINE_SURFACE(((1.,0.766044443118978,1.),(1.,0.766044443118827,
1.),(1.,0.75695327305377,1.),(1.,0.732908467772927,1.),(1.,0.719450955471856,
1.)))
REPRESENTATION_ITEM('')
SURFACE()
);
#70=(
BOUNDED_SURFACE()
B_SPLINE_SURFACE(3,2,((#10066,#10067,#10068),(#10069,#10070,#10071),(#10072,
#10073,#10074),(#10075,#10076,#10077)),.UNSPECIFIED.,.F.,.F.,.F.)
B_SPLINE_SURFACE_WITH_KNOTS((4,4),(3,3),(4.50815187534836,4.68678330801716),
(0.,1.),.PIECEWISE_BEZIER_KNOTS.)
GEOMETRIC_REPRESENTATION_ITEM()
RATIONAL_B_SPLINE_SURFACE(((1.,0.719450955471856,1.),(1.,0.715932725915906,
1.),(1.,0.71232323027852,1.),(1.,0.708676898340194,1.)))
REPRESENTATION_ITEM('')
SURFACE()
);
#71=(
BOUNDED_SURFACE()
B_SPLINE_SURFACE(3,2,((#10078,#10079,#10080),(#10081,#10082,#10083),(#10084,
#10085,#10086),(#10087,#10088,#10089),(#10090,#10091,#10092)),
 .UNSPECIFIED.,.F.,.F.,.F.)
B_SPLINE_SURFACE_WITH_KNOTS((4,1,4),(3,3),(9.54097911787244E-18,0.00457480436040281,
0.00914960872080562),(0.,1.),.UNSPECIFIED.)
GEOMETRIC_REPRESENTATION_ITEM()
RATIONAL_B_SPLINE_SURFACE(((1.,0.707106781186547,1.),(1.,0.731949264579289,
1.),(1.,0.778330326665382,1.),(1.,0.820373816692427,1.),(1.,0.839484503639079,
1.)))
REPRESENTATION_ITEM('')
SURFACE()
);
#72=(
BOUNDED_SURFACE()
B_SPLINE_SURFACE(3,2,((#10104,#10105,#10106),(#10107,#10108,#10109),(#10110,
#10111,#10112),(#10113,#10114,#10115)),.UNSPECIFIED.,.F.,.F.,.F.)
B_SPLINE_SURFACE_WITH_KNOTS((4,4),(3,3),(1.36655922175857,1.54413597842029),
(0.,1.),.PIECEWISE_BEZIER_KNOTS.)
GEOMETRIC_REPRESENTATION_ITEM()
RATIONAL_B_SPLINE_SURFACE(((1.,0.719450955471856,1.),(1.,0.715953498253384,
1.),(1.,0.712365853587361,1.),(1.,0.708741480550814,1.)))
REPRESENTATION_ITEM('')
SURFACE()
);
#73=(
BOUNDED_SURFACE()
B_SPLINE_SURFACE(3,2,((#10117,#10118,#10119),(#10120,#10121,#10122),(#10123,
#10124,#10125),(#10126,#10127,#10128),(#10129,#10130,#10131)),
 .UNSPECIFIED.,.F.,.F.,.F.)
B_SPLINE_SURFACE_WITH_KNOTS((4,1,4),(3,3),(1.03526160402421E-16,0.683279610879289,
1.36655922175858),(0.,1.),.UNSPECIFIED.)
GEOMETRIC_REPRESENTATION_ITEM()
RATIONAL_B_SPLINE_SURFACE(((1.,0.766044443118978,1.),(1.,0.766044443118827,
1.),(1.,0.75695327305377,1.),(1.,0.732908467772927,1.),(1.,0.719450955471856,
1.)))
REPRESENTATION_ITEM('')
SURFACE()
);
#74=(
BOUNDED_SURFACE()
B_SPLINE_SURFACE(3,2,((#10135,#10136,#10137),(#10138,#10139,#10140),(#10141,
#10142,#10143),(#10144,#10145,#10146),(#10147,#10148,#10149)),
 .UNSPECIFIED.,.F.,.F.,.F.)
B_SPLINE_SURFACE_WITH_KNOTS((4,1,4),(3,3),(4.49864392217294,5.39091461467626,
6.28318530717959),(0.,1.),.UNSPECIFIED.)
GEOMETRIC_REPRESENTATION_ITEM()
RATIONAL_B_SPLINE_SURFACE(((1.,0.693961648101195,1.),(1.,0.712144119315594,
1.),(1.,0.750193850251148,1.),(1.,0.76604444311878,1.),(1.,0.766044443118978,
1.)))
REPRESENTATION_ITEM('')
SURFACE()
);
#75=(
BOUNDED_SURFACE()
B_SPLINE_SURFACE(3,2,((#10151,#10152,#10153),(#10154,#10155,#10156),(#10157,
#10158,#10159),(#10160,#10161,#10162)),.UNSPECIFIED.,.F.,.F.,.F.)
B_SPLINE_SURFACE_WITH_KNOTS((4,4),(3,3),(1.35705126858315,1.51328058338678),
(0.,1.),.PIECEWISE_BEZIER_KNOTS.)
GEOMETRIC_REPRESENTATION_ITEM()
RATIONAL_B_SPLINE_SURFACE(((1.,0.693961648101194,1.),(1.,0.697145250125537,
1.),(1.,0.700360820576413,1.),(1.,0.703568760535986,1.)))
REPRESENTATION_ITEM('')
SURFACE()
);
#76=(
BOUNDED_SURFACE()
B_SPLINE_SURFACE(3,2,((#10164,#10165,#10166),(#10167,#10168,#10169),(#10170,
#10171,#10172),(#10173,#10174,#10175)),.UNSPECIFIED.,.F.,.F.,.F.)
B_SPLINE_SURFACE_WITH_KNOTS((4,4),(3,3),(-1.12757025938492E-17,0.00182499637815297),
(0.,1.),.PIECEWISE_BEZIER_KNOTS.)
GEOMETRIC_REPRESENTATION_ITEM()
RATIONAL_B_SPLINE_SURFACE(((1.,0.703568760535689,1.),(1.,0.69494367915383,
1.),(1.,0.686392173263169,1.),(1.,0.6779854312187,1.)))
REPRESENTATION_ITEM('')
SURFACE()
);
#77=(
BOUNDED_SURFACE()
B_SPLINE_SURFACE(3,2,((#10177,#10178,#10179),(#10180,#10181,#10182),(#10183,
#10184,#10185),(#10186,#10187,#10188),(#10189,#10190,#10191)),
 .UNSPECIFIED.,.F.,.F.,.F.)
B_SPLINE_SURFACE_WITH_KNOTS((4,1,4),(3,3),(-9.28077059647592E-17,0.00392251167243695,
0.007845023344874),(0.,1.),.UNSPECIFIED.)
GEOMETRIC_REPRESENTATION_ITEM()
RATIONAL_B_SPLINE_SURFACE(((1.,0.677985431218704,1.),(1.,0.655776420866927,
1.),(1.,0.610199161255582,1.),(1.,0.560760789307728,1.),(1.,0.535509914095495,
1.)))
REPRESENTATION_ITEM('')
SURFACE()
);
#78=(
BOUNDED_SURFACE()
B_SPLINE_SURFACE(3,2,((#10193,#10194,#10195),(#10196,#10197,#10198),(#10199,
#10200,#10201),(#10202,#10203,#10204)),.UNSPECIFIED.,.F.,.F.,.F.)
B_SPLINE_SURFACE_WITH_KNOTS((4,4),(3,3),(0.825391404682211,0.950878987449424),
(0.,1.),.PIECEWISE_BEZIER_KNOTS.)
GEOMETRIC_REPRESENTATION_ITEM()
RATIONAL_B_SPLINE_SURFACE(((1.,0.535509914095494,1.),(1.,0.542174511194952,
1.),(1.,0.549130481998257,1.),(1.,0.556304694997103,1.)))
REPRESENTATION_ITEM('')
SURFACE()
);
#79=(
BOUNDED_SURFACE()
B_SPLINE_SURFACE(3,2,((#10206,#10207,#10208),(#10209,#10210,#10211),(#10212,
#10213,#10214),(#10215,#10216,#10217),(#10218,#10219,#10220)),
 .UNSPECIFIED.,.F.,.F.,.F.)
B_SPLINE_SURFACE_WITH_KNOTS((4,1,4),(3,3),(-1.99493199737333E-17,0.00326622729346215,
0.00653245458692432),(0.,1.),.UNSPECIFIED.)
GEOMETRIC_REPRESENTATION_ITEM()
RATIONAL_B_SPLINE_SURFACE(((1.,0.675590207615661,1.),(1.,0.661645005262958,
1.),(1.,0.6275843817634,1.),(1.,0.581433951908476,1.),(1.,0.556304694997099,
1.)))
REPRESENTATION_ITEM('')
SURFACE()
);
#80=(
BOUNDED_SURFACE()
B_SPLINE_SURFACE(3,2,((#10224,#10225,#10226),(#10227,#10228,#10229),(#10230,
#10231,#10232),(#10233,#10234,#10235),(#10236,#10237,#10238)),
 .UNSPECIFIED.,.F.,.F.,.F.)
B_SPLINE_SURFACE_WITH_KNOTS((4,1,4),(3,3),(-9.54097911787244E-18,0.00326723099391006,
0.00653446198782013),(0.,1.),.UNSPECIFIED.)
GEOMETRIC_REPRESENTATION_ITEM()
RATIONAL_B_SPLINE_SURFACE(((1.,0.556304694997097,1.),(1.,0.581422448012739,
1.),(1.,0.626756975730669,1.),(1.,0.661654845242878,1.),(1.,0.67559020761566,
1.)))
REPRESENTATION_ITEM('')
SURFACE()
);
#81=(
BOUNDED_SURFACE()
B_SPLINE_SURFACE(3,2,((#10240,#10241,#10242),(#10243,#10244,#10245),(#10246,
#10247,#10248),(#10249,#10250,#10251)),.UNSPECIFIED.,.F.,.F.,.F.)
B_SPLINE_SURFACE_WITH_KNOTS((4,4),(3,3),(5.33230631973016,5.45779390249769),
(0.,1.),.PIECEWISE_BEZIER_KNOTS.)
GEOMETRIC_REPRESENTATION_ITEM()
RATIONAL_B_SPLINE_SURFACE(((1.,0.556304694997103,1.),(1.,0.549130481995236,
1.),(1.,0.542174511193433,1.),(1.,0.535509914095444,1.)))
REPRESENTATION_ITEM('')
SURFACE()
);
#82=(
BOUNDED_SURFACE()
B_SPLINE_SURFACE(3,2,((#10253,#10254,#10255),(#10256,#10257,#10258),(#10259,
#10260,#10261),(#10262,#10263,#10264),(#10265,#10266,#10267)),
 .UNSPECIFIED.,.F.,.F.,.F.)
B_SPLINE_SURFACE_WITH_KNOTS((4,1,4),(3,3),(-3.03576608295941E-18,0.00392495913966788,
0.00784991827933576),(0.,1.),.UNSPECIFIED.)
GEOMETRIC_REPRESENTATION_ITEM()
RATIONAL_B_SPLINE_SURFACE(((1.,0.53550991409566,1.),(1.,0.560706770394177,
1.),(1.,0.609528458443614,1.),(1.,0.655822319033809,1.),(1.,0.677985431218703,
1.)))
REPRESENTATION_ITEM('')
SURFACE()
);
#83=(
BOUNDED_SURFACE()
B_SPLINE_SURFACE(3,2,((#10269,#10270,#10271),(#10272,#10273,#10274),(#10275,
#10276,#10277),(#10278,#10279,#10280)),.UNSPECIFIED.,.F.,.F.,.F.)
B_SPLINE_SURFACE_WITH_KNOTS((4,4),(3,3),(-2.49366499671666E-18,0.00182499637817229),
(0.,1.),.PIECEWISE_BEZIER_KNOTS.)
GEOMETRIC_REPRESENTATION_ITEM()
RATIONAL_B_SPLINE_SURFACE(((1.,0.677985431218702,1.),(1.,0.686392173259844,
1.),(1.,0.694943679153403,1.),(1.,0.703568760535961,1.)))
REPRESENTATION_ITEM('')
SURFACE()
);
#84=(
BOUNDED_SURFACE()
B_SPLINE_SURFACE(3,2,((#10282,#10283,#10284),(#10285,#10286,#10287),(#10288,
#10289,#10290),(#10291,#10292,#10293)),.UNSPECIFIED.,.F.,.F.,.F.)
B_SPLINE_SURFACE_WITH_KNOTS((4,4),(3,3),(4.76990472379341,4.92613403859644),
(0.,1.),.PIECEWISE_BEZIER_KNOTS.)
GEOMETRIC_REPRESENTATION_ITEM()
RATIONAL_B_SPLINE_SURFACE(((1.,0.703568760535949,1.),(1.,0.700360820574637,
1.),(1.,0.697145250125432,1.),(1.,0.693961648101193,1.)))
REPRESENTATION_ITEM('')
SURFACE()
);
#85=(
BOUNDED_SURFACE()
B_SPLINE_SURFACE(3,2,((#10295,#10296,#10297),(#10298,#10299,#10300),(#10301,
#10302,#10303),(#10304,#10305,#10306),(#10307,#10308,#10309)),
 .UNSPECIFIED.,.F.,.F.,.F.)
B_SPLINE_SURFACE_WITH_KNOTS((4,1,4),(3,3),(0.,0.892270692503324,1.78454138500665),
(0.,1.),.UNSPECIFIED.)
GEOMETRIC_REPRESENTATION_ITEM()
RATIONAL_B_SPLINE_SURFACE(((1.,0.766044443118978,1.),(1.,0.766044443118714,
1.),(1.,0.750193850250925,1.),(1.,0.712144119316104,1.),(1.,0.693961648101194,
1.)))
REPRESENTATION_ITEM('')
SURFACE()
);
#86=(
BOUNDED_SURFACE()
B_SPLINE_SURFACE(3,2,((#10313,#10314,#10315),(#10316,#10317,#10318),(#10319,
#10320,#10321),(#10322,#10323,#10324),(#10325,#10326,#10327)),
 .UNSPECIFIED.,.F.,.F.,.F.)
B_SPLINE_SURFACE_WITH_KNOTS((4,1,4),(3,3),(2.05998412772246E-17,0.00457340493943245,
0.00914680987886488),(0.,1.),.UNSPECIFIED.)
GEOMETRIC_REPRESENTATION_ITEM()
RATIONAL_B_SPLINE_SURFACE(((1.,0.707106781186547,1.),(1.,0.731956208055406,
1.),(1.,0.778321254357224,1.),(1.,0.820360528894653,1.),(1.,0.839485005753442,
1.)))
REPRESENTATION_ITEM('')
SURFACE()
);
#87=(
BOUNDED_SURFACE()
B_SPLINE_SURFACE(3,2,((#10333,#10334,#10335),(#10336,#10337,#10338),(#10339,
#10340,#10341),(#10342,#10343,#10344),(#10345,#10346,#10347)),
 .UNSPECIFIED.,.F.,.F.,.F.)
B_SPLINE_SURFACE_WITH_KNOTS((4,1,4),(3,3),(4.91662608542101,5.5999056963003,
6.28318530717959),(0.,1.),.UNSPECIFIED.)
GEOMETRIC_REPRESENTATION_ITEM()
RATIONAL_B_SPLINE_SURFACE(((1.,0.719450955471856,1.),(1.,0.732908467773299,
1.),(1.,0.756953273053546,1.),(1.,0.766044443118903,1.),(1.,0.766044443118979,
1.)))
REPRESENTATION_ITEM('')
SURFACE()
);
#88=(
BOUNDED_SURFACE()
B_SPLINE_SURFACE(3,2,((#10355,#10356,#10357),(#10358,#10359,#10360),(#10361,
#10362,#10363),(#10364,#10365,#10366)),.UNSPECIFIED.,.F.,.F.,.F.)
B_SPLINE_SURFACE_WITH_KNOTS((4,4),(3,3),(4.73904932875929,4.91662608542102),
(0.,1.),.PIECEWISE_BEZIER_KNOTS.)
GEOMETRIC_REPRESENTATION_ITEM()
RATIONAL_B_SPLINE_SURFACE(((1.,0.708741480550814,1.),(1.,0.71236585359065,
1.),(1.,0.715953498248787,1.),(1.,0.719450955471857,1.)))
REPRESENTATION_ITEM('')
SURFACE()
);
#89=(
BOUNDED_SURFACE()
B_SPLINE_SURFACE(3,2,((#10415,#10416,#10417),(#10418,#10419,#10420),(#10421,
#10422,#10423),(#10424,#10425,#10426),(#10427,#10428,#10429)),
 .UNSPECIFIED.,.F.,.F.,.F.)
B_SPLINE_SURFACE_WITH_KNOTS((4,1,4),(3,3),(0.000410777530594742,0.00341669555918173,
0.00642261358776871),(0.,1.),.UNSPECIFIED.)
GEOMETRIC_REPRESENTATION_ITEM()
RATIONAL_B_SPLINE_SURFACE(((1.,0.881800319606471,1.),(1.,0.915584054953664,
1.),(1.,0.973548431427859,1.),(1.,1.00000000042389,1.),(1.,1.,1.)))
REPRESENTATION_ITEM('')
SURFACE()
);
#90=(
BOUNDED_SURFACE()
B_SPLINE_SURFACE(3,2,((#10431,#10432,#10433),(#10434,#10435,#10436),(#10437,
#10438,#10439),(#10440,#10441,#10442)),.UNSPECIFIED.,.F.,.F.,.F.)
B_SPLINE_SURFACE_WITH_KNOTS((4,4),(3,3),(2.38524477946811E-18,0.000428676428901964),
(0.,1.),.PIECEWISE_BEZIER_KNOTS.)
GEOMETRIC_REPRESENTATION_ITEM()
RATIONAL_B_SPLINE_SURFACE(((1.,0.863161793455328,1.),(1.,0.869433480362006,
1.),(1.,0.875645323876102,1.),(1.,0.881800319606469,1.)))
REPRESENTATION_ITEM('')
SURFACE()
);
#91=(
BOUNDED_SURFACE()
B_SPLINE_SURFACE(3,2,((#10444,#10445,#10446),(#10447,#10448,#10449),(#10450,
#10451,#10452),(#10453,#10454,#10455),(#10456,#10457,#10458)),
 .UNSPECIFIED.,.F.,.F.,.F.)
B_SPLINE_SURFACE_WITH_KNOTS((4,1,4),(3,3),(0.114055557990775,0.500018475623577,
0.88598139325638),(0.,1.),.UNSPECIFIED.)
GEOMETRIC_REPRESENTATION_ITEM()
RATIONAL_B_SPLINE_SURFACE(((1.,0.905587643039091,1.),(1.,0.903963143853311,
1.),(1.,0.895213544698825,1.),(1.,0.875575652207184,1.),(1.,0.863161793455329,
1.)))
REPRESENTATION_ITEM('')
SURFACE()
);
#92=(
BOUNDED_SURFACE()
B_SPLINE_SURFACE(3,2,((#10460,#10461,#10462),(#10463,#10464,#10465),(#10466,
#10467,#10468),(#10469,#10470,#10471)),.UNSPECIFIED.,.F.,.F.,.F.)
B_SPLINE_SURFACE_WITH_KNOTS((4,4),(3,3),(-1.56125112837913E-17,0.00523978801121128),
(0.,1.),.PIECEWISE_BEZIER_KNOTS.)
GEOMETRIC_REPRESENTATION_ITEM()
RATIONAL_B_SPLINE_SURFACE(((1.,0.905587643039091,1.),(1.,0.908126865986784,
1.),(1.,0.908126865986785,1.),(1.,0.905587643039091,1.)))
REPRESENTATION_ITEM('')
SURFACE()
);
#93=(
BOUNDED_SURFACE()
B_SPLINE_SURFACE(3,2,((#10473,#10474,#10475),(#10476,#10477,#10478),(#10479,
#10480,#10481),(#10482,#10483,#10484),(#10485,#10486,#10487)),
 .UNSPECIFIED.,.F.,.F.,.F.)
B_SPLINE_SURFACE_WITH_KNOTS((4,1,4),(3,3),(5.39720391392321,5.78316683155601,
6.16912974918881),(0.,1.),.UNSPECIFIED.)
GEOMETRIC_REPRESENTATION_ITEM()
RATIONAL_B_SPLINE_SURFACE(((1.,0.863161793455329,1.),(1.,0.875575652207289,
1.),(1.,0.895213544699512,1.),(1.,0.903963143851832,1.),(1.,0.905587643039091,
1.)))
REPRESENTATION_ITEM('')
SURFACE()
);
#94=(
BOUNDED_SURFACE()
B_SPLINE_SURFACE(3,2,((#10489,#10490,#10491),(#10492,#10493,#10494),(#10495,
#10496,#10497),(#10498,#10499,#10500)),.UNSPECIFIED.,.F.,.F.,.F.)
B_SPLINE_SURFACE_WITH_KNOTS((4,4),(3,3),(2.10335221462188E-17,0.000428676428901981),
(0.,1.),.PIECEWISE_BEZIER_KNOTS.)
GEOMETRIC_REPRESENTATION_ITEM()
RATIONAL_B_SPLINE_SURFACE(((1.,0.881800319606469,1.),(1.,0.875645323876102,
1.),(1.,0.869433480362006,1.),(1.,0.863161793455328,1.)))
REPRESENTATION_ITEM('')
SURFACE()
);
#95=(
BOUNDED_SURFACE()
B_SPLINE_SURFACE(3,2,((#10502,#10503,#10504),(#10505,#10506,#10507),(#10508,
#10509,#10510),(#10511,#10512,#10513),(#10514,#10515,#10516)),
 .UNSPECIFIED.,.F.,.F.,.F.)
B_SPLINE_SURFACE_WITH_KNOTS((4,1,4),(3,3),(-2.38524477946811E-17,0.00300617606796743,
0.00601235213593489),(0.,1.),.UNSPECIFIED.)
GEOMETRIC_REPRESENTATION_ITEM()
RATIONAL_B_SPLINE_SURFACE(((1.,0.881800319606469,1.),(1.,0.915847108378606,
1.),(1.,0.973503423777265,1.),(1.,1.00000000042375,1.),(1.,1.,1.)))
REPRESENTATION_ITEM('')
SURFACE()
);
#96=(
BOUNDED_SURFACE()
B_SPLINE_SURFACE(3,2,((#10517,#10518,#10519),(#10520,#10521,#10522),(#10523,
#10524,#10525),(#10526,#10527,#10528),(#10529,#10530,#10531)),
 .UNSPECIFIED.,.F.,.F.,.F.)
B_SPLINE_SURFACE_WITH_KNOTS((4,1,4),(3,3),(0.000410777530594754,0.00341669555918174,
0.00642261358776872),(0.,1.),.UNSPECIFIED.)
GEOMETRIC_REPRESENTATION_ITEM()
RATIONAL_B_SPLINE_SURFACE(((1.,0.881800319606471,1.),(1.,0.915584054954448,
1.),(1.,0.973548431427467,1.),(1.,1.00000000042389,1.),(1.,1.,1.)))
REPRESENTATION_ITEM('')
SURFACE()
);
#97=(
BOUNDED_SURFACE()
B_SPLINE_SURFACE(3,2,((#10533,#10534,#10535),(#10536,#10537,#10538),(#10539,
#10540,#10541),(#10542,#10543,#10544)),.UNSPECIFIED.,.F.,.F.,.F.)
B_SPLINE_SURFACE_WITH_KNOTS((4,4),(3,3),(2.03830008427275E-17,0.000428676428901941),
(0.,1.),.PIECEWISE_BEZIER_KNOTS.)
GEOMETRIC_REPRESENTATION_ITEM()
RATIONAL_B_SPLINE_SURFACE(((1.,0.863161793455329,1.),(1.,0.869433480362031,
1.),(1.,0.87564532387611,1.),(1.,0.881800319606469,1.)))
REPRESENTATION_ITEM('')
SURFACE()
);
#98=(
BOUNDED_SURFACE()
B_SPLINE_SURFACE(3,2,((#10546,#10547,#10548),(#10549,#10550,#10551),(#10552,
#10553,#10554),(#10555,#10556,#10557),(#10558,#10559,#10560)),
 .UNSPECIFIED.,.F.,.F.,.F.)
B_SPLINE_SURFACE_WITH_KNOTS((4,1,4),(3,3),(0.114055557990775,0.500018475623578,
0.88598139325638),(0.,1.),.UNSPECIFIED.)
GEOMETRIC_REPRESENTATION_ITEM()
RATIONAL_B_SPLINE_SURFACE(((1.,0.905587643039091,1.),(1.,0.903963143853311,
1.),(1.,0.895213544698824,1.),(1.,0.875575652207184,1.),(1.,0.863161793455329,
1.)))
REPRESENTATION_ITEM('')
SURFACE()
);
#99=(
BOUNDED_SURFACE()
B_SPLINE_SURFACE(3,2,((#10562,#10563,#10564),(#10565,#10566,#10567),(#10568,
#10569,#10570),(#10571,#10572,#10573)),.UNSPECIFIED.,.F.,.F.,.F.)
B_SPLINE_SURFACE_WITH_KNOTS((4,4),(3,3),(-1.56125112837913E-17,0.00523978801121128),
(0.,1.),.PIECEWISE_BEZIER_KNOTS.)
GEOMETRIC_REPRESENTATION_ITEM()
RATIONAL_B_SPLINE_SURFACE(((1.,0.905587643039091,1.),(1.,0.908126865986784,
1.),(1.,0.908126865986785,1.),(1.,0.905587643039091,1.)))
REPRESENTATION_ITEM('')
SURFACE()
);
#100=(
BOUNDED_SURFACE()
B_SPLINE_SURFACE(3,2,((#10575,#10576,#10577),(#10578,#10579,#10580),(#10581,
#10582,#10583),(#10584,#10585,#10586),(#10587,#10588,#10589)),
 .UNSPECIFIED.,.F.,.F.,.F.)
B_SPLINE_SURFACE_WITH_KNOTS((4,1,4),(3,3),(5.39720391392321,5.78316683155601,
6.16912974918881),(0.,1.),.UNSPECIFIED.)
GEOMETRIC_REPRESENTATION_ITEM()
RATIONAL_B_SPLINE_SURFACE(((1.,0.863161793455329,1.),(1.,0.875575652207289,
1.),(1.,0.895213544700089,1.),(1.,0.903963143850678,1.),(1.,0.905587643039091,
1.)))
REPRESENTATION_ITEM('')
SURFACE()
);
#101=(
BOUNDED_SURFACE()
B_SPLINE_SURFACE(3,2,((#10591,#10592,#10593),(#10594,#10595,#10596),(#10597,
#10598,#10599),(#10600,#10601,#10602)),.UNSPECIFIED.,.F.,.F.,.F.)
B_SPLINE_SURFACE_WITH_KNOTS((4,4),(3,3),(3.62123525610158E-17,0.000428676428901958),
(0.,1.),.PIECEWISE_BEZIER_KNOTS.)
GEOMETRIC_REPRESENTATION_ITEM()
RATIONAL_B_SPLINE_SURFACE(((1.,0.881800319606469,1.),(1.,0.87564532387611,
1.),(1.,0.869433480362031,1.),(1.,0.863161793455329,1.)))
REPRESENTATION_ITEM('')
SURFACE()
);
#102=(
BOUNDED_SURFACE()
B_SPLINE_SURFACE(3,2,((#10604,#10605,#10606),(#10607,#10608,#10609),(#10610,
#10611,#10612),(#10613,#10614,#10615),(#10616,#10617,#10618)),
 .UNSPECIFIED.,.F.,.F.,.F.)
B_SPLINE_SURFACE_WITH_KNOTS((4,1,4),(3,3),(-2.38524477946811E-17,0.00300617606796743,
0.00601235213593489),(0.,1.),.UNSPECIFIED.)
GEOMETRIC_REPRESENTATION_ITEM()
RATIONAL_B_SPLINE_SURFACE(((1.,0.881800319606469,1.),(1.,0.915847108378606,
1.),(1.,0.973503423777265,1.),(1.,1.00000000042375,1.),(1.,1.,1.)))
REPRESENTATION_ITEM('')
SURFACE()
);
#103=(
BOUNDED_SURFACE()
B_SPLINE_SURFACE(3,2,((#10623,#10624,#10625),(#10626,#10627,#10628),(#10629,
#10630,#10631),(#10632,#10633,#10634),(#10635,#10636,#10637)),
 .UNSPECIFIED.,.F.,.F.,.F.)
B_SPLINE_SURFACE_WITH_KNOTS((4,1,4),(3,3),(1.0842021724855E-17,0.00166567686553525,
0.0033313537310705),(0.,1.),.UNSPECIFIED.)
GEOMETRIC_REPRESENTATION_ITEM()
RATIONAL_B_SPLINE_SURFACE(((1.,0.923879532511289,1.),(1.,0.935606308512913,
1.),(1.,0.947296177320133,1.),(1.,0.935624393285649,1.),(1.,0.923879532511263,
1.)))
REPRESENTATION_ITEM('')
SURFACE()
);
#104=(
BOUNDED_SURFACE()
B_SPLINE_SURFACE(3,2,((#10681,#10682,#10683),(#10684,#10685,#10686),(#10687,
#10688,#10689),(#10690,#10691,#10692),(#10693,#10694,#10695)),
 .UNSPECIFIED.,.F.,.F.,.F.)
B_SPLINE_SURFACE_WITH_KNOTS((4,1,4),(3,3),(-1.85398571495021E-17,0.00274994316853111,
0.00549988633706225),(0.,1.),.UNSPECIFIED.)
GEOMETRIC_REPRESENTATION_ITEM()
RATIONAL_B_SPLINE_SURFACE(((1.,0.857685712610575,1.),(1.,0.902844883239826,
1.),(1.,0.972378678238423,1.),(1.,1.00000000024368,1.),(1.,1.,1.)))
REPRESENTATION_ITEM('')
SURFACE()
);
#105=(
BOUNDED_SURFACE()
B_SPLINE_SURFACE(3,2,((#10697,#10698,#10699),(#10700,#10701,#10702),(#10703,
#10704,#10705),(#10706,#10707,#10708),(#10709,#10710,#10711),(#10712,#10713,
#10714),(#10715,#10716,#10717)),.UNSPECIFIED.,.F.,.F.,.F.)
B_SPLINE_SURFACE_WITH_KNOTS((4,1,1,1,4),(3,3),(5.59936346485299,5.94127438601615,
6.2831853071793,6.62509622834246,6.96700714950561),(0.,1.),
 .UNSPECIFIED.)
GEOMETRIC_REPRESENTATION_ITEM()
RATIONAL_B_SPLINE_SURFACE(((1.,0.857685712610575,1.),(1.,0.867341775309293,
1.),(1.,0.882053259684733,1.),(1.,0.88948961992536,1.),(1.,0.882053259683158,
1.),(1.,0.867341775313066,1.),(1.,0.857685712610624,1.)))
REPRESENTATION_ITEM('')
SURFACE()
);
#106=(
BOUNDED_SURFACE()
B_SPLINE_SURFACE(3,2,((#10719,#10720,#10721),(#10722,#10723,#10724),(#10725,
#10726,#10727),(#10728,#10729,#10730),(#10731,#10732,#10733)),
 .UNSPECIFIED.,.F.,.F.,.F.)
B_SPLINE_SURFACE_WITH_KNOTS((4,1,4),(3,3),(-8.98803600990483E-17,0.002749943168542,
0.0054998863370841),(0.,1.),.UNSPECIFIED.)
GEOMETRIC_REPRESENTATION_ITEM()
RATIONAL_B_SPLINE_SURFACE(((1.,0.857685712609693,1.),(1.,0.902844883245312,
1.),(1.,0.972378678235302,1.),(1.,1.00000000024368,1.),(1.,1.,1.)))
REPRESENTATION_ITEM('')
SURFACE()
);
#107=(
BOUNDED_SURFACE()
B_SPLINE_SURFACE(3,2,((#10734,#10735,#10736),(#10737,#10738,#10739),(#10740,
#10741,#10742),(#10743,#10744,#10745),(#10746,#10747,#10748)),
 .UNSPECIFIED.,.F.,.F.,.F.)
B_SPLINE_SURFACE_WITH_KNOTS((4,1,4),(3,3),(-2.11549527895372E-15,0.00274994316858885,
0.00549988633717981),(0.,1.),.UNSPECIFIED.)
GEOMETRIC_REPRESENTATION_ITEM()
RATIONAL_B_SPLINE_SURFACE(((1.,0.857685712609732,1.),(1.,0.902844883053258,
1.),(1.,0.972378678333743,1.),(1.,1.00000000024384,1.),(1.,1.,1.)))
REPRESENTATION_ITEM('')
SURFACE()
);
#108=(
BOUNDED_SURFACE()
B_SPLINE_SURFACE(3,2,((#10750,#10751,#10752),(#10753,#10754,#10755),(#10756,
#10757,#10758),(#10759,#10760,#10761),(#10762,#10763,#10764),(#10765,#10766,
#10767),(#10768,#10769,#10770)),.UNSPECIFIED.,.F.,.F.,.F.)
B_SPLINE_SURFACE_WITH_KNOTS((4,1,1,1,4),(3,3),(5.59936346485299,5.94127438601615,
6.2831853071793,6.62509622834246,6.96700714950561),(0.,1.),
 .UNSPECIFIED.)
GEOMETRIC_REPRESENTATION_ITEM()
RATIONAL_B_SPLINE_SURFACE(((1.,0.857685712610575,1.),(1.,0.867341775309293,
1.),(1.,0.882053259684733,1.),(1.,0.88948961992536,1.),(1.,0.882053259683158,
1.),(1.,0.867341775313066,1.),(1.,0.857685712610624,1.)))
REPRESENTATION_ITEM('')
SURFACE()
);
#109=(
BOUNDED_SURFACE()
B_SPLINE_SURFACE(3,2,((#10772,#10773,#10774),(#10775,#10776,#10777),(#10778,
#10779,#10780),(#10781,#10782,#10783),(#10784,#10785,#10786)),
 .UNSPECIFIED.,.F.,.F.,.F.)
B_SPLINE_SURFACE_WITH_KNOTS((4,1,4),(3,3),(9.64939933512099E-18,0.00274994316853111,
0.00549988633706222),(0.,1.),.UNSPECIFIED.)
GEOMETRIC_REPRESENTATION_ITEM()
RATIONAL_B_SPLINE_SURFACE(((1.,0.857685712610572,1.),(1.,0.902844883247556,
1.),(1.,0.972378678234558,1.),(1.,1.00000000024368,1.),(1.,1.,1.)))
REPRESENTATION_ITEM('')
SURFACE()
);
#110=(
BOUNDED_SURFACE()
B_SPLINE_SURFACE(3,2,((#11023,#11024,#11025),(#11026,#11027,#11028),(#11029,
#11030,#11031),(#11032,#11033,#11034)),.UNSPECIFIED.,.F.,.F.,.F.)
B_SPLINE_SURFACE_WITH_KNOTS((4,4),(3,3),(3.01156926886203,3.27161603831756),
(0.,1.),.PIECEWISE_BEZIER_KNOTS.)
GEOMETRIC_REPRESENTATION_ITEM()
RATIONAL_B_SPLINE_SURFACE(((1.,0.922262976394175,1.),(1.,0.924417233422402,
1.),(1.,0.924417233411243,1.),(1.,0.922262976394175,1.)))
REPRESENTATION_ITEM('')
SURFACE()
);
#111=(
BOUNDED_SURFACE()
B_SPLINE_SURFACE(3,2,((#11055,#11056,#11057),(#11058,#11059,#11060),(#11061,
#11062,#11063),(#11064,#11065,#11066)),.UNSPECIFIED.,.F.,.F.,.F.)
B_SPLINE_SURFACE_WITH_KNOTS((4,4),(3,3),(0.000404456656040618,0.00103312568746919),
(0.,1.),.PIECEWISE_BEZIER_KNOTS.)
GEOMETRIC_REPRESENTATION_ITEM()
RATIONAL_B_SPLINE_SURFACE(((1.,0.765921848389163,1.),(1.,0.777333523503878,
1.),(1.,0.755633830387452,1.),(1.,0.724662227635257,1.)))
REPRESENTATION_ITEM('')
SURFACE()
);
#112=(
BOUNDED_SURFACE()
B_SPLINE_SURFACE(3,2,((#11068,#11069,#11070),(#11071,#11072,#11073),(#11074,
#11075,#11076),(#11077,#11078,#11079)),.UNSPECIFIED.,.F.,.F.,.F.)
B_SPLINE_SURFACE_WITH_KNOTS((4,4),(3,3),(3.20737868723401,3.27930517018765),
(0.,1.),.PIECEWISE_BEZIER_KNOTS.)
GEOMETRIC_REPRESENTATION_ITEM()
RATIONAL_B_SPLINE_SURFACE(((1.,0.765921848389174,1.),(1.,0.765832515007115,
1.),(1.,0.765694384235219,1.),(1.,0.765507734207968,1.)))
REPRESENTATION_ITEM('')
SURFACE()
);
#113=(
BOUNDED_SURFACE()
B_SPLINE_SURFACE(3,2,((#11081,#11082,#11083),(#11084,#11085,#11086),(#11087,
#11088,#11089),(#11090,#11091,#11092)),.UNSPECIFIED.,.F.,.F.,.F.)
B_SPLINE_SURFACE_WITH_KNOTS((4,4),(3,3),(-2.3039296165317E-18,0.000638235180147914),
(0.,1.),.PIECEWISE_BEZIER_KNOTS.)
GEOMETRIC_REPRESENTATION_ITEM()
RATIONAL_B_SPLINE_SURFACE(((1.,0.765507734207968,1.),(1.,0.741482912480747,
1.),(1.,0.685892054151018,1.),(1.,0.650866517429785,1.)))
REPRESENTATION_ITEM('')
SURFACE()
);
#114=(
BOUNDED_SURFACE()
B_SPLINE_SURFACE(3,2,((#11096,#11097,#11098),(#11099,#11100,#11101),(#11102,
#11103,#11104),(#11105,#11106,#11107)),.UNSPECIFIED.,.F.,.F.,.F.)
B_SPLINE_SURFACE_WITH_KNOTS((4,4),(3,3),(3.36102673470506E-18,0.000628516150063349),
(0.,1.),.PIECEWISE_BEZIER_KNOTS.)
GEOMETRIC_REPRESENTATION_ITEM()
RATIONAL_B_SPLINE_SURFACE(((1.,0.707106781186546,1.),(1.,0.679174577090494,
1.),(1.,0.650866538432416,1.),(1.,0.650866517429778,1.)))
REPRESENTATION_ITEM('')
SURFACE()
);
#115=(
BOUNDED_SURFACE()
B_SPLINE_SURFACE(3,2,((#11111,#11112,#11113),(#11114,#11115,#11116),(#11117,
#11118,#11119),(#11120,#11121,#11122)),.UNSPECIFIED.,.F.,.F.,.F.)
B_SPLINE_SURFACE_WITH_KNOTS((4,4),(3,3),(5.09575021068187E-18,0.000587003472395826),
(0.,1.),.PIECEWISE_BEZIER_KNOTS.)
GEOMETRIC_REPRESENTATION_ITEM()
RATIONAL_B_SPLINE_SURFACE(((1.,0.730816140168205,1.),(1.,0.723752338421181,
1.),(1.,0.715699570510049,1.),(1.,0.707106781186543,1.)))
REPRESENTATION_ITEM('')
SURFACE()
);
#116=(
BOUNDED_SURFACE()
B_SPLINE_SURFACE(3,2,((#11124,#11125,#11126),(#11127,#11128,#11129),(#11130,
#11131,#11132),(#11133,#11134,#11135)),.UNSPECIFIED.,.F.,.F.,.F.)
B_SPLINE_SURFACE_WITH_KNOTS((4,4),(3,3),(0.002914070628649,0.00333081248371881),
(0.,1.),.PIECEWISE_BEZIER_KNOTS.)
GEOMETRIC_REPRESENTATION_ITEM()
RATIONAL_B_SPLINE_SURFACE(((1.,0.730816140168214,1.),(1.,0.769913207258322,
1.),(1.,0.788992438589435,1.),(1.,0.787411083554687,1.)))
REPRESENTATION_ITEM('')
SURFACE()
);
#117=(
BOUNDED_SURFACE()
B_SPLINE_SURFACE(3,2,((#11137,#11138,#11139),(#11140,#11141,#11142),(#11143,
#11144,#11145),(#11146,#11147,#11148)),.UNSPECIFIED.,.F.,.F.,.F.)
B_SPLINE_SURFACE_WITH_KNOTS((4,4),(3,3),(9.86623976961809E-18,5.14250336728158E-5),
(0.,1.),.PIECEWISE_BEZIER_KNOTS.)
GEOMETRIC_REPRESENTATION_ITEM()
RATIONAL_B_SPLINE_SURFACE(((1.,0.787411083554684,1.),(1.,0.787798664605793,
1.),(1.,0.788440097947225,1.),(1.,0.789318582202595,1.)))
REPRESENTATION_ITEM('')
SURFACE()
);
#118=(
BOUNDED_SURFACE()
B_SPLINE_SURFACE(3,2,((#11150,#11151,#11152),(#11153,#11154,#11155),(#11156,
#11157,#11158),(#11159,#11160,#11161),(#11162,#11163,#11164),(#11165,#11166,
#11167)),.UNSPECIFIED.,.F.,.F.,.F.)
B_SPLINE_SURFACE_WITH_KNOTS((4,1,1,4),(3,3),(0.00128358012911164,0.0016908259063495,
0.00189444879496843,0.00209807168358736),(0.,1.),.UNSPECIFIED.)
GEOMETRIC_REPRESENTATION_ITEM()
RATIONAL_B_SPLINE_SURFACE(((1.,0.789318582202226,1.),(1.,0.848605753282866,
1.),(1.,0.923740834874816,1.),(1.,0.980867527229406,1.),(1.,0.995738475894548,
1.),(1.,0.998580631183272,1.)))
REPRESENTATION_ITEM('')
SURFACE()
);
#119=(
BOUNDED_SURFACE()
B_SPLINE_SURFACE(3,2,((#11169,#11170,#11171),(#11172,#11173,#11174),(#11175,
#11176,#11177),(#11178,#11179,#11180)),.UNSPECIFIED.,.F.,.F.,.F.)
B_SPLINE_SURFACE_WITH_KNOTS((4,4),(3,3),(-3.0916702574782E-18,2.66016044167664E-5),
(0.,1.),.PIECEWISE_BEZIER_KNOTS.)
GEOMETRIC_REPRESENTATION_ITEM()
RATIONAL_B_SPLINE_SURFACE(((1.,0.999048221581858,1.),(1.,0.999048144933183,
1.),(1.,0.998854932929181,1.),(1.,0.99858063118315,1.)))
REPRESENTATION_ITEM('')
SURFACE()
);
#120=(
BOUNDED_SURFACE()
B_SPLINE_SURFACE(3,2,((#11184,#11185,#11186),(#11187,#11188,#11189),(#11190,
#11191,#11192),(#11193,#11194,#11195)),.UNSPECIFIED.,.F.,.F.,.F.)
B_SPLINE_SURFACE_WITH_KNOTS((4,4),(3,3),(-4.36391374425416E-18,2.66659225837912E-5),
(0.,1.),.PIECEWISE_BEZIER_KNOTS.)
GEOMETRIC_REPRESENTATION_ITEM()
RATIONAL_B_SPLINE_SURFACE(((1.,0.998580631183239,1.),(1.,0.998857199914744,
1.),(1.,0.999048161539702,1.),(1.,0.999048221581858,1.)))
REPRESENTATION_ITEM('')
SURFACE()
);
#121=(
BOUNDED_SURFACE()
B_SPLINE_SURFACE(3,2,((#11197,#11198,#11199),(#11200,#11201,#11202),(#11203,
#11204,#11205),(#11206,#11207,#11208),(#11209,#11210,#11211),(#11212,#11213,
#11214)),.UNSPECIFIED.,.F.,.F.,.F.)
B_SPLINE_SURFACE_WITH_KNOTS((4,1,1,4),(3,3),(0.00130931569792679,0.00151579831211004,
0.0017222809262933,0.00213524615465981),(0.,1.),.UNSPECIFIED.)
GEOMETRIC_REPRESENTATION_ITEM()
RATIONAL_B_SPLINE_SURFACE(((1.,0.998580631189285,1.),(1.,0.995729002414736,
1.),(1.,0.980868245260049,1.),(1.,0.923441239636545,1.),(1.,0.848912607041869,
1.),(1.,0.78931858220262,1.)))
REPRESENTATION_ITEM('')
SURFACE()
);
#122=(
BOUNDED_SURFACE()
B_SPLINE_SURFACE(3,2,((#11216,#11217,#11218),(#11219,#11220,#11221),(#11222,
#11223,#11224),(#11225,#11226,#11227)),.UNSPECIFIED.,.F.,.F.,.F.)
B_SPLINE_SURFACE_WITH_KNOTS((4,4),(3,3),(0.00131089165329746,0.00136203077993772),
(0.,1.),.PIECEWISE_BEZIER_KNOTS.)
GEOMETRIC_REPRESENTATION_ITEM()
RATIONAL_B_SPLINE_SURFACE(((1.,0.7893185822026,1.),(1.,0.788434123935083,
1.),(1.,0.787796059144129,1.),(1.,0.787411083554696,1.)))
REPRESENTATION_ITEM('')
SURFACE()
);
#123=(
BOUNDED_SURFACE()
B_SPLINE_SURFACE(3,2,((#11229,#11230,#11231),(#11232,#11233,#11234),(#11235,
#11236,#11237),(#11238,#11239,#11240)),.UNSPECIFIED.,.F.,.F.,.F.)
B_SPLINE_SURFACE_WITH_KNOTS((4,4),(3,3),(-3.93023287525995E-19,0.000416073601005106),
(0.,1.),.PIECEWISE_BEZIER_KNOTS.)
GEOMETRIC_REPRESENTATION_ITEM()
RATIONAL_B_SPLINE_SURFACE(((1.,0.730816140168214,1.),(1.,0.769941370036977,
1.),(1.,0.78899598528749,1.),(1.,0.787411083554675,1.)))
REPRESENTATION_ITEM('')
SURFACE()
);
#124=(
BOUNDED_SURFACE()
B_SPLINE_SURFACE(3,2,((#11242,#11243,#11244),(#11245,#11246,#11247),(#11248,
#11249,#11250),(#11251,#11252,#11253)),.UNSPECIFIED.,.F.,.F.,.F.)
B_SPLINE_SURFACE_WITH_KNOTS((4,4),(3,3),(-2.54245409447851E-17,0.000587019218885612),
(0.,1.),.PIECEWISE_BEZIER_KNOTS.)
GEOMETRIC_REPRESENTATION_ITEM()
RATIONAL_B_SPLINE_SURFACE(((1.,0.707106781186548,1.),(1.,0.715699302439038,
1.),(1.,0.723752704212606,1.),(1.,0.730816140168205,1.)))
REPRESENTATION_ITEM('')
SURFACE()
);
#125=(
BOUNDED_SURFACE()
B_SPLINE_SURFACE(3,2,((#11257,#11258,#11259),(#11260,#11261,#11262),(#11263,
#11264,#11265),(#11266,#11267,#11268)),.UNSPECIFIED.,.F.,.F.,.F.)
B_SPLINE_SURFACE_WITH_KNOTS((4,4),(3,3),(-1.27393755267047E-18,0.000628511816350625),
(0.,1.),.PIECEWISE_BEZIER_KNOTS.)
GEOMETRIC_REPRESENTATION_ITEM()
RATIONAL_B_SPLINE_SURFACE(((1.,0.650866517429787,1.),(1.,0.650866551231456,
1.),(1.,0.679180126006181,1.),(1.,0.707106781186546,1.)))
REPRESENTATION_ITEM('')
SURFACE()
);
#126=(
BOUNDED_SURFACE()
B_SPLINE_SURFACE(3,2,((#11272,#11273,#11274),(#11275,#11276,#11277),(#11278,
#11279,#11280),(#11281,#11282,#11283)),.UNSPECIFIED.,.F.,.F.,.F.)
B_SPLINE_SURFACE_WITH_KNOTS((4,4),(3,3),(-2.3039296165317E-18,0.00063825222339753),
(0.,1.),.PIECEWISE_BEZIER_KNOTS.)
GEOMETRIC_REPRESENTATION_ITEM()
RATIONAL_B_SPLINE_SURFACE(((1.,0.650866517429787,1.),(1.,0.685899585044614,
1.),(1.,0.741482206761968,1.),(1.,0.765507734207952,1.)))
REPRESENTATION_ITEM('')
SURFACE()
);
#127=(
BOUNDED_SURFACE()
B_SPLINE_SURFACE(3,2,((#11285,#11286,#11287),(#11288,#11289,#11290),(#11291,
#11292,#11293),(#11294,#11295,#11296)),.UNSPECIFIED.,.F.,.F.,.F.)
B_SPLINE_SURFACE_WITH_KNOTS((4,4),(3,3),(3.00388013699193,3.07580661994557),
(0.,1.),.PIECEWISE_BEZIER_KNOTS.)
GEOMETRIC_REPRESENTATION_ITEM()
RATIONAL_B_SPLINE_SURFACE(((1.,0.765507734207963,1.),(1.,0.765694384238794,
1.),(1.,0.76583251501217,1.),(1.,0.765921848389169,1.)))
REPRESENTATION_ITEM('')
SURFACE()
);
#128=(
BOUNDED_SURFACE()
B_SPLINE_SURFACE(3,2,((#11298,#11299,#11300),(#11301,#11302,#11303),(#11304,
#11305,#11306),(#11307,#11308,#11309)),.UNSPECIFIED.,.F.,.F.,.F.)
B_SPLINE_SURFACE_WITH_KNOTS((4,4),(3,3),(0.000277404385625893,0.000906149811683195),
(0.,1.),.PIECEWISE_BEZIER_KNOTS.)
GEOMETRIC_REPRESENTATION_ITEM()
RATIONAL_B_SPLINE_SURFACE(((1.,0.724662227635275,1.),(1.,0.755979978547605,
1.),(1.,0.777191567240267,1.),(1.,0.765921848389163,1.)))
REPRESENTATION_ITEM('')
SURFACE()
);
#129=CONICAL_SURFACE('',#5656,0.00714644660940673,0.78539816339745);
#130=CONICAL_SURFACE('',#5672,0.0275,0.0872664625997167);
#131=CONICAL_SURFACE('',#5690,0.02506,0.78539816339745);
#132=CONICAL_SURFACE('',#5758,0.00610857864376269,0.785398163397448);
#133=CONICAL_SURFACE('',#6028,0.0235,0.174532925199433);
#134=CONICAL_SURFACE('',#6030,0.0235,0.174532925199433);
#135=CONICAL_SURFACE('',#6274,0.0223182306963854,0.174532925199433);
#136=ELLIPSE('',#5648,0.0388626530052118,0.0275798635240743);
#137=ELLIPSE('',#5651,0.026720270030003,0.0230202096885338);
#138=ELLIPSE('',#5652,0.0305054820568881,0.026384798490494);
#139=ELLIPSE('',#5654,0.026720270030003,0.0230202096885338);
#140=ELLIPSE('',#5655,0.0305054820568881,0.026384798490494);
#141=ELLIPSE('',#5664,0.0264559165293884,0.0260599999999885);
#142=ELLIPSE('',#5666,0.0264559165293884,0.0260599999999885);
#143=ELLIPSE('',#5669,0.0365025642934849,0.02606);
#144=ELLIPSE('',#5671,0.0365025642934849,0.02606);
#145=ELLIPSE('',#5682,0.0361472986542563,0.02556);
#146=ELLIPSE('',#5697,0.0361472986542563,0.02556);
#147=ELLIPSE('',#5827,0.0319525100144069,0.0276363617668272);
#148=ELLIPSE('',#5886,0.000507713305942871,0.0005);
#149=ELLIPSE('',#5889,0.00302065635524848,0.003);
#150=ELLIPSE('',#5891,0.0304939116409302,0.03);
#151=ELLIPSE('',#5892,0.0304939116409302,0.03);
#152=ELLIPSE('',#5903,0.00302065635524848,0.003);
#153=ELLIPSE('',#5905,0.000507713305942871,0.0005);
#154=ELLIPSE('',#5907,0.00302065635524848,0.003);
#155=ELLIPSE('',#5910,0.00302065635524848,0.003);
#156=ELLIPSE('',#5912,0.0380618118190562,0.0375133309638054);
#157=ELLIPSE('',#5913,0.0380618118190562,0.0375133309638054);
#158=ELLIPSE('',#5915,0.026720270030003,0.0230202096885338);
#159=ELLIPSE('',#5916,0.0305054820568881,0.026384798490494);
#160=ELLIPSE('',#5918,0.0370766079492398,0.0365133309638054);
#161=ELLIPSE('',#5919,0.00203085322377149,0.002);
#162=ELLIPSE('',#5920,0.00203085322377149,0.002);
#163=ELLIPSE('',#5921,0.0314782249684581,0.031);
#164=ELLIPSE('',#5923,0.0314782249684581,0.031);
#165=ELLIPSE('',#5924,0.00203085322377149,0.002);
#166=ELLIPSE('',#5925,0.00203085322377149,0.002);
#167=ELLIPSE('',#5926,0.0370766079492398,0.0365133309638054);
#168=ELLIPSE('',#5985,0.000507713305942871,0.0005);
#169=ELLIPSE('',#5988,0.00302065635524848,0.003);
#170=ELLIPSE('',#5990,0.026720270030003,0.0230202096885338);
#171=ELLIPSE('',#5991,0.0305054820568881,0.026384798490494);
#172=ELLIPSE('',#6002,0.00302065635524848,0.003);
#173=ELLIPSE('',#6004,0.000507713305942871,0.0005);
#174=ELLIPSE('',#6006,0.0304939116409302,0.03);
#175=ELLIPSE('',#6007,0.0304939116409302,0.03);
#176=ELLIPSE('',#6009,0.00302065635524848,0.003);
#177=ELLIPSE('',#6012,0.00302065635524848,0.003);
#178=ELLIPSE('',#6014,0.0380618118190562,0.0375133309638054);
#179=ELLIPSE('',#6015,0.0380618118190562,0.0375133309638054);
#180=ELLIPSE('',#6017,0.0370766079492398,0.0365133309638054);
#181=ELLIPSE('',#6018,0.0314782249684581,0.031);
#182=ELLIPSE('',#6019,0.00203085322377149,0.002);
#183=ELLIPSE('',#6020,0.00203085322377149,0.002);
#184=ELLIPSE('',#6022,0.0370766079492398,0.0365133309638054);
#185=ELLIPSE('',#6023,0.00203085322377149,0.002);
#186=ELLIPSE('',#6024,0.00203085322377149,0.002);
#187=ELLIPSE('',#6025,0.0314782249684581,0.031);
#188=ELLIPSE('',#6027,0.0319525100144069,0.0276363617668272);
#189=ELLIPSE('',#6172,0.0262589321833538,0.0258599999999885);
#190=ELLIPSE('',#6180,0.0262589321833538,0.0258599999999885);
#191=ELLIPSE('',#6208,0.0387209743316703,0.0273798635240744);
#192=CYLINDRICAL_SURFACE('',#5646,0.0275798635240743);
#193=CYLINDRICAL_SURFACE('',#5659,0.01);
#194=CYLINDRICAL_SURFACE('',#5660,0.01);
#195=CYLINDRICAL_SURFACE('',#5661,0.01);
#196=CYLINDRICAL_SURFACE('',#5662,0.01);
#197=CYLINDRICAL_SURFACE('',#5663,0.0260599999999885);
#198=CYLINDRICAL_SURFACE('',#5703,0.0005);
#199=CYLINDRICAL_SURFACE('',#5734,0.0005);
#200=CYLINDRICAL_SURFACE('',#5739,0.0005);
#201=CYLINDRICAL_SURFACE('',#5742,0.0005);
#202=CYLINDRICAL_SURFACE('',#5769,0.0005);
#203=CYLINDRICAL_SURFACE('',#5773,0.0005);
#204=CYLINDRICAL_SURFACE('',#5832,0.0005);
#205=CYLINDRICAL_SURFACE('',#5834,0.0005);
#206=CYLINDRICAL_SURFACE('',#5840,0.0005);
#207=CYLINDRICAL_SURFACE('',#5854,0.0045);
#208=CYLINDRICAL_SURFACE('',#5878,0.0005);
#209=CYLINDRICAL_SURFACE('',#5883,0.0015);
#210=CYLINDRICAL_SURFACE('',#5885,0.0005);
#211=CYLINDRICAL_SURFACE('',#5888,0.003);
#212=CYLINDRICAL_SURFACE('',#5890,0.03);
#213=CYLINDRICAL_SURFACE('',#5897,0.0005);
#214=CYLINDRICAL_SURFACE('',#5902,0.003);
#215=CYLINDRICAL_SURFACE('',#5904,0.0005);
#216=CYLINDRICAL_SURFACE('',#5906,0.003);
#217=CYLINDRICAL_SURFACE('',#5909,0.003);
#218=CYLINDRICAL_SURFACE('',#5911,0.0375133309638054);
#219=CYLINDRICAL_SURFACE('',#5931,0.0005);
#220=CYLINDRICAL_SURFACE('',#5933,0.0005);
#221=CYLINDRICAL_SURFACE('',#5939,0.0005);
#222=CYLINDRICAL_SURFACE('',#5953,0.0045);
#223=CYLINDRICAL_SURFACE('',#5977,0.0005);
#224=CYLINDRICAL_SURFACE('',#5982,0.0015);
#225=CYLINDRICAL_SURFACE('',#5984,0.0005);
#226=CYLINDRICAL_SURFACE('',#5987,0.003);
#227=CYLINDRICAL_SURFACE('',#5996,0.0005);
#228=CYLINDRICAL_SURFACE('',#6001,0.003);
#229=CYLINDRICAL_SURFACE('',#6003,0.0005);
#230=CYLINDRICAL_SURFACE('',#6005,0.03);
#231=CYLINDRICAL_SURFACE('',#6008,0.003);
#232=CYLINDRICAL_SURFACE('',#6011,0.003);
#233=CYLINDRICAL_SURFACE('',#6013,0.0375133309638054);
#234=CYLINDRICAL_SURFACE('',#6032,0.0004);
#235=CYLINDRICAL_SURFACE('',#6034,0.0004);
#236=CYLINDRICAL_SURFACE('',#6036,0.0005);
#237=CYLINDRICAL_SURFACE('',#6038,0.0005);
#238=CYLINDRICAL_SURFACE('',#6040,0.0004);
#239=CYLINDRICAL_SURFACE('',#6042,0.0005);
#240=CYLINDRICAL_SURFACE('',#6044,0.0004);
#241=CYLINDRICAL_SURFACE('',#6046,0.0005);
#242=CYLINDRICAL_SURFACE('',#6048,0.0005);
#243=CYLINDRICAL_SURFACE('',#6050,0.0004);
#244=CYLINDRICAL_SURFACE('',#6052,0.0004);
#245=CYLINDRICAL_SURFACE('',#6054,0.0004);
#246=CYLINDRICAL_SURFACE('',#6056,0.0006);
#247=CYLINDRICAL_SURFACE('',#6058,0.0005);
#248=CYLINDRICAL_SURFACE('',#6060,0.0005);
#249=CYLINDRICAL_SURFACE('',#6062,0.0004);
#250=CYLINDRICAL_SURFACE('',#6064,0.0004);
#251=CYLINDRICAL_SURFACE('',#6066,0.0004);
#252=CYLINDRICAL_SURFACE('',#6068,0.0004);
#253=CYLINDRICAL_SURFACE('',#6070,0.0005);
#254=CYLINDRICAL_SURFACE('',#6072,0.0004);
#255=CYLINDRICAL_SURFACE('',#6077,0.001);
#256=CYLINDRICAL_SURFACE('',#6080,0.001);
#257=CYLINDRICAL_SURFACE('',#6096,0.001);
#258=CYLINDRICAL_SURFACE('',#6100,0.001);
#259=CYLINDRICAL_SURFACE('',#6102,0.001);
#260=CYLINDRICAL_SURFACE('',#6105,0.001);
#261=CYLINDRICAL_SURFACE('',#6121,0.001);
#262=CYLINDRICAL_SURFACE('',#6125,0.001);
#263=CYLINDRICAL_SURFACE('',#6150,0.0002);
#264=CYLINDRICAL_SURFACE('',#6153,0.0002);
#265=CYLINDRICAL_SURFACE('',#6158,0.0002);
#266=CYLINDRICAL_SURFACE('',#6161,0.0002);
#267=CYLINDRICAL_SURFACE('',#6173,0.0002);
#268=CYLINDRICAL_SURFACE('',#6176,0.0002);
#269=CYLINDRICAL_SURFACE('',#6192,0.0002);
#270=CYLINDRICAL_SURFACE('',#6195,0.0002);
#271=CYLINDRICAL_SURFACE('',#6197,0.0002);
#272=CYLINDRICAL_SURFACE('',#6198,0.0002);
#273=CYLINDRICAL_SURFACE('',#6199,0.0002);
#274=CYLINDRICAL_SURFACE('',#6200,0.0002);
#275=CYLINDRICAL_SURFACE('',#6201,0.0002);
#276=CYLINDRICAL_SURFACE('',#6209,0.0002);
#277=CYLINDRICAL_SURFACE('',#6211,0.0002);
#278=CYLINDRICAL_SURFACE('',#6214,0.0002);
#279=CYLINDRICAL_SURFACE('',#6218,0.0002);
#280=CYLINDRICAL_SURFACE('',#6222,0.0002);
#281=CYLINDRICAL_SURFACE('',#6230,0.0002);
#282=CYLINDRICAL_SURFACE('',#6234,0.0002);
#283=CYLINDRICAL_SURFACE('',#6238,0.0002);
#284=CYLINDRICAL_SURFACE('',#6239,0.0002);
#285=CYLINDRICAL_SURFACE('',#6246,0.0002);
#286=CYLINDRICAL_SURFACE('',#6250,0.0002);
#287=CYLINDRICAL_SURFACE('',#6253,0.0002);
#288=CYLINDRICAL_SURFACE('',#6267,0.0002);
#289=CYLINDRICAL_SURFACE('',#6270,0.0002);
#290=B_SPLINE_CURVE_WITH_KNOTS('',3,(#7872,#7873,#7874,#7875),
 .UNSPECIFIED.,.F.,.F.,(4,4),(0.00111591706887137,0.00159798236156511),
 .UNSPECIFIED.);
#291=B_SPLINE_CURVE_WITH_KNOTS('',3,(#7877,#7878,#7879,#7880,#7881),
 .UNSPECIFIED.,.F.,.F.,(4,1,4),(0.000789051262930033,0.500394525631465,
1.),.UNSPECIFIED.);
#292=B_SPLINE_CURVE_WITH_KNOTS('',3,(#7885,#7886,#7887,#7888),
 .UNSPECIFIED.,.F.,.F.,(4,4),(0.,0.000383242424886641),.UNSPECIFIED.);
#293=B_SPLINE_CURVE_WITH_KNOTS('',3,(#7890,#7891,#7892,#7893),
 .UNSPECIFIED.,.F.,.F.,(4,4),(0.,0.00547734002189217),.UNSPECIFIED.);
#294=B_SPLINE_CURVE_WITH_KNOTS('',3,(#7909,#7910,#7911,#7912),
 .UNSPECIFIED.,.F.,.F.,(4,4),(0.,0.000634145681649838),.UNSPECIFIED.);
#295=B_SPLINE_CURVE_WITH_KNOTS('',3,(#7916,#7917,#7918,#7919),
 .UNSPECIFIED.,.F.,.F.,(4,4),(0.,0.000593877978569384),.UNSPECIFIED.);
#296=B_SPLINE_CURVE_WITH_KNOTS('',3,(#7930,#7931,#7932,#7933),
 .UNSPECIFIED.,.F.,.F.,(4,4),(0.,0.000428676428901922),.UNSPECIFIED.);
#297=B_SPLINE_CURVE_WITH_KNOTS('',3,(#7939,#7940,#7941,#7942,#7943),
 .UNSPECIFIED.,.F.,.F.,(4,1,4),(0.,0.00392251167243705,0.0078450233448741),
 .UNSPECIFIED.);
#298=B_SPLINE_CURVE_WITH_KNOTS('',3,(#7950,#7951,#7952,#7953),
 .UNSPECIFIED.,.F.,.F.,(4,4),(0.,0.000428676428901963),.UNSPECIFIED.);
#299=B_SPLINE_CURVE_WITH_KNOTS('',3,(#7959,#7960,#7961,#7962,#7963),
 .UNSPECIFIED.,.F.,.F.,(4,1,4),(4.89733053190177E-17,0.00392251167243704,
0.00784502334487403),.UNSPECIFIED.);
#300=B_SPLINE_CURVE_WITH_KNOTS('',3,(#7969,#7970,#7971,#7972,#7973),
 .UNSPECIFIED.,.F.,.F.,(4,1,4),(0.,0.00159845811022884,0.00319691622045769),
 .UNSPECIFIED.);
#301=B_SPLINE_CURVE_WITH_KNOTS('',3,(#7981,#7982,#7983,#7984,#7985),
 .UNSPECIFIED.,.F.,.F.,(4,1,4),(0.,0.00275754073237476,0.00551508146474952),
 .UNSPECIFIED.);
#302=B_SPLINE_CURVE_WITH_KNOTS('',3,(#7986,#7987,#7988,#7989,#7990),
 .UNSPECIFIED.,.F.,.F.,(4,1,4),(1.71345110540504E-17,0.00307809219503813,
0.00615618439007624),.UNSPECIFIED.);
#303=B_SPLINE_CURVE_WITH_KNOTS('',3,(#7992,#7993,#7994,#7995,#7996),
 .UNSPECIFIED.,.F.,.F.,(4,1,4),(0.,0.0027651254620153,0.00553025092403059),
 .UNSPECIFIED.);
#304=B_SPLINE_CURVE_WITH_KNOTS('',3,(#7997,#7998,#7999,#8000),
 .UNSPECIFIED.,.F.,.F.,(4,4),(0.,0.00615288714965424),.UNSPECIFIED.);
#305=B_SPLINE_CURVE_WITH_KNOTS('',3,(#8002,#8003,#8004,#8005,#8006),
 .UNSPECIFIED.,.F.,.F.,(4,1,4),(0.,0.00276512546201529,0.00553025092403059),
 .UNSPECIFIED.);
#306=B_SPLINE_CURVE_WITH_KNOTS('',3,(#8007,#8008,#8009,#8010),
 .UNSPECIFIED.,.F.,.F.,(4,4),(0.,0.00615288714965424),.UNSPECIFIED.);
#307=B_SPLINE_CURVE_WITH_KNOTS('',3,(#8015,#8016,#8017,#8018,#8019),
 .UNSPECIFIED.,.F.,.F.,(4,1,4),(0.,0.00275754073237476,0.00551508146474952),
 .UNSPECIFIED.);
#308=B_SPLINE_CURVE_WITH_KNOTS('',3,(#8020,#8021,#8022,#8023,#8024),
 .UNSPECIFIED.,.F.,.F.,(4,1,4),(0.,0.00307809219503806,0.00615618439007613),
 .UNSPECIFIED.);
#309=B_SPLINE_CURVE_WITH_KNOTS('',3,(#8029,#8030,#8031,#8032),
 .UNSPECIFIED.,.F.,.F.,(4,4),(0.,0.000636110968567053),.UNSPECIFIED.);
#310=B_SPLINE_CURVE_WITH_KNOTS('',3,(#8036,#8037,#8038,#8039),
 .UNSPECIFIED.,.F.,.F.,(4,4),(0.,0.000647036454967926),.UNSPECIFIED.);
#311=B_SPLINE_CURVE_WITH_KNOTS('',3,(#8047,#8048,#8049,#8050),
 .UNSPECIFIED.,.F.,.F.,(4,4),(0.,0.000646593107516549),.UNSPECIFIED.);
#312=B_SPLINE_CURVE_WITH_KNOTS('',3,(#8054,#8055,#8056,#8057),
 .UNSPECIFIED.,.F.,.F.,(4,4),(4.33680868994202E-19,0.000634841696530956),
 .UNSPECIFIED.);
#313=B_SPLINE_CURVE_WITH_KNOTS('',3,(#8067,#8068,#8069,#8070),
 .UNSPECIFIED.,.F.,.F.,(4,4),(0.,0.00119743967258535),.UNSPECIFIED.);
#314=B_SPLINE_CURVE_WITH_KNOTS('',3,(#8074,#8075,#8076,#8077),
 .UNSPECIFIED.,.F.,.F.,(4,4),(0.,0.00121115034200834),.UNSPECIFIED.);
#315=B_SPLINE_CURVE_WITH_KNOTS('',3,(#8081,#8082,#8083,#8084,#8085,#8086,
#8087,#8088,#8089,#8090,#8091,#8092),.UNSPECIFIED.,.F.,.F.,(4,1,1,1,1,1,
1,1,1,4),(0.,0.00941380248323444,0.011767253104043,0.0141207037248517,0.0164741543456603,
0.0188276049664689,0.0235345062080861,0.0282414074497033,0.0329483086913205,
0.0376552099329377),.UNSPECIFIED.);
#316=B_SPLINE_CURVE_WITH_KNOTS('',3,(#8095,#8096,#8097,#8098,#8099),
 .UNSPECIFIED.,.F.,.F.,(4,1,4),(0.,0.00265671915783172,0.00531343831566345),
 .UNSPECIFIED.);
#317=B_SPLINE_CURVE_WITH_KNOTS('',3,(#8101,#8102,#8103,#8104),
 .UNSPECIFIED.,.F.,.F.,(4,4),(0.000805740344371395,0.00818907855430843),
 .UNSPECIFIED.);
#318=B_SPLINE_CURVE_WITH_KNOTS('',3,(#8106,#8107,#8108,#8109),
 .UNSPECIFIED.,.F.,.F.,(4,4),(6.2184937097144E-15,0.00374075556964219),
 .UNSPECIFIED.);
#319=B_SPLINE_CURVE_WITH_KNOTS('',3,(#8111,#8112,#8113,#8114,#8115),
 .UNSPECIFIED.,.F.,.F.,(4,1,4),(0.,0.00338064501059542,0.00676129002119085),
 .UNSPECIFIED.);
#320=B_SPLINE_CURVE_WITH_KNOTS('',3,(#8119,#8120,#8121,#8122,#8123),
 .UNSPECIFIED.,.F.,.F.,(4,1,4),(0.,0.00337976843959474,0.00675953687918948),
 .UNSPECIFIED.);
#321=B_SPLINE_CURVE_WITH_KNOTS('',3,(#8125,#8126,#8127,#8128),
 .UNSPECIFIED.,.F.,.F.,(4,4),(0.,0.00374081024998698),.UNSPECIFIED.);
#322=B_SPLINE_CURVE_WITH_KNOTS('',3,(#8130,#8131,#8132,#8133),
 .UNSPECIFIED.,.F.,.F.,(4,4),(0.00190494842956875,0.00928850967813221),
 .UNSPECIFIED.);
#323=B_SPLINE_CURVE_WITH_KNOTS('',3,(#8135,#8136,#8137,#8138,#8139),
 .UNSPECIFIED.,.F.,.F.,(4,1,4),(0.,0.00265671915782005,0.00531343831564009),
 .UNSPECIFIED.);
#324=B_SPLINE_CURVE_WITH_KNOTS('',3,(#8141,#8142,#8143,#8144,#8145,#8146,
#8147,#8148,#8149,#8150,#8151,#8152),.UNSPECIFIED.,.F.,.F.,(4,1,1,1,1,1,
1,1,1,4),(0.,0.00941380248323444,0.011767253104043,0.0141207037248517,0.0164741543456603,
0.0188276049664689,0.0235345062080861,0.0282414074497033,0.0329483086913205,
0.0376552099329377),.UNSPECIFIED.);
#325=B_SPLINE_CURVE_WITH_KNOTS('',3,(#8154,#8155,#8156,#8157,#8158),
 .UNSPECIFIED.,.F.,.F.,(4,1,4),(0.,0.00265671915787832,0.00531343831575663),
 .UNSPECIFIED.);
#326=B_SPLINE_CURVE_WITH_KNOTS('',3,(#8160,#8161,#8162,#8163),
 .UNSPECIFIED.,.F.,.F.,(4,4),(0.000805740337957322,0.0081890785458456),
 .UNSPECIFIED.);
#327=B_SPLINE_CURVE_WITH_KNOTS('',3,(#8165,#8166,#8167,#8168),
 .UNSPECIFIED.,.F.,.F.,(4,4),(6.37041101708975E-15,0.00374075556964326),
 .UNSPECIFIED.);
#328=B_SPLINE_CURVE_WITH_KNOTS('',3,(#8170,#8171,#8172,#8173,#8174),
 .UNSPECIFIED.,.F.,.F.,(4,1,4),(0.,0.00338064501059529,0.00676129002119058),
 .UNSPECIFIED.);
#329=B_SPLINE_CURVE_WITH_KNOTS('',3,(#8178,#8179,#8180,#8181,#8182),
 .UNSPECIFIED.,.F.,.F.,(4,1,4),(0.,0.00337976843959474,0.00675953687918948),
 .UNSPECIFIED.);
#330=B_SPLINE_CURVE_WITH_KNOTS('',3,(#8184,#8185,#8186,#8187),
 .UNSPECIFIED.,.F.,.F.,(4,4),(0.,0.00374081024998698),.UNSPECIFIED.);
#331=B_SPLINE_CURVE_WITH_KNOTS('',3,(#8189,#8190,#8191,#8192),
 .UNSPECIFIED.,.F.,.F.,(4,4),(0.00190494842956875,0.00928850967813221),
 .UNSPECIFIED.);
#332=B_SPLINE_CURVE_WITH_KNOTS('',3,(#8194,#8195,#8196,#8197,#8198),
 .UNSPECIFIED.,.F.,.F.,(4,1,4),(0.,0.00265671915782004,0.00531343831564008),
 .UNSPECIFIED.);
#333=B_SPLINE_CURVE_WITH_KNOTS('',3,(#8202,#8203,#8204,#8205),
 .UNSPECIFIED.,.F.,.F.,(4,4),(3.06658683336675E-18,2.63561084910604E-5),
 .UNSPECIFIED.);
#334=B_SPLINE_CURVE_WITH_KNOTS('',3,(#8209,#8210,#8211,#8212),
 .UNSPECIFIED.,.F.,.F.,(4,4),(6.78817932528551E-18,2.64869704127113E-5),
 .UNSPECIFIED.);
#335=B_SPLINE_CURVE_WITH_KNOTS('',3,(#8257,#8258,#8259,#8260),
 .UNSPECIFIED.,.F.,.F.,(4,4),(0.,0.000963331652353584),.UNSPECIFIED.);
#336=B_SPLINE_CURVE_WITH_KNOTS('',3,(#8266,#8267,#8268,#8269),
 .UNSPECIFIED.,.F.,.F.,(4,4),(4.33680868994202E-19,0.00103591790888419),
 .UNSPECIFIED.);
#337=B_SPLINE_CURVE_WITH_KNOTS('',3,(#8273,#8274,#8275,#8276),
 .UNSPECIFIED.,.F.,.F.,(4,4),(2.71050543121376E-19,0.000521545555440543),
 .UNSPECIFIED.);
#338=B_SPLINE_CURVE_WITH_KNOTS('',3,(#8278,#8279,#8280,#8281),
 .UNSPECIFIED.,.F.,.F.,(4,4),(0.,0.000851931269686136),.UNSPECIFIED.);
#339=B_SPLINE_CURVE_WITH_KNOTS('',3,(#8285,#8286,#8287,#8288),
 .UNSPECIFIED.,.F.,.F.,(4,4),(0.,0.000848036290204231),.UNSPECIFIED.);
#340=B_SPLINE_CURVE_WITH_KNOTS('',3,(#8290,#8291,#8292,#8293),
 .UNSPECIFIED.,.F.,.F.,(4,4),(0.,0.000521545555440542),.UNSPECIFIED.);
#341=B_SPLINE_CURVE_WITH_KNOTS('',3,(#8297,#8298,#8299,#8300),
 .UNSPECIFIED.,.F.,.F.,(4,4),(1.0842021724855E-19,0.00103591790888418),
 .UNSPECIFIED.);
#342=B_SPLINE_CURVE_WITH_KNOTS('',3,(#8315,#8316,#8317,#8318),
 .UNSPECIFIED.,.F.,.F.,(4,4),(0.,0.000966377093689136),.UNSPECIFIED.);
#343=B_SPLINE_CURVE_WITH_KNOTS('',3,(#8340,#8341,#8342,#8343),
 .UNSPECIFIED.,.F.,.F.,(4,4),(5.42101086242752E-19,0.00103494759423175),
 .UNSPECIFIED.);
#344=B_SPLINE_CURVE_WITH_KNOTS('',3,(#8347,#8348,#8349,#8350),
 .UNSPECIFIED.,.F.,.F.,(4,4),(0.,0.00103494759423175),.UNSPECIFIED.);
#345=B_SPLINE_CURVE_WITH_KNOTS('',3,(#8365,#8366,#8367,#8368),
 .UNSPECIFIED.,.F.,.F.,(4,4),(0.,0.000732338905508926),.UNSPECIFIED.);
#346=B_SPLINE_CURVE_WITH_KNOTS('',3,(#8432,#8433,#8434,#8435),
 .UNSPECIFIED.,.F.,.F.,(4,4),(0.,0.000475724055233416),.UNSPECIFIED.);
#347=B_SPLINE_CURVE_WITH_KNOTS('',3,(#8445,#8446,#8447,#8448),
 .UNSPECIFIED.,.F.,.F.,(4,4),(0.,0.000478771402695678),.UNSPECIFIED.);
#348=B_SPLINE_CURVE_WITH_KNOTS('',3,(#8508,#8509,#8510,#8511),
 .UNSPECIFIED.,.F.,.F.,(4,4),(0.,0.000519327455570923),.UNSPECIFIED.);
#349=B_SPLINE_CURVE_WITH_KNOTS('',3,(#8536,#8537,#8538,#8539),
 .UNSPECIFIED.,.F.,.F.,(4,4),(0.,0.000519327455573331),.UNSPECIFIED.);
#350=B_SPLINE_CURVE_WITH_KNOTS('',3,(#8825,#8826,#8827,#8828),
 .UNSPECIFIED.,.F.,.F.,(4,4),(0.,0.00381797114523213),.UNSPECIFIED.);
#351=B_SPLINE_CURVE_WITH_KNOTS('',3,(#8833,#8834,#8835,#8836),
 .UNSPECIFIED.,.F.,.F.,(4,4),(0.00155410035333104,0.00537207149859583),
 .UNSPECIFIED.);
#352=B_SPLINE_CURVE_WITH_KNOTS('',3,(#8847,#8848,#8849,#8850,#8851),
 .UNSPECIFIED.,.F.,.F.,(4,1,4),(0.,0.000921848989267643,0.00184369797853529),
 .UNSPECIFIED.);
#353=B_SPLINE_CURVE_WITH_KNOTS('',3,(#8876,#8877,#8878,#8879,#8880),
 .UNSPECIFIED.,.F.,.F.,(4,1,4),(0.,0.000921848989267643,0.00184369797853529),
 .UNSPECIFIED.);
#354=B_SPLINE_CURVE_WITH_KNOTS('',3,(#8916,#8917,#8918,#8919,#8920),
 .UNSPECIFIED.,.F.,.F.,(4,1,4),(0.,0.000999437768262256,0.00199887553652451),
 .UNSPECIFIED.);
#355=B_SPLINE_CURVE_WITH_KNOTS('',3,(#8926,#8927,#8928,#8929,#8930,#8931),
 .UNSPECIFIED.,.F.,.F.,(4,1,1,4),(0.,0.00036995920527229,0.000739918410544579,
0.00147983682108916),.UNSPECIFIED.);
#356=B_SPLINE_CURVE_WITH_KNOTS('',3,(#8940,#8941,#8942,#8943,#8944,#8945),
 .UNSPECIFIED.,.F.,.F.,(4,1,1,4),(0.,0.00036995920527229,0.000739918410544579,
0.00147983682108916),.UNSPECIFIED.);
#357=B_SPLINE_CURVE_WITH_KNOTS('',3,(#8985,#8986,#8987,#8988,#8989),
 .UNSPECIFIED.,.F.,.F.,(4,1,4),(0.,0.000999437768262256,0.00199887553652451),
 .UNSPECIFIED.);
#358=B_SPLINE_CURVE_WITH_KNOTS('',3,(#9024,#9025,#9026,#9027),
 .UNSPECIFIED.,.F.,.F.,(4,4),(0.,0.0052397880112113),.UNSPECIFIED.);
#359=B_SPLINE_CURVE_WITH_KNOTS('',3,(#9031,#9032,#9033,#9034),
 .UNSPECIFIED.,.F.,.F.,(4,4),(0.,0.00176886282603969),.UNSPECIFIED.);
#360=B_SPLINE_CURVE_WITH_KNOTS('',3,(#9041,#9042,#9043,#9044),
 .UNSPECIFIED.,.F.,.F.,(4,4),(0.,0.00176886282602161),.UNSPECIFIED.);
#361=B_SPLINE_CURVE_WITH_KNOTS('',3,(#9075,#9076,#9077,#9078,#9079,#9080),
 .UNSPECIFIED.,.F.,.F.,(4,1,1,4),(0.,0.00104321964507524,0.00156482946761286,
0.00208643929015048),.UNSPECIFIED.);
#362=B_SPLINE_CURVE_WITH_KNOTS('',3,(#9111,#9112,#9113,#9114,#9115,#9116),
 .UNSPECIFIED.,.F.,.F.,(4,1,1,4),(0.,0.00104321964507524,0.00156482946761286,
0.00208643929015048),.UNSPECIFIED.);
#363=B_SPLINE_CURVE_WITH_KNOTS('',3,(#9139,#9140,#9141,#9142),
 .UNSPECIFIED.,.F.,.F.,(4,4),(0.,4.64881354380945E-6),.UNSPECIFIED.);
#364=B_SPLINE_CURVE_WITH_KNOTS('',3,(#9149,#9150,#9151,#9152),
 .UNSPECIFIED.,.F.,.F.,(4,4),(0.,0.000428676428901963),.UNSPECIFIED.);
#365=B_SPLINE_CURVE_WITH_KNOTS('',3,(#9155,#9156,#9157,#9158,#9159),
 .UNSPECIFIED.,.F.,.F.,(4,1,4),(0.,0.00392495913966853,0.00784991827933707),
 .UNSPECIFIED.);
#366=B_SPLINE_CURVE_WITH_KNOTS('',3,(#9174,#9175,#9176,#9177),
 .UNSPECIFIED.,.F.,.F.,(4,4),(0.00151224384101142,0.00924866977423218),
 .UNSPECIFIED.);
#367=B_SPLINE_CURVE_WITH_KNOTS('',3,(#9179,#9180,#9181,#9182),
 .UNSPECIFIED.,.F.,.F.,(4,4),(0.00141108206004474,0.0091480257567897),
 .UNSPECIFIED.);
#368=B_SPLINE_CURVE_WITH_KNOTS('',3,(#9204,#9205,#9206,#9207,#9208),
 .UNSPECIFIED.,.F.,.F.,(4,1,4),(0.,0.000921848989267643,0.00184369797853529),
 .UNSPECIFIED.);
#369=B_SPLINE_CURVE_WITH_KNOTS('',3,(#9227,#9228,#9229,#9230,#9231),
 .UNSPECIFIED.,.F.,.F.,(4,1,4),(0.,0.000921848989267643,0.00184369797853529),
 .UNSPECIFIED.);
#370=B_SPLINE_CURVE_WITH_KNOTS('',3,(#9269,#9270,#9271,#9272,#9273),
 .UNSPECIFIED.,.F.,.F.,(4,1,4),(0.,0.000999437768262256,0.00199887553652451),
 .UNSPECIFIED.);
#371=B_SPLINE_CURVE_WITH_KNOTS('',3,(#9277,#9278,#9279,#9280,#9281,#9282),
 .UNSPECIFIED.,.F.,.F.,(4,1,1,4),(0.,0.00036995920527229,0.000739918410544579,
0.00147983682108916),.UNSPECIFIED.);
#372=B_SPLINE_CURVE_WITH_KNOTS('',3,(#9293,#9294,#9295,#9296,#9297,#9298),
 .UNSPECIFIED.,.F.,.F.,(4,1,1,4),(0.,0.00036995920527229,0.000739918410544579,
0.00147983682108916),.UNSPECIFIED.);
#373=B_SPLINE_CURVE_WITH_KNOTS('',3,(#9336,#9337,#9338,#9339,#9340),
 .UNSPECIFIED.,.F.,.F.,(4,1,4),(0.,0.000999437768262256,0.00199887553652451),
 .UNSPECIFIED.);
#374=B_SPLINE_CURVE_WITH_KNOTS('',3,(#9380,#9381,#9382,#9383),
 .UNSPECIFIED.,.F.,.F.,(4,4),(0.,0.000428676428901922),.UNSPECIFIED.);
#375=B_SPLINE_CURVE_WITH_KNOTS('',3,(#9386,#9387,#9388,#9389,#9390),
 .UNSPECIFIED.,.F.,.F.,(4,1,4),(0.,0.00392495913966845,0.0078499182793369),
 .UNSPECIFIED.);
#376=B_SPLINE_CURVE_WITH_KNOTS('',3,(#9421,#9422,#9423,#9424,#9425,#9426),
 .UNSPECIFIED.,.F.,.F.,(4,1,1,4),(0.,0.00104321964507524,0.00156482946761286,
0.00208643929015048),.UNSPECIFIED.);
#377=B_SPLINE_CURVE_WITH_KNOTS('',3,(#9457,#9458,#9459,#9460,#9461,#9462),
 .UNSPECIFIED.,.F.,.F.,(4,1,1,4),(0.,0.00104321964507524,0.00156482946761286,
0.00208643929015048),.UNSPECIFIED.);
#378=B_SPLINE_CURVE_WITH_KNOTS('',3,(#9475,#9476,#9477,#9478),
 .UNSPECIFIED.,.F.,.F.,(4,4),(0.,0.0052397880112113),.UNSPECIFIED.);
#379=B_SPLINE_CURVE_WITH_KNOTS('',3,(#9479,#9480,#9481,#9482),
 .UNSPECIFIED.,.F.,.F.,(4,4),(4.93101060107245E-17,0.00176886282603971),
 .UNSPECIFIED.);
#380=B_SPLINE_CURVE_WITH_KNOTS('',3,(#9489,#9490,#9491,#9492),
 .UNSPECIFIED.,.F.,.F.,(4,4),(0.,0.00176886282602116),.UNSPECIFIED.);
#381=B_SPLINE_CURVE_WITH_KNOTS('',3,(#9517,#9518,#9519,#9520),
 .UNSPECIFIED.,.F.,.F.,(4,4),(0.00141108206002476,0.00914802575678936),
 .UNSPECIFIED.);
#382=B_SPLINE_CURVE_WITH_KNOTS('',3,(#9543,#9544,#9545,#9546),
 .UNSPECIFIED.,.F.,.F.,(4,4),(0.00151224382409164,0.00924866976605899),
 .UNSPECIFIED.);
#383=B_SPLINE_CURVE_WITH_KNOTS('',3,(#9548,#9549,#9550,#9551),
 .UNSPECIFIED.,.F.,.F.,(4,4),(0.,0.00381797114523215),.UNSPECIFIED.);
#384=B_SPLINE_CURVE_WITH_KNOTS('',3,(#9556,#9557,#9558,#9559),
 .UNSPECIFIED.,.F.,.F.,(4,4),(0.00155410035333108,0.00537207149858186),
 .UNSPECIFIED.);
#385=B_SPLINE_CURVE_WITH_KNOTS('',3,(#9567,#9568,#9569,#9570,#9571,#9572,
#9573,#9574),.UNSPECIFIED.,.F.,.F.,(4,1,1,1,1,4),(0.,0.00449600551058606,
0.00899201102117213,0.0112400137764652,0.0134880165317582,0.0179840220423443),
 .UNSPECIFIED.);
#386=B_SPLINE_CURVE_WITH_KNOTS('',3,(#9576,#9577,#9578,#9579),
 .UNSPECIFIED.,.F.,.F.,(4,4),(0.,0.00503727600699874),.UNSPECIFIED.);
#387=B_SPLINE_CURVE_WITH_KNOTS('',3,(#9581,#9582,#9583,#9584,#9585,#9586),
 .UNSPECIFIED.,.F.,.F.,(4,1,1,4),(0.0230824859859553,0.0275691830136357,
0.0320558800413162,0.041029274096677),.UNSPECIFIED.);
#388=B_SPLINE_CURVE_WITH_KNOTS('',3,(#9588,#9589,#9590,#9591),
 .UNSPECIFIED.,.F.,.F.,(4,4),(0.,0.999843728043378),.UNSPECIFIED.);
#389=B_SPLINE_CURVE_WITH_KNOTS('',3,(#9592,#9593,#9594,#9595),
 .UNSPECIFIED.,.F.,.F.,(4,4),(0.407813563039027,0.979194272397946),
 .UNSPECIFIED.);
#390=B_SPLINE_CURVE_WITH_KNOTS('',3,(#9599,#9600,#9601,#9602,#9603,#9604,
#9605,#9606),.UNSPECIFIED.,.F.,.F.,(4,1,1,1,1,4),(8.67361737988404E-19,
0.00449600551058606,0.00899201102117213,0.0112400137764652,0.0134880165317582,
0.0179840220423443),.UNSPECIFIED.);
#391=B_SPLINE_CURVE_WITH_KNOTS('',3,(#9608,#9609,#9610,#9611),
 .UNSPECIFIED.,.F.,.F.,(4,4),(0.,0.00503727600699874),.UNSPECIFIED.);
#392=B_SPLINE_CURVE_WITH_KNOTS('',3,(#9613,#9614,#9615,#9616,#9617,#9618),
 .UNSPECIFIED.,.F.,.F.,(4,1,1,4),(0.0230824859859553,0.0275691830136357,
0.0320558800413161,0.041029274096677),.UNSPECIFIED.);
#393=B_SPLINE_CURVE_WITH_KNOTS('',3,(#9697,#9698,#9699,#9700,#9701),
 .UNSPECIFIED.,.F.,.F.,(4,1,4),(4.33680868994202E-18,0.00433545070427227,
0.00867090140854453),.UNSPECIFIED.);
#394=B_SPLINE_CURVE_WITH_KNOTS('',3,(#9702,#9703,#9704,#9705),
 .UNSPECIFIED.,.F.,.F.,(4,4),(2.49130692054224E-17,0.00755556896794617),
 .UNSPECIFIED.);
#395=B_SPLINE_CURVE_WITH_KNOTS('',3,(#9707,#9708,#9709,#9710),
 .UNSPECIFIED.,.F.,.F.,(4,4),(1.29814818157976E-17,0.00174484171735039),
 .UNSPECIFIED.);
#396=B_SPLINE_CURVE_WITH_KNOTS('',3,(#9723,#9724,#9725,#9726,#9727),
 .UNSPECIFIED.,.F.,.F.,(4,1,4),(7.41593325097362E-15,0.00439093854029202,
0.00878187708057662),.UNSPECIFIED.);
#397=B_SPLINE_CURVE_WITH_KNOTS('',3,(#9728,#9729,#9730,#9731),
 .UNSPECIFIED.,.F.,.F.,(4,4),(7.75791922889773E-18,0.0017448417173609),
 .UNSPECIFIED.);
#398=B_SPLINE_CURVE_WITH_KNOTS('',3,(#9733,#9734,#9735,#9736),
 .UNSPECIFIED.,.F.,.F.,(4,4),(0.,0.0075423932423492),.UNSPECIFIED.);
#399=B_SPLINE_CURVE_WITH_KNOTS('',3,(#9749,#9750,#9751,#9752),
 .UNSPECIFIED.,.F.,.F.,(4,4),(3.00588086559671E-17,0.00755556896794632),
 .UNSPECIFIED.);
#400=B_SPLINE_CURVE_WITH_KNOTS('',3,(#9754,#9755,#9756,#9757),
 .UNSPECIFIED.,.F.,.F.,(4,4),(0.,0.00174484171735048),.UNSPECIFIED.);
#401=B_SPLINE_CURVE_WITH_KNOTS('',3,(#9758,#9759,#9760,#9761,#9762),
 .UNSPECIFIED.,.F.,.F.,(4,1,4),(6.63308899228153E-16,0.00433545070427957,
0.00867090140855848),.UNSPECIFIED.);
#402=B_SPLINE_CURVE_WITH_KNOTS('',3,(#9775,#9776,#9777,#9778),
 .UNSPECIFIED.,.F.,.F.,(4,4),(4.7348736264955E-17,0.00174484171736096),
 .UNSPECIFIED.);
#403=B_SPLINE_CURVE_WITH_KNOTS('',3,(#9780,#9781,#9782,#9783),
 .UNSPECIFIED.,.F.,.F.,(4,4),(0.,0.00754239324234997),.UNSPECIFIED.);
#404=B_SPLINE_CURVE_WITH_KNOTS('',3,(#9784,#9785,#9786,#9787,#9788),
 .UNSPECIFIED.,.F.,.F.,(4,1,4),(1.0842021724855E-18,0.00439093854028215,
0.00878187708056431),.UNSPECIFIED.);
#405=B_SPLINE_CURVE_WITH_KNOTS('',3,(#9804,#9805,#9806,#9807),
 .UNSPECIFIED.,.F.,.F.,(4,4),(1.58983499822633E-15,0.00529093829023113),
 .UNSPECIFIED.);
#406=B_SPLINE_CURVE_WITH_KNOTS('',3,(#9810,#9811,#9812,#9813,#9814),
 .UNSPECIFIED.,.F.,.F.,(4,1,4),(0.,0.5,1.),.UNSPECIFIED.);
#407=B_SPLINE_CURVE_WITH_KNOTS('',3,(#10039,#10040,#10041,#10042),
 .UNSPECIFIED.,.F.,.F.,(4,4),(1.0842021724855E-19,0.00529093829020693),
 .UNSPECIFIED.);
#408=B_SPLINE_CURVE_WITH_KNOTS('',3,(#10061,#10062,#10063,#10064,#10065),
 .UNSPECIFIED.,.F.,.F.,(4,1,4),(0.,0.000778889622206744,0.00155777924441349),
 .UNSPECIFIED.);
#409=B_SPLINE_CURVE_WITH_KNOTS('',3,(#10093,#10094,#10095,#10096),
 .UNSPECIFIED.,.F.,.F.,(4,4),(1.62630325872826E-19,0.00529093829020693),
 .UNSPECIFIED.);
#410=B_SPLINE_CURVE_WITH_KNOTS('',3,(#10099,#10100,#10101,#10102,#10103),
 .UNSPECIFIED.,.F.,.F.,(4,1,4),(0.,0.5,1.),.UNSPECIFIED.);
#411=B_SPLINE_CURVE_WITH_KNOTS('',3,(#10328,#10329,#10330,#10331),
 .UNSPECIFIED.,.F.,.F.,(4,4),(1.58981728162619E-15,0.00529093829033998),
 .UNSPECIFIED.);
#412=B_SPLINE_CURVE_WITH_KNOTS('',3,(#10350,#10351,#10352,#10353,#10354),
 .UNSPECIFIED.,.F.,.F.,(4,1,4),(0.,0.5,1.),.UNSPECIFIED.);
#413=B_SPLINE_CURVE_WITH_KNOTS('',3,(#10368,#10369,#10370,#10371),
 .UNSPECIFIED.,.F.,.F.,(4,4),(0.0012564872268531,0.00158341192027342),
 .UNSPECIFIED.);
#414=B_SPLINE_CURVE_WITH_KNOTS('',3,(#10374,#10375,#10376,#10377),
 .UNSPECIFIED.,.F.,.F.,(4,4),(0.,0.999396179384252),.UNSPECIFIED.);
#415=B_SPLINE_CURVE_WITH_KNOTS('',3,(#10378,#10379,#10380,#10381),
 .UNSPECIFIED.,.F.,.F.,(4,4),(0.,0.00547094479686172),.UNSPECIFIED.);
#416=B_SPLINE_CURVE_WITH_KNOTS('',3,(#10383,#10384,#10385,#10386),
 .UNSPECIFIED.,.F.,.F.,(4,4),(0.,0.000383242424886641),.UNSPECIFIED.);
#417=B_SPLINE_CURVE_WITH_KNOTS('',3,(#10387,#10388,#10389,#10390,#10391),
 .UNSPECIFIED.,.F.,.F.,(4,1,4),(0.,0.000607078133450296,0.00121415626690059),
 .UNSPECIFIED.);
#418=B_SPLINE_CURVE_WITH_KNOTS('',3,(#10393,#10394,#10395,#10396),
 .UNSPECIFIED.,.F.,.F.,(4,4),(0.,0.00332822233807456),.UNSPECIFIED.);
#419=B_SPLINE_CURVE_WITH_KNOTS('',3,(#10397,#10398,#10399,#10400),
 .UNSPECIFIED.,.F.,.F.,(4,4),(0.,0.00547094479686172),.UNSPECIFIED.);
#420=B_SPLINE_CURVE_WITH_KNOTS('',3,(#10402,#10403,#10404,#10405),
 .UNSPECIFIED.,.F.,.F.,(4,4),(0.,0.000383242424886642),.UNSPECIFIED.);
#421=B_SPLINE_CURVE_WITH_KNOTS('',3,(#10406,#10407,#10408,#10409),
 .UNSPECIFIED.,.F.,.F.,(4,4),(0.,0.000383242424886643),.UNSPECIFIED.);
#422=B_SPLINE_CURVE_WITH_KNOTS('',3,(#10411,#10412,#10413,#10414),
 .UNSPECIFIED.,.F.,.F.,(4,4),(0.,0.00547734002189217),.UNSPECIFIED.);
#423=B_SPLINE_CURVE_WITH_KNOTS('',3,(#10639,#10640,#10641,#10642),
 .UNSPECIFIED.,.F.,.F.,(4,4),(0.,0.000353008629150307),.UNSPECIFIED.);
#424=B_SPLINE_CURVE_WITH_KNOTS('',3,(#10645,#10646,#10647,#10648),
 .UNSPECIFIED.,.F.,.F.,(4,4),(0.,0.000491322042199287),.UNSPECIFIED.);
#425=B_SPLINE_CURVE_WITH_KNOTS('',3,(#10649,#10650,#10651,#10652),
 .UNSPECIFIED.,.F.,.F.,(4,4),(4.92261218720213E-17,0.000491338739573906),
 .UNSPECIFIED.);
#426=B_SPLINE_CURVE_WITH_KNOTS('',3,(#10654,#10655,#10656,#10657),
 .UNSPECIFIED.,.F.,.F.,(4,4),(0.,0.000347855292103136),.UNSPECIFIED.);
#427=B_SPLINE_CURVE_WITH_KNOTS('',3,(#10659,#10660,#10661,#10662),
 .UNSPECIFIED.,.F.,.F.,(4,4),(0.,4.30627773920338E-5),.UNSPECIFIED.);
#428=B_SPLINE_CURVE_WITH_KNOTS('',3,(#10664,#10665,#10666,#10667,#10668,
#10669),.UNSPECIFIED.,.F.,.F.,(4,1,1,4),(4.42269442734662E-18,0.000360644907950008,
0.000540967361925009,0.000721289815900011),.UNSPECIFIED.);
#429=B_SPLINE_CURVE_WITH_KNOTS('',3,(#10670,#10671,#10672,#10673,#10674,
#10675),.UNSPECIFIED.,.F.,.F.,(4,1,1,4),(6.74973560811057E-15,0.000179802049682552,
0.000359604099358354,0.000719208198709958),.UNSPECIFIED.);
#430=B_SPLINE_CURVE_WITH_KNOTS('',3,(#10677,#10678,#10679,#10680),
 .UNSPECIFIED.,.F.,.F.,(4,4),(0.,4.30627773920414E-5),.UNSPECIFIED.);
#431=B_SPLINE_CURVE_WITH_KNOTS('',3,(#10788,#10789,#10790,#10791),
 .UNSPECIFIED.,.F.,.F.,(4,4),(0.,0.000633193052659816),.UNSPECIFIED.);
#432=B_SPLINE_CURVE_WITH_KNOTS('',3,(#10804,#10805,#10806,#10807),
 .UNSPECIFIED.,.F.,.F.,(4,4),(0.,0.000593868359938079),.UNSPECIFIED.);
#433=B_SPLINE_CURVE_WITH_KNOTS('',3,(#10925,#10926,#10927,#10928),
 .UNSPECIFIED.,.F.,.F.,(4,4),(0.,0.000338540232838677),.UNSPECIFIED.);
#434=B_SPLINE_CURVE_WITH_KNOTS('',3,(#10930,#10931,#10932,#10933),
 .UNSPECIFIED.,.F.,.F.,(4,4),(0.,0.000338403624276808),.UNSPECIFIED.);
#435=B_SPLINE_CURVE_WITH_KNOTS('',3,(#10948,#10949,#10950,#10951),
 .UNSPECIFIED.,.F.,.F.,(4,4),(0.,0.000413402492412384),.UNSPECIFIED.);
#436=B_SPLINE_CURVE_WITH_KNOTS('',3,(#10957,#10958,#10959,#10960),
 .UNSPECIFIED.,.F.,.F.,(4,4),(4.09133713542521E-18,0.000413402492412381),
 .UNSPECIFIED.);
#437=B_SPLINE_CURVE_WITH_KNOTS('',3,(#10962,#10963,#10964,#10965),
 .UNSPECIFIED.,.F.,.F.,(4,4),(0.,0.000319814978969836),.UNSPECIFIED.);
#438=B_SPLINE_CURVE_WITH_KNOTS('',3,(#10966,#10967,#10968,#10969),
 .UNSPECIFIED.,.F.,.F.,(4,4),(0.,0.000319537171273628),.UNSPECIFIED.);
#439=B_SPLINE_CURVE_WITH_KNOTS('',3,(#10971,#10972,#10973,#10974),
 .UNSPECIFIED.,.F.,.F.,(4,4),(0.,0.000318988448916523),.UNSPECIFIED.);
#440=B_SPLINE_CURVE_WITH_KNOTS('',3,(#10999,#11000,#11001,#11002),
 .UNSPECIFIED.,.F.,.F.,(4,4),(0.,0.000319350766067181),.UNSPECIFIED.);
#441=B_SPLINE_CURVE_WITH_KNOTS('',3,(#11004,#11005,#11006,#11007),
 .UNSPECIFIED.,.F.,.F.,(4,4),(0.,1.56567118852167E-5),.UNSPECIFIED.);
#442=B_SPLINE_CURVE_WITH_KNOTS('',3,(#11009,#11010,#11011,#11012,#11013,
#11014),.UNSPECIFIED.,.F.,.F.,(4,1,1,4),(0.,0.000178287699691077,0.000356575399382155,
0.00071315079876431),.UNSPECIFIED.);
#443=B_SPLINE_CURVE_WITH_KNOTS('',3,(#11018,#11019,#11020,#11021),
 .UNSPECIFIED.,.F.,.F.,(4,4),(0.,2.57125168363977E-5),.UNSPECIFIED.);
#444=B_SPLINE_CURVE_WITH_KNOTS('',3,(#11037,#11038,#11039,#11040),
 .UNSPECIFIED.,.F.,.F.,(4,4),(4.33680868994202E-18,2.57125168364039E-5),
 .UNSPECIFIED.);
#445=B_SPLINE_CURVE_WITH_KNOTS('',3,(#11044,#11045,#11046,#11047,#11048,
#11049),.UNSPECIFIED.,.F.,.F.,(4,1,1,4),(0.,0.000354117419633564,0.000531176129450345,
0.000708234839267127),.UNSPECIFIED.);
#446=B_SPLINE_CURVE_WITH_KNOTS('',3,(#11051,#11052,#11053,#11054),
 .UNSPECIFIED.,.F.,.F.,(4,4),(0.,1.56540296689412E-5),.UNSPECIFIED.);
#447=B_SPLINE_CURVE_WITH_KNOTS('',3,(#11311,#11312,#11313,#11314),
 .UNSPECIFIED.,.F.,.F.,(4,4),(0.,0.00487747014730483),.UNSPECIFIED.);
#448=B_SPLINE_CURVE_WITH_KNOTS('',3,(#11315,#11316,#11317,#11318),
 .UNSPECIFIED.,.F.,.F.,(4,4),(8.41584838978607E-13,0.00487739708423537),
 .UNSPECIFIED.);
#449=B_SPLINE_CURVE_WITH_KNOTS('',3,(#11322,#11323,#11324,#11325),
 .UNSPECIFIED.,.F.,.F.,(4,4),(0.479090782787443,0.979182929422097),
 .UNSPECIFIED.);
#450=B_SPLINE_CURVE_WITH_KNOTS('',3,(#11327,#11328,#11329,#11330),
 .UNSPECIFIED.,.F.,.F.,(4,4),(0.489784989270268,0.979161322930011),
 .UNSPECIFIED.);
#451=B_SPLINE_CURVE_WITH_KNOTS('',3,(#11331,#11332,#11333,#11334),
 .UNSPECIFIED.,.F.,.F.,(4,4),(0.0208159282922624,0.515556999285221),
 .UNSPECIFIED.);
#452=TOROIDAL_SURFACE('',#5644,0.0226609003688227,0.001);
#453=TOROIDAL_SURFACE('',#5687,0.02556,0.0005);
#454=TOROIDAL_SURFACE('',#5701,0.02556,0.0005);
#455=TOROIDAL_SURFACE('',#5731,0.0254528932188135,0.0005);
#456=TOROIDAL_SURFACE('',#5736,0.00516005050633883,0.0005);
#457=TOROIDAL_SURFACE('',#5747,0.0248528932188135,0.0005);
#458=TOROIDAL_SURFACE('',#5751,0.0248528932188135,0.0005);
#459=TOROIDAL_SURFACE('',#5771,0.00617426406871193,0.0005);
#460=TOROIDAL_SURFACE('',#5828,0.002,0.0005);
#461=TOROIDAL_SURFACE('',#5837,0.002,0.0005);
#462=TOROIDAL_SURFACE('',#5843,0.0025,0.0005);
#463=TOROIDAL_SURFACE('',#5847,0.0305,0.0005);
#464=TOROIDAL_SURFACE('',#5851,0.004,0.0005);
#465=TOROIDAL_SURFACE('',#5856,0.004,0.0005);
#466=TOROIDAL_SURFACE('',#5862,0.0025,0.0005);
#467=TOROIDAL_SURFACE('',#5872,0.0305,0.0005);
#468=TOROIDAL_SURFACE('',#5875,0.0025,0.0005);
#469=TOROIDAL_SURFACE('',#5880,0.0025,0.0005);
#470=TOROIDAL_SURFACE('',#5893,0.0370133309638054,0.0005);
#471=TOROIDAL_SURFACE('',#5900,0.0370133309638054,0.0005);
#472=TOROIDAL_SURFACE('',#5927,0.002,0.0005);
#473=TOROIDAL_SURFACE('',#5936,0.002,0.0005);
#474=TOROIDAL_SURFACE('',#5942,0.0025,0.0005);
#475=TOROIDAL_SURFACE('',#5946,0.0305,0.0005);
#476=TOROIDAL_SURFACE('',#5950,0.004,0.0005);
#477=TOROIDAL_SURFACE('',#5955,0.004,0.0005);
#478=TOROIDAL_SURFACE('',#5961,0.0025,0.0005);
#479=TOROIDAL_SURFACE('',#5971,0.0305,0.0005);
#480=TOROIDAL_SURFACE('',#5974,0.0025,0.0005);
#481=TOROIDAL_SURFACE('',#5979,0.0025,0.0005);
#482=TOROIDAL_SURFACE('',#5992,0.0370133309638054,0.0005);
#483=TOROIDAL_SURFACE('',#5999,0.0370133309638054,0.0005);
#484=TOROIDAL_SURFACE('',#6088,0.0270648564753752,0.001);
#485=TOROIDAL_SURFACE('',#6113,0.0270648564753752,0.001);
#486=TOROIDAL_SURFACE('',#6126,0.0226609003688227,0.001);
#487=TOROIDAL_SURFACE('',#6127,0.0226609003688227,0.001);
#488=TOROIDAL_SURFACE('',#6140,0.0055857864376269,0.0005);
#489=TOROIDAL_SURFACE('',#6141,0.007,0.0005);
#490=TOROIDAL_SURFACE('',#6144,0.0265836688259826,0.001);
#491=TOROIDAL_SURFACE('',#6213,0.0262599999999885,0.0002);
#492=TOROIDAL_SURFACE('',#6224,0.0004,0.0002);
#493=TOROIDAL_SURFACE('',#6226,0.0262599999999885,0.0002);
#494=TOROIDAL_SURFACE('',#6228,0.0004,0.0002);
#495=TOROIDAL_SURFACE('',#6260,0.0277798635240743,0.0002);
#496=CIRCLE('',#5636,0.0226609003688227);
#497=CIRCLE('',#5637,0.0270648564753752);
#498=CIRCLE('',#5638,0.0226609003688227);
#499=CIRCLE('',#5639,0.007);
#500=CIRCLE('',#5640,0.0226609003688227);
#501=CIRCLE('',#5641,0.0270648564753752);
#502=CIRCLE('',#5642,0.0226609003688227);
#503=CIRCLE('',#5643,0.0222814880657371);
#504=CIRCLE('',#5645,0.0236457081218349);
#505=CIRCLE('',#5647,0.0275798635240743);
#506=CIRCLE('',#5657,0.00593933982822017);
#507=CIRCLE('',#5658,0.00664644660940673);
#508=CIRCLE('',#5665,0.0260599999999885);
#509=CIRCLE('',#5667,0.0260599999999885);
#510=CIRCLE('',#5668,0.02606);
#511=CIRCLE('',#5670,0.02606);
#512=CIRCLE('',#5673,0.0280610511734669);
#513=CIRCLE('',#5674,0.0280610511734669);
#514=CIRCLE('',#5675,0.027580624584456);
#515=CIRCLE('',#5676,0.0275798635240743);
#516=CIRCLE('',#5678,0.0265836688259826);
#517=CIRCLE('',#5679,0.0262599999999885);
#518=CIRCLE('',#5680,0.0005);
#519=CIRCLE('',#5681,0.0005);
#520=CIRCLE('',#5684,0.0005);
#521=CIRCLE('',#5685,0.0005);
#522=CIRCLE('',#5686,0.0005);
#523=CIRCLE('',#5688,0.0005);
#524=CIRCLE('',#5689,0.0259135533905933);
#525=CIRCLE('',#5691,0.0252064466094068);
#526=CIRCLE('',#5692,0.0258064466094068);
#527=CIRCLE('',#5693,0.0252064466094068);
#528=CIRCLE('',#5694,0.0005);
#529=CIRCLE('',#5695,0.0005);
#530=CIRCLE('',#5696,0.0005);
#531=CIRCLE('',#5699,0.0005);
#532=CIRCLE('',#5702,0.02556);
#533=CIRCLE('',#5705,0.0214351185583364);
#534=CIRCLE('',#5706,0.0226536304925993);
#535=CIRCLE('',#5708,0.0004);
#536=CIRCLE('',#5709,0.0004);
#537=CIRCLE('',#5710,0.0005);
#538=CIRCLE('',#5711,0.0005);
#539=CIRCLE('',#5712,0.0004);
#540=CIRCLE('',#5713,0.0005);
#541=CIRCLE('',#5714,0.0004);
#542=CIRCLE('',#5715,0.0005);
#543=CIRCLE('',#5716,0.0005);
#544=CIRCLE('',#5717,0.0004);
#545=CIRCLE('',#5718,0.0004);
#546=CIRCLE('',#5719,0.0004);
#547=CIRCLE('',#5720,0.0006);
#548=CIRCLE('',#5721,0.0005);
#549=CIRCLE('',#5722,0.0005);
#550=CIRCLE('',#5723,0.0004);
#551=CIRCLE('',#5724,0.0004);
#552=CIRCLE('',#5725,0.0004);
#553=CIRCLE('',#5726,0.0004);
#554=CIRCLE('',#5727,0.0005);
#555=CIRCLE('',#5728,0.0004);
#556=CIRCLE('',#5729,0.0254528932188135);
#557=CIRCLE('',#5730,0.00516005050633883);
#558=CIRCLE('',#5732,0.0005);
#559=CIRCLE('',#5733,0.0005);
#560=CIRCLE('',#5735,0.0005);
#561=CIRCLE('',#5737,0.0005);
#562=CIRCLE('',#5738,0.00551360389693211);
#563=CIRCLE('',#5740,0.0005);
#564=CIRCLE('',#5741,0.0005);
#565=CIRCLE('',#5743,0.0005);
#566=CIRCLE('',#5744,0.0005);
#567=CIRCLE('',#5745,0.0005);
#568=CIRCLE('',#5746,0.0005);
#569=CIRCLE('',#5748,0.0248528932188135);
#570=CIRCLE('',#5749,0.0005);
#571=CIRCLE('',#5750,0.0005);
#572=CIRCLE('',#5752,0.0005);
#573=CIRCLE('',#5753,0.0248528932188135);
#574=CIRCLE('',#5754,0.0005);
#575=CIRCLE('',#5755,0.0005);
#576=CIRCLE('',#5756,0.0005);
#577=CIRCLE('',#5759,0.00582071067811866);
#578=CIRCLE('',#5764,0.00617426406871193);
#579=CIRCLE('',#5766,0.0005);
#580=CIRCLE('',#5768,0.0005);
#581=CIRCLE('',#5770,0.0005);
#582=CIRCLE('',#5772,0.0005);
#583=CIRCLE('',#5829,0.0015);
#584=CIRCLE('',#5830,0.002);
#585=CIRCLE('',#5831,0.0005);
#586=CIRCLE('',#5833,0.0005);
#587=CIRCLE('',#5835,0.0005);
#588=CIRCLE('',#5836,0.0005);
#589=CIRCLE('',#5838,0.0015);
#590=CIRCLE('',#5839,0.002);
#591=CIRCLE('',#5841,0.0005);
#592=CIRCLE('',#5842,0.0005);
#593=CIRCLE('',#5844,0.0005);
#594=CIRCLE('',#5845,0.003);
#595=CIRCLE('',#5846,0.0025);
#596=CIRCLE('',#5848,0.0005);
#597=CIRCLE('',#5849,0.03);
#598=CIRCLE('',#5850,0.0305);
#599=CIRCLE('',#5852,0.004);
#600=CIRCLE('',#5853,0.0045);
#601=CIRCLE('',#5855,0.0045);
#602=CIRCLE('',#5857,0.004);
#603=CIRCLE('',#5859,0.0005);
#604=CIRCLE('',#5860,0.0370133309638054);
#605=CIRCLE('',#5861,0.0025);
#606=CIRCLE('',#5863,0.003);
#607=CIRCLE('',#5864,0.0005);
#608=CIRCLE('',#5866,0.0005);
#609=CIRCLE('',#5867,0.0370133309638054);
#610=CIRCLE('',#5868,0.0025);
#611=CIRCLE('',#5869,0.0025);
#612=CIRCLE('',#5870,0.0305);
#613=CIRCLE('',#5871,0.0005);
#614=CIRCLE('',#5873,0.0005);
#615=CIRCLE('',#5874,0.03);
#616=CIRCLE('',#5876,0.0005);
#617=CIRCLE('',#5877,0.003);
#618=CIRCLE('',#5879,0.0005);
#619=CIRCLE('',#5881,0.0005);
#620=CIRCLE('',#5882,0.003);
#621=CIRCLE('',#5894,0.0005);
#622=CIRCLE('',#5895,0.0375133309638054);
#623=CIRCLE('',#5896,0.0005);
#624=CIRCLE('',#5898,0.0005);
#625=CIRCLE('',#5899,0.0005);
#626=CIRCLE('',#5901,0.0375133309638054);
#627=CIRCLE('',#5928,0.0015);
#628=CIRCLE('',#5929,0.0005);
#629=CIRCLE('',#5930,0.002);
#630=CIRCLE('',#5932,0.0005);
#631=CIRCLE('',#5934,0.0005);
#632=CIRCLE('',#5935,0.0005);
#633=CIRCLE('',#5937,0.0015);
#634=CIRCLE('',#5938,0.002);
#635=CIRCLE('',#5940,0.0005);
#636=CIRCLE('',#5941,0.0005);
#637=CIRCLE('',#5943,0.0005);
#638=CIRCLE('',#5944,0.0025);
#639=CIRCLE('',#5945,0.003);
#640=CIRCLE('',#5947,0.0005);
#641=CIRCLE('',#5948,0.0305);
#642=CIRCLE('',#5949,0.03);
#643=CIRCLE('',#5951,0.004);
#644=CIRCLE('',#5952,0.0045);
#645=CIRCLE('',#5954,0.0045);
#646=CIRCLE('',#5956,0.004);
#647=CIRCLE('',#5958,0.0005);
#648=CIRCLE('',#5959,0.0370133309638054);
#649=CIRCLE('',#5960,0.0025);
#650=CIRCLE('',#5962,0.0005);
#651=CIRCLE('',#5963,0.003);
#652=CIRCLE('',#5965,0.0005);
#653=CIRCLE('',#5966,0.0370133309638054);
#654=CIRCLE('',#5967,0.0305);
#655=CIRCLE('',#5968,0.0025);
#656=CIRCLE('',#5969,0.0025);
#657=CIRCLE('',#5970,0.0005);
#658=CIRCLE('',#5972,0.03);
#659=CIRCLE('',#5973,0.0005);
#660=CIRCLE('',#5975,0.003);
#661=CIRCLE('',#5976,0.0005);
#662=CIRCLE('',#5978,0.0005);
#663=CIRCLE('',#5980,0.003);
#664=CIRCLE('',#5981,0.0005);
#665=CIRCLE('',#5993,0.0375133309638054);
#666=CIRCLE('',#5994,0.0005);
#667=CIRCLE('',#5995,0.0005);
#668=CIRCLE('',#5997,0.0005);
#669=CIRCLE('',#5998,0.0005);
#670=CIRCLE('',#6000,0.0375133309638054);
#671=CIRCLE('',#6029,0.0236457081218349);
#672=CIRCLE('',#6031,0.0236457081218349);
#673=CIRCLE('',#6033,0.0004);
#674=CIRCLE('',#6035,0.0004);
#675=CIRCLE('',#6037,0.0005);
#676=CIRCLE('',#6039,0.0005);
#677=CIRCLE('',#6041,0.0004);
#678=CIRCLE('',#6043,0.0005);
#679=CIRCLE('',#6045,0.0004);
#680=CIRCLE('',#6047,0.0005);
#681=CIRCLE('',#6049,0.0005);
#682=CIRCLE('',#6051,0.0004);
#683=CIRCLE('',#6053,0.0004);
#684=CIRCLE('',#6055,0.0004);
#685=CIRCLE('',#6057,0.0006);
#686=CIRCLE('',#6059,0.0005);
#687=CIRCLE('',#6061,0.0005);
#688=CIRCLE('',#6063,0.0004);
#689=CIRCLE('',#6065,0.0004);
#690=CIRCLE('',#6067,0.0004);
#691=CIRCLE('',#6069,0.0004);
#692=CIRCLE('',#6071,0.0005);
#693=CIRCLE('',#6073,0.0004);
#694=CIRCLE('',#6075,0.0055857864376269);
#695=CIRCLE('',#6076,0.001);
#696=CIRCLE('',#6078,0.001);
#697=CIRCLE('',#6079,0.001);
#698=CIRCLE('',#6081,0.001);
#699=CIRCLE('',#6082,0.001);
#700=CIRCLE('',#6083,0.001);
#701=CIRCLE('',#6084,0.001);
#702=CIRCLE('',#6085,0.001);
#703=CIRCLE('',#6086,0.001);
#704=CIRCLE('',#6087,0.001);
#705=CIRCLE('',#6089,0.001);
#706=CIRCLE('',#6090,0.001);
#707=CIRCLE('',#6091,0.001);
#708=CIRCLE('',#6092,0.001);
#709=CIRCLE('',#6093,0.001);
#710=CIRCLE('',#6094,0.001);
#711=CIRCLE('',#6095,0.001);
#712=CIRCLE('',#6097,0.001);
#713=CIRCLE('',#6098,0.001);
#714=CIRCLE('',#6099,0.001);
#715=CIRCLE('',#6101,0.001);
#716=CIRCLE('',#6103,0.001);
#717=CIRCLE('',#6104,0.001);
#718=CIRCLE('',#6106,0.001);
#719=CIRCLE('',#6107,0.001);
#720=CIRCLE('',#6108,0.001);
#721=CIRCLE('',#6109,0.001);
#722=CIRCLE('',#6110,0.001);
#723=CIRCLE('',#6111,0.001);
#724=CIRCLE('',#6112,0.001);
#725=CIRCLE('',#6114,0.001);
#726=CIRCLE('',#6115,0.001);
#727=CIRCLE('',#6116,0.001);
#728=CIRCLE('',#6117,0.001);
#729=CIRCLE('',#6118,0.001);
#730=CIRCLE('',#6119,0.001);
#731=CIRCLE('',#6120,0.001);
#732=CIRCLE('',#6122,0.001);
#733=CIRCLE('',#6123,0.001);
#734=CIRCLE('',#6124,0.001);
#735=CIRCLE('',#6128,0.001);
#736=CIRCLE('',#6129,0.001);
#737=CIRCLE('',#6130,0.001);
#738=CIRCLE('',#6131,0.001);
#739=CIRCLE('',#6132,0.001);
#740=CIRCLE('',#6133,0.001);
#741=CIRCLE('',#6134,0.001);
#742=CIRCLE('',#6135,0.001);
#743=CIRCLE('',#6136,0.001);
#744=CIRCLE('',#6137,0.001);
#745=CIRCLE('',#6138,0.001);
#746=CIRCLE('',#6139,0.001);
#747=CIRCLE('',#6142,0.0005);
#748=CIRCLE('',#6143,0.0005);
#749=CIRCLE('',#6145,0.001);
#750=CIRCLE('',#6146,0.001);
#751=CIRCLE('',#6147,0.001);
#752=CIRCLE('',#6148,0.001);
#753=CIRCLE('',#6151,0.0002);
#754=CIRCLE('',#6152,0.0002);
#755=CIRCLE('',#6154,0.0002);
#756=CIRCLE('',#6155,0.0002);
#757=CIRCLE('',#6159,0.0002);
#758=CIRCLE('',#6160,0.0002);
#759=CIRCLE('',#6162,0.0002);
#760=CIRCLE('',#6163,0.0002);
#761=CIRCLE('',#6165,0.0002);
#762=CIRCLE('',#6166,0.0002);
#763=CIRCLE('',#6169,0.0002);
#764=CIRCLE('',#6170,0.0002);
#765=CIRCLE('',#6174,0.0002);
#766=CIRCLE('',#6175,0.0002);
#767=CIRCLE('',#6177,0.0002);
#768=CIRCLE('',#6178,0.0002);
#769=CIRCLE('',#6182,0.0002);
#770=CIRCLE('',#6183,0.0002);
#771=CIRCLE('',#6186,0.0004);
#772=CIRCLE('',#6187,0.0262599999999885);
#773=CIRCLE('',#6188,0.0004);
#774=CIRCLE('',#6190,0.0002);
#775=CIRCLE('',#6191,0.0002);
#776=CIRCLE('',#6193,0.0002);
#777=CIRCLE('',#6194,0.0002);
#778=CIRCLE('',#6196,0.0002);
#779=CIRCLE('',#6202,0.0002);
#780=CIRCLE('',#6204,0.0002);
#781=CIRCLE('',#6206,0.0002);
#782=CIRCLE('',#6210,0.0002);
#783=CIRCLE('',#6212,0.0002);
#784=CIRCLE('',#6215,0.0002);
#785=CIRCLE('',#6217,0.0002);
#786=CIRCLE('',#6219,0.0002);
#787=CIRCLE('',#6221,0.0002);
#788=CIRCLE('',#6223,0.0002);
#789=CIRCLE('',#6225,0.0002);
#790=CIRCLE('',#6227,0.0002);
#791=CIRCLE('',#6229,0.0002);
#792=CIRCLE('',#6231,0.0002);
#793=CIRCLE('',#6233,0.0002);
#794=CIRCLE('',#6235,0.0002);
#795=CIRCLE('',#6237,0.0002);
#796=CIRCLE('',#6240,0.0002);
#797=CIRCLE('',#6242,0.0002);
#798=CIRCLE('',#6243,0.0002);
#799=CIRCLE('',#6245,0.0002);
#800=CIRCLE('',#6247,0.0002);
#801=CIRCLE('',#6248,0.0002);
#802=CIRCLE('',#6249,0.0002);
#803=CIRCLE('',#6251,0.0002);
#804=CIRCLE('',#6252,0.0002);
#805=CIRCLE('',#6254,0.0002);
#806=CIRCLE('',#6255,0.0002);
#807=CIRCLE('',#6256,0.0002);
#808=CIRCLE('',#6257,0.0002);
#809=CIRCLE('',#6258,0.0002);
#810=CIRCLE('',#6259,0.0002);
#811=CIRCLE('',#6261,0.0002);
#812=CIRCLE('',#6262,0.0002);
#813=CIRCLE('',#6263,0.0002);
#814=CIRCLE('',#6264,0.0002);
#815=CIRCLE('',#6265,0.0002);
#816=CIRCLE('',#6266,0.0002);
#817=CIRCLE('',#6268,0.0002);
#818=CIRCLE('',#6269,0.0002);
#819=CIRCLE('',#6271,0.0002);
#820=CIRCLE('',#6272,0.0002);
#821=CIRCLE('',#6273,0.0002);
#822=ORIENTED_EDGE('',*,*,#2444,.F.);
#823=ORIENTED_EDGE('',*,*,#2445,.T.);
#824=ORIENTED_EDGE('',*,*,#2446,.T.);
#825=ORIENTED_EDGE('',*,*,#2447,.T.);
#826=ORIENTED_EDGE('',*,*,#2448,.T.);
#827=ORIENTED_EDGE('',*,*,#2449,.T.);
#828=ORIENTED_EDGE('',*,*,#2450,.T.);
#829=ORIENTED_EDGE('',*,*,#2451,.T.);
#830=ORIENTED_EDGE('',*,*,#2452,.T.);
#831=ORIENTED_EDGE('',*,*,#2453,.T.);
#832=ORIENTED_EDGE('',*,*,#2454,.T.);
#833=ORIENTED_EDGE('',*,*,#2455,.T.);
#834=ORIENTED_EDGE('',*,*,#2456,.T.);
#835=ORIENTED_EDGE('',*,*,#2457,.F.);
#836=ORIENTED_EDGE('',*,*,#2458,.T.);
#837=ORIENTED_EDGE('',*,*,#2459,.F.);
#838=ORIENTED_EDGE('',*,*,#2460,.T.);
#839=ORIENTED_EDGE('',*,*,#2461,.F.);
#840=ORIENTED_EDGE('',*,*,#2462,.T.);
#841=ORIENTED_EDGE('',*,*,#2463,.T.);
#842=ORIENTED_EDGE('',*,*,#2445,.F.);
#843=ORIENTED_EDGE('',*,*,#2464,.T.);
#844=ORIENTED_EDGE('',*,*,#2465,.T.);
#845=ORIENTED_EDGE('',*,*,#2466,.T.);
#846=ORIENTED_EDGE('',*,*,#2467,.T.);
#847=ORIENTED_EDGE('',*,*,#2468,.T.);
#848=ORIENTED_EDGE('',*,*,#2469,.T.);
#849=ORIENTED_EDGE('',*,*,#2470,.T.);
#850=ORIENTED_EDGE('',*,*,#2471,.T.);
#851=ORIENTED_EDGE('',*,*,#2472,.T.);
#852=ORIENTED_EDGE('',*,*,#2473,.T.);
#853=ORIENTED_EDGE('',*,*,#2474,.T.);
#854=ORIENTED_EDGE('',*,*,#2475,.T.);
#855=ORIENTED_EDGE('',*,*,#2476,.T.);
#856=ORIENTED_EDGE('',*,*,#2477,.T.);
#857=ORIENTED_EDGE('',*,*,#2478,.T.);
#858=ORIENTED_EDGE('',*,*,#2479,.F.);
#859=ORIENTED_EDGE('',*,*,#2480,.T.);
#860=ORIENTED_EDGE('',*,*,#2481,.T.);
#861=ORIENTED_EDGE('',*,*,#2482,.T.);
#862=ORIENTED_EDGE('',*,*,#2483,.T.);
#863=ORIENTED_EDGE('',*,*,#2484,.T.);
#864=ORIENTED_EDGE('',*,*,#2485,.T.);
#865=ORIENTED_EDGE('',*,*,#2486,.T.);
#866=ORIENTED_EDGE('',*,*,#2487,.T.);
#867=ORIENTED_EDGE('',*,*,#2488,.T.);
#868=ORIENTED_EDGE('',*,*,#2489,.T.);
#869=ORIENTED_EDGE('',*,*,#2490,.T.);
#870=ORIENTED_EDGE('',*,*,#2491,.F.);
#871=ORIENTED_EDGE('',*,*,#2492,.T.);
#872=ORIENTED_EDGE('',*,*,#2454,.F.);
#873=ORIENTED_EDGE('',*,*,#2493,.T.);
#874=ORIENTED_EDGE('',*,*,#2446,.F.);
#875=ORIENTED_EDGE('',*,*,#2494,.T.);
#876=ORIENTED_EDGE('',*,*,#2476,.F.);
#877=ORIENTED_EDGE('',*,*,#2495,.T.);
#878=ORIENTED_EDGE('',*,*,#2452,.F.);
#879=ORIENTED_EDGE('',*,*,#2496,.T.);
#880=ORIENTED_EDGE('',*,*,#2482,.F.);
#881=ORIENTED_EDGE('',*,*,#2497,.T.);
#882=ORIENTED_EDGE('',*,*,#2498,.F.);
#883=ORIENTED_EDGE('',*,*,#2499,.T.);
#884=ORIENTED_EDGE('',*,*,#2448,.F.);
#885=ORIENTED_EDGE('',*,*,#2500,.T.);
#886=ORIENTED_EDGE('',*,*,#2501,.T.);
#887=ORIENTED_EDGE('',*,*,#2502,.T.);
#888=ORIENTED_EDGE('',*,*,#2503,.T.);
#889=ORIENTED_EDGE('',*,*,#2504,.T.);
#890=ORIENTED_EDGE('',*,*,#2505,.T.);
#891=ORIENTED_EDGE('',*,*,#2506,.T.);
#892=ORIENTED_EDGE('',*,*,#2507,.T.);
#893=ORIENTED_EDGE('',*,*,#2508,.T.);
#894=ORIENTED_EDGE('',*,*,#2509,.T.);
#895=ORIENTED_EDGE('',*,*,#2510,.T.);
#896=ORIENTED_EDGE('',*,*,#2511,.T.);
#897=ORIENTED_EDGE('',*,*,#2512,.T.);
#898=ORIENTED_EDGE('',*,*,#2513,.T.);
#899=ORIENTED_EDGE('',*,*,#2514,.T.);
#900=ORIENTED_EDGE('',*,*,#2515,.F.);
#901=ORIENTED_EDGE('',*,*,#2516,.T.);
#902=ORIENTED_EDGE('',*,*,#2517,.F.);
#903=ORIENTED_EDGE('',*,*,#2518,.T.);
#904=ORIENTED_EDGE('',*,*,#2519,.T.);
#905=ORIENTED_EDGE('',*,*,#2520,.T.);
#906=ORIENTED_EDGE('',*,*,#2521,.T.);
#907=ORIENTED_EDGE('',*,*,#2522,.T.);
#908=ORIENTED_EDGE('',*,*,#2523,.T.);
#909=ORIENTED_EDGE('',*,*,#2524,.T.);
#910=ORIENTED_EDGE('',*,*,#2525,.T.);
#911=ORIENTED_EDGE('',*,*,#2526,.T.);
#912=ORIENTED_EDGE('',*,*,#2527,.T.);
#913=ORIENTED_EDGE('',*,*,#2528,.T.);
#914=ORIENTED_EDGE('',*,*,#2529,.T.);
#915=ORIENTED_EDGE('',*,*,#2530,.T.);
#916=ORIENTED_EDGE('',*,*,#2531,.T.);
#917=ORIENTED_EDGE('',*,*,#2532,.T.);
#918=ORIENTED_EDGE('',*,*,#2533,.T.);
#919=ORIENTED_EDGE('',*,*,#2534,.T.);
#920=ORIENTED_EDGE('',*,*,#2535,.T.);
#921=ORIENTED_EDGE('',*,*,#2536,.T.);
#922=ORIENTED_EDGE('',*,*,#2537,.T.);
#923=ORIENTED_EDGE('',*,*,#2538,.T.);
#924=ORIENTED_EDGE('',*,*,#2539,.T.);
#925=ORIENTED_EDGE('',*,*,#2540,.T.);
#926=ORIENTED_EDGE('',*,*,#2541,.T.);
#927=ORIENTED_EDGE('',*,*,#2542,.T.);
#928=ORIENTED_EDGE('',*,*,#2543,.T.);
#929=ORIENTED_EDGE('',*,*,#2544,.T.);
#930=ORIENTED_EDGE('',*,*,#2545,.T.);
#931=ORIENTED_EDGE('',*,*,#2546,.T.);
#932=ORIENTED_EDGE('',*,*,#2547,.T.);
#933=ORIENTED_EDGE('',*,*,#2518,.F.);
#934=ORIENTED_EDGE('',*,*,#2548,.F.);
#935=ORIENTED_EDGE('',*,*,#2549,.F.);
#936=ORIENTED_EDGE('',*,*,#2550,.T.);
#937=ORIENTED_EDGE('',*,*,#2551,.F.);
#938=ORIENTED_EDGE('',*,*,#2547,.F.);
#939=ORIENTED_EDGE('',*,*,#2548,.T.);
#940=ORIENTED_EDGE('',*,*,#2517,.T.);
#941=ORIENTED_EDGE('',*,*,#2552,.F.);
#942=ORIENTED_EDGE('',*,*,#2553,.T.);
#943=ORIENTED_EDGE('',*,*,#2554,.T.);
#944=ORIENTED_EDGE('',*,*,#2513,.F.);
#945=ORIENTED_EDGE('',*,*,#2551,.T.);
#946=ORIENTED_EDGE('',*,*,#2555,.F.);
#947=ORIENTED_EDGE('',*,*,#2555,.T.);
#948=ORIENTED_EDGE('',*,*,#2556,.T.);
#949=ORIENTED_EDGE('',*,*,#2557,.T.);
#950=ORIENTED_EDGE('',*,*,#2558,.T.);
#951=ORIENTED_EDGE('',*,*,#2559,.F.);
#952=ORIENTED_EDGE('',*,*,#2560,.T.);
#953=ORIENTED_EDGE('',*,*,#2561,.F.);
#954=ORIENTED_EDGE('',*,*,#2562,.T.);
#955=ORIENTED_EDGE('',*,*,#2563,.T.);
#956=ORIENTED_EDGE('',*,*,#2564,.T.);
#957=ORIENTED_EDGE('',*,*,#2565,.T.);
#958=ORIENTED_EDGE('',*,*,#2566,.T.);
#959=ORIENTED_EDGE('',*,*,#2567,.F.);
#960=ORIENTED_EDGE('',*,*,#2515,.T.);
#961=ORIENTED_EDGE('',*,*,#2568,.T.);
#962=ORIENTED_EDGE('',*,*,#2569,.F.);
#963=ORIENTED_EDGE('',*,*,#2565,.F.);
#964=ORIENTED_EDGE('',*,*,#2514,.F.);
#965=ORIENTED_EDGE('',*,*,#2554,.F.);
#966=ORIENTED_EDGE('',*,*,#2570,.T.);
#967=ORIENTED_EDGE('',*,*,#2568,.F.);
#968=ORIENTED_EDGE('',*,*,#2549,.T.);
#969=ORIENTED_EDGE('',*,*,#2571,.T.);
#970=ORIENTED_EDGE('',*,*,#2569,.T.);
#971=ORIENTED_EDGE('',*,*,#2572,.T.);
#972=ORIENTED_EDGE('',*,*,#2573,.T.);
#973=ORIENTED_EDGE('',*,*,#2574,.T.);
#974=ORIENTED_EDGE('',*,*,#2552,.T.);
#975=ORIENTED_EDGE('',*,*,#2516,.F.);
#976=ORIENTED_EDGE('',*,*,#2567,.T.);
#977=ORIENTED_EDGE('',*,*,#2575,.F.);
#978=ORIENTED_EDGE('',*,*,#2576,.F.);
#979=ORIENTED_EDGE('',*,*,#2566,.F.);
#980=ORIENTED_EDGE('',*,*,#2571,.F.);
#981=ORIENTED_EDGE('',*,*,#2553,.F.);
#982=ORIENTED_EDGE('',*,*,#2577,.F.);
#983=ORIENTED_EDGE('',*,*,#2578,.T.);
#984=ORIENTED_EDGE('',*,*,#2579,.F.);
#985=ORIENTED_EDGE('',*,*,#2580,.F.);
#986=ORIENTED_EDGE('',*,*,#2581,.F.);
#987=ORIENTED_EDGE('',*,*,#2582,.F.);
#988=ORIENTED_EDGE('',*,*,#2583,.F.);
#989=ORIENTED_EDGE('',*,*,#2584,.T.);
#990=ORIENTED_EDGE('',*,*,#2575,.T.);
#991=ORIENTED_EDGE('',*,*,#2576,.T.);
#992=ORIENTED_EDGE('',*,*,#2585,.F.);
#993=ORIENTED_EDGE('',*,*,#2586,.F.);
#994=ORIENTED_EDGE('',*,*,#2587,.F.);
#995=ORIENTED_EDGE('',*,*,#2588,.F.);
#996=ORIENTED_EDGE('',*,*,#2589,.F.);
#997=ORIENTED_EDGE('',*,*,#2590,.F.);
#998=ORIENTED_EDGE('',*,*,#2591,.F.);
#999=ORIENTED_EDGE('',*,*,#2592,.F.);
#1000=ORIENTED_EDGE('',*,*,#2593,.F.);
#1001=ORIENTED_EDGE('',*,*,#2594,.F.);
#1002=ORIENTED_EDGE('',*,*,#2595,.F.);
#1003=ORIENTED_EDGE('',*,*,#2596,.F.);
#1004=ORIENTED_EDGE('',*,*,#2597,.F.);
#1005=ORIENTED_EDGE('',*,*,#2598,.F.);
#1006=ORIENTED_EDGE('',*,*,#2599,.F.);
#1007=ORIENTED_EDGE('',*,*,#2600,.F.);
#1008=ORIENTED_EDGE('',*,*,#2601,.F.);
#1009=ORIENTED_EDGE('',*,*,#2602,.F.);
#1010=ORIENTED_EDGE('',*,*,#2603,.F.);
#1011=ORIENTED_EDGE('',*,*,#2604,.F.);
#1012=ORIENTED_EDGE('',*,*,#2605,.F.);
#1013=ORIENTED_EDGE('',*,*,#2606,.T.);
#1014=ORIENTED_EDGE('',*,*,#2607,.T.);
#1015=ORIENTED_EDGE('',*,*,#2608,.T.);
#1016=ORIENTED_EDGE('',*,*,#2609,.T.);
#1017=ORIENTED_EDGE('',*,*,#2610,.T.);
#1018=ORIENTED_EDGE('',*,*,#2560,.F.);
#1019=ORIENTED_EDGE('',*,*,#2611,.T.);
#1020=ORIENTED_EDGE('',*,*,#2607,.F.);
#1021=ORIENTED_EDGE('',*,*,#2612,.T.);
#1022=ORIENTED_EDGE('',*,*,#2608,.F.);
#1023=ORIENTED_EDGE('',*,*,#2613,.F.);
#1024=ORIENTED_EDGE('',*,*,#2614,.F.);
#1025=ORIENTED_EDGE('',*,*,#2615,.F.);
#1026=ORIENTED_EDGE('',*,*,#2609,.F.);
#1027=ORIENTED_EDGE('',*,*,#2612,.F.);
#1028=ORIENTED_EDGE('',*,*,#2616,.F.);
#1029=ORIENTED_EDGE('',*,*,#2615,.T.);
#1030=ORIENTED_EDGE('',*,*,#2617,.F.);
#1031=ORIENTED_EDGE('',*,*,#2618,.F.);
#1032=ORIENTED_EDGE('',*,*,#2606,.F.);
#1033=ORIENTED_EDGE('',*,*,#2619,.T.);
#1034=ORIENTED_EDGE('',*,*,#2556,.F.);
#1035=ORIENTED_EDGE('',*,*,#2550,.F.);
#1036=ORIENTED_EDGE('',*,*,#2574,.F.);
#1037=ORIENTED_EDGE('',*,*,#2620,.T.);
#1038=ORIENTED_EDGE('',*,*,#2572,.F.);
#1039=ORIENTED_EDGE('',*,*,#2570,.F.);
#1040=ORIENTED_EDGE('',*,*,#2564,.F.);
#1041=ORIENTED_EDGE('',*,*,#2621,.F.);
#1042=ORIENTED_EDGE('',*,*,#2622,.F.);
#1043=ORIENTED_EDGE('',*,*,#2623,.F.);
#1044=ORIENTED_EDGE('',*,*,#2573,.F.);
#1045=ORIENTED_EDGE('',*,*,#2624,.T.);
#1046=ORIENTED_EDGE('',*,*,#2561,.T.);
#1047=ORIENTED_EDGE('',*,*,#2610,.F.);
#1048=ORIENTED_EDGE('',*,*,#2618,.T.);
#1049=ORIENTED_EDGE('',*,*,#2625,.T.);
#1050=ORIENTED_EDGE('',*,*,#2562,.F.);
#1051=ORIENTED_EDGE('',*,*,#2624,.F.);
#1052=ORIENTED_EDGE('',*,*,#2626,.F.);
#1053=ORIENTED_EDGE('',*,*,#2627,.F.);
#1054=ORIENTED_EDGE('',*,*,#2628,.T.);
#1055=ORIENTED_EDGE('',*,*,#2563,.F.);
#1056=ORIENTED_EDGE('',*,*,#2629,.T.);
#1057=ORIENTED_EDGE('',*,*,#2557,.F.);
#1058=ORIENTED_EDGE('',*,*,#2630,.T.);
#1059=ORIENTED_EDGE('',*,*,#2631,.F.);
#1060=ORIENTED_EDGE('',*,*,#2632,.T.);
#1061=ORIENTED_EDGE('',*,*,#2633,.T.);
#1062=ORIENTED_EDGE('',*,*,#2634,.F.);
#1063=ORIENTED_EDGE('',*,*,#2635,.F.);
#1064=ORIENTED_EDGE('',*,*,#2558,.F.);
#1065=ORIENTED_EDGE('',*,*,#2635,.T.);
#1066=ORIENTED_EDGE('',*,*,#2613,.T.);
#1067=ORIENTED_EDGE('',*,*,#2611,.F.);
#1068=ORIENTED_EDGE('',*,*,#2559,.T.);
#1069=ORIENTED_EDGE('',*,*,#2634,.T.);
#1070=ORIENTED_EDGE('',*,*,#2636,.T.);
#1071=ORIENTED_EDGE('',*,*,#2637,.T.);
#1072=ORIENTED_EDGE('',*,*,#2614,.T.);
#1073=ORIENTED_EDGE('',*,*,#2637,.F.);
#1074=ORIENTED_EDGE('',*,*,#2638,.T.);
#1075=ORIENTED_EDGE('',*,*,#2639,.F.);
#1076=ORIENTED_EDGE('',*,*,#2616,.T.);
#1077=ORIENTED_EDGE('',*,*,#2639,.T.);
#1078=ORIENTED_EDGE('',*,*,#2640,.T.);
#1079=ORIENTED_EDGE('',*,*,#2626,.T.);
#1080=ORIENTED_EDGE('',*,*,#2617,.T.);
#1081=ORIENTED_EDGE('',*,*,#2623,.T.);
#1082=ORIENTED_EDGE('',*,*,#2630,.F.);
#1083=ORIENTED_EDGE('',*,*,#2619,.F.);
#1084=ORIENTED_EDGE('',*,*,#2628,.F.);
#1085=ORIENTED_EDGE('',*,*,#2621,.T.);
#1086=ORIENTED_EDGE('',*,*,#2620,.F.);
#1087=ORIENTED_EDGE('',*,*,#2631,.T.);
#1088=ORIENTED_EDGE('',*,*,#2622,.T.);
#1089=ORIENTED_EDGE('',*,*,#2627,.T.);
#1090=ORIENTED_EDGE('',*,*,#2641,.T.);
#1091=ORIENTED_EDGE('',*,*,#2642,.T.);
#1092=ORIENTED_EDGE('',*,*,#2643,.T.);
#1093=ORIENTED_EDGE('',*,*,#2644,.F.);
#1094=ORIENTED_EDGE('',*,*,#2645,.F.);
#1095=ORIENTED_EDGE('',*,*,#2646,.F.);
#1096=ORIENTED_EDGE('',*,*,#2647,.F.);
#1097=ORIENTED_EDGE('',*,*,#2648,.F.);
#1098=ORIENTED_EDGE('',*,*,#2649,.F.);
#1099=ORIENTED_EDGE('',*,*,#2650,.T.);
#1100=ORIENTED_EDGE('',*,*,#2651,.T.);
#1101=ORIENTED_EDGE('',*,*,#2652,.T.);
#1102=ORIENTED_EDGE('',*,*,#2653,.T.);
#1103=ORIENTED_EDGE('',*,*,#2654,.T.);
#1104=ORIENTED_EDGE('',*,*,#2655,.T.);
#1105=ORIENTED_EDGE('',*,*,#2656,.T.);
#1106=ORIENTED_EDGE('',*,*,#2657,.T.);
#1107=ORIENTED_EDGE('',*,*,#2658,.T.);
#1108=ORIENTED_EDGE('',*,*,#2659,.T.);
#1109=ORIENTED_EDGE('',*,*,#2660,.T.);
#1110=ORIENTED_EDGE('',*,*,#2661,.T.);
#1111=ORIENTED_EDGE('',*,*,#2662,.F.);
#1112=ORIENTED_EDGE('',*,*,#2663,.F.);
#1113=ORIENTED_EDGE('',*,*,#2664,.F.);
#1114=ORIENTED_EDGE('',*,*,#2665,.F.);
#1115=ORIENTED_EDGE('',*,*,#2666,.F.);
#1116=ORIENTED_EDGE('',*,*,#2667,.F.);
#1117=ORIENTED_EDGE('',*,*,#2668,.T.);
#1118=ORIENTED_EDGE('',*,*,#2629,.F.);
#1119=ORIENTED_EDGE('',*,*,#2625,.F.);
#1120=ORIENTED_EDGE('',*,*,#2632,.F.);
#1121=ORIENTED_EDGE('',*,*,#2669,.T.);
#1122=ORIENTED_EDGE('',*,*,#2633,.F.);
#1123=ORIENTED_EDGE('',*,*,#2670,.T.);
#1124=ORIENTED_EDGE('',*,*,#2636,.F.);
#1125=ORIENTED_EDGE('',*,*,#2669,.F.);
#1126=ORIENTED_EDGE('',*,*,#2643,.F.);
#1127=ORIENTED_EDGE('',*,*,#2671,.F.);
#1128=ORIENTED_EDGE('',*,*,#2638,.F.);
#1129=ORIENTED_EDGE('',*,*,#2670,.F.);
#1130=ORIENTED_EDGE('',*,*,#2642,.F.);
#1131=ORIENTED_EDGE('',*,*,#2671,.T.);
#1132=ORIENTED_EDGE('',*,*,#2641,.F.);
#1133=ORIENTED_EDGE('',*,*,#2668,.F.);
#1134=ORIENTED_EDGE('',*,*,#2640,.F.);
#1135=ORIENTED_EDGE('',*,*,#2672,.F.);
#1136=ORIENTED_EDGE('',*,*,#2673,.T.);
#1137=ORIENTED_EDGE('',*,*,#2674,.T.);
#1138=ORIENTED_EDGE('',*,*,#2644,.T.);
#1139=ORIENTED_EDGE('',*,*,#2674,.F.);
#1140=ORIENTED_EDGE('',*,*,#2675,.T.);
#1141=ORIENTED_EDGE('',*,*,#2676,.T.);
#1142=ORIENTED_EDGE('',*,*,#2645,.T.);
#1143=ORIENTED_EDGE('',*,*,#2676,.F.);
#1144=ORIENTED_EDGE('',*,*,#2677,.T.);
#1145=ORIENTED_EDGE('',*,*,#2678,.T.);
#1146=ORIENTED_EDGE('',*,*,#2646,.T.);
#1147=ORIENTED_EDGE('',*,*,#2678,.F.);
#1148=ORIENTED_EDGE('',*,*,#2679,.T.);
#1149=ORIENTED_EDGE('',*,*,#2680,.T.);
#1150=ORIENTED_EDGE('',*,*,#2647,.T.);
#1151=ORIENTED_EDGE('',*,*,#2680,.F.);
#1152=ORIENTED_EDGE('',*,*,#2681,.T.);
#1153=ORIENTED_EDGE('',*,*,#2682,.T.);
#1154=ORIENTED_EDGE('',*,*,#2648,.T.);
#1155=ORIENTED_EDGE('',*,*,#2682,.F.);
#1156=ORIENTED_EDGE('',*,*,#2683,.T.);
#1157=ORIENTED_EDGE('',*,*,#2672,.T.);
#1158=ORIENTED_EDGE('',*,*,#2649,.T.);
#1159=ORIENTED_EDGE('',*,*,#2684,.F.);
#1160=ORIENTED_EDGE('',*,*,#2685,.T.);
#1161=ORIENTED_EDGE('',*,*,#2686,.T.);
#1162=ORIENTED_EDGE('',*,*,#2650,.F.);
#1163=ORIENTED_EDGE('',*,*,#2686,.F.);
#1164=ORIENTED_EDGE('',*,*,#2687,.T.);
#1165=ORIENTED_EDGE('',*,*,#2688,.T.);
#1166=ORIENTED_EDGE('',*,*,#2651,.F.);
#1167=ORIENTED_EDGE('',*,*,#2688,.F.);
#1168=ORIENTED_EDGE('',*,*,#2689,.T.);
#1169=ORIENTED_EDGE('',*,*,#2690,.T.);
#1170=ORIENTED_EDGE('',*,*,#2652,.F.);
#1171=ORIENTED_EDGE('',*,*,#2690,.F.);
#1172=ORIENTED_EDGE('',*,*,#2691,.T.);
#1173=ORIENTED_EDGE('',*,*,#2692,.T.);
#1174=ORIENTED_EDGE('',*,*,#2653,.F.);
#1175=ORIENTED_EDGE('',*,*,#2692,.F.);
#1176=ORIENTED_EDGE('',*,*,#2693,.T.);
#1177=ORIENTED_EDGE('',*,*,#2694,.T.);
#1178=ORIENTED_EDGE('',*,*,#2654,.F.);
#1179=ORIENTED_EDGE('',*,*,#2694,.F.);
#1180=ORIENTED_EDGE('',*,*,#2695,.T.);
#1181=ORIENTED_EDGE('',*,*,#2684,.T.);
#1182=ORIENTED_EDGE('',*,*,#2655,.F.);
#1183=ORIENTED_EDGE('',*,*,#2696,.F.);
#1184=ORIENTED_EDGE('',*,*,#2697,.T.);
#1185=ORIENTED_EDGE('',*,*,#2698,.T.);
#1186=ORIENTED_EDGE('',*,*,#2656,.F.);
#1187=ORIENTED_EDGE('',*,*,#2698,.F.);
#1188=ORIENTED_EDGE('',*,*,#2699,.T.);
#1189=ORIENTED_EDGE('',*,*,#2700,.T.);
#1190=ORIENTED_EDGE('',*,*,#2657,.F.);
#1191=ORIENTED_EDGE('',*,*,#2700,.F.);
#1192=ORIENTED_EDGE('',*,*,#2701,.T.);
#1193=ORIENTED_EDGE('',*,*,#2702,.T.);
#1194=ORIENTED_EDGE('',*,*,#2658,.F.);
#1195=ORIENTED_EDGE('',*,*,#2702,.F.);
#1196=ORIENTED_EDGE('',*,*,#2703,.T.);
#1197=ORIENTED_EDGE('',*,*,#2704,.T.);
#1198=ORIENTED_EDGE('',*,*,#2659,.F.);
#1199=ORIENTED_EDGE('',*,*,#2704,.F.);
#1200=ORIENTED_EDGE('',*,*,#2705,.T.);
#1201=ORIENTED_EDGE('',*,*,#2706,.T.);
#1202=ORIENTED_EDGE('',*,*,#2660,.F.);
#1203=ORIENTED_EDGE('',*,*,#2706,.F.);
#1204=ORIENTED_EDGE('',*,*,#2707,.T.);
#1205=ORIENTED_EDGE('',*,*,#2696,.T.);
#1206=ORIENTED_EDGE('',*,*,#2661,.F.);
#1207=ORIENTED_EDGE('',*,*,#2708,.F.);
#1208=ORIENTED_EDGE('',*,*,#2709,.T.);
#1209=ORIENTED_EDGE('',*,*,#2710,.T.);
#1210=ORIENTED_EDGE('',*,*,#2662,.T.);
#1211=ORIENTED_EDGE('',*,*,#2710,.F.);
#1212=ORIENTED_EDGE('',*,*,#2711,.T.);
#1213=ORIENTED_EDGE('',*,*,#2712,.T.);
#1214=ORIENTED_EDGE('',*,*,#2663,.T.);
#1215=ORIENTED_EDGE('',*,*,#2712,.F.);
#1216=ORIENTED_EDGE('',*,*,#2713,.T.);
#1217=ORIENTED_EDGE('',*,*,#2714,.T.);
#1218=ORIENTED_EDGE('',*,*,#2664,.T.);
#1219=ORIENTED_EDGE('',*,*,#2714,.F.);
#1220=ORIENTED_EDGE('',*,*,#2715,.T.);
#1221=ORIENTED_EDGE('',*,*,#2716,.T.);
#1222=ORIENTED_EDGE('',*,*,#2665,.T.);
#1223=ORIENTED_EDGE('',*,*,#2716,.F.);
#1224=ORIENTED_EDGE('',*,*,#2717,.T.);
#1225=ORIENTED_EDGE('',*,*,#2718,.T.);
#1226=ORIENTED_EDGE('',*,*,#2666,.T.);
#1227=ORIENTED_EDGE('',*,*,#2718,.F.);
#1228=ORIENTED_EDGE('',*,*,#2719,.T.);
#1229=ORIENTED_EDGE('',*,*,#2708,.T.);
#1230=ORIENTED_EDGE('',*,*,#2667,.T.);
#1231=ORIENTED_EDGE('',*,*,#2720,.T.);
#1232=ORIENTED_EDGE('',*,*,#2721,.F.);
#1233=ORIENTED_EDGE('',*,*,#2722,.F.);
#1234=ORIENTED_EDGE('',*,*,#2673,.F.);
#1235=ORIENTED_EDGE('',*,*,#2722,.T.);
#1236=ORIENTED_EDGE('',*,*,#2723,.F.);
#1237=ORIENTED_EDGE('',*,*,#2724,.F.);
#1238=ORIENTED_EDGE('',*,*,#2675,.F.);
#1239=ORIENTED_EDGE('',*,*,#2725,.T.);
#1240=ORIENTED_EDGE('',*,*,#2677,.F.);
#1241=ORIENTED_EDGE('',*,*,#2724,.T.);
#1242=ORIENTED_EDGE('',*,*,#2726,.F.);
#1243=ORIENTED_EDGE('',*,*,#2727,.T.);
#1244=ORIENTED_EDGE('',*,*,#2679,.F.);
#1245=ORIENTED_EDGE('',*,*,#2725,.F.);
#1246=ORIENTED_EDGE('',*,*,#2728,.F.);
#1247=ORIENTED_EDGE('',*,*,#2729,.T.);
#1248=ORIENTED_EDGE('',*,*,#2681,.F.);
#1249=ORIENTED_EDGE('',*,*,#2727,.F.);
#1250=ORIENTED_EDGE('',*,*,#2730,.F.);
#1251=ORIENTED_EDGE('',*,*,#2720,.F.);
#1252=ORIENTED_EDGE('',*,*,#2683,.F.);
#1253=ORIENTED_EDGE('',*,*,#2729,.F.);
#1254=ORIENTED_EDGE('',*,*,#2731,.F.);
#1255=ORIENTED_EDGE('',*,*,#2732,.T.);
#1256=ORIENTED_EDGE('',*,*,#2733,.F.);
#1257=ORIENTED_EDGE('',*,*,#2734,.T.);
#1258=ORIENTED_EDGE('',*,*,#2685,.F.);
#1259=ORIENTED_EDGE('',*,*,#2735,.T.);
#1260=ORIENTED_EDGE('',*,*,#2687,.F.);
#1261=ORIENTED_EDGE('',*,*,#2734,.F.);
#1262=ORIENTED_EDGE('',*,*,#2736,.F.);
#1263=ORIENTED_EDGE('',*,*,#2737,.T.);
#1264=ORIENTED_EDGE('',*,*,#2689,.F.);
#1265=ORIENTED_EDGE('',*,*,#2735,.F.);
#1266=ORIENTED_EDGE('',*,*,#2738,.F.);
#1267=ORIENTED_EDGE('',*,*,#2737,.F.);
#1268=ORIENTED_EDGE('',*,*,#2739,.F.);
#1269=ORIENTED_EDGE('',*,*,#2740,.F.);
#1270=ORIENTED_EDGE('',*,*,#2691,.F.);
#1271=ORIENTED_EDGE('',*,*,#2740,.T.);
#1272=ORIENTED_EDGE('',*,*,#2741,.F.);
#1273=ORIENTED_EDGE('',*,*,#2742,.F.);
#1274=ORIENTED_EDGE('',*,*,#2693,.F.);
#1275=ORIENTED_EDGE('',*,*,#2742,.T.);
#1276=ORIENTED_EDGE('',*,*,#2743,.F.);
#1277=ORIENTED_EDGE('',*,*,#2732,.F.);
#1278=ORIENTED_EDGE('',*,*,#2695,.F.);
#1279=ORIENTED_EDGE('',*,*,#2744,.T.);
#1280=ORIENTED_EDGE('',*,*,#2745,.F.);
#1281=ORIENTED_EDGE('',*,*,#2746,.T.);
#1282=ORIENTED_EDGE('',*,*,#2697,.F.);
#1283=ORIENTED_EDGE('',*,*,#2747,.T.);
#1284=ORIENTED_EDGE('',*,*,#2699,.F.);
#1285=ORIENTED_EDGE('',*,*,#2746,.F.);
#1286=ORIENTED_EDGE('',*,*,#2748,.F.);
#1287=ORIENTED_EDGE('',*,*,#2749,.T.);
#1288=ORIENTED_EDGE('',*,*,#2701,.F.);
#1289=ORIENTED_EDGE('',*,*,#2747,.F.);
#1290=ORIENTED_EDGE('',*,*,#2750,.F.);
#1291=ORIENTED_EDGE('',*,*,#2749,.F.);
#1292=ORIENTED_EDGE('',*,*,#2751,.F.);
#1293=ORIENTED_EDGE('',*,*,#2752,.F.);
#1294=ORIENTED_EDGE('',*,*,#2703,.F.);
#1295=ORIENTED_EDGE('',*,*,#2752,.T.);
#1296=ORIENTED_EDGE('',*,*,#2753,.F.);
#1297=ORIENTED_EDGE('',*,*,#2754,.F.);
#1298=ORIENTED_EDGE('',*,*,#2705,.F.);
#1299=ORIENTED_EDGE('',*,*,#2754,.T.);
#1300=ORIENTED_EDGE('',*,*,#2755,.F.);
#1301=ORIENTED_EDGE('',*,*,#2744,.F.);
#1302=ORIENTED_EDGE('',*,*,#2707,.F.);
#1303=ORIENTED_EDGE('',*,*,#2756,.T.);
#1304=ORIENTED_EDGE('',*,*,#2757,.F.);
#1305=ORIENTED_EDGE('',*,*,#2758,.F.);
#1306=ORIENTED_EDGE('',*,*,#2709,.F.);
#1307=ORIENTED_EDGE('',*,*,#2758,.T.);
#1308=ORIENTED_EDGE('',*,*,#2759,.F.);
#1309=ORIENTED_EDGE('',*,*,#2760,.F.);
#1310=ORIENTED_EDGE('',*,*,#2711,.F.);
#1311=ORIENTED_EDGE('',*,*,#2761,.T.);
#1312=ORIENTED_EDGE('',*,*,#2713,.F.);
#1313=ORIENTED_EDGE('',*,*,#2760,.T.);
#1314=ORIENTED_EDGE('',*,*,#2762,.F.);
#1315=ORIENTED_EDGE('',*,*,#2763,.T.);
#1316=ORIENTED_EDGE('',*,*,#2715,.F.);
#1317=ORIENTED_EDGE('',*,*,#2761,.F.);
#1318=ORIENTED_EDGE('',*,*,#2764,.F.);
#1319=ORIENTED_EDGE('',*,*,#2765,.T.);
#1320=ORIENTED_EDGE('',*,*,#2717,.F.);
#1321=ORIENTED_EDGE('',*,*,#2763,.F.);
#1322=ORIENTED_EDGE('',*,*,#2766,.F.);
#1323=ORIENTED_EDGE('',*,*,#2756,.F.);
#1324=ORIENTED_EDGE('',*,*,#2719,.F.);
#1325=ORIENTED_EDGE('',*,*,#2765,.F.);
#1326=ORIENTED_EDGE('',*,*,#2767,.F.);
#1327=ORIENTED_EDGE('',*,*,#2728,.T.);
#1328=ORIENTED_EDGE('',*,*,#2726,.T.);
#1329=ORIENTED_EDGE('',*,*,#2723,.T.);
#1330=ORIENTED_EDGE('',*,*,#2721,.T.);
#1331=ORIENTED_EDGE('',*,*,#2731,.T.);
#1332=ORIENTED_EDGE('',*,*,#2730,.T.);
#1333=ORIENTED_EDGE('',*,*,#2736,.T.);
#1334=ORIENTED_EDGE('',*,*,#2733,.T.);
#1335=ORIENTED_EDGE('',*,*,#2743,.T.);
#1336=ORIENTED_EDGE('',*,*,#2741,.T.);
#1337=ORIENTED_EDGE('',*,*,#2739,.T.);
#1338=ORIENTED_EDGE('',*,*,#2738,.T.);
#1339=ORIENTED_EDGE('',*,*,#2748,.T.);
#1340=ORIENTED_EDGE('',*,*,#2745,.T.);
#1341=ORIENTED_EDGE('',*,*,#2755,.T.);
#1342=ORIENTED_EDGE('',*,*,#2753,.T.);
#1343=ORIENTED_EDGE('',*,*,#2751,.T.);
#1344=ORIENTED_EDGE('',*,*,#2750,.T.);
#1345=ORIENTED_EDGE('',*,*,#2764,.T.);
#1346=ORIENTED_EDGE('',*,*,#2762,.T.);
#1347=ORIENTED_EDGE('',*,*,#2759,.T.);
#1348=ORIENTED_EDGE('',*,*,#2757,.T.);
#1349=ORIENTED_EDGE('',*,*,#2767,.T.);
#1350=ORIENTED_EDGE('',*,*,#2766,.T.);
#1351=ORIENTED_EDGE('',*,*,#2768,.T.);
#1352=ORIENTED_EDGE('',*,*,#2769,.T.);
#1353=ORIENTED_EDGE('',*,*,#2770,.T.);
#1354=ORIENTED_EDGE('',*,*,#2771,.T.);
#1355=ORIENTED_EDGE('',*,*,#2772,.T.);
#1356=ORIENTED_EDGE('',*,*,#2773,.T.);
#1357=ORIENTED_EDGE('',*,*,#2774,.F.);
#1358=ORIENTED_EDGE('',*,*,#2775,.T.);
#1359=ORIENTED_EDGE('',*,*,#2776,.F.);
#1360=ORIENTED_EDGE('',*,*,#2777,.T.);
#1361=ORIENTED_EDGE('',*,*,#2778,.T.);
#1362=ORIENTED_EDGE('',*,*,#2779,.F.);
#1363=ORIENTED_EDGE('',*,*,#2777,.F.);
#1364=ORIENTED_EDGE('',*,*,#2780,.F.);
#1365=ORIENTED_EDGE('',*,*,#2781,.F.);
#1366=ORIENTED_EDGE('',*,*,#2782,.T.);
#1367=ORIENTED_EDGE('',*,*,#2783,.T.);
#1368=ORIENTED_EDGE('',*,*,#2784,.T.);
#1369=ORIENTED_EDGE('',*,*,#2785,.T.);
#1370=ORIENTED_EDGE('',*,*,#2783,.F.);
#1371=ORIENTED_EDGE('',*,*,#2786,.T.);
#1372=ORIENTED_EDGE('',*,*,#2787,.F.);
#1373=ORIENTED_EDGE('',*,*,#2788,.T.);
#1374=ORIENTED_EDGE('',*,*,#2789,.F.);
#1375=ORIENTED_EDGE('',*,*,#2790,.F.);
#1376=ORIENTED_EDGE('',*,*,#2791,.F.);
#1377=ORIENTED_EDGE('',*,*,#2792,.T.);
#1378=ORIENTED_EDGE('',*,*,#2793,.F.);
#1379=ORIENTED_EDGE('',*,*,#2788,.F.);
#1380=ORIENTED_EDGE('',*,*,#2794,.F.);
#1381=ORIENTED_EDGE('',*,*,#2795,.T.);
#1382=ORIENTED_EDGE('',*,*,#2796,.F.);
#1383=ORIENTED_EDGE('',*,*,#2792,.F.);
#1384=ORIENTED_EDGE('',*,*,#2797,.F.);
#1385=ORIENTED_EDGE('',*,*,#2775,.F.);
#1386=ORIENTED_EDGE('',*,*,#2798,.F.);
#1387=ORIENTED_EDGE('',*,*,#2795,.F.);
#1388=ORIENTED_EDGE('',*,*,#2799,.T.);
#1389=ORIENTED_EDGE('',*,*,#2781,.T.);
#1390=ORIENTED_EDGE('',*,*,#2800,.T.);
#1391=ORIENTED_EDGE('',*,*,#2801,.F.);
#1392=ORIENTED_EDGE('',*,*,#2802,.F.);
#1393=ORIENTED_EDGE('',*,*,#2803,.T.);
#1394=ORIENTED_EDGE('',*,*,#2804,.T.);
#1395=ORIENTED_EDGE('',*,*,#2800,.F.);
#1396=ORIENTED_EDGE('',*,*,#2805,.F.);
#1397=ORIENTED_EDGE('',*,*,#2806,.T.);
#1398=ORIENTED_EDGE('',*,*,#2803,.F.);
#1399=ORIENTED_EDGE('',*,*,#2778,.F.);
#1400=ORIENTED_EDGE('',*,*,#2807,.T.);
#1401=ORIENTED_EDGE('',*,*,#2808,.T.);
#1402=ORIENTED_EDGE('',*,*,#2805,.T.);
#1403=ORIENTED_EDGE('',*,*,#2780,.T.);
#1404=ORIENTED_EDGE('',*,*,#2776,.T.);
#1405=ORIENTED_EDGE('',*,*,#2797,.T.);
#1406=ORIENTED_EDGE('',*,*,#2794,.T.);
#1407=ORIENTED_EDGE('',*,*,#2791,.T.);
#1408=ORIENTED_EDGE('',*,*,#2809,.T.);
#1409=ORIENTED_EDGE('',*,*,#2790,.T.);
#1410=ORIENTED_EDGE('',*,*,#2810,.F.);
#1411=ORIENTED_EDGE('',*,*,#2811,.F.);
#1412=ORIENTED_EDGE('',*,*,#2809,.F.);
#1413=ORIENTED_EDGE('',*,*,#2812,.F.);
#1414=ORIENTED_EDGE('',*,*,#2813,.F.);
#1415=ORIENTED_EDGE('',*,*,#2814,.F.);
#1416=ORIENTED_EDGE('',*,*,#2815,.F.);
#1417=ORIENTED_EDGE('',*,*,#2816,.F.);
#1418=ORIENTED_EDGE('',*,*,#2817,.F.);
#1419=ORIENTED_EDGE('',*,*,#2786,.F.);
#1420=ORIENTED_EDGE('',*,*,#2782,.F.);
#1421=ORIENTED_EDGE('',*,*,#2799,.F.);
#1422=ORIENTED_EDGE('',*,*,#2787,.T.);
#1423=ORIENTED_EDGE('',*,*,#2818,.T.);
#1424=ORIENTED_EDGE('',*,*,#2819,.T.);
#1425=ORIENTED_EDGE('',*,*,#2818,.F.);
#1426=ORIENTED_EDGE('',*,*,#2817,.T.);
#1427=ORIENTED_EDGE('',*,*,#2820,.T.);
#1428=ORIENTED_EDGE('',*,*,#2821,.T.);
#1429=ORIENTED_EDGE('',*,*,#2820,.F.);
#1430=ORIENTED_EDGE('',*,*,#2816,.T.);
#1431=ORIENTED_EDGE('',*,*,#2822,.T.);
#1432=ORIENTED_EDGE('',*,*,#2823,.T.);
#1433=ORIENTED_EDGE('',*,*,#2822,.F.);
#1434=ORIENTED_EDGE('',*,*,#2815,.T.);
#1435=ORIENTED_EDGE('',*,*,#2824,.T.);
#1436=ORIENTED_EDGE('',*,*,#2825,.T.);
#1437=ORIENTED_EDGE('',*,*,#2824,.F.);
#1438=ORIENTED_EDGE('',*,*,#2814,.T.);
#1439=ORIENTED_EDGE('',*,*,#2826,.T.);
#1440=ORIENTED_EDGE('',*,*,#2827,.T.);
#1441=ORIENTED_EDGE('',*,*,#2785,.F.);
#1442=ORIENTED_EDGE('',*,*,#2828,.F.);
#1443=ORIENTED_EDGE('',*,*,#2774,.T.);
#1444=ORIENTED_EDGE('',*,*,#2829,.F.);
#1445=ORIENTED_EDGE('',*,*,#2829,.T.);
#1446=ORIENTED_EDGE('',*,*,#2779,.T.);
#1447=ORIENTED_EDGE('',*,*,#2802,.T.);
#1448=ORIENTED_EDGE('',*,*,#2784,.F.);
#1449=ORIENTED_EDGE('',*,*,#2830,.T.);
#1450=ORIENTED_EDGE('',*,*,#2807,.F.);
#1451=ORIENTED_EDGE('',*,*,#2831,.F.);
#1452=ORIENTED_EDGE('',*,*,#2832,.T.);
#1453=ORIENTED_EDGE('',*,*,#2833,.T.);
#1454=ORIENTED_EDGE('',*,*,#2789,.T.);
#1455=ORIENTED_EDGE('',*,*,#2834,.F.);
#1456=ORIENTED_EDGE('',*,*,#2835,.T.);
#1457=ORIENTED_EDGE('',*,*,#2831,.T.);
#1458=ORIENTED_EDGE('',*,*,#2793,.T.);
#1459=ORIENTED_EDGE('',*,*,#2485,.F.);
#1460=ORIENTED_EDGE('',*,*,#2836,.T.);
#1461=ORIENTED_EDGE('',*,*,#2837,.F.);
#1462=ORIENTED_EDGE('',*,*,#2838,.T.);
#1463=ORIENTED_EDGE('',*,*,#2839,.T.);
#1464=ORIENTED_EDGE('',*,*,#2834,.T.);
#1465=ORIENTED_EDGE('',*,*,#2796,.T.);
#1466=ORIENTED_EDGE('',*,*,#2798,.T.);
#1467=ORIENTED_EDGE('',*,*,#2828,.T.);
#1468=ORIENTED_EDGE('',*,*,#2819,.F.);
#1469=ORIENTED_EDGE('',*,*,#2821,.F.);
#1470=ORIENTED_EDGE('',*,*,#2840,.F.);
#1471=ORIENTED_EDGE('',*,*,#2841,.T.);
#1472=ORIENTED_EDGE('',*,*,#2842,.T.);
#1473=ORIENTED_EDGE('',*,*,#2826,.F.);
#1474=ORIENTED_EDGE('',*,*,#2813,.T.);
#1475=ORIENTED_EDGE('',*,*,#2843,.T.);
#1476=ORIENTED_EDGE('',*,*,#2844,.T.);
#1477=ORIENTED_EDGE('',*,*,#2801,.T.);
#1478=ORIENTED_EDGE('',*,*,#2845,.T.);
#1479=ORIENTED_EDGE('',*,*,#2846,.F.);
#1480=ORIENTED_EDGE('',*,*,#2843,.F.);
#1481=ORIENTED_EDGE('',*,*,#2804,.F.);
#1482=ORIENTED_EDGE('',*,*,#2847,.T.);
#1483=ORIENTED_EDGE('',*,*,#2848,.F.);
#1484=ORIENTED_EDGE('',*,*,#2845,.F.);
#1485=ORIENTED_EDGE('',*,*,#2806,.F.);
#1486=ORIENTED_EDGE('',*,*,#2849,.T.);
#1487=ORIENTED_EDGE('',*,*,#2850,.T.);
#1488=ORIENTED_EDGE('',*,*,#2847,.F.);
#1489=ORIENTED_EDGE('',*,*,#2811,.T.);
#1490=ORIENTED_EDGE('',*,*,#2851,.F.);
#1491=ORIENTED_EDGE('',*,*,#2849,.F.);
#1492=ORIENTED_EDGE('',*,*,#2808,.F.);
#1493=ORIENTED_EDGE('',*,*,#2833,.F.);
#1494=ORIENTED_EDGE('',*,*,#2852,.T.);
#1495=ORIENTED_EDGE('',*,*,#2853,.T.);
#1496=ORIENTED_EDGE('',*,*,#2810,.T.);
#1497=ORIENTED_EDGE('',*,*,#2854,.F.);
#1498=ORIENTED_EDGE('',*,*,#2812,.T.);
#1499=ORIENTED_EDGE('',*,*,#2855,.F.);
#1500=ORIENTED_EDGE('',*,*,#2856,.T.);
#1501=ORIENTED_EDGE('',*,*,#2840,.T.);
#1502=ORIENTED_EDGE('',*,*,#2823,.F.);
#1503=ORIENTED_EDGE('',*,*,#2857,.F.);
#1504=ORIENTED_EDGE('',*,*,#2858,.T.);
#1505=ORIENTED_EDGE('',*,*,#2855,.T.);
#1506=ORIENTED_EDGE('',*,*,#2825,.F.);
#1507=ORIENTED_EDGE('',*,*,#2859,.F.);
#1508=ORIENTED_EDGE('',*,*,#2860,.T.);
#1509=ORIENTED_EDGE('',*,*,#2857,.T.);
#1510=ORIENTED_EDGE('',*,*,#2827,.F.);
#1511=ORIENTED_EDGE('',*,*,#2861,.T.);
#1512=ORIENTED_EDGE('',*,*,#2862,.T.);
#1513=ORIENTED_EDGE('',*,*,#2859,.T.);
#1514=ORIENTED_EDGE('',*,*,#2844,.F.);
#1515=ORIENTED_EDGE('',*,*,#2846,.T.);
#1516=ORIENTED_EDGE('',*,*,#2848,.T.);
#1517=ORIENTED_EDGE('',*,*,#2850,.F.);
#1518=ORIENTED_EDGE('',*,*,#2851,.T.);
#1519=ORIENTED_EDGE('',*,*,#2853,.F.);
#1520=ORIENTED_EDGE('',*,*,#2863,.T.);
#1521=ORIENTED_EDGE('',*,*,#2772,.F.);
#1522=ORIENTED_EDGE('',*,*,#2864,.T.);
#1523=ORIENTED_EDGE('',*,*,#2865,.T.);
#1524=ORIENTED_EDGE('',*,*,#2498,.T.);
#1525=ORIENTED_EDGE('',*,*,#2866,.T.);
#1526=ORIENTED_EDGE('',*,*,#2867,.T.);
#1527=ORIENTED_EDGE('',*,*,#2837,.T.);
#1528=ORIENTED_EDGE('',*,*,#2868,.T.);
#1529=ORIENTED_EDGE('',*,*,#2869,.T.);
#1530=ORIENTED_EDGE('',*,*,#2870,.T.);
#1531=ORIENTED_EDGE('',*,*,#2871,.T.);
#1532=ORIENTED_EDGE('',*,*,#2872,.T.);
#1533=ORIENTED_EDGE('',*,*,#2873,.T.);
#1534=ORIENTED_EDGE('',*,*,#2874,.T.);
#1535=ORIENTED_EDGE('',*,*,#2830,.F.);
#1536=ORIENTED_EDGE('',*,*,#2875,.T.);
#1537=ORIENTED_EDGE('',*,*,#2876,.T.);
#1538=ORIENTED_EDGE('',*,*,#2877,.T.);
#1539=ORIENTED_EDGE('',*,*,#2878,.T.);
#1540=ORIENTED_EDGE('',*,*,#2879,.T.);
#1541=ORIENTED_EDGE('',*,*,#2880,.T.);
#1542=ORIENTED_EDGE('',*,*,#2881,.T.);
#1543=ORIENTED_EDGE('',*,*,#2854,.T.);
#1544=ORIENTED_EDGE('',*,*,#2882,.T.);
#1545=ORIENTED_EDGE('',*,*,#2883,.F.);
#1546=ORIENTED_EDGE('',*,*,#2884,.T.);
#1547=ORIENTED_EDGE('',*,*,#2885,.F.);
#1548=ORIENTED_EDGE('',*,*,#2886,.F.);
#1549=ORIENTED_EDGE('',*,*,#2887,.T.);
#1550=ORIENTED_EDGE('',*,*,#2883,.T.);
#1551=ORIENTED_EDGE('',*,*,#2888,.T.);
#1552=ORIENTED_EDGE('',*,*,#2889,.T.);
#1553=ORIENTED_EDGE('',*,*,#2890,.F.);
#1554=ORIENTED_EDGE('',*,*,#2891,.F.);
#1555=ORIENTED_EDGE('',*,*,#2892,.F.);
#1556=ORIENTED_EDGE('',*,*,#2893,.F.);
#1557=ORIENTED_EDGE('',*,*,#2894,.T.);
#1558=ORIENTED_EDGE('',*,*,#2895,.F.);
#1559=ORIENTED_EDGE('',*,*,#2891,.T.);
#1560=ORIENTED_EDGE('',*,*,#2896,.F.);
#1561=ORIENTED_EDGE('',*,*,#2897,.T.);
#1562=ORIENTED_EDGE('',*,*,#2898,.T.);
#1563=ORIENTED_EDGE('',*,*,#2899,.T.);
#1564=ORIENTED_EDGE('',*,*,#2900,.F.);
#1565=ORIENTED_EDGE('',*,*,#2901,.T.);
#1566=ORIENTED_EDGE('',*,*,#2896,.T.);
#1567=ORIENTED_EDGE('',*,*,#2902,.T.);
#1568=ORIENTED_EDGE('',*,*,#2903,.F.);
#1569=ORIENTED_EDGE('',*,*,#2904,.T.);
#1570=ORIENTED_EDGE('',*,*,#2900,.T.);
#1571=ORIENTED_EDGE('',*,*,#2905,.T.);
#1572=ORIENTED_EDGE('',*,*,#2885,.T.);
#1573=ORIENTED_EDGE('',*,*,#2903,.T.);
#1574=ORIENTED_EDGE('',*,*,#2906,.T.);
#1575=ORIENTED_EDGE('',*,*,#2907,.F.);
#1576=ORIENTED_EDGE('',*,*,#2908,.T.);
#1577=ORIENTED_EDGE('',*,*,#2909,.F.);
#1578=ORIENTED_EDGE('',*,*,#2889,.F.);
#1579=ORIENTED_EDGE('',*,*,#2910,.T.);
#1580=ORIENTED_EDGE('',*,*,#2909,.T.);
#1581=ORIENTED_EDGE('',*,*,#2911,.F.);
#1582=ORIENTED_EDGE('',*,*,#2912,.F.);
#1583=ORIENTED_EDGE('',*,*,#2913,.T.);
#1584=ORIENTED_EDGE('',*,*,#2886,.T.);
#1585=ORIENTED_EDGE('',*,*,#2912,.T.);
#1586=ORIENTED_EDGE('',*,*,#2914,.F.);
#1587=ORIENTED_EDGE('',*,*,#2915,.F.);
#1588=ORIENTED_EDGE('',*,*,#2916,.F.);
#1589=ORIENTED_EDGE('',*,*,#2917,.F.);
#1590=ORIENTED_EDGE('',*,*,#2897,.F.);
#1591=ORIENTED_EDGE('',*,*,#2901,.F.);
#1592=ORIENTED_EDGE('',*,*,#2904,.F.);
#1593=ORIENTED_EDGE('',*,*,#2884,.F.);
#1594=ORIENTED_EDGE('',*,*,#2887,.F.);
#1595=ORIENTED_EDGE('',*,*,#2913,.F.);
#1596=ORIENTED_EDGE('',*,*,#2898,.F.);
#1597=ORIENTED_EDGE('',*,*,#2917,.T.);
#1598=ORIENTED_EDGE('',*,*,#2918,.T.);
#1599=ORIENTED_EDGE('',*,*,#2919,.T.);
#1600=ORIENTED_EDGE('',*,*,#2920,.T.);
#1601=ORIENTED_EDGE('',*,*,#2921,.T.);
#1602=ORIENTED_EDGE('',*,*,#2907,.T.);
#1603=ORIENTED_EDGE('',*,*,#2892,.T.);
#1604=ORIENTED_EDGE('',*,*,#2895,.T.);
#1605=ORIENTED_EDGE('',*,*,#2922,.T.);
#1606=ORIENTED_EDGE('',*,*,#2923,.T.);
#1607=ORIENTED_EDGE('',*,*,#2924,.T.);
#1608=ORIENTED_EDGE('',*,*,#2925,.T.);
#1609=ORIENTED_EDGE('',*,*,#2894,.F.);
#1610=ORIENTED_EDGE('',*,*,#2926,.F.);
#1611=ORIENTED_EDGE('',*,*,#2927,.F.);
#1612=ORIENTED_EDGE('',*,*,#2927,.T.);
#1613=ORIENTED_EDGE('',*,*,#2928,.F.);
#1614=ORIENTED_EDGE('',*,*,#2929,.F.);
#1615=ORIENTED_EDGE('',*,*,#2922,.F.);
#1616=ORIENTED_EDGE('',*,*,#2929,.T.);
#1617=ORIENTED_EDGE('',*,*,#2930,.F.);
#1618=ORIENTED_EDGE('',*,*,#2931,.F.);
#1619=ORIENTED_EDGE('',*,*,#2923,.F.);
#1620=ORIENTED_EDGE('',*,*,#2931,.T.);
#1621=ORIENTED_EDGE('',*,*,#2932,.F.);
#1622=ORIENTED_EDGE('',*,*,#2933,.F.);
#1623=ORIENTED_EDGE('',*,*,#2924,.F.);
#1624=ORIENTED_EDGE('',*,*,#2933,.T.);
#1625=ORIENTED_EDGE('',*,*,#2934,.F.);
#1626=ORIENTED_EDGE('',*,*,#2935,.F.);
#1627=ORIENTED_EDGE('',*,*,#2925,.F.);
#1628=ORIENTED_EDGE('',*,*,#2936,.T.);
#1629=ORIENTED_EDGE('',*,*,#2893,.T.);
#1630=ORIENTED_EDGE('',*,*,#2937,.T.);
#1631=ORIENTED_EDGE('',*,*,#2882,.F.);
#1632=ORIENTED_EDGE('',*,*,#2888,.F.);
#1633=ORIENTED_EDGE('',*,*,#2937,.F.);
#1634=ORIENTED_EDGE('',*,*,#2890,.T.);
#1635=ORIENTED_EDGE('',*,*,#2910,.F.);
#1636=ORIENTED_EDGE('',*,*,#2938,.F.);
#1637=ORIENTED_EDGE('',*,*,#2915,.T.);
#1638=ORIENTED_EDGE('',*,*,#2939,.F.);
#1639=ORIENTED_EDGE('',*,*,#2940,.T.);
#1640=ORIENTED_EDGE('',*,*,#2941,.T.);
#1641=ORIENTED_EDGE('',*,*,#2899,.F.);
#1642=ORIENTED_EDGE('',*,*,#2941,.F.);
#1643=ORIENTED_EDGE('',*,*,#2942,.T.);
#1644=ORIENTED_EDGE('',*,*,#2943,.T.);
#1645=ORIENTED_EDGE('',*,*,#2902,.F.);
#1646=ORIENTED_EDGE('',*,*,#2944,.T.);
#1647=ORIENTED_EDGE('',*,*,#2945,.T.);
#1648=ORIENTED_EDGE('',*,*,#2491,.T.);
#1649=ORIENTED_EDGE('',*,*,#2946,.T.);
#1650=ORIENTED_EDGE('',*,*,#2947,.T.);
#1651=ORIENTED_EDGE('',*,*,#2948,.F.);
#1652=ORIENTED_EDGE('',*,*,#2935,.T.);
#1653=ORIENTED_EDGE('',*,*,#2949,.F.);
#1654=ORIENTED_EDGE('',*,*,#2950,.F.);
#1655=ORIENTED_EDGE('',*,*,#2921,.F.);
#1656=ORIENTED_EDGE('',*,*,#2908,.F.);
#1657=ORIENTED_EDGE('',*,*,#2950,.T.);
#1658=ORIENTED_EDGE('',*,*,#2951,.T.);
#1659=ORIENTED_EDGE('',*,*,#2952,.F.);
#1660=ORIENTED_EDGE('',*,*,#2911,.T.);
#1661=ORIENTED_EDGE('',*,*,#2952,.T.);
#1662=ORIENTED_EDGE('',*,*,#2953,.T.);
#1663=ORIENTED_EDGE('',*,*,#2954,.F.);
#1664=ORIENTED_EDGE('',*,*,#2914,.T.);
#1665=ORIENTED_EDGE('',*,*,#2954,.T.);
#1666=ORIENTED_EDGE('',*,*,#2955,.F.);
#1667=ORIENTED_EDGE('',*,*,#2956,.F.);
#1668=ORIENTED_EDGE('',*,*,#2918,.F.);
#1669=ORIENTED_EDGE('',*,*,#2916,.T.);
#1670=ORIENTED_EDGE('',*,*,#2956,.T.);
#1671=ORIENTED_EDGE('',*,*,#2957,.T.);
#1672=ORIENTED_EDGE('',*,*,#2958,.F.);
#1673=ORIENTED_EDGE('',*,*,#2959,.T.);
#1674=ORIENTED_EDGE('',*,*,#2939,.T.);
#1675=ORIENTED_EDGE('',*,*,#2919,.F.);
#1676=ORIENTED_EDGE('',*,*,#2960,.T.);
#1677=ORIENTED_EDGE('',*,*,#2920,.F.);
#1678=ORIENTED_EDGE('',*,*,#2479,.T.);
#1679=ORIENTED_EDGE('',*,*,#2961,.T.);
#1680=ORIENTED_EDGE('',*,*,#2948,.T.);
#1681=ORIENTED_EDGE('',*,*,#2962,.T.);
#1682=ORIENTED_EDGE('',*,*,#2963,.T.);
#1683=ORIENTED_EDGE('',*,*,#2964,.T.);
#1684=ORIENTED_EDGE('',*,*,#2928,.T.);
#1685=ORIENTED_EDGE('',*,*,#2926,.T.);
#1686=ORIENTED_EDGE('',*,*,#2936,.F.);
#1687=ORIENTED_EDGE('',*,*,#2906,.F.);
#1688=ORIENTED_EDGE('',*,*,#2905,.F.);
#1689=ORIENTED_EDGE('',*,*,#2943,.F.);
#1690=ORIENTED_EDGE('',*,*,#2965,.T.);
#1691=ORIENTED_EDGE('',*,*,#2966,.T.);
#1692=ORIENTED_EDGE('',*,*,#2964,.F.);
#1693=ORIENTED_EDGE('',*,*,#2967,.T.);
#1694=ORIENTED_EDGE('',*,*,#2968,.T.);
#1695=ORIENTED_EDGE('',*,*,#2930,.T.);
#1696=ORIENTED_EDGE('',*,*,#2968,.F.);
#1697=ORIENTED_EDGE('',*,*,#2969,.T.);
#1698=ORIENTED_EDGE('',*,*,#2970,.T.);
#1699=ORIENTED_EDGE('',*,*,#2932,.T.);
#1700=ORIENTED_EDGE('',*,*,#2970,.F.);
#1701=ORIENTED_EDGE('',*,*,#2971,.T.);
#1702=ORIENTED_EDGE('',*,*,#2972,.T.);
#1703=ORIENTED_EDGE('',*,*,#2934,.T.);
#1704=ORIENTED_EDGE('',*,*,#2973,.T.);
#1705=ORIENTED_EDGE('',*,*,#2974,.T.);
#1706=ORIENTED_EDGE('',*,*,#2958,.T.);
#1707=ORIENTED_EDGE('',*,*,#2957,.F.);
#1708=ORIENTED_EDGE('',*,*,#2955,.T.);
#1709=ORIENTED_EDGE('',*,*,#2953,.F.);
#1710=ORIENTED_EDGE('',*,*,#2951,.F.);
#1711=ORIENTED_EDGE('',*,*,#2949,.T.);
#1712=ORIENTED_EDGE('',*,*,#2972,.F.);
#1713=ORIENTED_EDGE('',*,*,#2975,.T.);
#1714=ORIENTED_EDGE('',*,*,#2976,.T.);
#1715=ORIENTED_EDGE('',*,*,#2977,.T.);
#1716=ORIENTED_EDGE('',*,*,#2978,.T.);
#1717=ORIENTED_EDGE('',*,*,#2979,.T.);
#1718=ORIENTED_EDGE('',*,*,#2980,.T.);
#1719=ORIENTED_EDGE('',*,*,#2981,.T.);
#1720=ORIENTED_EDGE('',*,*,#2982,.T.);
#1721=ORIENTED_EDGE('',*,*,#2938,.T.);
#1722=ORIENTED_EDGE('',*,*,#2983,.T.);
#1723=ORIENTED_EDGE('',*,*,#2984,.T.);
#1724=ORIENTED_EDGE('',*,*,#2985,.T.);
#1725=ORIENTED_EDGE('',*,*,#2986,.T.);
#1726=ORIENTED_EDGE('',*,*,#2987,.T.);
#1727=ORIENTED_EDGE('',*,*,#2988,.T.);
#1728=ORIENTED_EDGE('',*,*,#2989,.T.);
#1729=ORIENTED_EDGE('',*,*,#2960,.F.);
#1730=ORIENTED_EDGE('',*,*,#2990,.T.);
#1731=ORIENTED_EDGE('',*,*,#2991,.T.);
#1732=ORIENTED_EDGE('',*,*,#2992,.T.);
#1733=ORIENTED_EDGE('',*,*,#2993,.T.);
#1734=ORIENTED_EDGE('',*,*,#2973,.F.);
#1735=ORIENTED_EDGE('',*,*,#2994,.T.);
#1736=ORIENTED_EDGE('',*,*,#2995,.T.);
#1737=ORIENTED_EDGE('',*,*,#2996,.T.);
#1738=ORIENTED_EDGE('',*,*,#2997,.T.);
#1739=ORIENTED_EDGE('',*,*,#2998,.T.);
#1740=ORIENTED_EDGE('',*,*,#2461,.T.);
#1741=ORIENTED_EDGE('',*,*,#2999,.F.);
#1742=ORIENTED_EDGE('',*,*,#2582,.T.);
#1743=ORIENTED_EDGE('',*,*,#3000,.F.);
#1744=ORIENTED_EDGE('',*,*,#3001,.T.);
#1745=ORIENTED_EDGE('',*,*,#3002,.T.);
#1746=ORIENTED_EDGE('',*,*,#3003,.T.);
#1747=ORIENTED_EDGE('',*,*,#3004,.T.);
#1748=ORIENTED_EDGE('',*,*,#2585,.T.);
#1749=ORIENTED_EDGE('',*,*,#3005,.F.);
#1750=ORIENTED_EDGE('',*,*,#2586,.T.);
#1751=ORIENTED_EDGE('',*,*,#3006,.F.);
#1752=ORIENTED_EDGE('',*,*,#2587,.T.);
#1753=ORIENTED_EDGE('',*,*,#3007,.F.);
#1754=ORIENTED_EDGE('',*,*,#2588,.T.);
#1755=ORIENTED_EDGE('',*,*,#3008,.F.);
#1756=ORIENTED_EDGE('',*,*,#2589,.T.);
#1757=ORIENTED_EDGE('',*,*,#3009,.F.);
#1758=ORIENTED_EDGE('',*,*,#2590,.T.);
#1759=ORIENTED_EDGE('',*,*,#3010,.F.);
#1760=ORIENTED_EDGE('',*,*,#2591,.T.);
#1761=ORIENTED_EDGE('',*,*,#3011,.F.);
#1762=ORIENTED_EDGE('',*,*,#2592,.T.);
#1763=ORIENTED_EDGE('',*,*,#3012,.F.);
#1764=ORIENTED_EDGE('',*,*,#2593,.T.);
#1765=ORIENTED_EDGE('',*,*,#3013,.F.);
#1766=ORIENTED_EDGE('',*,*,#2594,.T.);
#1767=ORIENTED_EDGE('',*,*,#3014,.F.);
#1768=ORIENTED_EDGE('',*,*,#2595,.T.);
#1769=ORIENTED_EDGE('',*,*,#3015,.F.);
#1770=ORIENTED_EDGE('',*,*,#2596,.T.);
#1771=ORIENTED_EDGE('',*,*,#3016,.F.);
#1772=ORIENTED_EDGE('',*,*,#2597,.T.);
#1773=ORIENTED_EDGE('',*,*,#3017,.F.);
#1774=ORIENTED_EDGE('',*,*,#2598,.T.);
#1775=ORIENTED_EDGE('',*,*,#3018,.F.);
#1776=ORIENTED_EDGE('',*,*,#2599,.T.);
#1777=ORIENTED_EDGE('',*,*,#3019,.F.);
#1778=ORIENTED_EDGE('',*,*,#2600,.T.);
#1779=ORIENTED_EDGE('',*,*,#3020,.F.);
#1780=ORIENTED_EDGE('',*,*,#2601,.T.);
#1781=ORIENTED_EDGE('',*,*,#3021,.F.);
#1782=ORIENTED_EDGE('',*,*,#2602,.T.);
#1783=ORIENTED_EDGE('',*,*,#3022,.F.);
#1784=ORIENTED_EDGE('',*,*,#2603,.T.);
#1785=ORIENTED_EDGE('',*,*,#3023,.F.);
#1786=ORIENTED_EDGE('',*,*,#2604,.T.);
#1787=ORIENTED_EDGE('',*,*,#3024,.F.);
#1788=ORIENTED_EDGE('',*,*,#2605,.T.);
#1789=ORIENTED_EDGE('',*,*,#3025,.F.);
#1790=ORIENTED_EDGE('',*,*,#3026,.T.);
#1791=ORIENTED_EDGE('',*,*,#3025,.T.);
#1792=ORIENTED_EDGE('',*,*,#3024,.T.);
#1793=ORIENTED_EDGE('',*,*,#3020,.T.);
#1794=ORIENTED_EDGE('',*,*,#3019,.T.);
#1795=ORIENTED_EDGE('',*,*,#3016,.T.);
#1796=ORIENTED_EDGE('',*,*,#3013,.T.);
#1797=ORIENTED_EDGE('',*,*,#3006,.T.);
#1798=ORIENTED_EDGE('',*,*,#3008,.T.);
#1799=ORIENTED_EDGE('',*,*,#3018,.T.);
#1800=ORIENTED_EDGE('',*,*,#3017,.T.);
#1801=ORIENTED_EDGE('',*,*,#3015,.T.);
#1802=ORIENTED_EDGE('',*,*,#3012,.T.);
#1803=ORIENTED_EDGE('',*,*,#3011,.T.);
#1804=ORIENTED_EDGE('',*,*,#3010,.T.);
#1805=ORIENTED_EDGE('',*,*,#3005,.T.);
#1806=ORIENTED_EDGE('',*,*,#3007,.T.);
#1807=ORIENTED_EDGE('',*,*,#3014,.T.);
#1808=ORIENTED_EDGE('',*,*,#3023,.T.);
#1809=ORIENTED_EDGE('',*,*,#3009,.T.);
#1810=ORIENTED_EDGE('',*,*,#3021,.T.);
#1811=ORIENTED_EDGE('',*,*,#3022,.T.);
#1812=ORIENTED_EDGE('',*,*,#2978,.F.);
#1813=ORIENTED_EDGE('',*,*,#3027,.T.);
#1814=ORIENTED_EDGE('',*,*,#2537,.F.);
#1815=ORIENTED_EDGE('',*,*,#3028,.T.);
#1816=ORIENTED_EDGE('',*,*,#3029,.T.);
#1817=ORIENTED_EDGE('',*,*,#2531,.F.);
#1818=ORIENTED_EDGE('',*,*,#3030,.T.);
#1819=ORIENTED_EDGE('',*,*,#2874,.F.);
#1820=ORIENTED_EDGE('',*,*,#3031,.T.);
#1821=ORIENTED_EDGE('',*,*,#3032,.T.);
#1822=ORIENTED_EDGE('',*,*,#3033,.T.);
#1823=ORIENTED_EDGE('',*,*,#3034,.T.);
#1824=ORIENTED_EDGE('',*,*,#2875,.F.);
#1825=ORIENTED_EDGE('',*,*,#3035,.T.);
#1826=ORIENTED_EDGE('',*,*,#2527,.F.);
#1827=ORIENTED_EDGE('',*,*,#3036,.T.);
#1828=ORIENTED_EDGE('',*,*,#3037,.T.);
#1829=ORIENTED_EDGE('',*,*,#2521,.F.);
#1830=ORIENTED_EDGE('',*,*,#3038,.T.);
#1831=ORIENTED_EDGE('',*,*,#2989,.F.);
#1832=ORIENTED_EDGE('',*,*,#3038,.F.);
#1833=ORIENTED_EDGE('',*,*,#3039,.T.);
#1834=ORIENTED_EDGE('',*,*,#2990,.F.);
#1835=ORIENTED_EDGE('',*,*,#3040,.F.);
#1836=ORIENTED_EDGE('',*,*,#3040,.T.);
#1837=ORIENTED_EDGE('',*,*,#2994,.F.);
#1838=ORIENTED_EDGE('',*,*,#3041,.F.);
#1839=ORIENTED_EDGE('',*,*,#2983,.F.);
#1840=ORIENTED_EDGE('',*,*,#3041,.T.);
#1841=ORIENTED_EDGE('',*,*,#2975,.F.);
#1842=ORIENTED_EDGE('',*,*,#3042,.F.);
#1843=ORIENTED_EDGE('',*,*,#2984,.F.);
#1844=ORIENTED_EDGE('',*,*,#3042,.T.);
#1845=ORIENTED_EDGE('',*,*,#2971,.F.);
#1846=ORIENTED_EDGE('',*,*,#3043,.F.);
#1847=ORIENTED_EDGE('',*,*,#2985,.F.);
#1848=ORIENTED_EDGE('',*,*,#3043,.T.);
#1849=ORIENTED_EDGE('',*,*,#2969,.F.);
#1850=ORIENTED_EDGE('',*,*,#3044,.F.);
#1851=ORIENTED_EDGE('',*,*,#2986,.F.);
#1852=ORIENTED_EDGE('',*,*,#3044,.T.);
#1853=ORIENTED_EDGE('',*,*,#2967,.F.);
#1854=ORIENTED_EDGE('',*,*,#3045,.F.);
#1855=ORIENTED_EDGE('',*,*,#2987,.F.);
#1856=ORIENTED_EDGE('',*,*,#3045,.T.);
#1857=ORIENTED_EDGE('',*,*,#2963,.F.);
#1858=ORIENTED_EDGE('',*,*,#3046,.F.);
#1859=ORIENTED_EDGE('',*,*,#2988,.F.);
#1860=ORIENTED_EDGE('',*,*,#3046,.T.);
#1861=ORIENTED_EDGE('',*,*,#2962,.F.);
#1862=ORIENTED_EDGE('',*,*,#3047,.F.);
#1863=ORIENTED_EDGE('',*,*,#3036,.F.);
#1864=ORIENTED_EDGE('',*,*,#3047,.T.);
#1865=ORIENTED_EDGE('',*,*,#2947,.F.);
#1866=ORIENTED_EDGE('',*,*,#3048,.F.);
#1867=ORIENTED_EDGE('',*,*,#3037,.F.);
#1868=ORIENTED_EDGE('',*,*,#3048,.T.);
#1869=ORIENTED_EDGE('',*,*,#2946,.F.);
#1870=ORIENTED_EDGE('',*,*,#3049,.F.);
#1871=ORIENTED_EDGE('',*,*,#2522,.F.);
#1872=ORIENTED_EDGE('',*,*,#3049,.T.);
#1873=ORIENTED_EDGE('',*,*,#2493,.F.);
#1874=ORIENTED_EDGE('',*,*,#3050,.F.);
#1875=ORIENTED_EDGE('',*,*,#2523,.F.);
#1876=ORIENTED_EDGE('',*,*,#3050,.T.);
#1877=ORIENTED_EDGE('',*,*,#2453,.F.);
#1878=ORIENTED_EDGE('',*,*,#3051,.F.);
#1879=ORIENTED_EDGE('',*,*,#2524,.F.);
#1880=ORIENTED_EDGE('',*,*,#3051,.T.);
#1881=ORIENTED_EDGE('',*,*,#2497,.F.);
#1882=ORIENTED_EDGE('',*,*,#3052,.F.);
#1883=ORIENTED_EDGE('',*,*,#2525,.F.);
#1884=ORIENTED_EDGE('',*,*,#3052,.T.);
#1885=ORIENTED_EDGE('',*,*,#2487,.F.);
#1886=ORIENTED_EDGE('',*,*,#3053,.F.);
#1887=ORIENTED_EDGE('',*,*,#2526,.F.);
#1888=ORIENTED_EDGE('',*,*,#3053,.T.);
#1889=ORIENTED_EDGE('',*,*,#2486,.F.);
#1890=ORIENTED_EDGE('',*,*,#3054,.F.);
#1891=ORIENTED_EDGE('',*,*,#3033,.F.);
#1892=ORIENTED_EDGE('',*,*,#3054,.T.);
#1893=ORIENTED_EDGE('',*,*,#2842,.F.);
#1894=ORIENTED_EDGE('',*,*,#3055,.F.);
#1895=ORIENTED_EDGE('',*,*,#3034,.F.);
#1896=ORIENTED_EDGE('',*,*,#3055,.T.);
#1897=ORIENTED_EDGE('',*,*,#2841,.F.);
#1898=ORIENTED_EDGE('',*,*,#3056,.F.);
#1899=ORIENTED_EDGE('',*,*,#2876,.F.);
#1900=ORIENTED_EDGE('',*,*,#3056,.T.);
#1901=ORIENTED_EDGE('',*,*,#2856,.F.);
#1902=ORIENTED_EDGE('',*,*,#3057,.F.);
#1903=ORIENTED_EDGE('',*,*,#2877,.F.);
#1904=ORIENTED_EDGE('',*,*,#3057,.T.);
#1905=ORIENTED_EDGE('',*,*,#2858,.F.);
#1906=ORIENTED_EDGE('',*,*,#3058,.F.);
#1907=ORIENTED_EDGE('',*,*,#2878,.F.);
#1908=ORIENTED_EDGE('',*,*,#2770,.F.);
#1909=ORIENTED_EDGE('',*,*,#3059,.T.);
#1910=ORIENTED_EDGE('',*,*,#3035,.F.);
#1911=ORIENTED_EDGE('',*,*,#3060,.F.);
#1912=ORIENTED_EDGE('',*,*,#3058,.T.);
#1913=ORIENTED_EDGE('',*,*,#2860,.F.);
#1914=ORIENTED_EDGE('',*,*,#3061,.F.);
#1915=ORIENTED_EDGE('',*,*,#2879,.F.);
#1916=ORIENTED_EDGE('',*,*,#3060,.T.);
#1917=ORIENTED_EDGE('',*,*,#2881,.F.);
#1918=ORIENTED_EDGE('',*,*,#3062,.F.);
#1919=ORIENTED_EDGE('',*,*,#2861,.F.);
#1920=ORIENTED_EDGE('',*,*,#2771,.F.);
#1921=ORIENTED_EDGE('',*,*,#3061,.T.);
#1922=ORIENTED_EDGE('',*,*,#2862,.F.);
#1923=ORIENTED_EDGE('',*,*,#3062,.T.);
#1924=ORIENTED_EDGE('',*,*,#2880,.F.);
#1925=ORIENTED_EDGE('',*,*,#2992,.F.);
#1926=ORIENTED_EDGE('',*,*,#3063,.T.);
#1927=ORIENTED_EDGE('',*,*,#3027,.F.);
#1928=ORIENTED_EDGE('',*,*,#3064,.F.);
#1929=ORIENTED_EDGE('',*,*,#3064,.T.);
#1930=ORIENTED_EDGE('',*,*,#2977,.F.);
#1931=ORIENTED_EDGE('',*,*,#3065,.F.);
#1932=ORIENTED_EDGE('',*,*,#2993,.F.);
#1933=ORIENTED_EDGE('',*,*,#3065,.T.);
#1934=ORIENTED_EDGE('',*,*,#2976,.F.);
#1935=ORIENTED_EDGE('',*,*,#3066,.F.);
#1936=ORIENTED_EDGE('',*,*,#2974,.F.);
#1937=ORIENTED_EDGE('',*,*,#3066,.T.);
#1938=ORIENTED_EDGE('',*,*,#2982,.F.);
#1939=ORIENTED_EDGE('',*,*,#3067,.F.);
#1940=ORIENTED_EDGE('',*,*,#2959,.F.);
#1941=ORIENTED_EDGE('',*,*,#3067,.T.);
#1942=ORIENTED_EDGE('',*,*,#2981,.F.);
#1943=ORIENTED_EDGE('',*,*,#3068,.F.);
#1944=ORIENTED_EDGE('',*,*,#2940,.F.);
#1945=ORIENTED_EDGE('',*,*,#3068,.T.);
#1946=ORIENTED_EDGE('',*,*,#2980,.F.);
#1947=ORIENTED_EDGE('',*,*,#3069,.F.);
#1948=ORIENTED_EDGE('',*,*,#2942,.F.);
#1949=ORIENTED_EDGE('',*,*,#3069,.T.);
#1950=ORIENTED_EDGE('',*,*,#2979,.F.);
#1951=ORIENTED_EDGE('',*,*,#3070,.F.);
#1952=ORIENTED_EDGE('',*,*,#2965,.F.);
#1953=ORIENTED_EDGE('',*,*,#3070,.T.);
#1954=ORIENTED_EDGE('',*,*,#3029,.F.);
#1955=ORIENTED_EDGE('',*,*,#3071,.F.);
#1956=ORIENTED_EDGE('',*,*,#2966,.F.);
#1957=ORIENTED_EDGE('',*,*,#3071,.T.);
#1958=ORIENTED_EDGE('',*,*,#3028,.F.);
#1959=ORIENTED_EDGE('',*,*,#3072,.F.);
#1960=ORIENTED_EDGE('',*,*,#2480,.F.);
#1961=ORIENTED_EDGE('',*,*,#3072,.T.);
#1962=ORIENTED_EDGE('',*,*,#2536,.F.);
#1963=ORIENTED_EDGE('',*,*,#3073,.F.);
#1964=ORIENTED_EDGE('',*,*,#2481,.F.);
#1965=ORIENTED_EDGE('',*,*,#3073,.T.);
#1966=ORIENTED_EDGE('',*,*,#2535,.F.);
#1967=ORIENTED_EDGE('',*,*,#3074,.F.);
#1968=ORIENTED_EDGE('',*,*,#2495,.F.);
#1969=ORIENTED_EDGE('',*,*,#3074,.T.);
#1970=ORIENTED_EDGE('',*,*,#2534,.F.);
#1971=ORIENTED_EDGE('',*,*,#3075,.F.);
#1972=ORIENTED_EDGE('',*,*,#2447,.F.);
#1973=ORIENTED_EDGE('',*,*,#3075,.T.);
#1974=ORIENTED_EDGE('',*,*,#2533,.F.);
#1975=ORIENTED_EDGE('',*,*,#3076,.F.);
#1976=ORIENTED_EDGE('',*,*,#2500,.F.);
#1977=ORIENTED_EDGE('',*,*,#3076,.T.);
#1978=ORIENTED_EDGE('',*,*,#2532,.F.);
#1979=ORIENTED_EDGE('',*,*,#3077,.F.);
#1980=ORIENTED_EDGE('',*,*,#2866,.F.);
#1981=ORIENTED_EDGE('',*,*,#3077,.T.);
#1982=ORIENTED_EDGE('',*,*,#3032,.F.);
#1983=ORIENTED_EDGE('',*,*,#3078,.F.);
#1984=ORIENTED_EDGE('',*,*,#2867,.F.);
#1985=ORIENTED_EDGE('',*,*,#3078,.T.);
#1986=ORIENTED_EDGE('',*,*,#3031,.F.);
#1987=ORIENTED_EDGE('',*,*,#3079,.F.);
#1988=ORIENTED_EDGE('',*,*,#2838,.F.);
#1989=ORIENTED_EDGE('',*,*,#3079,.T.);
#1990=ORIENTED_EDGE('',*,*,#2873,.F.);
#1991=ORIENTED_EDGE('',*,*,#3080,.F.);
#1992=ORIENTED_EDGE('',*,*,#2839,.F.);
#1993=ORIENTED_EDGE('',*,*,#3080,.T.);
#1994=ORIENTED_EDGE('',*,*,#2872,.F.);
#1995=ORIENTED_EDGE('',*,*,#3081,.F.);
#1996=ORIENTED_EDGE('',*,*,#2835,.F.);
#1997=ORIENTED_EDGE('',*,*,#3081,.T.);
#1998=ORIENTED_EDGE('',*,*,#2871,.F.);
#1999=ORIENTED_EDGE('',*,*,#3082,.F.);
#2000=ORIENTED_EDGE('',*,*,#2832,.F.);
#2001=ORIENTED_EDGE('',*,*,#3030,.F.);
#2002=ORIENTED_EDGE('',*,*,#3083,.T.);
#2003=ORIENTED_EDGE('',*,*,#2768,.F.);
#2004=ORIENTED_EDGE('',*,*,#3084,.F.);
#2005=ORIENTED_EDGE('',*,*,#3082,.T.);
#2006=ORIENTED_EDGE('',*,*,#2870,.F.);
#2007=ORIENTED_EDGE('',*,*,#3085,.F.);
#2008=ORIENTED_EDGE('',*,*,#2852,.F.);
#2009=ORIENTED_EDGE('',*,*,#3084,.T.);
#2010=ORIENTED_EDGE('',*,*,#2773,.F.);
#2011=ORIENTED_EDGE('',*,*,#3086,.F.);
#2012=ORIENTED_EDGE('',*,*,#2868,.F.);
#2013=ORIENTED_EDGE('',*,*,#3085,.T.);
#2014=ORIENTED_EDGE('',*,*,#2869,.F.);
#2015=ORIENTED_EDGE('',*,*,#3086,.T.);
#2016=ORIENTED_EDGE('',*,*,#2863,.F.);
#2017=ORIENTED_EDGE('',*,*,#3087,.T.);
#2018=ORIENTED_EDGE('',*,*,#3088,.T.);
#2019=ORIENTED_EDGE('',*,*,#2455,.F.);
#2020=ORIENTED_EDGE('',*,*,#3089,.T.);
#2021=ORIENTED_EDGE('',*,*,#3090,.T.);
#2022=ORIENTED_EDGE('',*,*,#3001,.F.);
#2023=ORIENTED_EDGE('',*,*,#3091,.T.);
#2024=ORIENTED_EDGE('',*,*,#2451,.F.);
#2025=ORIENTED_EDGE('',*,*,#3092,.T.);
#2026=ORIENTED_EDGE('',*,*,#2449,.F.);
#2027=ORIENTED_EDGE('',*,*,#3093,.T.);
#2028=ORIENTED_EDGE('',*,*,#3094,.T.);
#2029=ORIENTED_EDGE('',*,*,#2995,.F.);
#2030=ORIENTED_EDGE('',*,*,#3095,.T.);
#2031=ORIENTED_EDGE('',*,*,#3096,.T.);
#2032=ORIENTED_EDGE('',*,*,#2496,.F.);
#2033=ORIENTED_EDGE('',*,*,#3096,.F.);
#2034=ORIENTED_EDGE('',*,*,#3097,.F.);
#2035=ORIENTED_EDGE('',*,*,#3097,.T.);
#2036=ORIENTED_EDGE('',*,*,#3095,.F.);
#2037=ORIENTED_EDGE('',*,*,#3098,.F.);
#2038=ORIENTED_EDGE('',*,*,#2483,.F.);
#2039=ORIENTED_EDGE('',*,*,#3098,.T.);
#2040=ORIENTED_EDGE('',*,*,#2998,.F.);
#2041=ORIENTED_EDGE('',*,*,#3099,.F.);
#2042=ORIENTED_EDGE('',*,*,#2484,.F.);
#2043=ORIENTED_EDGE('',*,*,#3099,.T.);
#2044=ORIENTED_EDGE('',*,*,#2997,.F.);
#2045=ORIENTED_EDGE('',*,*,#3100,.F.);
#2046=ORIENTED_EDGE('',*,*,#2836,.F.);
#2047=ORIENTED_EDGE('',*,*,#3100,.T.);
#2048=ORIENTED_EDGE('',*,*,#2996,.F.);
#2049=ORIENTED_EDGE('',*,*,#3101,.F.);
#2050=ORIENTED_EDGE('',*,*,#2864,.F.);
#2051=ORIENTED_EDGE('',*,*,#3101,.T.);
#2052=ORIENTED_EDGE('',*,*,#3094,.F.);
#2053=ORIENTED_EDGE('',*,*,#3102,.F.);
#2054=ORIENTED_EDGE('',*,*,#2865,.F.);
#2055=ORIENTED_EDGE('',*,*,#3102,.T.);
#2056=ORIENTED_EDGE('',*,*,#3093,.F.);
#2057=ORIENTED_EDGE('',*,*,#2499,.F.);
#2058=ORIENTED_EDGE('',*,*,#2494,.F.);
#2059=ORIENTED_EDGE('',*,*,#2463,.F.);
#2060=ORIENTED_EDGE('',*,*,#3103,.F.);
#2061=ORIENTED_EDGE('',*,*,#3103,.T.);
#2062=ORIENTED_EDGE('',*,*,#2462,.F.);
#2063=ORIENTED_EDGE('',*,*,#3104,.F.);
#2064=ORIENTED_EDGE('',*,*,#2477,.F.);
#2065=ORIENTED_EDGE('',*,*,#3104,.T.);
#2066=ORIENTED_EDGE('',*,*,#3004,.F.);
#2067=ORIENTED_EDGE('',*,*,#3105,.F.);
#2068=ORIENTED_EDGE('',*,*,#2478,.F.);
#2069=ORIENTED_EDGE('',*,*,#3105,.T.);
#2070=ORIENTED_EDGE('',*,*,#3003,.F.);
#2071=ORIENTED_EDGE('',*,*,#3106,.F.);
#2072=ORIENTED_EDGE('',*,*,#2961,.F.);
#2073=ORIENTED_EDGE('',*,*,#3106,.T.);
#2074=ORIENTED_EDGE('',*,*,#3002,.F.);
#2075=ORIENTED_EDGE('',*,*,#3107,.F.);
#2076=ORIENTED_EDGE('',*,*,#2944,.F.);
#2077=ORIENTED_EDGE('',*,*,#3107,.T.);
#2078=ORIENTED_EDGE('',*,*,#3090,.F.);
#2079=ORIENTED_EDGE('',*,*,#3108,.F.);
#2080=ORIENTED_EDGE('',*,*,#2945,.F.);
#2081=ORIENTED_EDGE('',*,*,#3108,.T.);
#2082=ORIENTED_EDGE('',*,*,#3089,.F.);
#2083=ORIENTED_EDGE('',*,*,#2492,.F.);
#2084=ORIENTED_EDGE('',*,*,#3026,.F.);
#2085=ORIENTED_EDGE('',*,*,#2488,.F.);
#2086=ORIENTED_EDGE('',*,*,#3109,.F.);
#2087=ORIENTED_EDGE('',*,*,#2490,.F.);
#2088=ORIENTED_EDGE('',*,*,#3110,.F.);
#2089=ORIENTED_EDGE('',*,*,#2450,.F.);
#2090=ORIENTED_EDGE('',*,*,#3110,.T.);
#2091=ORIENTED_EDGE('',*,*,#2489,.F.);
#2092=ORIENTED_EDGE('',*,*,#3109,.T.);
#2093=ORIENTED_EDGE('',*,*,#3092,.F.);
#2094=ORIENTED_EDGE('',*,*,#3111,.T.);
#2095=ORIENTED_EDGE('',*,*,#3112,.T.);
#2096=ORIENTED_EDGE('',*,*,#2543,.F.);
#2097=ORIENTED_EDGE('',*,*,#3113,.T.);
#2098=ORIENTED_EDGE('',*,*,#3114,.T.);
#2099=ORIENTED_EDGE('',*,*,#3115,.T.);
#2100=ORIENTED_EDGE('',*,*,#3116,.T.);
#2101=ORIENTED_EDGE('',*,*,#2541,.F.);
#2102=ORIENTED_EDGE('',*,*,#3117,.T.);
#2103=ORIENTED_EDGE('',*,*,#3118,.T.);
#2104=ORIENTED_EDGE('',*,*,#2538,.F.);
#2105=ORIENTED_EDGE('',*,*,#3063,.F.);
#2106=ORIENTED_EDGE('',*,*,#3119,.F.);
#2107=ORIENTED_EDGE('',*,*,#3119,.T.);
#2108=ORIENTED_EDGE('',*,*,#2991,.F.);
#2109=ORIENTED_EDGE('',*,*,#3120,.F.);
#2110=ORIENTED_EDGE('',*,*,#2519,.F.);
#2111=ORIENTED_EDGE('',*,*,#3120,.T.);
#2112=ORIENTED_EDGE('',*,*,#3039,.F.);
#2113=ORIENTED_EDGE('',*,*,#2520,.F.);
#2114=ORIENTED_EDGE('',*,*,#3083,.F.);
#2115=ORIENTED_EDGE('',*,*,#2530,.F.);
#2116=ORIENTED_EDGE('',*,*,#3121,.F.);
#2117=ORIENTED_EDGE('',*,*,#3121,.T.);
#2118=ORIENTED_EDGE('',*,*,#2529,.F.);
#2119=ORIENTED_EDGE('',*,*,#3122,.F.);
#2120=ORIENTED_EDGE('',*,*,#2769,.F.);
#2121=ORIENTED_EDGE('',*,*,#2528,.F.);
#2122=ORIENTED_EDGE('',*,*,#3059,.F.);
#2123=ORIENTED_EDGE('',*,*,#3122,.T.);
#2124=ORIENTED_EDGE('',*,*,#3123,.T.);
#2125=ORIENTED_EDGE('',*,*,#3124,.T.);
#2126=ORIENTED_EDGE('',*,*,#3125,.T.);
#2127=ORIENTED_EDGE('',*,*,#3126,.T.);
#2128=ORIENTED_EDGE('',*,*,#3127,.T.);
#2129=ORIENTED_EDGE('',*,*,#3128,.T.);
#2130=ORIENTED_EDGE('',*,*,#3129,.T.);
#2131=ORIENTED_EDGE('',*,*,#3130,.T.);
#2132=ORIENTED_EDGE('',*,*,#3131,.F.);
#2133=ORIENTED_EDGE('',*,*,#3132,.T.);
#2134=ORIENTED_EDGE('',*,*,#3133,.F.);
#2135=ORIENTED_EDGE('',*,*,#3134,.T.);
#2136=ORIENTED_EDGE('',*,*,#3135,.T.);
#2137=ORIENTED_EDGE('',*,*,#3136,.T.);
#2138=ORIENTED_EDGE('',*,*,#3137,.T.);
#2139=ORIENTED_EDGE('',*,*,#3138,.T.);
#2140=ORIENTED_EDGE('',*,*,#3139,.T.);
#2141=ORIENTED_EDGE('',*,*,#3140,.T.);
#2142=ORIENTED_EDGE('',*,*,#3141,.T.);
#2143=ORIENTED_EDGE('',*,*,#3142,.T.);
#2144=ORIENTED_EDGE('',*,*,#3143,.T.);
#2145=ORIENTED_EDGE('',*,*,#3144,.T.);
#2146=ORIENTED_EDGE('',*,*,#3145,.T.);
#2147=ORIENTED_EDGE('',*,*,#3146,.T.);
#2148=ORIENTED_EDGE('',*,*,#3147,.F.);
#2149=ORIENTED_EDGE('',*,*,#3148,.T.);
#2150=ORIENTED_EDGE('',*,*,#3149,.F.);
#2151=ORIENTED_EDGE('',*,*,#3150,.T.);
#2152=ORIENTED_EDGE('',*,*,#3151,.T.);
#2153=ORIENTED_EDGE('',*,*,#3152,.T.);
#2154=ORIENTED_EDGE('',*,*,#3153,.T.);
#2155=ORIENTED_EDGE('',*,*,#3154,.T.);
#2156=ORIENTED_EDGE('',*,*,#3150,.F.);
#2157=ORIENTED_EDGE('',*,*,#3155,.T.);
#2158=ORIENTED_EDGE('',*,*,#3156,.F.);
#2159=ORIENTED_EDGE('',*,*,#3133,.T.);
#2160=ORIENTED_EDGE('',*,*,#3157,.T.);
#2161=ORIENTED_EDGE('',*,*,#3147,.T.);
#2162=ORIENTED_EDGE('',*,*,#3158,.T.);
#2163=ORIENTED_EDGE('',*,*,#3134,.F.);
#2164=ORIENTED_EDGE('',*,*,#3159,.T.);
#2165=ORIENTED_EDGE('',*,*,#3160,.F.);
#2166=ORIENTED_EDGE('',*,*,#3161,.T.);
#2167=ORIENTED_EDGE('',*,*,#3162,.T.);
#2168=ORIENTED_EDGE('',*,*,#3131,.T.);
#2169=ORIENTED_EDGE('',*,*,#3163,.T.);
#2170=ORIENTED_EDGE('',*,*,#3145,.F.);
#2171=ORIENTED_EDGE('',*,*,#3164,.T.);
#2172=ORIENTED_EDGE('',*,*,#2501,.F.);
#2173=ORIENTED_EDGE('',*,*,#3165,.T.);
#2174=ORIENTED_EDGE('',*,*,#2511,.F.);
#2175=ORIENTED_EDGE('',*,*,#3166,.T.);
#2176=ORIENTED_EDGE('',*,*,#3139,.F.);
#2177=ORIENTED_EDGE('',*,*,#3167,.T.);
#2178=ORIENTED_EDGE('',*,*,#3168,.T.);
#2179=ORIENTED_EDGE('',*,*,#3169,.T.);
#2180=ORIENTED_EDGE('',*,*,#3170,.T.);
#2181=ORIENTED_EDGE('',*,*,#3137,.F.);
#2182=ORIENTED_EDGE('',*,*,#3138,.F.);
#2183=ORIENTED_EDGE('',*,*,#3171,.T.);
#2184=ORIENTED_EDGE('',*,*,#3172,.F.);
#2185=ORIENTED_EDGE('',*,*,#3153,.F.);
#2186=ORIENTED_EDGE('',*,*,#3173,.T.);
#2187=ORIENTED_EDGE('',*,*,#3135,.F.);
#2188=ORIENTED_EDGE('',*,*,#3174,.T.);
#2189=ORIENTED_EDGE('',*,*,#3149,.T.);
#2190=ORIENTED_EDGE('',*,*,#3175,.T.);
#2191=ORIENTED_EDGE('',*,*,#3176,.T.);
#2192=ORIENTED_EDGE('',*,*,#3177,.T.);
#2193=ORIENTED_EDGE('',*,*,#3178,.T.);
#2194=ORIENTED_EDGE('',*,*,#3179,.T.);
#2195=ORIENTED_EDGE('',*,*,#3151,.F.);
#2196=ORIENTED_EDGE('',*,*,#3180,.T.);
#2197=ORIENTED_EDGE('',*,*,#3181,.T.);
#2198=ORIENTED_EDGE('',*,*,#3182,.T.);
#2199=ORIENTED_EDGE('',*,*,#3154,.F.);
#2200=ORIENTED_EDGE('',*,*,#3183,.T.);
#2201=ORIENTED_EDGE('',*,*,#3184,.F.);
#2202=ORIENTED_EDGE('',*,*,#3185,.T.);
#2203=ORIENTED_EDGE('',*,*,#3186,.F.);
#2204=ORIENTED_EDGE('',*,*,#3187,.F.);
#2205=ORIENTED_EDGE('',*,*,#3181,.F.);
#2206=ORIENTED_EDGE('',*,*,#3155,.F.);
#2207=ORIENTED_EDGE('',*,*,#3182,.F.);
#2208=ORIENTED_EDGE('',*,*,#3188,.T.);
#2209=ORIENTED_EDGE('',*,*,#3127,.F.);
#2210=ORIENTED_EDGE('',*,*,#3126,.F.);
#2211=ORIENTED_EDGE('',*,*,#3159,.F.);
#2212=ORIENTED_EDGE('',*,*,#3158,.F.);
#2213=ORIENTED_EDGE('',*,*,#3156,.T.);
#2214=ORIENTED_EDGE('',*,*,#3125,.F.);
#2215=ORIENTED_EDGE('',*,*,#3189,.T.);
#2216=ORIENTED_EDGE('',*,*,#3163,.F.);
#2217=ORIENTED_EDGE('',*,*,#3160,.T.);
#2218=ORIENTED_EDGE('',*,*,#3170,.F.);
#2219=ORIENTED_EDGE('',*,*,#3190,.T.);
#2220=ORIENTED_EDGE('',*,*,#2468,.F.);
#2221=ORIENTED_EDGE('',*,*,#3171,.F.);
#2222=ORIENTED_EDGE('',*,*,#3174,.F.);
#2223=ORIENTED_EDGE('',*,*,#3172,.T.);
#2224=ORIENTED_EDGE('',*,*,#2475,.F.);
#2225=ORIENTED_EDGE('',*,*,#3183,.F.);
#2226=ORIENTED_EDGE('',*,*,#3184,.T.);
#2227=ORIENTED_EDGE('',*,*,#2474,.F.);
#2228=ORIENTED_EDGE('',*,*,#3191,.F.);
#2229=ORIENTED_EDGE('',*,*,#3180,.F.);
#2230=ORIENTED_EDGE('',*,*,#3187,.T.);
#2231=ORIENTED_EDGE('',*,*,#3192,.T.);
#2232=ORIENTED_EDGE('',*,*,#3188,.F.);
#2233=ORIENTED_EDGE('',*,*,#3191,.T.);
#2234=ORIENTED_EDGE('',*,*,#3193,.T.);
#2235=ORIENTED_EDGE('',*,*,#3185,.F.);
#2236=ORIENTED_EDGE('',*,*,#3194,.T.);
#2237=ORIENTED_EDGE('',*,*,#3195,.T.);
#2238=ORIENTED_EDGE('',*,*,#3196,.T.);
#2239=ORIENTED_EDGE('',*,*,#3186,.T.);
#2240=ORIENTED_EDGE('',*,*,#2473,.F.);
#2241=ORIENTED_EDGE('',*,*,#3197,.T.);
#2242=ORIENTED_EDGE('',*,*,#3198,.T.);
#2243=ORIENTED_EDGE('',*,*,#3194,.F.);
#2244=ORIENTED_EDGE('',*,*,#3193,.F.);
#2245=ORIENTED_EDGE('',*,*,#3199,.T.);
#2246=ORIENTED_EDGE('',*,*,#3200,.T.);
#2247=ORIENTED_EDGE('',*,*,#3128,.F.);
#2248=ORIENTED_EDGE('',*,*,#3192,.F.);
#2249=ORIENTED_EDGE('',*,*,#3196,.F.);
#2250=ORIENTED_EDGE('',*,*,#2545,.F.);
#2251=ORIENTED_EDGE('',*,*,#3201,.T.);
#2252=ORIENTED_EDGE('',*,*,#2506,.F.);
#2253=ORIENTED_EDGE('',*,*,#3202,.T.);
#2254=ORIENTED_EDGE('',*,*,#3140,.F.);
#2255=ORIENTED_EDGE('',*,*,#3203,.F.);
#2256=ORIENTED_EDGE('',*,*,#3168,.F.);
#2257=ORIENTED_EDGE('',*,*,#3204,.F.);
#2258=ORIENTED_EDGE('',*,*,#3204,.T.);
#2259=ORIENTED_EDGE('',*,*,#3136,.F.);
#2260=ORIENTED_EDGE('',*,*,#3205,.F.);
#2261=ORIENTED_EDGE('',*,*,#3205,.T.);
#2262=ORIENTED_EDGE('',*,*,#3173,.F.);
#2263=ORIENTED_EDGE('',*,*,#3206,.F.);
#2264=ORIENTED_EDGE('',*,*,#3141,.F.);
#2265=ORIENTED_EDGE('',*,*,#3206,.T.);
#2266=ORIENTED_EDGE('',*,*,#3152,.F.);
#2267=ORIENTED_EDGE('',*,*,#3207,.F.);
#2268=ORIENTED_EDGE('',*,*,#3207,.T.);
#2269=ORIENTED_EDGE('',*,*,#3179,.F.);
#2270=ORIENTED_EDGE('',*,*,#3208,.F.);
#2271=ORIENTED_EDGE('',*,*,#3142,.F.);
#2272=ORIENTED_EDGE('',*,*,#3208,.T.);
#2273=ORIENTED_EDGE('',*,*,#3178,.F.);
#2274=ORIENTED_EDGE('',*,*,#3209,.F.);
#2275=ORIENTED_EDGE('',*,*,#3167,.F.);
#2276=ORIENTED_EDGE('',*,*,#3209,.T.);
#2277=ORIENTED_EDGE('',*,*,#3177,.F.);
#2278=ORIENTED_EDGE('',*,*,#3210,.F.);
#2279=ORIENTED_EDGE('',*,*,#2512,.F.);
#2280=ORIENTED_EDGE('',*,*,#3210,.T.);
#2281=ORIENTED_EDGE('',*,*,#3176,.F.);
#2282=ORIENTED_EDGE('',*,*,#3211,.F.);
#2283=ORIENTED_EDGE('',*,*,#3165,.F.);
#2284=ORIENTED_EDGE('',*,*,#3211,.T.);
#2285=ORIENTED_EDGE('',*,*,#3175,.F.);
#2286=ORIENTED_EDGE('',*,*,#3212,.F.);
#2287=ORIENTED_EDGE('',*,*,#3146,.F.);
#2288=ORIENTED_EDGE('',*,*,#3212,.T.);
#2289=ORIENTED_EDGE('',*,*,#3148,.F.);
#2290=ORIENTED_EDGE('',*,*,#3213,.F.);
#2291=ORIENTED_EDGE('',*,*,#3213,.T.);
#2292=ORIENTED_EDGE('',*,*,#3157,.F.);
#2293=ORIENTED_EDGE('',*,*,#3214,.F.);
#2294=ORIENTED_EDGE('',*,*,#3143,.F.);
#2295=ORIENTED_EDGE('',*,*,#3214,.T.);
#2296=ORIENTED_EDGE('',*,*,#3132,.F.);
#2297=ORIENTED_EDGE('',*,*,#3215,.F.);
#2298=ORIENTED_EDGE('',*,*,#3215,.T.);
#2299=ORIENTED_EDGE('',*,*,#3162,.F.);
#2300=ORIENTED_EDGE('',*,*,#3216,.T.);
#2301=ORIENTED_EDGE('',*,*,#3144,.F.);
#2302=ORIENTED_EDGE('',*,*,#2466,.F.);
#2303=ORIENTED_EDGE('',*,*,#3217,.T.);
#2304=ORIENTED_EDGE('',*,*,#3218,.T.);
#2305=ORIENTED_EDGE('',*,*,#3219,.F.);
#2306=ORIENTED_EDGE('',*,*,#3219,.T.);
#2307=ORIENTED_EDGE('',*,*,#3220,.T.);
#2308=ORIENTED_EDGE('',*,*,#3199,.F.);
#2309=ORIENTED_EDGE('',*,*,#3221,.F.);
#2310=ORIENTED_EDGE('',*,*,#3221,.T.);
#2311=ORIENTED_EDGE('',*,*,#3195,.F.);
#2312=ORIENTED_EDGE('',*,*,#3222,.F.);
#2313=ORIENTED_EDGE('',*,*,#2467,.F.);
#2314=ORIENTED_EDGE('',*,*,#3198,.F.);
#2315=ORIENTED_EDGE('',*,*,#3223,.T.);
#2316=ORIENTED_EDGE('',*,*,#3224,.F.);
#2317=ORIENTED_EDGE('',*,*,#3222,.T.);
#2318=ORIENTED_EDGE('',*,*,#3224,.T.);
#2319=ORIENTED_EDGE('',*,*,#3225,.T.);
#2320=ORIENTED_EDGE('',*,*,#3226,.T.);
#2321=ORIENTED_EDGE('',*,*,#2464,.F.);
#2322=ORIENTED_EDGE('',*,*,#3166,.F.);
#2323=ORIENTED_EDGE('',*,*,#2510,.F.);
#2324=ORIENTED_EDGE('',*,*,#3227,.F.);
#2325=ORIENTED_EDGE('',*,*,#3203,.T.);
#2326=ORIENTED_EDGE('',*,*,#3227,.T.);
#2327=ORIENTED_EDGE('',*,*,#2509,.F.);
#2328=ORIENTED_EDGE('',*,*,#3228,.F.);
#2329=ORIENTED_EDGE('',*,*,#3169,.F.);
#2330=ORIENTED_EDGE('',*,*,#3228,.T.);
#2331=ORIENTED_EDGE('',*,*,#2508,.F.);
#2332=ORIENTED_EDGE('',*,*,#3229,.F.);
#2333=ORIENTED_EDGE('',*,*,#3190,.F.);
#2334=ORIENTED_EDGE('',*,*,#3229,.T.);
#2335=ORIENTED_EDGE('',*,*,#2507,.F.);
#2336=ORIENTED_EDGE('',*,*,#3230,.F.);
#2337=ORIENTED_EDGE('',*,*,#2469,.F.);
#2338=ORIENTED_EDGE('',*,*,#3230,.T.);
#2339=ORIENTED_EDGE('',*,*,#3201,.F.);
#2340=ORIENTED_EDGE('',*,*,#3231,.F.);
#2341=ORIENTED_EDGE('',*,*,#2470,.F.);
#2342=ORIENTED_EDGE('',*,*,#3231,.T.);
#2343=ORIENTED_EDGE('',*,*,#2544,.F.);
#2344=ORIENTED_EDGE('',*,*,#3232,.F.);
#2345=ORIENTED_EDGE('',*,*,#2471,.F.);
#2346=ORIENTED_EDGE('',*,*,#3232,.T.);
#2347=ORIENTED_EDGE('',*,*,#3112,.F.);
#2348=ORIENTED_EDGE('',*,*,#3233,.F.);
#2349=ORIENTED_EDGE('',*,*,#2472,.F.);
#2350=ORIENTED_EDGE('',*,*,#3233,.T.);
#2351=ORIENTED_EDGE('',*,*,#3111,.F.);
#2352=ORIENTED_EDGE('',*,*,#3234,.F.);
#2353=ORIENTED_EDGE('',*,*,#3197,.F.);
#2354=ORIENTED_EDGE('',*,*,#3234,.T.);
#2355=ORIENTED_EDGE('',*,*,#3118,.F.);
#2356=ORIENTED_EDGE('',*,*,#3235,.F.);
#2357=ORIENTED_EDGE('',*,*,#3223,.F.);
#2358=ORIENTED_EDGE('',*,*,#3235,.T.);
#2359=ORIENTED_EDGE('',*,*,#3117,.F.);
#2360=ORIENTED_EDGE('',*,*,#3236,.F.);
#2361=ORIENTED_EDGE('',*,*,#3225,.F.);
#2362=ORIENTED_EDGE('',*,*,#3236,.T.);
#2363=ORIENTED_EDGE('',*,*,#2540,.F.);
#2364=ORIENTED_EDGE('',*,*,#3237,.F.);
#2365=ORIENTED_EDGE('',*,*,#3226,.F.);
#2366=ORIENTED_EDGE('',*,*,#3237,.T.);
#2367=ORIENTED_EDGE('',*,*,#2539,.F.);
#2368=ORIENTED_EDGE('',*,*,#3238,.F.);
#2369=ORIENTED_EDGE('',*,*,#2465,.F.);
#2370=ORIENTED_EDGE('',*,*,#3238,.T.);
#2371=ORIENTED_EDGE('',*,*,#2542,.F.);
#2372=ORIENTED_EDGE('',*,*,#3239,.F.);
#2373=ORIENTED_EDGE('',*,*,#3217,.F.);
#2374=ORIENTED_EDGE('',*,*,#3239,.T.);
#2375=ORIENTED_EDGE('',*,*,#3116,.F.);
#2376=ORIENTED_EDGE('',*,*,#3240,.F.);
#2377=ORIENTED_EDGE('',*,*,#3218,.F.);
#2378=ORIENTED_EDGE('',*,*,#3240,.T.);
#2379=ORIENTED_EDGE('',*,*,#3115,.F.);
#2380=ORIENTED_EDGE('',*,*,#3241,.F.);
#2381=ORIENTED_EDGE('',*,*,#3220,.F.);
#2382=ORIENTED_EDGE('',*,*,#3241,.T.);
#2383=ORIENTED_EDGE('',*,*,#3114,.F.);
#2384=ORIENTED_EDGE('',*,*,#3242,.F.);
#2385=ORIENTED_EDGE('',*,*,#3200,.F.);
#2386=ORIENTED_EDGE('',*,*,#3242,.T.);
#2387=ORIENTED_EDGE('',*,*,#3113,.F.);
#2388=ORIENTED_EDGE('',*,*,#3243,.F.);
#2389=ORIENTED_EDGE('',*,*,#3129,.F.);
#2390=ORIENTED_EDGE('',*,*,#3243,.T.);
#2391=ORIENTED_EDGE('',*,*,#2546,.F.);
#2392=ORIENTED_EDGE('',*,*,#3244,.F.);
#2393=ORIENTED_EDGE('',*,*,#3130,.F.);
#2394=ORIENTED_EDGE('',*,*,#3244,.T.);
#2395=ORIENTED_EDGE('',*,*,#3202,.F.);
#2396=ORIENTED_EDGE('',*,*,#3245,.F.);
#2397=ORIENTED_EDGE('',*,*,#3123,.F.);
#2398=ORIENTED_EDGE('',*,*,#3245,.T.);
#2399=ORIENTED_EDGE('',*,*,#2505,.F.);
#2400=ORIENTED_EDGE('',*,*,#3246,.F.);
#2401=ORIENTED_EDGE('',*,*,#3124,.F.);
#2402=ORIENTED_EDGE('',*,*,#3246,.T.);
#2403=ORIENTED_EDGE('',*,*,#2504,.F.);
#2404=ORIENTED_EDGE('',*,*,#3247,.F.);
#2405=ORIENTED_EDGE('',*,*,#3189,.F.);
#2406=ORIENTED_EDGE('',*,*,#3247,.T.);
#2407=ORIENTED_EDGE('',*,*,#2503,.F.);
#2408=ORIENTED_EDGE('',*,*,#3248,.F.);
#2409=ORIENTED_EDGE('',*,*,#3161,.F.);
#2410=ORIENTED_EDGE('',*,*,#3216,.F.);
#2411=ORIENTED_EDGE('',*,*,#3248,.T.);
#2412=ORIENTED_EDGE('',*,*,#2502,.F.);
#2413=ORIENTED_EDGE('',*,*,#3164,.F.);
#2414=ORIENTED_EDGE('',*,*,#2457,.T.);
#2415=ORIENTED_EDGE('',*,*,#3249,.F.);
#2416=ORIENTED_EDGE('',*,*,#2578,.F.);
#2417=ORIENTED_EDGE('',*,*,#3250,.F.);
#2418=ORIENTED_EDGE('',*,*,#3250,.T.);
#2419=ORIENTED_EDGE('',*,*,#2577,.T.);
#2420=ORIENTED_EDGE('',*,*,#3251,.T.);
#2421=ORIENTED_EDGE('',*,*,#2458,.F.);
#2422=ORIENTED_EDGE('',*,*,#3252,.F.);
#2423=ORIENTED_EDGE('',*,*,#2459,.T.);
#2424=ORIENTED_EDGE('',*,*,#2444,.T.);
#2425=ORIENTED_EDGE('',*,*,#3251,.F.);
#2426=ORIENTED_EDGE('',*,*,#2584,.F.);
#2427=ORIENTED_EDGE('',*,*,#2580,.T.);
#2428=ORIENTED_EDGE('',*,*,#3253,.F.);
#2429=ORIENTED_EDGE('',*,*,#3087,.F.);
#2430=ORIENTED_EDGE('',*,*,#3254,.F.);
#2431=ORIENTED_EDGE('',*,*,#2583,.T.);
#2432=ORIENTED_EDGE('',*,*,#2999,.T.);
#2433=ORIENTED_EDGE('',*,*,#2460,.F.);
#2434=ORIENTED_EDGE('',*,*,#3252,.T.);
#2435=ORIENTED_EDGE('',*,*,#2579,.T.);
#2436=ORIENTED_EDGE('',*,*,#3249,.T.);
#2437=ORIENTED_EDGE('',*,*,#2456,.F.);
#2438=ORIENTED_EDGE('',*,*,#3088,.F.);
#2439=ORIENTED_EDGE('',*,*,#3253,.T.);
#2440=ORIENTED_EDGE('',*,*,#2581,.T.);
#2441=ORIENTED_EDGE('',*,*,#3254,.T.);
#2442=ORIENTED_EDGE('',*,*,#3091,.F.);
#2443=ORIENTED_EDGE('',*,*,#3000,.T.);
#2444=EDGE_CURVE('',#3255,#3256,#3738,.F.);
#2445=EDGE_CURVE('',#3255,#3257,#496,.T.);
#2446=EDGE_CURVE('',#3257,#3258,#3739,.T.);
#2447=EDGE_CURVE('',#3258,#3259,#497,.T.);
#2448=EDGE_CURVE('',#3259,#3260,#3740,.T.);
#2449=EDGE_CURVE('',#3260,#3261,#498,.T.);
#2450=EDGE_CURVE('',#3261,#3262,#499,.F.);
#2451=EDGE_CURVE('',#3262,#3263,#500,.T.);
#2452=EDGE_CURVE('',#3263,#3264,#3741,.T.);
#2453=EDGE_CURVE('',#3264,#3265,#501,.T.);
#2454=EDGE_CURVE('',#3265,#3266,#3742,.T.);
#2455=EDGE_CURVE('',#3266,#3267,#502,.T.);
#2456=EDGE_CURVE('',#3267,#3268,#3743,.F.);
#2457=EDGE_CURVE('',#3269,#3268,#503,.F.);
#2458=EDGE_CURVE('',#3269,#3256,#3744,.F.);
#2459=EDGE_CURVE('',#3270,#3255,#290,.T.);
#2460=EDGE_CURVE('',#3270,#3271,#291,.F.);
#2461=EDGE_CURVE('',#3272,#3271,#504,.T.);
#2462=EDGE_CURVE('',#3272,#3273,#292,.T.);
#2463=EDGE_CURVE('',#3273,#3257,#293,.T.);
#2464=EDGE_CURVE('',#3274,#3275,#3745,.F.);
#2465=EDGE_CURVE('',#3275,#3276,#505,.F.);
#2466=EDGE_CURVE('',#3276,#3277,#3746,.T.);
#2467=EDGE_CURVE('',#3277,#3274,#136,.T.);
#2468=EDGE_CURVE('',#3278,#3279,#3747,.F.);
#2469=EDGE_CURVE('',#3279,#3280,#3748,.T.);
#2470=EDGE_CURVE('',#3280,#3281,#294,.T.);
#2471=EDGE_CURVE('',#3281,#3282,#3749,.T.);
#2472=EDGE_CURVE('',#3282,#3283,#295,.T.);
#2473=EDGE_CURVE('',#3283,#3284,#3750,.T.);
#2474=EDGE_CURVE('',#3284,#3285,#3751,.T.);
#2475=EDGE_CURVE('',#3285,#3278,#3752,.F.);
#2476=EDGE_CURVE('',#3286,#3287,#3753,.F.);
#2477=EDGE_CURVE('',#3287,#3288,#296,.T.);
#2478=EDGE_CURVE('',#3288,#3289,#137,.F.);
#2479=EDGE_CURVE('',#3290,#3289,#3754,.T.);
#2480=EDGE_CURVE('',#3290,#3291,#297,.T.);
#2481=EDGE_CURVE('',#3291,#3286,#138,.T.);
#2482=EDGE_CURVE('',#3292,#3293,#3755,.F.);
#2483=EDGE_CURVE('',#3293,#3294,#298,.T.);
#2484=EDGE_CURVE('',#3294,#3295,#139,.F.);
#2485=EDGE_CURVE('',#3295,#3296,#3756,.T.);
#2486=EDGE_CURVE('',#3296,#3297,#299,.T.);
#2487=EDGE_CURVE('',#3297,#3292,#140,.T.);
#2488=EDGE_CURVE('',#3298,#3298,#506,.T.);
#2489=EDGE_CURVE('',#3299,#3300,#300,.T.);
#2490=EDGE_CURVE('',#3300,#3299,#507,.F.);
#2491=EDGE_CURVE('',#3301,#3302,#3757,.F.);
#2492=EDGE_CURVE('',#3301,#3266,#301,.T.);
#2493=EDGE_CURVE('',#3265,#3302,#302,.T.);
#2494=EDGE_CURVE('',#3257,#3287,#303,.F.);
#2495=EDGE_CURVE('',#3286,#3258,#304,.T.);
#2496=EDGE_CURVE('',#3263,#3293,#305,.F.);
#2497=EDGE_CURVE('',#3292,#3264,#306,.T.);
#2498=EDGE_CURVE('',#3303,#3304,#3758,.F.);
#2499=EDGE_CURVE('',#3303,#3260,#307,.T.);
#2500=EDGE_CURVE('',#3259,#3304,#308,.T.);
#2501=EDGE_CURVE('',#3305,#3306,#3759,.F.);
#2502=EDGE_CURVE('',#3306,#3307,#309,.F.);
#2503=EDGE_CURVE('',#3307,#3308,#141,.T.);
#2504=EDGE_CURVE('',#3308,#3309,#310,.T.);
#2505=EDGE_CURVE('',#3309,#3310,#3760,.T.);
#2506=EDGE_CURVE('',#3310,#3311,#508,.T.);
#2507=EDGE_CURVE('',#3311,#3312,#3761,.F.);
#2508=EDGE_CURVE('',#3312,#3313,#311,.T.);
#2509=EDGE_CURVE('',#3313,#3314,#142,.T.);
#2510=EDGE_CURVE('',#3314,#3315,#312,.F.);
#2511=EDGE_CURVE('',#3315,#3316,#3762,.T.);
#2512=EDGE_CURVE('',#3316,#3305,#509,.F.);
#2513=EDGE_CURVE('',#3317,#3318,#510,.T.);
#2514=EDGE_CURVE('',#3318,#3319,#143,.F.);
#2515=EDGE_CURVE('',#3320,#3319,#313,.T.);
#2516=EDGE_CURVE('',#3320,#3321,#511,.F.);
#2517=EDGE_CURVE('',#3322,#3321,#314,.T.);
#2518=EDGE_CURVE('',#3322,#3317,#144,.F.);
#2519=EDGE_CURVE('',#3323,#3324,#315,.T.);
#2520=EDGE_CURVE('',#3324,#3325,#316,.T.);
#2521=EDGE_CURVE('',#3325,#3326,#317,.T.);
#2522=EDGE_CURVE('',#3326,#3327,#318,.T.);
#2523=EDGE_CURVE('',#3327,#3328,#319,.T.);
#2524=EDGE_CURVE('',#3328,#3329,#512,.T.);
#2525=EDGE_CURVE('',#3329,#3330,#320,.T.);
#2526=EDGE_CURVE('',#3330,#3331,#321,.T.);
#2527=EDGE_CURVE('',#3331,#3332,#322,.T.);
#2528=EDGE_CURVE('',#3332,#3333,#323,.F.);
#2529=EDGE_CURVE('',#3333,#3334,#324,.T.);
#2530=EDGE_CURVE('',#3334,#3335,#325,.T.);
#2531=EDGE_CURVE('',#3335,#3336,#326,.T.);
#2532=EDGE_CURVE('',#3336,#3337,#327,.T.);
#2533=EDGE_CURVE('',#3337,#3338,#328,.T.);
#2534=EDGE_CURVE('',#3338,#3339,#513,.T.);
#2535=EDGE_CURVE('',#3339,#3340,#329,.T.);
#2536=EDGE_CURVE('',#3340,#3341,#330,.T.);
#2537=EDGE_CURVE('',#3341,#3342,#331,.T.);
#2538=EDGE_CURVE('',#3342,#3323,#332,.F.);
#2539=EDGE_CURVE('',#3343,#3344,#514,.F.);
#2540=EDGE_CURVE('',#3344,#3345,#333,.T.);
#2541=EDGE_CURVE('',#3345,#3346,#515,.T.);
#2542=EDGE_CURVE('',#3346,#3343,#334,.T.);
#2543=EDGE_CURVE('',#3347,#3348,#516,.T.);
#2544=EDGE_CURVE('',#3348,#3349,#3763,.F.);
#2545=EDGE_CURVE('',#3349,#3350,#517,.F.);
#2546=EDGE_CURVE('',#3350,#3347,#3764,.F.);
#2547=EDGE_CURVE('',#3351,#3317,#518,.T.);
#2548=EDGE_CURVE('',#3352,#3322,#519,.T.);
#2549=EDGE_CURVE('',#3351,#3352,#145,.F.);
#2550=EDGE_CURVE('',#3351,#3353,#520,.T.);
#2551=EDGE_CURVE('',#3317,#3353,#521,.F.);
#2552=EDGE_CURVE('',#3354,#3321,#522,.F.);
#2553=EDGE_CURVE('',#3354,#3352,#335,.T.);
#2554=EDGE_CURVE('',#3355,#3318,#523,.T.);
#2555=EDGE_CURVE('',#3355,#3353,#524,.F.);
#2556=EDGE_CURVE('',#3353,#3356,#336,.T.);
#2557=EDGE_CURVE('',#3356,#3357,#525,.T.);
#2558=EDGE_CURVE('',#3357,#3358,#337,.T.);
#2559=EDGE_CURVE('',#3359,#3358,#338,.T.);
#2560=EDGE_CURVE('',#3359,#3360,#526,.F.);
#2561=EDGE_CURVE('',#3361,#3360,#339,.T.);
#2562=EDGE_CURVE('',#3361,#3362,#340,.T.);
#2563=EDGE_CURVE('',#3362,#3363,#527,.T.);
#2564=EDGE_CURVE('',#3363,#3355,#341,.T.);
#2565=EDGE_CURVE('',#3319,#3364,#528,.T.);
#2566=EDGE_CURVE('',#3364,#3365,#342,.T.);
#2567=EDGE_CURVE('',#3320,#3365,#529,.F.);
#2568=EDGE_CURVE('',#3318,#3366,#530,.T.);
#2569=EDGE_CURVE('',#3364,#3366,#146,.F.);
#2570=EDGE_CURVE('',#3355,#3366,#531,.T.);
#2571=EDGE_CURVE('',#3352,#3364,#3765,.F.);
#2572=EDGE_CURVE('',#3366,#3367,#343,.T.);
#2573=EDGE_CURVE('',#3367,#3368,#3766,.T.);
#2574=EDGE_CURVE('',#3368,#3351,#344,.T.);
#2575=EDGE_CURVE('',#3354,#3365,#532,.T.);
#2576=EDGE_CURVE('',#3365,#3354,#3767,.T.);
#2577=EDGE_CURVE('',#3369,#3370,#3768,.T.);
#2578=EDGE_CURVE('',#3369,#3371,#533,.T.);
#2579=EDGE_CURVE('',#3372,#3371,#3769,.T.);
#2580=EDGE_CURVE('',#3373,#3372,#3770,.T.);
#2581=EDGE_CURVE('',#3374,#3373,#345,.T.);
#2582=EDGE_CURVE('',#3375,#3374,#534,.T.);
#2583=EDGE_CURVE('',#3376,#3375,#3771,.T.);
#2584=EDGE_CURVE('',#3376,#3370,#3772,.T.);
#2585=EDGE_CURVE('',#3377,#3377,#535,.F.);
#2586=EDGE_CURVE('',#3378,#3378,#536,.F.);
#2587=EDGE_CURVE('',#3379,#3379,#537,.F.);
#2588=EDGE_CURVE('',#3380,#3380,#538,.F.);
#2589=EDGE_CURVE('',#3381,#3381,#539,.F.);
#2590=EDGE_CURVE('',#3382,#3382,#540,.F.);
#2591=EDGE_CURVE('',#3383,#3383,#541,.F.);
#2592=EDGE_CURVE('',#3384,#3384,#542,.F.);
#2593=EDGE_CURVE('',#3385,#3385,#543,.F.);
#2594=EDGE_CURVE('',#3386,#3386,#544,.F.);
#2595=EDGE_CURVE('',#3387,#3387,#545,.F.);
#2596=EDGE_CURVE('',#3388,#3388,#546,.F.);
#2597=EDGE_CURVE('',#3389,#3389,#547,.F.);
#2598=EDGE_CURVE('',#3390,#3390,#548,.F.);
#2599=EDGE_CURVE('',#3391,#3391,#549,.F.);
#2600=EDGE_CURVE('',#3392,#3392,#550,.F.);
#2601=EDGE_CURVE('',#3393,#3393,#551,.F.);
#2602=EDGE_CURVE('',#3394,#3394,#552,.F.);
#2603=EDGE_CURVE('',#3395,#3395,#553,.F.);
#2604=EDGE_CURVE('',#3396,#3396,#554,.F.);
#2605=EDGE_CURVE('',#3397,#3397,#555,.F.);
#2606=EDGE_CURVE('',#3398,#3399,#3773,.F.);
#2607=EDGE_CURVE('',#3399,#3400,#556,.F.);
#2608=EDGE_CURVE('',#3400,#3401,#3774,.F.);
#2609=EDGE_CURVE('',#3401,#3398,#557,.F.);
#2610=EDGE_CURVE('',#3399,#3360,#558,.F.);
#2611=EDGE_CURVE('',#3359,#3400,#559,.F.);
#2612=EDGE_CURVE('',#3402,#3401,#560,.T.);
#2613=EDGE_CURVE('',#3403,#3400,#346,.T.);
#2614=EDGE_CURVE('',#3402,#3403,#3775,.T.);
#2615=EDGE_CURVE('',#3398,#3404,#561,.T.);
#2616=EDGE_CURVE('',#3404,#3402,#562,.T.);
#2617=EDGE_CURVE('',#3405,#3404,#3776,.T.);
#2618=EDGE_CURVE('',#3399,#3405,#347,.T.);
#2619=EDGE_CURVE('',#3368,#3356,#563,.T.);
#2620=EDGE_CURVE('',#3363,#3367,#564,.T.);
#2621=EDGE_CURVE('',#3406,#3367,#565,.T.);
#2622=EDGE_CURVE('',#3407,#3406,#3777,.F.);
#2623=EDGE_CURVE('',#3368,#3407,#566,.T.);
#2624=EDGE_CURVE('',#3405,#3361,#567,.T.);
#2625=EDGE_CURVE('',#3408,#3362,#568,.T.);
#2626=EDGE_CURVE('',#3408,#3405,#348,.T.);
#2627=EDGE_CURVE('',#3406,#3409,#569,.T.);
#2628=EDGE_CURVE('',#3406,#3363,#570,.F.);
#2629=EDGE_CURVE('',#3362,#3409,#571,.T.);
#2630=EDGE_CURVE('',#3356,#3407,#572,.T.);
#2631=EDGE_CURVE('',#3410,#3407,#573,.T.);
#2632=EDGE_CURVE('',#3410,#3357,#574,.F.);
#2633=EDGE_CURVE('',#3357,#3411,#575,.T.);
#2634=EDGE_CURVE('',#3403,#3411,#349,.T.);
#2635=EDGE_CURVE('',#3358,#3403,#576,.T.);
#2636=EDGE_CURVE('',#3411,#3412,#3778,.T.);
#2637=EDGE_CURVE('',#3412,#3402,#3779,.F.);
#2638=EDGE_CURVE('',#3412,#3413,#577,.F.);
#2639=EDGE_CURVE('',#3404,#3413,#3780,.T.);
#2640=EDGE_CURVE('',#3413,#3408,#3781,.T.);
#2641=EDGE_CURVE('',#3409,#3414,#3782,.F.);
#2642=EDGE_CURVE('',#3414,#3415,#578,.F.);
#2643=EDGE_CURVE('',#3415,#3410,#3783,.F.);
#2644=EDGE_CURVE('',#3416,#3417,#3784,.T.);
#2645=EDGE_CURVE('',#3418,#3416,#3785,.T.);
#2646=EDGE_CURVE('',#3419,#3418,#3786,.T.);
#2647=EDGE_CURVE('',#3420,#3419,#3787,.T.);
#2648=EDGE_CURVE('',#3421,#3420,#3788,.T.);
#2649=EDGE_CURVE('',#3417,#3421,#3789,.T.);
#2650=EDGE_CURVE('',#3422,#3423,#3790,.T.);
#2651=EDGE_CURVE('',#3423,#3424,#3791,.T.);
#2652=EDGE_CURVE('',#3424,#3425,#3792,.T.);
#2653=EDGE_CURVE('',#3425,#3426,#3793,.T.);
#2654=EDGE_CURVE('',#3426,#3427,#3794,.T.);
#2655=EDGE_CURVE('',#3427,#3422,#3795,.T.);
#2656=EDGE_CURVE('',#3428,#3429,#3796,.T.);
#2657=EDGE_CURVE('',#3429,#3430,#3797,.T.);
#2658=EDGE_CURVE('',#3430,#3431,#3798,.T.);
#2659=EDGE_CURVE('',#3431,#3432,#3799,.T.);
#2660=EDGE_CURVE('',#3432,#3433,#3800,.T.);
#2661=EDGE_CURVE('',#3433,#3428,#3801,.T.);
#2662=EDGE_CURVE('',#3434,#3435,#3802,.T.);
#2663=EDGE_CURVE('',#3436,#3434,#3803,.T.);
#2664=EDGE_CURVE('',#3437,#3436,#3804,.T.);
#2665=EDGE_CURVE('',#3438,#3437,#3805,.T.);
#2666=EDGE_CURVE('',#3439,#3438,#3806,.T.);
#2667=EDGE_CURVE('',#3435,#3439,#3807,.T.);
#2668=EDGE_CURVE('',#3408,#3409,#579,.T.);
#2669=EDGE_CURVE('',#3410,#3411,#580,.T.);
#2670=EDGE_CURVE('',#3415,#3412,#581,.T.);
#2671=EDGE_CURVE('',#3413,#3414,#582,.T.);
#2672=EDGE_CURVE('',#3440,#3417,#3808,.T.);
#2673=EDGE_CURVE('',#3440,#3441,#3809,.F.);
#2674=EDGE_CURVE('',#3441,#3416,#3810,.T.);
#2675=EDGE_CURVE('',#3441,#3442,#3811,.F.);
#2676=EDGE_CURVE('',#3442,#3418,#3812,.T.);
#2677=EDGE_CURVE('',#3442,#3443,#3813,.F.);
#2678=EDGE_CURVE('',#3443,#3419,#3814,.T.);
#2679=EDGE_CURVE('',#3443,#3444,#3815,.F.);
#2680=EDGE_CURVE('',#3444,#3420,#3816,.T.);
#2681=EDGE_CURVE('',#3444,#3445,#3817,.F.);
#2682=EDGE_CURVE('',#3445,#3421,#3818,.T.);
#2683=EDGE_CURVE('',#3445,#3440,#3819,.F.);
#2684=EDGE_CURVE('',#3446,#3422,#3820,.T.);
#2685=EDGE_CURVE('',#3446,#3447,#3821,.F.);
#2686=EDGE_CURVE('',#3447,#3423,#3822,.T.);
#2687=EDGE_CURVE('',#3447,#3448,#3823,.F.);
#2688=EDGE_CURVE('',#3448,#3424,#3824,.T.);
#2689=EDGE_CURVE('',#3448,#3449,#3825,.F.);
#2690=EDGE_CURVE('',#3449,#3425,#3826,.T.);
#2691=EDGE_CURVE('',#3449,#3450,#3827,.F.);
#2692=EDGE_CURVE('',#3450,#3426,#3828,.T.);
#2693=EDGE_CURVE('',#3450,#3451,#3829,.F.);
#2694=EDGE_CURVE('',#3451,#3427,#3830,.T.);
#2695=EDGE_CURVE('',#3451,#3446,#3831,.F.);
#2696=EDGE_CURVE('',#3452,#3428,#3832,.T.);
#2697=EDGE_CURVE('',#3452,#3453,#3833,.F.);
#2698=EDGE_CURVE('',#3453,#3429,#3834,.T.);
#2699=EDGE_CURVE('',#3453,#3454,#3835,.F.);
#2700=EDGE_CURVE('',#3454,#3430,#3836,.T.);
#2701=EDGE_CURVE('',#3454,#3455,#3837,.F.);
#2702=EDGE_CURVE('',#3455,#3431,#3838,.T.);
#2703=EDGE_CURVE('',#3455,#3456,#3839,.F.);
#2704=EDGE_CURVE('',#3456,#3432,#3840,.T.);
#2705=EDGE_CURVE('',#3456,#3457,#3841,.F.);
#2706=EDGE_CURVE('',#3457,#3433,#3842,.T.);
#2707=EDGE_CURVE('',#3457,#3452,#3843,.F.);
#2708=EDGE_CURVE('',#3458,#3435,#3844,.T.);
#2709=EDGE_CURVE('',#3458,#3459,#3845,.F.);
#2710=EDGE_CURVE('',#3459,#3434,#3846,.T.);
#2711=EDGE_CURVE('',#3459,#3460,#3847,.F.);
#2712=EDGE_CURVE('',#3460,#3436,#3848,.T.);
#2713=EDGE_CURVE('',#3460,#3461,#3849,.F.);
#2714=EDGE_CURVE('',#3461,#3437,#3850,.T.);
#2715=EDGE_CURVE('',#3461,#3462,#3851,.F.);
#2716=EDGE_CURVE('',#3462,#3438,#3852,.T.);
#2717=EDGE_CURVE('',#3462,#3463,#3853,.F.);
#2718=EDGE_CURVE('',#3463,#3439,#3854,.T.);
#2719=EDGE_CURVE('',#3463,#3458,#3855,.F.);
#2720=EDGE_CURVE('',#3440,#3464,#3856,.T.);
#2721=EDGE_CURVE('',#3465,#3464,#3857,.T.);
#2722=EDGE_CURVE('',#3441,#3465,#3858,.T.);
#2723=EDGE_CURVE('',#3466,#3465,#3859,.T.);
#2724=EDGE_CURVE('',#3442,#3466,#3860,.F.);
#2725=EDGE_CURVE('',#3467,#3443,#3861,.F.);
#2726=EDGE_CURVE('',#3467,#3466,#3862,.T.);
#2727=EDGE_CURVE('',#3468,#3444,#3863,.F.);
#2728=EDGE_CURVE('',#3468,#3467,#3864,.T.);
#2729=EDGE_CURVE('',#3469,#3445,#3865,.F.);
#2730=EDGE_CURVE('',#3469,#3468,#3866,.T.);
#2731=EDGE_CURVE('',#3464,#3469,#3867,.T.);
#2732=EDGE_CURVE('',#3446,#3470,#3868,.F.);
#2733=EDGE_CURVE('',#3471,#3470,#3869,.T.);
#2734=EDGE_CURVE('',#3471,#3447,#3870,.F.);
#2735=EDGE_CURVE('',#3472,#3448,#3871,.F.);
#2736=EDGE_CURVE('',#3472,#3471,#3872,.T.);
#2737=EDGE_CURVE('',#3473,#3449,#3873,.F.);
#2738=EDGE_CURVE('',#3473,#3472,#3874,.T.);
#2739=EDGE_CURVE('',#3474,#3473,#3875,.T.);
#2740=EDGE_CURVE('',#3450,#3474,#3876,.T.);
#2741=EDGE_CURVE('',#3475,#3474,#3877,.T.);
#2742=EDGE_CURVE('',#3451,#3475,#3878,.T.);
#2743=EDGE_CURVE('',#3470,#3475,#3879,.T.);
#2744=EDGE_CURVE('',#3452,#3476,#3880,.F.);
#2745=EDGE_CURVE('',#3477,#3476,#3881,.T.);
#2746=EDGE_CURVE('',#3477,#3453,#3882,.F.);
#2747=EDGE_CURVE('',#3478,#3454,#3883,.F.);
#2748=EDGE_CURVE('',#3478,#3477,#3884,.T.);
#2749=EDGE_CURVE('',#3479,#3455,#3885,.F.);
#2750=EDGE_CURVE('',#3479,#3478,#3886,.T.);
#2751=EDGE_CURVE('',#3480,#3479,#3887,.T.);
#2752=EDGE_CURVE('',#3456,#3480,#3888,.T.);
#2753=EDGE_CURVE('',#3481,#3480,#3889,.T.);
#2754=EDGE_CURVE('',#3457,#3481,#3890,.T.);
#2755=EDGE_CURVE('',#3476,#3481,#3891,.T.);
#2756=EDGE_CURVE('',#3458,#3482,#3892,.T.);
#2757=EDGE_CURVE('',#3483,#3482,#3893,.T.);
#2758=EDGE_CURVE('',#3459,#3483,#3894,.T.);
#2759=EDGE_CURVE('',#3484,#3483,#3895,.T.);
#2760=EDGE_CURVE('',#3460,#3484,#3896,.F.);
#2761=EDGE_CURVE('',#3485,#3461,#3897,.F.);
#2762=EDGE_CURVE('',#3485,#3484,#3898,.T.);
#2763=EDGE_CURVE('',#3486,#3462,#3899,.F.);
#2764=EDGE_CURVE('',#3486,#3485,#3900,.T.);
#2765=EDGE_CURVE('',#3487,#3463,#3901,.F.);
#2766=EDGE_CURVE('',#3487,#3486,#3902,.T.);
#2767=EDGE_CURVE('',#3482,#3487,#3903,.T.);
#2768=EDGE_CURVE('',#3488,#3489,#350,.T.);
#2769=EDGE_CURVE('',#3489,#3490,#147,.F.);
#2770=EDGE_CURVE('',#3490,#3491,#351,.T.);
#2771=EDGE_CURVE('',#3491,#3492,#3904,.T.);
#2772=EDGE_CURVE('',#3492,#3493,#3905,.F.);
#2773=EDGE_CURVE('',#3493,#3488,#3906,.T.);
#2774=EDGE_CURVE('',#3494,#3495,#583,.F.);
#2775=EDGE_CURVE('',#3494,#3496,#352,.F.);
#2776=EDGE_CURVE('',#3497,#3496,#584,.T.);
#2777=EDGE_CURVE('',#3497,#3495,#585,.T.);
#2778=EDGE_CURVE('',#3498,#3499,#586,.T.);
#2779=EDGE_CURVE('',#3495,#3499,#3907,.T.);
#2780=EDGE_CURVE('',#3498,#3497,#3908,.F.);
#2781=EDGE_CURVE('',#3500,#3501,#587,.T.);
#2782=EDGE_CURVE('',#3500,#3502,#3909,.F.);
#2783=EDGE_CURVE('',#3502,#3503,#588,.T.);
#2784=EDGE_CURVE('',#3503,#3501,#3910,.T.);
#2785=EDGE_CURVE('',#3504,#3503,#589,.F.);
#2786=EDGE_CURVE('',#3502,#3505,#590,.T.);
#2787=EDGE_CURVE('',#3504,#3505,#353,.F.);
#2788=EDGE_CURVE('',#3506,#3507,#591,.T.);
#2789=EDGE_CURVE('',#3508,#3507,#3911,.T.);
#2790=EDGE_CURVE('',#3509,#3508,#592,.T.);
#2791=EDGE_CURVE('',#3506,#3509,#3912,.F.);
#2792=EDGE_CURVE('',#3510,#3511,#593,.T.);
#2793=EDGE_CURVE('',#3507,#3511,#594,.T.);
#2794=EDGE_CURVE('',#3510,#3506,#595,.F.);
#2795=EDGE_CURVE('',#3496,#3512,#596,.T.);
#2796=EDGE_CURVE('',#3511,#3512,#597,.F.);
#2797=EDGE_CURVE('',#3496,#3510,#598,.T.);
#2798=EDGE_CURVE('',#3512,#3494,#354,.T.);
#2799=EDGE_CURVE('',#3513,#3500,#599,.F.);
#2800=EDGE_CURVE('',#3501,#3514,#600,.T.);
#2801=EDGE_CURVE('',#3513,#3514,#355,.F.);
#2802=EDGE_CURVE('',#3499,#3501,#3913,.T.);
#2803=EDGE_CURVE('',#3499,#3515,#601,.T.);
#2804=EDGE_CURVE('',#3515,#3514,#3914,.T.);
#2805=EDGE_CURVE('',#3516,#3498,#602,.F.);
#2806=EDGE_CURVE('',#3516,#3515,#356,.F.);
#2807=EDGE_CURVE('',#3517,#3517,#603,.T.);
#2808=EDGE_CURVE('',#3518,#3516,#604,.F.);
#2809=EDGE_CURVE('',#3509,#3518,#605,.F.);
#2810=EDGE_CURVE('',#3519,#3508,#606,.T.);
#2811=EDGE_CURVE('',#3518,#3519,#607,.T.);
#2812=EDGE_CURVE('',#3520,#3520,#608,.T.);
#2813=EDGE_CURVE('',#3521,#3513,#609,.F.);
#2814=EDGE_CURVE('',#3522,#3521,#610,.F.);
#2815=EDGE_CURVE('',#3523,#3522,#3915,.F.);
#2816=EDGE_CURVE('',#3524,#3523,#611,.F.);
#2817=EDGE_CURVE('',#3505,#3524,#612,.T.);
#2818=EDGE_CURVE('',#3505,#3525,#613,.T.);
#2819=EDGE_CURVE('',#3525,#3504,#357,.T.);
#2820=EDGE_CURVE('',#3524,#3526,#614,.T.);
#2821=EDGE_CURVE('',#3526,#3525,#615,.F.);
#2822=EDGE_CURVE('',#3523,#3527,#616,.T.);
#2823=EDGE_CURVE('',#3527,#3526,#617,.T.);
#2824=EDGE_CURVE('',#3522,#3528,#618,.T.);
#2825=EDGE_CURVE('',#3528,#3527,#3916,.T.);
#2826=EDGE_CURVE('',#3521,#3529,#619,.T.);
#2827=EDGE_CURVE('',#3529,#3528,#620,.T.);
#2828=EDGE_CURVE('',#3494,#3504,#3917,.T.);
#2829=EDGE_CURVE('',#3503,#3495,#3918,.F.);
#2830=EDGE_CURVE('',#3530,#3530,#148,.T.);
#2831=EDGE_CURVE('',#3531,#3507,#3919,.T.);
#2832=EDGE_CURVE('',#3531,#3532,#3920,.T.);
#2833=EDGE_CURVE('',#3532,#3508,#3921,.T.);
#2834=EDGE_CURVE('',#3533,#3511,#3922,.T.);
#2835=EDGE_CURVE('',#3533,#3531,#149,.T.);
#2836=EDGE_CURVE('',#3295,#3534,#358,.T.);
#2837=EDGE_CURVE('',#3535,#3534,#3923,.T.);
#2838=EDGE_CURVE('',#3535,#3536,#359,.T.);
#2839=EDGE_CURVE('',#3536,#3533,#150,.F.);
#2840=EDGE_CURVE('',#3537,#3526,#3924,.T.);
#2841=EDGE_CURVE('',#3537,#3538,#151,.F.);
#2842=EDGE_CURVE('',#3538,#3296,#360,.T.);
#2843=EDGE_CURVE('',#3513,#3539,#621,.T.);
#2844=EDGE_CURVE('',#3539,#3529,#622,.T.);
#2845=EDGE_CURVE('',#3514,#3540,#623,.F.);
#2846=EDGE_CURVE('',#3539,#3540,#361,.T.);
#2847=EDGE_CURVE('',#3515,#3541,#624,.F.);
#2848=EDGE_CURVE('',#3540,#3541,#3925,.F.);
#2849=EDGE_CURVE('',#3516,#3542,#625,.T.);
#2850=EDGE_CURVE('',#3542,#3541,#362,.T.);
#2851=EDGE_CURVE('',#3542,#3519,#626,.T.);
#2852=EDGE_CURVE('',#3532,#3543,#152,.T.);
#2853=EDGE_CURVE('',#3543,#3519,#3926,.T.);
#2854=EDGE_CURVE('',#3544,#3544,#153,.T.);
#2855=EDGE_CURVE('',#3545,#3527,#3927,.T.);
#2856=EDGE_CURVE('',#3545,#3537,#154,.T.);
#2857=EDGE_CURVE('',#3546,#3528,#3928,.T.);
#2858=EDGE_CURVE('',#3546,#3545,#3929,.F.);
#2859=EDGE_CURVE('',#3547,#3529,#3930,.T.);
#2860=EDGE_CURVE('',#3547,#3546,#155,.T.);
#2861=EDGE_CURVE('',#3492,#3548,#363,.T.);
#2862=EDGE_CURVE('',#3548,#3547,#156,.T.);
#2863=EDGE_CURVE('',#3543,#3493,#157,.T.);
#2864=EDGE_CURVE('',#3534,#3549,#158,.F.);
#2865=EDGE_CURVE('',#3549,#3303,#364,.T.);
#2866=EDGE_CURVE('',#3304,#3550,#159,.T.);
#2867=EDGE_CURVE('',#3550,#3535,#365,.T.);
#2868=EDGE_CURVE('',#3551,#3552,#3931,.F.);
#2869=EDGE_CURVE('',#3552,#3553,#160,.T.);
#2870=EDGE_CURVE('',#3553,#3554,#161,.T.);
#2871=EDGE_CURVE('',#3554,#3555,#3932,.F.);
#2872=EDGE_CURVE('',#3555,#3556,#162,.T.);
#2873=EDGE_CURVE('',#3556,#3557,#163,.F.);
#2874=EDGE_CURVE('',#3557,#3551,#366,.T.);
#2875=EDGE_CURVE('',#3558,#3559,#367,.T.);
#2876=EDGE_CURVE('',#3559,#3560,#164,.F.);
#2877=EDGE_CURVE('',#3560,#3561,#165,.T.);
#2878=EDGE_CURVE('',#3561,#3562,#3933,.T.);
#2879=EDGE_CURVE('',#3562,#3563,#166,.T.);
#2880=EDGE_CURVE('',#3563,#3564,#167,.T.);
#2881=EDGE_CURVE('',#3564,#3558,#3934,.F.);
#2882=EDGE_CURVE('',#3565,#3566,#627,.F.);
#2883=EDGE_CURVE('',#3567,#3566,#628,.T.);
#2884=EDGE_CURVE('',#3567,#3568,#629,.T.);
#2885=EDGE_CURVE('',#3565,#3568,#368,.F.);
#2886=EDGE_CURVE('',#3569,#3570,#630,.T.);
#2887=EDGE_CURVE('',#3569,#3567,#3935,.F.);
#2888=EDGE_CURVE('',#3566,#3570,#3936,.T.);
#2889=EDGE_CURVE('',#3571,#3572,#631,.T.);
#2890=EDGE_CURVE('',#3573,#3572,#3937,.T.);
#2891=EDGE_CURVE('',#3574,#3573,#632,.T.);
#2892=EDGE_CURVE('',#3571,#3574,#3938,.F.);
#2893=EDGE_CURVE('',#3575,#3573,#633,.F.);
#2894=EDGE_CURVE('',#3575,#3576,#369,.F.);
#2895=EDGE_CURVE('',#3574,#3576,#634,.T.);
#2896=EDGE_CURVE('',#3577,#3578,#635,.T.);
#2897=EDGE_CURVE('',#3577,#3579,#3939,.F.);
#2898=EDGE_CURVE('',#3579,#3580,#636,.T.);
#2899=EDGE_CURVE('',#3580,#3578,#3940,.T.);
#2900=EDGE_CURVE('',#3581,#3582,#637,.T.);
#2901=EDGE_CURVE('',#3581,#3577,#638,.F.);
#2902=EDGE_CURVE('',#3578,#3582,#639,.T.);
#2903=EDGE_CURVE('',#3568,#3583,#640,.T.);
#2904=EDGE_CURVE('',#3568,#3581,#641,.T.);
#2905=EDGE_CURVE('',#3582,#3583,#642,.F.);
#2906=EDGE_CURVE('',#3583,#3565,#370,.T.);
#2907=EDGE_CURVE('',#3584,#3571,#643,.F.);
#2908=EDGE_CURVE('',#3584,#3585,#371,.F.);
#2909=EDGE_CURVE('',#3572,#3585,#644,.T.);
#2910=EDGE_CURVE('',#3570,#3572,#3941,.T.);
#2911=EDGE_CURVE('',#3586,#3585,#3942,.T.);
#2912=EDGE_CURVE('',#3570,#3586,#645,.T.);
#2913=EDGE_CURVE('',#3587,#3569,#646,.F.);
#2914=EDGE_CURVE('',#3587,#3586,#372,.F.);
#2915=EDGE_CURVE('',#3588,#3588,#647,.T.);
#2916=EDGE_CURVE('',#3589,#3587,#648,.F.);
#2917=EDGE_CURVE('',#3579,#3589,#649,.F.);
#2918=EDGE_CURVE('',#3589,#3590,#650,.T.);
#2919=EDGE_CURVE('',#3590,#3580,#651,.T.);
#2920=EDGE_CURVE('',#3591,#3591,#652,.T.);
#2921=EDGE_CURVE('',#3592,#3584,#653,.F.);
#2922=EDGE_CURVE('',#3576,#3593,#654,.T.);
#2923=EDGE_CURVE('',#3593,#3594,#655,.F.);
#2924=EDGE_CURVE('',#3594,#3595,#3943,.F.);
#2925=EDGE_CURVE('',#3595,#3592,#656,.F.);
#2926=EDGE_CURVE('',#3596,#3575,#373,.T.);
#2927=EDGE_CURVE('',#3576,#3596,#657,.T.);
#2928=EDGE_CURVE('',#3597,#3596,#658,.F.);
#2929=EDGE_CURVE('',#3593,#3597,#659,.T.);
#2930=EDGE_CURVE('',#3598,#3597,#660,.T.);
#2931=EDGE_CURVE('',#3594,#3598,#661,.T.);
#2932=EDGE_CURVE('',#3599,#3598,#3944,.T.);
#2933=EDGE_CURVE('',#3595,#3599,#662,.T.);
#2934=EDGE_CURVE('',#3600,#3599,#663,.T.);
#2935=EDGE_CURVE('',#3592,#3600,#664,.T.);
#2936=EDGE_CURVE('',#3565,#3575,#3945,.T.);
#2937=EDGE_CURVE('',#3573,#3566,#3946,.F.);
#2938=EDGE_CURVE('',#3601,#3601,#168,.T.);
#2939=EDGE_CURVE('',#3602,#3580,#3947,.T.);
#2940=EDGE_CURVE('',#3602,#3603,#3948,.F.);
#2941=EDGE_CURVE('',#3603,#3578,#3949,.T.);
#2942=EDGE_CURVE('',#3603,#3604,#169,.T.);
#2943=EDGE_CURVE('',#3604,#3582,#3950,.T.);
#2944=EDGE_CURVE('',#3605,#3606,#170,.F.);
#2945=EDGE_CURVE('',#3606,#3301,#374,.T.);
#2946=EDGE_CURVE('',#3302,#3607,#171,.T.);
#2947=EDGE_CURVE('',#3607,#3608,#375,.T.);
#2948=EDGE_CURVE('',#3605,#3608,#3951,.T.);
#2949=EDGE_CURVE('',#3609,#3600,#665,.T.);
#2950=EDGE_CURVE('',#3584,#3609,#666,.T.);
#2951=EDGE_CURVE('',#3609,#3610,#376,.T.);
#2952=EDGE_CURVE('',#3585,#3610,#667,.F.);
#2953=EDGE_CURVE('',#3610,#3611,#3952,.F.);
#2954=EDGE_CURVE('',#3586,#3611,#668,.F.);
#2955=EDGE_CURVE('',#3612,#3611,#377,.T.);
#2956=EDGE_CURVE('',#3587,#3612,#669,.T.);
#2957=EDGE_CURVE('',#3612,#3590,#670,.T.);
#2958=EDGE_CURVE('',#3613,#3590,#3953,.T.);
#2959=EDGE_CURVE('',#3613,#3602,#172,.T.);
#2960=EDGE_CURVE('',#3614,#3614,#173,.T.);
#2961=EDGE_CURVE('',#3289,#3605,#378,.T.);
#2962=EDGE_CURVE('',#3608,#3615,#379,.T.);
#2963=EDGE_CURVE('',#3615,#3616,#174,.F.);
#2964=EDGE_CURVE('',#3616,#3597,#3954,.T.);
#2965=EDGE_CURVE('',#3604,#3617,#175,.F.);
#2966=EDGE_CURVE('',#3617,#3290,#380,.T.);
#2967=EDGE_CURVE('',#3616,#3618,#176,.T.);
#2968=EDGE_CURVE('',#3618,#3598,#3955,.T.);
#2969=EDGE_CURVE('',#3618,#3619,#3956,.T.);
#2970=EDGE_CURVE('',#3619,#3599,#3957,.T.);
#2971=EDGE_CURVE('',#3619,#3620,#177,.T.);
#2972=EDGE_CURVE('',#3620,#3600,#3958,.T.);
#2973=EDGE_CURVE('',#3621,#3622,#3959,.F.);
#2974=EDGE_CURVE('',#3622,#3613,#178,.T.);
#2975=EDGE_CURVE('',#3620,#3621,#179,.T.);
#2976=EDGE_CURVE('',#3623,#3624,#180,.T.);
#2977=EDGE_CURVE('',#3624,#3625,#3960,.T.);
#2978=EDGE_CURVE('',#3625,#3626,#381,.T.);
#2979=EDGE_CURVE('',#3626,#3627,#181,.F.);
#2980=EDGE_CURVE('',#3627,#3628,#182,.T.);
#2981=EDGE_CURVE('',#3628,#3629,#3961,.T.);
#2982=EDGE_CURVE('',#3629,#3623,#183,.T.);
#2983=EDGE_CURVE('',#3630,#3631,#3962,.F.);
#2984=EDGE_CURVE('',#3631,#3632,#184,.T.);
#2985=EDGE_CURVE('',#3632,#3633,#185,.T.);
#2986=EDGE_CURVE('',#3633,#3634,#3963,.F.);
#2987=EDGE_CURVE('',#3634,#3635,#186,.T.);
#2988=EDGE_CURVE('',#3635,#3636,#187,.F.);
#2989=EDGE_CURVE('',#3636,#3630,#382,.T.);
#2990=EDGE_CURVE('',#3637,#3638,#383,.T.);
#2991=EDGE_CURVE('',#3638,#3639,#188,.F.);
#2992=EDGE_CURVE('',#3639,#3640,#384,.T.);
#2993=EDGE_CURVE('',#3640,#3622,#3964,.F.);
#2994=EDGE_CURVE('',#3621,#3637,#3965,.T.);
#2995=EDGE_CURVE('',#3641,#3642,#671,.T.);
#2996=EDGE_CURVE('',#3642,#3643,#385,.T.);
#2997=EDGE_CURVE('',#3643,#3644,#386,.T.);
#2998=EDGE_CURVE('',#3644,#3641,#387,.T.);
#2999=EDGE_CURVE('',#3375,#3271,#388,.T.);
#3000=EDGE_CURVE('',#3645,#3374,#389,.T.);
#3001=EDGE_CURVE('',#3645,#3646,#672,.T.);
#3002=EDGE_CURVE('',#3646,#3647,#390,.T.);
#3003=EDGE_CURVE('',#3647,#3648,#391,.T.);
#3004=EDGE_CURVE('',#3648,#3272,#392,.T.);
#3005=EDGE_CURVE('',#3649,#3649,#673,.F.);
#3006=EDGE_CURVE('',#3650,#3650,#674,.F.);
#3007=EDGE_CURVE('',#3651,#3651,#675,.F.);
#3008=EDGE_CURVE('',#3652,#3652,#676,.F.);
#3009=EDGE_CURVE('',#3653,#3653,#677,.F.);
#3010=EDGE_CURVE('',#3654,#3654,#678,.F.);
#3011=EDGE_CURVE('',#3655,#3655,#679,.F.);
#3012=EDGE_CURVE('',#3656,#3656,#680,.F.);
#3013=EDGE_CURVE('',#3657,#3657,#681,.F.);
#3014=EDGE_CURVE('',#3658,#3658,#682,.F.);
#3015=EDGE_CURVE('',#3659,#3659,#683,.F.);
#3016=EDGE_CURVE('',#3660,#3660,#684,.F.);
#3017=EDGE_CURVE('',#3661,#3661,#685,.F.);
#3018=EDGE_CURVE('',#3662,#3662,#686,.F.);
#3019=EDGE_CURVE('',#3663,#3663,#687,.F.);
#3020=EDGE_CURVE('',#3664,#3664,#688,.F.);
#3021=EDGE_CURVE('',#3665,#3665,#689,.F.);
#3022=EDGE_CURVE('',#3666,#3666,#690,.F.);
#3023=EDGE_CURVE('',#3667,#3667,#691,.F.);
#3024=EDGE_CURVE('',#3668,#3668,#692,.F.);
#3025=EDGE_CURVE('',#3669,#3669,#693,.F.);
#3026=EDGE_CURVE('',#3670,#3670,#694,.T.);
#3027=EDGE_CURVE('',#3625,#3342,#393,.T.);
#3028=EDGE_CURVE('',#3341,#3671,#394,.T.);
#3029=EDGE_CURVE('',#3671,#3626,#395,.T.);
#3030=EDGE_CURVE('',#3335,#3551,#396,.T.);
#3031=EDGE_CURVE('',#3557,#3672,#397,.T.);
#3032=EDGE_CURVE('',#3672,#3336,#398,.T.);
#3033=EDGE_CURVE('',#3331,#3673,#399,.T.);
#3034=EDGE_CURVE('',#3673,#3559,#400,.T.);
#3035=EDGE_CURVE('',#3558,#3332,#401,.T.);
#3036=EDGE_CURVE('',#3636,#3674,#402,.T.);
#3037=EDGE_CURVE('',#3674,#3326,#403,.T.);
#3038=EDGE_CURVE('',#3325,#3630,#404,.T.);
#3039=EDGE_CURVE('',#3325,#3638,#405,.F.);
#3040=EDGE_CURVE('',#3630,#3637,#695,.T.);
#3041=EDGE_CURVE('',#3631,#3621,#406,.F.);
#3042=EDGE_CURVE('',#3632,#3620,#696,.T.);
#3043=EDGE_CURVE('',#3633,#3619,#697,.T.);
#3044=EDGE_CURVE('',#3634,#3618,#698,.T.);
#3045=EDGE_CURVE('',#3635,#3616,#699,.T.);
#3046=EDGE_CURVE('',#3636,#3615,#700,.T.);
#3047=EDGE_CURVE('',#3674,#3608,#701,.T.);
#3048=EDGE_CURVE('',#3326,#3607,#702,.T.);
#3049=EDGE_CURVE('',#3327,#3302,#703,.T.);
#3050=EDGE_CURVE('',#3328,#3265,#704,.T.);
#3051=EDGE_CURVE('',#3329,#3264,#705,.T.);
#3052=EDGE_CURVE('',#3330,#3292,#706,.T.);
#3053=EDGE_CURVE('',#3331,#3297,#707,.T.);
#3054=EDGE_CURVE('',#3673,#3296,#708,.T.);
#3055=EDGE_CURVE('',#3559,#3538,#709,.T.);
#3056=EDGE_CURVE('',#3560,#3537,#710,.T.);
#3057=EDGE_CURVE('',#3561,#3545,#711,.T.);
#3058=EDGE_CURVE('',#3562,#3546,#712,.T.);
#3059=EDGE_CURVE('',#3490,#3332,#407,.T.);
#3060=EDGE_CURVE('',#3491,#3558,#713,.T.);
#3061=EDGE_CURVE('',#3563,#3547,#714,.T.);
#3062=EDGE_CURVE('',#3548,#3564,#408,.T.);
#3063=EDGE_CURVE('',#3639,#3342,#409,.T.);
#3064=EDGE_CURVE('',#3640,#3625,#715,.T.);
#3065=EDGE_CURVE('',#3622,#3624,#410,.F.);
#3066=EDGE_CURVE('',#3613,#3623,#716,.T.);
#3067=EDGE_CURVE('',#3602,#3629,#717,.T.);
#3068=EDGE_CURVE('',#3603,#3628,#718,.T.);
#3069=EDGE_CURVE('',#3604,#3627,#719,.T.);
#3070=EDGE_CURVE('',#3617,#3626,#720,.T.);
#3071=EDGE_CURVE('',#3290,#3671,#721,.T.);
#3072=EDGE_CURVE('',#3291,#3341,#722,.T.);
#3073=EDGE_CURVE('',#3286,#3340,#723,.T.);
#3074=EDGE_CURVE('',#3258,#3339,#724,.T.);
#3075=EDGE_CURVE('',#3259,#3338,#725,.T.);
#3076=EDGE_CURVE('',#3304,#3337,#726,.T.);
#3077=EDGE_CURVE('',#3550,#3336,#727,.T.);
#3078=EDGE_CURVE('',#3535,#3672,#728,.T.);
#3079=EDGE_CURVE('',#3536,#3557,#729,.T.);
#3080=EDGE_CURVE('',#3533,#3556,#730,.T.);
#3081=EDGE_CURVE('',#3531,#3555,#731,.T.);
#3082=EDGE_CURVE('',#3532,#3554,#732,.T.);
#3083=EDGE_CURVE('',#3335,#3489,#411,.F.);
#3084=EDGE_CURVE('',#3551,#3488,#733,.T.);
#3085=EDGE_CURVE('',#3543,#3553,#734,.T.);
#3086=EDGE_CURVE('',#3552,#3493,#412,.F.);
#3087=EDGE_CURVE('',#3675,#3676,#413,.T.);
#3088=EDGE_CURVE('',#3676,#3267,#414,.F.);
#3089=EDGE_CURVE('',#3266,#3677,#415,.F.);
#3090=EDGE_CURVE('',#3677,#3646,#416,.T.);
#3091=EDGE_CURVE('',#3645,#3675,#417,.T.);
#3092=EDGE_CURVE('',#3262,#3261,#418,.T.);
#3093=EDGE_CURVE('',#3260,#3678,#419,.F.);
#3094=EDGE_CURVE('',#3678,#3642,#420,.T.);
#3095=EDGE_CURVE('',#3641,#3679,#421,.T.);
#3096=EDGE_CURVE('',#3679,#3263,#422,.T.);
#3097=EDGE_CURVE('',#3293,#3679,#735,.T.);
#3098=EDGE_CURVE('',#3294,#3641,#736,.T.);
#3099=EDGE_CURVE('',#3295,#3644,#737,.T.);
#3100=EDGE_CURVE('',#3534,#3643,#738,.T.);
#3101=EDGE_CURVE('',#3549,#3642,#739,.T.);
#3102=EDGE_CURVE('',#3303,#3678,#740,.T.);
#3103=EDGE_CURVE('',#3287,#3273,#741,.T.);
#3104=EDGE_CURVE('',#3288,#3272,#742,.T.);
#3105=EDGE_CURVE('',#3289,#3648,#743,.T.);
#3106=EDGE_CURVE('',#3605,#3647,#744,.T.);
#3107=EDGE_CURVE('',#3606,#3646,#745,.T.);
#3108=EDGE_CURVE('',#3301,#3677,#746,.T.);
#3109=EDGE_CURVE('',#3299,#3261,#747,.T.);
#3110=EDGE_CURVE('',#3262,#3300,#748,.T.);
#3111=EDGE_CURVE('',#3680,#3681,#423,.T.);
#3112=EDGE_CURVE('',#3681,#3348,#424,.T.);
#3113=EDGE_CURVE('',#3347,#3682,#425,.T.);
#3114=EDGE_CURVE('',#3682,#3683,#426,.T.);
#3115=EDGE_CURVE('',#3683,#3684,#427,.T.);
#3116=EDGE_CURVE('',#3684,#3346,#428,.T.);
#3117=EDGE_CURVE('',#3345,#3685,#429,.T.);
#3118=EDGE_CURVE('',#3685,#3680,#430,.T.);
#3119=EDGE_CURVE('',#3323,#3639,#749,.T.);
#3120=EDGE_CURVE('',#3324,#3638,#750,.T.);
#3121=EDGE_CURVE('',#3489,#3334,#751,.T.);
#3122=EDGE_CURVE('',#3490,#3333,#752,.T.);
#3123=EDGE_CURVE('',#3686,#3687,#431,.T.);
#3124=EDGE_CURVE('',#3687,#3688,#3966,.F.);
#3125=EDGE_CURVE('',#3688,#3689,#3967,.T.);
#3126=EDGE_CURVE('',#3689,#3690,#3968,.T.);
#3127=EDGE_CURVE('',#3690,#3691,#3969,.F.);
#3128=EDGE_CURVE('',#3691,#3692,#3970,.T.);
#3129=EDGE_CURVE('',#3692,#3693,#432,.T.);
#3130=EDGE_CURVE('',#3693,#3686,#3971,.T.);
#3131=EDGE_CURVE('',#3694,#3695,#3972,.T.);
#3132=EDGE_CURVE('',#3694,#3696,#753,.T.);
#3133=EDGE_CURVE('',#3697,#3696,#3973,.T.);
#3134=EDGE_CURVE('',#3697,#3695,#754,.F.);
#3135=EDGE_CURVE('',#3698,#3699,#3974,.T.);
#3136=EDGE_CURVE('',#3699,#3700,#755,.T.);
#3137=EDGE_CURVE('',#3700,#3701,#3975,.T.);
#3138=EDGE_CURVE('',#3701,#3698,#756,.F.);
#3139=EDGE_CURVE('',#3702,#3703,#3976,.T.);
#3140=EDGE_CURVE('',#3703,#3704,#3977,.F.);
#3141=EDGE_CURVE('',#3704,#3705,#3978,.T.);
#3142=EDGE_CURVE('',#3705,#3702,#3979,.T.);
#3143=EDGE_CURVE('',#3706,#3707,#3980,.F.);
#3144=EDGE_CURVE('',#3707,#3708,#3981,.T.);
#3145=EDGE_CURVE('',#3708,#3709,#3982,.F.);
#3146=EDGE_CURVE('',#3709,#3706,#3983,.F.);
#3147=EDGE_CURVE('',#3710,#3711,#3984,.F.);
#3148=EDGE_CURVE('',#3710,#3712,#757,.T.);
#3149=EDGE_CURVE('',#3713,#3712,#3985,.T.);
#3150=EDGE_CURVE('',#3713,#3711,#758,.F.);
#3151=EDGE_CURVE('',#3714,#3715,#3986,.T.);
#3152=EDGE_CURVE('',#3715,#3716,#759,.T.);
#3153=EDGE_CURVE('',#3716,#3717,#3987,.F.);
#3154=EDGE_CURVE('',#3717,#3714,#760,.F.);
#3155=EDGE_CURVE('',#3713,#3690,#761,.T.);
#3156=EDGE_CURVE('',#3711,#3690,#762,.T.);
#3157=EDGE_CURVE('',#3696,#3710,#3988,.T.);
#3158=EDGE_CURVE('',#3711,#3697,#3989,.F.);
#3159=EDGE_CURVE('',#3697,#3689,#763,.T.);
#3160=EDGE_CURVE('',#3695,#3689,#764,.T.);
#3161=EDGE_CURVE('',#3718,#3719,#189,.T.);
#3162=EDGE_CURVE('',#3719,#3694,#3990,.T.);
#3163=EDGE_CURVE('',#3695,#3718,#3991,.T.);
#3164=EDGE_CURVE('',#3708,#3306,#765,.T.);
#3165=EDGE_CURVE('',#3305,#3709,#766,.F.);
#3166=EDGE_CURVE('',#3315,#3703,#767,.T.);
#3167=EDGE_CURVE('',#3702,#3316,#768,.F.);
#3168=EDGE_CURVE('',#3700,#3720,#3992,.F.);
#3169=EDGE_CURVE('',#3720,#3721,#190,.T.);
#3170=EDGE_CURVE('',#3721,#3701,#3993,.F.);
#3171=EDGE_CURVE('',#3701,#3278,#769,.T.);
#3172=EDGE_CURVE('',#3698,#3278,#770,.T.);
#3173=EDGE_CURVE('',#3716,#3699,#3994,.F.);
#3174=EDGE_CURVE('',#3698,#3717,#3995,.T.);
#3175=EDGE_CURVE('',#3712,#3722,#3996,.T.);
#3176=EDGE_CURVE('',#3722,#3723,#771,.T.);
#3177=EDGE_CURVE('',#3723,#3724,#772,.T.);
#3178=EDGE_CURVE('',#3724,#3725,#773,.T.);
#3179=EDGE_CURVE('',#3725,#3715,#3997,.F.);
#3180=EDGE_CURVE('',#3714,#3726,#3998,.F.);
#3181=EDGE_CURVE('',#3726,#3727,#3999,.T.);
#3182=EDGE_CURVE('',#3727,#3713,#4000,.T.);
#3183=EDGE_CURVE('',#3717,#3285,#774,.T.);
#3184=EDGE_CURVE('',#3714,#3285,#775,.T.);
#3185=EDGE_CURVE('',#3726,#3728,#776,.F.);
#3186=EDGE_CURVE('',#3729,#3728,#4001,.F.);
#3187=EDGE_CURVE('',#3727,#3729,#777,.T.);
#3188=EDGE_CURVE('',#3727,#3691,#778,.F.);
#3189=EDGE_CURVE('',#3688,#3718,#433,.T.);
#3190=EDGE_CURVE('',#3721,#3279,#434,.T.);
#3191=EDGE_CURVE('',#3726,#3284,#779,.T.);
#3192=EDGE_CURVE('',#3729,#3691,#780,.T.);
#3193=EDGE_CURVE('',#3284,#3728,#781,.T.);
#3194=EDGE_CURVE('',#3728,#3730,#4002,.F.);
#3195=EDGE_CURVE('',#3730,#3731,#191,.T.);
#3196=EDGE_CURVE('',#3731,#3729,#4003,.F.);
#3197=EDGE_CURVE('',#3283,#3732,#435,.T.);
#3198=EDGE_CURVE('',#3732,#3730,#782,.T.);
#3199=EDGE_CURVE('',#3731,#3733,#783,.F.);
#3200=EDGE_CURVE('',#3733,#3692,#436,.T.);
#3201=EDGE_CURVE('',#3349,#3311,#437,.T.);
#3202=EDGE_CURVE('',#3310,#3350,#438,.T.);
#3203=EDGE_CURVE('',#3720,#3703,#439,.T.);
#3204=EDGE_CURVE('',#3704,#3700,#784,.T.);
#3205=EDGE_CURVE('',#3704,#3699,#785,.T.);
#3206=EDGE_CURVE('',#3705,#3716,#786,.T.);
#3207=EDGE_CURVE('',#3705,#3715,#787,.T.);
#3208=EDGE_CURVE('',#3702,#3725,#788,.T.);
#3209=EDGE_CURVE('',#3316,#3724,#789,.T.);
#3210=EDGE_CURVE('',#3305,#3723,#790,.T.);
#3211=EDGE_CURVE('',#3709,#3722,#791,.T.);
#3212=EDGE_CURVE('',#3706,#3712,#792,.T.);
#3213=EDGE_CURVE('',#3706,#3710,#793,.T.);
#3214=EDGE_CURVE('',#3707,#3696,#794,.T.);
#3215=EDGE_CURVE('',#3707,#3694,#795,.T.);
#3216=EDGE_CURVE('',#3719,#3708,#440,.F.);
#3217=EDGE_CURVE('',#3276,#3734,#441,.T.);
#3218=EDGE_CURVE('',#3734,#3735,#442,.T.);
#3219=EDGE_CURVE('',#3277,#3735,#796,.T.);
#3220=EDGE_CURVE('',#3735,#3733,#443,.T.);
#3221=EDGE_CURVE('',#3277,#3731,#797,.T.);
#3222=EDGE_CURVE('',#3274,#3730,#798,.T.);
#3223=EDGE_CURVE('',#3732,#3736,#444,.T.);
#3224=EDGE_CURVE('',#3274,#3736,#799,.T.);
#3225=EDGE_CURVE('',#3736,#3737,#445,.T.);
#3226=EDGE_CURVE('',#3737,#3275,#446,.T.);
#3227=EDGE_CURVE('',#3720,#3314,#800,.F.);
#3228=EDGE_CURVE('',#3721,#3313,#801,.T.);
#3229=EDGE_CURVE('',#3279,#3312,#802,.T.);
#3230=EDGE_CURVE('',#3280,#3311,#803,.T.);
#3231=EDGE_CURVE('',#3281,#3349,#804,.T.);
#3232=EDGE_CURVE('',#3282,#3348,#805,.T.);
#3233=EDGE_CURVE('',#3283,#3681,#806,.T.);
#3234=EDGE_CURVE('',#3732,#3680,#807,.T.);
#3235=EDGE_CURVE('',#3736,#3685,#808,.T.);
#3236=EDGE_CURVE('',#3737,#3345,#809,.T.);
#3237=EDGE_CURVE('',#3275,#3344,#810,.T.);
#3238=EDGE_CURVE('',#3276,#3343,#811,.T.);
#3239=EDGE_CURVE('',#3734,#3346,#812,.T.);
#3240=EDGE_CURVE('',#3735,#3684,#813,.T.);
#3241=EDGE_CURVE('',#3733,#3683,#814,.T.);
#3242=EDGE_CURVE('',#3692,#3682,#815,.T.);
#3243=EDGE_CURVE('',#3693,#3347,#816,.T.);
#3244=EDGE_CURVE('',#3686,#3350,#817,.T.);
#3245=EDGE_CURVE('',#3687,#3310,#818,.T.);
#3246=EDGE_CURVE('',#3688,#3309,#819,.T.);
#3247=EDGE_CURVE('',#3718,#3308,#820,.T.);
#3248=EDGE_CURVE('',#3719,#3307,#821,.T.);
#3249=EDGE_CURVE('',#3371,#3268,#447,.T.);
#3250=EDGE_CURVE('',#3269,#3369,#448,.T.);
#3251=EDGE_CURVE('',#3370,#3256,#4004,.T.);
#3252=EDGE_CURVE('',#3270,#3376,#449,.T.);
#3253=EDGE_CURVE('',#3676,#3372,#450,.T.);
#3254=EDGE_CURVE('',#3373,#3675,#451,.T.);
#3255=VERTEX_POINT('',#7842);
#3256=VERTEX_POINT('',#7843);
#3257=VERTEX_POINT('',#7845);
#3258=VERTEX_POINT('',#7847);
#3259=VERTEX_POINT('',#7849);
#3260=VERTEX_POINT('',#7851);
#3261=VERTEX_POINT('',#7853);
#3262=VERTEX_POINT('',#7855);
#3263=VERTEX_POINT('',#7857);
#3264=VERTEX_POINT('',#7859);
#3265=VERTEX_POINT('',#7861);
#3266=VERTEX_POINT('',#7863);
#3267=VERTEX_POINT('',#7865);
#3268=VERTEX_POINT('',#7867);
#3269=VERTEX_POINT('',#7869);
#3270=VERTEX_POINT('',#7876);
#3271=VERTEX_POINT('',#7882);
#3272=VERTEX_POINT('',#7884);
#3273=VERTEX_POINT('',#7889);
#3274=VERTEX_POINT('',#7896);
#3275=VERTEX_POINT('',#7897);
#3276=VERTEX_POINT('',#7899);
#3277=VERTEX_POINT('',#7901);
#3278=VERTEX_POINT('',#7905);
#3279=VERTEX_POINT('',#7906);
#3280=VERTEX_POINT('',#7908);
#3281=VERTEX_POINT('',#7913);
#3282=VERTEX_POINT('',#7915);
#3283=VERTEX_POINT('',#7920);
#3284=VERTEX_POINT('',#7922);
#3285=VERTEX_POINT('',#7924);
#3286=VERTEX_POINT('',#7928);
#3287=VERTEX_POINT('',#7929);
#3288=VERTEX_POINT('',#7934);
#3289=VERTEX_POINT('',#7936);
#3290=VERTEX_POINT('',#7938);
#3291=VERTEX_POINT('',#7944);
#3292=VERTEX_POINT('',#7948);
#3293=VERTEX_POINT('',#7949);
#3294=VERTEX_POINT('',#7954);
#3295=VERTEX_POINT('',#7956);
#3296=VERTEX_POINT('',#7958);
#3297=VERTEX_POINT('',#7964);
#3298=VERTEX_POINT('',#7968);
#3299=VERTEX_POINT('',#7974);
#3300=VERTEX_POINT('',#7975);
#3301=VERTEX_POINT('',#7979);
#3302=VERTEX_POINT('',#7980);
#3303=VERTEX_POINT('',#8013);
#3304=VERTEX_POINT('',#8014);
#3305=VERTEX_POINT('',#8027);
#3306=VERTEX_POINT('',#8028);
#3307=VERTEX_POINT('',#8033);
#3308=VERTEX_POINT('',#8035);
#3309=VERTEX_POINT('',#8040);
#3310=VERTEX_POINT('',#8042);
#3311=VERTEX_POINT('',#8044);
#3312=VERTEX_POINT('',#8046);
#3313=VERTEX_POINT('',#8051);
#3314=VERTEX_POINT('',#8053);
#3315=VERTEX_POINT('',#8058);
#3316=VERTEX_POINT('',#8060);
#3317=VERTEX_POINT('',#8063);
#3318=VERTEX_POINT('',#8064);
#3319=VERTEX_POINT('',#8066);
#3320=VERTEX_POINT('',#8071);
#3321=VERTEX_POINT('',#8073);
#3322=VERTEX_POINT('',#8078);
#3323=VERTEX_POINT('',#8093);
#3324=VERTEX_POINT('',#8094);
#3325=VERTEX_POINT('',#8100);
#3326=VERTEX_POINT('',#8105);
#3327=VERTEX_POINT('',#8110);
#3328=VERTEX_POINT('',#8116);
#3329=VERTEX_POINT('',#8118);
#3330=VERTEX_POINT('',#8124);
#3331=VERTEX_POINT('',#8129);
#3332=VERTEX_POINT('',#8134);
#3333=VERTEX_POINT('',#8140);
#3334=VERTEX_POINT('',#8153);
#3335=VERTEX_POINT('',#8159);
#3336=VERTEX_POINT('',#8164);
#3337=VERTEX_POINT('',#8169);
#3338=VERTEX_POINT('',#8175);
#3339=VERTEX_POINT('',#8177);
#3340=VERTEX_POINT('',#8183);
#3341=VERTEX_POINT('',#8188);
#3342=VERTEX_POINT('',#8193);
#3343=VERTEX_POINT('',#8200);
#3344=VERTEX_POINT('',#8201);
#3345=VERTEX_POINT('',#8206);
#3346=VERTEX_POINT('',#8208);
#3347=VERTEX_POINT('',#8215);
#3348=VERTEX_POINT('',#8216);
#3349=VERTEX_POINT('',#8218);
#3350=VERTEX_POINT('',#8220);
#3351=VERTEX_POINT('',#8235);
#3352=VERTEX_POINT('',#8237);
#3353=VERTEX_POINT('',#8241);
#3354=VERTEX_POINT('',#8256);
#3355=VERTEX_POINT('',#8263);
#3356=VERTEX_POINT('',#8270);
#3357=VERTEX_POINT('',#8272);
#3358=VERTEX_POINT('',#8277);
#3359=VERTEX_POINT('',#8282);
#3360=VERTEX_POINT('',#8284);
#3361=VERTEX_POINT('',#8289);
#3362=VERTEX_POINT('',#8294);
#3363=VERTEX_POINT('',#8296);
#3364=VERTEX_POINT('',#8314);
#3365=VERTEX_POINT('',#8319);
#3366=VERTEX_POINT('',#8334);
#3367=VERTEX_POINT('',#8344);
#3368=VERTEX_POINT('',#8346);
#3369=VERTEX_POINT('',#8357);
#3370=VERTEX_POINT('',#8358);
#3371=VERTEX_POINT('',#8360);
#3372=VERTEX_POINT('',#8362);
#3373=VERTEX_POINT('',#8364);
#3374=VERTEX_POINT('',#8369);
#3375=VERTEX_POINT('',#8371);
#3376=VERTEX_POINT('',#8373);
#3377=VERTEX_POINT('',#8377);
#3378=VERTEX_POINT('',#8379);
#3379=VERTEX_POINT('',#8381);
#3380=VERTEX_POINT('',#8383);
#3381=VERTEX_POINT('',#8385);
#3382=VERTEX_POINT('',#8387);
#3383=VERTEX_POINT('',#8389);
#3384=VERTEX_POINT('',#8391);
#3385=VERTEX_POINT('',#8393);
#3386=VERTEX_POINT('',#8395);
#3387=VERTEX_POINT('',#8397);
#3388=VERTEX_POINT('',#8399);
#3389=VERTEX_POINT('',#8401);
#3390=VERTEX_POINT('',#8403);
#3391=VERTEX_POINT('',#8405);
#3392=VERTEX_POINT('',#8407);
#3393=VERTEX_POINT('',#8409);
#3394=VERTEX_POINT('',#8411);
#3395=VERTEX_POINT('',#8413);
#3396=VERTEX_POINT('',#8415);
#3397=VERTEX_POINT('',#8417);
#3398=VERTEX_POINT('',#8419);
#3399=VERTEX_POINT('',#8420);
#3400=VERTEX_POINT('',#8422);
#3401=VERTEX_POINT('',#8424);
#3402=VERTEX_POINT('',#8431);
#3403=VERTEX_POINT('',#8436);
#3404=VERTEX_POINT('',#8440);
#3405=VERTEX_POINT('',#8444);
#3406=VERTEX_POINT('',#8477);
#3407=VERTEX_POINT('',#8479);
#3408=VERTEX_POINT('',#8507);
#3409=VERTEX_POINT('',#8514);
#3410=VERTEX_POINT('',#8520);
#3411=VERTEX_POINT('',#8535);
#3412=VERTEX_POINT('',#8555);
#3413=VERTEX_POINT('',#8559);
#3414=VERTEX_POINT('',#8567);
#3415=VERTEX_POINT('',#8569);
#3416=VERTEX_POINT('',#8572);
#3417=VERTEX_POINT('',#8573);
#3418=VERTEX_POINT('',#8575);
#3419=VERTEX_POINT('',#8577);
#3420=VERTEX_POINT('',#8579);
#3421=VERTEX_POINT('',#8581);
#3422=VERTEX_POINT('',#8584);
#3423=VERTEX_POINT('',#8585);
#3424=VERTEX_POINT('',#8587);
#3425=VERTEX_POINT('',#8589);
#3426=VERTEX_POINT('',#8591);
#3427=VERTEX_POINT('',#8593);
#3428=VERTEX_POINT('',#8596);
#3429=VERTEX_POINT('',#8597);
#3430=VERTEX_POINT('',#8599);
#3431=VERTEX_POINT('',#8601);
#3432=VERTEX_POINT('',#8603);
#3433=VERTEX_POINT('',#8605);
#3434=VERTEX_POINT('',#8608);
#3435=VERTEX_POINT('',#8609);
#3436=VERTEX_POINT('',#8611);
#3437=VERTEX_POINT('',#8613);
#3438=VERTEX_POINT('',#8615);
#3439=VERTEX_POINT('',#8617);
#3440=VERTEX_POINT('',#8630);
#3441=VERTEX_POINT('',#8632);
#3442=VERTEX_POINT('',#8636);
#3443=VERTEX_POINT('',#8640);
#3444=VERTEX_POINT('',#8644);
#3445=VERTEX_POINT('',#8648);
#3446=VERTEX_POINT('',#8654);
#3447=VERTEX_POINT('',#8656);
#3448=VERTEX_POINT('',#8660);
#3449=VERTEX_POINT('',#8664);
#3450=VERTEX_POINT('',#8668);
#3451=VERTEX_POINT('',#8672);
#3452=VERTEX_POINT('',#8678);
#3453=VERTEX_POINT('',#8680);
#3454=VERTEX_POINT('',#8684);
#3455=VERTEX_POINT('',#8688);
#3456=VERTEX_POINT('',#8692);
#3457=VERTEX_POINT('',#8696);
#3458=VERTEX_POINT('',#8702);
#3459=VERTEX_POINT('',#8704);
#3460=VERTEX_POINT('',#8708);
#3461=VERTEX_POINT('',#8712);
#3462=VERTEX_POINT('',#8716);
#3463=VERTEX_POINT('',#8720);
#3464=VERTEX_POINT('',#8726);
#3465=VERTEX_POINT('',#8728);
#3466=VERTEX_POINT('',#8732);
#3467=VERTEX_POINT('',#8736);
#3468=VERTEX_POINT('',#8740);
#3469=VERTEX_POINT('',#8744);
#3470=VERTEX_POINT('',#8750);
#3471=VERTEX_POINT('',#8752);
#3472=VERTEX_POINT('',#8756);
#3473=VERTEX_POINT('',#8760);
#3474=VERTEX_POINT('',#8764);
#3475=VERTEX_POINT('',#8768);
#3476=VERTEX_POINT('',#8774);
#3477=VERTEX_POINT('',#8776);
#3478=VERTEX_POINT('',#8780);
#3479=VERTEX_POINT('',#8784);
#3480=VERTEX_POINT('',#8788);
#3481=VERTEX_POINT('',#8792);
#3482=VERTEX_POINT('',#8798);
#3483=VERTEX_POINT('',#8800);
#3484=VERTEX_POINT('',#8804);
#3485=VERTEX_POINT('',#8808);
#3486=VERTEX_POINT('',#8812);
#3487=VERTEX_POINT('',#8816);
#3488=VERTEX_POINT('',#8829);
#3489=VERTEX_POINT('',#8830);
#3490=VERTEX_POINT('',#8832);
#3491=VERTEX_POINT('',#8837);
#3492=VERTEX_POINT('',#8839);
#3493=VERTEX_POINT('',#8841);
#3494=VERTEX_POINT('',#8845);
#3495=VERTEX_POINT('',#8846);
#3496=VERTEX_POINT('',#8852);
#3497=VERTEX_POINT('',#8854);
#3498=VERTEX_POINT('',#8858);
#3499=VERTEX_POINT('',#8859);
#3500=VERTEX_POINT('',#8864);
#3501=VERTEX_POINT('',#8865);
#3502=VERTEX_POINT('',#8867);
#3503=VERTEX_POINT('',#8869);
#3504=VERTEX_POINT('',#8873);
#3505=VERTEX_POINT('',#8875);
#3506=VERTEX_POINT('',#8883);
#3507=VERTEX_POINT('',#8884);
#3508=VERTEX_POINT('',#8886);
#3509=VERTEX_POINT('',#8888);
#3510=VERTEX_POINT('',#8892);
#3511=VERTEX_POINT('',#8893);
#3512=VERTEX_POINT('',#8898);
#3513=VERTEX_POINT('',#8923);
#3514=VERTEX_POINT('',#8925);
#3515=VERTEX_POINT('',#8935);
#3516=VERTEX_POINT('',#8939);
#3517=VERTEX_POINT('',#8948);
#3518=VERTEX_POINT('',#8950);
#3519=VERTEX_POINT('',#8954);
#3520=VERTEX_POINT('',#8958);
#3521=VERTEX_POINT('',#8960);
#3522=VERTEX_POINT('',#8962);
#3523=VERTEX_POINT('',#8964);
#3524=VERTEX_POINT('',#8966);
#3525=VERTEX_POINT('',#8984);
#3526=VERTEX_POINT('',#8992);
#3527=VERTEX_POINT('',#8996);
#3528=VERTEX_POINT('',#9000);
#3529=VERTEX_POINT('',#9004);
#3530=VERTEX_POINT('',#9012);
#3531=VERTEX_POINT('',#9015);
#3532=VERTEX_POINT('',#9017);
#3533=VERTEX_POINT('',#9021);
#3534=VERTEX_POINT('',#9028);
#3535=VERTEX_POINT('',#9030);
#3536=VERTEX_POINT('',#9035);
#3537=VERTEX_POINT('',#9038);
#3538=VERTEX_POINT('',#9040);
#3539=VERTEX_POINT('',#9047);
#3540=VERTEX_POINT('',#9074);
#3541=VERTEX_POINT('',#9083);
#3542=VERTEX_POINT('',#9110);
#3543=VERTEX_POINT('',#9121);
#3544=VERTEX_POINT('',#9125);
#3545=VERTEX_POINT('',#9128);
#3546=VERTEX_POINT('',#9132);
#3547=VERTEX_POINT('',#9136);
#3548=VERTEX_POINT('',#9143);
#3549=VERTEX_POINT('',#9148);
#3550=VERTEX_POINT('',#9154);
#3551=VERTEX_POINT('',#9162);
#3552=VERTEX_POINT('',#9163);
#3553=VERTEX_POINT('',#9165);
#3554=VERTEX_POINT('',#9167);
#3555=VERTEX_POINT('',#9169);
#3556=VERTEX_POINT('',#9171);
#3557=VERTEX_POINT('',#9173);
#3558=VERTEX_POINT('',#9183);
#3559=VERTEX_POINT('',#9184);
#3560=VERTEX_POINT('',#9186);
#3561=VERTEX_POINT('',#9188);
#3562=VERTEX_POINT('',#9190);
#3563=VERTEX_POINT('',#9192);
#3564=VERTEX_POINT('',#9194);
#3565=VERTEX_POINT('',#9198);
#3566=VERTEX_POINT('',#9199);
#3567=VERTEX_POINT('',#9201);
#3568=VERTEX_POINT('',#9203);
#3569=VERTEX_POINT('',#9211);
#3570=VERTEX_POINT('',#9212);
#3571=VERTEX_POINT('',#9217);
#3572=VERTEX_POINT('',#9218);
#3573=VERTEX_POINT('',#9220);
#3574=VERTEX_POINT('',#9222);
#3575=VERTEX_POINT('',#9226);
#3576=VERTEX_POINT('',#9232);
#3577=VERTEX_POINT('',#9236);
#3578=VERTEX_POINT('',#9237);
#3579=VERTEX_POINT('',#9239);
#3580=VERTEX_POINT('',#9241);
#3581=VERTEX_POINT('',#9245);
#3582=VERTEX_POINT('',#9246);
#3583=VERTEX_POINT('',#9251);
#3584=VERTEX_POINT('',#9276);
#3585=VERTEX_POINT('',#9283);
#3586=VERTEX_POINT('',#9288);
#3587=VERTEX_POINT('',#9292);
#3588=VERTEX_POINT('',#9301);
#3589=VERTEX_POINT('',#9303);
#3590=VERTEX_POINT('',#9307);
#3591=VERTEX_POINT('',#9311);
#3592=VERTEX_POINT('',#9313);
#3593=VERTEX_POINT('',#9315);
#3594=VERTEX_POINT('',#9317);
#3595=VERTEX_POINT('',#9319);
#3596=VERTEX_POINT('',#9341);
#3597=VERTEX_POINT('',#9345);
#3598=VERTEX_POINT('',#9349);
#3599=VERTEX_POINT('',#9353);
#3600=VERTEX_POINT('',#9357);
#3601=VERTEX_POINT('',#9365);
#3602=VERTEX_POINT('',#9368);
#3603=VERTEX_POINT('',#9370);
#3604=VERTEX_POINT('',#9374);
#3605=VERTEX_POINT('',#9378);
#3606=VERTEX_POINT('',#9379);
#3607=VERTEX_POINT('',#9385);
#3608=VERTEX_POINT('',#9391);
#3609=VERTEX_POINT('',#9395);
#3610=VERTEX_POINT('',#9427);
#3611=VERTEX_POINT('',#9431);
#3612=VERTEX_POINT('',#9463);
#3613=VERTEX_POINT('',#9469);
#3614=VERTEX_POINT('',#9473);
#3615=VERTEX_POINT('',#9483);
#3616=VERTEX_POINT('',#9485);
#3617=VERTEX_POINT('',#9488);
#3618=VERTEX_POINT('',#9495);
#3619=VERTEX_POINT('',#9499);
#3620=VERTEX_POINT('',#9503);
#3621=VERTEX_POINT('',#9507);
#3622=VERTEX_POINT('',#9508);
#3623=VERTEX_POINT('',#9513);
#3624=VERTEX_POINT('',#9514);
#3625=VERTEX_POINT('',#9516);
#3626=VERTEX_POINT('',#9521);
#3627=VERTEX_POINT('',#9523);
#3628=VERTEX_POINT('',#9525);
#3629=VERTEX_POINT('',#9527);
#3630=VERTEX_POINT('',#9531);
#3631=VERTEX_POINT('',#9532);
#3632=VERTEX_POINT('',#9534);
#3633=VERTEX_POINT('',#9536);
#3634=VERTEX_POINT('',#9538);
#3635=VERTEX_POINT('',#9540);
#3636=VERTEX_POINT('',#9542);
#3637=VERTEX_POINT('',#9552);
#3638=VERTEX_POINT('',#9553);
#3639=VERTEX_POINT('',#9555);
#3640=VERTEX_POINT('',#9560);
#3641=VERTEX_POINT('',#9565);
#3642=VERTEX_POINT('',#9566);
#3643=VERTEX_POINT('',#9575);
#3644=VERTEX_POINT('',#9580);
#3645=VERTEX_POINT('',#9596);
#3646=VERTEX_POINT('',#9598);
#3647=VERTEX_POINT('',#9607);
#3648=VERTEX_POINT('',#9612);
#3649=VERTEX_POINT('',#9621);
#3650=VERTEX_POINT('',#9624);
#3651=VERTEX_POINT('',#9627);
#3652=VERTEX_POINT('',#9630);
#3653=VERTEX_POINT('',#9633);
#3654=VERTEX_POINT('',#9636);
#3655=VERTEX_POINT('',#9639);
#3656=VERTEX_POINT('',#9642);
#3657=VERTEX_POINT('',#9645);
#3658=VERTEX_POINT('',#9648);
#3659=VERTEX_POINT('',#9651);
#3660=VERTEX_POINT('',#9654);
#3661=VERTEX_POINT('',#9657);
#3662=VERTEX_POINT('',#9660);
#3663=VERTEX_POINT('',#9663);
#3664=VERTEX_POINT('',#9666);
#3665=VERTEX_POINT('',#9669);
#3666=VERTEX_POINT('',#9672);
#3667=VERTEX_POINT('',#9675);
#3668=VERTEX_POINT('',#9678);
#3669=VERTEX_POINT('',#9681);
#3670=VERTEX_POINT('',#9684);
#3671=VERTEX_POINT('',#9706);
#3672=VERTEX_POINT('',#9732);
#3673=VERTEX_POINT('',#9753);
#3674=VERTEX_POINT('',#9779);
#3675=VERTEX_POINT('',#10372);
#3676=VERTEX_POINT('',#10373);
#3677=VERTEX_POINT('',#10382);
#3678=VERTEX_POINT('',#10401);
#3679=VERTEX_POINT('',#10410);
#3680=VERTEX_POINT('',#10643);
#3681=VERTEX_POINT('',#10644);
#3682=VERTEX_POINT('',#10653);
#3683=VERTEX_POINT('',#10658);
#3684=VERTEX_POINT('',#10663);
#3685=VERTEX_POINT('',#10676);
#3686=VERTEX_POINT('',#10792);
#3687=VERTEX_POINT('',#10793);
#3688=VERTEX_POINT('',#10795);
#3689=VERTEX_POINT('',#10797);
#3690=VERTEX_POINT('',#10799);
#3691=VERTEX_POINT('',#10801);
#3692=VERTEX_POINT('',#10803);
#3693=VERTEX_POINT('',#10808);
#3694=VERTEX_POINT('',#10812);
#3695=VERTEX_POINT('',#10813);
#3696=VERTEX_POINT('',#10815);
#3697=VERTEX_POINT('',#10817);
#3698=VERTEX_POINT('',#10821);
#3699=VERTEX_POINT('',#10822);
#3700=VERTEX_POINT('',#10824);
#3701=VERTEX_POINT('',#10826);
#3702=VERTEX_POINT('',#10830);
#3703=VERTEX_POINT('',#10831);
#3704=VERTEX_POINT('',#10833);
#3705=VERTEX_POINT('',#10835);
#3706=VERTEX_POINT('',#10839);
#3707=VERTEX_POINT('',#10840);
#3708=VERTEX_POINT('',#10842);
#3709=VERTEX_POINT('',#10844);
#3710=VERTEX_POINT('',#10848);
#3711=VERTEX_POINT('',#10849);
#3712=VERTEX_POINT('',#10851);
#3713=VERTEX_POINT('',#10853);
#3714=VERTEX_POINT('',#10857);
#3715=VERTEX_POINT('',#10858);
#3716=VERTEX_POINT('',#10860);
#3717=VERTEX_POINT('',#10862);
#3718=VERTEX_POINT('',#10875);
#3719=VERTEX_POINT('',#10876);
#3720=VERTEX_POINT('',#10887);
#3721=VERTEX_POINT('',#10889);
#3722=VERTEX_POINT('',#10899);
#3723=VERTEX_POINT('',#10901);
#3724=VERTEX_POINT('',#10903);
#3725=VERTEX_POINT('',#10905);
#3726=VERTEX_POINT('',#10908);
#3727=VERTEX_POINT('',#10910);
#3728=VERTEX_POINT('',#10917);
#3729=VERTEX_POINT('',#10919);
#3730=VERTEX_POINT('',#10943);
#3731=VERTEX_POINT('',#10945);
#3732=VERTEX_POINT('',#10952);
#3733=VERTEX_POINT('',#10956);
#3734=VERTEX_POINT('',#11008);
#3735=VERTEX_POINT('',#11015);
#3736=VERTEX_POINT('',#11041);
#3737=VERTEX_POINT('',#11050);
#3738=LINE('',#7841,#4005);
#3739=LINE('',#7846,#4006);
#3740=LINE('',#7850,#4007);
#3741=LINE('',#7858,#4008);
#3742=LINE('',#7862,#4009);
#3743=LINE('',#7866,#4010);
#3744=LINE('',#7870,#4011);
#3745=LINE('',#7895,#4012);
#3746=LINE('',#7900,#4013);
#3747=LINE('',#7904,#4014);
#3748=LINE('',#7907,#4015);
#3749=LINE('',#7914,#4016);
#3750=LINE('',#7921,#4017);
#3751=LINE('',#7923,#4018);
#3752=LINE('',#7925,#4019);
#3753=LINE('',#7927,#4020);
#3754=LINE('',#7937,#4021);
#3755=LINE('',#7947,#4022);
#3756=LINE('',#7957,#4023);
#3757=LINE('',#7978,#4024);
#3758=LINE('',#8012,#4025);
#3759=LINE('',#8026,#4026);
#3760=LINE('',#8041,#4027);
#3761=LINE('',#8045,#4028);
#3762=LINE('',#8059,#4029);
#3763=LINE('',#8217,#4030);
#3764=LINE('',#8221,#4031);
#3765=LINE('',#8339,#4032);
#3766=LINE('',#8345,#4033);
#3767=LINE('',#8354,#4034);
#3768=LINE('',#8356,#4035);
#3769=LINE('',#8361,#4036);
#3770=LINE('',#8363,#4037);
#3771=LINE('',#8372,#4038);
#3772=LINE('',#8374,#4039);
#3773=LINE('',#8418,#4040);
#3774=LINE('',#8423,#4041);
#3775=LINE('',#8437,#4042);
#3776=LINE('',#8443,#4043);
#3777=LINE('',#8478,#4044);
#3778=LINE('',#8554,#4045);
#3779=LINE('',#8556,#4046);
#3780=LINE('',#8560,#4047);
#3781=LINE('',#8562,#4048);
#3782=LINE('',#8566,#4049);
#3783=LINE('',#8570,#4050);
#3784=LINE('',#8571,#4051);
#3785=LINE('',#8574,#4052);
#3786=LINE('',#8576,#4053);
#3787=LINE('',#8578,#4054);
#3788=LINE('',#8580,#4055);
#3789=LINE('',#8582,#4056);
#3790=LINE('',#8583,#4057);
#3791=LINE('',#8586,#4058);
#3792=LINE('',#8588,#4059);
#3793=LINE('',#8590,#4060);
#3794=LINE('',#8592,#4061);
#3795=LINE('',#8594,#4062);
#3796=LINE('',#8595,#4063);
#3797=LINE('',#8598,#4064);
#3798=LINE('',#8600,#4065);
#3799=LINE('',#8602,#4066);
#3800=LINE('',#8604,#4067);
#3801=LINE('',#8606,#4068);
#3802=LINE('',#8607,#4069);
#3803=LINE('',#8610,#4070);
#3804=LINE('',#8612,#4071);
#3805=LINE('',#8614,#4072);
#3806=LINE('',#8616,#4073);
#3807=LINE('',#8618,#4074);
#3808=LINE('',#8629,#4075);
#3809=LINE('',#8631,#4076);
#3810=LINE('',#8633,#4077);
#3811=LINE('',#8635,#4078);
#3812=LINE('',#8637,#4079);
#3813=LINE('',#8639,#4080);
#3814=LINE('',#8641,#4081);
#3815=LINE('',#8643,#4082);
#3816=LINE('',#8645,#4083);
#3817=LINE('',#8647,#4084);
#3818=LINE('',#8649,#4085);
#3819=LINE('',#8651,#4086);
#3820=LINE('',#8653,#4087);
#3821=LINE('',#8655,#4088);
#3822=LINE('',#8657,#4089);
#3823=LINE('',#8659,#4090);
#3824=LINE('',#8661,#4091);
#3825=LINE('',#8663,#4092);
#3826=LINE('',#8665,#4093);
#3827=LINE('',#8667,#4094);
#3828=LINE('',#8669,#4095);
#3829=LINE('',#8671,#4096);
#3830=LINE('',#8673,#4097);
#3831=LINE('',#8675,#4098);
#3832=LINE('',#8677,#4099);
#3833=LINE('',#8679,#4100);
#3834=LINE('',#8681,#4101);
#3835=LINE('',#8683,#4102);
#3836=LINE('',#8685,#4103);
#3837=LINE('',#8687,#4104);
#3838=LINE('',#8689,#4105);
#3839=LINE('',#8691,#4106);
#3840=LINE('',#8693,#4107);
#3841=LINE('',#8695,#4108);
#3842=LINE('',#8697,#4109);
#3843=LINE('',#8699,#4110);
#3844=LINE('',#8701,#4111);
#3845=LINE('',#8703,#4112);
#3846=LINE('',#8705,#4113);
#3847=LINE('',#8707,#4114);
#3848=LINE('',#8709,#4115);
#3849=LINE('',#8711,#4116);
#3850=LINE('',#8713,#4117);
#3851=LINE('',#8715,#4118);
#3852=LINE('',#8717,#4119);
#3853=LINE('',#8719,#4120);
#3854=LINE('',#8721,#4121);
#3855=LINE('',#8723,#4122);
#3856=LINE('',#8725,#4123);
#3857=LINE('',#8727,#4124);
#3858=LINE('',#8729,#4125);
#3859=LINE('',#8731,#4126);
#3860=LINE('',#8733,#4127);
#3861=LINE('',#8735,#4128);
#3862=LINE('',#8737,#4129);
#3863=LINE('',#8739,#4130);
#3864=LINE('',#8741,#4131);
#3865=LINE('',#8743,#4132);
#3866=LINE('',#8745,#4133);
#3867=LINE('',#8747,#4134);
#3868=LINE('',#8749,#4135);
#3869=LINE('',#8751,#4136);
#3870=LINE('',#8753,#4137);
#3871=LINE('',#8755,#4138);
#3872=LINE('',#8757,#4139);
#3873=LINE('',#8759,#4140);
#3874=LINE('',#8761,#4141);
#3875=LINE('',#8763,#4142);
#3876=LINE('',#8765,#4143);
#3877=LINE('',#8767,#4144);
#3878=LINE('',#8769,#4145);
#3879=LINE('',#8771,#4146);
#3880=LINE('',#8773,#4147);
#3881=LINE('',#8775,#4148);
#3882=LINE('',#8777,#4149);
#3883=LINE('',#8779,#4150);
#3884=LINE('',#8781,#4151);
#3885=LINE('',#8783,#4152);
#3886=LINE('',#8785,#4153);
#3887=LINE('',#8787,#4154);
#3888=LINE('',#8789,#4155);
#3889=LINE('',#8791,#4156);
#3890=LINE('',#8793,#4157);
#3891=LINE('',#8795,#4158);
#3892=LINE('',#8797,#4159);
#3893=LINE('',#8799,#4160);
#3894=LINE('',#8801,#4161);
#3895=LINE('',#8803,#4162);
#3896=LINE('',#8805,#4163);
#3897=LINE('',#8807,#4164);
#3898=LINE('',#8809,#4165);
#3899=LINE('',#8811,#4166);
#3900=LINE('',#8813,#4167);
#3901=LINE('',#8815,#4168);
#3902=LINE('',#8817,#4169);
#3903=LINE('',#8819,#4170);
#3904=LINE('',#8838,#4171);
#3905=LINE('',#8840,#4172);
#3906=LINE('',#8842,#4173);
#3907=LINE('',#8860,#4174);
#3908=LINE('',#8861,#4175);
#3909=LINE('',#8866,#4176);
#3910=LINE('',#8870,#4177);
#3911=LINE('',#8885,#4178);
#3912=LINE('',#8889,#4179);
#3913=LINE('',#8933,#4180);
#3914=LINE('',#8936,#4181);
#3915=LINE('',#8963,#4182);
#3916=LINE('',#9001,#4183);
#3917=LINE('',#9007,#4184);
#3918=LINE('',#9008,#4185);
#3919=LINE('',#9014,#4186);
#3920=LINE('',#9016,#4187);
#3921=LINE('',#9018,#4188);
#3922=LINE('',#9020,#4189);
#3923=LINE('',#9029,#4190);
#3924=LINE('',#9037,#4191);
#3925=LINE('',#9084,#4192);
#3926=LINE('',#9122,#4193);
#3927=LINE('',#9127,#4194);
#3928=LINE('',#9131,#4195);
#3929=LINE('',#9133,#4196);
#3930=LINE('',#9135,#4197);
#3931=LINE('',#9161,#4198);
#3932=LINE('',#9168,#4199);
#3933=LINE('',#9189,#4200);
#3934=LINE('',#9195,#4201);
#3935=LINE('',#9213,#4202);
#3936=LINE('',#9214,#4203);
#3937=LINE('',#9219,#4204);
#3938=LINE('',#9223,#4205);
#3939=LINE('',#9238,#4206);
#3940=LINE('',#9242,#4207);
#3941=LINE('',#9286,#4208);
#3942=LINE('',#9287,#4209);
#3943=LINE('',#9318,#4210);
#3944=LINE('',#9352,#4211);
#3945=LINE('',#9360,#4212);
#3946=LINE('',#9361,#4213);
#3947=LINE('',#9367,#4214);
#3948=LINE('',#9369,#4215);
#3949=LINE('',#9371,#4216);
#3950=LINE('',#9375,#4217);
#3951=LINE('',#9392,#4218);
#3952=LINE('',#9430,#4219);
#3953=LINE('',#9468,#4220);
#3954=LINE('',#9486,#4221);
#3955=LINE('',#9496,#4222);
#3956=LINE('',#9498,#4223);
#3957=LINE('',#9500,#4224);
#3958=LINE('',#9504,#4225);
#3959=LINE('',#9506,#4226);
#3960=LINE('',#9515,#4227);
#3961=LINE('',#9526,#4228);
#3962=LINE('',#9530,#4229);
#3963=LINE('',#9537,#4230);
#3964=LINE('',#9561,#4231);
#3965=LINE('',#9562,#4232);
#3966=LINE('',#10794,#4233);
#3967=LINE('',#10796,#4234);
#3968=LINE('',#10798,#4235);
#3969=LINE('',#10800,#4236);
#3970=LINE('',#10802,#4237);
#3971=LINE('',#10809,#4238);
#3972=LINE('',#10811,#4239);
#3973=LINE('',#10816,#4240);
#3974=LINE('',#10820,#4241);
#3975=LINE('',#10825,#4242);
#3976=LINE('',#10829,#4243);
#3977=LINE('',#10832,#4244);
#3978=LINE('',#10834,#4245);
#3979=LINE('',#10836,#4246);
#3980=LINE('',#10838,#4247);
#3981=LINE('',#10841,#4248);
#3982=LINE('',#10843,#4249);
#3983=LINE('',#10845,#4250);
#3984=LINE('',#10847,#4251);
#3985=LINE('',#10852,#4252);
#3986=LINE('',#10856,#4253);
#3987=LINE('',#10861,#4254);
#3988=LINE('',#10868,#4255);
#3989=LINE('',#10869,#4256);
#3990=LINE('',#10877,#4257);
#3991=LINE('',#10878,#4258);
#3992=LINE('',#10886,#4259);
#3993=LINE('',#10890,#4260);
#3994=LINE('',#10895,#4261);
#3995=LINE('',#10896,#4262);
#3996=LINE('',#10898,#4263);
#3997=LINE('',#10906,#4264);
#3998=LINE('',#10907,#4265);
#3999=LINE('',#10909,#4266);
#4000=LINE('',#10911,#4267);
#4001=LINE('',#10918,#4268);
#4002=LINE('',#10942,#4269);
#4003=LINE('',#10946,#4270);
#4004=LINE('',#11320,#4271);
#4005=VECTOR('',#6284,1.);
#4006=VECTOR('',#6287,1.);
#4007=VECTOR('',#6290,1.);
#4008=VECTOR('',#6297,1.);
#4009=VECTOR('',#6300,1.);
#4010=VECTOR('',#6303,1.);
#4011=VECTOR('',#6306,1.);
#4012=VECTOR('',#6313,1.);
#4013=VECTOR('',#6316,1.);
#4014=VECTOR('',#6321,1.);
#4015=VECTOR('',#6322,1.);
#4016=VECTOR('',#6323,1.);
#4017=VECTOR('',#6324,1.);
#4018=VECTOR('',#6325,1.);
#4019=VECTOR('',#6326,1.);
#4020=VECTOR('',#6329,1.);
#4021=VECTOR('',#6332,1.);
#4022=VECTOR('',#6337,1.);
#4023=VECTOR('',#6340,1.);
#4024=VECTOR('',#6351,1.);
#4025=VECTOR('',#6358,1.);
#4026=VECTOR('',#6361,1.);
#4027=VECTOR('',#6364,1.);
#4028=VECTOR('',#6367,1.);
#4029=VECTOR('',#6370,1.);
#4030=VECTOR('',#6395,1.);
#4031=VECTOR('',#6398,1.);
#4032=VECTOR('',#6441,1.);
#4033=VECTOR('',#6442,1.);
#4034=VECTOR('',#6449,1.);
#4035=VECTOR('',#6452,1.);
#4036=VECTOR('',#6455,1.);
#4037=VECTOR('',#6456,1.);
#4038=VECTOR('',#6459,1.);
#4039=VECTOR('',#6460,1.);
#4040=VECTOR('',#6505,1.);
#4041=VECTOR('',#6508,1.);
#4042=VECTOR('',#6521,1.);
#4043=VECTOR('',#6530,1.);
#4044=VECTOR('',#6539,1.);
#4045=VECTOR('',#6568,1.);
#4046=VECTOR('',#6569,1.);
#4047=VECTOR('',#6574,1.);
#4048=VECTOR('',#6577,1.);
#4049=VECTOR('',#6584,1.);
#4050=VECTOR('',#6587,1.);
#4051=VECTOR('',#6588,1.);
#4052=VECTOR('',#6589,1.);
#4053=VECTOR('',#6590,1.);
#4054=VECTOR('',#6591,1.);
#4055=VECTOR('',#6592,1.);
#4056=VECTOR('',#6593,1.);
#4057=VECTOR('',#6594,1.);
#4058=VECTOR('',#6595,1.);
#4059=VECTOR('',#6596,1.);
#4060=VECTOR('',#6597,1.);
#4061=VECTOR('',#6598,1.);
#4062=VECTOR('',#6599,1.);
#4063=VECTOR('',#6600,1.);
#4064=VECTOR('',#6601,1.);
#4065=VECTOR('',#6602,1.);
#4066=VECTOR('',#6603,1.);
#4067=VECTOR('',#6604,1.);
#4068=VECTOR('',#6605,1.);
#4069=VECTOR('',#6606,1.);
#4070=VECTOR('',#6607,1.);
#4071=VECTOR('',#6608,1.);
#4072=VECTOR('',#6609,1.);
#4073=VECTOR('',#6610,1.);
#4074=VECTOR('',#6611,1.);
#4075=VECTOR('',#6632,1.);
#4076=VECTOR('',#6633,1.);
#4077=VECTOR('',#6634,1.);
#4078=VECTOR('',#6637,1.);
#4079=VECTOR('',#6638,1.);
#4080=VECTOR('',#6641,1.);
#4081=VECTOR('',#6642,1.);
#4082=VECTOR('',#6645,1.);
#4083=VECTOR('',#6646,1.);
#4084=VECTOR('',#6649,1.);
#4085=VECTOR('',#6650,1.);
#4086=VECTOR('',#6653,1.);
#4087=VECTOR('',#6656,1.);
#4088=VECTOR('',#6657,1.);
#4089=VECTOR('',#6658,1.);
#4090=VECTOR('',#6661,1.);
#4091=VECTOR('',#6662,1.);
#4092=VECTOR('',#6665,1.);
#4093=VECTOR('',#6666,1.);
#4094=VECTOR('',#6669,1.);
#4095=VECTOR('',#6670,1.);
#4096=VECTOR('',#6673,1.);
#4097=VECTOR('',#6674,1.);
#4098=VECTOR('',#6677,1.);
#4099=VECTOR('',#6680,1.);
#4100=VECTOR('',#6681,1.);
#4101=VECTOR('',#6682,1.);
#4102=VECTOR('',#6685,1.);
#4103=VECTOR('',#6686,1.);
#4104=VECTOR('',#6689,1.);
#4105=VECTOR('',#6690,1.);
#4106=VECTOR('',#6693,1.);
#4107=VECTOR('',#6694,1.);
#4108=VECTOR('',#6697,1.);
#4109=VECTOR('',#6698,1.);
#4110=VECTOR('',#6701,1.);
#4111=VECTOR('',#6704,1.);
#4112=VECTOR('',#6705,1.);
#4113=VECTOR('',#6706,1.);
#4114=VECTOR('',#6709,1.);
#4115=VECTOR('',#6710,1.);
#4116=VECTOR('',#6713,1.);
#4117=VECTOR('',#6714,1.);
#4118=VECTOR('',#6717,1.);
#4119=VECTOR('',#6718,1.);
#4120=VECTOR('',#6721,1.);
#4121=VECTOR('',#6722,1.);
#4122=VECTOR('',#6725,1.);
#4123=VECTOR('',#6728,1.);
#4124=VECTOR('',#6729,1.);
#4125=VECTOR('',#6730,1.);
#4126=VECTOR('',#6733,1.);
#4127=VECTOR('',#6734,1.);
#4128=VECTOR('',#6737,1.);
#4129=VECTOR('',#6738,1.);
#4130=VECTOR('',#6741,1.);
#4131=VECTOR('',#6742,1.);
#4132=VECTOR('',#6745,1.);
#4133=VECTOR('',#6746,1.);
#4134=VECTOR('',#6749,1.);
#4135=VECTOR('',#6752,1.);
#4136=VECTOR('',#6753,1.);
#4137=VECTOR('',#6754,1.);
#4138=VECTOR('',#6757,1.);
#4139=VECTOR('',#6758,1.);
#4140=VECTOR('',#6761,1.);
#4141=VECTOR('',#6762,1.);
#4142=VECTOR('',#6765,1.);
#4143=VECTOR('',#6766,1.);
#4144=VECTOR('',#6769,1.);
#4145=VECTOR('',#6770,1.);
#4146=VECTOR('',#6773,1.);
#4147=VECTOR('',#6776,1.);
#4148=VECTOR('',#6777,1.);
#4149=VECTOR('',#6778,1.);
#4150=VECTOR('',#6781,1.);
#4151=VECTOR('',#6782,1.);
#4152=VECTOR('',#6785,1.);
#4153=VECTOR('',#6786,1.);
#4154=VECTOR('',#6789,1.);
#4155=VECTOR('',#6790,1.);
#4156=VECTOR('',#6793,1.);
#4157=VECTOR('',#6794,1.);
#4158=VECTOR('',#6797,1.);
#4159=VECTOR('',#6800,1.);
#4160=VECTOR('',#6801,1.);
#4161=VECTOR('',#6802,1.);
#4162=VECTOR('',#6805,1.);
#4163=VECTOR('',#6806,1.);
#4164=VECTOR('',#6809,1.);
#4165=VECTOR('',#6810,1.);
#4166=VECTOR('',#6813,1.);
#4167=VECTOR('',#6814,1.);
#4168=VECTOR('',#6817,1.);
#4169=VECTOR('',#6818,1.);
#4170=VECTOR('',#6821,1.);
#4171=VECTOR('',#6834,1.);
#4172=VECTOR('',#6835,1.);
#4173=VECTOR('',#6836,1.);
#4174=VECTOR('',#6849,1.);
#4175=VECTOR('',#6850,1.);
#4176=VECTOR('',#6855,1.);
#4177=VECTOR('',#6858,1.);
#4178=VECTOR('',#6869,1.);
#4179=VECTOR('',#6872,1.);
#4180=VECTOR('',#6897,1.);
#4181=VECTOR('',#6900,1.);
#4182=VECTOR('',#6927,1.);
#4183=VECTOR('',#6950,1.);
#4184=VECTOR('',#6959,1.);
#4185=VECTOR('',#6960,1.);
#4186=VECTOR('',#6969,1.);
#4187=VECTOR('',#6970,1.);
#4188=VECTOR('',#6971,1.);
#4189=VECTOR('',#6974,1.);
#4190=VECTOR('',#6979,1.);
#4191=VECTOR('',#6982,1.);
#4192=VECTOR('',#6997,1.);
#4193=VECTOR('',#7008,1.);
#4194=VECTOR('',#7015,1.);
#4195=VECTOR('',#7020,1.);
#4196=VECTOR('',#7021,1.);
#4197=VECTOR('',#7024,1.);
#4198=VECTOR('',#7041,1.);
#4199=VECTOR('',#7046,1.);
#4200=VECTOR('',#7057,1.);
#4201=VECTOR('',#7062,1.);
#4202=VECTOR('',#7075,1.);
#4203=VECTOR('',#7076,1.);
#4204=VECTOR('',#7081,1.);
#4205=VECTOR('',#7084,1.);
#4206=VECTOR('',#7095,1.);
#4207=VECTOR('',#7098,1.);
#4208=VECTOR('',#7123,1.);
#4209=VECTOR('',#7124,1.);
#4210=VECTOR('',#7155,1.);
#4211=VECTOR('',#7174,1.);
#4212=VECTOR('',#7185,1.);
#4213=VECTOR('',#7186,1.);
#4214=VECTOR('',#7195,1.);
#4215=VECTOR('',#7196,1.);
#4216=VECTOR('',#7197,1.);
#4217=VECTOR('',#7202,1.);
#4218=VECTOR('',#7209,1.);
#4219=VECTOR('',#7220,1.);
#4220=VECTOR('',#7231,1.);
#4221=VECTOR('',#7242,1.);
#4222=VECTOR('',#7249,1.);
#4223=VECTOR('',#7252,1.);
#4224=VECTOR('',#7253,1.);
#4225=VECTOR('',#7258,1.);
#4226=VECTOR('',#7261,1.);
#4227=VECTOR('',#7270,1.);
#4228=VECTOR('',#7275,1.);
#4229=VECTOR('',#7280,1.);
#4230=VECTOR('',#7285,1.);
#4231=VECTOR('',#7294,1.);
#4232=VECTOR('',#7295,1.);
#4233=VECTOR('',#7540,1.);
#4234=VECTOR('',#7541,1.);
#4235=VECTOR('',#7542,1.);
#4236=VECTOR('',#7543,1.);
#4237=VECTOR('',#7544,1.);
#4238=VECTOR('',#7545,1.);
#4239=VECTOR('',#7548,1.);
#4240=VECTOR('',#7551,1.);
#4241=VECTOR('',#7556,1.);
#4242=VECTOR('',#7559,1.);
#4243=VECTOR('',#7564,1.);
#4244=VECTOR('',#7565,1.);
#4245=VECTOR('',#7566,1.);
#4246=VECTOR('',#7567,1.);
#4247=VECTOR('',#7570,1.);
#4248=VECTOR('',#7571,1.);
#4249=VECTOR('',#7572,1.);
#4250=VECTOR('',#7573,1.);
#4251=VECTOR('',#7576,1.);
#4252=VECTOR('',#7579,1.);
#4253=VECTOR('',#7584,1.);
#4254=VECTOR('',#7587,1.);
#4255=VECTOR('',#7598,1.);
#4256=VECTOR('',#7599,1.);
#4257=VECTOR('',#7610,1.);
#4258=VECTOR('',#7611,1.);
#4259=VECTOR('',#7626,1.);
#4260=VECTOR('',#7629,1.);
#4261=VECTOR('',#7638,1.);
#4262=VECTOR('',#7639,1.);
#4263=VECTOR('',#7642,1.);
#4264=VECTOR('',#7649,1.);
#4265=VECTOR('',#7650,1.);
#4266=VECTOR('',#7651,1.);
#4267=VECTOR('',#7652,1.);
#4268=VECTOR('',#7663,1.);
#4269=VECTOR('',#7692,1.);
#4270=VECTOR('',#7695,1.);
#4271=VECTOR('',#7830,1.);
#4272=EDGE_LOOP('',(#822,#823,#824,#825,#826,#827,#828,#829,#830,#831,#832,
#833,#834,#835,#836));
#4273=EDGE_LOOP('',(#837,#838,#839,#840,#841,#842));
#4274=EDGE_LOOP('',(#843,#844,#845,#846));
#4275=EDGE_LOOP('',(#847,#848,#849,#850,#851,#852,#853,#854));
#4276=EDGE_LOOP('',(#855,#856,#857,#858,#859,#860));
#4277=EDGE_LOOP('',(#861,#862,#863,#864,#865,#866));
#4278=EDGE_LOOP('',(#867));
#4279=EDGE_LOOP('',(#868,#869));
#4280=EDGE_LOOP('',(#870,#871,#872,#873));
#4281=EDGE_LOOP('',(#874,#875,#876,#877));
#4282=EDGE_LOOP('',(#878,#879,#880,#881));
#4283=EDGE_LOOP('',(#882,#883,#884,#885));
#4284=EDGE_LOOP('',(#886,#887,#888,#889,#890,#891,#892,#893,#894,#895,#896,
#897));
#4285=EDGE_LOOP('',(#898,#899,#900,#901,#902,#903));
#4286=EDGE_LOOP('',(#904,#905,#906,#907,#908,#909,#910,#911,#912,#913,#914,
#915,#916,#917,#918,#919,#920,#921,#922,#923));
#4287=EDGE_LOOP('',(#924,#925,#926,#927));
#4288=EDGE_LOOP('',(#928,#929,#930,#931));
#4289=EDGE_LOOP('',(#932,#933,#934,#935));
#4290=EDGE_LOOP('',(#936,#937,#938));
#4291=EDGE_LOOP('',(#939,#940,#941,#942));
#4292=EDGE_LOOP('',(#943,#944,#945,#946));
#4293=EDGE_LOOP('',(#947,#948,#949,#950,#951,#952,#953,#954,#955,#956));
#4294=EDGE_LOOP('',(#957,#958,#959,#960));
#4295=EDGE_LOOP('',(#961,#962,#963,#964));
#4296=EDGE_LOOP('',(#965,#966,#967));
#4297=EDGE_LOOP('',(#968,#969,#970,#971,#972,#973));
#4298=EDGE_LOOP('',(#974,#975,#976,#977));
#4299=EDGE_LOOP('',(#978,#979,#980,#981));
#4300=EDGE_LOOP('',(#982,#983,#984,#985,#986,#987,#988,#989));
#4301=EDGE_LOOP('',(#990,#991));
#4302=EDGE_LOOP('',(#992));
#4303=EDGE_LOOP('',(#993));
#4304=EDGE_LOOP('',(#994));
#4305=EDGE_LOOP('',(#995));
#4306=EDGE_LOOP('',(#996));
#4307=EDGE_LOOP('',(#997));
#4308=EDGE_LOOP('',(#998));
#4309=EDGE_LOOP('',(#999));
#4310=EDGE_LOOP('',(#1000));
#4311=EDGE_LOOP('',(#1001));
#4312=EDGE_LOOP('',(#1002));
#4313=EDGE_LOOP('',(#1003));
#4314=EDGE_LOOP('',(#1004));
#4315=EDGE_LOOP('',(#1005));
#4316=EDGE_LOOP('',(#1006));
#4317=EDGE_LOOP('',(#1007));
#4318=EDGE_LOOP('',(#1008));
#4319=EDGE_LOOP('',(#1009));
#4320=EDGE_LOOP('',(#1010));
#4321=EDGE_LOOP('',(#1011));
#4322=EDGE_LOOP('',(#1012));
#4323=EDGE_LOOP('',(#1013,#1014,#1015,#1016));
#4324=EDGE_LOOP('',(#1017,#1018,#1019,#1020));
#4325=EDGE_LOOP('',(#1021,#1022,#1023,#1024));
#4326=EDGE_LOOP('',(#1025,#1026,#1027,#1028));
#4327=EDGE_LOOP('',(#1029,#1030,#1031,#1032));
#4328=EDGE_LOOP('',(#1033,#1034,#1035,#1036));
#4329=EDGE_LOOP('',(#1037,#1038,#1039,#1040));
#4330=EDGE_LOOP('',(#1041,#1042,#1043,#1044));
#4331=EDGE_LOOP('',(#1045,#1046,#1047,#1048));
#4332=EDGE_LOOP('',(#1049,#1050,#1051,#1052));
#4333=EDGE_LOOP('',(#1053,#1054,#1055,#1056));
#4334=EDGE_LOOP('',(#1057,#1058,#1059,#1060));
#4335=EDGE_LOOP('',(#1061,#1062,#1063,#1064));
#4336=EDGE_LOOP('',(#1065,#1066,#1067,#1068));
#4337=EDGE_LOOP('',(#1069,#1070,#1071,#1072));
#4338=EDGE_LOOP('',(#1073,#1074,#1075,#1076));
#4339=EDGE_LOOP('',(#1077,#1078,#1079,#1080));
#4340=EDGE_LOOP('',(#1081,#1082,#1083));
#4341=EDGE_LOOP('',(#1084,#1085,#1086));
#4342=EDGE_LOOP('',(#1087,#1088,#1089,#1090,#1091,#1092));
#4343=EDGE_LOOP('',(#1093,#1094,#1095,#1096,#1097,#1098));
#4344=EDGE_LOOP('',(#1099,#1100,#1101,#1102,#1103,#1104));
#4345=EDGE_LOOP('',(#1105,#1106,#1107,#1108,#1109,#1110));
#4346=EDGE_LOOP('',(#1111,#1112,#1113,#1114,#1115,#1116));
#4347=EDGE_LOOP('',(#1117,#1118,#1119));
#4348=EDGE_LOOP('',(#1120,#1121,#1122));
#4349=EDGE_LOOP('',(#1123,#1124,#1125,#1126));
#4350=EDGE_LOOP('',(#1127,#1128,#1129,#1130));
#4351=EDGE_LOOP('',(#1131,#1132,#1133,#1134));
#4352=EDGE_LOOP('',(#1135,#1136,#1137,#1138));
#4353=EDGE_LOOP('',(#1139,#1140,#1141,#1142));
#4354=EDGE_LOOP('',(#1143,#1144,#1145,#1146));
#4355=EDGE_LOOP('',(#1147,#1148,#1149,#1150));
#4356=EDGE_LOOP('',(#1151,#1152,#1153,#1154));
#4357=EDGE_LOOP('',(#1155,#1156,#1157,#1158));
#4358=EDGE_LOOP('',(#1159,#1160,#1161,#1162));
#4359=EDGE_LOOP('',(#1163,#1164,#1165,#1166));
#4360=EDGE_LOOP('',(#1167,#1168,#1169,#1170));
#4361=EDGE_LOOP('',(#1171,#1172,#1173,#1174));
#4362=EDGE_LOOP('',(#1175,#1176,#1177,#1178));
#4363=EDGE_LOOP('',(#1179,#1180,#1181,#1182));
#4364=EDGE_LOOP('',(#1183,#1184,#1185,#1186));
#4365=EDGE_LOOP('',(#1187,#1188,#1189,#1190));
#4366=EDGE_LOOP('',(#1191,#1192,#1193,#1194));
#4367=EDGE_LOOP('',(#1195,#1196,#1197,#1198));
#4368=EDGE_LOOP('',(#1199,#1200,#1201,#1202));
#4369=EDGE_LOOP('',(#1203,#1204,#1205,#1206));
#4370=EDGE_LOOP('',(#1207,#1208,#1209,#1210));
#4371=EDGE_LOOP('',(#1211,#1212,#1213,#1214));
#4372=EDGE_LOOP('',(#1215,#1216,#1217,#1218));
#4373=EDGE_LOOP('',(#1219,#1220,#1221,#1222));
#4374=EDGE_LOOP('',(#1223,#1224,#1225,#1226));
#4375=EDGE_LOOP('',(#1227,#1228,#1229,#1230));
#4376=EDGE_LOOP('',(#1231,#1232,#1233,#1234));
#4377=EDGE_LOOP('',(#1235,#1236,#1237,#1238));
#4378=EDGE_LOOP('',(#1239,#1240,#1241,#1242));
#4379=EDGE_LOOP('',(#1243,#1244,#1245,#1246));
#4380=EDGE_LOOP('',(#1247,#1248,#1249,#1250));
#4381=EDGE_LOOP('',(#1251,#1252,#1253,#1254));
#4382=EDGE_LOOP('',(#1255,#1256,#1257,#1258));
#4383=EDGE_LOOP('',(#1259,#1260,#1261,#1262));
#4384=EDGE_LOOP('',(#1263,#1264,#1265,#1266));
#4385=EDGE_LOOP('',(#1267,#1268,#1269,#1270));
#4386=EDGE_LOOP('',(#1271,#1272,#1273,#1274));
#4387=EDGE_LOOP('',(#1275,#1276,#1277,#1278));
#4388=EDGE_LOOP('',(#1279,#1280,#1281,#1282));
#4389=EDGE_LOOP('',(#1283,#1284,#1285,#1286));
#4390=EDGE_LOOP('',(#1287,#1288,#1289,#1290));
#4391=EDGE_LOOP('',(#1291,#1292,#1293,#1294));
#4392=EDGE_LOOP('',(#1295,#1296,#1297,#1298));
#4393=EDGE_LOOP('',(#1299,#1300,#1301,#1302));
#4394=EDGE_LOOP('',(#1303,#1304,#1305,#1306));
#4395=EDGE_LOOP('',(#1307,#1308,#1309,#1310));
#4396=EDGE_LOOP('',(#1311,#1312,#1313,#1314));
#4397=EDGE_LOOP('',(#1315,#1316,#1317,#1318));
#4398=EDGE_LOOP('',(#1319,#1320,#1321,#1322));
#4399=EDGE_LOOP('',(#1323,#1324,#1325,#1326));
#4400=EDGE_LOOP('',(#1327,#1328,#1329,#1330,#1331,#1332));
#4401=EDGE_LOOP('',(#1333,#1334,#1335,#1336,#1337,#1338));
#4402=EDGE_LOOP('',(#1339,#1340,#1341,#1342,#1343,#1344));
#4403=EDGE_LOOP('',(#1345,#1346,#1347,#1348,#1349,#1350));
#4404=EDGE_LOOP('',(#1351,#1352,#1353,#1354,#1355,#1356));
#4405=EDGE_LOOP('',(#1357,#1358,#1359,#1360));
#4406=EDGE_LOOP('',(#1361,#1362,#1363,#1364));
#4407=EDGE_LOOP('',(#1365,#1366,#1367,#1368));
#4408=EDGE_LOOP('',(#1369,#1370,#1371,#1372));
#4409=EDGE_LOOP('',(#1373,#1374,#1375,#1376));
#4410=EDGE_LOOP('',(#1377,#1378,#1379,#1380));
#4411=EDGE_LOOP('',(#1381,#1382,#1383,#1384));
#4412=EDGE_LOOP('',(#1385,#1386,#1387));
#4413=EDGE_LOOP('',(#1388,#1389,#1390,#1391));
#4414=EDGE_LOOP('',(#1392,#1393,#1394,#1395));
#4415=EDGE_LOOP('',(#1396,#1397,#1398,#1399));
#4416=EDGE_LOOP('',(#1400));
#4417=EDGE_LOOP('',(#1401,#1402,#1403,#1404,#1405,#1406,#1407,#1408));
#4418=EDGE_LOOP('',(#1409,#1410,#1411,#1412));
#4419=EDGE_LOOP('',(#1413));
#4420=EDGE_LOOP('',(#1414,#1415,#1416,#1417,#1418,#1419,#1420,#1421));
#4421=EDGE_LOOP('',(#1422,#1423,#1424));
#4422=EDGE_LOOP('',(#1425,#1426,#1427,#1428));
#4423=EDGE_LOOP('',(#1429,#1430,#1431,#1432));
#4424=EDGE_LOOP('',(#1433,#1434,#1435,#1436));
#4425=EDGE_LOOP('',(#1437,#1438,#1439,#1440));
#4426=EDGE_LOOP('',(#1441,#1442,#1443,#1444));
#4427=EDGE_LOOP('',(#1445,#1446,#1447,#1448));
#4428=EDGE_LOOP('',(#1449));
#4429=EDGE_LOOP('',(#1450));
#4430=EDGE_LOOP('',(#1451,#1452,#1453,#1454));
#4431=EDGE_LOOP('',(#1455,#1456,#1457,#1458));
#4432=EDGE_LOOP('',(#1459,#1460,#1461,#1462,#1463,#1464,#1465,#1466,#1467,
#1468,#1469,#1470,#1471,#1472));
#4433=EDGE_LOOP('',(#1473,#1474,#1475,#1476));
#4434=EDGE_LOOP('',(#1477,#1478,#1479,#1480));
#4435=EDGE_LOOP('',(#1481,#1482,#1483,#1484));
#4436=EDGE_LOOP('',(#1485,#1486,#1487,#1488));
#4437=EDGE_LOOP('',(#1489,#1490,#1491,#1492));
#4438=EDGE_LOOP('',(#1493,#1494,#1495,#1496));
#4439=EDGE_LOOP('',(#1497));
#4440=EDGE_LOOP('',(#1498));
#4441=EDGE_LOOP('',(#1499,#1500,#1501,#1502));
#4442=EDGE_LOOP('',(#1503,#1504,#1505,#1506));
#4443=EDGE_LOOP('',(#1507,#1508,#1509,#1510));
#4444=EDGE_LOOP('',(#1511,#1512,#1513,#1514,#1515,#1516,#1517,#1518,#1519,
#1520,#1521));
#4445=EDGE_LOOP('',(#1522,#1523,#1524,#1525,#1526,#1527));
#4446=EDGE_LOOP('',(#1528,#1529,#1530,#1531,#1532,#1533,#1534));
#4447=EDGE_LOOP('',(#1535));
#4448=EDGE_LOOP('',(#1536,#1537,#1538,#1539,#1540,#1541,#1542));
#4449=EDGE_LOOP('',(#1543));
#4450=EDGE_LOOP('',(#1544,#1545,#1546,#1547));
#4451=EDGE_LOOP('',(#1548,#1549,#1550,#1551));
#4452=EDGE_LOOP('',(#1552,#1553,#1554,#1555));
#4453=EDGE_LOOP('',(#1556,#1557,#1558,#1559));
#4454=EDGE_LOOP('',(#1560,#1561,#1562,#1563));
#4455=EDGE_LOOP('',(#1564,#1565,#1566,#1567));
#4456=EDGE_LOOP('',(#1568,#1569,#1570,#1571));
#4457=EDGE_LOOP('',(#1572,#1573,#1574));
#4458=EDGE_LOOP('',(#1575,#1576,#1577,#1578));
#4459=EDGE_LOOP('',(#1579,#1580,#1581,#1582));
#4460=EDGE_LOOP('',(#1583,#1584,#1585,#1586));
#4461=EDGE_LOOP('',(#1587));
#4462=EDGE_LOOP('',(#1588,#1589,#1590,#1591,#1592,#1593,#1594,#1595));
#4463=EDGE_LOOP('',(#1596,#1597,#1598,#1599));
#4464=EDGE_LOOP('',(#1600));
#4465=EDGE_LOOP('',(#1601,#1602,#1603,#1604,#1605,#1606,#1607,#1608));
#4466=EDGE_LOOP('',(#1609,#1610,#1611));
#4467=EDGE_LOOP('',(#1612,#1613,#1614,#1615));
#4468=EDGE_LOOP('',(#1616,#1617,#1618,#1619));
#4469=EDGE_LOOP('',(#1620,#1621,#1622,#1623));
#4470=EDGE_LOOP('',(#1624,#1625,#1626,#1627));
#4471=EDGE_LOOP('',(#1628,#1629,#1630,#1631));
#4472=EDGE_LOOP('',(#1632,#1633,#1634,#1635));
#4473=EDGE_LOOP('',(#1636));
#4474=EDGE_LOOP('',(#1637));
#4475=EDGE_LOOP('',(#1638,#1639,#1640,#1641));
#4476=EDGE_LOOP('',(#1642,#1643,#1644,#1645));
#4477=EDGE_LOOP('',(#1646,#1647,#1648,#1649,#1650,#1651));
#4478=EDGE_LOOP('',(#1652,#1653,#1654,#1655));
#4479=EDGE_LOOP('',(#1656,#1657,#1658,#1659));
#4480=EDGE_LOOP('',(#1660,#1661,#1662,#1663));
#4481=EDGE_LOOP('',(#1664,#1665,#1666,#1667));
#4482=EDGE_LOOP('',(#1668,#1669,#1670,#1671));
#4483=EDGE_LOOP('',(#1672,#1673,#1674,#1675));
#4484=EDGE_LOOP('',(#1676));
#4485=EDGE_LOOP('',(#1677));
#4486=EDGE_LOOP('',(#1678,#1679,#1680,#1681,#1682,#1683,#1684,#1685,#1686,
#1687,#1688,#1689,#1690,#1691));
#4487=EDGE_LOOP('',(#1692,#1693,#1694,#1695));
#4488=EDGE_LOOP('',(#1696,#1697,#1698,#1699));
#4489=EDGE_LOOP('',(#1700,#1701,#1702,#1703));
#4490=EDGE_LOOP('',(#1704,#1705,#1706,#1707,#1708,#1709,#1710,#1711,#1712,
#1713));
#4491=EDGE_LOOP('',(#1714,#1715,#1716,#1717,#1718,#1719,#1720));
#4492=EDGE_LOOP('',(#1721));
#4493=EDGE_LOOP('',(#1722,#1723,#1724,#1725,#1726,#1727,#1728));
#4494=EDGE_LOOP('',(#1729));
#4495=EDGE_LOOP('',(#1730,#1731,#1732,#1733,#1734,#1735));
#4496=EDGE_LOOP('',(#1736,#1737,#1738,#1739));
#4497=EDGE_LOOP('',(#1740,#1741,#1742,#1743,#1744,#1745,#1746,#1747));
#4498=EDGE_LOOP('',(#1748));
#4499=EDGE_LOOP('',(#1749));
#4500=EDGE_LOOP('',(#1750));
#4501=EDGE_LOOP('',(#1751));
#4502=EDGE_LOOP('',(#1752));
#4503=EDGE_LOOP('',(#1753));
#4504=EDGE_LOOP('',(#1754));
#4505=EDGE_LOOP('',(#1755));
#4506=EDGE_LOOP('',(#1756));
#4507=EDGE_LOOP('',(#1757));
#4508=EDGE_LOOP('',(#1758));
#4509=EDGE_LOOP('',(#1759));
#4510=EDGE_LOOP('',(#1760));
#4511=EDGE_LOOP('',(#1761));
#4512=EDGE_LOOP('',(#1762));
#4513=EDGE_LOOP('',(#1763));
#4514=EDGE_LOOP('',(#1764));
#4515=EDGE_LOOP('',(#1765));
#4516=EDGE_LOOP('',(#1766));
#4517=EDGE_LOOP('',(#1767));
#4518=EDGE_LOOP('',(#1768));
#4519=EDGE_LOOP('',(#1769));
#4520=EDGE_LOOP('',(#1770));
#4521=EDGE_LOOP('',(#1771));
#4522=EDGE_LOOP('',(#1772));
#4523=EDGE_LOOP('',(#1773));
#4524=EDGE_LOOP('',(#1774));
#4525=EDGE_LOOP('',(#1775));
#4526=EDGE_LOOP('',(#1776));
#4527=EDGE_LOOP('',(#1777));
#4528=EDGE_LOOP('',(#1778));
#4529=EDGE_LOOP('',(#1779));
#4530=EDGE_LOOP('',(#1780));
#4531=EDGE_LOOP('',(#1781));
#4532=EDGE_LOOP('',(#1782));
#4533=EDGE_LOOP('',(#1783));
#4534=EDGE_LOOP('',(#1784));
#4535=EDGE_LOOP('',(#1785));
#4536=EDGE_LOOP('',(#1786));
#4537=EDGE_LOOP('',(#1787));
#4538=EDGE_LOOP('',(#1788));
#4539=EDGE_LOOP('',(#1789));
#4540=EDGE_LOOP('',(#1790));
#4541=EDGE_LOOP('',(#1791));
#4542=EDGE_LOOP('',(#1792));
#4543=EDGE_LOOP('',(#1793));
#4544=EDGE_LOOP('',(#1794));
#4545=EDGE_LOOP('',(#1795));
#4546=EDGE_LOOP('',(#1796));
#4547=EDGE_LOOP('',(#1797));
#4548=EDGE_LOOP('',(#1798));
#4549=EDGE_LOOP('',(#1799));
#4550=EDGE_LOOP('',(#1800));
#4551=EDGE_LOOP('',(#1801));
#4552=EDGE_LOOP('',(#1802));
#4553=EDGE_LOOP('',(#1803));
#4554=EDGE_LOOP('',(#1804));
#4555=EDGE_LOOP('',(#1805));
#4556=EDGE_LOOP('',(#1806));
#4557=EDGE_LOOP('',(#1807));
#4558=EDGE_LOOP('',(#1808));
#4559=EDGE_LOOP('',(#1809));
#4560=EDGE_LOOP('',(#1810));
#4561=EDGE_LOOP('',(#1811));
#4562=EDGE_LOOP('',(#1812,#1813,#1814,#1815,#1816));
#4563=EDGE_LOOP('',(#1817,#1818,#1819,#1820,#1821));
#4564=EDGE_LOOP('',(#1822,#1823,#1824,#1825,#1826));
#4565=EDGE_LOOP('',(#1827,#1828,#1829,#1830,#1831));
#4566=EDGE_LOOP('',(#1832,#1833,#1834,#1835));
#4567=EDGE_LOOP('',(#1836,#1837,#1838,#1839));
#4568=EDGE_LOOP('',(#1840,#1841,#1842,#1843));
#4569=EDGE_LOOP('',(#1844,#1845,#1846,#1847));
#4570=EDGE_LOOP('',(#1848,#1849,#1850,#1851));
#4571=EDGE_LOOP('',(#1852,#1853,#1854,#1855));
#4572=EDGE_LOOP('',(#1856,#1857,#1858,#1859));
#4573=EDGE_LOOP('',(#1860,#1861,#1862,#1863));
#4574=EDGE_LOOP('',(#1864,#1865,#1866,#1867));
#4575=EDGE_LOOP('',(#1868,#1869,#1870,#1871));
#4576=EDGE_LOOP('',(#1872,#1873,#1874,#1875));
#4577=EDGE_LOOP('',(#1876,#1877,#1878,#1879));
#4578=EDGE_LOOP('',(#1880,#1881,#1882,#1883));
#4579=EDGE_LOOP('',(#1884,#1885,#1886,#1887));
#4580=EDGE_LOOP('',(#1888,#1889,#1890,#1891));
#4581=EDGE_LOOP('',(#1892,#1893,#1894,#1895));
#4582=EDGE_LOOP('',(#1896,#1897,#1898,#1899));
#4583=EDGE_LOOP('',(#1900,#1901,#1902,#1903));
#4584=EDGE_LOOP('',(#1904,#1905,#1906,#1907));
#4585=EDGE_LOOP('',(#1908,#1909,#1910,#1911));
#4586=EDGE_LOOP('',(#1912,#1913,#1914,#1915));
#4587=EDGE_LOOP('',(#1916,#1917,#1918,#1919,#1920));
#4588=EDGE_LOOP('',(#1921,#1922,#1923,#1924));
#4589=EDGE_LOOP('',(#1925,#1926,#1927,#1928));
#4590=EDGE_LOOP('',(#1929,#1930,#1931,#1932));
#4591=EDGE_LOOP('',(#1933,#1934,#1935,#1936));
#4592=EDGE_LOOP('',(#1937,#1938,#1939,#1940));
#4593=EDGE_LOOP('',(#1941,#1942,#1943,#1944));
#4594=EDGE_LOOP('',(#1945,#1946,#1947,#1948));
#4595=EDGE_LOOP('',(#1949,#1950,#1951,#1952));
#4596=EDGE_LOOP('',(#1953,#1954,#1955,#1956));
#4597=EDGE_LOOP('',(#1957,#1958,#1959,#1960));
#4598=EDGE_LOOP('',(#1961,#1962,#1963,#1964));
#4599=EDGE_LOOP('',(#1965,#1966,#1967,#1968));
#4600=EDGE_LOOP('',(#1969,#1970,#1971,#1972));
#4601=EDGE_LOOP('',(#1973,#1974,#1975,#1976));
#4602=EDGE_LOOP('',(#1977,#1978,#1979,#1980));
#4603=EDGE_LOOP('',(#1981,#1982,#1983,#1984));
#4604=EDGE_LOOP('',(#1985,#1986,#1987,#1988));
#4605=EDGE_LOOP('',(#1989,#1990,#1991,#1992));
#4606=EDGE_LOOP('',(#1993,#1994,#1995,#1996));
#4607=EDGE_LOOP('',(#1997,#1998,#1999,#2000));
#4608=EDGE_LOOP('',(#2001,#2002,#2003,#2004));
#4609=EDGE_LOOP('',(#2005,#2006,#2007,#2008));
#4610=EDGE_LOOP('',(#2009,#2010,#2011,#2012));
#4611=EDGE_LOOP('',(#2013,#2014,#2015,#2016));
#4612=EDGE_LOOP('',(#2017,#2018,#2019,#2020,#2021,#2022,#2023));
#4613=EDGE_LOOP('',(#2024,#2025,#2026,#2027,#2028,#2029,#2030,#2031));
#4614=EDGE_LOOP('',(#2032,#2033,#2034));
#4615=EDGE_LOOP('',(#2035,#2036,#2037,#2038));
#4616=EDGE_LOOP('',(#2039,#2040,#2041,#2042));
#4617=EDGE_LOOP('',(#2043,#2044,#2045,#2046));
#4618=EDGE_LOOP('',(#2047,#2048,#2049,#2050));
#4619=EDGE_LOOP('',(#2051,#2052,#2053,#2054));
#4620=EDGE_LOOP('',(#2055,#2056,#2057));
#4621=EDGE_LOOP('',(#2058,#2059,#2060));
#4622=EDGE_LOOP('',(#2061,#2062,#2063,#2064));
#4623=EDGE_LOOP('',(#2065,#2066,#2067,#2068));
#4624=EDGE_LOOP('',(#2069,#2070,#2071,#2072));
#4625=EDGE_LOOP('',(#2073,#2074,#2075,#2076));
#4626=EDGE_LOOP('',(#2077,#2078,#2079,#2080));
#4627=EDGE_LOOP('',(#2081,#2082,#2083));
#4628=EDGE_LOOP('',(#2084));
#4629=EDGE_LOOP('',(#2085));
#4630=EDGE_LOOP('',(#2086,#2087,#2088,#2089));
#4631=EDGE_LOOP('',(#2090,#2091,#2092,#2093));
#4632=EDGE_LOOP('',(#2094,#2095,#2096,#2097,#2098,#2099,#2100,#2101,#2102,
#2103));
#4633=EDGE_LOOP('',(#2104,#2105,#2106));
#4634=EDGE_LOOP('',(#2107,#2108,#2109,#2110));
#4635=EDGE_LOOP('',(#2111,#2112,#2113));
#4636=EDGE_LOOP('',(#2114,#2115,#2116));
#4637=EDGE_LOOP('',(#2117,#2118,#2119,#2120));
#4638=EDGE_LOOP('',(#2121,#2122,#2123));
#4639=EDGE_LOOP('',(#2124,#2125,#2126,#2127,#2128,#2129,#2130,#2131));
#4640=EDGE_LOOP('',(#2132,#2133,#2134,#2135));
#4641=EDGE_LOOP('',(#2136,#2137,#2138,#2139));
#4642=EDGE_LOOP('',(#2140,#2141,#2142,#2143));
#4643=EDGE_LOOP('',(#2144,#2145,#2146,#2147));
#4644=EDGE_LOOP('',(#2148,#2149,#2150,#2151));
#4645=EDGE_LOOP('',(#2152,#2153,#2154,#2155));
#4646=EDGE_LOOP('',(#2156,#2157,#2158));
#4647=EDGE_LOOP('',(#2159,#2160,#2161,#2162));
#4648=EDGE_LOOP('',(#2163,#2164,#2165));
#4649=EDGE_LOOP('',(#2166,#2167,#2168,#2169));
#4650=EDGE_LOOP('',(#2170,#2171,#2172,#2173));
#4651=EDGE_LOOP('',(#2174,#2175,#2176,#2177));
#4652=EDGE_LOOP('',(#2178,#2179,#2180,#2181));
#4653=EDGE_LOOP('',(#2182,#2183,#2184));
#4654=EDGE_LOOP('',(#2185,#2186,#2187,#2188));
#4655=EDGE_LOOP('',(#2189,#2190,#2191,#2192,#2193,#2194,#2195,#2196,#2197,
#2198));
#4656=EDGE_LOOP('',(#2199,#2200,#2201));
#4657=EDGE_LOOP('',(#2202,#2203,#2204,#2205));
#4658=EDGE_LOOP('',(#2206,#2207,#2208,#2209));
#4659=EDGE_LOOP('',(#2210,#2211,#2212,#2213));
#4660=EDGE_LOOP('',(#2214,#2215,#2216,#2217));
#4661=EDGE_LOOP('',(#2218,#2219,#2220,#2221));
#4662=EDGE_LOOP('',(#2222,#2223,#2224,#2225));
#4663=EDGE_LOOP('',(#2226,#2227,#2228,#2229));
#4664=EDGE_LOOP('',(#2230,#2231,#2232));
#4665=EDGE_LOOP('',(#2233,#2234,#2235));
#4666=EDGE_LOOP('',(#2236,#2237,#2238,#2239));
#4667=EDGE_LOOP('',(#2240,#2241,#2242,#2243,#2244));
#4668=EDGE_LOOP('',(#2245,#2246,#2247,#2248,#2249));
#4669=EDGE_LOOP('',(#2250,#2251,#2252,#2253));
#4670=EDGE_LOOP('',(#2254,#2255,#2256,#2257));
#4671=EDGE_LOOP('',(#2258,#2259,#2260));
#4672=EDGE_LOOP('',(#2261,#2262,#2263,#2264));
#4673=EDGE_LOOP('',(#2265,#2266,#2267));
#4674=EDGE_LOOP('',(#2268,#2269,#2270,#2271));
#4675=EDGE_LOOP('',(#2272,#2273,#2274,#2275));
#4676=EDGE_LOOP('',(#2276,#2277,#2278,#2279));
#4677=EDGE_LOOP('',(#2280,#2281,#2282,#2283));
#4678=EDGE_LOOP('',(#2284,#2285,#2286,#2287));
#4679=EDGE_LOOP('',(#2288,#2289,#2290));
#4680=EDGE_LOOP('',(#2291,#2292,#2293,#2294));
#4681=EDGE_LOOP('',(#2295,#2296,#2297));
#4682=EDGE_LOOP('',(#2298,#2299,#2300,#2301));
#4683=EDGE_LOOP('',(#2302,#2303,#2304,#2305));
#4684=EDGE_LOOP('',(#2306,#2307,#2308,#2309));
#4685=EDGE_LOOP('',(#2310,#2311,#2312,#2313));
#4686=EDGE_LOOP('',(#2314,#2315,#2316,#2317));
#4687=EDGE_LOOP('',(#2318,#2319,#2320,#2321));
#4688=EDGE_LOOP('',(#2322,#2323,#2324,#2325));
#4689=EDGE_LOOP('',(#2326,#2327,#2328,#2329));
#4690=EDGE_LOOP('',(#2330,#2331,#2332,#2333));
#4691=EDGE_LOOP('',(#2334,#2335,#2336,#2337));
#4692=EDGE_LOOP('',(#2338,#2339,#2340,#2341));
#4693=EDGE_LOOP('',(#2342,#2343,#2344,#2345));
#4694=EDGE_LOOP('',(#2346,#2347,#2348,#2349));
#4695=EDGE_LOOP('',(#2350,#2351,#2352,#2353));
#4696=EDGE_LOOP('',(#2354,#2355,#2356,#2357));
#4697=EDGE_LOOP('',(#2358,#2359,#2360,#2361));
#4698=EDGE_LOOP('',(#2362,#2363,#2364,#2365));
#4699=EDGE_LOOP('',(#2366,#2367,#2368,#2369));
#4700=EDGE_LOOP('',(#2370,#2371,#2372,#2373));
#4701=EDGE_LOOP('',(#2374,#2375,#2376,#2377));
#4702=EDGE_LOOP('',(#2378,#2379,#2380,#2381));
#4703=EDGE_LOOP('',(#2382,#2383,#2384,#2385));
#4704=EDGE_LOOP('',(#2386,#2387,#2388,#2389));
#4705=EDGE_LOOP('',(#2390,#2391,#2392,#2393));
#4706=EDGE_LOOP('',(#2394,#2395,#2396,#2397));
#4707=EDGE_LOOP('',(#2398,#2399,#2400,#2401));
#4708=EDGE_LOOP('',(#2402,#2403,#2404,#2405));
#4709=EDGE_LOOP('',(#2406,#2407,#2408,#2409));
#4710=EDGE_LOOP('',(#2410,#2411,#2412,#2413));
#4711=EDGE_LOOP('',(#2414,#2415,#2416,#2417));
#4712=EDGE_LOOP('',(#2418,#2419,#2420,#2421));
#4713=EDGE_LOOP('',(#2422,#2423,#2424,#2425,#2426));
#4714=EDGE_LOOP('',(#2427,#2428,#2429,#2430));
#4715=EDGE_LOOP('',(#2431,#2432,#2433,#2434));
#4716=EDGE_LOOP('',(#2435,#2436,#2437,#2438,#2439));
#4717=EDGE_LOOP('',(#2440,#2441,#2442,#2443));
#4718=FACE_BOUND('',#4272,.T.);
#4719=FACE_BOUND('',#4273,.T.);
#4720=FACE_BOUND('',#4274,.T.);
#4721=FACE_BOUND('',#4275,.T.);
#4722=FACE_BOUND('',#4276,.T.);
#4723=FACE_BOUND('',#4277,.T.);
#4724=FACE_BOUND('',#4278,.T.);
#4725=FACE_BOUND('',#4279,.T.);
#4726=FACE_BOUND('',#4280,.T.);
#4727=FACE_BOUND('',#4281,.T.);
#4728=FACE_BOUND('',#4282,.T.);
#4729=FACE_BOUND('',#4283,.T.);
#4730=FACE_BOUND('',#4284,.T.);
#4731=FACE_BOUND('',#4285,.T.);
#4732=FACE_BOUND('',#4286,.T.);
#4733=FACE_BOUND('',#4287,.T.);
#4734=FACE_BOUND('',#4288,.T.);
#4735=FACE_BOUND('',#4289,.T.);
#4736=FACE_BOUND('',#4290,.T.);
#4737=FACE_BOUND('',#4291,.T.);
#4738=FACE_BOUND('',#4292,.T.);
#4739=FACE_BOUND('',#4293,.T.);
#4740=FACE_BOUND('',#4294,.T.);
#4741=FACE_BOUND('',#4295,.T.);
#4742=FACE_BOUND('',#4296,.T.);
#4743=FACE_BOUND('',#4297,.T.);
#4744=FACE_BOUND('',#4298,.T.);
#4745=FACE_BOUND('',#4299,.T.);
#4746=FACE_BOUND('',#4300,.T.);
#4747=FACE_BOUND('',#4301,.T.);
#4748=FACE_BOUND('',#4302,.T.);
#4749=FACE_BOUND('',#4303,.T.);
#4750=FACE_BOUND('',#4304,.T.);
#4751=FACE_BOUND('',#4305,.T.);
#4752=FACE_BOUND('',#4306,.T.);
#4753=FACE_BOUND('',#4307,.T.);
#4754=FACE_BOUND('',#4308,.T.);
#4755=FACE_BOUND('',#4309,.T.);
#4756=FACE_BOUND('',#4310,.T.);
#4757=FACE_BOUND('',#4311,.T.);
#4758=FACE_BOUND('',#4312,.T.);
#4759=FACE_BOUND('',#4313,.T.);
#4760=FACE_BOUND('',#4314,.T.);
#4761=FACE_BOUND('',#4315,.T.);
#4762=FACE_BOUND('',#4316,.T.);
#4763=FACE_BOUND('',#4317,.T.);
#4764=FACE_BOUND('',#4318,.T.);
#4765=FACE_BOUND('',#4319,.T.);
#4766=FACE_BOUND('',#4320,.T.);
#4767=FACE_BOUND('',#4321,.T.);
#4768=FACE_BOUND('',#4322,.T.);
#4769=FACE_BOUND('',#4323,.T.);
#4770=FACE_BOUND('',#4324,.T.);
#4771=FACE_BOUND('',#4325,.T.);
#4772=FACE_BOUND('',#4326,.T.);
#4773=FACE_BOUND('',#4327,.T.);
#4774=FACE_BOUND('',#4328,.T.);
#4775=FACE_BOUND('',#4329,.T.);
#4776=FACE_BOUND('',#4330,.T.);
#4777=FACE_BOUND('',#4331,.T.);
#4778=FACE_BOUND('',#4332,.T.);
#4779=FACE_BOUND('',#4333,.T.);
#4780=FACE_BOUND('',#4334,.T.);
#4781=FACE_BOUND('',#4335,.T.);
#4782=FACE_BOUND('',#4336,.T.);
#4783=FACE_BOUND('',#4337,.T.);
#4784=FACE_BOUND('',#4338,.T.);
#4785=FACE_BOUND('',#4339,.T.);
#4786=FACE_BOUND('',#4340,.T.);
#4787=FACE_BOUND('',#4341,.T.);
#4788=FACE_BOUND('',#4342,.T.);
#4789=FACE_BOUND('',#4343,.T.);
#4790=FACE_BOUND('',#4344,.T.);
#4791=FACE_BOUND('',#4345,.T.);
#4792=FACE_BOUND('',#4346,.T.);
#4793=FACE_BOUND('',#4347,.T.);
#4794=FACE_BOUND('',#4348,.T.);
#4795=FACE_BOUND('',#4349,.T.);
#4796=FACE_BOUND('',#4350,.T.);
#4797=FACE_BOUND('',#4351,.T.);
#4798=FACE_BOUND('',#4352,.T.);
#4799=FACE_BOUND('',#4353,.T.);
#4800=FACE_BOUND('',#4354,.T.);
#4801=FACE_BOUND('',#4355,.T.);
#4802=FACE_BOUND('',#4356,.T.);
#4803=FACE_BOUND('',#4357,.T.);
#4804=FACE_BOUND('',#4358,.T.);
#4805=FACE_BOUND('',#4359,.T.);
#4806=FACE_BOUND('',#4360,.T.);
#4807=FACE_BOUND('',#4361,.T.);
#4808=FACE_BOUND('',#4362,.T.);
#4809=FACE_BOUND('',#4363,.T.);
#4810=FACE_BOUND('',#4364,.T.);
#4811=FACE_BOUND('',#4365,.T.);
#4812=FACE_BOUND('',#4366,.T.);
#4813=FACE_BOUND('',#4367,.T.);
#4814=FACE_BOUND('',#4368,.T.);
#4815=FACE_BOUND('',#4369,.T.);
#4816=FACE_BOUND('',#4370,.T.);
#4817=FACE_BOUND('',#4371,.T.);
#4818=FACE_BOUND('',#4372,.T.);
#4819=FACE_BOUND('',#4373,.T.);
#4820=FACE_BOUND('',#4374,.T.);
#4821=FACE_BOUND('',#4375,.T.);
#4822=FACE_BOUND('',#4376,.T.);
#4823=FACE_BOUND('',#4377,.T.);
#4824=FACE_BOUND('',#4378,.T.);
#4825=FACE_BOUND('',#4379,.T.);
#4826=FACE_BOUND('',#4380,.T.);
#4827=FACE_BOUND('',#4381,.T.);
#4828=FACE_BOUND('',#4382,.T.);
#4829=FACE_BOUND('',#4383,.T.);
#4830=FACE_BOUND('',#4384,.T.);
#4831=FACE_BOUND('',#4385,.T.);
#4832=FACE_BOUND('',#4386,.T.);
#4833=FACE_BOUND('',#4387,.T.);
#4834=FACE_BOUND('',#4388,.T.);
#4835=FACE_BOUND('',#4389,.T.);
#4836=FACE_BOUND('',#4390,.T.);
#4837=FACE_BOUND('',#4391,.T.);
#4838=FACE_BOUND('',#4392,.T.);
#4839=FACE_BOUND('',#4393,.T.);
#4840=FACE_BOUND('',#4394,.T.);
#4841=FACE_BOUND('',#4395,.T.);
#4842=FACE_BOUND('',#4396,.T.);
#4843=FACE_BOUND('',#4397,.T.);
#4844=FACE_BOUND('',#4398,.T.);
#4845=FACE_BOUND('',#4399,.T.);
#4846=FACE_BOUND('',#4400,.T.);
#4847=FACE_BOUND('',#4401,.T.);
#4848=FACE_BOUND('',#4402,.T.);
#4849=FACE_BOUND('',#4403,.T.);
#4850=FACE_BOUND('',#4404,.T.);
#4851=FACE_BOUND('',#4405,.T.);
#4852=FACE_BOUND('',#4406,.T.);
#4853=FACE_BOUND('',#4407,.T.);
#4854=FACE_BOUND('',#4408,.T.);
#4855=FACE_BOUND('',#4409,.T.);
#4856=FACE_BOUND('',#4410,.T.);
#4857=FACE_BOUND('',#4411,.T.);
#4858=FACE_BOUND('',#4412,.T.);
#4859=FACE_BOUND('',#4413,.T.);
#4860=FACE_BOUND('',#4414,.T.);
#4861=FACE_BOUND('',#4415,.T.);
#4862=FACE_BOUND('',#4416,.T.);
#4863=FACE_BOUND('',#4417,.T.);
#4864=FACE_BOUND('',#4418,.T.);
#4865=FACE_BOUND('',#4419,.T.);
#4866=FACE_BOUND('',#4420,.T.);
#4867=FACE_BOUND('',#4421,.T.);
#4868=FACE_BOUND('',#4422,.T.);
#4869=FACE_BOUND('',#4423,.T.);
#4870=FACE_BOUND('',#4424,.T.);
#4871=FACE_BOUND('',#4425,.T.);
#4872=FACE_BOUND('',#4426,.T.);
#4873=FACE_BOUND('',#4427,.T.);
#4874=FACE_BOUND('',#4428,.T.);
#4875=FACE_BOUND('',#4429,.T.);
#4876=FACE_BOUND('',#4430,.T.);
#4877=FACE_BOUND('',#4431,.T.);
#4878=FACE_BOUND('',#4432,.T.);
#4879=FACE_BOUND('',#4433,.T.);
#4880=FACE_BOUND('',#4434,.T.);
#4881=FACE_BOUND('',#4435,.T.);
#4882=FACE_BOUND('',#4436,.T.);
#4883=FACE_BOUND('',#4437,.T.);
#4884=FACE_BOUND('',#4438,.T.);
#4885=FACE_BOUND('',#4439,.T.);
#4886=FACE_BOUND('',#4440,.T.);
#4887=FACE_BOUND('',#4441,.T.);
#4888=FACE_BOUND('',#4442,.T.);
#4889=FACE_BOUND('',#4443,.T.);
#4890=FACE_BOUND('',#4444,.T.);
#4891=FACE_BOUND('',#4445,.T.);
#4892=FACE_BOUND('',#4446,.T.);
#4893=FACE_BOUND('',#4447,.T.);
#4894=FACE_BOUND('',#4448,.T.);
#4895=FACE_BOUND('',#4449,.T.);
#4896=FACE_BOUND('',#4450,.T.);
#4897=FACE_BOUND('',#4451,.T.);
#4898=FACE_BOUND('',#4452,.T.);
#4899=FACE_BOUND('',#4453,.T.);
#4900=FACE_BOUND('',#4454,.T.);
#4901=FACE_BOUND('',#4455,.T.);
#4902=FACE_BOUND('',#4456,.T.);
#4903=FACE_BOUND('',#4457,.T.);
#4904=FACE_BOUND('',#4458,.T.);
#4905=FACE_BOUND('',#4459,.T.);
#4906=FACE_BOUND('',#4460,.T.);
#4907=FACE_BOUND('',#4461,.T.);
#4908=FACE_BOUND('',#4462,.T.);
#4909=FACE_BOUND('',#4463,.T.);
#4910=FACE_BOUND('',#4464,.T.);
#4911=FACE_BOUND('',#4465,.T.);
#4912=FACE_BOUND('',#4466,.T.);
#4913=FACE_BOUND('',#4467,.T.);
#4914=FACE_BOUND('',#4468,.T.);
#4915=FACE_BOUND('',#4469,.T.);
#4916=FACE_BOUND('',#4470,.T.);
#4917=FACE_BOUND('',#4471,.T.);
#4918=FACE_BOUND('',#4472,.T.);
#4919=FACE_BOUND('',#4473,.T.);
#4920=FACE_BOUND('',#4474,.T.);
#4921=FACE_BOUND('',#4475,.T.);
#4922=FACE_BOUND('',#4476,.T.);
#4923=FACE_BOUND('',#4477,.T.);
#4924=FACE_BOUND('',#4478,.T.);
#4925=FACE_BOUND('',#4479,.T.);
#4926=FACE_BOUND('',#4480,.T.);
#4927=FACE_BOUND('',#4481,.T.);
#4928=FACE_BOUND('',#4482,.T.);
#4929=FACE_BOUND('',#4483,.T.);
#4930=FACE_BOUND('',#4484,.T.);
#4931=FACE_BOUND('',#4485,.T.);
#4932=FACE_BOUND('',#4486,.T.);
#4933=FACE_BOUND('',#4487,.T.);
#4934=FACE_BOUND('',#4488,.T.);
#4935=FACE_BOUND('',#4489,.T.);
#4936=FACE_BOUND('',#4490,.T.);
#4937=FACE_BOUND('',#4491,.T.);
#4938=FACE_BOUND('',#4492,.T.);
#4939=FACE_BOUND('',#4493,.T.);
#4940=FACE_BOUND('',#4494,.T.);
#4941=FACE_BOUND('',#4495,.T.);
#4942=FACE_BOUND('',#4496,.T.);
#4943=FACE_BOUND('',#4497,.T.);
#4944=FACE_BOUND('',#4498,.T.);
#4945=FACE_BOUND('',#4499,.T.);
#4946=FACE_BOUND('',#4500,.T.);
#4947=FACE_BOUND('',#4501,.T.);
#4948=FACE_BOUND('',#4502,.T.);
#4949=FACE_BOUND('',#4503,.T.);
#4950=FACE_BOUND('',#4504,.T.);
#4951=FACE_BOUND('',#4505,.T.);
#4952=FACE_BOUND('',#4506,.T.);
#4953=FACE_BOUND('',#4507,.T.);
#4954=FACE_BOUND('',#4508,.T.);
#4955=FACE_BOUND('',#4509,.T.);
#4956=FACE_BOUND('',#4510,.T.);
#4957=FACE_BOUND('',#4511,.T.);
#4958=FACE_BOUND('',#4512,.T.);
#4959=FACE_BOUND('',#4513,.T.);
#4960=FACE_BOUND('',#4514,.T.);
#4961=FACE_BOUND('',#4515,.T.);
#4962=FACE_BOUND('',#4516,.T.);
#4963=FACE_BOUND('',#4517,.T.);
#4964=FACE_BOUND('',#4518,.T.);
#4965=FACE_BOUND('',#4519,.T.);
#4966=FACE_BOUND('',#4520,.T.);
#4967=FACE_BOUND('',#4521,.T.);
#4968=FACE_BOUND('',#4522,.T.);
#4969=FACE_BOUND('',#4523,.T.);
#4970=FACE_BOUND('',#4524,.T.);
#4971=FACE_BOUND('',#4525,.T.);
#4972=FACE_BOUND('',#4526,.T.);
#4973=FACE_BOUND('',#4527,.T.);
#4974=FACE_BOUND('',#4528,.T.);
#4975=FACE_BOUND('',#4529,.T.);
#4976=FACE_BOUND('',#4530,.T.);
#4977=FACE_BOUND('',#4531,.T.);
#4978=FACE_BOUND('',#4532,.T.);
#4979=FACE_BOUND('',#4533,.T.);
#4980=FACE_BOUND('',#4534,.T.);
#4981=FACE_BOUND('',#4535,.T.);
#4982=FACE_BOUND('',#4536,.T.);
#4983=FACE_BOUND('',#4537,.T.);
#4984=FACE_BOUND('',#4538,.T.);
#4985=FACE_BOUND('',#4539,.T.);
#4986=FACE_BOUND('',#4540,.T.);
#4987=FACE_BOUND('',#4541,.T.);
#4988=FACE_BOUND('',#4542,.T.);
#4989=FACE_BOUND('',#4543,.T.);
#4990=FACE_BOUND('',#4544,.T.);
#4991=FACE_BOUND('',#4545,.T.);
#4992=FACE_BOUND('',#4546,.T.);
#4993=FACE_BOUND('',#4547,.T.);
#4994=FACE_BOUND('',#4548,.T.);
#4995=FACE_BOUND('',#4549,.T.);
#4996=FACE_BOUND('',#4550,.T.);
#4997=FACE_BOUND('',#4551,.T.);
#4998=FACE_BOUND('',#4552,.T.);
#4999=FACE_BOUND('',#4553,.T.);
#5000=FACE_BOUND('',#4554,.T.);
#5001=FACE_BOUND('',#4555,.T.);
#5002=FACE_BOUND('',#4556,.T.);
#5003=FACE_BOUND('',#4557,.T.);
#5004=FACE_BOUND('',#4558,.T.);
#5005=FACE_BOUND('',#4559,.T.);
#5006=FACE_BOUND('',#4560,.T.);
#5007=FACE_BOUND('',#4561,.T.);
#5008=FACE_BOUND('',#4562,.T.);
#5009=FACE_BOUND('',#4563,.T.);
#5010=FACE_BOUND('',#4564,.T.);
#5011=FACE_BOUND('',#4565,.T.);
#5012=FACE_BOUND('',#4566,.T.);
#5013=FACE_BOUND('',#4567,.T.);
#5014=FACE_BOUND('',#4568,.T.);
#5015=FACE_BOUND('',#4569,.T.);
#5016=FACE_BOUND('',#4570,.T.);
#5017=FACE_BOUND('',#4571,.T.);
#5018=FACE_BOUND('',#4572,.T.);
#5019=FACE_BOUND('',#4573,.T.);
#5020=FACE_BOUND('',#4574,.T.);
#5021=FACE_BOUND('',#4575,.T.);
#5022=FACE_BOUND('',#4576,.T.);
#5023=FACE_BOUND('',#4577,.T.);
#5024=FACE_BOUND('',#4578,.T.);
#5025=FACE_BOUND('',#4579,.T.);
#5026=FACE_BOUND('',#4580,.T.);
#5027=FACE_BOUND('',#4581,.T.);
#5028=FACE_BOUND('',#4582,.T.);
#5029=FACE_BOUND('',#4583,.T.);
#5030=FACE_BOUND('',#4584,.T.);
#5031=FACE_BOUND('',#4585,.T.);
#5032=FACE_BOUND('',#4586,.T.);
#5033=FACE_BOUND('',#4587,.T.);
#5034=FACE_BOUND('',#4588,.T.);
#5035=FACE_BOUND('',#4589,.T.);
#5036=FACE_BOUND('',#4590,.T.);
#5037=FACE_BOUND('',#4591,.T.);
#5038=FACE_BOUND('',#4592,.T.);
#5039=FACE_BOUND('',#4593,.T.);
#5040=FACE_BOUND('',#4594,.T.);
#5041=FACE_BOUND('',#4595,.T.);
#5042=FACE_BOUND('',#4596,.T.);
#5043=FACE_BOUND('',#4597,.T.);
#5044=FACE_BOUND('',#4598,.T.);
#5045=FACE_BOUND('',#4599,.T.);
#5046=FACE_BOUND('',#4600,.T.);
#5047=FACE_BOUND('',#4601,.T.);
#5048=FACE_BOUND('',#4602,.T.);
#5049=FACE_BOUND('',#4603,.T.);
#5050=FACE_BOUND('',#4604,.T.);
#5051=FACE_BOUND('',#4605,.T.);
#5052=FACE_BOUND('',#4606,.T.);
#5053=FACE_BOUND('',#4607,.T.);
#5054=FACE_BOUND('',#4608,.T.);
#5055=FACE_BOUND('',#4609,.T.);
#5056=FACE_BOUND('',#4610,.T.);
#5057=FACE_BOUND('',#4611,.T.);
#5058=FACE_BOUND('',#4612,.T.);
#5059=FACE_BOUND('',#4613,.T.);
#5060=FACE_BOUND('',#4614,.T.);
#5061=FACE_BOUND('',#4615,.T.);
#5062=FACE_BOUND('',#4616,.T.);
#5063=FACE_BOUND('',#4617,.T.);
#5064=FACE_BOUND('',#4618,.T.);
#5065=FACE_BOUND('',#4619,.T.);
#5066=FACE_BOUND('',#4620,.T.);
#5067=FACE_BOUND('',#4621,.T.);
#5068=FACE_BOUND('',#4622,.T.);
#5069=FACE_BOUND('',#4623,.T.);
#5070=FACE_BOUND('',#4624,.T.);
#5071=FACE_BOUND('',#4625,.T.);
#5072=FACE_BOUND('',#4626,.T.);
#5073=FACE_BOUND('',#4627,.T.);
#5074=FACE_BOUND('',#4628,.T.);
#5075=FACE_BOUND('',#4629,.T.);
#5076=FACE_BOUND('',#4630,.T.);
#5077=FACE_BOUND('',#4631,.T.);
#5078=FACE_BOUND('',#4632,.T.);
#5079=FACE_BOUND('',#4633,.T.);
#5080=FACE_BOUND('',#4634,.T.);
#5081=FACE_BOUND('',#4635,.T.);
#5082=FACE_BOUND('',#4636,.T.);
#5083=FACE_BOUND('',#4637,.T.);
#5084=FACE_BOUND('',#4638,.T.);
#5085=FACE_BOUND('',#4639,.T.);
#5086=FACE_BOUND('',#4640,.T.);
#5087=FACE_BOUND('',#4641,.T.);
#5088=FACE_BOUND('',#4642,.T.);
#5089=FACE_BOUND('',#4643,.T.);
#5090=FACE_BOUND('',#4644,.T.);
#5091=FACE_BOUND('',#4645,.T.);
#5092=FACE_BOUND('',#4646,.T.);
#5093=FACE_BOUND('',#4647,.T.);
#5094=FACE_BOUND('',#4648,.T.);
#5095=FACE_BOUND('',#4649,.T.);
#5096=FACE_BOUND('',#4650,.T.);
#5097=FACE_BOUND('',#4651,.T.);
#5098=FACE_BOUND('',#4652,.T.);
#5099=FACE_BOUND('',#4653,.T.);
#5100=FACE_BOUND('',#4654,.T.);
#5101=FACE_BOUND('',#4655,.T.);
#5102=FACE_BOUND('',#4656,.T.);
#5103=FACE_BOUND('',#4657,.T.);
#5104=FACE_BOUND('',#4658,.T.);
#5105=FACE_BOUND('',#4659,.T.);
#5106=FACE_BOUND('',#4660,.T.);
#5107=FACE_BOUND('',#4661,.T.);
#5108=FACE_BOUND('',#4662,.T.);
#5109=FACE_BOUND('',#4663,.T.);
#5110=FACE_BOUND('',#4664,.T.);
#5111=FACE_BOUND('',#4665,.T.);
#5112=FACE_BOUND('',#4666,.T.);
#5113=FACE_BOUND('',#4667,.T.);
#5114=FACE_BOUND('',#4668,.T.);
#5115=FACE_BOUND('',#4669,.T.);
#5116=FACE_BOUND('',#4670,.T.);
#5117=FACE_BOUND('',#4671,.T.);
#5118=FACE_BOUND('',#4672,.T.);
#5119=FACE_BOUND('',#4673,.T.);
#5120=FACE_BOUND('',#4674,.T.);
#5121=FACE_BOUND('',#4675,.T.);
#5122=FACE_BOUND('',#4676,.T.);
#5123=FACE_BOUND('',#4677,.T.);
#5124=FACE_BOUND('',#4678,.T.);
#5125=FACE_BOUND('',#4679,.T.);
#5126=FACE_BOUND('',#4680,.T.);
#5127=FACE_BOUND('',#4681,.T.);
#5128=FACE_BOUND('',#4682,.T.);
#5129=FACE_BOUND('',#4683,.T.);
#5130=FACE_BOUND('',#4684,.T.);
#5131=FACE_BOUND('',#4685,.T.);
#5132=FACE_BOUND('',#4686,.T.);
#5133=FACE_BOUND('',#4687,.T.);
#5134=FACE_BOUND('',#4688,.T.);
#5135=FACE_BOUND('',#4689,.T.);
#5136=FACE_BOUND('',#4690,.T.);
#5137=FACE_BOUND('',#4691,.T.);
#5138=FACE_BOUND('',#4692,.T.);
#5139=FACE_BOUND('',#4693,.T.);
#5140=FACE_BOUND('',#4694,.T.);
#5141=FACE_BOUND('',#4695,.T.);
#5142=FACE_BOUND('',#4696,.T.);
#5143=FACE_BOUND('',#4697,.T.);
#5144=FACE_BOUND('',#4698,.T.);
#5145=FACE_BOUND('',#4699,.T.);
#5146=FACE_BOUND('',#4700,.T.);
#5147=FACE_BOUND('',#4701,.T.);
#5148=FACE_BOUND('',#4702,.T.);
#5149=FACE_BOUND('',#4703,.T.);
#5150=FACE_BOUND('',#4704,.T.);
#5151=FACE_BOUND('',#4705,.T.);
#5152=FACE_BOUND('',#4706,.T.);
#5153=FACE_BOUND('',#4707,.T.);
#5154=FACE_BOUND('',#4708,.T.);
#5155=FACE_BOUND('',#4709,.T.);
#5156=FACE_BOUND('',#4710,.T.);
#5157=FACE_BOUND('',#4711,.T.);
#5158=FACE_BOUND('',#4712,.T.);
#5159=FACE_BOUND('',#4713,.T.);
#5160=FACE_BOUND('',#4714,.T.);
#5161=FACE_BOUND('',#4715,.T.);
#5162=FACE_BOUND('',#4716,.T.);
#5163=FACE_BOUND('',#4717,.T.);
#5164=PLANE('',#5635);
#5165=PLANE('',#5649);
#5166=PLANE('',#5650);
#5167=PLANE('',#5653);
#5168=PLANE('',#5677);
#5169=PLANE('',#5700);
#5170=PLANE('',#5704);
#5171=PLANE('',#5707);
#5172=PLANE('',#5757);
#5173=PLANE('',#5760);
#5174=PLANE('',#5763);
#5175=PLANE('',#5774);
#5176=PLANE('',#5775);
#5177=PLANE('',#5776);
#5178=PLANE('',#5777);
#5179=PLANE('',#5778);
#5180=PLANE('',#5779);
#5181=PLANE('',#5780);
#5182=PLANE('',#5781);
#5183=PLANE('',#5782);
#5184=PLANE('',#5783);
#5185=PLANE('',#5784);
#5186=PLANE('',#5785);
#5187=PLANE('',#5786);
#5188=PLANE('',#5787);
#5189=PLANE('',#5788);
#5190=PLANE('',#5789);
#5191=PLANE('',#5790);
#5192=PLANE('',#5791);
#5193=PLANE('',#5792);
#5194=PLANE('',#5793);
#5195=PLANE('',#5794);
#5196=PLANE('',#5795);
#5197=PLANE('',#5796);
#5198=PLANE('',#5797);
#5199=PLANE('',#5798);
#5200=PLANE('',#5799);
#5201=PLANE('',#5800);
#5202=PLANE('',#5801);
#5203=PLANE('',#5802);
#5204=PLANE('',#5803);
#5205=PLANE('',#5804);
#5206=PLANE('',#5805);
#5207=PLANE('',#5806);
#5208=PLANE('',#5807);
#5209=PLANE('',#5808);
#5210=PLANE('',#5809);
#5211=PLANE('',#5810);
#5212=PLANE('',#5811);
#5213=PLANE('',#5812);
#5214=PLANE('',#5813);
#5215=PLANE('',#5814);
#5216=PLANE('',#5815);
#5217=PLANE('',#5816);
#5218=PLANE('',#5817);
#5219=PLANE('',#5818);
#5220=PLANE('',#5819);
#5221=PLANE('',#5820);
#5222=PLANE('',#5821);
#5223=PLANE('',#5822);
#5224=PLANE('',#5823);
#5225=PLANE('',#5824);
#5226=PLANE('',#5825);
#5227=PLANE('',#5826);
#5228=PLANE('',#5858);
#5229=PLANE('',#5865);
#5230=PLANE('',#5884);
#5231=PLANE('',#5887);
#5232=PLANE('',#5908);
#5233=PLANE('',#5914);
#5234=PLANE('',#5917);
#5235=PLANE('',#5922);
#5236=PLANE('',#5957);
#5237=PLANE('',#5964);
#5238=PLANE('',#5983);
#5239=PLANE('',#5986);
#5240=PLANE('',#5989);
#5241=PLANE('',#6010);
#5242=PLANE('',#6016);
#5243=PLANE('',#6021);
#5244=PLANE('',#6026);
#5245=PLANE('',#6074);
#5246=PLANE('',#6149);
#5247=PLANE('',#6156);
#5248=PLANE('',#6157);
#5249=PLANE('',#6167);
#5250=PLANE('',#6171);
#5251=PLANE('',#6179);
#5252=PLANE('',#6184);
#5253=PLANE('',#6185);
#5254=PLANE('',#6207);
#5255=PLANE('',#6275);
#5256=PLANE('',#6276);
#5257=PLANE('',#6277);
#5258=PLANE('',#6278);
#5259=PLANE('',#6279);
#5260=ADVANCED_FACE('',(#4718),#5164,.T.);
#5261=ADVANCED_FACE('',(#4719),#452,.F.);
#5262=ADVANCED_FACE('',(#4720),#192,.T.);
#5263=ADVANCED_FACE('',(#4721),#5165,.T.);
#5264=ADVANCED_FACE('',(#4722),#5166,.T.);
#5265=ADVANCED_FACE('',(#4723),#5167,.T.);
#5266=ADVANCED_FACE('',(#4724,#4725),#129,.F.);
#5267=ADVANCED_FACE('',(#4726),#193,.F.);
#5268=ADVANCED_FACE('',(#4727),#194,.F.);
#5269=ADVANCED_FACE('',(#4728),#195,.F.);
#5270=ADVANCED_FACE('',(#4729),#196,.F.);
#5271=ADVANCED_FACE('',(#4730,#4731),#197,.F.);
#5272=ADVANCED_FACE('',(#4732,#4733),#130,.T.);
#5273=ADVANCED_FACE('',(#4734),#5168,.T.);
#5274=ADVANCED_FACE('',(#4735),#31,.F.);
#5275=ADVANCED_FACE('',(#4736),#13,.F.);
#5276=ADVANCED_FACE('',(#4737),#32,.F.);
#5277=ADVANCED_FACE('',(#4738),#453,.F.);
#5278=ADVANCED_FACE('',(#4739),#131,.F.);
#5279=ADVANCED_FACE('',(#4740),#33,.F.);
#5280=ADVANCED_FACE('',(#4741),#34,.F.);
#5281=ADVANCED_FACE('',(#4742),#14,.F.);
#5282=ADVANCED_FACE('',(#4743),#5169,.F.);
#5283=ADVANCED_FACE('',(#4744),#454,.F.);
#5284=ADVANCED_FACE('',(#4745),#198,.T.);
#5285=ADVANCED_FACE('',(#4746,#4747),#5170,.T.);
#5286=ADVANCED_FACE('',(#4748,#4749,#4750,#4751,#4752,#4753,#4754,#4755,
#4756,#4757,#4758,#4759,#4760,#4761,#4762,#4763,#4764,#4765,#4766,#4767,
#4768,#4769),#5171,.F.);
#5287=ADVANCED_FACE('',(#4770),#455,.F.);
#5288=ADVANCED_FACE('',(#4771),#199,.T.);
#5289=ADVANCED_FACE('',(#4772),#456,.T.);
#5290=ADVANCED_FACE('',(#4773),#200,.T.);
#5291=ADVANCED_FACE('',(#4774),#35,.F.);
#5292=ADVANCED_FACE('',(#4775),#36,.F.);
#5293=ADVANCED_FACE('',(#4776),#201,.F.);
#5294=ADVANCED_FACE('',(#4777),#37,.F.);
#5295=ADVANCED_FACE('',(#4778),#38,.F.);
#5296=ADVANCED_FACE('',(#4779),#457,.F.);
#5297=ADVANCED_FACE('',(#4780),#458,.F.);
#5298=ADVANCED_FACE('',(#4781),#39,.F.);
#5299=ADVANCED_FACE('',(#4782),#40,.F.);
#5300=ADVANCED_FACE('',(#4783),#5172,.F.);
#5301=ADVANCED_FACE('',(#4784),#132,.T.);
#5302=ADVANCED_FACE('',(#4785),#5173,.F.);
#5303=ADVANCED_FACE('',(#4786),#15,.F.);
#5304=ADVANCED_FACE('',(#4787),#16,.F.);
#5305=ADVANCED_FACE('',(#4788,#4789,#4790,#4791,#4792),#5174,.T.);
#5306=ADVANCED_FACE('',(#4793),#17,.F.);
#5307=ADVANCED_FACE('',(#4794),#18,.F.);
#5308=ADVANCED_FACE('',(#4795),#202,.F.);
#5309=ADVANCED_FACE('',(#4796),#459,.F.);
#5310=ADVANCED_FACE('',(#4797),#203,.F.);
#5311=ADVANCED_FACE('',(#4798),#5175,.F.);
#5312=ADVANCED_FACE('',(#4799),#5176,.F.);
#5313=ADVANCED_FACE('',(#4800),#5177,.F.);
#5314=ADVANCED_FACE('',(#4801),#5178,.F.);
#5315=ADVANCED_FACE('',(#4802),#5179,.F.);
#5316=ADVANCED_FACE('',(#4803),#5180,.F.);
#5317=ADVANCED_FACE('',(#4804),#5181,.F.);
#5318=ADVANCED_FACE('',(#4805),#5182,.F.);
#5319=ADVANCED_FACE('',(#4806),#5183,.F.);
#5320=ADVANCED_FACE('',(#4807),#5184,.F.);
#5321=ADVANCED_FACE('',(#4808),#5185,.F.);
#5322=ADVANCED_FACE('',(#4809),#5186,.F.);
#5323=ADVANCED_FACE('',(#4810),#5187,.F.);
#5324=ADVANCED_FACE('',(#4811),#5188,.F.);
#5325=ADVANCED_FACE('',(#4812),#5189,.F.);
#5326=ADVANCED_FACE('',(#4813),#5190,.F.);
#5327=ADVANCED_FACE('',(#4814),#5191,.F.);
#5328=ADVANCED_FACE('',(#4815),#5192,.F.);
#5329=ADVANCED_FACE('',(#4816),#5193,.F.);
#5330=ADVANCED_FACE('',(#4817),#5194,.F.);
#5331=ADVANCED_FACE('',(#4818),#5195,.F.);
#5332=ADVANCED_FACE('',(#4819),#5196,.F.);
#5333=ADVANCED_FACE('',(#4820),#5197,.F.);
#5334=ADVANCED_FACE('',(#4821),#5198,.F.);
#5335=ADVANCED_FACE('',(#4822),#5199,.T.);
#5336=ADVANCED_FACE('',(#4823),#5200,.T.);
#5337=ADVANCED_FACE('',(#4824),#5201,.T.);
#5338=ADVANCED_FACE('',(#4825),#5202,.T.);
#5339=ADVANCED_FACE('',(#4826),#5203,.T.);
#5340=ADVANCED_FACE('',(#4827),#5204,.T.);
#5341=ADVANCED_FACE('',(#4828),#5205,.T.);
#5342=ADVANCED_FACE('',(#4829),#5206,.T.);
#5343=ADVANCED_FACE('',(#4830),#5207,.T.);
#5344=ADVANCED_FACE('',(#4831),#5208,.T.);
#5345=ADVANCED_FACE('',(#4832),#5209,.T.);
#5346=ADVANCED_FACE('',(#4833),#5210,.T.);
#5347=ADVANCED_FACE('',(#4834),#5211,.T.);
#5348=ADVANCED_FACE('',(#4835),#5212,.T.);
#5349=ADVANCED_FACE('',(#4836),#5213,.T.);
#5350=ADVANCED_FACE('',(#4837),#5214,.T.);
#5351=ADVANCED_FACE('',(#4838),#5215,.T.);
#5352=ADVANCED_FACE('',(#4839),#5216,.T.);
#5353=ADVANCED_FACE('',(#4840),#5217,.T.);
#5354=ADVANCED_FACE('',(#4841),#5218,.T.);
#5355=ADVANCED_FACE('',(#4842),#5219,.T.);
#5356=ADVANCED_FACE('',(#4843),#5220,.T.);
#5357=ADVANCED_FACE('',(#4844),#5221,.T.);
#5358=ADVANCED_FACE('',(#4845),#5222,.T.);
#5359=ADVANCED_FACE('',(#4846),#5223,.F.);
#5360=ADVANCED_FACE('',(#4847),#5224,.F.);
#5361=ADVANCED_FACE('',(#4848),#5225,.F.);
#5362=ADVANCED_FACE('',(#4849),#5226,.F.);
#5363=ADVANCED_FACE('',(#4850),#5227,.T.);
#5364=ADVANCED_FACE('',(#4851),#460,.F.);
#5365=ADVANCED_FACE('',(#4852),#204,.F.);
#5366=ADVANCED_FACE('',(#4853),#205,.F.);
#5367=ADVANCED_FACE('',(#4854),#461,.F.);
#5368=ADVANCED_FACE('',(#4855),#206,.T.);
#5369=ADVANCED_FACE('',(#4856),#462,.T.);
#5370=ADVANCED_FACE('',(#4857),#463,.T.);
#5371=ADVANCED_FACE('',(#4858),#41,.T.);
#5372=ADVANCED_FACE('',(#4859),#464,.F.);
#5373=ADVANCED_FACE('',(#4860),#207,.F.);
#5374=ADVANCED_FACE('',(#4861),#465,.F.);
#5375=ADVANCED_FACE('',(#4862,#4863),#5228,.F.);
#5376=ADVANCED_FACE('',(#4864),#466,.T.);
#5377=ADVANCED_FACE('',(#4865,#4866),#5229,.F.);
#5378=ADVANCED_FACE('',(#4867),#42,.T.);
#5379=ADVANCED_FACE('',(#4868),#467,.T.);
#5380=ADVANCED_FACE('',(#4869),#468,.T.);
#5381=ADVANCED_FACE('',(#4870),#208,.T.);
#5382=ADVANCED_FACE('',(#4871),#469,.T.);
#5383=ADVANCED_FACE('',(#4872),#209,.T.);
#5384=ADVANCED_FACE('',(#4873),#5230,.F.);
#5385=ADVANCED_FACE('',(#4874,#4875),#210,.F.);
#5386=ADVANCED_FACE('',(#4876),#5231,.F.);
#5387=ADVANCED_FACE('',(#4877),#211,.T.);
#5388=ADVANCED_FACE('',(#4878),#212,.F.);
#5389=ADVANCED_FACE('',(#4879),#470,.T.);
#5390=ADVANCED_FACE('',(#4880),#43,.T.);
#5391=ADVANCED_FACE('',(#4881),#213,.T.);
#5392=ADVANCED_FACE('',(#4882),#44,.T.);
#5393=ADVANCED_FACE('',(#4883),#471,.T.);
#5394=ADVANCED_FACE('',(#4884),#214,.T.);
#5395=ADVANCED_FACE('',(#4885,#4886),#215,.F.);
#5396=ADVANCED_FACE('',(#4887),#216,.T.);
#5397=ADVANCED_FACE('',(#4888),#5232,.F.);
#5398=ADVANCED_FACE('',(#4889),#217,.T.);
#5399=ADVANCED_FACE('',(#4890),#218,.T.);
#5400=ADVANCED_FACE('',(#4891),#5233,.T.);
#5401=ADVANCED_FACE('',(#4892,#4893),#5234,.T.);
#5402=ADVANCED_FACE('',(#4894,#4895),#5235,.T.);
#5403=ADVANCED_FACE('',(#4896),#472,.F.);
#5404=ADVANCED_FACE('',(#4897),#219,.F.);
#5405=ADVANCED_FACE('',(#4898),#220,.F.);
#5406=ADVANCED_FACE('',(#4899),#473,.F.);
#5407=ADVANCED_FACE('',(#4900),#221,.T.);
#5408=ADVANCED_FACE('',(#4901),#474,.T.);
#5409=ADVANCED_FACE('',(#4902),#475,.T.);
#5410=ADVANCED_FACE('',(#4903),#45,.T.);
#5411=ADVANCED_FACE('',(#4904),#476,.F.);
#5412=ADVANCED_FACE('',(#4905),#222,.F.);
#5413=ADVANCED_FACE('',(#4906),#477,.F.);
#5414=ADVANCED_FACE('',(#4907,#4908),#5236,.F.);
#5415=ADVANCED_FACE('',(#4909),#478,.T.);
#5416=ADVANCED_FACE('',(#4910,#4911),#5237,.F.);
#5417=ADVANCED_FACE('',(#4912),#46,.T.);
#5418=ADVANCED_FACE('',(#4913),#479,.T.);
#5419=ADVANCED_FACE('',(#4914),#480,.T.);
#5420=ADVANCED_FACE('',(#4915),#223,.T.);
#5421=ADVANCED_FACE('',(#4916),#481,.T.);
#5422=ADVANCED_FACE('',(#4917),#224,.T.);
#5423=ADVANCED_FACE('',(#4918),#5238,.F.);
#5424=ADVANCED_FACE('',(#4919,#4920),#225,.F.);
#5425=ADVANCED_FACE('',(#4921),#5239,.F.);
#5426=ADVANCED_FACE('',(#4922),#226,.T.);
#5427=ADVANCED_FACE('',(#4923),#5240,.T.);
#5428=ADVANCED_FACE('',(#4924),#482,.T.);
#5429=ADVANCED_FACE('',(#4925),#47,.T.);
#5430=ADVANCED_FACE('',(#4926),#227,.T.);
#5431=ADVANCED_FACE('',(#4927),#48,.T.);
#5432=ADVANCED_FACE('',(#4928),#483,.T.);
#5433=ADVANCED_FACE('',(#4929),#228,.T.);
#5434=ADVANCED_FACE('',(#4930,#4931),#229,.F.);
#5435=ADVANCED_FACE('',(#4932),#230,.F.);
#5436=ADVANCED_FACE('',(#4933),#231,.T.);
#5437=ADVANCED_FACE('',(#4934),#5241,.F.);
#5438=ADVANCED_FACE('',(#4935),#232,.T.);
#5439=ADVANCED_FACE('',(#4936),#233,.T.);
#5440=ADVANCED_FACE('',(#4937,#4938),#5242,.T.);
#5441=ADVANCED_FACE('',(#4939,#4940),#5243,.T.);
#5442=ADVANCED_FACE('',(#4941),#5244,.T.);
#5443=ADVANCED_FACE('',(#4942),#133,.F.);
#5444=ADVANCED_FACE('',(#4943),#134,.F.);
#5445=ADVANCED_FACE('',(#4944,#4945),#234,.F.);
#5446=ADVANCED_FACE('',(#4946,#4947),#235,.F.);
#5447=ADVANCED_FACE('',(#4948,#4949),#236,.F.);
#5448=ADVANCED_FACE('',(#4950,#4951),#237,.F.);
#5449=ADVANCED_FACE('',(#4952,#4953),#238,.F.);
#5450=ADVANCED_FACE('',(#4954,#4955),#239,.F.);
#5451=ADVANCED_FACE('',(#4956,#4957),#240,.F.);
#5452=ADVANCED_FACE('',(#4958,#4959),#241,.F.);
#5453=ADVANCED_FACE('',(#4960,#4961),#242,.F.);
#5454=ADVANCED_FACE('',(#4962,#4963),#243,.F.);
#5455=ADVANCED_FACE('',(#4964,#4965),#244,.F.);
#5456=ADVANCED_FACE('',(#4966,#4967),#245,.F.);
#5457=ADVANCED_FACE('',(#4968,#4969),#246,.F.);
#5458=ADVANCED_FACE('',(#4970,#4971),#247,.F.);
#5459=ADVANCED_FACE('',(#4972,#4973),#248,.F.);
#5460=ADVANCED_FACE('',(#4974,#4975),#249,.F.);
#5461=ADVANCED_FACE('',(#4976,#4977),#250,.F.);
#5462=ADVANCED_FACE('',(#4978,#4979),#251,.F.);
#5463=ADVANCED_FACE('',(#4980,#4981),#252,.F.);
#5464=ADVANCED_FACE('',(#4982,#4983),#253,.F.);
#5465=ADVANCED_FACE('',(#4984,#4985),#254,.F.);
#5466=ADVANCED_FACE('',(#4986,#4987,#4988,#4989,#4990,#4991,#4992,#4993,
#4994,#4995,#4996,#4997,#4998,#4999,#5000,#5001,#5002,#5003,#5004,#5005,
#5006,#5007),#5245,.T.);
#5467=ADVANCED_FACE('',(#5008),#49,.F.);
#5468=ADVANCED_FACE('',(#5009),#50,.F.);
#5469=ADVANCED_FACE('',(#5010),#51,.F.);
#5470=ADVANCED_FACE('',(#5011),#52,.F.);
#5471=ADVANCED_FACE('',(#5012),#53,.T.);
#5472=ADVANCED_FACE('',(#5013),#255,.T.);
#5473=ADVANCED_FACE('',(#5014),#54,.T.);
#5474=ADVANCED_FACE('',(#5015),#55,.T.);
#5475=ADVANCED_FACE('',(#5016),#256,.T.);
#5476=ADVANCED_FACE('',(#5017),#56,.T.);
#5477=ADVANCED_FACE('',(#5018),#57,.T.);
#5478=ADVANCED_FACE('',(#5019),#58,.T.);
#5479=ADVANCED_FACE('',(#5020),#59,.T.);
#5480=ADVANCED_FACE('',(#5021),#60,.T.);
#5481=ADVANCED_FACE('',(#5022),#61,.T.);
#5482=ADVANCED_FACE('',(#5023),#484,.T.);
#5483=ADVANCED_FACE('',(#5024),#62,.T.);
#5484=ADVANCED_FACE('',(#5025),#63,.T.);
#5485=ADVANCED_FACE('',(#5026),#64,.T.);
#5486=ADVANCED_FACE('',(#5027),#65,.T.);
#5487=ADVANCED_FACE('',(#5028),#66,.T.);
#5488=ADVANCED_FACE('',(#5029),#67,.T.);
#5489=ADVANCED_FACE('',(#5030),#257,.T.);
#5490=ADVANCED_FACE('',(#5031),#68,.T.);
#5491=ADVANCED_FACE('',(#5032),#69,.T.);
#5492=ADVANCED_FACE('',(#5033),#258,.T.);
#5493=ADVANCED_FACE('',(#5034),#70,.T.);
#5494=ADVANCED_FACE('',(#5035),#71,.T.);
#5495=ADVANCED_FACE('',(#5036),#259,.T.);
#5496=ADVANCED_FACE('',(#5037),#72,.T.);
#5497=ADVANCED_FACE('',(#5038),#73,.T.);
#5498=ADVANCED_FACE('',(#5039),#260,.T.);
#5499=ADVANCED_FACE('',(#5040),#74,.T.);
#5500=ADVANCED_FACE('',(#5041),#75,.T.);
#5501=ADVANCED_FACE('',(#5042),#76,.T.);
#5502=ADVANCED_FACE('',(#5043),#77,.T.);
#5503=ADVANCED_FACE('',(#5044),#78,.T.);
#5504=ADVANCED_FACE('',(#5045),#79,.T.);
#5505=ADVANCED_FACE('',(#5046),#485,.T.);
#5506=ADVANCED_FACE('',(#5047),#80,.T.);
#5507=ADVANCED_FACE('',(#5048),#81,.T.);
#5508=ADVANCED_FACE('',(#5049),#82,.T.);
#5509=ADVANCED_FACE('',(#5050),#83,.T.);
#5510=ADVANCED_FACE('',(#5051),#84,.T.);
#5511=ADVANCED_FACE('',(#5052),#85,.T.);
#5512=ADVANCED_FACE('',(#5053),#261,.T.);
#5513=ADVANCED_FACE('',(#5054),#86,.T.);
#5514=ADVANCED_FACE('',(#5055),#87,.T.);
#5515=ADVANCED_FACE('',(#5056),#262,.T.);
#5516=ADVANCED_FACE('',(#5057),#88,.T.);
#5517=ADVANCED_FACE('',(#5058),#486,.F.);
#5518=ADVANCED_FACE('',(#5059),#487,.F.);
#5519=ADVANCED_FACE('',(#5060),#89,.T.);
#5520=ADVANCED_FACE('',(#5061),#90,.T.);
#5521=ADVANCED_FACE('',(#5062),#91,.T.);
#5522=ADVANCED_FACE('',(#5063),#92,.T.);
#5523=ADVANCED_FACE('',(#5064),#93,.T.);
#5524=ADVANCED_FACE('',(#5065),#94,.T.);
#5525=ADVANCED_FACE('',(#5066),#95,.T.);
#5526=ADVANCED_FACE('',(#5067),#96,.T.);
#5527=ADVANCED_FACE('',(#5068),#97,.T.);
#5528=ADVANCED_FACE('',(#5069),#98,.T.);
#5529=ADVANCED_FACE('',(#5070),#99,.T.);
#5530=ADVANCED_FACE('',(#5071),#100,.T.);
#5531=ADVANCED_FACE('',(#5072),#101,.T.);
#5532=ADVANCED_FACE('',(#5073),#102,.T.);
#5533=ADVANCED_FACE('',(#5074,#5075),#488,.F.);
#5534=ADVANCED_FACE('',(#5076),#489,.T.);
#5535=ADVANCED_FACE('',(#5077),#103,.T.);
#5536=ADVANCED_FACE('',(#5078),#490,.T.);
#5537=ADVANCED_FACE('',(#5079),#104,.F.);
#5538=ADVANCED_FACE('',(#5080),#105,.F.);
#5539=ADVANCED_FACE('',(#5081),#106,.F.);
#5540=ADVANCED_FACE('',(#5082),#107,.F.);
#5541=ADVANCED_FACE('',(#5083),#108,.F.);
#5542=ADVANCED_FACE('',(#5084),#109,.F.);
#5543=ADVANCED_FACE('',(#5085),#5246,.T.);
#5544=ADVANCED_FACE('',(#5086),#263,.T.);
#5545=ADVANCED_FACE('',(#5087),#264,.T.);
#5546=ADVANCED_FACE('',(#5088),#5247,.T.);
#5547=ADVANCED_FACE('',(#5089),#5248,.T.);
#5548=ADVANCED_FACE('',(#5090),#265,.T.);
#5549=ADVANCED_FACE('',(#5091),#266,.T.);
#5550=ADVANCED_FACE('',(#5092),#19,.T.);
#5551=ADVANCED_FACE('',(#5093),#5249,.T.);
#5552=ADVANCED_FACE('',(#5094),#20,.T.);
#5553=ADVANCED_FACE('',(#5095),#5250,.T.);
#5554=ADVANCED_FACE('',(#5096),#267,.F.);
#5555=ADVANCED_FACE('',(#5097),#268,.F.);
#5556=ADVANCED_FACE('',(#5098),#5251,.T.);
#5557=ADVANCED_FACE('',(#5099),#21,.T.);
#5558=ADVANCED_FACE('',(#5100),#5252,.T.);
#5559=ADVANCED_FACE('',(#5101),#5253,.F.);
#5560=ADVANCED_FACE('',(#5102),#22,.T.);
#5561=ADVANCED_FACE('',(#5103),#269,.T.);
#5562=ADVANCED_FACE('',(#5104),#270,.T.);
#5563=ADVANCED_FACE('',(#5105),#271,.T.);
#5564=ADVANCED_FACE('',(#5106),#272,.T.);
#5565=ADVANCED_FACE('',(#5107),#273,.T.);
#5566=ADVANCED_FACE('',(#5108),#274,.T.);
#5567=ADVANCED_FACE('',(#5109),#275,.T.);
#5568=ADVANCED_FACE('',(#5110),#23,.T.);
#5569=ADVANCED_FACE('',(#5111),#24,.T.);
#5570=ADVANCED_FACE('',(#5112),#5254,.T.);
#5571=ADVANCED_FACE('',(#5113),#276,.T.);
#5572=ADVANCED_FACE('',(#5114),#277,.T.);
#5573=ADVANCED_FACE('',(#5115),#491,.T.);
#5574=ADVANCED_FACE('',(#5116),#278,.T.);
#5575=ADVANCED_FACE('',(#5117),#25,.T.);
#5576=ADVANCED_FACE('',(#5118),#279,.T.);
#5577=ADVANCED_FACE('',(#5119),#26,.T.);
#5578=ADVANCED_FACE('',(#5120),#280,.T.);
#5579=ADVANCED_FACE('',(#5121),#492,.T.);
#5580=ADVANCED_FACE('',(#5122),#493,.T.);
#5581=ADVANCED_FACE('',(#5123),#494,.T.);
#5582=ADVANCED_FACE('',(#5124),#281,.T.);
#5583=ADVANCED_FACE('',(#5125),#27,.T.);
#5584=ADVANCED_FACE('',(#5126),#282,.T.);
#5585=ADVANCED_FACE('',(#5127),#28,.T.);
#5586=ADVANCED_FACE('',(#5128),#283,.T.);
#5587=ADVANCED_FACE('',(#5129),#284,.T.);
#5588=ADVANCED_FACE('',(#5130),#29,.T.);
#5589=ADVANCED_FACE('',(#5131),#110,.T.);
#5590=ADVANCED_FACE('',(#5132),#30,.T.);
#5591=ADVANCED_FACE('',(#5133),#285,.T.);
#5592=ADVANCED_FACE('',(#5134),#111,.F.);
#5593=ADVANCED_FACE('',(#5135),#112,.F.);
#5594=ADVANCED_FACE('',(#5136),#113,.F.);
#5595=ADVANCED_FACE('',(#5137),#286,.F.);
#5596=ADVANCED_FACE('',(#5138),#114,.F.);
#5597=ADVANCED_FACE('',(#5139),#287,.F.);
#5598=ADVANCED_FACE('',(#5140),#115,.F.);
#5599=ADVANCED_FACE('',(#5141),#116,.F.);
#5600=ADVANCED_FACE('',(#5142),#117,.F.);
#5601=ADVANCED_FACE('',(#5143),#118,.F.);
#5602=ADVANCED_FACE('',(#5144),#119,.F.);
#5603=ADVANCED_FACE('',(#5145),#495,.F.);
#5604=ADVANCED_FACE('',(#5146),#120,.F.);
#5605=ADVANCED_FACE('',(#5147),#121,.F.);
#5606=ADVANCED_FACE('',(#5148),#122,.F.);
#5607=ADVANCED_FACE('',(#5149),#123,.F.);
#5608=ADVANCED_FACE('',(#5150),#124,.F.);
#5609=ADVANCED_FACE('',(#5151),#288,.F.);
#5610=ADVANCED_FACE('',(#5152),#125,.F.);
#5611=ADVANCED_FACE('',(#5153),#289,.F.);
#5612=ADVANCED_FACE('',(#5154),#126,.F.);
#5613=ADVANCED_FACE('',(#5155),#127,.F.);
#5614=ADVANCED_FACE('',(#5156),#128,.F.);
#5615=ADVANCED_FACE('',(#5157),#135,.T.);
#5616=ADVANCED_FACE('',(#5158),#5255,.F.);
#5617=ADVANCED_FACE('',(#5159),#5256,.T.);
#5618=ADVANCED_FACE('',(#5160),#5257,.F.);
#5619=ADVANCED_FACE('',(#5161),#5258,.F.);
#5620=ADVANCED_FACE('',(#5162),#5259,.F.);
#5621=ADVANCED_FACE('',(#5163),#12,.F.);
#5622=CLOSED_SHELL('',(#5260,#5261,#5262,#5263,#5264,#5265,#5266,#5267,
#5268,#5269,#5270,#5271,#5272,#5273,#5274,#5275,#5276,#5277,#5278,#5279,
#5280,#5281,#5282,#5283,#5284,#5285,#5286,#5287,#5288,#5289,#5290,#5291,
#5292,#5293,#5294,#5295,#5296,#5297,#5298,#5299,#5300,#5301,#5302,#5303,
#5304,#5305,#5306,#5307,#5308,#5309,#5310,#5311,#5312,#5313,#5314,#5315,
#5316,#5317,#5318,#5319,#5320,#5321,#5322,#5323,#5324,#5325,#5326,#5327,
#5328,#5329,#5330,#5331,#5332,#5333,#5334,#5335,#5336,#5337,#5338,#5339,
#5340,#5341,#5342,#5343,#5344,#5345,#5346,#5347,#5348,#5349,#5350,#5351,
#5352,#5353,#5354,#5355,#5356,#5357,#5358,#5359,#5360,#5361,#5362,#5363,
#5364,#5365,#5366,#5367,#5368,#5369,#5370,#5371,#5372,#5373,#5374,#5375,
#5376,#5377,#5378,#5379,#5380,#5381,#5382,#5383,#5384,#5385,#5386,#5387,
#5388,#5389,#5390,#5391,#5392,#5393,#5394,#5395,#5396,#5397,#5398,#5399,
#5400,#5401,#5402,#5403,#5404,#5405,#5406,#5407,#5408,#5409,#5410,#5411,
#5412,#5413,#5414,#5415,#5416,#5417,#5418,#5419,#5420,#5421,#5422,#5423,
#5424,#5425,#5426,#5427,#5428,#5429,#5430,#5431,#5432,#5433,#5434,#5435,
#5436,#5437,#5438,#5439,#5440,#5441,#5442,#5443,#5444,#5445,#5446,#5447,
#5448,#5449,#5450,#5451,#5452,#5453,#5454,#5455,#5456,#5457,#5458,#5459,
#5460,#5461,#5462,#5463,#5464,#5465,#5466,#5467,#5468,#5469,#5470,#5471,
#5472,#5473,#5474,#5475,#5476,#5477,#5478,#5479,#5480,#5481,#5482,#5483,
#5484,#5485,#5486,#5487,#5488,#5489,#5490,#5491,#5492,#5493,#5494,#5495,
#5496,#5497,#5498,#5499,#5500,#5501,#5502,#5503,#5504,#5505,#5506,#5507,
#5508,#5509,#5510,#5511,#5512,#5513,#5514,#5515,#5516,#5517,#5518,#5519,
#5520,#5521,#5522,#5523,#5524,#5525,#5526,#5527,#5528,#5529,#5530,#5531,
#5532,#5533,#5534,#5535,#5536,#5537,#5538,#5539,#5540,#5541,#5542,#5543,
#5544,#5545,#5546,#5547,#5548,#5549,#5550,#5551,#5552,#5553,#5554,#5555,
#5556,#5557,#5558,#5559,#5560,#5561,#5562,#5563,#5564,#5565,#5566,#5567,
#5568,#5569,#5570,#5571,#5572,#5573,#5574,#5575,#5576,#5577,#5578,#5579,
#5580,#5581,#5582,#5583,#5584,#5585,#5586,#5587,#5588,#5589,#5590,#5591,
#5592,#5593,#5594,#5595,#5596,#5597,#5598,#5599,#5600,#5601,#5602,#5603,
#5604,#5605,#5606,#5607,#5608,#5609,#5610,#5611,#5612,#5613,#5614,#5615,
#5616,#5617,#5618,#5619,#5620,#5621));
#5623=STYLED_ITEM('',(#5624),#5631);
#5624=PRESENTATION_STYLE_ASSIGNMENT((#5625));
#5625=SURFACE_STYLE_USAGE(.BOTH.,#5626);
#5626=SURFACE_SIDE_STYLE('',(#5627));
#5627=SURFACE_STYLE_FILL_AREA(#5628);
#5628=FILL_AREA_STYLE('',(#5629));
#5629=FILL_AREA_STYLE_COLOUR('',#5630);
#5630=COLOUR_RGB('',0.301960784313725,0.301960784313725,0.301960784313725);
#5631=MANIFOLD_SOLID_BREP('BANDBASE2A',#5622);
#5632=SHAPE_DEFINITION_REPRESENTATION(#11351,#5633);
#5633=SHAPE_REPRESENTATION('BANDBASE2A',(#5634),#11346);
#5634=AXIS2_PLACEMENT_3D('',#7839,#6280,#6281);
#5635=AXIS2_PLACEMENT_3D('',#7840,#6282,#6283);
#5636=AXIS2_PLACEMENT_3D('',#7844,#6285,#6286);
#5637=AXIS2_PLACEMENT_3D('',#7848,#6288,#6289);
#5638=AXIS2_PLACEMENT_3D('',#7852,#6291,#6292);
#5639=AXIS2_PLACEMENT_3D('',#7854,#6293,#6294);
#5640=AXIS2_PLACEMENT_3D('',#7856,#6295,#6296);
#5641=AXIS2_PLACEMENT_3D('',#7860,#6298,#6299);
#5642=AXIS2_PLACEMENT_3D('',#7864,#6301,#6302);
#5643=AXIS2_PLACEMENT_3D('',#7868,#6304,#6305);
#5644=AXIS2_PLACEMENT_3D('',#7871,#6307,#6308);
#5645=AXIS2_PLACEMENT_3D('',#7883,#6309,#6310);
#5646=AXIS2_PLACEMENT_3D('',#7894,#6311,#6312);
#5647=AXIS2_PLACEMENT_3D('',#7898,#6314,#6315);
#5648=AXIS2_PLACEMENT_3D('',#7902,#6317,#6318);
#5649=AXIS2_PLACEMENT_3D('',#7903,#6319,#6320);
#5650=AXIS2_PLACEMENT_3D('',#7926,#6327,#6328);
#5651=AXIS2_PLACEMENT_3D('',#7935,#6330,#6331);
#5652=AXIS2_PLACEMENT_3D('',#7945,#6333,#6334);
#5653=AXIS2_PLACEMENT_3D('',#7946,#6335,#6336);
#5654=AXIS2_PLACEMENT_3D('',#7955,#6338,#6339);
#5655=AXIS2_PLACEMENT_3D('',#7965,#6341,#6342);
#5656=AXIS2_PLACEMENT_3D('',#7966,#6343,#6344);
#5657=AXIS2_PLACEMENT_3D('',#7967,#6345,#6346);
#5658=AXIS2_PLACEMENT_3D('',#7976,#6347,#6348);
#5659=AXIS2_PLACEMENT_3D('',#7977,#6349,#6350);
#5660=AXIS2_PLACEMENT_3D('',#7991,#6352,#6353);
#5661=AXIS2_PLACEMENT_3D('',#8001,#6354,#6355);
#5662=AXIS2_PLACEMENT_3D('',#8011,#6356,#6357);
#5663=AXIS2_PLACEMENT_3D('',#8025,#6359,#6360);
#5664=AXIS2_PLACEMENT_3D('',#8034,#6362,#6363);
#5665=AXIS2_PLACEMENT_3D('',#8043,#6365,#6366);
#5666=AXIS2_PLACEMENT_3D('',#8052,#6368,#6369);
#5667=AXIS2_PLACEMENT_3D('',#8061,#6371,#6372);
#5668=AXIS2_PLACEMENT_3D('',#8062,#6373,#6374);
#5669=AXIS2_PLACEMENT_3D('',#8065,#6375,#6376);
#5670=AXIS2_PLACEMENT_3D('',#8072,#6377,#6378);
#5671=AXIS2_PLACEMENT_3D('',#8079,#6379,#6380);
#5672=AXIS2_PLACEMENT_3D('',#8080,#6381,#6382);
#5673=AXIS2_PLACEMENT_3D('',#8117,#6383,#6384);
#5674=AXIS2_PLACEMENT_3D('',#8176,#6385,#6386);
#5675=AXIS2_PLACEMENT_3D('',#8199,#6387,#6388);
#5676=AXIS2_PLACEMENT_3D('',#8207,#6389,#6390);
#5677=AXIS2_PLACEMENT_3D('',#8213,#6391,#6392);
#5678=AXIS2_PLACEMENT_3D('',#8214,#6393,#6394);
#5679=AXIS2_PLACEMENT_3D('',#8219,#6396,#6397);
#5680=AXIS2_PLACEMENT_3D('',#8234,#6399,#6400);
#5681=AXIS2_PLACEMENT_3D('',#8236,#6401,#6402);
#5682=AXIS2_PLACEMENT_3D('',#8238,#6403,#6404);
#5683=AXIS2_PLACEMENT_3D('',#8239,#6405,#6406);
#5684=AXIS2_PLACEMENT_3D('',#8240,#6407,#6408);
#5685=AXIS2_PLACEMENT_3D('',#8242,#6409,#6410);
#5686=AXIS2_PLACEMENT_3D('',#8255,#6411,#6412);
#5687=AXIS2_PLACEMENT_3D('',#8261,#6413,#6414);
#5688=AXIS2_PLACEMENT_3D('',#8262,#6415,#6416);
#5689=AXIS2_PLACEMENT_3D('',#8264,#6417,#6418);
#5690=AXIS2_PLACEMENT_3D('',#8265,#6419,#6420);
#5691=AXIS2_PLACEMENT_3D('',#8271,#6421,#6422);
#5692=AXIS2_PLACEMENT_3D('',#8283,#6423,#6424);
#5693=AXIS2_PLACEMENT_3D('',#8295,#6425,#6426);
#5694=AXIS2_PLACEMENT_3D('',#8313,#6427,#6428);
#5695=AXIS2_PLACEMENT_3D('',#8320,#6429,#6430);
#5696=AXIS2_PLACEMENT_3D('',#8333,#6431,#6432);
#5697=AXIS2_PLACEMENT_3D('',#8335,#6433,#6434);
#5698=AXIS2_PLACEMENT_3D('',#8336,#6435,#6436);
#5699=AXIS2_PLACEMENT_3D('',#8337,#6437,#6438);
#5700=AXIS2_PLACEMENT_3D('',#8338,#6439,#6440);
#5701=AXIS2_PLACEMENT_3D('',#8351,#6443,#6444);
#5702=AXIS2_PLACEMENT_3D('',#8352,#6445,#6446);
#5703=AXIS2_PLACEMENT_3D('',#8353,#6447,#6448);
#5704=AXIS2_PLACEMENT_3D('',#8355,#6450,#6451);
#5705=AXIS2_PLACEMENT_3D('',#8359,#6453,#6454);
#5706=AXIS2_PLACEMENT_3D('',#8370,#6457,#6458);
#5707=AXIS2_PLACEMENT_3D('',#8375,#6461,#6462);
#5708=AXIS2_PLACEMENT_3D('',#8376,#6463,#6464);
#5709=AXIS2_PLACEMENT_3D('',#8378,#6465,#6466);
#5710=AXIS2_PLACEMENT_3D('',#8380,#6467,#6468);
#5711=AXIS2_PLACEMENT_3D('',#8382,#6469,#6470);
#5712=AXIS2_PLACEMENT_3D('',#8384,#6471,#6472);
#5713=AXIS2_PLACEMENT_3D('',#8386,#6473,#6474);
#5714=AXIS2_PLACEMENT_3D('',#8388,#6475,#6476);
#5715=AXIS2_PLACEMENT_3D('',#8390,#6477,#6478);
#5716=AXIS2_PLACEMENT_3D('',#8392,#6479,#6480);
#5717=AXIS2_PLACEMENT_3D('',#8394,#6481,#6482);
#5718=AXIS2_PLACEMENT_3D('',#8396,#6483,#6484);
#5719=AXIS2_PLACEMENT_3D('',#8398,#6485,#6486);
#5720=AXIS2_PLACEMENT_3D('',#8400,#6487,#6488);
#5721=AXIS2_PLACEMENT_3D('',#8402,#6489,#6490);
#5722=AXIS2_PLACEMENT_3D('',#8404,#6491,#6492);
#5723=AXIS2_PLACEMENT_3D('',#8406,#6493,#6494);
#5724=AXIS2_PLACEMENT_3D('',#8408,#6495,#6496);
#5725=AXIS2_PLACEMENT_3D('',#8410,#6497,#6498);
#5726=AXIS2_PLACEMENT_3D('',#8412,#6499,#6500);
#5727=AXIS2_PLACEMENT_3D('',#8414,#6501,#6502);
#5728=AXIS2_PLACEMENT_3D('',#8416,#6503,#6504);
#5729=AXIS2_PLACEMENT_3D('',#8421,#6506,#6507);
#5730=AXIS2_PLACEMENT_3D('',#8425,#6509,#6510);
#5731=AXIS2_PLACEMENT_3D('',#8426,#6511,#6512);
#5732=AXIS2_PLACEMENT_3D('',#8427,#6513,#6514);
#5733=AXIS2_PLACEMENT_3D('',#8428,#6515,#6516);
#5734=AXIS2_PLACEMENT_3D('',#8429,#6517,#6518);
#5735=AXIS2_PLACEMENT_3D('',#8430,#6519,#6520);
#5736=AXIS2_PLACEMENT_3D('',#8438,#6522,#6523);
#5737=AXIS2_PLACEMENT_3D('',#8439,#6524,#6525);
#5738=AXIS2_PLACEMENT_3D('',#8441,#6526,#6527);
#5739=AXIS2_PLACEMENT_3D('',#8442,#6528,#6529);
#5740=AXIS2_PLACEMENT_3D('',#8461,#6531,#6532);
#5741=AXIS2_PLACEMENT_3D('',#8474,#6533,#6534);
#5742=AXIS2_PLACEMENT_3D('',#8475,#6535,#6536);
#5743=AXIS2_PLACEMENT_3D('',#8476,#6537,#6538);
#5744=AXIS2_PLACEMENT_3D('',#8480,#6540,#6541);
#5745=AXIS2_PLACEMENT_3D('',#8493,#6542,#6543);
#5746=AXIS2_PLACEMENT_3D('',#8506,#6544,#6545);
#5747=AXIS2_PLACEMENT_3D('',#8512,#6546,#6547);
#5748=AXIS2_PLACEMENT_3D('',#8513,#6548,#6549);
#5749=AXIS2_PLACEMENT_3D('',#8515,#6550,#6551);
#5750=AXIS2_PLACEMENT_3D('',#8516,#6552,#6553);
#5751=AXIS2_PLACEMENT_3D('',#8517,#6554,#6555);
#5752=AXIS2_PLACEMENT_3D('',#8518,#6556,#6557);
#5753=AXIS2_PLACEMENT_3D('',#8519,#6558,#6559);
#5754=AXIS2_PLACEMENT_3D('',#8521,#6560,#6561);
#5755=AXIS2_PLACEMENT_3D('',#8534,#6562,#6563);
#5756=AXIS2_PLACEMENT_3D('',#8540,#6564,#6565);
#5757=AXIS2_PLACEMENT_3D('',#8553,#6566,#6567);
#5758=AXIS2_PLACEMENT_3D('',#8557,#6570,#6571);
#5759=AXIS2_PLACEMENT_3D('',#8558,#6572,#6573);
#5760=AXIS2_PLACEMENT_3D('',#8561,#6575,#6576);
#5761=AXIS2_PLACEMENT_3D('',#8563,#6578,#6579);
#5762=AXIS2_PLACEMENT_3D('',#8564,#6580,#6581);
#5763=AXIS2_PLACEMENT_3D('',#8565,#6582,#6583);
#5764=AXIS2_PLACEMENT_3D('',#8568,#6585,#6586);
#5765=AXIS2_PLACEMENT_3D('',#8619,#6612,#6613);
#5766=AXIS2_PLACEMENT_3D('',#8620,#6614,#6615);
#5767=AXIS2_PLACEMENT_3D('',#8621,#6616,#6617);
#5768=AXIS2_PLACEMENT_3D('',#8622,#6618,#6619);
#5769=AXIS2_PLACEMENT_3D('',#8623,#6620,#6621);
#5770=AXIS2_PLACEMENT_3D('',#8624,#6622,#6623);
#5771=AXIS2_PLACEMENT_3D('',#8625,#6624,#6625);
#5772=AXIS2_PLACEMENT_3D('',#8626,#6626,#6627);
#5773=AXIS2_PLACEMENT_3D('',#8627,#6628,#6629);
#5774=AXIS2_PLACEMENT_3D('',#8628,#6630,#6631);
#5775=AXIS2_PLACEMENT_3D('',#8634,#6635,#6636);
#5776=AXIS2_PLACEMENT_3D('',#8638,#6639,#6640);
#5777=AXIS2_PLACEMENT_3D('',#8642,#6643,#6644);
#5778=AXIS2_PLACEMENT_3D('',#8646,#6647,#6648);
#5779=AXIS2_PLACEMENT_3D('',#8650,#6651,#6652);
#5780=AXIS2_PLACEMENT_3D('',#8652,#6654,#6655);
#5781=AXIS2_PLACEMENT_3D('',#8658,#6659,#6660);
#5782=AXIS2_PLACEMENT_3D('',#8662,#6663,#6664);
#5783=AXIS2_PLACEMENT_3D('',#8666,#6667,#6668);
#5784=AXIS2_PLACEMENT_3D('',#8670,#6671,#6672);
#5785=AXIS2_PLACEMENT_3D('',#8674,#6675,#6676);
#5786=AXIS2_PLACEMENT_3D('',#8676,#6678,#6679);
#5787=AXIS2_PLACEMENT_3D('',#8682,#6683,#6684);
#5788=AXIS2_PLACEMENT_3D('',#8686,#6687,#6688);
#5789=AXIS2_PLACEMENT_3D('',#8690,#6691,#6692);
#5790=AXIS2_PLACEMENT_3D('',#8694,#6695,#6696);
#5791=AXIS2_PLACEMENT_3D('',#8698,#6699,#6700);
#5792=AXIS2_PLACEMENT_3D('',#8700,#6702,#6703);
#5793=AXIS2_PLACEMENT_3D('',#8706,#6707,#6708);
#5794=AXIS2_PLACEMENT_3D('',#8710,#6711,#6712);
#5795=AXIS2_PLACEMENT_3D('',#8714,#6715,#6716);
#5796=AXIS2_PLACEMENT_3D('',#8718,#6719,#6720);
#5797=AXIS2_PLACEMENT_3D('',#8722,#6723,#6724);
#5798=AXIS2_PLACEMENT_3D('',#8724,#6726,#6727);
#5799=AXIS2_PLACEMENT_3D('',#8730,#6731,#6732);
#5800=AXIS2_PLACEMENT_3D('',#8734,#6735,#6736);
#5801=AXIS2_PLACEMENT_3D('',#8738,#6739,#6740);
#5802=AXIS2_PLACEMENT_3D('',#8742,#6743,#6744);
#5803=AXIS2_PLACEMENT_3D('',#8746,#6747,#6748);
#5804=AXIS2_PLACEMENT_3D('',#8748,#6750,#6751);
#5805=AXIS2_PLACEMENT_3D('',#8754,#6755,#6756);
#5806=AXIS2_PLACEMENT_3D('',#8758,#6759,#6760);
#5807=AXIS2_PLACEMENT_3D('',#8762,#6763,#6764);
#5808=AXIS2_PLACEMENT_3D('',#8766,#6767,#6768);
#5809=AXIS2_PLACEMENT_3D('',#8770,#6771,#6772);
#5810=AXIS2_PLACEMENT_3D('',#8772,#6774,#6775);
#5811=AXIS2_PLACEMENT_3D('',#8778,#6779,#6780);
#5812=AXIS2_PLACEMENT_3D('',#8782,#6783,#6784);
#5813=AXIS2_PLACEMENT_3D('',#8786,#6787,#6788);
#5814=AXIS2_PLACEMENT_3D('',#8790,#6791,#6792);
#5815=AXIS2_PLACEMENT_3D('',#8794,#6795,#6796);
#5816=AXIS2_PLACEMENT_3D('',#8796,#6798,#6799);
#5817=AXIS2_PLACEMENT_3D('',#8802,#6803,#6804);
#5818=AXIS2_PLACEMENT_3D('',#8806,#6807,#6808);
#5819=AXIS2_PLACEMENT_3D('',#8810,#6811,#6812);
#5820=AXIS2_PLACEMENT_3D('',#8814,#6815,#6816);
#5821=AXIS2_PLACEMENT_3D('',#8818,#6819,#6820);
#5822=AXIS2_PLACEMENT_3D('',#8820,#6822,#6823);
#5823=AXIS2_PLACEMENT_3D('',#8821,#6824,#6825);
#5824=AXIS2_PLACEMENT_3D('',#8822,#6826,#6827);
#5825=AXIS2_PLACEMENT_3D('',#8823,#6828,#6829);
#5826=AXIS2_PLACEMENT_3D('',#8824,#6830,#6831);
#5827=AXIS2_PLACEMENT_3D('',#8831,#6832,#6833);
#5828=AXIS2_PLACEMENT_3D('',#8843,#6837,#6838);
#5829=AXIS2_PLACEMENT_3D('',#8844,#6839,#6840);
#5830=AXIS2_PLACEMENT_3D('',#8853,#6841,#6842);
#5831=AXIS2_PLACEMENT_3D('',#8855,#6843,#6844);
#5832=AXIS2_PLACEMENT_3D('',#8856,#6845,#6846);
#5833=AXIS2_PLACEMENT_3D('',#8857,#6847,#6848);
#5834=AXIS2_PLACEMENT_3D('',#8862,#6851,#6852);
#5835=AXIS2_PLACEMENT_3D('',#8863,#6853,#6854);
#5836=AXIS2_PLACEMENT_3D('',#8868,#6856,#6857);
#5837=AXIS2_PLACEMENT_3D('',#8871,#6859,#6860);
#5838=AXIS2_PLACEMENT_3D('',#8872,#6861,#6862);
#5839=AXIS2_PLACEMENT_3D('',#8874,#6863,#6864);
#5840=AXIS2_PLACEMENT_3D('',#8881,#6865,#6866);
#5841=AXIS2_PLACEMENT_3D('',#8882,#6867,#6868);
#5842=AXIS2_PLACEMENT_3D('',#8887,#6870,#6871);
#5843=AXIS2_PLACEMENT_3D('',#8890,#6873,#6874);
#5844=AXIS2_PLACEMENT_3D('',#8891,#6875,#6876);
#5845=AXIS2_PLACEMENT_3D('',#8894,#6877,#6878);
#5846=AXIS2_PLACEMENT_3D('',#8895,#6879,#6880);
#5847=AXIS2_PLACEMENT_3D('',#8896,#6881,#6882);
#5848=AXIS2_PLACEMENT_3D('',#8897,#6883,#6884);
#5849=AXIS2_PLACEMENT_3D('',#8899,#6885,#6886);
#5850=AXIS2_PLACEMENT_3D('',#8900,#6887,#6888);
#5851=AXIS2_PLACEMENT_3D('',#8921,#6889,#6890);
#5852=AXIS2_PLACEMENT_3D('',#8922,#6891,#6892);
#5853=AXIS2_PLACEMENT_3D('',#8924,#6893,#6894);
#5854=AXIS2_PLACEMENT_3D('',#8932,#6895,#6896);
#5855=AXIS2_PLACEMENT_3D('',#8934,#6898,#6899);
#5856=AXIS2_PLACEMENT_3D('',#8937,#6901,#6902);
#5857=AXIS2_PLACEMENT_3D('',#8938,#6903,#6904);
#5858=AXIS2_PLACEMENT_3D('',#8946,#6905,#6906);
#5859=AXIS2_PLACEMENT_3D('',#8947,#6907,#6908);
#5860=AXIS2_PLACEMENT_3D('',#8949,#6909,#6910);
#5861=AXIS2_PLACEMENT_3D('',#8951,#6911,#6912);
#5862=AXIS2_PLACEMENT_3D('',#8952,#6913,#6914);
#5863=AXIS2_PLACEMENT_3D('',#8953,#6915,#6916);
#5864=AXIS2_PLACEMENT_3D('',#8955,#6917,#6918);
#5865=AXIS2_PLACEMENT_3D('',#8956,#6919,#6920);
#5866=AXIS2_PLACEMENT_3D('',#8957,#6921,#6922);
#5867=AXIS2_PLACEMENT_3D('',#8959,#6923,#6924);
#5868=AXIS2_PLACEMENT_3D('',#8961,#6925,#6926);
#5869=AXIS2_PLACEMENT_3D('',#8965,#6928,#6929);
#5870=AXIS2_PLACEMENT_3D('',#8967,#6930,#6931);
#5871=AXIS2_PLACEMENT_3D('',#8983,#6932,#6933);
#5872=AXIS2_PLACEMENT_3D('',#8990,#6934,#6935);
#5873=AXIS2_PLACEMENT_3D('',#8991,#6936,#6937);
#5874=AXIS2_PLACEMENT_3D('',#8993,#6938,#6939);
#5875=AXIS2_PLACEMENT_3D('',#8994,#6940,#6941);
#5876=AXIS2_PLACEMENT_3D('',#8995,#6942,#6943);
#5877=AXIS2_PLACEMENT_3D('',#8997,#6944,#6945);
#5878=AXIS2_PLACEMENT_3D('',#8998,#6946,#6947);
#5879=AXIS2_PLACEMENT_3D('',#8999,#6948,#6949);
#5880=AXIS2_PLACEMENT_3D('',#9002,#6951,#6952);
#5881=AXIS2_PLACEMENT_3D('',#9003,#6953,#6954);
#5882=AXIS2_PLACEMENT_3D('',#9005,#6955,#6956);
#5883=AXIS2_PLACEMENT_3D('',#9006,#6957,#6958);
#5884=AXIS2_PLACEMENT_3D('',#9009,#6961,#6962);
#5885=AXIS2_PLACEMENT_3D('',#9010,#6963,#6964);
#5886=AXIS2_PLACEMENT_3D('',#9011,#6965,#6966);
#5887=AXIS2_PLACEMENT_3D('',#9013,#6967,#6968);
#5888=AXIS2_PLACEMENT_3D('',#9019,#6972,#6973);
#5889=AXIS2_PLACEMENT_3D('',#9022,#6975,#6976);
#5890=AXIS2_PLACEMENT_3D('',#9023,#6977,#6978);
#5891=AXIS2_PLACEMENT_3D('',#9036,#6980,#6981);
#5892=AXIS2_PLACEMENT_3D('',#9039,#6983,#6984);
#5893=AXIS2_PLACEMENT_3D('',#9045,#6985,#6986);
#5894=AXIS2_PLACEMENT_3D('',#9046,#6987,#6988);
#5895=AXIS2_PLACEMENT_3D('',#9048,#6989,#6990);
#5896=AXIS2_PLACEMENT_3D('',#9073,#6991,#6992);
#5897=AXIS2_PLACEMENT_3D('',#9081,#6993,#6994);
#5898=AXIS2_PLACEMENT_3D('',#9082,#6995,#6996);
#5899=AXIS2_PLACEMENT_3D('',#9109,#6998,#6999);
#5900=AXIS2_PLACEMENT_3D('',#9117,#7000,#7001);
#5901=AXIS2_PLACEMENT_3D('',#9118,#7002,#7003);
#5902=AXIS2_PLACEMENT_3D('',#9119,#7004,#7005);
#5903=AXIS2_PLACEMENT_3D('',#9120,#7006,#7007);
#5904=AXIS2_PLACEMENT_3D('',#9123,#7009,#7010);
#5905=AXIS2_PLACEMENT_3D('',#9124,#7011,#7012);
#5906=AXIS2_PLACEMENT_3D('',#9126,#7013,#7014);
#5907=AXIS2_PLACEMENT_3D('',#9129,#7016,#7017);
#5908=AXIS2_PLACEMENT_3D('',#9130,#7018,#7019);
#5909=AXIS2_PLACEMENT_3D('',#9134,#7022,#7023);
#5910=AXIS2_PLACEMENT_3D('',#9137,#7025,#7026);
#5911=AXIS2_PLACEMENT_3D('',#9138,#7027,#7028);
#5912=AXIS2_PLACEMENT_3D('',#9144,#7029,#7030);
#5913=AXIS2_PLACEMENT_3D('',#9145,#7031,#7032);
#5914=AXIS2_PLACEMENT_3D('',#9146,#7033,#7034);
#5915=AXIS2_PLACEMENT_3D('',#9147,#7035,#7036);
#5916=AXIS2_PLACEMENT_3D('',#9153,#7037,#7038);
#5917=AXIS2_PLACEMENT_3D('',#9160,#7039,#7040);
#5918=AXIS2_PLACEMENT_3D('',#9164,#7042,#7043);
#5919=AXIS2_PLACEMENT_3D('',#9166,#7044,#7045);
#5920=AXIS2_PLACEMENT_3D('',#9170,#7047,#7048);
#5921=AXIS2_PLACEMENT_3D('',#9172,#7049,#7050);
#5922=AXIS2_PLACEMENT_3D('',#9178,#7051,#7052);
#5923=AXIS2_PLACEMENT_3D('',#9185,#7053,#7054);
#5924=AXIS2_PLACEMENT_3D('',#9187,#7055,#7056);
#5925=AXIS2_PLACEMENT_3D('',#9191,#7058,#7059);
#5926=AXIS2_PLACEMENT_3D('',#9193,#7060,#7061);
#5927=AXIS2_PLACEMENT_3D('',#9196,#7063,#7064);
#5928=AXIS2_PLACEMENT_3D('',#9197,#7065,#7066);
#5929=AXIS2_PLACEMENT_3D('',#9200,#7067,#7068);
#5930=AXIS2_PLACEMENT_3D('',#9202,#7069,#7070);
#5931=AXIS2_PLACEMENT_3D('',#9209,#7071,#7072);
#5932=AXIS2_PLACEMENT_3D('',#9210,#7073,#7074);
#5933=AXIS2_PLACEMENT_3D('',#9215,#7077,#7078);
#5934=AXIS2_PLACEMENT_3D('',#9216,#7079,#7080);
#5935=AXIS2_PLACEMENT_3D('',#9221,#7082,#7083);
#5936=AXIS2_PLACEMENT_3D('',#9224,#7085,#7086);
#5937=AXIS2_PLACEMENT_3D('',#9225,#7087,#7088);
#5938=AXIS2_PLACEMENT_3D('',#9233,#7089,#7090);
#5939=AXIS2_PLACEMENT_3D('',#9234,#7091,#7092);
#5940=AXIS2_PLACEMENT_3D('',#9235,#7093,#7094);
#5941=AXIS2_PLACEMENT_3D('',#9240,#7096,#7097);
#5942=AXIS2_PLACEMENT_3D('',#9243,#7099,#7100);
#5943=AXIS2_PLACEMENT_3D('',#9244,#7101,#7102);
#5944=AXIS2_PLACEMENT_3D('',#9247,#7103,#7104);
#5945=AXIS2_PLACEMENT_3D('',#9248,#7105,#7106);
#5946=AXIS2_PLACEMENT_3D('',#9249,#7107,#7108);
#5947=AXIS2_PLACEMENT_3D('',#9250,#7109,#7110);
#5948=AXIS2_PLACEMENT_3D('',#9252,#7111,#7112);
#5949=AXIS2_PLACEMENT_3D('',#9253,#7113,#7114);
#5950=AXIS2_PLACEMENT_3D('',#9274,#7115,#7116);
#5951=AXIS2_PLACEMENT_3D('',#9275,#7117,#7118);
#5952=AXIS2_PLACEMENT_3D('',#9284,#7119,#7120);
#5953=AXIS2_PLACEMENT_3D('',#9285,#7121,#7122);
#5954=AXIS2_PLACEMENT_3D('',#9289,#7125,#7126);
#5955=AXIS2_PLACEMENT_3D('',#9290,#7127,#7128);
#5956=AXIS2_PLACEMENT_3D('',#9291,#7129,#7130);
#5957=AXIS2_PLACEMENT_3D('',#9299,#7131,#7132);
#5958=AXIS2_PLACEMENT_3D('',#9300,#7133,#7134);
#5959=AXIS2_PLACEMENT_3D('',#9302,#7135,#7136);
#5960=AXIS2_PLACEMENT_3D('',#9304,#7137,#7138);
#5961=AXIS2_PLACEMENT_3D('',#9305,#7139,#7140);
#5962=AXIS2_PLACEMENT_3D('',#9306,#7141,#7142);
#5963=AXIS2_PLACEMENT_3D('',#9308,#7143,#7144);
#5964=AXIS2_PLACEMENT_3D('',#9309,#7145,#7146);
#5965=AXIS2_PLACEMENT_3D('',#9310,#7147,#7148);
#5966=AXIS2_PLACEMENT_3D('',#9312,#7149,#7150);
#5967=AXIS2_PLACEMENT_3D('',#9314,#7151,#7152);
#5968=AXIS2_PLACEMENT_3D('',#9316,#7153,#7154);
#5969=AXIS2_PLACEMENT_3D('',#9320,#7156,#7157);
#5970=AXIS2_PLACEMENT_3D('',#9342,#7158,#7159);
#5971=AXIS2_PLACEMENT_3D('',#9343,#7160,#7161);
#5972=AXIS2_PLACEMENT_3D('',#9344,#7162,#7163);
#5973=AXIS2_PLACEMENT_3D('',#9346,#7164,#7165);
#5974=AXIS2_PLACEMENT_3D('',#9347,#7166,#7167);
#5975=AXIS2_PLACEMENT_3D('',#9348,#7168,#7169);
#5976=AXIS2_PLACEMENT_3D('',#9350,#7170,#7171);
#5977=AXIS2_PLACEMENT_3D('',#9351,#7172,#7173);
#5978=AXIS2_PLACEMENT_3D('',#9354,#7175,#7176);
#5979=AXIS2_PLACEMENT_3D('',#9355,#7177,#7178);
#5980=AXIS2_PLACEMENT_3D('',#9356,#7179,#7180);
#5981=AXIS2_PLACEMENT_3D('',#9358,#7181,#7182);
#5982=AXIS2_PLACEMENT_3D('',#9359,#7183,#7184);
#5983=AXIS2_PLACEMENT_3D('',#9362,#7187,#7188);
#5984=AXIS2_PLACEMENT_3D('',#9363,#7189,#7190);
#5985=AXIS2_PLACEMENT_3D('',#9364,#7191,#7192);
#5986=AXIS2_PLACEMENT_3D('',#9366,#7193,#7194);
#5987=AXIS2_PLACEMENT_3D('',#9372,#7198,#7199);
#5988=AXIS2_PLACEMENT_3D('',#9373,#7200,#7201);
#5989=AXIS2_PLACEMENT_3D('',#9376,#7203,#7204);
#5990=AXIS2_PLACEMENT_3D('',#9377,#7205,#7206);
#5991=AXIS2_PLACEMENT_3D('',#9384,#7207,#7208);
#5992=AXIS2_PLACEMENT_3D('',#9393,#7210,#7211);
#5993=AXIS2_PLACEMENT_3D('',#9394,#7212,#7213);
#5994=AXIS2_PLACEMENT_3D('',#9396,#7214,#7215);
#5995=AXIS2_PLACEMENT_3D('',#9428,#7216,#7217);
#5996=AXIS2_PLACEMENT_3D('',#9429,#7218,#7219);
#5997=AXIS2_PLACEMENT_3D('',#9432,#7221,#7222);
#5998=AXIS2_PLACEMENT_3D('',#9464,#7223,#7224);
#5999=AXIS2_PLACEMENT_3D('',#9465,#7225,#7226);
#6000=AXIS2_PLACEMENT_3D('',#9466,#7227,#7228);
#6001=AXIS2_PLACEMENT_3D('',#9467,#7229,#7230);
#6002=AXIS2_PLACEMENT_3D('',#9470,#7232,#7233);
#6003=AXIS2_PLACEMENT_3D('',#9471,#7234,#7235);
#6004=AXIS2_PLACEMENT_3D('',#9472,#7236,#7237);
#6005=AXIS2_PLACEMENT_3D('',#9474,#7238,#7239);
#6006=AXIS2_PLACEMENT_3D('',#9484,#7240,#7241);
#6007=AXIS2_PLACEMENT_3D('',#9487,#7243,#7244);
#6008=AXIS2_PLACEMENT_3D('',#9493,#7245,#7246);
#6009=AXIS2_PLACEMENT_3D('',#9494,#7247,#7248);
#6010=AXIS2_PLACEMENT_3D('',#9497,#7250,#7251);
#6011=AXIS2_PLACEMENT_3D('',#9501,#7254,#7255);
#6012=AXIS2_PLACEMENT_3D('',#9502,#7256,#7257);
#6013=AXIS2_PLACEMENT_3D('',#9505,#7259,#7260);
#6014=AXIS2_PLACEMENT_3D('',#9509,#7262,#7263);
#6015=AXIS2_PLACEMENT_3D('',#9510,#7264,#7265);
#6016=AXIS2_PLACEMENT_3D('',#9511,#7266,#7267);
#6017=AXIS2_PLACEMENT_3D('',#9512,#7268,#7269);
#6018=AXIS2_PLACEMENT_3D('',#9522,#7271,#7272);
#6019=AXIS2_PLACEMENT_3D('',#9524,#7273,#7274);
#6020=AXIS2_PLACEMENT_3D('',#9528,#7276,#7277);
#6021=AXIS2_PLACEMENT_3D('',#9529,#7278,#7279);
#6022=AXIS2_PLACEMENT_3D('',#9533,#7281,#7282);
#6023=AXIS2_PLACEMENT_3D('',#9535,#7283,#7284);
#6024=AXIS2_PLACEMENT_3D('',#9539,#7286,#7287);
#6025=AXIS2_PLACEMENT_3D('',#9541,#7288,#7289);
#6026=AXIS2_PLACEMENT_3D('',#9547,#7290,#7291);
#6027=AXIS2_PLACEMENT_3D('',#9554,#7292,#7293);
#6028=AXIS2_PLACEMENT_3D('',#9563,#7296,#7297);
#6029=AXIS2_PLACEMENT_3D('',#9564,#7298,#7299);
#6030=AXIS2_PLACEMENT_3D('',#9587,#7300,#7301);
#6031=AXIS2_PLACEMENT_3D('',#9597,#7302,#7303);
#6032=AXIS2_PLACEMENT_3D('',#9619,#7304,#7305);
#6033=AXIS2_PLACEMENT_3D('',#9620,#7306,#7307);
#6034=AXIS2_PLACEMENT_3D('',#9622,#7308,#7309);
#6035=AXIS2_PLACEMENT_3D('',#9623,#7310,#7311);
#6036=AXIS2_PLACEMENT_3D('',#9625,#7312,#7313);
#6037=AXIS2_PLACEMENT_3D('',#9626,#7314,#7315);
#6038=AXIS2_PLACEMENT_3D('',#9628,#7316,#7317);
#6039=AXIS2_PLACEMENT_3D('',#9629,#7318,#7319);
#6040=AXIS2_PLACEMENT_3D('',#9631,#7320,#7321);
#6041=AXIS2_PLACEMENT_3D('',#9632,#7322,#7323);
#6042=AXIS2_PLACEMENT_3D('',#9634,#7324,#7325);
#6043=AXIS2_PLACEMENT_3D('',#9635,#7326,#7327);
#6044=AXIS2_PLACEMENT_3D('',#9637,#7328,#7329);
#6045=AXIS2_PLACEMENT_3D('',#9638,#7330,#7331);
#6046=AXIS2_PLACEMENT_3D('',#9640,#7332,#7333);
#6047=AXIS2_PLACEMENT_3D('',#9641,#7334,#7335);
#6048=AXIS2_PLACEMENT_3D('',#9643,#7336,#7337);
#6049=AXIS2_PLACEMENT_3D('',#9644,#7338,#7339);
#6050=AXIS2_PLACEMENT_3D('',#9646,#7340,#7341);
#6051=AXIS2_PLACEMENT_3D('',#9647,#7342,#7343);
#6052=AXIS2_PLACEMENT_3D('',#9649,#7344,#7345);
#6053=AXIS2_PLACEMENT_3D('',#9650,#7346,#7347);
#6054=AXIS2_PLACEMENT_3D('',#9652,#7348,#7349);
#6055=AXIS2_PLACEMENT_3D('',#9653,#7350,#7351);
#6056=AXIS2_PLACEMENT_3D('',#9655,#7352,#7353);
#6057=AXIS2_PLACEMENT_3D('',#9656,#7354,#7355);
#6058=AXIS2_PLACEMENT_3D('',#9658,#7356,#7357);
#6059=AXIS2_PLACEMENT_3D('',#9659,#7358,#7359);
#6060=AXIS2_PLACEMENT_3D('',#9661,#7360,#7361);
#6061=AXIS2_PLACEMENT_3D('',#9662,#7362,#7363);
#6062=AXIS2_PLACEMENT_3D('',#9664,#7364,#7365);
#6063=AXIS2_PLACEMENT_3D('',#9665,#7366,#7367);
#6064=AXIS2_PLACEMENT_3D('',#9667,#7368,#7369);
#6065=AXIS2_PLACEMENT_3D('',#9668,#7370,#7371);
#6066=AXIS2_PLACEMENT_3D('',#9670,#7372,#7373);
#6067=AXIS2_PLACEMENT_3D('',#9671,#7374,#7375);
#6068=AXIS2_PLACEMENT_3D('',#9673,#7376,#7377);
#6069=AXIS2_PLACEMENT_3D('',#9674,#7378,#7379);
#6070=AXIS2_PLACEMENT_3D('',#9676,#7380,#7381);
#6071=AXIS2_PLACEMENT_3D('',#9677,#7382,#7383);
#6072=AXIS2_PLACEMENT_3D('',#9679,#7384,#7385);
#6073=AXIS2_PLACEMENT_3D('',#9680,#7386,#7387);
#6074=AXIS2_PLACEMENT_3D('',#9682,#7388,#7389);
#6075=AXIS2_PLACEMENT_3D('',#9683,#7390,#7391);
#6076=AXIS2_PLACEMENT_3D('',#9808,#7392,#7393);
#6077=AXIS2_PLACEMENT_3D('',#9809,#7394,#7395);
#6078=AXIS2_PLACEMENT_3D('',#9827,#7396,#7397);
#6079=AXIS2_PLACEMENT_3D('',#9843,#7398,#7399);
#6080=AXIS2_PLACEMENT_3D('',#9844,#7400,#7401);
#6081=AXIS2_PLACEMENT_3D('',#9845,#7402,#7403);
#6082=AXIS2_PLACEMENT_3D('',#9861,#7404,#7405);
#6083=AXIS2_PLACEMENT_3D('',#9874,#7406,#7407);
#6084=AXIS2_PLACEMENT_3D('',#9887,#7408,#7409);
#6085=AXIS2_PLACEMENT_3D('',#9903,#7410,#7411);
#6086=AXIS2_PLACEMENT_3D('',#9916,#7412,#7413);
#6087=AXIS2_PLACEMENT_3D('',#9932,#7414,#7415);
#6088=AXIS2_PLACEMENT_3D('',#9933,#7416,#7417);
#6089=AXIS2_PLACEMENT_3D('',#9934,#7418,#7419);
#6090=AXIS2_PLACEMENT_3D('',#9950,#7420,#7421);
#6091=AXIS2_PLACEMENT_3D('',#9963,#7422,#7423);
#6092=AXIS2_PLACEMENT_3D('',#9979,#7424,#7425);
#6093=AXIS2_PLACEMENT_3D('',#9992,#7426,#7427);
#6094=AXIS2_PLACEMENT_3D('',#10005,#7428,#7429);
#6095=AXIS2_PLACEMENT_3D('',#10021,#7430,#7431);
#6096=AXIS2_PLACEMENT_3D('',#10022,#7432,#7433);
#6097=AXIS2_PLACEMENT_3D('',#10023,#7434,#7435);
#6098=AXIS2_PLACEMENT_3D('',#10043,#7436,#7437);
#6099=AXIS2_PLACEMENT_3D('',#10059,#7438,#7439);
#6100=AXIS2_PLACEMENT_3D('',#10060,#7440,#7441);
#6101=AXIS2_PLACEMENT_3D('',#10097,#7442,#7443);
#6102=AXIS2_PLACEMENT_3D('',#10098,#7444,#7445);
#6103=AXIS2_PLACEMENT_3D('',#10116,#7446,#7447);
#6104=AXIS2_PLACEMENT_3D('',#10132,#7448,#7449);
#6105=AXIS2_PLACEMENT_3D('',#10133,#7450,#7451);
#6106=AXIS2_PLACEMENT_3D('',#10134,#7452,#7453);
#6107=AXIS2_PLACEMENT_3D('',#10150,#7454,#7455);
#6108=AXIS2_PLACEMENT_3D('',#10163,#7456,#7457);
#6109=AXIS2_PLACEMENT_3D('',#10176,#7458,#7459);
#6110=AXIS2_PLACEMENT_3D('',#10192,#7460,#7461);
#6111=AXIS2_PLACEMENT_3D('',#10205,#7462,#7463);
#6112=AXIS2_PLACEMENT_3D('',#10221,#7464,#7465);
#6113=AXIS2_PLACEMENT_3D('',#10222,#7466,#7467);
#6114=AXIS2_PLACEMENT_3D('',#10223,#7468,#7469);
#6115=AXIS2_PLACEMENT_3D('',#10239,#7470,#7471);
#6116=AXIS2_PLACEMENT_3D('',#10252,#7472,#7473);
#6117=AXIS2_PLACEMENT_3D('',#10268,#7474,#7475);
#6118=AXIS2_PLACEMENT_3D('',#10281,#7476,#7477);
#6119=AXIS2_PLACEMENT_3D('',#10294,#7478,#7479);
#6120=AXIS2_PLACEMENT_3D('',#10310,#7480,#7481);
#6121=AXIS2_PLACEMENT_3D('',#10311,#7482,#7483);
#6122=AXIS2_PLACEMENT_3D('',#10312,#7484,#7485);
#6123=AXIS2_PLACEMENT_3D('',#10332,#7486,#7487);
#6124=AXIS2_PLACEMENT_3D('',#10348,#7488,#7489);
#6125=AXIS2_PLACEMENT_3D('',#10349,#7490,#7491);
#6126=AXIS2_PLACEMENT_3D('',#10367,#7492,#7493);
#6127=AXIS2_PLACEMENT_3D('',#10392,#7494,#7495);
#6128=AXIS2_PLACEMENT_3D('',#10430,#7496,#7497);
#6129=AXIS2_PLACEMENT_3D('',#10443,#7498,#7499);
#6130=AXIS2_PLACEMENT_3D('',#10459,#7500,#7501);
#6131=AXIS2_PLACEMENT_3D('',#10472,#7502,#7503);
#6132=AXIS2_PLACEMENT_3D('',#10488,#7504,#7505);
#6133=AXIS2_PLACEMENT_3D('',#10501,#7506,#7507);
#6134=AXIS2_PLACEMENT_3D('',#10532,#7508,#7509);
#6135=AXIS2_PLACEMENT_3D('',#10545,#7510,#7511);
#6136=AXIS2_PLACEMENT_3D('',#10561,#7512,#7513);
#6137=AXIS2_PLACEMENT_3D('',#10574,#7514,#7515);
#6138=AXIS2_PLACEMENT_3D('',#10590,#7516,#7517);
#6139=AXIS2_PLACEMENT_3D('',#10603,#7518,#7519);
#6140=AXIS2_PLACEMENT_3D('',#10619,#7520,#7521);
#6141=AXIS2_PLACEMENT_3D('',#10620,#7522,#7523);
#6142=AXIS2_PLACEMENT_3D('',#10621,#7524,#7525);
#6143=AXIS2_PLACEMENT_3D('',#10622,#7526,#7527);
#6144=AXIS2_PLACEMENT_3D('',#10638,#7528,#7529);
#6145=AXIS2_PLACEMENT_3D('',#10696,#7530,#7531);
#6146=AXIS2_PLACEMENT_3D('',#10718,#7532,#7533);
#6147=AXIS2_PLACEMENT_3D('',#10749,#7534,#7535);
#6148=AXIS2_PLACEMENT_3D('',#10771,#7536,#7537);
#6149=AXIS2_PLACEMENT_3D('',#10787,#7538,#7539);
#6150=AXIS2_PLACEMENT_3D('',#10810,#7546,#7547);
#6151=AXIS2_PLACEMENT_3D('',#10814,#7549,#7550);
#6152=AXIS2_PLACEMENT_3D('',#10818,#7552,#7553);
#6153=AXIS2_PLACEMENT_3D('',#10819,#7554,#7555);
#6154=AXIS2_PLACEMENT_3D('',#10823,#7557,#7558);
#6155=AXIS2_PLACEMENT_3D('',#10827,#7560,#7561);
#6156=AXIS2_PLACEMENT_3D('',#10828,#7562,#7563);
#6157=AXIS2_PLACEMENT_3D('',#10837,#7568,#7569);
#6158=AXIS2_PLACEMENT_3D('',#10846,#7574,#7575);
#6159=AXIS2_PLACEMENT_3D('',#10850,#7577,#7578);
#6160=AXIS2_PLACEMENT_3D('',#10854,#7580,#7581);
#6161=AXIS2_PLACEMENT_3D('',#10855,#7582,#7583);
#6162=AXIS2_PLACEMENT_3D('',#10859,#7585,#7586);
#6163=AXIS2_PLACEMENT_3D('',#10863,#7588,#7589);
#6164=AXIS2_PLACEMENT_3D('',#10864,#7590,#7591);
#6165=AXIS2_PLACEMENT_3D('',#10865,#7592,#7593);
#6166=AXIS2_PLACEMENT_3D('',#10866,#7594,#7595);
#6167=AXIS2_PLACEMENT_3D('',#10867,#7596,#7597);
#6168=AXIS2_PLACEMENT_3D('',#10870,#7600,#7601);
#6169=AXIS2_PLACEMENT_3D('',#10871,#7602,#7603);
#6170=AXIS2_PLACEMENT_3D('',#10872,#7604,#7605);
#6171=AXIS2_PLACEMENT_3D('',#10873,#7606,#7607);
#6172=AXIS2_PLACEMENT_3D('',#10874,#7608,#7609);
#6173=AXIS2_PLACEMENT_3D('',#10879,#7612,#7613);
#6174=AXIS2_PLACEMENT_3D('',#10880,#7614,#7615);
#6175=AXIS2_PLACEMENT_3D('',#10881,#7616,#7617);
#6176=AXIS2_PLACEMENT_3D('',#10882,#7618,#7619);
#6177=AXIS2_PLACEMENT_3D('',#10883,#7620,#7621);
#6178=AXIS2_PLACEMENT_3D('',#10884,#7622,#7623);
#6179=AXIS2_PLACEMENT_3D('',#10885,#7624,#7625);
#6180=AXIS2_PLACEMENT_3D('',#10888,#7627,#7628);
#6181=AXIS2_PLACEMENT_3D('',#10891,#7630,#7631);
#6182=AXIS2_PLACEMENT_3D('',#10892,#7632,#7633);
#6183=AXIS2_PLACEMENT_3D('',#10893,#7634,#7635);
#6184=AXIS2_PLACEMENT_3D('',#10894,#7636,#7637);
#6185=AXIS2_PLACEMENT_3D('',#10897,#7640,#7641);
#6186=AXIS2_PLACEMENT_3D('',#10900,#7643,#7644);
#6187=AXIS2_PLACEMENT_3D('',#10902,#7645,#7646);
#6188=AXIS2_PLACEMENT_3D('',#10904,#7647,#7648);
#6189=AXIS2_PLACEMENT_3D('',#10912,#7653,#7654);
#6190=AXIS2_PLACEMENT_3D('',#10913,#7655,#7656);
#6191=AXIS2_PLACEMENT_3D('',#10914,#7657,#7658);
#6192=AXIS2_PLACEMENT_3D('',#10915,#7659,#7660);
#6193=AXIS2_PLACEMENT_3D('',#10916,#7661,#7662);
#6194=AXIS2_PLACEMENT_3D('',#10920,#7664,#7665);
#6195=AXIS2_PLACEMENT_3D('',#10921,#7666,#7667);
#6196=AXIS2_PLACEMENT_3D('',#10922,#7668,#7669);
#6197=AXIS2_PLACEMENT_3D('',#10923,#7670,#7671);
#6198=AXIS2_PLACEMENT_3D('',#10924,#7672,#7673);
#6199=AXIS2_PLACEMENT_3D('',#10929,#7674,#7675);
#6200=AXIS2_PLACEMENT_3D('',#10934,#7676,#7677);
#6201=AXIS2_PLACEMENT_3D('',#10935,#7678,#7679);
#6202=AXIS2_PLACEMENT_3D('',#10936,#7680,#7681);
#6203=AXIS2_PLACEMENT_3D('',#10937,#7682,#7683);
#6204=AXIS2_PLACEMENT_3D('',#10938,#7684,#7685);
#6205=AXIS2_PLACEMENT_3D('',#10939,#7686,#7687);
#6206=AXIS2_PLACEMENT_3D('',#10940,#7688,#7689);
#6207=AXIS2_PLACEMENT_3D('',#10941,#7690,#7691);
#6208=AXIS2_PLACEMENT_3D('',#10944,#7693,#7694);
#6209=AXIS2_PLACEMENT_3D('',#10947,#7696,#7697);
#6210=AXIS2_PLACEMENT_3D('',#10953,#7698,#7699);
#6211=AXIS2_PLACEMENT_3D('',#10954,#7700,#7701);
#6212=AXIS2_PLACEMENT_3D('',#10955,#7702,#7703);
#6213=AXIS2_PLACEMENT_3D('',#10961,#7704,#7705);
#6214=AXIS2_PLACEMENT_3D('',#10970,#7706,#7707);
#6215=AXIS2_PLACEMENT_3D('',#10975,#7708,#7709);
#6216=AXIS2_PLACEMENT_3D('',#10976,#7710,#7711);
#6217=AXIS2_PLACEMENT_3D('',#10977,#7712,#7713);
#6218=AXIS2_PLACEMENT_3D('',#10978,#7714,#7715);
#6219=AXIS2_PLACEMENT_3D('',#10979,#7716,#7717);
#6220=AXIS2_PLACEMENT_3D('',#10980,#7718,#7719);
#6221=AXIS2_PLACEMENT_3D('',#10981,#7720,#7721);
#6222=AXIS2_PLACEMENT_3D('',#10982,#7722,#7723);
#6223=AXIS2_PLACEMENT_3D('',#10983,#7724,#7725);
#6224=AXIS2_PLACEMENT_3D('',#10984,#7726,#7727);
#6225=AXIS2_PLACEMENT_3D('',#10985,#7728,#7729);
#6226=AXIS2_PLACEMENT_3D('',#10986,#7730,#7731);
#6227=AXIS2_PLACEMENT_3D('',#10987,#7732,#7733);
#6228=AXIS2_PLACEMENT_3D('',#10988,#7734,#7735);
#6229=AXIS2_PLACEMENT_3D('',#10989,#7736,#7737);
#6230=AXIS2_PLACEMENT_3D('',#10990,#7738,#7739);
#6231=AXIS2_PLACEMENT_3D('',#10991,#7740,#7741);
#6232=AXIS2_PLACEMENT_3D('',#10992,#7742,#7743);
#6233=AXIS2_PLACEMENT_3D('',#10993,#7744,#7745);
#6234=AXIS2_PLACEMENT_3D('',#10994,#7746,#7747);
#6235=AXIS2_PLACEMENT_3D('',#10995,#7748,#7749);
#6236=AXIS2_PLACEMENT_3D('',#10996,#7750,#7751);
#6237=AXIS2_PLACEMENT_3D('',#10997,#7752,#7753);
#6238=AXIS2_PLACEMENT_3D('',#10998,#7754,#7755);
#6239=AXIS2_PLACEMENT_3D('',#11003,#7756,#7757);
#6240=AXIS2_PLACEMENT_3D('',#11016,#7758,#7759);
#6241=AXIS2_PLACEMENT_3D('',#11017,#7760,#7761);
#6242=AXIS2_PLACEMENT_3D('',#11022,#7762,#7763);
#6243=AXIS2_PLACEMENT_3D('',#11035,#7764,#7765);
#6244=AXIS2_PLACEMENT_3D('',#11036,#7766,#7767);
#6245=AXIS2_PLACEMENT_3D('',#11042,#7768,#7769);
#6246=AXIS2_PLACEMENT_3D('',#11043,#7770,#7771);
#6247=AXIS2_PLACEMENT_3D('',#11067,#7772,#7773);
#6248=AXIS2_PLACEMENT_3D('',#11080,#7774,#7775);
#6249=AXIS2_PLACEMENT_3D('',#11093,#7776,#7777);
#6250=AXIS2_PLACEMENT_3D('',#11094,#7778,#7779);
#6251=AXIS2_PLACEMENT_3D('',#11095,#7780,#7781);
#6252=AXIS2_PLACEMENT_3D('',#11108,#7782,#7783);
#6253=AXIS2_PLACEMENT_3D('',#11109,#7784,#7785);
#6254=AXIS2_PLACEMENT_3D('',#11110,#7786,#7787);
#6255=AXIS2_PLACEMENT_3D('',#11123,#7788,#7789);
#6256=AXIS2_PLACEMENT_3D('',#11136,#7790,#7791);
#6257=AXIS2_PLACEMENT_3D('',#11149,#7792,#7793);
#6258=AXIS2_PLACEMENT_3D('',#11168,#7794,#7795);
#6259=AXIS2_PLACEMENT_3D('',#11181,#7796,#7797);
#6260=AXIS2_PLACEMENT_3D('',#11182,#7798,#7799);
#6261=AXIS2_PLACEMENT_3D('',#11183,#7800,#7801);
#6262=AXIS2_PLACEMENT_3D('',#11196,#7802,#7803);
#6263=AXIS2_PLACEMENT_3D('',#11215,#7804,#7805);
#6264=AXIS2_PLACEMENT_3D('',#11228,#7806,#7807);
#6265=AXIS2_PLACEMENT_3D('',#11241,#7808,#7809);
#6266=AXIS2_PLACEMENT_3D('',#11254,#7810,#7811);
#6267=AXIS2_PLACEMENT_3D('',#11255,#7812,#7813);
#6268=AXIS2_PLACEMENT_3D('',#11256,#7814,#7815);
#6269=AXIS2_PLACEMENT_3D('',#11269,#7816,#7817);
#6270=AXIS2_PLACEMENT_3D('',#11270,#7818,#7819);
#6271=AXIS2_PLACEMENT_3D('',#11271,#7820,#7821);
#6272=AXIS2_PLACEMENT_3D('',#11284,#7822,#7823);
#6273=AXIS2_PLACEMENT_3D('',#11297,#7824,#7825);
#6274=AXIS2_PLACEMENT_3D('',#11310,#7826,#7827);
#6275=AXIS2_PLACEMENT_3D('',#11319,#7828,#7829);
#6276=AXIS2_PLACEMENT_3D('',#11321,#7831,#7832);
#6277=AXIS2_PLACEMENT_3D('',#11326,#7833,#7834);
#6278=AXIS2_PLACEMENT_3D('',#11335,#7835,#7836);
#6279=AXIS2_PLACEMENT_3D('',#11336,#7837,#7838);
#6280=DIRECTION('',(0.,0.,1.));
#6281=DIRECTION('',(1.,0.,0.));
#6282=DIRECTION('',(-1.,0.,0.));
#6283=DIRECTION('',(0.,0.,1.));
#6284=DIRECTION('',(0.,-1.,1.13048553211602E-16));
#6285=DIRECTION('',(-1.,0.,0.));
#6286=DIRECTION('',(0.,0.,1.));
#6287=DIRECTION('',(0.,0.,1.));
#6288=DIRECTION('',(-1.,0.,0.));
#6289=DIRECTION('',(0.,0.,1.));
#6290=DIRECTION('',(0.,0.,-1.));
#6291=DIRECTION('',(-1.,0.,0.));
#6292=DIRECTION('',(0.,0.,1.));
#6293=DIRECTION('',(-1.,0.,0.));
#6294=DIRECTION('',(0.,0.,1.));
#6295=DIRECTION('',(-1.,0.,0.));
#6296=DIRECTION('',(0.,0.,1.));
#6297=DIRECTION('',(0.,0.,-1.));
#6298=DIRECTION('',(-1.,0.,0.));
#6299=DIRECTION('',(0.,0.,1.));
#6300=DIRECTION('',(0.,0.,1.));
#6301=DIRECTION('',(-1.,0.,0.));
#6302=DIRECTION('',(0.,0.,1.));
#6303=DIRECTION('',(0.,-0.717259334905885,-0.696806319209554));
#6304=DIRECTION('',(-1.,0.,0.));
#6305=DIRECTION('',(0.,0.,1.));
#6306=DIRECTION('',(0.,0.543874193788357,-0.839166766102581));
#6307=DIRECTION('',(-1.,0.,0.));
#6308=DIRECTION('',(0.,0.,1.));
#6309=DIRECTION('',(1.,0.,0.));
#6310=DIRECTION('',(0.,0.,-1.));
#6311=DIRECTION('',(1.,0.,0.));
#6312=DIRECTION('',(0.,0.,-1.));
#6313=DIRECTION('',(1.,0.,0.));
#6314=DIRECTION('',(-1.,0.,0.));
#6315=DIRECTION('',(0.,0.,1.));
#6316=DIRECTION('',(1.,0.,0.));
#6317=DIRECTION('',(-0.709675263816283,0.704528934769389,0.));
#6318=DIRECTION('',(0.704528934769389,0.709675263816283,0.));
#6319=DIRECTION('',(0.,0.,1.));
#6320=DIRECTION('',(-1.,0.,0.));
#6321=DIRECTION('',(0.17364817766693,0.984807753012208,0.));
#6322=DIRECTION('',(1.,0.,0.));
#6323=DIRECTION('',(0.,-1.,0.));
#6324=DIRECTION('',(0.707106781186547,0.707106781186549,0.));
#6325=DIRECTION('',(0.,1.,0.));
#6326=DIRECTION('',(1.,0.,0.));
#6327=DIRECTION('',(-0.866025403784438,0.5,0.));
#6328=DIRECTION('',(0.,0.,1.));
#6329=DIRECTION('',(0.,0.,1.));
#6330=DIRECTION('',(-0.866025403784438,0.5,0.));
#6331=DIRECTION('',(-0.5,-0.866025403784438,0.));
#6332=DIRECTION('',(0.,0.,-1.));
#6333=DIRECTION('',(-0.866025403784438,0.5,0.));
#6334=DIRECTION('',(-0.5,-0.866025403784438,0.));
#6335=DIRECTION('',(-0.866025403784438,-0.5,0.));
#6336=DIRECTION('',(0.,0.,1.));
#6337=DIRECTION('',(0.,0.,-1.));
#6338=DIRECTION('',(-0.866025403784438,-0.5,0.));
#6339=DIRECTION('',(-0.5,0.866025403784438,0.));
#6340=DIRECTION('',(0.,0.,-1.));
#6341=DIRECTION('',(-0.866025403784438,-0.5,0.));
#6342=DIRECTION('',(-0.5,0.866025403784438,0.));
#6343=DIRECTION('',(-1.,0.,0.));
#6344=DIRECTION('',(0.,0.,1.));
#6345=DIRECTION('',(1.,0.,0.));
#6346=DIRECTION('',(0.,0.,-1.));
#6347=DIRECTION('',(1.,0.,0.));
#6348=DIRECTION('',(0.,0.,-1.));
#6349=DIRECTION('',(0.,0.,1.));
#6350=DIRECTION('',(1.,0.,0.));
#6351=DIRECTION('',(0.,0.,1.));
#6352=DIRECTION('',(0.,0.,1.));
#6353=DIRECTION('',(1.,0.,0.));
#6354=DIRECTION('',(0.,0.,-1.));
#6355=DIRECTION('',(-1.,0.,0.));
#6356=DIRECTION('',(0.,0.,-1.));
#6357=DIRECTION('',(-1.,0.,0.));
#6358=DIRECTION('',(0.,0.,-1.));
#6359=DIRECTION('',(1.,0.,0.));
#6360=DIRECTION('',(0.,0.,-1.));
#6361=DIRECTION('',(1.,0.,0.));
#6362=DIRECTION('',(0.985034858688035,-0.172355235398995,0.));
#6363=DIRECTION('',(0.172355235398995,0.985034858688035,0.));
#6364=DIRECTION('',(1.,0.,0.));
#6365=DIRECTION('',(1.,0.,0.));
#6366=DIRECTION('',(0.,0.,-1.));
#6367=DIRECTION('',(1.,0.,0.));
#6368=DIRECTION('',(0.985034858688035,-0.172355235398995,0.));
#6369=DIRECTION('',(0.172355235398995,0.985034858688035,0.));
#6370=DIRECTION('',(1.,0.,0.));
#6371=DIRECTION('',(-1.,0.,0.));
#6372=DIRECTION('',(0.,0.,1.));
#6373=DIRECTION('',(-1.,0.,0.));
#6374=DIRECTION('',(0.,0.,1.));
#6375=DIRECTION('',(0.713922446392384,0.70022477857979,-1.76843335170918E-16));
#6376=DIRECTION('',(-0.700224778579789,0.713922446392383,-1.80302711837016E-16));
#6377=DIRECTION('',(1.,0.,0.));
#6378=DIRECTION('',(0.,0.,-1.));
#6379=DIRECTION('',(0.713922446392384,0.70022477857979,-1.76843335170918E-16));
#6380=DIRECTION('',(-0.700224778579789,0.713922446392383,-1.80302711837016E-16));
#6381=DIRECTION('',(-1.,0.,0.));
#6382=DIRECTION('',(0.,0.,-1.));
#6383=DIRECTION('',(1.,0.,0.));
#6384=DIRECTION('',(0.,0.,-1.));
#6385=DIRECTION('',(1.,0.,0.));
#6386=DIRECTION('',(0.,0.,-1.));
#6387=DIRECTION('',(1.,0.,0.));
#6388=DIRECTION('',(0.,0.,-1.));
#6389=DIRECTION('',(-1.,0.,0.));
#6390=DIRECTION('',(0.,0.,1.));
#6391=DIRECTION('',(1.,0.,0.));
#6392=DIRECTION('',(0.,0.,-1.));
#6393=DIRECTION('',(1.,0.,0.));
#6394=DIRECTION('',(0.,0.,-1.));
#6395=DIRECTION('',(0.,-1.,0.));
#6396=DIRECTION('',(1.,0.,0.));
#6397=DIRECTION('',(0.,0.,-1.));
#6398=DIRECTION('',(0.,1.,0.));
#6399=DIRECTION('',(-0.548742898335342,0.548742898335344,0.630684123038669));
#6400=DIRECTION('',(0.,-0.754414816606991,0.656397961974168));
#6401=DIRECTION('',(-0.540639949254601,0.540639949254603,0.644528424927841));
#6402=DIRECTION('',(0.,-0.766151905808866,0.642659518894292));
#6403=DIRECTION('',(-0.707106781186548,-0.707106781186548,1.78581400333511E-16));
#6404=DIRECTION('',(-0.707106781186548,0.707106781186548,-1.78581400333511E-16));
#6405=DIRECTION('',(-0.707106781186548,-0.707106781186548,1.78581400333511E-16));
#6406=DIRECTION('',(0.707106781186548,-0.707106781186548,0.));
#6407=DIRECTION('',(-0.683588921330047,0.683588921330049,-0.255758427563285));
#6408=DIRECTION('',(-0.707106781186549,-0.707106781186546,0.));
#6409=DIRECTION('',(0.,0.65639796197417,0.754414816606988));
#6410=DIRECTION('',(0.,-0.754414816606988,0.65639796197417));
#6411=DIRECTION('',(0.,-0.608157364198474,-0.793816490362328));
#6412=DIRECTION('',(0.,0.793816490362329,-0.608157364198474));
#6413=DIRECTION('',(-1.,0.,0.));
#6414=DIRECTION('',(0.,0.,1.));
#6415=DIRECTION('',(0.,-0.65639796197417,0.754414816606989));
#6416=DIRECTION('',(0.,-0.754414816606989,-0.65639796197417));
#6417=DIRECTION('',(-1.,0.,0.));
#6418=DIRECTION('',(0.,0.,1.));
#6419=DIRECTION('',(1.,0.,0.));
#6420=DIRECTION('',(0.,0.,-1.));
#6421=DIRECTION('',(-1.,0.,0.));
#6422=DIRECTION('',(0.,0.,1.));
#6423=DIRECTION('',(1.,0.,0.));
#6424=DIRECTION('',(0.,0.,-1.));
#6425=DIRECTION('',(-1.,0.,0.));
#6426=DIRECTION('',(0.,0.,1.));
#6427=DIRECTION('',(-0.5406399492546,0.540639949254603,-0.644528424927841));
#6428=DIRECTION('',(0.,0.766151905808865,0.642659518894293));
#6429=DIRECTION('',(0.,-0.608157364198474,0.793816490362328));
#6430=DIRECTION('',(0.,-0.793816490362329,-0.608157364198474));
#6431=DIRECTION('',(-0.548742898335344,0.548742898335345,-0.630684123038666));
#6432=DIRECTION('',(0.,0.754414816606989,0.65639796197417));
#6433=DIRECTION('',(-0.707106781186548,-0.707106781186548,1.78581400333511E-16));
#6434=DIRECTION('',(-0.707106781186548,0.707106781186548,-1.78581400333511E-16));
#6435=DIRECTION('',(-0.707106781186548,-0.707106781186548,1.78581400333511E-16));
#6436=DIRECTION('',(0.707106781186548,-0.707106781186548,0.));
#6437=DIRECTION('',(-0.683588921330041,0.683588921330048,0.255758427563301));
#6438=DIRECTION('',(-0.707106781186551,-0.707106781186544,0.));
#6439=DIRECTION('',(-0.707106781186548,-0.707106781186548,1.78581400333511E-16));
#6440=DIRECTION('',(-0.707106781186548,0.707106781186548,-1.78581400333511E-16));
#6441=DIRECTION('',(-1.74315279842105E-32,2.52552238339231E-16,1.));
#6442=DIRECTION('',(1.74315279842105E-32,2.52552238339231E-16,1.));
#6443=DIRECTION('',(1.,0.,0.));
#6444=DIRECTION('',(0.,0.,-1.));
#6445=DIRECTION('',(1.,0.,0.));
#6446=DIRECTION('',(0.,0.,-1.));
#6447=DIRECTION('',(0.,-2.52552238339231E-16,-1.));
#6448=DIRECTION('',(0.,1.,-2.52552238339231E-16));
#6449=DIRECTION('',(0.,2.52552238339231E-16,1.));
#6450=DIRECTION('',(1.,0.,0.));
#6451=DIRECTION('',(0.,0.,-1.));
#6452=DIRECTION('',(0.,-0.543874193788357,0.839166766102581));
#6453=DIRECTION('',(1.,0.,0.));
#6454=DIRECTION('',(0.,0.,-1.));
#6455=DIRECTION('',(0.,0.717259334905885,0.696806319209554));
#6456=DIRECTION('',(0.,1.,-1.13048553211602E-16));
#6457=DIRECTION('',(1.,0.,0.));
#6458=DIRECTION('',(0.,0.,-1.));
#6459=DIRECTION('',(0.,-0.707349489541331,-0.706863989495588));
#6460=DIRECTION('',(0.,1.,-1.13048553211602E-16));
#6461=DIRECTION('',(-1.,0.,0.));
#6462=DIRECTION('',(0.,0.,1.));
#6463=DIRECTION('',(-1.,0.,0.));
#6464=DIRECTION('',(0.,0.,1.));
#6465=DIRECTION('',(-1.,0.,0.));
#6466=DIRECTION('',(0.,0.,1.));
#6467=DIRECTION('',(-1.,0.,0.));
#6468=DIRECTION('',(0.,0.,1.));
#6469=DIRECTION('',(-1.,0.,0.));
#6470=DIRECTION('',(0.,0.,1.));
#6471=DIRECTION('',(-1.,0.,0.));
#6472=DIRECTION('',(0.,0.,1.));
#6473=DIRECTION('',(-1.,0.,0.));
#6474=DIRECTION('',(0.,0.,1.));
#6475=DIRECTION('',(-1.,0.,0.));
#6476=DIRECTION('',(0.,0.,1.));
#6477=DIRECTION('',(-1.,0.,0.));
#6478=DIRECTION('',(0.,0.,1.));
#6479=DIRECTION('',(-1.,0.,0.));
#6480=DIRECTION('',(0.,0.,1.));
#6481=DIRECTION('',(-1.,0.,0.));
#6482=DIRECTION('',(0.,0.,1.));
#6483=DIRECTION('',(-1.,0.,0.));
#6484=DIRECTION('',(0.,0.,1.));
#6485=DIRECTION('',(-1.,0.,0.));
#6486=DIRECTION('',(0.,0.,1.));
#6487=DIRECTION('',(-1.,0.,0.));
#6488=DIRECTION('',(0.,0.,1.));
#6489=DIRECTION('',(-1.,0.,0.));
#6490=DIRECTION('',(0.,0.,1.));
#6491=DIRECTION('',(-1.,0.,0.));
#6492=DIRECTION('',(0.,0.,1.));
#6493=DIRECTION('',(-1.,0.,0.));
#6494=DIRECTION('',(0.,0.,1.));
#6495=DIRECTION('',(-1.,0.,0.));
#6496=DIRECTION('',(0.,0.,1.));
#6497=DIRECTION('',(-1.,0.,0.));
#6498=DIRECTION('',(0.,0.,1.));
#6499=DIRECTION('',(-1.,0.,0.));
#6500=DIRECTION('',(0.,0.,1.));
#6501=DIRECTION('',(-1.,0.,0.));
#6502=DIRECTION('',(0.,0.,1.));
#6503=DIRECTION('',(-1.,0.,0.));
#6504=DIRECTION('',(0.,0.,1.));
#6505=DIRECTION('',(0.,-0.863835505204395,0.503773977045527));
#6506=DIRECTION('',(-1.,0.,0.));
#6507=DIRECTION('',(0.,0.,1.));
#6508=DIRECTION('',(0.,0.863835505204395,0.503773977045527));
#6509=DIRECTION('',(-1.,0.,0.));
#6510=DIRECTION('',(0.,0.,1.));
#6511=DIRECTION('',(-1.,0.,0.));
#6512=DIRECTION('',(0.,0.,1.));
#6513=DIRECTION('',(0.,0.40752270468268,0.913195075089717));
#6514=DIRECTION('',(0.,-0.913195075089717,0.40752270468268));
#6515=DIRECTION('',(0.,0.40752270468268,-0.913195075089717));
#6516=DIRECTION('',(0.,0.913195075089717,0.40752270468268));
#6517=DIRECTION('',(0.,0.863835505204395,0.503773977045527));
#6518=DIRECTION('',(0.,-0.503773977045527,0.863835505204395));
#6519=DIRECTION('',(-2.9970314605207E-15,0.863835505204396,0.503773977045527));
#6520=DIRECTION('',(0.,-0.503773977045527,0.863835505204396));
#6521=DIRECTION('',(0.,0.863835505204395,0.503773977045527));
#6522=DIRECTION('',(-1.,0.,0.));
#6523=DIRECTION('',(0.,0.,1.));
#6524=DIRECTION('',(0.,0.863835505204394,-0.503773977045529));
#6525=DIRECTION('',(0.,0.503773977045529,0.863835505204394));
#6526=DIRECTION('',(-1.,0.,0.));
#6527=DIRECTION('',(0.,0.,1.));
#6528=DIRECTION('',(0.,-0.863835505204395,0.503773977045527));
#6529=DIRECTION('',(0.,-0.503773977045527,-0.863835505204395));
#6530=DIRECTION('',(0.,-0.863835505204395,0.503773977045527));
#6531=DIRECTION('',(-0.682862028033604,0.682862028033606,-0.259612983765575));
#6532=DIRECTION('',(-0.707106781186549,-0.707106781186546,0.));
#6533=DIRECTION('',(-0.682862028033613,0.6828620280336,0.259612983765567));
#6534=DIRECTION('',(-0.707106781186541,-0.707106781186554,0.));
#6535=DIRECTION('',(0.,2.52552238339231E-16,1.));
#6536=DIRECTION('',(0.,-1.,2.52552238339231E-16));
#6537=DIRECTION('',(0.,0.,1.));
#6538=DIRECTION('',(1.,0.,0.));
#6539=DIRECTION('',(0.,2.52552238339231E-16,1.));
#6540=DIRECTION('',(0.,0.,-1.));
#6541=DIRECTION('',(-1.,0.,0.));
#6542=DIRECTION('',(-0.592363678947951,-0.770146375899669,-0.236600573862057));
#6543=DIRECTION('',(0.792652145829096,-0.609674155358852,0.));
#6544=DIRECTION('',(-0.590333752730366,-0.772906311195846,-0.232641128137122));
#6545=DIRECTION('',(0.794711078293147,-0.606987892826655,0.));
#6546=DIRECTION('',(1.,0.,0.));
#6547=DIRECTION('',(0.,0.,-1.));
#6548=DIRECTION('',(1.,0.,0.));
#6549=DIRECTION('',(0.,0.,-1.));
#6550=DIRECTION('',(0.,0.664343380438278,-0.747427503419456));
#6551=DIRECTION('',(0.,0.747427503419456,0.664343380438278));
#6552=DIRECTION('',(0.,0.442240316578282,0.896896595150601));
#6553=DIRECTION('',(0.,-0.896896595150601,0.442240316578282));
#6554=DIRECTION('',(1.,0.,0.));
#6555=DIRECTION('',(0.,0.,-1.));
#6556=DIRECTION('',(0.,-0.664343380438278,-0.747427503419456));
#6557=DIRECTION('',(0.,0.747427503419456,-0.664343380438278));
#6558=DIRECTION('',(1.,0.,0.));
#6559=DIRECTION('',(0.,0.,-1.));
#6560=DIRECTION('',(0.,-0.442240316578282,0.896896595150601));
#6561=DIRECTION('',(0.,-0.896896595150601,-0.442240316578282));
#6562=DIRECTION('',(-0.590333752728779,-0.772906311197989,0.232641128134032));
#6563=DIRECTION('',(0.794711078294746,-0.606987892824562,0.));
#6564=DIRECTION('',(-0.592363678947952,-0.770146375899668,0.236600573862057));
#6565=DIRECTION('',(0.792652145829095,-0.609674155358853,0.));
#6566=DIRECTION('',(-0.707106781186548,0.356221995354208,-0.610823943559735));
#6567=DIRECTION('',(-0.707106781186548,-0.356221995354208,0.610823943559735));
#6568=DIRECTION('',(0.,-0.863835505204395,-0.503773977045527));
#6569=DIRECTION('',(-0.707106781186548,-0.356221995354208,0.610823943559735));
#6570=DIRECTION('',(-1.,0.,0.));
#6571=DIRECTION('',(0.,0.,-1.));
#6572=DIRECTION('',(-1.,0.,0.));
#6573=DIRECTION('',(0.,0.,1.));
#6574=DIRECTION('',(-0.707106781186548,-0.356221995354208,-0.610823943559735));
#6575=DIRECTION('',(-0.707106781186548,0.356221995354208,0.610823943559735));
#6576=DIRECTION('',(-0.707106781186548,-0.356221995354208,-0.610823943559735));
#6577=DIRECTION('',(0.,0.863835505204395,-0.503773977045527));
#6578=DIRECTION('',(-0.707106781186548,-0.707106781186548,1.78581400333511E-16));
#6579=DIRECTION('',(0.707106781186548,-0.707106781186548,0.));
#6580=DIRECTION('',(-0.707106781186548,-0.707106781186548,1.78581400333511E-16));
#6581=DIRECTION('',(0.707106781186548,-0.707106781186548,0.));
#6582=DIRECTION('',(1.,0.,0.));
#6583=DIRECTION('',(0.,0.,-1.));
#6584=DIRECTION('',(0.,0.863835505204395,-0.503773977045527));
#6585=DIRECTION('',(1.,0.,0.));
#6586=DIRECTION('',(0.,0.,-1.));
#6587=DIRECTION('',(0.,-0.863835505204395,-0.503773977045527));
#6588=DIRECTION('',(0.,0.5,0.866025403784439));
#6589=DIRECTION('',(0.,1.,0.));
#6590=DIRECTION('',(0.,0.5,-0.866025403784438));
#6591=DIRECTION('',(0.,-0.5,-0.866025403784439));
#6592=DIRECTION('',(0.,-1.,0.));
#6593=DIRECTION('',(0.,-0.5,0.866025403784438));
#6594=DIRECTION('',(0.,0.5,-0.866025403784439));
#6595=DIRECTION('',(0.,-0.5,-0.866025403784438));
#6596=DIRECTION('',(0.,-1.,0.));
#6597=DIRECTION('',(0.,-0.5,0.866025403784439));
#6598=DIRECTION('',(0.,0.5,0.866025403784438));
#6599=DIRECTION('',(0.,1.,0.));
#6600=DIRECTION('',(0.,-0.5,0.866025403784439));
#6601=DIRECTION('',(0.,0.5,0.866025403784438));
#6602=DIRECTION('',(0.,1.,0.));
#6603=DIRECTION('',(0.,0.5,-0.866025403784439));
#6604=DIRECTION('',(0.,-0.5,-0.866025403784438));
#6605=DIRECTION('',(0.,-1.,0.));
#6606=DIRECTION('',(0.,-0.5,-0.866025403784439));
#6607=DIRECTION('',(0.,-1.,0.));
#6608=DIRECTION('',(0.,-0.5,0.866025403784438));
#6609=DIRECTION('',(0.,0.5,0.866025403784439));
#6610=DIRECTION('',(0.,1.,0.));
#6611=DIRECTION('',(0.,0.5,-0.866025403784438));
#6612=DIRECTION('',(-0.707106781186548,0.356221995354208,0.610823943559735));
#6613=DIRECTION('',(0.653706184243797,0.,0.756748455354496));
#6614=DIRECTION('',(-1.74781708913414E-15,-0.863835505204397,0.503773977045524));
#6615=DIRECTION('',(0.,-0.503773977045524,-0.863835505204397));
#6616=DIRECTION('',(-0.707106781186548,0.356221995354208,-0.610823943559735));
#6617=DIRECTION('',(-0.653706184243797,0.,0.756748455354496));
#6618=DIRECTION('',(0.,-0.86383550520439,-0.503773977045537));
#6619=DIRECTION('',(0.,0.503773977045537,-0.86383550520439));
#6620=DIRECTION('',(0.,-0.863835505204395,-0.503773977045527));
#6621=DIRECTION('',(0.,0.503773977045527,-0.863835505204395));
#6622=DIRECTION('',(0.,-0.863835505204395,-0.503773977045528));
#6623=DIRECTION('',(0.,0.503773977045528,-0.863835505204395));
#6624=DIRECTION('',(1.,0.,0.));
#6625=DIRECTION('',(0.,0.,-1.));
#6626=DIRECTION('',(2.99703146052071E-15,-0.863835505204396,0.503773977045527));
#6627=DIRECTION('',(0.,-0.503773977045527,-0.863835505204396));
#6628=DIRECTION('',(0.,0.863835505204395,-0.503773977045527));
#6629=DIRECTION('',(0.,0.503773977045527,0.863835505204395));
#6630=DIRECTION('',(0.0871557427476584,0.862729915662821,-0.498097349045873));
#6631=DIRECTION('',(0.,0.5,0.866025403784438));
#6632=DIRECTION('',(0.994935885120891,-0.100511613750393,0.));
#6633=DIRECTION('',(-5.31143589797665E-16,0.5,0.866025403784439));
#6634=DIRECTION('',(0.994935885120892,-0.0502558068751963,0.0870456108832093));
#6635=DIRECTION('',(0.0871557427476584,0.,-0.996194698091746));
#6636=DIRECTION('',(-0.996194698091746,0.,-0.0871557427476584));
#6637=DIRECTION('',(0.,1.,0.));
#6638=DIRECTION('',(0.994935885120892,0.0502558068751963,0.0870456108832093));
#6639=DIRECTION('',(0.0871557427476584,-0.86272991566282,-0.498097349045874));
#6640=DIRECTION('',(0.,0.5,-0.866025403784438));
#6641=DIRECTION('',(-4.20565938679919E-16,0.5,-0.866025403784438));
#6642=DIRECTION('',(0.994935885120892,0.100511613750393,1.02570347580106E-16));
#6643=DIRECTION('',(0.0871557427476584,-0.862729915662821,0.498097349045873));
#6644=DIRECTION('',(0.,-0.5,-0.866025403784439));
#6645=DIRECTION('',(-3.39249391199358E-16,-0.5,-0.866025403784439));
#6646=DIRECTION('',(0.994935885120892,0.0502558068751963,-0.0870456108832093));
#6647=DIRECTION('',(0.0871557427476584,0.,0.996194698091746));
#6648=DIRECTION('',(0.996194698091746,0.,-0.0871557427476584));
#6649=DIRECTION('',(0.,-1.,0.));
#6650=DIRECTION('',(0.994935885120892,-0.0502558068751962,-0.0870456108832093));
#6651=DIRECTION('',(0.0871557427476584,0.862729915662821,0.498097349045874));
#6652=DIRECTION('',(0.,-0.5,0.866025403784438));
#6653=DIRECTION('',(-5.77575184548294E-16,-0.5,0.866025403784438));
#6654=DIRECTION('',(0.0871557427476584,0.862729915662821,0.498097349045873));
#6655=DIRECTION('',(0.,0.5,-0.866025403784438));
#6656=DIRECTION('',(0.994935885120892,-0.0502558068751963,-0.0870456108832093));
#6657=DIRECTION('',(1.70549449669164E-16,-0.5,0.866025403784439));
#6658=DIRECTION('',(0.994935885120891,-0.100511613750393,0.));
#6659=DIRECTION('',(0.0871557427476584,0.862729915662821,-0.498097349045874));
#6660=DIRECTION('',(0.,-0.5,-0.866025403784438));
#6661=DIRECTION('',(-2.2370969576173E-16,0.5,0.866025403784438));
#6662=DIRECTION('',(0.994935885120892,-0.0502558068751962,0.0870456108832093));
#6663=DIRECTION('',(0.0871557427476584,0.,-0.996194698091746));
#6664=DIRECTION('',(0.996194698091746,0.,0.0871557427476584));
#6665=DIRECTION('',(0.,1.,0.));
#6666=DIRECTION('',(0.994935885120892,0.0502558068751963,0.0870456108832093));
#6667=DIRECTION('',(0.0871557427476584,-0.862729915662821,-0.498097349045873));
#6668=DIRECTION('',(0.,-0.5,0.866025403784439));
#6669=DIRECTION('',(3.15478772582185E-16,0.5,-0.866025403784439));
#6670=DIRECTION('',(0.994935885120892,0.100511613750393,-1.04555706106436E-16));
#6671=DIRECTION('',(0.0871557427476584,-0.86272991566282,0.498097349045874));
#6672=DIRECTION('',(0.,0.5,0.866025403784438));
#6673=DIRECTION('',(2.89858645826041E-16,-0.5,-0.866025403784438));
#6674=DIRECTION('',(0.994935885120892,0.0502558068751963,-0.0870456108832093));
#6675=DIRECTION('',(0.0871557427476584,0.,0.996194698091746));
#6676=DIRECTION('',(-0.996194698091746,0.,0.0871557427476584));
#6677=DIRECTION('',(0.,-1.,0.));
#6678=DIRECTION('',(0.0871557427476584,-0.862729915662821,-0.498097349045873));
#6679=DIRECTION('',(0.,-0.5,0.866025403784438));
#6680=DIRECTION('',(0.994935885120892,0.0502558068751963,0.0870456108832093));
#6681=DIRECTION('',(1.70549449669164E-16,0.5,-0.866025403784439));
#6682=DIRECTION('',(0.994935885120891,0.100511613750393,0.));
#6683=DIRECTION('',(0.0871557427476584,-0.862729915662821,0.498097349045874));
#6684=DIRECTION('',(0.,0.5,0.866025403784438));
#6685=DIRECTION('',(-2.2370969576173E-16,-0.5,-0.866025403784438));
#6686=DIRECTION('',(0.994935885120892,0.0502558068751962,-0.0870456108832093));
#6687=DIRECTION('',(0.0871557427476584,0.,0.996194698091746));
#6688=DIRECTION('',(0.996194698091746,0.,-0.0871557427476584));
#6689=DIRECTION('',(0.,-1.,0.));
#6690=DIRECTION('',(0.994935885120892,-0.0502558068751963,-0.0870456108832093));
#6691=DIRECTION('',(0.0871557427476584,0.862729915662821,0.498097349045873));
#6692=DIRECTION('',(0.,0.5,-0.866025403784439));
#6693=DIRECTION('',(3.15478772582185E-16,-0.5,0.866025403784439));
#6694=DIRECTION('',(0.994935885120892,-0.100511613750393,1.04555706106436E-16));
#6695=DIRECTION('',(0.0871557427476584,0.86272991566282,-0.498097349045874));
#6696=DIRECTION('',(0.,-0.5,-0.866025403784438));
#6697=DIRECTION('',(2.89858645826041E-16,0.5,0.866025403784438));
#6698=DIRECTION('',(0.994935885120892,-0.0502558068751963,0.0870456108832093));
#6699=DIRECTION('',(0.0871557427476584,0.,-0.996194698091746));
#6700=DIRECTION('',(-0.996194698091746,0.,-0.0871557427476584));
#6701=DIRECTION('',(0.,1.,0.));
#6702=DIRECTION('',(0.0871557427476584,-0.862729915662821,0.498097349045873));
#6703=DIRECTION('',(0.,-0.5,-0.866025403784438));
#6704=DIRECTION('',(0.994935885120891,0.100511613750393,0.));
#6705=DIRECTION('',(-5.31143589797665E-16,-0.5,-0.866025403784439));
#6706=DIRECTION('',(0.994935885120892,0.0502558068751963,-0.0870456108832093));
#6707=DIRECTION('',(0.0871557427476584,0.,0.996194698091746));
#6708=DIRECTION('',(-0.996194698091746,0.,0.0871557427476584));
#6709=DIRECTION('',(0.,-1.,0.));
#6710=DIRECTION('',(0.994935885120892,-0.0502558068751963,-0.0870456108832093));
#6711=DIRECTION('',(0.0871557427476584,0.86272991566282,0.498097349045874));
#6712=DIRECTION('',(0.,-0.5,0.866025403784438));
#6713=DIRECTION('',(-4.20565938679919E-16,-0.5,0.866025403784438));
#6714=DIRECTION('',(0.994935885120892,-0.100511613750393,-1.02570347580106E-16));
#6715=DIRECTION('',(0.0871557427476584,0.862729915662821,-0.498097349045873));
#6716=DIRECTION('',(0.,0.5,0.866025403784439));
#6717=DIRECTION('',(-3.39249391199358E-16,0.5,0.866025403784439));
#6718=DIRECTION('',(0.994935885120892,-0.0502558068751963,0.0870456108832093));
#6719=DIRECTION('',(0.0871557427476584,0.,-0.996194698091746));
#6720=DIRECTION('',(0.996194698091746,0.,0.0871557427476584));
#6721=DIRECTION('',(0.,1.,0.));
#6722=DIRECTION('',(0.994935885120892,0.0502558068751962,0.0870456108832093));
#6723=DIRECTION('',(0.0871557427476584,-0.862729915662821,-0.498097349045874));
#6724=DIRECTION('',(0.,0.5,-0.866025403784438));
#6725=DIRECTION('',(-5.77575184548294E-16,0.5,-0.866025403784438));
#6726=DIRECTION('',(0.642787609686546,-0.663413948168933,0.383022221559487));
#6727=DIRECTION('',(0.,-0.5,-0.866025403784438));
#6728=DIRECTION('',(-0.71818322683956,-0.695854045534203,3.08853600188446E-15));
#6729=DIRECTION('',(0.,0.5,0.866025403784439));
#6730=DIRECTION('',(-0.71818322683956,-0.347927022767104,0.602627280758792));
#6731=DIRECTION('',(0.642787609686544,0.,0.766044443118974));
#6732=DIRECTION('',(0.,-1.,0.));
#6733=DIRECTION('',(0.,1.,0.));
#6734=DIRECTION('',(0.718183226839561,-0.347927022767101,-0.602627280758793));
#6735=DIRECTION('',(0.642787609686545,0.663413948168934,0.383022221559488));
#6736=DIRECTION('',(0.,-0.5,0.866025403784438));
#6737=DIRECTION('',(-0.718183226839561,0.695854045534202,1.61932983787763E-15));
#6738=DIRECTION('',(0.,0.5,-0.866025403784438));
#6739=DIRECTION('',(0.642787609686544,0.663413948168935,-0.383022221559488));
#6740=DIRECTION('',(0.,0.5,0.866025403784439));
#6741=DIRECTION('',(-0.718183226839561,0.347927022767098,-0.602627280758795));
#6742=DIRECTION('',(0.,-0.5,-0.866025403784439));
#6743=DIRECTION('',(0.642787609686546,0.,-0.766044443118973));
#6744=DIRECTION('',(0.,1.,0.));
#6745=DIRECTION('',(-0.718183226839561,-0.347927022767099,-0.602627280758795));
#6746=DIRECTION('',(0.,-1.,0.));
#6747=DIRECTION('',(0.642787609686545,-0.663413948168935,-0.383022221559488));
#6748=DIRECTION('',(0.,0.5,-0.866025403784438));
#6749=DIRECTION('',(0.,-0.5,0.866025403784438));
#6750=DIRECTION('',(0.707106781186545,-0.612372435695797,-0.353553390593276));
#6751=DIRECTION('',(0.,-0.5,0.866025403784438));
#6752=DIRECTION('',(0.654653670707979,0.377964473009223,0.654653670707979));
#6753=DIRECTION('',(0.,-0.5,0.866025403784439));
#6754=DIRECTION('',(-0.654653670707978,-0.755928946018454,6.81807233692418E-15));
#6755=DIRECTION('',(0.707106781186549,-0.612372435695793,0.353553390593274));
#6756=DIRECTION('',(0.,0.5,0.866025403784438));
#6757=DIRECTION('',(-0.654653670707977,-0.377964473009231,0.654653670707975));
#6758=DIRECTION('',(0.,0.5,0.866025403784438));
#6759=DIRECTION('',(0.707106781186546,0.,0.707106781186549));
#6760=DIRECTION('',(0.,1.,0.));
#6761=DIRECTION('',(-0.654653670707978,0.377964473009227,0.654653670707976));
#6762=DIRECTION('',(0.,1.,0.));
#6763=DIRECTION('',(0.707106781186547,0.612372435695795,0.353553390593275));
#6764=DIRECTION('',(0.,0.5,-0.866025403784439));
#6765=DIRECTION('',(0.,0.5,-0.866025403784439));
#6766=DIRECTION('',(-0.654653670707978,0.755928946018454,-2.35178181494539E-15));
#6767=DIRECTION('',(0.707106781186548,0.612372435695794,-0.353553390593275));
#6768=DIRECTION('',(0.,-0.5,-0.866025403784438));
#6769=DIRECTION('',(0.,-0.5,-0.866025403784438));
#6770=DIRECTION('',(-0.654653670707977,0.377964473009227,-0.654653670707977));
#6771=DIRECTION('',(0.707106781186548,0.,-0.707106781186548));
#6772=DIRECTION('',(0.,-1.,0.));
#6773=DIRECTION('',(0.,-1.,0.));
#6774=DIRECTION('',(0.707106781186545,0.612372435695797,0.353553390593276));
#6775=DIRECTION('',(0.,0.5,-0.866025403784438));
#6776=DIRECTION('',(0.654653670707979,-0.377964473009223,-0.654653670707979));
#6777=DIRECTION('',(0.,0.5,-0.866025403784439));
#6778=DIRECTION('',(-0.654653670707978,0.755928946018454,-6.81807233692418E-15));
#6779=DIRECTION('',(0.707106781186549,0.612372435695793,-0.353553390593274));
#6780=DIRECTION('',(0.,-0.5,-0.866025403784438));
#6781=DIRECTION('',(-0.654653670707977,0.377964473009231,-0.654653670707975));
#6782=DIRECTION('',(0.,-0.5,-0.866025403784438));
#6783=DIRECTION('',(0.707106781186546,0.,-0.707106781186549));
#6784=DIRECTION('',(0.,-1.,0.));
#6785=DIRECTION('',(-0.654653670707978,-0.377964473009227,-0.654653670707976));
#6786=DIRECTION('',(0.,-1.,0.));
#6787=DIRECTION('',(0.707106781186547,-0.612372435695795,-0.353553390593275));
#6788=DIRECTION('',(0.,-0.5,0.866025403784439));
#6789=DIRECTION('',(0.,-0.5,0.866025403784439));
#6790=DIRECTION('',(-0.654653670707978,-0.755928946018454,2.35178181494539E-15));
#6791=DIRECTION('',(0.707106781186548,-0.612372435695794,0.353553390593275));
#6792=DIRECTION('',(0.,0.5,0.866025403784438));
#6793=DIRECTION('',(0.,0.5,0.866025403784438));
#6794=DIRECTION('',(-0.654653670707977,-0.377964473009227,0.654653670707977));
#6795=DIRECTION('',(0.707106781186548,0.,0.707106781186548));
#6796=DIRECTION('',(0.,1.,0.));
#6797=DIRECTION('',(0.,1.,0.));
#6798=DIRECTION('',(0.642787609686546,0.663413948168933,-0.383022221559487));
#6799=DIRECTION('',(0.,0.5,0.866025403784438));
#6800=DIRECTION('',(-0.71818322683956,0.695854045534203,-3.08853600188446E-15));
#6801=DIRECTION('',(0.,-0.5,-0.866025403784439));
#6802=DIRECTION('',(-0.71818322683956,0.347927022767104,-0.602627280758792));
#6803=DIRECTION('',(0.642787609686544,0.,-0.766044443118974));
#6804=DIRECTION('',(0.,1.,0.));
#6805=DIRECTION('',(0.,-1.,0.));
#6806=DIRECTION('',(0.718183226839561,0.347927022767101,0.602627280758793));
#6807=DIRECTION('',(0.642787609686545,-0.663413948168934,-0.383022221559488));
#6808=DIRECTION('',(0.,0.5,-0.866025403784438));
#6809=DIRECTION('',(-0.718183226839561,-0.695854045534202,-1.61932983787763E-15));
#6810=DIRECTION('',(0.,-0.5,0.866025403784438));
#6811=DIRECTION('',(0.642787609686544,-0.663413948168935,0.383022221559488));
#6812=DIRECTION('',(0.,-0.5,-0.866025403784439));
#6813=DIRECTION('',(-0.718183226839561,-0.347927022767098,0.602627280758795));
#6814=DIRECTION('',(0.,0.5,0.866025403784439));
#6815=DIRECTION('',(0.642787609686546,0.,0.766044443118973));
#6816=DIRECTION('',(0.,-1.,0.));
#6817=DIRECTION('',(-0.718183226839561,0.347927022767099,0.602627280758795));
#6818=DIRECTION('',(0.,1.,0.));
#6819=DIRECTION('',(0.642787609686545,0.663413948168935,0.383022221559488));
#6820=DIRECTION('',(0.,-0.5,0.866025403784438));
#6821=DIRECTION('',(0.,0.5,-0.866025403784438));
#6822=DIRECTION('',(-1.,0.,0.));
#6823=DIRECTION('',(0.,0.,1.));
#6824=DIRECTION('',(-1.,0.,0.));
#6825=DIRECTION('',(0.,0.,-1.));
#6826=DIRECTION('',(-1.,0.,0.));
#6827=DIRECTION('',(0.,0.,1.));
#6828=DIRECTION('',(-1.,0.,0.));
#6829=DIRECTION('',(0.,0.,-1.));
#6830=DIRECTION('',(0.866025403784438,0.5,0.));
#6831=DIRECTION('',(0.5,-0.866025403784438,0.));
#6832=DIRECTION('',(0.866025403784438,0.5,0.));
#6833=DIRECTION('',(-0.5,0.866025403784438,0.));
#6834=DIRECTION('',(-0.492403876506105,0.852868531952443,0.173648177666931));
#6835=DIRECTION('',(0.,0.,-1.));
#6836=DIRECTION('',(0.492403876506105,-0.852868531952443,0.173648177666931));
#6837=DIRECTION('',(0.,0.,1.));
#6838=DIRECTION('',(0.866025403784438,0.5,0.));
#6839=DIRECTION('',(0.,0.,1.));
#6840=DIRECTION('',(0.866025403784438,0.5,0.));
#6841=DIRECTION('',(0.,0.,1.));
#6842=DIRECTION('',(0.866025403784438,0.5,0.));
#6843=DIRECTION('',(0.866025403784438,0.5,0.));
#6844=DIRECTION('',(0.,0.,-1.));
#6845=DIRECTION('',(-0.866025403784438,-0.5,0.));
#6846=DIRECTION('',(0.5,-0.866025403784438,0.));
#6847=DIRECTION('',(0.866025403784438,0.5,0.));
#6848=DIRECTION('',(0.,0.,-1.));
#6849=DIRECTION('',(0.866025403784438,0.5,0.));
#6850=DIRECTION('',(0.866025403784438,0.5,0.));
#6851=DIRECTION('',(-0.866025403784438,-0.5,0.));
#6852=DIRECTION('',(0.5,-0.866025403784438,0.));
#6853=DIRECTION('',(-0.866025403784438,-0.5,0.));
#6854=DIRECTION('',(0.,0.,1.));
#6855=DIRECTION('',(0.866025403784438,0.5,0.));
#6856=DIRECTION('',(-0.866025403784438,-0.5,0.));
#6857=DIRECTION('',(0.,0.,1.));
#6858=DIRECTION('',(0.866025403784438,0.5,0.));
#6859=DIRECTION('',(0.,0.,-1.));
#6860=DIRECTION('',(0.866025403784438,0.5,0.));
#6861=DIRECTION('',(0.,0.,1.));
#6862=DIRECTION('',(0.866025403784438,0.5,0.));
#6863=DIRECTION('',(0.,0.,1.));
#6864=DIRECTION('',(0.866025403784438,0.5,0.));
#6865=DIRECTION('',(-0.866025403784438,-0.5,0.));
#6866=DIRECTION('',(0.,0.,1.));
#6867=DIRECTION('',(0.866025403784438,0.5,0.));
#6868=DIRECTION('',(0.,0.,-1.));
#6869=DIRECTION('',(-0.866025403784438,-0.5,0.));
#6870=DIRECTION('',(0.866025403784438,0.5,0.));
#6871=DIRECTION('',(0.,0.,-1.));
#6872=DIRECTION('',(-0.866025403784438,-0.5,0.));
#6873=DIRECTION('',(0.,0.,1.));
#6874=DIRECTION('',(0.866025403784438,0.5,0.));
#6875=DIRECTION('',(-0.672324040093587,0.740256972349628,0.));
#6876=DIRECTION('',(-0.740256972349628,-0.672324040093587,0.));
#6877=DIRECTION('',(0.,0.,1.));
#6878=DIRECTION('',(0.866025403784438,0.5,0.));
#6879=DIRECTION('',(0.,0.,1.));
#6880=DIRECTION('',(0.866025403784438,0.5,0.));
#6881=DIRECTION('',(0.,0.,1.));
#6882=DIRECTION('',(0.866025403784438,0.5,0.));
#6883=DIRECTION('',(-0.560806525926301,0.827946882643128,7.16979201485492E-15));
#6884=DIRECTION('',(-0.827946882643128,-0.560806525926301,0.));
#6885=DIRECTION('',(0.,0.,1.));
#6886=DIRECTION('',(0.866025403784438,0.5,0.));
#6887=DIRECTION('',(0.,0.,1.));
#6888=DIRECTION('',(0.866025403784438,0.5,0.));
#6889=DIRECTION('',(0.,0.,-1.));
#6890=DIRECTION('',(0.866025403784438,0.5,0.));
#6891=DIRECTION('',(0.,0.,1.));
#6892=DIRECTION('',(0.866025403784438,0.5,0.));
#6893=DIRECTION('',(0.,0.,1.));
#6894=DIRECTION('',(0.866025403784438,0.5,0.));
#6895=DIRECTION('',(0.,0.,-1.));
#6896=DIRECTION('',(-0.866025403784438,-0.5,0.));
#6897=DIRECTION('',(3.10395578251479E-17,1.79206970658762E-17,-1.));
#6898=DIRECTION('',(0.,0.,1.));
#6899=DIRECTION('',(0.866025403784438,0.5,0.));
#6900=DIRECTION('',(0.,0.,-1.));
#6901=DIRECTION('',(0.,0.,1.));
#6902=DIRECTION('',(0.866025403784438,0.5,0.));
#6903=DIRECTION('',(0.,0.,1.));
#6904=DIRECTION('',(0.866025403784438,0.5,0.));
#6905=DIRECTION('',(0.,0.,1.));
#6906=DIRECTION('',(0.866025403784438,0.5,0.));
#6907=DIRECTION('',(0.,0.,1.));
#6908=DIRECTION('',(0.866025403784438,0.5,0.));
#6909=DIRECTION('',(0.,0.,1.));
#6910=DIRECTION('',(0.866025403784438,0.5,0.));
#6911=DIRECTION('',(0.,0.,1.));
#6912=DIRECTION('',(0.866025403784438,0.5,0.));
#6913=DIRECTION('',(0.,0.,1.));
#6914=DIRECTION('',(0.866025403784438,0.5,0.));
#6915=DIRECTION('',(0.,0.,1.));
#6916=DIRECTION('',(0.866025403784438,0.5,0.));
#6917=DIRECTION('',(0.665255428295559,-0.746615841730734,0.));
#6918=DIRECTION('',(0.746615841730734,0.665255428295559,0.));
#6919=DIRECTION('',(0.,0.,-1.));
#6920=DIRECTION('',(0.866025403784438,0.5,0.));
#6921=DIRECTION('',(0.,0.,1.));
#6922=DIRECTION('',(0.866025403784438,0.5,0.));
#6923=DIRECTION('',(0.,0.,1.));
#6924=DIRECTION('',(0.866025403784438,0.5,0.));
#6925=DIRECTION('',(0.,0.,1.));
#6926=DIRECTION('',(0.866025403784438,0.5,0.));
#6927=DIRECTION('',(-0.866025403784438,-0.5,0.));
#6928=DIRECTION('',(0.,0.,1.));
#6929=DIRECTION('',(0.866025403784438,0.5,0.));
#6930=DIRECTION('',(0.,0.,1.));
#6931=DIRECTION('',(0.866025403784438,0.5,0.));
#6932=DIRECTION('',(0.560806525926301,-0.827946882643128,7.16979201485492E-15));
#6933=DIRECTION('',(-0.827946882643128,-0.560806525926301,0.));
#6934=DIRECTION('',(0.,0.,-1.));
#6935=DIRECTION('',(0.866025403784438,0.5,0.));
#6936=DIRECTION('',(0.672324040093587,-0.740256972349628,0.));
#6937=DIRECTION('',(-0.740256972349628,-0.672324040093587,0.));
#6938=DIRECTION('',(0.,0.,1.));
#6939=DIRECTION('',(0.866025403784438,0.5,0.));
#6940=DIRECTION('',(0.,0.,-1.));
#6941=DIRECTION('',(0.866025403784438,0.5,0.));
#6942=DIRECTION('',(-0.866025403784438,-0.5,0.));
#6943=DIRECTION('',(0.,0.,1.));
#6944=DIRECTION('',(0.,0.,1.));
#6945=DIRECTION('',(0.866025403784438,0.5,0.));
#6946=DIRECTION('',(-0.866025403784438,-0.5,0.));
#6947=DIRECTION('',(0.,0.,-1.));
#6948=DIRECTION('',(-0.866025403784438,-0.5,0.));
#6949=DIRECTION('',(0.,0.,1.));
#6950=DIRECTION('',(-0.866025403784438,-0.5,0.));
#6951=DIRECTION('',(0.,0.,-1.));
#6952=DIRECTION('',(0.866025403784438,0.5,0.));
#6953=DIRECTION('',(-0.665255428295559,0.746615841730734,0.));
#6954=DIRECTION('',(0.746615841730734,0.665255428295559,0.));
#6955=DIRECTION('',(0.,0.,1.));
#6956=DIRECTION('',(0.866025403784438,0.5,0.));
#6957=DIRECTION('',(0.,0.,-1.));
#6958=DIRECTION('',(-0.866025403784438,-0.5,0.));
#6959=DIRECTION('',(0.,0.,-1.));
#6960=DIRECTION('',(4.30096729581028E-16,-7.4494938780355E-16,-1.));
#6961=DIRECTION('',(0.5,-0.866025403784438,8.60193459162053E-16));
#6962=DIRECTION('',(4.30096729581028E-16,-7.4494938780355E-16,-1.));
#6963=DIRECTION('',(0.,0.,-1.));
#6964=DIRECTION('',(-0.866025403784438,-0.5,0.));
#6965=DIRECTION('',(-0.0868240888334655,0.150383733180435,0.984807753012208));
#6966=DIRECTION('',(-0.492403876506105,0.852868531952443,-0.17364817766693));
#6967=DIRECTION('',(0.5,-0.866025403784438,0.));
#6968=DIRECTION('',(0.,0.,-1.));
#6969=DIRECTION('',(0.,0.,-1.));
#6970=DIRECTION('',(0.866025403784438,0.5,1.38777878078145E-17));
#6971=DIRECTION('',(0.,0.,-1.));
#6972=DIRECTION('',(0.,0.,-1.));
#6973=DIRECTION('',(-0.866025403784438,-0.5,0.));
#6974=DIRECTION('',(0.,0.,-1.));
#6975=DIRECTION('',(0.0583737307297773,-0.101106267451319,-0.993161633493134));
#6976=DIRECTION('',(-0.496580816746567,0.860103204669104,-0.116747461459554));
#6977=DIRECTION('',(0.,0.,-1.));
#6978=DIRECTION('',(-0.866025403784438,-0.5,0.));
#6979=DIRECTION('',(0.,0.,-1.));
#6980=DIRECTION('',(0.0896266846039123,-0.155237971447927,-0.98380294247763));
#6981=DIRECTION('',(-0.491901471238816,0.851998340503508,-0.179253369207824));
#6982=DIRECTION('',(0.,0.,1.));
#6983=DIRECTION('',(0.0896266846039123,-0.155237971447927,0.98380294247763));
#6984=DIRECTION('',(0.491901471238816,-0.851998340503508,-0.179253369207824));
#6985=DIRECTION('',(0.,0.,-1.));
#6986=DIRECTION('',(0.866025403784438,0.5,0.));
#6987=DIRECTION('',(-0.60918119013712,0.793031069746402,0.));
#6988=DIRECTION('',(0.793031069746402,0.60918119013712,0.));
#6989=DIRECTION('',(0.,0.,1.));
#6990=DIRECTION('',(0.866025403784438,0.5,0.));
#6991=DIRECTION('',(0.,0.,1.));
#6992=DIRECTION('',(0.866025403784438,0.5,0.));
#6993=DIRECTION('',(0.,0.,1.));
#6994=DIRECTION('',(0.866025403784438,0.5,0.));
#6995=DIRECTION('',(0.,0.,1.));
#6996=DIRECTION('',(0.866025403784438,0.5,0.));
#6997=DIRECTION('',(0.,0.,-1.));
#6998=DIRECTION('',(0.60918119013712,-0.793031069746402,0.));
#6999=DIRECTION('',(0.793031069746402,0.60918119013712,0.));
#7000=DIRECTION('',(0.,0.,1.));
#7001=DIRECTION('',(0.866025403784438,0.5,0.));
#7002=DIRECTION('',(0.,0.,1.));
#7003=DIRECTION('',(0.866025403784438,0.5,0.));
#7004=DIRECTION('',(0.,0.,-1.));
#7005=DIRECTION('',(-0.866025403784438,-0.5,0.));
#7006=DIRECTION('',(0.0583737307297773,-0.101106267451319,-0.993161633493134));
#7007=DIRECTION('',(-0.496580816746568,0.860103204669103,-0.116747461459554));
#7008=DIRECTION('',(0.,0.,-1.));
#7009=DIRECTION('',(0.,0.,1.));
#7010=DIRECTION('',(-0.866025403784438,-0.5,0.));
#7011=DIRECTION('',(0.0868240888334655,-0.150383733180435,0.984807753012208));
#7012=DIRECTION('',(-0.492403876506105,0.852868531952443,0.17364817766693));
#7013=DIRECTION('',(0.,0.,1.));
#7014=DIRECTION('',(-0.866025403784438,-0.5,0.));
#7015=DIRECTION('',(0.,0.,1.));
#7016=DIRECTION('',(0.0583737307297773,-0.101106267451319,0.993161633493134));
#7017=DIRECTION('',(-0.496580816746567,0.860103204669104,0.116747461459554));
#7018=DIRECTION('',(0.5,-0.866025403784438,0.));
#7019=DIRECTION('',(0.,0.,1.));
#7020=DIRECTION('',(0.,0.,1.));
#7021=DIRECTION('',(0.866025403784438,0.5,-1.38777878078145E-17));
#7022=DIRECTION('',(0.,0.,1.));
#7023=DIRECTION('',(-0.866025403784438,-0.5,0.));
#7024=DIRECTION('',(0.,0.,1.));
#7025=DIRECTION('',(0.0583737307297773,-0.101106267451319,0.993161633493134));
#7026=DIRECTION('',(-0.496580816746568,0.860103204669103,0.116747461459554));
#7027=DIRECTION('',(0.,0.,-1.));
#7028=DIRECTION('',(-0.866025403784438,-0.5,0.));
#7029=DIRECTION('',(0.0845767068980322,-0.146491153484253,0.985589733408956));
#7030=DIRECTION('',(0.492794866704479,-0.853545746841288,-0.169153413796064));
#7031=DIRECTION('',(0.0845767068980322,-0.146491153484253,-0.985589733408956));
#7032=DIRECTION('',(-0.492794866704479,0.853545746841288,-0.169153413796064));
#7033=DIRECTION('',(-0.866025403784438,-0.5,0.));
#7034=DIRECTION('',(0.,0.,1.));
#7035=DIRECTION('',(-0.866025403784438,-0.5,0.));
#7036=DIRECTION('',(-0.5,0.866025403784438,0.));
#7037=DIRECTION('',(-0.866025403784438,-0.5,0.));
#7038=DIRECTION('',(-0.5,0.866025403784438,0.));
#7039=DIRECTION('',(-0.0868240888334655,0.150383733180435,0.984807753012208));
#7040=DIRECTION('',(0.492403876506105,-0.852868531952443,0.17364817766693));
#7041=DIRECTION('',(0.492403876506105,-0.852868531952443,0.173648177666931));
#7042=DIRECTION('',(-0.0868240888334655,0.150383733180435,0.984807753012208));
#7043=DIRECTION('',(-0.492403876506105,0.852868531952443,-0.17364817766693));
#7044=DIRECTION('',(-0.0868240888334655,0.150383733180435,0.984807753012208));
#7045=DIRECTION('',(-0.492403876506105,0.852868531952443,-0.17364817766693));
#7046=DIRECTION('',(0.866025403784438,0.5,-2.90663784718747E-19));
#7047=DIRECTION('',(-0.0868240888334655,0.150383733180435,0.984807753012208));
#7048=DIRECTION('',(-0.492403876506105,0.852868531952443,-0.17364817766693));
#7049=DIRECTION('',(-0.0868240888334655,0.150383733180435,0.984807753012208));
#7050=DIRECTION('',(-0.492403876506105,0.852868531952443,-0.17364817766693));
#7051=DIRECTION('',(-0.0868240888334655,0.150383733180435,-0.984807753012208));
#7052=DIRECTION('',(0.492403876506105,-0.852868531952443,-0.17364817766693));
#7053=DIRECTION('',(-0.0868240888334655,0.150383733180435,-0.984807753012208));
#7054=DIRECTION('',(0.492403876506105,-0.852868531952443,-0.17364817766693));
#7055=DIRECTION('',(-0.0868240888334655,0.150383733180435,-0.984807753012208));
#7056=DIRECTION('',(-0.492403876506105,0.852868531952443,0.17364817766693));
#7057=DIRECTION('',(0.866025403784438,0.5,2.90663784718747E-19));
#7058=DIRECTION('',(-0.0868240888334655,0.150383733180435,-0.984807753012208));
#7059=DIRECTION('',(-0.492403876506105,0.852868531952443,0.17364817766693));
#7060=DIRECTION('',(-0.0868240888334655,0.150383733180435,-0.984807753012208));
#7061=DIRECTION('',(0.492403876506105,-0.852868531952443,-0.17364817766693));
#7062=DIRECTION('',(-0.492403876506105,0.852868531952443,0.173648177666931));
#7063=DIRECTION('',(0.,0.,1.));
#7064=DIRECTION('',(0.866025403784438,-0.5,0.));
#7065=DIRECTION('',(0.,0.,-1.));
#7066=DIRECTION('',(0.866025403784438,-0.5,0.));
#7067=DIRECTION('',(-0.866025403784438,0.5,0.));
#7068=DIRECTION('',(0.,0.,-1.));
#7069=DIRECTION('',(0.,0.,-1.));
#7070=DIRECTION('',(0.866025403784438,-0.5,0.));
#7071=DIRECTION('',(-0.866025403784438,0.5,0.));
#7072=DIRECTION('',(0.5,0.866025403784438,0.));
#7073=DIRECTION('',(-0.866025403784438,0.5,0.));
#7074=DIRECTION('',(0.,0.,-1.));
#7075=DIRECTION('',(0.866025403784438,-0.5,0.));
#7076=DIRECTION('',(0.866025403784438,-0.5,0.));
#7077=DIRECTION('',(-0.866025403784438,0.5,0.));
#7078=DIRECTION('',(0.5,0.866025403784438,0.));
#7079=DIRECTION('',(0.866025403784438,-0.5,0.));
#7080=DIRECTION('',(0.,0.,1.));
#7081=DIRECTION('',(0.866025403784438,-0.5,0.));
#7082=DIRECTION('',(0.866025403784438,-0.5,0.));
#7083=DIRECTION('',(0.,0.,1.));
#7084=DIRECTION('',(0.866025403784438,-0.5,0.));
#7085=DIRECTION('',(0.,0.,-1.));
#7086=DIRECTION('',(0.866025403784438,-0.5,0.));
#7087=DIRECTION('',(0.,0.,-1.));
#7088=DIRECTION('',(0.866025403784438,-0.5,0.));
#7089=DIRECTION('',(0.,0.,-1.));
#7090=DIRECTION('',(0.866025403784438,-0.5,0.));
#7091=DIRECTION('',(-0.866025403784438,0.5,0.));
#7092=DIRECTION('',(0.,0.,1.));
#7093=DIRECTION('',(-0.866025403784438,0.5,0.));
#7094=DIRECTION('',(0.,0.,-1.));
#7095=DIRECTION('',(-0.866025403784438,0.5,0.));
#7096=DIRECTION('',(-0.866025403784438,0.5,0.));
#7097=DIRECTION('',(0.,0.,-1.));
#7098=DIRECTION('',(-0.866025403784438,0.5,0.));
#7099=DIRECTION('',(0.,0.,1.));
#7100=DIRECTION('',(0.866025403784438,-0.5,0.));
#7101=DIRECTION('',(0.672324040093587,0.740256972349628,0.));
#7102=DIRECTION('',(-0.740256972349628,0.672324040093587,0.));
#7103=DIRECTION('',(0.,0.,-1.));
#7104=DIRECTION('',(0.866025403784438,-0.5,0.));
#7105=DIRECTION('',(0.,0.,-1.));
#7106=DIRECTION('',(0.866025403784438,-0.5,0.));
#7107=DIRECTION('',(0.,0.,1.));
#7108=DIRECTION('',(0.866025403784438,-0.5,0.));
#7109=DIRECTION('',(0.560806525926301,0.827946882643128,-7.16979201485492E-15));
#7110=DIRECTION('',(-0.827946882643128,0.560806525926301,0.));
#7111=DIRECTION('',(0.,0.,-1.));
#7112=DIRECTION('',(0.866025403784438,-0.5,0.));
#7113=DIRECTION('',(0.,0.,-1.));
#7114=DIRECTION('',(0.866025403784438,-0.5,0.));
#7115=DIRECTION('',(0.,0.,-1.));
#7116=DIRECTION('',(0.866025403784438,-0.5,0.));
#7117=DIRECTION('',(0.,0.,-1.));
#7118=DIRECTION('',(0.866025403784438,-0.5,0.));
#7119=DIRECTION('',(0.,0.,-1.));
#7120=DIRECTION('',(0.866025403784438,-0.5,0.));
#7121=DIRECTION('',(0.,0.,-1.));
#7122=DIRECTION('',(-0.866025403784438,0.5,0.));
#7123=DIRECTION('',(3.10395578251479E-17,-1.79206970658762E-17,-1.));
#7124=DIRECTION('',(0.,0.,-1.));
#7125=DIRECTION('',(0.,0.,-1.));
#7126=DIRECTION('',(0.866025403784438,-0.5,0.));
#7127=DIRECTION('',(0.,0.,1.));
#7128=DIRECTION('',(0.866025403784438,-0.5,0.));
#7129=DIRECTION('',(0.,0.,-1.));
#7130=DIRECTION('',(0.866025403784438,-0.5,0.));
#7131=DIRECTION('',(0.,0.,1.));
#7132=DIRECTION('',(0.866025403784438,-0.5,0.));
#7133=DIRECTION('',(0.,0.,-1.));
#7134=DIRECTION('',(0.866025403784438,-0.5,0.));
#7135=DIRECTION('',(0.,0.,-1.));
#7136=DIRECTION('',(0.866025403784438,-0.5,0.));
#7137=DIRECTION('',(0.,0.,-1.));
#7138=DIRECTION('',(0.866025403784438,-0.5,0.));
#7139=DIRECTION('',(0.,0.,1.));
#7140=DIRECTION('',(0.866025403784438,-0.5,0.));
#7141=DIRECTION('',(-0.665255428295559,-0.746615841730734,0.));
#7142=DIRECTION('',(0.746615841730734,-0.665255428295559,0.));
#7143=DIRECTION('',(0.,0.,-1.));
#7144=DIRECTION('',(0.866025403784438,-0.5,0.));
#7145=DIRECTION('',(0.,0.,-1.));
#7146=DIRECTION('',(0.866025403784438,-0.5,0.));
#7147=DIRECTION('',(0.,0.,-1.));
#7148=DIRECTION('',(0.866025403784438,-0.5,0.));
#7149=DIRECTION('',(0.,0.,-1.));
#7150=DIRECTION('',(0.866025403784438,-0.5,0.));
#7151=DIRECTION('',(0.,0.,-1.));
#7152=DIRECTION('',(0.866025403784438,-0.5,0.));
#7153=DIRECTION('',(0.,0.,-1.));
#7154=DIRECTION('',(0.866025403784438,-0.5,0.));
#7155=DIRECTION('',(-0.866025403784438,0.5,0.));
#7156=DIRECTION('',(0.,0.,-1.));
#7157=DIRECTION('',(0.866025403784438,-0.5,0.));
#7158=DIRECTION('',(-0.560806525926301,-0.827946882643128,-7.16979201485492E-15));
#7159=DIRECTION('',(-0.827946882643128,0.560806525926301,0.));
#7160=DIRECTION('',(0.,0.,-1.));
#7161=DIRECTION('',(0.866025403784438,-0.5,0.));
#7162=DIRECTION('',(0.,0.,-1.));
#7163=DIRECTION('',(0.866025403784438,-0.5,0.));
#7164=DIRECTION('',(-0.672324040093587,-0.740256972349628,0.));
#7165=DIRECTION('',(-0.740256972349628,0.672324040093587,0.));
#7166=DIRECTION('',(0.,0.,-1.));
#7167=DIRECTION('',(0.866025403784438,-0.5,0.));
#7168=DIRECTION('',(0.,0.,-1.));
#7169=DIRECTION('',(0.866025403784438,-0.5,0.));
#7170=DIRECTION('',(0.866025403784438,-0.5,0.));
#7171=DIRECTION('',(0.,0.,1.));
#7172=DIRECTION('',(-0.866025403784438,0.5,0.));
#7173=DIRECTION('',(0.,0.,-1.));
#7174=DIRECTION('',(-0.866025403784438,0.5,0.));
#7175=DIRECTION('',(0.866025403784438,-0.5,0.));
#7176=DIRECTION('',(0.,0.,1.));
#7177=DIRECTION('',(0.,0.,-1.));
#7178=DIRECTION('',(0.866025403784438,-0.5,0.));
#7179=DIRECTION('',(0.,0.,-1.));
#7180=DIRECTION('',(0.866025403784438,-0.5,0.));
#7181=DIRECTION('',(0.665255428295559,0.746615841730734,0.));
#7182=DIRECTION('',(0.746615841730734,-0.665255428295559,0.));
#7183=DIRECTION('',(0.,0.,-1.));
#7184=DIRECTION('',(-0.866025403784438,0.5,0.));
#7185=DIRECTION('',(0.,0.,-1.));
#7186=DIRECTION('',(4.30096729581028E-16,7.4494938780355E-16,-1.));
#7187=DIRECTION('',(0.5,0.866025403784438,8.60193459162053E-16));
#7188=DIRECTION('',(4.30096729581028E-16,7.4494938780355E-16,-1.));
#7189=DIRECTION('',(0.,0.,-1.));
#7190=DIRECTION('',(-0.866025403784438,0.5,0.));
#7191=DIRECTION('',(0.0868240888334655,0.150383733180435,-0.984807753012208));
#7192=DIRECTION('',(-0.492403876506105,-0.852868531952443,-0.17364817766693));
#7193=DIRECTION('',(0.5,0.866025403784438,0.));
#7194=DIRECTION('',(0.,0.,-1.));
#7195=DIRECTION('',(0.,0.,-1.));
#7196=DIRECTION('',(0.866025403784438,-0.5,1.38777878078145E-17));
#7197=DIRECTION('',(0.,0.,-1.));
#7198=DIRECTION('',(0.,0.,-1.));
#7199=DIRECTION('',(-0.866025403784438,0.5,0.));
#7200=DIRECTION('',(0.0583737307297773,0.101106267451319,-0.993161633493134));
#7201=DIRECTION('',(-0.496580816746567,-0.860103204669104,-0.116747461459554));
#7202=DIRECTION('',(0.,0.,-1.));
#7203=DIRECTION('',(-0.866025403784438,0.5,0.));
#7204=DIRECTION('',(0.,0.,1.));
#7205=DIRECTION('',(-0.866025403784438,0.5,0.));
#7206=DIRECTION('',(-0.5,-0.866025403784438,0.));
#7207=DIRECTION('',(-0.866025403784438,0.5,0.));
#7208=DIRECTION('',(-0.5,-0.866025403784438,0.));
#7209=DIRECTION('',(0.,0.,-1.));
#7210=DIRECTION('',(0.,0.,-1.));
#7211=DIRECTION('',(0.866025403784438,-0.5,0.));
#7212=DIRECTION('',(0.,0.,-1.));
#7213=DIRECTION('',(0.866025403784438,-0.5,0.));
#7214=DIRECTION('',(0.60918119013712,0.793031069746402,0.));
#7215=DIRECTION('',(0.793031069746402,-0.60918119013712,0.));
#7216=DIRECTION('',(0.,0.,-1.));
#7217=DIRECTION('',(0.866025403784438,-0.5,0.));
#7218=DIRECTION('',(0.,0.,1.));
#7219=DIRECTION('',(0.866025403784438,-0.5,0.));
#7220=DIRECTION('',(0.,0.,-1.));
#7221=DIRECTION('',(0.,0.,-1.));
#7222=DIRECTION('',(0.866025403784438,-0.5,0.));
#7223=DIRECTION('',(-0.60918119013712,-0.793031069746402,0.));
#7224=DIRECTION('',(0.793031069746402,-0.60918119013712,0.));
#7225=DIRECTION('',(0.,0.,1.));
#7226=DIRECTION('',(0.866025403784438,-0.5,0.));
#7227=DIRECTION('',(0.,0.,-1.));
#7228=DIRECTION('',(0.866025403784438,-0.5,0.));
#7229=DIRECTION('',(0.,0.,-1.));
#7230=DIRECTION('',(-0.866025403784438,0.5,0.));
#7231=DIRECTION('',(0.,0.,-1.));
#7232=DIRECTION('',(0.0583737307297773,0.101106267451319,-0.993161633493134));
#7233=DIRECTION('',(-0.496580816746568,-0.860103204669103,-0.116747461459554));
#7234=DIRECTION('',(0.,0.,1.));
#7235=DIRECTION('',(-0.866025403784438,0.5,0.));
#7236=DIRECTION('',(-0.0868240888334655,-0.150383733180435,-0.984807753012208));
#7237=DIRECTION('',(-0.492403876506105,-0.852868531952443,0.17364817766693));
#7238=DIRECTION('',(0.,0.,-1.));
#7239=DIRECTION('',(-0.866025403784438,0.5,0.));
#7240=DIRECTION('',(0.0896266846039123,0.155237971447927,0.98380294247763));
#7241=DIRECTION('',(0.491901471238816,0.851998340503508,-0.179253369207824));
#7242=DIRECTION('',(0.,0.,1.));
#7243=DIRECTION('',(0.0896266846039123,0.155237971447927,-0.98380294247763));
#7244=DIRECTION('',(-0.491901471238816,-0.851998340503508,-0.179253369207824));
#7245=DIRECTION('',(0.,0.,1.));
#7246=DIRECTION('',(-0.866025403784438,0.5,0.));
#7247=DIRECTION('',(0.0583737307297773,0.101106267451319,0.993161633493134));
#7248=DIRECTION('',(-0.496580816746567,-0.860103204669104,0.116747461459554));
#7249=DIRECTION('',(0.,0.,1.));
#7250=DIRECTION('',(0.5,0.866025403784438,0.));
#7251=DIRECTION('',(0.,0.,1.));
#7252=DIRECTION('',(0.866025403784438,-0.5,-1.38777878078145E-17));
#7253=DIRECTION('',(0.,0.,1.));
#7254=DIRECTION('',(0.,0.,1.));
#7255=DIRECTION('',(-0.866025403784438,0.5,0.));
#7256=DIRECTION('',(0.0583737307297773,0.101106267451319,0.993161633493134));
#7257=DIRECTION('',(-0.496580816746568,-0.860103204669103,0.116747461459554));
#7258=DIRECTION('',(0.,0.,1.));
#7259=DIRECTION('',(0.,0.,-1.));
#7260=DIRECTION('',(-0.866025403784438,0.5,0.));
#7261=DIRECTION('',(0.,0.,-1.));
#7262=DIRECTION('',(0.0845767068980322,0.146491153484253,-0.985589733408956));
#7263=DIRECTION('',(-0.492794866704479,-0.853545746841288,-0.169153413796064));
#7264=DIRECTION('',(0.0845767068980322,0.146491153484253,0.985589733408956));
#7265=DIRECTION('',(0.492794866704479,0.853545746841288,-0.169153413796064));
#7266=DIRECTION('',(-0.0868240888334655,-0.150383733180435,0.984807753012208));
#7267=DIRECTION('',(0.492403876506105,0.852868531952443,0.17364817766693));
#7268=DIRECTION('',(-0.0868240888334655,-0.150383733180435,0.984807753012208));
#7269=DIRECTION('',(-0.492403876506105,-0.852868531952443,-0.17364817766693));
#7270=DIRECTION('',(0.492403876506105,0.852868531952443,0.173648177666931));
#7271=DIRECTION('',(-0.0868240888334655,-0.150383733180435,0.984807753012208));
#7272=DIRECTION('',(-0.492403876506105,-0.852868531952443,-0.17364817766693));
#7273=DIRECTION('',(-0.0868240888334655,-0.150383733180435,0.984807753012208));
#7274=DIRECTION('',(-0.492403876506105,-0.852868531952443,-0.17364817766693));
#7275=DIRECTION('',(0.866025403784438,-0.5,-2.90663784718747E-19));
#7276=DIRECTION('',(-0.0868240888334655,-0.150383733180435,0.984807753012208));
#7277=DIRECTION('',(-0.492403876506105,-0.852868531952443,-0.17364817766693));
#7278=DIRECTION('',(-0.0868240888334655,-0.150383733180435,-0.984807753012208));
#7279=DIRECTION('',(0.492403876506105,0.852868531952443,-0.17364817766693));
#7280=DIRECTION('',(0.492403876506105,0.852868531952443,-0.173648177666931));
#7281=DIRECTION('',(-0.0868240888334655,-0.150383733180435,-0.984807753012208));
#7282=DIRECTION('',(0.492403876506105,0.852868531952443,-0.17364817766693));
#7283=DIRECTION('',(-0.0868240888334655,-0.150383733180435,-0.984807753012208));
#7284=DIRECTION('',(-0.492403876506105,-0.852868531952443,0.17364817766693));
#7285=DIRECTION('',(0.866025403784438,-0.5,2.90663784718747E-19));
#7286=DIRECTION('',(-0.0868240888334655,-0.150383733180435,-0.984807753012208));
#7287=DIRECTION('',(-0.492403876506105,-0.852868531952443,0.17364817766693));
#7288=DIRECTION('',(-0.0868240888334655,-0.150383733180435,-0.984807753012208));
#7289=DIRECTION('',(0.492403876506105,0.852868531952443,-0.17364817766693));
#7290=DIRECTION('',(0.866025403784438,-0.5,0.));
#7291=DIRECTION('',(0.5,0.866025403784438,0.));
#7292=DIRECTION('',(0.866025403784438,-0.5,0.));
#7293=DIRECTION('',(-0.5,-0.866025403784438,0.));
#7294=DIRECTION('',(0.492403876506105,0.852868531952443,0.173648177666931));
#7295=DIRECTION('',(0.492403876506105,0.852868531952443,-0.173648177666931));
#7296=DIRECTION('',(-1.,0.,0.));
#7297=DIRECTION('',(0.,0.,1.));
#7298=DIRECTION('',(1.,0.,0.));
#7299=DIRECTION('',(0.,0.,-1.));
#7300=DIRECTION('',(-1.,0.,0.));
#7301=DIRECTION('',(0.,0.,1.));
#7302=DIRECTION('',(1.,0.,0.));
#7303=DIRECTION('',(0.,0.,-1.));
#7304=DIRECTION('',(1.,0.,0.));
#7305=DIRECTION('',(0.,0.,-1.));
#7306=DIRECTION('',(-1.,0.,0.));
#7307=DIRECTION('',(0.,0.,1.));
#7308=DIRECTION('',(1.,0.,0.));
#7309=DIRECTION('',(0.,0.,-1.));
#7310=DIRECTION('',(-1.,0.,0.));
#7311=DIRECTION('',(0.,0.,1.));
#7312=DIRECTION('',(1.,0.,0.));
#7313=DIRECTION('',(0.,0.,-1.));
#7314=DIRECTION('',(-1.,0.,0.));
#7315=DIRECTION('',(0.,0.,1.));
#7316=DIRECTION('',(1.,0.,0.));
#7317=DIRECTION('',(0.,0.,-1.));
#7318=DIRECTION('',(-1.,0.,0.));
#7319=DIRECTION('',(0.,0.,1.));
#7320=DIRECTION('',(1.,0.,0.));
#7321=DIRECTION('',(0.,0.,-1.));
#7322=DIRECTION('',(-1.,0.,0.));
#7323=DIRECTION('',(0.,0.,1.));
#7324=DIRECTION('',(1.,0.,0.));
#7325=DIRECTION('',(0.,0.,-1.));
#7326=DIRECTION('',(-1.,0.,0.));
#7327=DIRECTION('',(0.,0.,1.));
#7328=DIRECTION('',(1.,0.,0.));
#7329=DIRECTION('',(0.,0.,-1.));
#7330=DIRECTION('',(-1.,0.,0.));
#7331=DIRECTION('',(0.,0.,1.));
#7332=DIRECTION('',(1.,0.,0.));
#7333=DIRECTION('',(0.,0.,-1.));
#7334=DIRECTION('',(-1.,0.,0.));
#7335=DIRECTION('',(0.,0.,1.));
#7336=DIRECTION('',(1.,0.,0.));
#7337=DIRECTION('',(0.,0.,-1.));
#7338=DIRECTION('',(-1.,0.,0.));
#7339=DIRECTION('',(0.,0.,1.));
#7340=DIRECTION('',(1.,0.,0.));
#7341=DIRECTION('',(0.,0.,-1.));
#7342=DIRECTION('',(-1.,0.,0.));
#7343=DIRECTION('',(0.,0.,1.));
#7344=DIRECTION('',(1.,0.,0.));
#7345=DIRECTION('',(0.,0.,-1.));
#7346=DIRECTION('',(-1.,0.,0.));
#7347=DIRECTION('',(0.,0.,1.));
#7348=DIRECTION('',(1.,0.,0.));
#7349=DIRECTION('',(0.,0.,-1.));
#7350=DIRECTION('',(-1.,0.,0.));
#7351=DIRECTION('',(0.,0.,1.));
#7352=DIRECTION('',(1.,0.,0.));
#7353=DIRECTION('',(0.,0.,-1.));
#7354=DIRECTION('',(-1.,0.,0.));
#7355=DIRECTION('',(0.,0.,1.));
#7356=DIRECTION('',(1.,0.,0.));
#7357=DIRECTION('',(0.,0.,-1.));
#7358=DIRECTION('',(-1.,0.,0.));
#7359=DIRECTION('',(0.,0.,1.));
#7360=DIRECTION('',(1.,0.,0.));
#7361=DIRECTION('',(0.,0.,-1.));
#7362=DIRECTION('',(-1.,0.,0.));
#7363=DIRECTION('',(0.,0.,1.));
#7364=DIRECTION('',(1.,0.,0.));
#7365=DIRECTION('',(0.,0.,-1.));
#7366=DIRECTION('',(-1.,0.,0.));
#7367=DIRECTION('',(0.,0.,1.));
#7368=DIRECTION('',(1.,0.,0.));
#7369=DIRECTION('',(0.,0.,-1.));
#7370=DIRECTION('',(-1.,0.,0.));
#7371=DIRECTION('',(0.,0.,1.));
#7372=DIRECTION('',(1.,0.,0.));
#7373=DIRECTION('',(0.,0.,-1.));
#7374=DIRECTION('',(-1.,0.,0.));
#7375=DIRECTION('',(0.,0.,1.));
#7376=DIRECTION('',(1.,0.,0.));
#7377=DIRECTION('',(0.,0.,-1.));
#7378=DIRECTION('',(-1.,0.,0.));
#7379=DIRECTION('',(0.,0.,1.));
#7380=DIRECTION('',(1.,0.,0.));
#7381=DIRECTION('',(0.,0.,-1.));
#7382=DIRECTION('',(-1.,0.,0.));
#7383=DIRECTION('',(0.,0.,1.));
#7384=DIRECTION('',(1.,0.,0.));
#7385=DIRECTION('',(0.,0.,-1.));
#7386=DIRECTION('',(-1.,0.,0.));
#7387=DIRECTION('',(0.,0.,1.));
#7388=DIRECTION('',(-1.,0.,0.));
#7389=DIRECTION('',(0.,0.,1.));
#7390=DIRECTION('',(-1.,0.,0.));
#7391=DIRECTION('',(0.,0.,1.));
#7392=DIRECTION('',(-0.492403876506104,-0.852868531952443,0.173648177666929));
#7393=DIRECTION('',(0.866025403784439,-0.5,0.));
#7394=DIRECTION('',(0.492403876506105,0.852868531952443,-0.173648177666931));
#7395=DIRECTION('',(-0.866025403784438,0.5,0.));
#7396=DIRECTION('',(-0.655555406104209,-0.735729511570661,0.170144630628014));
#7397=DIRECTION('',(0.746615841730731,-0.665255428295562,0.));
#7398=DIRECTION('',(-0.866025403784437,0.5,-8.19782617858563E-16));
#7399=DIRECTION('',(-0.5,-0.866025403784437,0.));
#7400=DIRECTION('',(-0.866025403784438,0.5,1.38777878078145E-17));
#7401=DIRECTION('',(-0.5,-0.866025403784438,0.));
#7402=DIRECTION('',(-0.866025403784436,0.5,-1.0885638040417E-15));
#7403=DIRECTION('',(-0.5,-0.866025403784436,0.));
#7404=DIRECTION('',(0.662559552758041,0.729505862169861,-0.169811766697342));
#7405=DIRECTION('',(-0.740256972349631,0.672324040093583,0.));
#7406=DIRECTION('',(0.540642912481168,0.823193899987207,-0.173369674994599));
#7407=DIRECTION('',(-0.835851347440677,0.548955849756248,0.));
#7408=DIRECTION('',(0.483306300774489,0.837111068559581,-0.256242226275678));
#7409=DIRECTION('',(-0.866025403784439,0.5,0.));
#7410=DIRECTION('',(0.390745990037808,0.676791907600155,-0.623915286778835));
#7411=DIRECTION('',(0.,0.677801491590036,0.735244951018586));
#7412=DIRECTION('',(0.425452417252371,0.736905202884127,-0.525319866953858));
#7413=DIRECTION('',(0.,0.580476259195773,0.814277171797221));
#7414=DIRECTION('',(0.,0.910647741274303,-0.413183604844154));
#7415=DIRECTION('',(0.,0.413183604844154,0.910647741274303));
#7416=DIRECTION('',(-1.,0.,0.));
#7417=DIRECTION('',(0.,0.,1.));
#7418=DIRECTION('',(0.,0.910647741274303,0.413183604844154));
#7419=DIRECTION('',(0.,-0.413183604844154,0.910647741274303));
#7420=DIRECTION('',(-0.425452417252384,0.736905202884127,0.525319866953848));
#7421=DIRECTION('',(0.,-0.580476259195766,0.814277171797227));
#7422=DIRECTION('',(-0.39074599003849,0.676791907600183,0.623915286778378));
#7423=DIRECTION('',(0.,-0.677801491589753,0.735244951018846));
#7424=DIRECTION('',(-0.483306300774488,0.837111068559581,0.256242226275679));
#7425=DIRECTION('',(-0.866025403784439,-0.5,0.));
#7426=DIRECTION('',(-0.54064291247994,0.823193899987837,0.173369674995436));
#7427=DIRECTION('',(-0.835851347441443,-0.548955849755082,0.));
#7428=DIRECTION('',(-0.66255955275804,0.729505862169863,0.169811766697342));
#7429=DIRECTION('',(-0.740256972349633,-0.672324040093581,0.));
#7430=DIRECTION('',(0.866025403784439,0.5,2.15024948946507E-16));
#7431=DIRECTION('',(-0.5,0.866025403784439,0.));
#7432=DIRECTION('',(-0.866025403784438,-0.5,1.38777878078145E-17));
#7433=DIRECTION('',(0.5,-0.866025403784438,0.));
#7434=DIRECTION('',(0.866025403784437,0.5,8.19782617858563E-16));
#7435=DIRECTION('',(-0.5,0.866025403784437,0.));
#7436=DIRECTION('',(-0.492403876506108,0.852868531952448,0.173648177666897));
#7437=DIRECTION('',(-0.866025403784438,-0.5,0.));
#7438=DIRECTION('',(0.655555406104202,-0.735729511570667,-0.170144630628014));
#7439=DIRECTION('',(0.746615841730737,0.665255428295555,0.));
#7440=DIRECTION('',(-0.492403876506105,0.852868531952443,0.173648177666931));
#7441=DIRECTION('',(-0.866025403784438,-0.5,0.));
#7442=DIRECTION('',(-0.492403876506105,-0.852868531952443,-0.173648177666932));
#7443=DIRECTION('',(0.866025403784438,-0.5,0.));
#7444=DIRECTION('',(0.492403876506105,0.852868531952443,0.173648177666931));
#7445=DIRECTION('',(-0.866025403784438,0.5,0.));
#7446=DIRECTION('',(-0.655555406104203,-0.735729511570666,-0.170144630628014));
#7447=DIRECTION('',(0.746615841730736,-0.665255428295557,0.));
#7448=DIRECTION('',(-0.866025403784437,0.5,2.35183537910243E-15));
#7449=DIRECTION('',(-0.5,-0.866025403784437,0.));
#7450=DIRECTION('',(-0.866025403784438,0.5,-1.38777878078145E-17));
#7451=DIRECTION('',(-0.5,-0.866025403784438,0.));
#7452=DIRECTION('',(-0.866025403784438,0.5,-9.67612270259286E-16));
#7453=DIRECTION('',(-0.5,-0.866025403784438,0.));
#7454=DIRECTION('',(0.662559552758041,0.729505862169861,0.169811766697342));
#7455=DIRECTION('',(-0.740256972349631,0.672324040093583,0.));
#7456=DIRECTION('',(0.540642912480642,0.823193899987551,0.173369674994606));
#7457=DIRECTION('',(-0.835851347441028,0.548955849755714,0.));
#7458=DIRECTION('',(0.483306300774514,0.837111068559622,0.256242226275498));
#7459=DIRECTION('',(-0.866025403784438,0.5,0.));
#7460=DIRECTION('',(0.390745990038298,0.676791907600133,0.623915286778553));
#7461=DIRECTION('',(0.,-0.677801491589883,0.735244951018727));
#7462=DIRECTION('',(0.425452417252388,0.736905202884127,0.525319866953844));
#7463=DIRECTION('',(0.,-0.580476259195763,0.814277171797229));
#7464=DIRECTION('',(0.,0.910647741274303,0.413183604844154));
#7465=DIRECTION('',(0.,-0.413183604844154,0.910647741274303));
#7466=DIRECTION('',(-1.,0.,0.));
#7467=DIRECTION('',(0.,0.,1.));
#7468=DIRECTION('',(0.,0.910647741274303,-0.413183604844154));
#7469=DIRECTION('',(0.,0.413183604844154,0.910647741274303));
#7470=DIRECTION('',(-0.425452417252386,0.736905202884125,-0.525319866953847));
#7471=DIRECTION('',(0.,0.580476259195766,0.814277171797227));
#7472=DIRECTION('',(-0.39074599003805,0.676791907599705,-0.623915286779172));
#7473=DIRECTION('',(0.,0.677801491590478,0.735244951018178));
#7474=DIRECTION('',(-0.48330630077449,0.83711106855958,-0.256242226275678));
#7475=DIRECTION('',(-0.866025403784438,-0.5,0.));
#7476=DIRECTION('',(-0.540642912481145,0.823193899987223,-0.173369674994593));
#7477=DIRECTION('',(-0.835851347440694,-0.548955849756223,0.));
#7478=DIRECTION('',(-0.662559552758042,0.729505862169861,-0.169811766697339));
#7479=DIRECTION('',(-0.740256972349631,-0.672324040093583,0.));
#7480=DIRECTION('',(0.866025403784437,0.5,2.70125092114051E-15));
#7481=DIRECTION('',(-0.5,0.866025403784437,0.));
#7482=DIRECTION('',(-0.866025403784438,-0.5,-1.38777878078145E-17));
#7483=DIRECTION('',(0.5,-0.866025403784438,0.));
#7484=DIRECTION('',(0.866025403784438,0.5,-3.60166789485401E-15));
#7485=DIRECTION('',(-0.5,0.866025403784438,0.));
#7486=DIRECTION('',(-0.492403876506102,0.852868531952445,-0.173648177666929));
#7487=DIRECTION('',(-0.86602540378444,-0.5,0.));
#7488=DIRECTION('',(0.655555406104207,-0.735729511570661,0.170144630628021));
#7489=DIRECTION('',(0.746615841730732,0.665255428295561,0.));
#7490=DIRECTION('',(0.492403876506105,-0.852868531952443,0.173648177666931));
#7491=DIRECTION('',(0.866025403784438,0.5,0.));
#7492=DIRECTION('',(-1.,0.,0.));
#7493=DIRECTION('',(0.,0.,1.));
#7494=DIRECTION('',(-1.,0.,0.));
#7495=DIRECTION('',(0.,0.,1.));
#7496=DIRECTION('',(-0.426074132433041,0.737982045164857,0.523300424885864));
#7497=DIRECTION('',(0.,-0.578431767641989,0.815730770648358));
#7498=DIRECTION('',(-0.408928830330068,0.708285510811389,0.575420582617212));
#7499=DIRECTION('',(0.,-0.630552099606943,0.776146925318445));
#7500=DIRECTION('',(-0.0659024276698503,0.114146353066313,0.99127568320265));
#7501=DIRECTION('',(0.,-0.99343534007263,0.114395039642369));
#7502=DIRECTION('',(0.06590242766985,-0.114146353066313,0.99127568320265));
#7503=DIRECTION('',(0.,-0.99343534007263,-0.114395039642368));
#7504=DIRECTION('',(0.408928830330067,-0.708285510811389,0.575420582617213));
#7505=DIRECTION('',(0.,-0.630552099606943,-0.776146925318445));
#7506=DIRECTION('',(0.426074132433041,-0.737982045164858,0.523300424885863));
#7507=DIRECTION('',(0.,-0.578431767641988,-0.815730770648358));
#7508=DIRECTION('',(-0.426074132433041,-0.737982045164857,-0.523300424885864));
#7509=DIRECTION('',(0.,0.578431767641989,-0.815730770648358));
#7510=DIRECTION('',(-0.408928830330068,-0.70828551081139,-0.575420582617211));
#7511=DIRECTION('',(0.,0.630552099606942,-0.776146925318446));
#7512=DIRECTION('',(-0.0659024276698512,-0.114146353066315,-0.99127568320265));
#7513=DIRECTION('',(0.,0.993435340072629,-0.114395039642371));
#7514=DIRECTION('',(0.0659024276698511,0.114146353066315,-0.99127568320265));
#7515=DIRECTION('',(0.,0.993435340072629,0.11439503964237));
#7516=DIRECTION('',(0.408928830330067,0.708285510811389,-0.575420582617213));
#7517=DIRECTION('',(0.,0.630552099606944,0.776146925318444));
#7518=DIRECTION('',(0.426074132433041,0.737982045164858,-0.523300424885863));
#7519=DIRECTION('',(0.,0.578431767641988,0.815730770648358));
#7520=DIRECTION('',(-1.,0.,0.));
#7521=DIRECTION('',(0.,0.,1.));
#7522=DIRECTION('',(-1.,0.,0.));
#7523=DIRECTION('',(0.,0.,1.));
#7524=DIRECTION('',(-4.21282939759225E-16,0.237398613203494,-0.9714123215448));
#7525=DIRECTION('',(0.,0.9714123215448,0.237398613203494));
#7526=DIRECTION('',(0.,0.237398613203494,0.9714123215448));
#7527=DIRECTION('',(0.,-0.9714123215448,0.237398613203494));
#7528=DIRECTION('',(1.,0.,0.));
#7529=DIRECTION('',(0.,0.,-1.));
#7530=DIRECTION('',(0.342896428058478,0.593914035131161,0.727796783792673));
#7531=DIRECTION('',(0.,-0.774768506396874,0.632245016979618));
#7532=DIRECTION('',(-0.342896428057225,-0.593914035130923,0.727796783793457));
#7533=DIRECTION('',(0.,-0.774768506397331,-0.632245016979057));
#7534=DIRECTION('',(0.342896428058537,-0.593914035129147,0.727796783794289));
#7535=DIRECTION('',(0.,-0.774768506398611,-0.632245016977489));
#7536=DIRECTION('',(-0.342896428058475,0.593914035131165,0.727796783792671));
#7537=DIRECTION('',(0.,-0.774768506396871,0.632245016979621));
#7538=DIRECTION('',(0.,0.,-1.));
#7539=DIRECTION('',(-1.,0.,0.));
#7540=DIRECTION('',(1.,0.,0.));
#7541=DIRECTION('',(0.17364817766693,0.984807753012208,0.));
#7542=DIRECTION('',(1.,0.,0.));
#7543=DIRECTION('',(0.,1.,0.));
#7544=DIRECTION('',(-0.707106781186547,-0.707106781186549,0.));
#7545=DIRECTION('',(0.,1.,0.));
#7546=DIRECTION('',(0.,0.,-1.));
#7547=DIRECTION('',(-1.,0.,0.));
#7548=DIRECTION('',(0.,0.,-1.));
#7549=DIRECTION('',(0.,0.,-1.));
#7550=DIRECTION('',(-1.,0.,0.));
#7551=DIRECTION('',(0.,0.,1.));
#7552=DIRECTION('',(0.,0.,-1.));
#7553=DIRECTION('',(-1.,0.,0.));
#7554=DIRECTION('',(0.,0.,1.));
#7555=DIRECTION('',(-1.,0.,0.));
#7556=DIRECTION('',(0.,0.,-1.));
#7557=DIRECTION('',(0.,0.,1.));
#7558=DIRECTION('',(1.,0.,0.));
#7559=DIRECTION('',(0.,0.,1.));
#7560=DIRECTION('',(0.,0.,1.));
#7561=DIRECTION('',(1.,0.,0.));
#7562=DIRECTION('',(0.,0.,-1.));
#7563=DIRECTION('',(1.,0.,0.));
#7564=DIRECTION('',(-1.,0.,0.));
#7565=DIRECTION('',(-0.17364817766693,-0.984807753012208,0.));
#7566=DIRECTION('',(1.,0.,0.));
#7567=DIRECTION('',(0.,-1.,0.));
#7568=DIRECTION('',(0.,0.,1.));
#7569=DIRECTION('',(1.,0.,0.));
#7570=DIRECTION('',(1.,0.,0.));
#7571=DIRECTION('',(-0.17364817766693,-0.984807753012208,0.));
#7572=DIRECTION('',(-1.,0.,0.));
#7573=DIRECTION('',(0.,-1.,0.));
#7574=DIRECTION('',(0.,0.,-1.));
#7575=DIRECTION('',(-1.,0.,0.));
#7576=DIRECTION('',(0.,0.,1.));
#7577=DIRECTION('',(0.,0.,-1.));
#7578=DIRECTION('',(-1.,0.,0.));
#7579=DIRECTION('',(0.,0.,1.));
#7580=DIRECTION('',(0.,0.,-1.));
#7581=DIRECTION('',(-1.,0.,0.));
#7582=DIRECTION('',(0.,0.,1.));
#7583=DIRECTION('',(-1.,0.,0.));
#7584=DIRECTION('',(0.,0.,-1.));
#7585=DIRECTION('',(0.,0.,1.));
#7586=DIRECTION('',(1.,0.,0.));
#7587=DIRECTION('',(0.,0.,-1.));
#7588=DIRECTION('',(0.,0.,1.));
#7589=DIRECTION('',(1.,0.,0.));
#7590=DIRECTION('',(0.,0.,-1.));
#7591=DIRECTION('',(-1.,0.,0.));
#7592=DIRECTION('',(0.,1.,0.));
#7593=DIRECTION('',(0.,0.,1.));
#7594=DIRECTION('',(-1.,0.,0.));
#7595=DIRECTION('',(0.,0.,1.));
#7596=DIRECTION('',(0.,1.,0.));
#7597=DIRECTION('',(0.,0.,1.));
#7598=DIRECTION('',(1.,0.,0.));
#7599=DIRECTION('',(1.,0.,0.));
#7600=DIRECTION('',(0.,0.,-1.));
#7601=DIRECTION('',(-1.,0.,0.));
#7602=DIRECTION('',(-1.,0.,0.));
#7603=DIRECTION('',(0.,0.,1.));
#7604=DIRECTION('',(-0.173648177666935,-0.984807753012207,0.));
#7605=DIRECTION('',(0.984807753012207,-0.173648177666935,0.));
#7606=DIRECTION('',(-0.984807753012208,0.17364817766693,0.));
#7607=DIRECTION('',(-0.17364817766693,-0.984807753012208,0.));
#7608=DIRECTION('',(-0.984807753012208,0.17364817766693,0.));
#7609=DIRECTION('',(0.17364817766693,0.984807753012208,0.));
#7610=DIRECTION('',(0.17364817766693,0.984807753012208,0.));
#7611=DIRECTION('',(-0.17364817766693,-0.984807753012208,0.));
#7612=DIRECTION('',(1.,0.,0.));
#7613=DIRECTION('',(0.,0.,-1.));
#7614=DIRECTION('',(-1.,0.,0.));
#7615=DIRECTION('',(0.,0.,1.));
#7616=DIRECTION('',(-1.,0.,0.));
#7617=DIRECTION('',(0.,0.,1.));
#7618=DIRECTION('',(1.,0.,0.));
#7619=DIRECTION('',(0.,0.,-1.));
#7620=DIRECTION('',(-1.,0.,0.));
#7621=DIRECTION('',(0.,0.,1.));
#7622=DIRECTION('',(-1.,0.,0.));
#7623=DIRECTION('',(0.,0.,1.));
#7624=DIRECTION('',(-0.984807753012208,0.17364817766693,0.));
#7625=DIRECTION('',(-0.17364817766693,-0.984807753012208,0.));
#7626=DIRECTION('',(0.17364817766693,0.984807753012208,0.));
#7627=DIRECTION('',(-0.984807753012208,0.17364817766693,0.));
#7628=DIRECTION('',(0.17364817766693,0.984807753012208,0.));
#7629=DIRECTION('',(-0.17364817766693,-0.984807753012208,0.));
#7630=DIRECTION('',(0.,0.,1.));
#7631=DIRECTION('',(1.,0.,0.));
#7632=DIRECTION('',(0.173648177666935,0.984807753012207,-7.53078925898559E-16));
#7633=DIRECTION('',(-0.984807753012207,0.173648177666935,0.));
#7634=DIRECTION('',(1.,0.,0.));
#7635=DIRECTION('',(0.,0.,-1.));
#7636=DIRECTION('',(0.,1.,0.));
#7637=DIRECTION('',(0.,0.,-1.));
#7638=DIRECTION('',(1.,0.,0.));
#7639=DIRECTION('',(1.,0.,0.));
#7640=DIRECTION('',(-1.,0.,0.));
#7641=DIRECTION('',(0.,0.,-1.));
#7642=DIRECTION('',(0.,-1.,0.));
#7643=DIRECTION('',(-1.,0.,0.));
#7644=DIRECTION('',(0.,0.,1.));
#7645=DIRECTION('',(-1.,0.,0.));
#7646=DIRECTION('',(0.,0.,1.));
#7647=DIRECTION('',(-1.,0.,0.));
#7648=DIRECTION('',(0.,0.,1.));
#7649=DIRECTION('',(0.,-1.,0.));
#7650=DIRECTION('',(0.,1.,0.));
#7651=DIRECTION('',(0.,0.,-1.));
#7652=DIRECTION('',(0.,1.,0.));
#7653=DIRECTION('',(0.,0.,1.));
#7654=DIRECTION('',(1.,0.,0.));
#7655=DIRECTION('',(1.,0.,0.));
#7656=DIRECTION('',(0.,0.,-1.));
#7657=DIRECTION('',(0.,-1.,0.));
#7658=DIRECTION('',(0.,0.,-1.));
#7659=DIRECTION('',(0.,0.,1.));
#7660=DIRECTION('',(1.,0.,0.));
#7661=DIRECTION('',(0.,0.,1.));
#7662=DIRECTION('',(1.,0.,0.));
#7663=DIRECTION('',(0.,0.,-1.));
#7664=DIRECTION('',(0.,0.,-1.));
#7665=DIRECTION('',(-1.,0.,0.));
#7666=DIRECTION('',(0.,-1.,0.));
#7667=DIRECTION('',(0.,0.,-1.));
#7668=DIRECTION('',(-1.73472347597681E-14,-1.,0.));
#7669=DIRECTION('',(1.,-1.73472347597681E-14,0.));
#7670=DIRECTION('',(1.,0.,0.));
#7671=DIRECTION('',(0.,0.,-1.));
#7672=DIRECTION('',(-0.17364817766693,-0.984807753012208,0.));
#7673=DIRECTION('',(0.984807753012208,-0.17364817766693,0.));
#7674=DIRECTION('',(-0.17364817766693,-0.984807753012208,0.));
#7675=DIRECTION('',(0.984807753012208,-0.17364817766693,0.));
#7676=DIRECTION('',(1.,0.,0.));
#7677=DIRECTION('',(0.,0.,-1.));
#7678=DIRECTION('',(0.,-1.,0.));
#7679=DIRECTION('',(0.,0.,-1.));
#7680=DIRECTION('',(0.,-1.,1.73472347597681E-14));
#7681=DIRECTION('',(0.,-1.73472347597681E-14,-1.));
#7682=DIRECTION('',(0.,0.,-1.));
#7683=DIRECTION('',(-1.,0.,0.));
#7684=DIRECTION('',(0.707106781186548,0.707106781186548,1.83995210002005E-14));
#7685=DIRECTION('',(-0.707106781186548,0.707106781186548,0.));
#7686=DIRECTION('',(0.,0.,1.));
#7687=DIRECTION('',(1.,0.,0.));
#7688=DIRECTION('',(0.707106781186561,0.707106781186535,0.));
#7689=DIRECTION('',(-0.707106781186535,0.707106781186561,0.));
#7690=DIRECTION('',(0.707106781186549,-0.707106781186547,0.));
#7691=DIRECTION('',(0.,0.,-1.));
#7692=DIRECTION('',(0.707106781186547,0.707106781186549,0.));
#7693=DIRECTION('',(0.707106781186549,-0.707106781186547,0.));
#7694=DIRECTION('',(0.707106781186547,0.707106781186549,0.));
#7695=DIRECTION('',(-0.707106781186547,-0.707106781186549,0.));
#7696=DIRECTION('',(0.707106781186547,0.707106781186549,0.));
#7697=DIRECTION('',(-0.707106781186549,0.707106781186547,0.));
#7698=DIRECTION('',(0.707106781186547,0.707106781186549,0.));
#7699=DIRECTION('',(-0.707106781186549,0.707106781186547,0.));
#7700=DIRECTION('',(-0.707106781186547,-0.707106781186549,0.));
#7701=DIRECTION('',(0.707106781186549,-0.707106781186547,0.));
#7702=DIRECTION('',(-0.707106781186547,-0.707106781186549,0.));
#7703=DIRECTION('',(0.707106781186549,-0.707106781186547,0.));
#7704=DIRECTION('',(1.,0.,0.));
#7705=DIRECTION('',(0.,0.,-1.));
#7706=DIRECTION('',(0.17364817766693,0.984807753012208,0.));
#7707=DIRECTION('',(-0.984807753012208,0.17364817766693,0.));
#7708=DIRECTION('',(0.173648177666935,0.984807753012207,0.));
#7709=DIRECTION('',(-0.984807753012207,0.173648177666935,0.));
#7710=DIRECTION('',(0.,0.,-1.));
#7711=DIRECTION('',(-1.,0.,0.));
#7712=DIRECTION('',(1.,0.,0.));
#7713=DIRECTION('',(0.,0.,-1.));
#7714=DIRECTION('',(1.,0.,0.));
#7715=DIRECTION('',(0.,0.,-1.));
#7716=DIRECTION('',(1.,0.,0.));
#7717=DIRECTION('',(0.,0.,-1.));
#7718=DIRECTION('',(0.,0.,-1.));
#7719=DIRECTION('',(-1.,0.,0.));
#7720=DIRECTION('',(0.,-1.,0.));
#7721=DIRECTION('',(0.,0.,-1.));
#7722=DIRECTION('',(0.,1.,0.));
#7723=DIRECTION('',(0.,0.,1.));
#7724=DIRECTION('',(0.,-1.,0.));
#7725=DIRECTION('',(0.,0.,-1.));
#7726=DIRECTION('',(-1.,0.,0.));
#7727=DIRECTION('',(0.,0.,1.));
#7728=DIRECTION('',(-8.72057431852234E-16,-0.0502706883217329,-0.998735629631615));
#7729=DIRECTION('',(0.,0.998735629631615,-0.0502706883217329));
#7730=DIRECTION('',(-1.,0.,0.));
#7731=DIRECTION('',(0.,0.,1.));
#7732=DIRECTION('',(1.08283133938528E-15,0.0502706883217329,-0.998735629631615));
#7733=DIRECTION('',(0.,0.998735629631615,0.0502706883217329));
#7734=DIRECTION('',(-1.,0.,0.));
#7735=DIRECTION('',(0.,0.,1.));
#7736=DIRECTION('',(0.,1.,0.));
#7737=DIRECTION('',(0.,0.,1.));
#7738=DIRECTION('',(0.,1.,0.));
#7739=DIRECTION('',(0.,0.,1.));
#7740=DIRECTION('',(0.,1.,0.));
#7741=DIRECTION('',(0.,0.,1.));
#7742=DIRECTION('',(0.,0.,1.));
#7743=DIRECTION('',(1.,0.,0.));
#7744=DIRECTION('',(-1.,0.,0.));
#7745=DIRECTION('',(0.,0.,1.));
#7746=DIRECTION('',(1.,0.,0.));
#7747=DIRECTION('',(0.,0.,-1.));
#7748=DIRECTION('',(-1.,0.,0.));
#7749=DIRECTION('',(0.,0.,1.));
#7750=DIRECTION('',(0.,0.,1.));
#7751=DIRECTION('',(1.,0.,0.));
#7752=DIRECTION('',(-0.173648177666935,-0.984807753012207,0.));
#7753=DIRECTION('',(0.984807753012207,-0.173648177666935,0.));
#7754=DIRECTION('',(0.17364817766693,0.984807753012208,0.));
#7755=DIRECTION('',(-0.984807753012208,0.17364817766693,0.));
#7756=DIRECTION('',(1.,0.,0.));
#7757=DIRECTION('',(0.,0.,-1.));
#7758=DIRECTION('',(1.,0.,0.));
#7759=DIRECTION('',(0.,0.,-1.));
#7760=DIRECTION('',(0.,-0.991558861984539,-0.129657329989194));
#7761=DIRECTION('',(0.,0.129657329989194,-0.991558861984539));
#7762=DIRECTION('',(-0.128581045032743,-0.128581045032744,0.983327935999265));
#7763=DIRECTION('',(0.,-0.991558861984538,-0.129657329989194));
#7764=DIRECTION('',(0.128581045032743,0.128581045032744,0.983327935999265));
#7765=DIRECTION('',(0.,-0.991558861984539,0.129657329989194));
#7766=DIRECTION('',(0.,-0.991558861984539,0.129657329989194));
#7767=DIRECTION('',(0.,-0.129657329989194,-0.991558861984539));
#7768=DIRECTION('',(-1.,5.67085885639118E-16,4.33680868994202E-15));
#7769=DIRECTION('',(4.33680868994202E-15,0.,1.));
#7770=DIRECTION('',(1.,0.,0.));
#7771=DIRECTION('',(0.,0.,-1.));
#7772=DIRECTION('',(0.0115907088649401,0.0657341764622209,0.997769849971847));
#7773=DIRECTION('',(0.,-0.997836879187444,0.0657385924207571));
#7774=DIRECTION('',(-0.0241986651609143,-0.137237449786106,-0.99024254957088));
#7775=DIRECTION('',(0.,0.990532607801658,-0.13727764887864));
#7776=DIRECTION('',(-1.,0.,0.));
#7777=DIRECTION('',(0.,0.,1.));
#7778=DIRECTION('',(1.,0.,0.));
#7779=DIRECTION('',(0.,0.,-1.));
#7780=DIRECTION('',(-1.,0.,0.));
#7781=DIRECTION('',(0.,0.,1.));
#7782=DIRECTION('',(0.,1.,0.));
#7783=DIRECTION('',(0.,0.,1.));
#7784=DIRECTION('',(0.,1.,0.));
#7785=DIRECTION('',(0.,0.,1.));
#7786=DIRECTION('',(0.,1.,0.));
#7787=DIRECTION('',(0.,0.,1.));
#7788=DIRECTION('',(0.46468501605277,0.885476050413583,0.));
#7789=DIRECTION('',(-0.885476050413583,0.46468501605277,0.));
#7790=DIRECTION('',(0.737200120681289,0.675648219081308,-0.00595534379780664));
#7791=DIRECTION('',(-0.675660200710339,0.737213193842911,0.));
#7792=DIRECTION('',(0.750691927076988,0.64971428864833,0.119720398210295));
#7793=DIRECTION('',(-0.654421115560535,0.75613028209992,0.));
#7794=DIRECTION('',(0.573280276169165,0.156488187919474,0.804276800608525));
#7795=DIRECTION('',(0.814309228550152,0.,-0.580431288179796));
#7796=DIRECTION('',(1.89816663016083E-15,0.129657329989194,0.991558861984538));
#7797=DIRECTION('',(0.,-0.991558861984539,0.129657329989194));
#7798=DIRECTION('',(-1.,0.,0.));
#7799=DIRECTION('',(0.,0.,1.));
#7800=DIRECTION('',(-2.84724994524331E-15,-0.129657329989194,0.991558861984539));
#7801=DIRECTION('',(0.,-0.991558861984539,-0.129657329989194));
#7802=DIRECTION('',(-0.573280276175225,-0.156488187919605,0.804276800604181));
#7803=DIRECTION('',(0.81430922854577,0.,0.580431288185943));
#7804=DIRECTION('',(-0.750691927076999,-0.64971428864832,0.119720398210281));
#7805=DIRECTION('',(0.654421115560524,-0.75613028209993,0.));
#7806=DIRECTION('',(-0.73720012068129,-0.675648219081307,-0.0059553437978085));
#7807=DIRECTION('',(0.675660200710337,-0.737213193842912,0.));
#7808=DIRECTION('',(-0.46468501605277,-0.885476050413583,0.));
#7809=DIRECTION('',(0.885476050413583,-0.46468501605277,0.));
#7810=DIRECTION('',(0.,-1.,0.));
#7811=DIRECTION('',(0.,0.,-1.));
#7812=DIRECTION('',(0.,-1.,0.));
#7813=DIRECTION('',(0.,0.,-1.));
#7814=DIRECTION('',(1.73472347597681E-14,-1.,0.));
#7815=DIRECTION('',(1.,1.73472347597681E-14,0.));
#7816=DIRECTION('',(1.,0.,0.));
#7817=DIRECTION('',(0.,0.,-1.));
#7818=DIRECTION('',(1.,0.,0.));
#7819=DIRECTION('',(0.,0.,-1.));
#7820=DIRECTION('',(1.,0.,0.));
#7821=DIRECTION('',(0.,0.,-1.));
#7822=DIRECTION('',(0.0241986651609138,0.137237449786103,-0.99024254957088));
#7823=DIRECTION('',(0.,0.990532607801658,0.137277648878637));
#7824=DIRECTION('',(0.011590708864941,0.0657341764622198,-0.997769849971847));
#7825=DIRECTION('',(0.,0.997836879187444,0.065738592420756));
#7826=DIRECTION('',(-1.,0.,0.));
#7827=DIRECTION('',(0.,0.,1.));
#7828=DIRECTION('',(-0.149524863001657,0.829732824793124,0.537759941614433));
#7829=DIRECTION('',(0.,-0.543874193788357,0.839166766102581));
#7830=DIRECTION('',(-0.984147537252766,-0.177351698382944,2.00493529118121E-17));
#7831=DIRECTION('',(0.,-1.13048553211602E-16,-1.));
#7832=DIRECTION('',(0.,1.,-1.13048553211602E-16));
#7833=DIRECTION('',(0.,-1.13048553211602E-16,-1.));
#7834=DIRECTION('',(0.,1.,-1.13048553211602E-16));
#7835=DIRECTION('',(0.125816397209181,-0.701246925915887,0.701728567956885));
#7836=DIRECTION('',(0.,-0.707349489541331,-0.706863989495588));
#7837=DIRECTION('',(-0.124556873914459,0.691379918931999,-0.711673656150234));
#7838=DIRECTION('',(0.,0.717259334905885,0.696806319209554));
#7839=CARTESIAN_POINT('',(0.,0.,0.));
#7840=CARTESIAN_POINT('',(-0.0035,0.,0.));
#7841=CARTESIAN_POINT('',(-0.0035,5.65242766058008E-19,0.005));
#7842=CARTESIAN_POINT('',(-0.00349999999999971,-0.0221024072337315,0.005));
#7843=CARTESIAN_POINT('',(-0.0035,-0.0220491306282994,0.005));
#7844=CARTESIAN_POINT('',(-0.0035,0.,0.));
#7845=CARTESIAN_POINT('',(-0.0035,-0.0111827549630851,0.0197094494332365));
#7846=CARTESIAN_POINT('',(-0.0035,-0.0111827549630851,0.0237505391777296));
#7847=CARTESIAN_POINT('',(-0.0035,-0.0111827549630851,0.0246465504172136));
#7848=CARTESIAN_POINT('',(-0.0035,0.,0.));
#7849=CARTESIAN_POINT('',(-0.0035,0.0111827549630851,0.0246465504172136));
#7850=CARTESIAN_POINT('',(-0.0035,0.0111827549630851,-0.0237505391777296));
#7851=CARTESIAN_POINT('',(-0.0035,0.0111827549630851,0.0197094494332365));
#7852=CARTESIAN_POINT('',(-0.0035,0.,0.));
#7853=CARTESIAN_POINT('',(-0.0035,0.0225998862508136,0.00166179029242446));
#7854=CARTESIAN_POINT('',(-0.0035,0.0158,0.));
#7855=CARTESIAN_POINT('',(-0.0035,0.0225998862508136,-0.00166179029242446));
#7856=CARTESIAN_POINT('',(-0.0035,0.,0.));
#7857=CARTESIAN_POINT('',(-0.0035,0.0111827549630851,-0.0197094522743111));
#7858=CARTESIAN_POINT('',(-0.0035,0.0111827549630851,-0.0237505391777296));
#7859=CARTESIAN_POINT('',(-0.0035,0.0111827549630851,-0.0246465504172136));
#7860=CARTESIAN_POINT('',(-0.0035,0.,0.));
#7861=CARTESIAN_POINT('',(-0.0035,-0.0111827549630851,-0.0246465504172136));
#7862=CARTESIAN_POINT('',(-0.0035,-0.0111827549630851,0.0237505391777296));
#7863=CARTESIAN_POINT('',(-0.0035,-0.0111827549630851,-0.0197094494332365));
#7864=CARTESIAN_POINT('',(-0.0035,0.,0.));
#7865=CARTESIAN_POINT('',(-0.00349999999999996,-0.0221050527654706,-0.00498829106623612));
#7866=CARTESIAN_POINT('',(-0.0035,-0.00823947828387476,0.0084813276673029));
#7867=CARTESIAN_POINT('',(-0.00350000007791482,-0.0217847423531212,-0.00467864486100349));
#7868=CARTESIAN_POINT('',(-0.0035,0.,0.));
#7869=CARTESIAN_POINT('',(-0.00350000007749294,-0.0217984849918926,0.00461419213859436));
#7870=CARTESIAN_POINT('',(-0.0035,-0.0132450110382094,-0.00858425284592771));
#7871=CARTESIAN_POINT('',(-0.0045,0.,0.));
#7872=CARTESIAN_POINT('',(-0.00360974996745641,-0.0225691532503018,0.005));
#7873=CARTESIAN_POINT('',(-0.00353785640903071,-0.0224252254891343,0.005));
#7874=CARTESIAN_POINT('',(-0.00349999999999998,-0.0222636927810562,0.005));
#7875=CARTESIAN_POINT('',(-0.00349999999999999,-0.0221024072337315,0.005));
#7876=CARTESIAN_POINT('',(-0.00360981993166707,-0.0225691183023806,0.00499987129261235));
#7877=CARTESIAN_POINT('',(-0.00432537811362527,-0.0232180054900712,0.00447946344183642));
#7878=CARTESIAN_POINT('',(-0.0041398676644554,-0.0231844118980371,0.00447977288739002));
#7879=CARTESIAN_POINT('',(-0.00380487353720487,-0.0229632505652703,0.00464071966327246));
#7880=CARTESIAN_POINT('',(-0.00367042854856782,-0.0227219607720672,0.00485773853438495));
#7881=CARTESIAN_POINT('',(-0.00360984337281155,-0.0225689897407832,0.00499974195487318));
#7882=CARTESIAN_POINT('',(-0.00432543625818456,-0.0232176818387402,0.00447918492010576));
#7883=CARTESIAN_POINT('',(-0.00432635182233307,0.,0.));
#7884=CARTESIAN_POINT('',(-0.00432635182233307,-0.0163133371018802,0.0171170834309887));
#7885=CARTESIAN_POINT('',(-0.00432635182233307,-0.0163133371018802,0.0171170834309887));
#7886=CARTESIAN_POINT('',(-0.00429724851455513,-0.0162198085503004,0.0171991312958575));
#7887=CARTESIAN_POINT('',(-0.00426745192958262,-0.0161248375087621,0.0172792068506362));
#7888=CARTESIAN_POINT('',(-0.00423686027918559,-0.0160282391143929,0.0173570525070563));
#7889=CARTESIAN_POINT('',(-0.00423686027918559,-0.0160282391143929,0.0173570525070563));
#7890=CARTESIAN_POINT('',(-0.00423686027918559,-0.0160282391143929,0.0173570525070563));
#7891=CARTESIAN_POINT('',(-0.00379765643240816,-0.0146413774757151,0.0184746813799978));
#7892=CARTESIAN_POINT('',(-0.0035,-0.0129344210809248,0.0191945322727637));
#7893=CARTESIAN_POINT('',(-0.0035,-0.0111827549630851,0.0197094494332365));
#7894=CARTESIAN_POINT('',(0.00280890328485402,0.,0.));
#7895=CARTESIAN_POINT('',(0.00280890328485402,-0.02734705808962,0.00357593146599784));
#7896=CARTESIAN_POINT('',(0.00376841097030233,-0.02734705808962,0.00357593146599784));
#7897=CARTESIAN_POINT('',(0.00309588793132937,-0.02734705808962,0.00357593146599784));
#7898=CARTESIAN_POINT('',(0.00309588793132937,0.,0.));
#7899=CARTESIAN_POINT('',(0.00309588793132937,-0.02734705808962,-0.00357593146599784));
#7900=CARTESIAN_POINT('',(0.00280890328485402,-0.02734705808962,-0.00357593146599784));
#7901=CARTESIAN_POINT('',(0.00376841097030233,-0.02734705808962,-0.00357593146599784));
#7902=CARTESIAN_POINT('',(0.0309171572875254,0.,0.));
#7903=CARTESIAN_POINT('',(-0.0027388736053509,-0.0265,0.00375));
#7904=CARTESIAN_POINT('',(0.00275614409883127,-0.0275347296355334,0.00375));
#7905=CARTESIAN_POINT('',(0.00316781992623545,-0.0252,0.00375));
#7906=CARTESIAN_POINT('',(0.00310495105149132,-0.0255565471063563,0.00375));
#7907=CARTESIAN_POINT('',(-0.0027388736053509,-0.0255565471063563,0.00375));
#7908=CARTESIAN_POINT('',(0.0038,-0.0255565471063563,0.00375));
#7909=CARTESIAN_POINT('',(0.0038,-0.0255565471063563,0.00375));
#7910=CARTESIAN_POINT('',(0.00401257952636863,-0.0255565471063563,0.00375));
#7911=CARTESIAN_POINT('',(0.0042,-0.0257487139511313,0.00375));
#7912=CARTESIAN_POINT('',(0.0042,-0.0259612230066189,0.00375));
#7913=CARTESIAN_POINT('',(0.0042,-0.0259612230066189,0.00375));
#7914=CARTESIAN_POINT('',(0.0042,-0.0263178446733299,0.00375));
#7915=CARTESIAN_POINT('',(0.0042,-0.0262885706771881,0.00375));
#7916=CARTESIAN_POINT('',(0.0042,-0.0262885706771882,0.00375));
#7917=CARTESIAN_POINT('',(0.00420000000000001,-0.0264870549861309,0.00375));
#7918=CARTESIAN_POINT('',(0.00415233761351937,-0.0266812933184058,0.00375));
#7919=CARTESIAN_POINT('',(0.00406009837189226,-0.0268570589156332,0.00375));
#7920=CARTESIAN_POINT('',(0.00406009837189226,-0.0268570589156332,0.00375));
#7921=CARTESIAN_POINT('',(0.000839141841087248,-0.0300780154464382,0.00375));
#7922=CARTESIAN_POINT('',(0.0045,-0.0264171572875254,0.00375));
#7923=CARTESIAN_POINT('',(0.0045,-0.0252,0.00375));
#7924=CARTESIAN_POINT('',(0.0045,-0.0252,0.00375));
#7925=CARTESIAN_POINT('',(-0.0027388736053509,-0.0252,0.00375));
#7926=CARTESIAN_POINT('',(0.0029086225184575,-0.00276218707889798,0.));
#7927=CARTESIAN_POINT('',(-0.00483974596215562,-0.0161827549630852,-0.0237505391777296));
#7928=CARTESIAN_POINT('',(-0.00483974596215562,-0.0161827549630852,0.0214752862302328));
#7929=CARTESIAN_POINT('',(-0.00483974596215562,-0.0161827549630852,0.0180658306748496));
#7930=CARTESIAN_POINT('',(-0.00483974596215562,-0.0161827549630852,0.0180658306748496));
#7931=CARTESIAN_POINT('',(-0.00490065950836021,-0.0162882603199807,0.0179910172041793));
#7932=CARTESIAN_POINT('',(-0.00496026906165093,-0.0163915070948967,0.0179122453553804));
#7933=CARTESIAN_POINT('',(-0.00501872904845057,-0.0164927627622435,0.0178299839026065));
#7934=CARTESIAN_POINT('',(-0.00501872904845057,-0.0164927627622435,0.0178299839026065));
#7935=CARTESIAN_POINT('',(0.00343195289992454,-0.00185575226905268,0.));
#7936=CARTESIAN_POINT('',(-0.00984137748154252,-0.0248458348754012,0.00261989400560565));
#7937=CARTESIAN_POINT('',(-0.00984137748154252,-0.0248458348754012,0.0151));
#7938=CARTESIAN_POINT('',(-0.00984137748154252,-0.0248458348754012,0.0159240654171818));
#7939=CARTESIAN_POINT('',(-0.00984137748154252,-0.0248458348754012,0.0159240654171818));
#7940=CARTESIAN_POINT('',(-0.00920007523568654,-0.0237350668025706,0.0162640748789463));
#7941=CARTESIAN_POINT('',(-0.00797217534686258,-0.0216082818085193,0.0171697425896944));
#7942=CARTESIAN_POINT('',(-0.0068434497240789,-0.0196532716820532,0.0185582590075361));
#7943=CARTESIAN_POINT('',(-0.00632386093055358,-0.0187533174926239,0.0193879012799684));
#7944=CARTESIAN_POINT('',(-0.0063238609305536,-0.0187533174926239,0.0193879012799685));
#7945=CARTESIAN_POINT('',(0.00402160670043897,-0.000834441927685602,0.));
#7946=CARTESIAN_POINT('',(0.0029086225184575,0.00276218707889798,0.));
#7947=CARTESIAN_POINT('',(-0.00483974596215562,0.0161827549630852,0.0237505391777296));
#7948=CARTESIAN_POINT('',(-0.00483974596215562,0.0161827549630852,-0.0214752862302328));
#7949=CARTESIAN_POINT('',(-0.00483974596215562,0.0161827549630852,-0.0180658306748496));
#7950=CARTESIAN_POINT('',(-0.00483974596215562,0.0161827549630852,-0.0180658306748496));
#7951=CARTESIAN_POINT('',(-0.00490065950836022,0.0162882603199807,-0.0179910172041793));
#7952=CARTESIAN_POINT('',(-0.00496026906165094,0.0163915070948967,-0.0179122453553804));
#7953=CARTESIAN_POINT('',(-0.00501872904845058,0.0164927627622435,-0.0178299839026066));
#7954=CARTESIAN_POINT('',(-0.00501872904845058,0.0164927627622435,-0.0178299839026065));
#7955=CARTESIAN_POINT('',(0.00343195289992454,0.00185575226905268,0.));
#7956=CARTESIAN_POINT('',(-0.00984137748154252,0.0248458348754012,-0.00261989400560565));
#7957=CARTESIAN_POINT('',(-0.00984137748154252,0.0248458348754012,0.0151));
#7958=CARTESIAN_POINT('',(-0.00984137748154252,0.0248458348754012,-0.0159240654171818));
#7959=CARTESIAN_POINT('',(-0.0098413774815425,0.0248458348754011,-0.0159240654171818));
#7960=CARTESIAN_POINT('',(-0.00920007523568653,0.0237350668025705,-0.0162640748789464));
#7961=CARTESIAN_POINT('',(-0.00797217534686252,0.0216082818085193,-0.0171697425896944));
#7962=CARTESIAN_POINT('',(-0.0068434497240789,0.0196532716820532,-0.0185582590075362));
#7963=CARTESIAN_POINT('',(-0.00632386093055359,0.0187533174926239,-0.0193879012799685));
#7964=CARTESIAN_POINT('',(-0.0063238609305536,0.0187533174926239,-0.0193879012799685));
#7965=CARTESIAN_POINT('',(0.00402160670043897,0.000834441927685602,0.));
#7966=CARTESIAN_POINT('',(-0.00385355339059328,0.0158,0.));
#7967=CARTESIAN_POINT('',(-0.00264644660940672,0.0158,0.));
#7968=CARTESIAN_POINT('',(-0.00264644660940672,0.0158,-0.00593933982822017));
#7969=CARTESIAN_POINT('',(-0.00335355339059328,0.0222564401308674,0.00157785720780423));
#7970=CARTESIAN_POINT('',(-0.00335355339059328,0.022383195888424,0.00105918482359906));
#7971=CARTESIAN_POINT('',(-0.00336784594343334,0.0225240211472448,-4.99779567283629E-6));
#7972=CARTESIAN_POINT('',(-0.00335355339059328,0.0223831313829243,-0.00105944877390767));
#7973=CARTESIAN_POINT('',(-0.00335355339059328,0.0222564401308674,-0.00157785720780423));
#7974=CARTESIAN_POINT('',(-0.00335355339059328,0.0222564401308674,0.00157785720780423));
#7975=CARTESIAN_POINT('',(-0.00335355339059328,0.0222564401308674,-0.00157785720780423));
#7976=CARTESIAN_POINT('',(-0.00335355339059328,0.0158,0.));
#7977=CARTESIAN_POINT('',(-0.0135,-0.0111827549630851,0.));
#7978=CARTESIAN_POINT('',(-0.00483974596215562,-0.0161827549630852,-0.0237505391777296));
#7979=CARTESIAN_POINT('',(-0.00483974596215562,-0.0161827549630852,-0.0180658306748496));
#7980=CARTESIAN_POINT('',(-0.00483974596215562,-0.0161827549630852,-0.0214752862302327));
#7981=CARTESIAN_POINT('',(-0.00483974596215562,-0.0161827549630852,-0.0180658306748496));
#7982=CARTESIAN_POINT('',(-0.0044530906725563,-0.0155130483564839,-0.0185882058863977));
#7983=CARTESIAN_POINT('',(-0.00376368146017428,-0.0139505236421529,-0.0193420945546014));
#7984=CARTESIAN_POINT('',(-0.0035,-0.0120986005465019,-0.0196312171364137));
#7985=CARTESIAN_POINT('',(-0.0035,-0.0111827549630851,-0.0197094494332365));
#7986=CARTESIAN_POINT('',(-0.0035,-0.0111827549630851,-0.0246465504172136));
#7987=CARTESIAN_POINT('',(-0.0035,-0.012103253790912,-0.024187131799709));
#7988=CARTESIAN_POINT('',(-0.00375662665084257,-0.0138869545836151,-0.0231695756796766));
#7989=CARTESIAN_POINT('',(-0.00441489811086368,-0.0154468968991611,-0.0220523169590119));
#7990=CARTESIAN_POINT('',(-0.00483974596215574,-0.0161827549630854,-0.0214752862302327));
#7991=CARTESIAN_POINT('',(-0.0135,-0.0111827549630851,0.));
#7992=CARTESIAN_POINT('',(-0.00483974596215562,-0.0161827549630852,0.0180658306748496));
#7993=CARTESIAN_POINT('',(-0.0044537752969933,-0.0155142341607929,0.0185872809518507));
#7994=CARTESIAN_POINT('',(-0.00376222805082586,-0.0139447000260362,0.01934387927574));
#7995=CARTESIAN_POINT('',(-0.0035,-0.0121011196172408,0.0196310019511229));
#7996=CARTESIAN_POINT('',(-0.0035,-0.0111827549630851,0.0197094494332365));
#7997=CARTESIAN_POINT('',(-0.00483974596215562,-0.0161827549630852,0.0214752862302328));
#7998=CARTESIAN_POINT('',(-0.0039896078837579,-0.0147102726178513,0.0226299485250965));
#7999=CARTESIAN_POINT('',(-0.0035,-0.0130252730070787,0.0237269543602612));
#8000=CARTESIAN_POINT('',(-0.0035,-0.0111827549630851,0.0246465504172136));
#8001=CARTESIAN_POINT('',(-0.0135,0.0111827549630851,0.));
#8002=CARTESIAN_POINT('',(-0.00483974596215562,0.0161827549630852,-0.0180658306748496));
#8003=CARTESIAN_POINT('',(-0.0044537752969933,0.0155142341607929,-0.0185872809518507));
#8004=CARTESIAN_POINT('',(-0.00376222805082585,0.013944700026036,-0.0193438792757371));
#8005=CARTESIAN_POINT('',(-0.0035,0.0121011196172413,-0.0196310019511288));
#8006=CARTESIAN_POINT('',(-0.0035,0.0111827549630851,-0.0197094494332365));
#8007=CARTESIAN_POINT('',(-0.00483974596215562,0.0161827549630852,-0.0214752862302328));
#8008=CARTESIAN_POINT('',(-0.0039896078837579,0.0147102726178513,-0.0226299485250965));
#8009=CARTESIAN_POINT('',(-0.0035,0.0130252730070787,-0.0237269543602612));
#8010=CARTESIAN_POINT('',(-0.0035,0.0111827549630851,-0.0246465504172136));
#8011=CARTESIAN_POINT('',(-0.0135,0.0111827549630851,0.));
#8012=CARTESIAN_POINT('',(-0.00483974596215562,0.0161827549630852,0.0237505391777296));
#8013=CARTESIAN_POINT('',(-0.00483974596215562,0.0161827549630852,0.0180658306748496));
#8014=CARTESIAN_POINT('',(-0.00483974596215562,0.0161827549630852,0.0214752862302328));
#8015=CARTESIAN_POINT('',(-0.00483974596215562,0.0161827549630852,0.0180658306748496));
#8016=CARTESIAN_POINT('',(-0.0044530906725563,0.0155130483564839,0.0185882058863977));
#8017=CARTESIAN_POINT('',(-0.00376368146017428,0.0139505236421529,0.0193420945546014));
#8018=CARTESIAN_POINT('',(-0.0035,0.0120986005465019,0.0196312171364137));
#8019=CARTESIAN_POINT('',(-0.0035,0.0111827549630851,0.0197094494332365));
#8020=CARTESIAN_POINT('',(-0.0035,0.0111827549630851,0.0246465504172136));
#8021=CARTESIAN_POINT('',(-0.0035,0.012103253790912,0.024187131799709));
#8022=CARTESIAN_POINT('',(-0.00375662665084259,0.0138869545836151,0.0231695756796766));
#8023=CARTESIAN_POINT('',(-0.00441489811086359,0.0154468968991609,0.022052316959012));
#8024=CARTESIAN_POINT('',(-0.00483974596215562,0.0161827549630852,0.0214752862302328));
#8025=CARTESIAN_POINT('',(-0.0042609690068058,0.,0.));
#8026=CARTESIAN_POINT('',(0.0027,-0.0260270505081999,-0.00131005413766435));
#8027=CARTESIAN_POINT('',(0.0045,-0.0260270505081999,-0.00131005413766435));
#8028=CARTESIAN_POINT('',(0.00305720941485095,-0.0260270505081999,-0.00131005413766435));
#8029=CARTESIAN_POINT('',(0.00265513690650337,-0.0260036290716134,-0.00171314771848415));
#8030=CARTESIAN_POINT('',(0.00265268343520256,-0.0260176510115358,-0.00150031065798221));
#8031=CARTESIAN_POINT('',(0.00284394715008823,-0.0260270505081884,-0.00131005413766529));
#8032=CARTESIAN_POINT('',(0.00305720941485116,-0.0260270505081884,-0.00131005413766435));
#8033=CARTESIAN_POINT('',(0.00265513690650337,-0.0260036290716134,-0.00171314771848415));
#8034=CARTESIAN_POINT('',(0.00720508919533448,0.,0.));
#8035=CARTESIAN_POINT('',(0.00268844303799959,-0.0258132797592999,-0.00357745552977573));
#8036=CARTESIAN_POINT('',(0.00268844303799959,-0.0258132797592999,-0.00357745552977573));
#8037=CARTESIAN_POINT('',(0.00269364626932639,-0.0257835425469497,-0.00379202562722792));
#8038=CARTESIAN_POINT('',(0.00288823415376041,-0.0257542002162277,-0.00398054911059553));
#8039=CARTESIAN_POINT('',(0.00310495105149132,-0.0257542002162277,-0.00398054911059553));
#8040=CARTESIAN_POINT('',(0.00310495105149132,-0.0257542002162277,-0.00398054911059553));
#8041=CARTESIAN_POINT('',(-0.0042609690068058,-0.0257542002162277,-0.00398054911059553));
#8042=CARTESIAN_POINT('',(0.0038,-0.0257542002162277,-0.00398054911059553));
#8043=CARTESIAN_POINT('',(0.0038,0.,0.));
#8044=CARTESIAN_POINT('',(0.0038,-0.0257542002162276,0.00398054911059576));
#8045=CARTESIAN_POINT('',(-0.0042609690068058,-0.0257542002162277,0.00398054911059553));
#8046=CARTESIAN_POINT('',(0.00310495105149132,-0.0257542002162277,0.00398054911059553));
#8047=CARTESIAN_POINT('',(0.00310495105149132,-0.0257542002162277,0.00398054911059553));
#8048=CARTESIAN_POINT('',(0.00288828594052468,-0.0257542002162277,0.00398054911059553));
#8049=CARTESIAN_POINT('',(0.00269364600148624,-0.0257835440776946,0.00379201458207475));
#8050=CARTESIAN_POINT('',(0.00268844303799959,-0.0258132797592999,0.00357745552977573));
#8051=CARTESIAN_POINT('',(0.00268844303799959,-0.0258132797592999,0.00357745552977573));
#8052=CARTESIAN_POINT('',(0.00720508919533448,0.,0.));
#8053=CARTESIAN_POINT('',(0.00265513690650337,-0.0260036290716134,0.00171314771848415));
#8054=CARTESIAN_POINT('',(0.00305720941485095,-0.0260270505081884,0.00131005413766377));
#8055=CARTESIAN_POINT('',(0.00284399568465632,-0.0260270505081884,0.00131005413766482));
#8056=CARTESIAN_POINT('',(0.00265268419433985,-0.0260176466729575,0.00150037651265462));
#8057=CARTESIAN_POINT('',(0.00265513690650337,-0.0260036290716134,0.00171314771848415));
#8058=CARTESIAN_POINT('',(0.00305720941485095,-0.0260270505081999,0.00131005413766435));
#8059=CARTESIAN_POINT('',(0.0027,-0.0260270505081999,0.00131005413766435));
#8060=CARTESIAN_POINT('',(0.0045,-0.0260270505081999,0.00131005413766435));
#8061=CARTESIAN_POINT('',(0.0045,0.,0.));
#8062=CARTESIAN_POINT('',(0.00120710678118655,0.,0.));
#8063=CARTESIAN_POINT('',(0.00120710678118655,-0.0196600501207781,0.0171057308890469));
#8064=CARTESIAN_POINT('',(0.00120710678118655,-0.0196600501207781,-0.0171057308890468));
#8065=CARTESIAN_POINT('',(-0.018075735931288,0.,0.));
#8066=CARTESIAN_POINT('',(0.00150710678118655,-0.0199659186653791,-0.0167477070623853));
#8067=CARTESIAN_POINT('',(0.0018,-0.0206868577388423,-0.0158485809110122));
#8068=CARTESIAN_POINT('',(0.00179999999999999,-0.0204414619162764,-0.0161688915116667));
#8069=CARTESIAN_POINT('',(0.00172323429620428,-0.0201862740269347,-0.0164850085801446));
#8070=CARTESIAN_POINT('',(0.00150710678118655,-0.0199659186653791,-0.0167477070623853));
#8071=CARTESIAN_POINT('',(0.0018,-0.0206868577388423,-0.0158485809110122));
#8072=CARTESIAN_POINT('',(0.0018,0.,0.));
#8073=CARTESIAN_POINT('',(0.0018,-0.0206868577388423,0.0158485809110122));
#8074=CARTESIAN_POINT('',(0.00150710678118655,-0.0199659186653791,0.0167477070623853));
#8075=CARTESIAN_POINT('',(0.00172361524396354,-0.0201866624267237,0.0164845455460965));
#8076=CARTESIAN_POINT('',(0.0018,-0.0204412063914221,0.0161692250435039));
#8077=CARTESIAN_POINT('',(0.0018,-0.0206868577388423,0.0158485809110122));
#8078=CARTESIAN_POINT('',(0.00150710678118655,-0.0199659186653791,0.0167477070623853));
#8079=CARTESIAN_POINT('',(-0.018075735931288,0.,0.));
#8080=CARTESIAN_POINT('',(0.004,0.,0.));
#8081=CARTESIAN_POINT('',(0.00103996844108547,-0.0220562917562118,0.0168546837791062));
#8082=CARTESIAN_POINT('',(-7.05667920096356E-5,-0.023915831790827,0.0145812790926647));
#8083=CARTESIAN_POINT('',(-0.00119432896851264,-0.0257983128742052,0.0113311393795358));
#8084=CARTESIAN_POINT('',(-0.00202930064650902,-0.0271972694511275,0.00690255616505567));
#8085=CARTESIAN_POINT('',(-0.00232750821431781,-0.0276969401498663,0.00465198457738133));
#8086=CARTESIAN_POINT('',(-0.00251016335959714,-0.0280030078989344,0.00235883034257264));
#8087=CARTESIAN_POINT('',(-0.00259327679537268,-0.0281422821459994,-0.000783226338366037));
#8088=CARTESIAN_POINT('',(-0.00239074128339563,-0.0278028866955735,-0.00464398424847362));
#8089=CARTESIAN_POINT('',(-0.00166585631967909,-0.0265882946448415,-0.0091581333932901));
#8090=CARTESIAN_POINT('',(-0.000527941856749424,-0.0246820123327877,-0.0132547118602843));
#8091=CARTESIAN_POINT('',(0.000484569981187354,-0.0229862808646759,-0.0157177135831608));
#8092=CARTESIAN_POINT('',(0.00103996844107927,-0.0220562917562221,-0.0168546837790935));
#8093=CARTESIAN_POINT('',(0.00103996844108547,-0.0220562917562118,0.0168546837791062));
#8094=CARTESIAN_POINT('',(0.00103996844107927,-0.0220562917562221,-0.0168546837790935));
#8095=CARTESIAN_POINT('',(0.00103996844107927,-0.0220562917562222,-0.0168546837790935));
#8096=CARTESIAN_POINT('',(0.00135757415536908,-0.0215244756342835,-0.0175048624477081));
#8097=CARTESIAN_POINT('',(0.00174659031190798,-0.020392468574489,-0.018805566049851));
#8098=CARTESIAN_POINT('',(0.00183186830996894,-0.0190996809106718,-0.0200675157819177));
#8099=CARTESIAN_POINT('',(0.00183336175319038,-0.0184389340770724,-0.0206571352645293));
#8100=CARTESIAN_POINT('',(0.00183336175319096,-0.0184389340770714,-0.0206571352645301));
#8101=CARTESIAN_POINT('',(0.00183336175319095,-0.0184389340770714,-0.0206571352645301));
#8102=CARTESIAN_POINT('',(-0.000563448603967464,-0.0189652791809254,-0.0204683909808943));
#8103=CARTESIAN_POINT('',(-0.00296523845274502,-0.0194689074106,-0.020281170247268));
#8104=CARTESIAN_POINT('',(-0.00537067978402645,-0.0199552758456364,-0.0200947664348198));
#8105=CARTESIAN_POINT('',(-0.00537067978402645,-0.0199552758456364,-0.0200947664348198));
#8106=CARTESIAN_POINT('',(-0.005370679784025,-0.0199552758456416,-0.0200947664348145));
#8107=CARTESIAN_POINT('',(-0.00489781607414174,-0.0191074538322203,-0.0208783995684228));
#8108=CARTESIAN_POINT('',(-0.00440186337669702,-0.018218103206397,-0.0216011259006474));
#8109=CARTESIAN_POINT('',(-0.00388656481562364,-0.0172938971337717,-0.0222619940055311));
#8110=CARTESIAN_POINT('',(-0.00388656481562364,-0.0172938971337717,-0.0222619940055311));
#8111=CARTESIAN_POINT('',(-0.00388656481562364,-0.0172938971337717,-0.0222619940055311));
#8112=CARTESIAN_POINT('',(-0.00341519789703061,-0.0164484840053305,-0.0228665199749933));
#8113=CARTESIAN_POINT('',(-0.00269037741490178,-0.0146607216761955,-0.0240317746658963));
#8114=CARTESIAN_POINT('',(-0.00241284425725234,-0.0126349121120004,-0.0250816112585751));
#8115=CARTESIAN_POINT('',(-0.00241284425725234,-0.0115943662795693,-0.0255537328689003));
#8116=CARTESIAN_POINT('',(-0.00241284425725234,-0.0115943662795693,-0.0255537328689003));
#8117=CARTESIAN_POINT('',(-0.00241284425725235,0.,0.));
#8118=CARTESIAN_POINT('',(-0.00241284425725234,0.0115943662795693,-0.0255537328689003));
#8119=CARTESIAN_POINT('',(-0.00241284425725234,0.0115943662795693,-0.0255537328689003));
#8120=CARTESIAN_POINT('',(-0.00241284425725234,0.0126355625390414,-0.0250813161435956));
#8121=CARTESIAN_POINT('',(-0.00268063489571076,0.0146231688167602,-0.0240535257926999));
#8122=CARTESIAN_POINT('',(-0.00341502615095764,0.0164481759727148,-0.0228667402385654));
#8123=CARTESIAN_POINT('',(-0.00388656481562353,0.0172938971337715,-0.0222619940055312));
#8124=CARTESIAN_POINT('',(-0.00388656481562353,0.0172938971337715,-0.0222619940055312));
#8125=CARTESIAN_POINT('',(-0.00388656481562353,0.0172938971337715,-0.0222619940055312));
#8126=CARTESIAN_POINT('',(-0.0044018618378538,0.0182181004464276,-0.021601127874207));
#8127=CARTESIAN_POINT('',(-0.00489781758321394,0.0191074565379146,-0.020878397067577));
#8128=CARTESIAN_POINT('',(-0.00537067978402156,0.0199552758456354,-0.0200947664348202));
#8129=CARTESIAN_POINT('',(-0.00537067978402157,0.0199552758456354,-0.0200947664348202));
#8130=CARTESIAN_POINT('',(-0.00537067978402157,0.0199552758456354,-0.0200947664348202));
#8131=CARTESIAN_POINT('',(-0.00296523839838291,0.0194689073996083,-0.0202811702514806));
#8132=CARTESIAN_POINT('',(-0.000563448640125098,0.0189652791888657,-0.0204683909780469));
#8133=CARTESIAN_POINT('',(0.00183336175319096,0.0184389340770714,-0.0206571352645301));
#8134=CARTESIAN_POINT('',(0.00183336175319096,0.0184389340770714,-0.0206571352645301));
#8135=CARTESIAN_POINT('',(0.00103996844108547,0.0220562917562118,-0.0168546837791062));
#8136=CARTESIAN_POINT('',(0.0013575741553723,0.0215244756342748,-0.0175048624477181));
#8137=CARTESIAN_POINT('',(0.00174659030327276,0.0203924685749783,-0.0188055660504285));
#8138=CARTESIAN_POINT('',(0.00183186832723927,0.0190996809096862,-0.0200675157807693));
#8139=CARTESIAN_POINT('',(0.00183336175318829,0.0184389340770755,-0.0206571352645268));
#8140=CARTESIAN_POINT('',(0.00103996844108547,0.0220562917562118,-0.0168546837791062));
#8141=CARTESIAN_POINT('',(0.00103996844108547,0.0220562917562118,-0.0168546837791062));
#8142=CARTESIAN_POINT('',(-7.05667920096316E-5,0.023915831790827,-0.0145812790926647));
#8143=CARTESIAN_POINT('',(-0.00119432896851263,0.0257983128742052,-0.0113311393795358));
#8144=CARTESIAN_POINT('',(-0.00202930064650902,0.0271972694511276,-0.00690255616505567));
#8145=CARTESIAN_POINT('',(-0.00232750821431781,0.0276969401498663,-0.00465198457738133));
#8146=CARTESIAN_POINT('',(-0.00251016335959714,0.0280030078989344,-0.00235883034257264));
#8147=CARTESIAN_POINT('',(-0.00259327679537268,0.0281422821459994,0.000783226338366032));
#8148=CARTESIAN_POINT('',(-0.00239074128339564,0.0278028866955735,0.00464398424847361));
#8149=CARTESIAN_POINT('',(-0.00166585631967909,0.0265882946448415,0.0091581333932901));
#8150=CARTESIAN_POINT('',(-0.000527941856749429,0.0246820123327877,0.0132547118602843));
#8151=CARTESIAN_POINT('',(0.000484569981187356,0.0229862808646759,0.0157177135831608));
#8152=CARTESIAN_POINT('',(0.00103996844107927,0.0220562917562221,0.0168546837790935));
#8153=CARTESIAN_POINT('',(0.00103996844107927,0.0220562917562221,0.0168546837790935));
#8154=CARTESIAN_POINT('',(0.00103996844107927,0.0220562917562221,0.0168546837790935));
#8155=CARTESIAN_POINT('',(0.00135757415537466,0.0215244756342741,0.0175048624477195));
#8156=CARTESIAN_POINT('',(0.0017465903127396,0.0203924685744112,0.0188055660498311));
#8157=CARTESIAN_POINT('',(0.00183186830832527,0.0190996809107097,0.0200675157820807));
#8158=CARTESIAN_POINT('',(0.00183336175323,0.0184389340770007,0.0206571352645886));
#8159=CARTESIAN_POINT('',(0.00183336175319858,0.0184389340770697,0.0206571352645307));
#8160=CARTESIAN_POINT('',(0.00183336175319858,0.0184389340770697,0.0206571352645307));
#8161=CARTESIAN_POINT('',(-0.000563448619820413,0.0189652791844068,0.0204683909796459));
#8162=CARTESIAN_POINT('',(-0.00296523842890124,0.0194689074057789,0.0202811702491157));
#8163=CARTESIAN_POINT('',(-0.00537067978402758,0.0199552758456366,0.0200947664348197));
#8164=CARTESIAN_POINT('',(-0.00537067978402758,0.0199552758456367,0.0200947664348197));
#8165=CARTESIAN_POINT('',(-0.00537067978402529,0.0199552758456421,0.020094766434814));
#8166=CARTESIAN_POINT('',(-0.00489781607414193,0.0191074538322207,0.0208783995684225));
#8167=CARTESIAN_POINT('',(-0.00440186337669704,0.018218103206397,0.0216011259006474));
#8168=CARTESIAN_POINT('',(-0.00388656481562353,0.0172938971337715,0.0222619940055312));
#8169=CARTESIAN_POINT('',(-0.00388656481562353,0.0172938971337715,0.0222619940055312));
#8170=CARTESIAN_POINT('',(-0.00388656481562353,0.0172938971337715,0.0222619940055312));
#8171=CARTESIAN_POINT('',(-0.00341519789703053,0.0164484840053303,0.0228665199749934));
#8172=CARTESIAN_POINT('',(-0.00269037741490176,0.0146607216761953,0.0240317746658964));
#8173=CARTESIAN_POINT('',(-0.00241284425725234,0.0126349121120004,0.0250816112585751));
#8174=CARTESIAN_POINT('',(-0.00241284425725234,0.0115943662795693,0.0255537328689003));
#8175=CARTESIAN_POINT('',(-0.00241284425725234,0.0115943662795693,0.0255537328689003));
#8176=CARTESIAN_POINT('',(-0.00241284425725235,0.,0.));
#8177=CARTESIAN_POINT('',(-0.00241284425725234,-0.0115943662795693,0.0255537328689003));
#8178=CARTESIAN_POINT('',(-0.00241284425725234,-0.0115943662795693,0.0255537328689003));
#8179=CARTESIAN_POINT('',(-0.00241284425725234,-0.0126355625390414,0.0250813161435956));
#8180=CARTESIAN_POINT('',(-0.00268063489571076,-0.0146231688167602,0.0240535257926999));
#8181=CARTESIAN_POINT('',(-0.00341502615095764,-0.0164481759727148,0.0228667402385654));
#8182=CARTESIAN_POINT('',(-0.00388656481562353,-0.0172938971337715,0.0222619940055312));
#8183=CARTESIAN_POINT('',(-0.00388656481562353,-0.0172938971337715,0.0222619940055312));
#8184=CARTESIAN_POINT('',(-0.00388656481562353,-0.0172938971337715,0.0222619940055312));
#8185=CARTESIAN_POINT('',(-0.0044018618378538,-0.0182181004464276,0.021601127874207));
#8186=CARTESIAN_POINT('',(-0.00489781758321394,-0.0191074565379146,0.020878397067577));
#8187=CARTESIAN_POINT('',(-0.00537067978402156,-0.0199552758456354,0.0200947664348202));
#8188=CARTESIAN_POINT('',(-0.00537067978402157,-0.0199552758456354,0.0200947664348202));
#8189=CARTESIAN_POINT('',(-0.00537067978402157,-0.0199552758456354,0.0200947664348202));
#8190=CARTESIAN_POINT('',(-0.00296523839838291,-0.0194689073996083,0.0202811702514806));
#8191=CARTESIAN_POINT('',(-0.000563448640125094,-0.0189652791888657,0.0204683909780469));
#8192=CARTESIAN_POINT('',(0.00183336175319096,-0.0184389340770714,0.0206571352645301));
#8193=CARTESIAN_POINT('',(0.00183336175319097,-0.0184389340770714,0.0206571352645301));
#8194=CARTESIAN_POINT('',(0.00103996844108547,-0.0220562917562118,0.0168546837791062));
#8195=CARTESIAN_POINT('',(0.00135757415537228,-0.0215244756342748,0.0175048624477182));
#8196=CARTESIAN_POINT('',(0.00174659030323055,-0.0203924685749807,0.0188055660504313));
#8197=CARTESIAN_POINT('',(0.00183186832732372,-0.0190996809096814,0.0200675157807637));
#8198=CARTESIAN_POINT('',(0.00183336175318829,-0.0184389340770755,0.0206571352645268));
#8199=CARTESIAN_POINT('',(0.0030784567827798,0.,0.));
#8200=CARTESIAN_POINT('',(0.00307845678277983,-0.027347812725786,-0.00357603014305488));
#8201=CARTESIAN_POINT('',(0.00307845678277984,-0.027347812725786,0.00357603014305488));
#8202=CARTESIAN_POINT('',(0.00307845678277983,-0.027347812725786,0.00357603014305488));
#8203=CARTESIAN_POINT('',(0.00307845678277982,-0.0273466501978598,0.00358492061509791));
#8204=CARTESIAN_POINT('',(0.00308201454668267,-0.0273452457976911,0.00359322531167033));
#8205=CARTESIAN_POINT('',(0.00308715574272849,-0.0273438492736005,0.00360038593893445));
#8206=CARTESIAN_POINT('',(0.00308715574274766,-0.0273438492735988,0.00360038593893422));
#8207=CARTESIAN_POINT('',(0.00308715574274766,0.,0.));
#8208=CARTESIAN_POINT('',(0.00308715574274766,-0.0273438492735998,-0.00360038593892702));
#8209=CARTESIAN_POINT('',(0.00308715574274767,-0.0273438492735998,-0.00360038593892702));
#8210=CARTESIAN_POINT('',(0.00308202250831829,-0.0273452436350442,-0.00359323640055283));
#8211=CARTESIAN_POINT('',(0.00307845678277983,-0.0273466519294899,-0.00358490737239784));
#8212=CARTESIAN_POINT('',(0.00307845678277983,-0.027347812725786,-0.00357603014305488));
#8213=CARTESIAN_POINT('',(0.004,-0.0210972718593574,-0.0176395895670043));
#8214=CARTESIAN_POINT('',(0.004,0.,0.));
#8215=CARTESIAN_POINT('',(0.004,-0.0262885706771882,-0.00395));
#8216=CARTESIAN_POINT('',(0.004,-0.0262885706771881,0.00395));
#8217=CARTESIAN_POINT('',(0.004,-0.0259908657031542,0.00395));
#8218=CARTESIAN_POINT('',(0.004,-0.0259612230066189,0.00395));
#8219=CARTESIAN_POINT('',(0.004,0.,0.));
#8220=CARTESIAN_POINT('',(0.004,-0.0259612230066189,-0.00395));
#8221=CARTESIAN_POINT('',(0.004,-0.0263178446733299,-0.00395));
#8222=CARTESIAN_POINT('',(0.00150710678118656,-0.019965918665379,0.0167477070623853));
#8223=CARTESIAN_POINT('',(0.00127778742748348,-0.0200606301399581,0.0166347959879869));
#8224=CARTESIAN_POINT('',(0.00115355339059329,-0.0199363961030679,0.0164263773029381));
#8225=CARTESIAN_POINT('',(0.00140816704339906,-0.0198650434867113,0.0168679662480238));
#8226=CARTESIAN_POINT('',(0.00117835230531825,-0.0199611950177926,0.0167547208670553));
#8227=CARTESIAN_POINT('',(0.00105461365280579,-0.0198374563652804,0.0165443291365885));
#8228=CARTESIAN_POINT('',(0.00130816160155884,-0.019763081756885,0.0169873140179394));
#8229=CARTESIAN_POINT('',(0.00107792904139391,-0.0198607717538676,0.0168736489756098));
#8230=CARTESIAN_POINT('',(0.000954608210965562,-0.0197374509234402,0.0166613870413868));
#8231=CARTESIAN_POINT('',(0.00120710678118657,-0.0196600501207781,0.0171057308890469));
#8232=CARTESIAN_POINT('',(0.000976546301186232,-0.0197593890136608,0.0169915581813337));
#8233=CARTESIAN_POINT('',(0.000853553390593296,-0.0196363961030679,0.0167775319080598));
#8234=CARTESIAN_POINT('',(0.00120710678118656,-0.0192828427124746,0.0167775319080598));
#8235=CARTESIAN_POINT('',(0.000853553390593285,-0.0196363961030679,0.0167775319080598));
#8236=CARTESIAN_POINT('',(0.00150710678118655,-0.0195828427124746,0.0164263773029381));
#8237=CARTESIAN_POINT('',(0.00115355339059327,-0.0199363961030679,0.0164263773029381));
#8238=CARTESIAN_POINT('',(-0.0184292893218813,-0.000353553390593274,8.92907001667557E-20));
#8239=CARTESIAN_POINT('',(0.00120710678118655,-0.0192828427124746,0.0167775319080598));
#8240=CARTESIAN_POINT('',(0.00120710678118655,-0.0192828427124746,0.0167775319080598));
#8241=CARTESIAN_POINT('',(0.000853553390593283,-0.0195495686287998,0.0170096036330943));
#8242=CARTESIAN_POINT('',(0.00120710678118655,-0.0192828427124746,0.0167775319080598));
#8243=CARTESIAN_POINT('',(0.0018,-0.0206868577388423,0.0158485809110122));
#8244=CARTESIAN_POINT('',(0.0013,-0.0206868577388423,0.0158485809110122));
#8245=CARTESIAN_POINT('',(0.0013,-0.0202899494936611,0.015544502228913));
#8246=CARTESIAN_POINT('',(0.00179999999804536,-0.0204405410960564,0.0161700934411643));
#8247=CARTESIAN_POINT('',(0.0013874991357339,-0.0205028611841684,0.0160887481960282));
#8248=CARTESIAN_POINT('',(0.0013,-0.0201691541481037,0.0158598460606362));
#8249=CARTESIAN_POINT('',(0.00172167144993481,-0.0201846807389291,0.0164869080317299));
#8250=CARTESIAN_POINT('',(0.00140577608507894,-0.020268098450989,0.0163843032306279));
#8251=CARTESIAN_POINT('',(0.00126083575778282,-0.0200436784702574,0.0161705820938216));
#8252=CARTESIAN_POINT('',(0.00150710678118655,-0.019965918665379,0.0167477070623853));
#8253=CARTESIAN_POINT('',(0.00127778742748347,-0.0200606301399581,0.0166347959879869));
#8254=CARTESIAN_POINT('',(0.00115355339059328,-0.0199363961030679,0.0164263773029381));
#8255=CARTESIAN_POINT('',(0.0018,-0.0202899494936611,0.015544502228913));
#8256=CARTESIAN_POINT('',(0.0013,-0.0202899494936612,0.015544502228913));
#8257=CARTESIAN_POINT('',(0.0013,-0.0202899494936612,0.015544502228913));
#8258=CARTESIAN_POINT('',(0.0013,-0.020174473478245,0.0158459596170003));
#8259=CARTESIAN_POINT('',(0.00127037021454477,-0.0200532129270194,0.0161478490008756));
#8260=CARTESIAN_POINT('',(0.00115355339059327,-0.0199363961030679,0.0164263773029381));
#8261=CARTESIAN_POINT('',(0.00120710678118655,0.,0.));
#8262=CARTESIAN_POINT('',(0.00120710678118655,-0.0192828427124747,-0.0167775319080598));
#8263=CARTESIAN_POINT('',(0.000853553390593283,-0.0195495686287998,-0.0170096036330943));
#8264=CARTESIAN_POINT('',(0.000853553390593283,0.,0.));
#8265=CARTESIAN_POINT('',(0.,0.,0.));
#8266=CARTESIAN_POINT('',(0.000853553390593284,-0.0195495686287998,0.0170096036330943));
#8267=CARTESIAN_POINT('',(0.000617720379284122,-0.0193129344913279,0.0169222896632079));
#8268=CARTESIAN_POINT('',(0.000382016030887919,-0.0190764072951903,0.0168343433250634));
#8269=CARTESIAN_POINT('',(0.000146446609406731,-0.0188399914593447,0.0167457359493302));
#8270=CARTESIAN_POINT('',(0.000146446609406731,-0.0188399914593447,0.0167457359493302));
#8271=CARTESIAN_POINT('',(0.000146446609406731,0.,0.));
#8272=CARTESIAN_POINT('',(0.000146446609406731,0.0226075761398223,0.0111473069283576));
#8273=CARTESIAN_POINT('',(0.000146446609406731,0.0226075761398223,0.0111473069283576));
#8274=CARTESIAN_POINT('',(0.000248632950388152,0.0227419651191345,0.0111058211652969));
#8275=CARTESIAN_POINT('',(0.000351003342805076,0.0228761075226337,0.0110639950283625));
#8276=CARTESIAN_POINT('',(0.000453553390593274,0.0230100092253721,0.0110218366011725));
#8277=CARTESIAN_POINT('',(0.000453553390593274,0.0230100092253721,0.0110218366011725));
#8278=CARTESIAN_POINT('',(0.000746446609406726,0.023566319949276,0.0105167129205146));
#8279=CARTESIAN_POINT('',(0.000746446609406729,0.0234505928338341,0.0107760394087359));
#8280=CARTESIAN_POINT('',(0.000620351594977752,0.0232278010651858,0.0109532656925612));
#8281=CARTESIAN_POINT('',(0.000453553390593272,0.0230100092253721,0.0110218366011725));
#8282=CARTESIAN_POINT('',(0.000746446609406726,0.023566319949276,0.0105167129205146));
#8283=CARTESIAN_POINT('',(0.000746446609406721,0.,0.));
#8284=CARTESIAN_POINT('',(0.000746446609406726,0.023566319949276,-0.0105167129205146));
#8285=CARTESIAN_POINT('',(0.000453553390593274,0.0230100092253721,-0.0110218366011725));
#8286=CARTESIAN_POINT('',(0.000620300215869371,0.0232277339784292,-0.0109532868145641));
#8287=CARTESIAN_POINT('',(0.000746446609406729,0.0234506074888886,-0.0107760065690355));
#8288=CARTESIAN_POINT('',(0.000746446609406726,0.023566319949276,-0.0105167129205146));
#8289=CARTESIAN_POINT('',(0.000453553390593274,0.0230100092253721,-0.0110218366011725));
#8290=CARTESIAN_POINT('',(0.000453553390593274,0.0230100092253721,-0.0110218366011725));
#8291=CARTESIAN_POINT('',(0.000351003342805077,0.0228761075226337,-0.0110639950283625));
#8292=CARTESIAN_POINT('',(0.000248632950389616,0.0227419651191364,-0.0111058211652963));
#8293=CARTESIAN_POINT('',(0.000146446609408193,0.0226075761398242,-0.011147306928357));
#8294=CARTESIAN_POINT('',(0.000146446609406731,0.0226075761398223,-0.0111473069283576));
#8295=CARTESIAN_POINT('',(0.000146446609406731,0.,0.));
#8296=CARTESIAN_POINT('',(0.000146446609406731,-0.0188399914593447,-0.0167457359493302));
#8297=CARTESIAN_POINT('',(0.000146446609406731,-0.0188399914593447,-0.0167457359493302));
#8298=CARTESIAN_POINT('',(0.000382016030887916,-0.0190764072951903,-0.0168343433250634));
#8299=CARTESIAN_POINT('',(0.000617720379284123,-0.0193129344913279,-0.0169222896632079));
#8300=CARTESIAN_POINT('',(0.000853553390593282,-0.0195495686287998,-0.0170096036330943));
#8301=CARTESIAN_POINT('',(0.0013,-0.0202899494936611,-0.015544502228913));
#8302=CARTESIAN_POINT('',(0.00130000000000002,-0.0206868577388423,-0.0158485809110122));
#8303=CARTESIAN_POINT('',(0.0018,-0.0206868577388423,-0.0158485809110122));
#8304=CARTESIAN_POINT('',(0.0013,-0.0201700372393141,-0.015857540696058));
#8305=CARTESIAN_POINT('',(0.00138691506046383,-0.0205040894066561,-0.0160871450203043));
#8306=CARTESIAN_POINT('',(0.00180000000070576,-0.0204423418279814,-0.0161677429792923));
#8307=CARTESIAN_POINT('',(0.00126150992820431,-0.020044352640679,-0.0161689746486003));
#8308=CARTESIAN_POINT('',(0.00140662422440915,-0.0202694732954612,-0.0163826432724489));
#8309=CARTESIAN_POINT('',(0.00172301978345487,-0.0201860554635919,-0.0164852691422567));
#8310=CARTESIAN_POINT('',(0.00115355339059327,-0.0199363961030679,-0.0164263773029381));
#8311=CARTESIAN_POINT('',(0.00127778742748346,-0.0200606301399581,-0.0166347959879869));
#8312=CARTESIAN_POINT('',(0.00150710678118655,-0.0199659186653791,-0.0167477070623852));
#8313=CARTESIAN_POINT('',(0.00150710678118655,-0.0195828427124746,-0.0164263773029381));
#8314=CARTESIAN_POINT('',(0.00115355339059327,-0.0199363961030679,-0.0164263773029381));
#8315=CARTESIAN_POINT('',(0.00115355339059327,-0.0199363961030679,-0.0164263773029381));
#8316=CARTESIAN_POINT('',(0.0012703054939102,-0.0200531482063848,-0.0161480033153642));
#8317=CARTESIAN_POINT('',(0.0013,-0.0201745070479453,-0.0158458719811901));
#8318=CARTESIAN_POINT('',(0.0013,-0.0202899494936612,-0.015544502228913));
#8319=CARTESIAN_POINT('',(0.0013,-0.0202899494936612,-0.015544502228913));
#8320=CARTESIAN_POINT('',(0.0018,-0.0202899494936612,-0.015544502228913));
#8321=CARTESIAN_POINT('',(0.00120710678118656,-0.0196600501207781,-0.0171057308890469));
#8322=CARTESIAN_POINT('',(0.000976546301186222,-0.0197593890136608,-0.0169915581813337));
#8323=CARTESIAN_POINT('',(0.000853553390593285,-0.0196363961030679,-0.0167775319080598));
#8324=CARTESIAN_POINT('',(0.00130816160155722,-0.0197630817568843,-0.0169873140179402));
#8325=CARTESIAN_POINT('',(0.0010779290413923,-0.0198607717538657,-0.0168736489756092));
#8326=CARTESIAN_POINT('',(0.00095460821096395,-0.0197374509234385,-0.0166613870413868));
#8327=CARTESIAN_POINT('',(0.00140816704339874,-0.0198650434867112,-0.0168679662480239));
#8328=CARTESIAN_POINT('',(0.00117835230531792,-0.0199611950177923,-0.0167547208670553));
#8329=CARTESIAN_POINT('',(0.00105461365280546,-0.0198374563652801,-0.0165443291365885));
#8330=CARTESIAN_POINT('',(0.00150710678118655,-0.019965918665379,-0.0167477070623853));
#8331=CARTESIAN_POINT('',(0.00127778742748347,-0.0200606301399581,-0.0166347959879869));
#8332=CARTESIAN_POINT('',(0.00115355339059328,-0.0199363961030679,-0.0164263773029381));
#8333=CARTESIAN_POINT('',(0.00120710678118655,-0.0192828427124747,-0.0167775319080598));
#8334=CARTESIAN_POINT('',(0.000853553390593282,-0.0196363961030679,-0.0167775319080598));
#8335=CARTESIAN_POINT('',(-0.0184292893218813,-0.000353553390593274,8.92907001667557E-20));
#8336=CARTESIAN_POINT('',(0.00120710678118655,-0.0192828427124747,-0.0167775319080598));
#8337=CARTESIAN_POINT('',(0.00120710678118656,-0.0192828427124747,-0.0167775319080598));
#8338=CARTESIAN_POINT('',(-0.00014142135623731,-0.0186414213562373,4.70793268934247E-18));
#8339=CARTESIAN_POINT('',(0.00115355339059327,-0.0199363961030679,-0.0166073185248554));
#8340=CARTESIAN_POINT('',(0.000853553390593281,-0.0196363961030679,-0.0167775319080598));
#8341=CARTESIAN_POINT('',(0.000617726691930699,-0.0194005694044053,-0.0166892995453848));
#8342=CARTESIAN_POINT('',(0.000382022556108353,-0.019164865268583,-0.0166004172198252));
#8343=CARTESIAN_POINT('',(0.000146446609406733,-0.0189292893218813,-0.0165108550946581));
#8344=CARTESIAN_POINT('',(0.000146446609406733,-0.0189292893218813,-0.0165108550946581));
#8345=CARTESIAN_POINT('',(0.000146446609406726,-0.0189292893218813,4.78063438841203E-18));
#8346=CARTESIAN_POINT('',(0.000146446609406732,-0.0189292893218813,0.0165108550946581));
#8347=CARTESIAN_POINT('',(0.000146446609406732,-0.0189292893218813,0.0165108550946581));
#8348=CARTESIAN_POINT('',(0.000382022556108353,-0.019164865268583,0.0166004172198252));
#8349=CARTESIAN_POINT('',(0.000617726691930697,-0.0194005694044053,0.0166892995453848));
#8350=CARTESIAN_POINT('',(0.00085355339059328,-0.0196363961030679,0.0167775319080598));
#8351=CARTESIAN_POINT('',(0.0018,0.,0.));
#8352=CARTESIAN_POINT('',(0.0013,0.,0.));
#8353=CARTESIAN_POINT('',(0.0008,-0.0202899494936612,5.12427216041407E-18));
#8354=CARTESIAN_POINT('',(0.0013,-0.0202899494936612,0.0166073185248554));
#8355=CARTESIAN_POINT('',(0.0013,0.,0.));
#8356=CARTESIAN_POINT('',(0.0013,-0.0126358769121205,-0.0081894656056343));
#8357=CARTESIAN_POINT('',(0.00130000002449214,-0.0209330377519774,0.00461218296082052));
#8358=CARTESIAN_POINT('',(0.0013,-0.0211841300872072,0.005));
#8359=CARTESIAN_POINT('',(0.0013,0.,0.));
#8360=CARTESIAN_POINT('',(0.00130000002481365,-0.0209188850230031,-0.00467595450159605));
#8361=CARTESIAN_POINT('',(0.0013,-0.00781960684146895,0.00804913194343578));
#8362=CARTESIAN_POINT('',(0.00129998908523044,-0.0212509891608776,-0.00499974377474542));
#8363=CARTESIAN_POINT('',(0.0013,-5.65242766058008E-19,-0.005));
#8364=CARTESIAN_POINT('',(0.00130000000941697,-0.0215656195656623,-0.005));
#8365=CARTESIAN_POINT('',(0.0013,-0.0221810477918575,-0.00460305116524239));
#8366=CARTESIAN_POINT('',(0.0013,-0.0219759190537132,-0.0047353891505124));
#8367=CARTESIAN_POINT('',(0.0013,-0.02177077632633,-0.0048677054511685));
#8368=CARTESIAN_POINT('',(0.0013,-0.0215656195718527,-0.005));
#8369=CARTESIAN_POINT('',(0.0013,-0.0221810477918575,-0.00460305116524239));
#8370=CARTESIAN_POINT('',(0.0013,0.,0.));
#8371=CARTESIAN_POINT('',(0.00130000711692428,-0.0222053931933864,0.00448311586409781));
#8372=CARTESIAN_POINT('',(0.0013,-0.0133364623286886,0.0133456222988764));
#8373=CARTESIAN_POINT('',(0.00129998825468715,-0.0216869826522886,0.0050002800854643));
#8374=CARTESIAN_POINT('',(0.0013,5.65242766058008E-19,0.005));
#8375=CARTESIAN_POINT('',(0.0006,0.,0.));
#8376=CARTESIAN_POINT('',(0.0006,0.0128,6.81394667223097E-19));
#8377=CARTESIAN_POINT('',(0.0006,0.0128,0.000400000000000001));
#8378=CARTESIAN_POINT('',(0.0006,0.0128,-0.0015));
#8379=CARTESIAN_POINT('',(0.0006,0.0128,-0.0011));
#8380=CARTESIAN_POINT('',(0.0006,0.0143,5.03820881346731E-19));
#8381=CARTESIAN_POINT('',(0.0006,0.0143,0.000500000000000001));
#8382=CARTESIAN_POINT('',(0.0006,0.0143,-0.0015));
#8383=CARTESIAN_POINT('',(0.0006,0.0143,-0.001));
#8384=CARTESIAN_POINT('',(0.0006,0.0143,-0.003));
#8385=CARTESIAN_POINT('',(0.0006,0.0143,-0.0026));
#8386=CARTESIAN_POINT('',(0.0006,0.0158,-0.0015));
#8387=CARTESIAN_POINT('',(0.0006,0.0158,-0.001));
#8388=CARTESIAN_POINT('',(0.0006,0.0158,-0.003));
#8389=CARTESIAN_POINT('',(0.0006,0.0158,-0.0026));
#8390=CARTESIAN_POINT('',(0.0006,0.0173,-3.50237102781043E-20));
#8391=CARTESIAN_POINT('',(0.0006,0.0173,0.0005));
#8392=CARTESIAN_POINT('',(0.0006,0.0173,-0.0015));
#8393=CARTESIAN_POINT('',(0.0006,0.0173,-0.001));
#8394=CARTESIAN_POINT('',(0.0006,0.0173,-0.003));
#8395=CARTESIAN_POINT('',(0.0006,0.0173,-0.0026));
#8396=CARTESIAN_POINT('',(0.0006,0.0188,-3.96294516026573E-19));
#8397=CARTESIAN_POINT('',(0.0006,0.0188,0.0004));
#8398=CARTESIAN_POINT('',(0.0006,0.0188,-0.0015));
#8399=CARTESIAN_POINT('',(0.0006,0.0188,-0.0011));
#8400=CARTESIAN_POINT('',(0.0006,0.0158,0.));
#8401=CARTESIAN_POINT('',(0.0006,0.0158,0.0006));
#8402=CARTESIAN_POINT('',(0.0006,0.0158,0.0015));
#8403=CARTESIAN_POINT('',(0.0006,0.0158,0.002));
#8404=CARTESIAN_POINT('',(0.0006,0.0143,0.0015));
#8405=CARTESIAN_POINT('',(0.0006,0.0143,0.002));
#8406=CARTESIAN_POINT('',(0.0006,0.0128,0.0015));
#8407=CARTESIAN_POINT('',(0.0006,0.0128,0.0019));
#8408=CARTESIAN_POINT('',(0.0006,0.0143,0.003));
#8409=CARTESIAN_POINT('',(0.0006,0.0143,0.0034));
#8410=CARTESIAN_POINT('',(0.0006,0.0158,0.003));
#8411=CARTESIAN_POINT('',(0.0006,0.0158,0.0034));
#8412=CARTESIAN_POINT('',(0.0006,0.0173,0.003));
#8413=CARTESIAN_POINT('',(0.0006,0.0173,0.0034));
#8414=CARTESIAN_POINT('',(0.0006,0.0173,0.0015));
#8415=CARTESIAN_POINT('',(0.0006,0.0173,0.002));
#8416=CARTESIAN_POINT('',(0.0006,0.0188,0.0015));
#8417=CARTESIAN_POINT('',(0.0006,0.0188,0.0019));
#8418=CARTESIAN_POINT('',(0.0006,0.00138497588785369,0.00237485737710481));
#8419=CARTESIAN_POINT('',(0.0006,0.0131005008346659,-0.00445743483602341));
#8420=CARTESIAN_POINT('',(0.0006,0.0232434567342049,-0.0103726318865303));
#8421=CARTESIAN_POINT('',(0.0006,0.,0.));
#8422=CARTESIAN_POINT('',(0.0006,0.0232434567342049,0.0103726318865303));
#8423=CARTESIAN_POINT('',(0.0006,0.00138497588785369,-0.00237485737710481));
#8424=CARTESIAN_POINT('',(0.0006,0.0131005008346659,0.00445743483602341));
#8425=CARTESIAN_POINT('',(0.0006,0.0157,-1.3010426069826E-18));
#8426=CARTESIAN_POINT('',(0.0011,0.,0.));
#8427=CARTESIAN_POINT('',(0.0011,0.0232434567342049,-0.0103726318865303));
#8428=CARTESIAN_POINT('',(0.0011,0.0232434567342049,0.0103726318865303));
#8429=CARTESIAN_POINT('',(0.0001,0.00138497588785369,-0.00237485737710481));
#8430=CARTESIAN_POINT('',(0.0001,0.0131005008346659,0.00445743483602341));
#8431=CARTESIAN_POINT('',(0.000453553390593278,0.0129223898369888,0.00476284680780328));
#8432=CARTESIAN_POINT('',(0.000453553390593274,0.0228692596294396,0.0105636898205147));
#8433=CARTESIAN_POINT('',(0.000522367742288244,0.0230135271627417,0.0105681627523309));
#8434=CARTESIAN_POINT('',(0.000600000000000002,0.023193621254539,0.0105260957972335));
#8435=CARTESIAN_POINT('',(0.0006,0.0232434567342049,0.0103726318865303));
#8436=CARTESIAN_POINT('',(0.000453553390593274,0.0228692596294396,0.0105636898205147));
#8437=CARTESIAN_POINT('',(0.000453553390593275,0.00120686489017659,-0.00206944540532495));
#8438=CARTESIAN_POINT('',(0.0001,0.0157,-1.3010426069826E-18));
#8439=CARTESIAN_POINT('',(0.0001,0.0131005008346659,-0.00445743483602341));
#8440=CARTESIAN_POINT('',(0.000453553390593277,0.0129223898369888,-0.00476284680780328));
#8441=CARTESIAN_POINT('',(0.000453553390593275,0.0157,-1.3010426069826E-18));
#8442=CARTESIAN_POINT('',(0.0001,0.00138497588785369,0.00237485737710481));
#8443=CARTESIAN_POINT('',(0.000453553390593275,0.00120686489017659,0.00206944540532495));
#8444=CARTESIAN_POINT('',(0.000453553390593274,0.0228692596294396,-0.0105636898205147));
#8445=CARTESIAN_POINT('',(0.0006,0.0232434567342049,-0.0103726318865303));
#8446=CARTESIAN_POINT('',(0.000600000000000002,0.0231934656123744,-0.010526575083385));
#8447=CARTESIAN_POINT('',(0.00052238398907179,0.0230135612237091,-0.0105681638083715));
#8448=CARTESIAN_POINT('',(0.000453553390593275,0.0228692596294397,-0.0105636898205147));
#8449=CARTESIAN_POINT('',(0.000853553390593286,-0.0195495686287999,0.0170096036330943));
#8450=CARTESIAN_POINT('',(0.000830426624237047,-0.0196132693367117,0.0169011579517287));
#8451=CARTESIAN_POINT('',(0.000853553390593286,-0.0196363961030679,0.0167775319080598));
#8452=CARTESIAN_POINT('',(0.000617726691937698,-0.0193129408254041,0.0169222920004068));
#8453=CARTESIAN_POINT('',(0.000594301338136424,-0.0193771440506077,0.0168134642159997));
#8454=CARTESIAN_POINT('',(0.0006177266919247,-0.0194005694043993,0.0166892995454184));
#8455=CARTESIAN_POINT('',(0.000382022556093673,-0.0190764138438428,0.0168343457794609));
#8456=CARTESIAN_POINT('',(0.000358359238044134,-0.0191412019505095,0.0167251562666989));
#8457=CARTESIAN_POINT('',(0.000382022556095574,-0.0191648652685702,0.0166004172198131));
#8458=CARTESIAN_POINT('',(0.000146446609406733,-0.0188399914593447,0.0167457359493303));
#8459=CARTESIAN_POINT('',(0.00012261749931583,-0.0189054602117905,0.0166362108777695));
#8460=CARTESIAN_POINT('',(0.000146446609406733,-0.0189292893218814,0.0165108550946581));
#8461=CARTESIAN_POINT('',(0.0005,-0.018575735931288,0.0165108550946581));
#8462=CARTESIAN_POINT('',(0.000146446609406725,-0.0188399914593447,-0.0167457359493302));
#8463=CARTESIAN_POINT('',(0.000122617499315823,-0.0189054602117905,-0.0166362108777695));
#8464=CARTESIAN_POINT('',(0.000146446609406726,-0.0189292893218814,-0.0165108550946581));
#8465=CARTESIAN_POINT('',(0.000382022556106659,-0.0190764138438609,-0.0168343457794601));
#8466=CARTESIAN_POINT('',(0.000358359238059579,-0.0191412019505269,-0.0167251562666965));
#8467=CARTESIAN_POINT('',(0.000382022556111396,-0.019164865268586,-0.0166004172198107));
#8468=CARTESIAN_POINT('',(0.000617726691935053,-0.0193129408254114,-0.0169222920003944));
#8469=CARTESIAN_POINT('',(0.000594301338127359,-0.019377144050621,-0.0168134642159906));
#8470=CARTESIAN_POINT('',(0.000617726691926574,-0.0194005694044012,-0.01668929954541));
#8471=CARTESIAN_POINT('',(0.00085355339059342,-0.0195495686288,-0.0170096036330943));
#8472=CARTESIAN_POINT('',(0.000830426624237181,-0.0196132693367118,-0.0169011579517287));
#8473=CARTESIAN_POINT('',(0.00085355339059342,-0.019636396103068,-0.0167775319080599));
#8474=CARTESIAN_POINT('',(0.0005,-0.0185757359312881,-0.0165108550946581));
#8475=CARTESIAN_POINT('',(0.0005,-0.018575735931288,4.69134368824528E-18));
#8476=CARTESIAN_POINT('',(0.0005,-0.0185757359312881,-0.0165108550946581));
#8477=CARTESIAN_POINT('',(0.,-0.0185757359312881,-0.0165108550946581));
#8478=CARTESIAN_POINT('',(0.,-0.0185757359312881,-0.02606));
#8479=CARTESIAN_POINT('',(0.,-0.018575735931288,0.0165108550946581));
#8480=CARTESIAN_POINT('',(0.0005,-0.018575735931288,0.0165108550946581));
#8481=CARTESIAN_POINT('',(0.000746446609406726,0.0235663199492759,-0.0105167129205146));
#8482=CARTESIAN_POINT('',(0.000599999999999996,0.0234325856268021,-0.0104570326021575));
#8483=CARTESIAN_POINT('',(0.0006,0.0232434567342049,-0.0103726318865303));
#8484=CARTESIAN_POINT('',(0.000746446566846477,0.0234500934577921,-0.0107771583284347));
#8485=CARTESIAN_POINT('',(0.000606216799538753,0.0233563918652519,-0.0106430260824306));
#8486=CARTESIAN_POINT('',(0.000600000000000001,0.0231992626125724,-0.0105087235988512));
#8487=CARTESIAN_POINT('',(0.000619275432263443,0.023226395842274,-0.0109537082192901));
#8488=CARTESIAN_POINT('',(0.000488011045916838,0.0231737719014376,-0.0107566130437118));
#8489=CARTESIAN_POINT('',(0.000536414379493717,0.0230429756410773,-0.0105690758195049));
#8490=CARTESIAN_POINT('',(0.00045355339059327,0.0230100092253721,-0.0110218366011726));
#8491=CARTESIAN_POINT('',(0.000348120041748104,0.023013735511633,-0.0107699982409618));
#8492=CARTESIAN_POINT('',(0.000453553390593272,0.0228692596294396,-0.0105636898205147));
#8493=CARTESIAN_POINT('',(0.000807106781186548,0.0226911486317625,-0.0108691017922946));
#8494=CARTESIAN_POINT('',(0.000146446609408163,0.0224685863052742,-0.0106855393931939));
#8495=CARTESIAN_POINT('',(3.93156467161352E-5,0.0226131088159561,-0.0108938402115635));
#8496=CARTESIAN_POINT('',(0.000146446609408162,0.0226075761398242,-0.011147306928357));
#8497=CARTESIAN_POINT('',(0.000248666635688662,0.0226024199257742,-0.0106452561091552));
#8498=CARTESIAN_POINT('',(0.000142045803441843,0.0227468476847772,-0.0108529111287903));
#8499=CARTESIAN_POINT('',(0.000248666635676031,0.0227420094198891,-0.0111058074896824));
#8500=CARTESIAN_POINT('',(0.000351036826711105,0.0227359753601088,-0.0106046367568593));
#8501=CARTESIAN_POINT('',(0.00024498311025258,0.0228803897994076,-0.0108116274996685));
#8502=CARTESIAN_POINT('',(0.000351036826727759,0.0228761512432719,-0.0110639812631033));
#8503=CARTESIAN_POINT('',(0.000453553390593266,0.0228692596294396,-0.0105636898205147));
#8504=CARTESIAN_POINT('',(0.000348120041748103,0.023013735511633,-0.0107699982409618));
#8505=CARTESIAN_POINT('',(0.000453553390593266,0.0230100092253721,-0.0110218366011725));
#8506=CARTESIAN_POINT('',(0.0005,0.0222904753075953,-0.0109909513649743));
#8507=CARTESIAN_POINT('',(0.000146446609408163,0.0224685863052742,-0.0106855393931939));
#8508=CARTESIAN_POINT('',(0.000146446609408163,0.0224685863052742,-0.0106855393931939));
#8509=CARTESIAN_POINT('',(0.000248639137660368,0.0226023839234492,-0.010645266945702));
#8510=CARTESIAN_POINT('',(0.000351009467934124,0.0227359397902714,-0.0106046476844241));
#8511=CARTESIAN_POINT('',(0.000453553390593275,0.0228692596294396,-0.0105636898205147));
#8512=CARTESIAN_POINT('',(0.0005,0.,0.));
#8513=CARTESIAN_POINT('',(0.,0.,0.));
#8514=CARTESIAN_POINT('',(0.,0.0222904753075953,-0.0109909513649743));
#8515=CARTESIAN_POINT('',(0.0005,-0.0185757359312881,-0.0165108550946581));
#8516=CARTESIAN_POINT('',(0.0005,0.0222904753075953,-0.0109909513649743));
#8517=CARTESIAN_POINT('',(0.0005,0.,0.));
#8518=CARTESIAN_POINT('',(0.0005,-0.018575735931288,0.0165108550946581));
#8519=CARTESIAN_POINT('',(0.,0.,0.));
#8520=CARTESIAN_POINT('',(0.,0.0222904753075953,0.0109909513649743));
#8521=CARTESIAN_POINT('',(0.0005,0.0222904753075953,0.0109909513649743));
#8522=CARTESIAN_POINT('',(0.000146446609406725,0.0226075761398223,0.0111473069283576));
#8523=CARTESIAN_POINT('',(3.93156467146918E-5,0.0226131088159542,0.0108938402115641));
#8524=CARTESIAN_POINT('',(0.000146446609406726,0.0224685863052724,0.0106855393931944));
#8525=CARTESIAN_POINT('',(0.00024866663604461,0.0227420094203731,0.0111058074895342));
#8526=CARTESIAN_POINT('',(0.000142045803814898,0.0227468476852561,0.0108529111286434));
#8527=CARTESIAN_POINT('',(0.000248666636057949,0.0226024199262539,0.0106452561090074));
#8528=CARTESIAN_POINT('',(0.000351036826726276,0.02287615124327,0.0110639812631037));
#8529=CARTESIAN_POINT('',(0.000244983110251441,0.0228803897994071,0.010811627499669));
#8530=CARTESIAN_POINT('',(0.000351036826709689,0.022735975360107,0.0106046367568598));
#8531=CARTESIAN_POINT('',(0.000453553390593272,0.0230100092253721,0.0110218366011725));
#8532=CARTESIAN_POINT('',(0.000348120041748108,0.023013735511633,0.0107699982409618));
#8533=CARTESIAN_POINT('',(0.000453553390593273,0.0228692596294397,0.0105636898205147));
#8534=CARTESIAN_POINT('',(0.0005,0.0222904753075953,0.0109909513649743));
#8535=CARTESIAN_POINT('',(0.000146446609406731,0.0224685863052723,0.0106855393931944));
#8536=CARTESIAN_POINT('',(0.000453553390593274,0.0228692596294396,0.0105636898205147));
#8537=CARTESIAN_POINT('',(0.000351009467933647,0.0227359397902707,0.0106046476844243));
#8538=CARTESIAN_POINT('',(0.000248639137659407,0.0226023839234479,0.0106452669457024));
#8539=CARTESIAN_POINT('',(0.000146446609406729,0.0224685863052723,0.0106855393931944));
#8540=CARTESIAN_POINT('',(0.000807106781186549,0.0226911486317625,0.0108691017922946));
#8541=CARTESIAN_POINT('',(0.000453553390593276,0.023010009225372,0.0110218366011726));
#8542=CARTESIAN_POINT('',(0.000348120041748112,0.0230137355116329,0.0107699982409619));
#8543=CARTESIAN_POINT('',(0.000453553390593286,0.0228692596294396,0.0105636898205147));
#8544=CARTESIAN_POINT('',(0.000619448245907177,0.0232266215209781,0.010953637107826));
#8545=CARTESIAN_POINT('',(0.000488151870516332,0.0231739330301243,0.0107565995169869));
#8546=CARTESIAN_POINT('',(0.000536500804841447,0.023043156794561,0.0105690814167086));
#8547=CARTESIAN_POINT('',(0.000746446572293616,0.0234500713328975,0.0107772079202531));
#8548=CARTESIAN_POINT('',(0.000606217980812481,0.0233563774526526,0.0106430612776838));
#8549=CARTESIAN_POINT('',(0.000600000000000003,0.0231992542027975,0.0105087495136481));
#8550=CARTESIAN_POINT('',(0.000746446609406726,0.023566319949276,0.0105167129205146));
#8551=CARTESIAN_POINT('',(0.000599999999999996,0.0234325856268022,0.0104570326021576));
#8552=CARTESIAN_POINT('',(0.0006,0.0232434567342049,0.0103726318865303));
#8553=CARTESIAN_POINT('',(-0.00014142135623731,0.000907132095724087,-0.00155548509431268));
#8554=CARTESIAN_POINT('',(0.000146446609406726,0.00105215248564059,-0.00180415566384697));
#8555=CARTESIAN_POINT('',(0.000146446609406729,0.0127676774324528,0.00502813654928126));
#8556=CARTESIAN_POINT('',(-0.00014142135623731,0.0126226570425363,0.00527680711881553));
#8557=CARTESIAN_POINT('',(-0.00014142135623731,0.0157,-1.3010426069826E-18));
#8558=CARTESIAN_POINT('',(0.000146446609406726,0.0157,-1.3010426069826E-18));
#8559=CARTESIAN_POINT('',(0.000146446609406728,0.0127676774324528,-0.00502813654928126));
#8560=CARTESIAN_POINT('',(-0.00014142135623731,0.0126226570425363,-0.00527680711881554));
#8561=CARTESIAN_POINT('',(-0.00014142135623731,0.000907132095724087,0.00155548509431268));
#8562=CARTESIAN_POINT('',(0.000146446609406727,0.00105215248564059,0.00180415566384697));
#8563=CARTESIAN_POINT('',(0.0005,-0.018575735931288,0.0165108550946581));
#8564=CARTESIAN_POINT('',(0.0005,-0.0185757359312881,-0.0165108550946581));
#8565=CARTESIAN_POINT('',(0.,0.,-0.02606));
#8566=CARTESIAN_POINT('',(0.,0.0122147762060604,-0.00511497731978474));
#8567=CARTESIAN_POINT('',(0.,0.0125895664347757,-0.00533354852106112));
#8568=CARTESIAN_POINT('',(0.,0.0157,-1.3010426069826E-18));
#8569=CARTESIAN_POINT('',(0.,0.0125895664347757,0.00533354852106112));
#8570=CARTESIAN_POINT('',(0.,-0.0104666932301334,-0.00811246470391894));
#8571=CARTESIAN_POINT('',(0.,-0.00473791984305941,-0.0233245607032108));
#8572=CARTESIAN_POINT('',(0.,0.0144040952422265,0.00983038198375433));
#8573=CARTESIAN_POINT('',(0.,0.016078190484453,0.01273));
#8574=CARTESIAN_POINT('',(0.,0.,0.00983038198375433));
#8575=CARTESIAN_POINT('',(0.,0.0110559047577735,0.00983038198375433));
#8576=CARTESIAN_POINT('',(0.,0.0238329198430594,-0.0123000573130348));
#8577=CARTESIAN_POINT('',(0.,0.00938180951554696,0.01273));
#8578=CARTESIAN_POINT('',(0.,-0.00976020556973898,-0.0204249426869651));
#8579=CARTESIAN_POINT('',(0.,0.0110559047577735,0.0156296180162456));
#8580=CARTESIAN_POINT('',(0.,0.,0.0156296180162456));
#8581=CARTESIAN_POINT('',(0.,0.0144040952422265,0.0156296180162456));
#8582=CARTESIAN_POINT('',(0.,0.028855205569739,-0.00940043929678918));
#8583=CARTESIAN_POINT('',(0.,0.0143751174595553,-0.00978019099187716));
#8584=CARTESIAN_POINT('',(0.,0.0144040952422265,-0.00983038198375433));
#8585=CARTESIAN_POINT('',(0.,0.016078190484453,-0.01273));
#8586=CARTESIAN_POINT('',(0.,0.0161071682671242,-0.0126798090081228));
#8587=CARTESIAN_POINT('',(0.,0.0144040952422265,-0.0156296180162456));
#8588=CARTESIAN_POINT('',(0.,0.0144620508075689,-0.0156296180162456));
#8589=CARTESIAN_POINT('',(0.,0.0110559047577735,-0.0156296180162456));
#8590=CARTESIAN_POINT('',(0.,0.0110848825404446,-0.0156798090081228));
#8591=CARTESIAN_POINT('',(0.,0.00938180951554696,-0.01273));
#8592=CARTESIAN_POINT('',(0.,0.00935283173287578,-0.0127801909918772));
#8593=CARTESIAN_POINT('',(0.,0.0110559047577735,-0.00983038198375433));
#8594=CARTESIAN_POINT('',(0.,0.0109979491924311,-0.00983038198375433));
#8595=CARTESIAN_POINT('',(0.,-0.0143751174595553,0.00978019099187716));
#8596=CARTESIAN_POINT('',(0.,-0.0144040952422265,0.00983038198375433));
#8597=CARTESIAN_POINT('',(0.,-0.016078190484453,0.01273));
#8598=CARTESIAN_POINT('',(0.,-0.0161071682671242,0.0126798090081228));
#8599=CARTESIAN_POINT('',(0.,-0.0144040952422265,0.0156296180162456));
#8600=CARTESIAN_POINT('',(0.,-0.0144620508075689,0.0156296180162456));
#8601=CARTESIAN_POINT('',(0.,-0.0110559047577735,0.0156296180162456));
#8602=CARTESIAN_POINT('',(0.,-0.0110848825404446,0.0156798090081228));
#8603=CARTESIAN_POINT('',(0.,-0.00938180951554696,0.01273));
#8604=CARTESIAN_POINT('',(0.,-0.00935283173287578,0.0127801909918772));
#8605=CARTESIAN_POINT('',(0.,-0.0110559047577735,0.00983038198375433));
#8606=CARTESIAN_POINT('',(0.,-0.0109979491924311,0.00983038198375433));
#8607=CARTESIAN_POINT('',(0.,-0.017830702179563,-0.0157654392967892));
#8608=CARTESIAN_POINT('',(0.,-0.0144040952422265,-0.00983038198375433));
#8609=CARTESIAN_POINT('',(0.,-0.016078190484453,-0.01273));
#8610=CARTESIAN_POINT('',(0.,0.,-0.00983038198375433));
#8611=CARTESIAN_POINT('',(0.,-0.0110559047577735,-0.00983038198375433));
#8612=CARTESIAN_POINT('',(0.,-0.00126429782043691,-0.0267899426869651));
#8613=CARTESIAN_POINT('',(0.,-0.00938180951554696,-0.01273));
#8614=CARTESIAN_POINT('',(0.,-0.0128084164528835,-0.0186650573130349));
#8615=CARTESIAN_POINT('',(0.,-0.0110559047577735,-0.0156296180162456));
#8616=CARTESIAN_POINT('',(0.,0.,-0.0156296180162456));
#8617=CARTESIAN_POINT('',(0.,-0.0144040952422265,-0.0156296180162456));
#8618=CARTESIAN_POINT('',(0.,-0.00628658354711647,-0.0296895607032108));
#8619=CARTESIAN_POINT('',(0.0005,0.0222904753075953,-0.0109909513649743));
#8620=CARTESIAN_POINT('',(0.0005,0.0222904753075953,-0.0109909513649743));
#8621=CARTESIAN_POINT('',(0.0005,0.0222904753075953,0.0109909513649743));
#8622=CARTESIAN_POINT('',(0.0005,0.0222904753075953,0.0109909513649743));
#8623=CARTESIAN_POINT('',(0.0005,0.000874041487963484,-0.0014987436920671));
#8624=CARTESIAN_POINT('',(0.0005,0.0125895664347757,0.00533354852106112));
#8625=CARTESIAN_POINT('',(0.0005,0.0157,-1.3010426069826E-18));
#8626=CARTESIAN_POINT('',(0.0005,0.0125895664347757,-0.00533354852106112));
#8627=CARTESIAN_POINT('',(0.0005,0.000874041487963484,0.0014987436920671));
#8628=CARTESIAN_POINT('',(-8.71557427476584E-6,0.0143757778160026,0.00977980973490458));
#8629=CARTESIAN_POINT('',(0.000161618188062115,0.0160618632968056,0.01273));
#8630=CARTESIAN_POINT('',(-0.00271023769503808,0.0163519873878005,0.01273));
#8631=CARTESIAN_POINT('',(-0.00271023769503807,0.0154464905408504,0.0111616334549889));
#8632=CARTESIAN_POINT('',(-0.00271023769503806,0.0145409936939003,0.00959326690997787));
#8633=CARTESIAN_POINT('',(0.000161618188062115,0.0143959316484028,0.00984452174302936));
#8634=CARTESIAN_POINT('',(-8.71557427476584E-6,0.0109979491924311,0.00982961946980917));
#8635=CARTESIAN_POINT('',(-0.00271023769503804,0.01273,0.00959326690997787));
#8636=CARTESIAN_POINT('',(-0.00271023769503805,0.0109190063060997,0.00959326690997787));
#8637=CARTESIAN_POINT('',(0.000161618188062117,0.0110640683515972,0.00984452174302936));
#8638=CARTESIAN_POINT('',(-8.71557427476584E-6,0.00935217137642853,0.0127798097349046));
#8639=CARTESIAN_POINT('',(-0.00271023769503806,0.0100135094591496,0.0111616334549889));
#8640=CARTESIAN_POINT('',(-0.00271023769503806,0.00910801261219944,0.01273));
#8641=CARTESIAN_POINT('',(0.000161618188062116,0.00939813670319439,0.01273));
#8642=CARTESIAN_POINT('',(-8.71557427476584E-6,0.0110842221839974,0.0156801902650954));
#8643=CARTESIAN_POINT('',(-0.00271023769503805,0.0100135094591496,0.014298366545011));
#8644=CARTESIAN_POINT('',(-0.00271023769503806,0.0109190063060997,0.0158667330900221));
#8645=CARTESIAN_POINT('',(0.000161618188062117,0.0110640683515972,0.0156154782569706));
#8646=CARTESIAN_POINT('',(-8.71557427476584E-6,0.0144620508075689,0.0156303805301908));
#8647=CARTESIAN_POINT('',(-0.00271023769503807,0.01273,0.0158667330900221));
#8648=CARTESIAN_POINT('',(-0.00271023769503807,0.0145409936939003,0.0158667330900221));
#8649=CARTESIAN_POINT('',(0.000161618188062116,0.0143959316484028,0.0156154782569706));
#8650=CARTESIAN_POINT('',(-8.71557427476584E-6,0.0161078286235714,0.0126801902650954));
#8651=CARTESIAN_POINT('',(-0.00271023769503808,0.0154464905408504,0.014298366545011));
#8652=CARTESIAN_POINT('',(-8.71557427476584E-6,0.0143757778160026,-0.00977980973490458));
#8653=CARTESIAN_POINT('',(-1.15914157578323E-5,0.0144046807432226,-0.0098293678662813));
#8654=CARTESIAN_POINT('',(-0.0027325313268554,0.0145421197809898,-0.00959131646992503));
#8655=CARTESIAN_POINT('',(-0.0027325313268554,0.0145821542677003,-0.00966065823496252));
#8656=CARTESIAN_POINT('',(-0.00273253132685541,0.0163542395619796,-0.01273));
#8657=CARTESIAN_POINT('',(-1.15914157578318E-5,0.0160793614864451,-0.01273));
#8658=CARTESIAN_POINT('',(-8.71557427476584E-6,0.0161078286235714,-0.0126801902650954));
#8659=CARTESIAN_POINT('',(-0.00273253132685543,0.0163142050752692,-0.0127993417650375));
#8660=CARTESIAN_POINT('',(-0.00273253132685543,0.0145421197809898,-0.015868683530075));
#8661=CARTESIAN_POINT('',(-1.15914157578334E-5,0.0144046807432225,-0.0156306321337187));
#8662=CARTESIAN_POINT('',(-8.71557427476584E-6,0.0144620508075689,-0.0156303805301908));
#8663=CARTESIAN_POINT('',(-0.00273253132685542,0.0144620508075689,-0.015868683530075));
#8664=CARTESIAN_POINT('',(-0.00273253132685541,0.0109178802190102,-0.015868683530075));
#8665=CARTESIAN_POINT('',(-1.15914157578329E-5,0.0110553192567774,-0.0156306321337187));
#8666=CARTESIAN_POINT('',(-8.71557427476584E-6,0.0110842221839974,-0.0156801902650954));
#8667=CARTESIAN_POINT('',(-0.0027325313268554,0.0108778457322997,-0.0157993417650375));
#8668=CARTESIAN_POINT('',(-0.0027325313268554,0.00910576043802035,-0.01273));
#8669=CARTESIAN_POINT('',(-1.15914157578324E-5,0.00938063851355487,-0.01273));
#8670=CARTESIAN_POINT('',(-8.71557427476584E-6,0.00935217137642853,-0.0127798097349046));
#8671=CARTESIAN_POINT('',(-0.00273253132685541,0.00914579492473083,-0.0126606582349625));
#8672=CARTESIAN_POINT('',(-0.0027325313268554,0.0109178802190102,-0.00959131646992503));
#8673=CARTESIAN_POINT('',(-1.15914157578326E-5,0.0110553192567774,-0.0098293678662813));
#8674=CARTESIAN_POINT('',(-8.71557427476584E-6,0.0109979491924311,-0.00982961946980917));
#8675=CARTESIAN_POINT('',(-0.0027325313268554,0.0109979491924311,-0.00959131646992503));
#8676=CARTESIAN_POINT('',(-8.71557427476584E-6,-0.0143757778160026,0.00977980973490458));
#8677=CARTESIAN_POINT('',(-1.15914157578323E-5,-0.0144046807432226,0.0098293678662813));
#8678=CARTESIAN_POINT('',(-0.0027325313268554,-0.0145421197809898,0.00959131646992503));
#8679=CARTESIAN_POINT('',(-0.0027325313268554,-0.0145821542677003,0.00966065823496252));
#8680=CARTESIAN_POINT('',(-0.00273253132685541,-0.0163542395619796,0.01273));
#8681=CARTESIAN_POINT('',(-1.15914157578318E-5,-0.0160793614864451,0.01273));
#8682=CARTESIAN_POINT('',(-8.71557427476584E-6,-0.0161078286235714,0.0126801902650954));
#8683=CARTESIAN_POINT('',(-0.00273253132685543,-0.0163142050752692,0.0127993417650375));
#8684=CARTESIAN_POINT('',(-0.00273253132685543,-0.0145421197809898,0.015868683530075));
#8685=CARTESIAN_POINT('',(-1.15914157578334E-5,-0.0144046807432225,0.0156306321337187));
#8686=CARTESIAN_POINT('',(-8.71557427476584E-6,-0.0144620508075689,0.0156303805301908));
#8687=CARTESIAN_POINT('',(-0.00273253132685542,-0.0144620508075689,0.015868683530075));
#8688=CARTESIAN_POINT('',(-0.00273253132685541,-0.0109178802190102,0.015868683530075));
#8689=CARTESIAN_POINT('',(-1.15914157578329E-5,-0.0110553192567774,0.0156306321337187));
#8690=CARTESIAN_POINT('',(-8.71557427476584E-6,-0.0110842221839974,0.0156801902650954));
#8691=CARTESIAN_POINT('',(-0.0027325313268554,-0.0108778457322997,0.0157993417650375));
#8692=CARTESIAN_POINT('',(-0.0027325313268554,-0.00910576043802035,0.01273));
#8693=CARTESIAN_POINT('',(-1.15914157578324E-5,-0.00938063851355487,0.01273));
#8694=CARTESIAN_POINT('',(-8.71557427476584E-6,-0.00935217137642853,0.0127798097349046));
#8695=CARTESIAN_POINT('',(-0.00273253132685541,-0.00914579492473083,0.0126606582349625));
#8696=CARTESIAN_POINT('',(-0.0027325313268554,-0.0109178802190102,0.00959131646992503));
#8697=CARTESIAN_POINT('',(-1.15914157578326E-5,-0.0110553192567774,0.0098293678662813));
#8698=CARTESIAN_POINT('',(-8.71557427476584E-6,-0.0109979491924311,0.00982961946980917));
#8699=CARTESIAN_POINT('',(-0.0027325313268554,-0.0109979491924311,0.00959131646992503));
#8700=CARTESIAN_POINT('',(-8.71557427476584E-6,-0.0143757778160026,-0.00977980973490458));
#8701=CARTESIAN_POINT('',(0.000161618188062115,-0.0160618632968056,-0.01273));
#8702=CARTESIAN_POINT('',(-0.00271023769503808,-0.0163519873878005,-0.01273));
#8703=CARTESIAN_POINT('',(-0.00271023769503807,-0.0154464905408504,-0.0111616334549889));
#8704=CARTESIAN_POINT('',(-0.00271023769503806,-0.0145409936939003,-0.00959326690997787));
#8705=CARTESIAN_POINT('',(0.000161618188062115,-0.0143959316484028,-0.00984452174302936));
#8706=CARTESIAN_POINT('',(-8.71557427476584E-6,-0.0109979491924311,-0.00982961946980917));
#8707=CARTESIAN_POINT('',(-0.00271023769503804,-0.01273,-0.00959326690997787));
#8708=CARTESIAN_POINT('',(-0.00271023769503805,-0.0109190063060997,-0.00959326690997787));
#8709=CARTESIAN_POINT('',(0.000161618188062117,-0.0110640683515972,-0.00984452174302936));
#8710=CARTESIAN_POINT('',(-8.71557427476584E-6,-0.00935217137642853,-0.0127798097349046));
#8711=CARTESIAN_POINT('',(-0.00271023769503806,-0.0100135094591496,-0.0111616334549889));
#8712=CARTESIAN_POINT('',(-0.00271023769503806,-0.00910801261219944,-0.01273));
#8713=CARTESIAN_POINT('',(0.000161618188062116,-0.00939813670319439,-0.01273));
#8714=CARTESIAN_POINT('',(-8.71557427476584E-6,-0.0110842221839974,-0.0156801902650954));
#8715=CARTESIAN_POINT('',(-0.00271023769503805,-0.0100135094591496,-0.014298366545011));
#8716=CARTESIAN_POINT('',(-0.00271023769503806,-0.0109190063060997,-0.0158667330900221));
#8717=CARTESIAN_POINT('',(0.000161618188062117,-0.0110640683515972,-0.0156154782569706));
#8718=CARTESIAN_POINT('',(-8.71557427476584E-6,-0.0144620508075689,-0.0156303805301908));
#8719=CARTESIAN_POINT('',(-0.00271023769503807,-0.01273,-0.0158667330900221));
#8720=CARTESIAN_POINT('',(-0.00271023769503807,-0.0145409936939003,-0.0158667330900221));
#8721=CARTESIAN_POINT('',(0.000161618188062116,-0.0143959316484028,-0.0156154782569706));
#8722=CARTESIAN_POINT('',(-8.71557427476584E-6,-0.0161078286235714,-0.0126801902650954));
#8723=CARTESIAN_POINT('',(-0.00271023769503808,-0.0154464905408504,-0.014298366545011));
#8724=CARTESIAN_POINT('',(-0.0031,0.015163257446667,0.0113251581581591));
#8725=CARTESIAN_POINT('',(-0.00350534070719139,0.0155816050856991,0.01273));
#8726=CARTESIAN_POINT('',(-0.0031,0.0159743432622227,0.01273));
#8727=CARTESIAN_POINT('',(-0.0031,0.01610757583578,0.0129607655866243));
#8728=CARTESIAN_POINT('',(-0.0031,0.0143521716311114,0.00992031631631826));
#8729=CARTESIAN_POINT('',(-0.00350534070719138,0.0141558025428495,0.0102604375542237));
#8730=CARTESIAN_POINT('',(-0.0031,0.01273,0.00992031631631826));
#8731=CARTESIAN_POINT('',(-0.0031,0.0146186367782259,0.00992031631631826));
#8732=CARTESIAN_POINT('',(-0.0031,0.0111078283688887,0.00992031631631826));
#8733=CARTESIAN_POINT('',(-0.00350534070719138,0.0113041974571505,0.0102604375542237));
#8734=CARTESIAN_POINT('',(-0.0031,0.010296742553333,0.0113251581581591));
#8735=CARTESIAN_POINT('',(-0.00350534070719138,0.00987839491430092,0.01273));
#8736=CARTESIAN_POINT('',(-0.0031,0.0094856567377773,0.01273));
#8737=CARTESIAN_POINT('',(-0.0031,0.0112410609424459,0.00968955072969395));
#8738=CARTESIAN_POINT('',(-0.0031,0.010296742553333,0.0141348418418409));
#8739=CARTESIAN_POINT('',(-0.00350534070719139,0.0113041974571505,0.0151995624457763));
#8740=CARTESIAN_POINT('',(-0.0031,0.0111078283688886,0.0155396836836817));
#8741=CARTESIAN_POINT('',(-0.0031,0.00935242416422005,0.0124992344133757));
#8742=CARTESIAN_POINT('',(-0.0031,0.01273,0.0155396836836817));
#8743=CARTESIAN_POINT('',(-0.00350534070719138,0.0141558025428495,0.0151995624457763));
#8744=CARTESIAN_POINT('',(-0.0031,0.0143521716311113,0.0155396836836817));
#8745=CARTESIAN_POINT('',(-0.0031,0.0108413632217741,0.0155396836836817));
#8746=CARTESIAN_POINT('',(-0.0031,0.015163257446667,0.0141348418418409));
#8747=CARTESIAN_POINT('',(-0.0031,0.0142189390575541,0.0157704492703061));
#8748=CARTESIAN_POINT('',(-0.00264022509220568,0.0146620938118346,-0.00961450511763766));
#8749=CARTESIAN_POINT('',(-0.00267322363002349,0.0145763610957207,-0.00953200877309312));
#8750=CARTESIAN_POINT('',(-0.0031,0.014329961643631,-0.00995878514306963));
#8751=CARTESIAN_POINT('',(-0.0031,0.0141856240763336,-0.00970878514306963));
#8752=CARTESIAN_POINT('',(-0.0031,0.0159299232872621,-0.01273));
#8753=CARTESIAN_POINT('',(-0.00353036648716637,0.0154329788728307,-0.01273));
#8754=CARTESIAN_POINT('',(-0.00264022509220568,0.0163941446194036,-0.0128454948823623));
#8755=CARTESIAN_POINT('',(-0.00353036648716634,0.0140814894364154,-0.0150708483697641));
#8756=CARTESIAN_POINT('',(-0.0031,0.014329961643631,-0.0155012148569304));
#8757=CARTESIAN_POINT('',(-0.0031,0.0160742608545595,-0.01248));
#8758=CARTESIAN_POINT('',(-0.00264022509220568,0.0144620508075689,-0.0159609897647247));
#8759=CARTESIAN_POINT('',(-0.00353036648716635,0.0113785105635846,-0.015070848369764));
#8760=CARTESIAN_POINT('',(-0.0031,0.011130038356369,-0.0155012148569304));
#8761=CARTESIAN_POINT('',(-0.0031,0.0146186367782258,-0.0155012148569304));
#8762=CARTESIAN_POINT('',(-0.00264022509220568,0.0107979061881654,-0.0158454948823624));
#8763=CARTESIAN_POINT('',(-0.0031,0.0112743759236664,-0.0157512148569303));
#8764=CARTESIAN_POINT('',(-0.0031,0.00953007671273793,-0.01273));
#8765=CARTESIAN_POINT('',(-0.00353036648716635,0.0100270211271693,-0.01273));
#8766=CARTESIAN_POINT('',(-0.00264022509220568,0.00906585538059648,-0.0126145051176377));
#8767=CARTESIAN_POINT('',(-0.0031,0.00938573914544053,-0.01298));
#8768=CARTESIAN_POINT('',(-0.0031,0.011130038356369,-0.00995878514306963));
#8769=CARTESIAN_POINT('',(-0.00353036648716635,0.0113785105635847,-0.010389151630236));
#8770=CARTESIAN_POINT('',(-0.00264022509220568,0.0109979491924311,-0.00949901023527531));
#8771=CARTESIAN_POINT('',(-0.0031,0.0108413632217742,-0.00995878514306963));
#8772=CARTESIAN_POINT('',(-0.00264022509220568,-0.0146620938118346,0.00961450511763766));
#8773=CARTESIAN_POINT('',(-0.00267322363002349,-0.0145763610957207,0.00953200877309312));
#8774=CARTESIAN_POINT('',(-0.0031,-0.014329961643631,0.00995878514306963));
#8775=CARTESIAN_POINT('',(-0.0031,-0.0141856240763336,0.00970878514306963));
#8776=CARTESIAN_POINT('',(-0.0031,-0.0159299232872621,0.01273));
#8777=CARTESIAN_POINT('',(-0.00353036648716637,-0.0154329788728307,0.01273));
#8778=CARTESIAN_POINT('',(-0.00264022509220568,-0.0163941446194036,0.0128454948823623));
#8779=CARTESIAN_POINT('',(-0.00353036648716634,-0.0140814894364154,0.0150708483697641));
#8780=CARTESIAN_POINT('',(-0.0031,-0.014329961643631,0.0155012148569304));
#8781=CARTESIAN_POINT('',(-0.0031,-0.0160742608545595,0.01248));
#8782=CARTESIAN_POINT('',(-0.00264022509220568,-0.0144620508075689,0.0159609897647247));
#8783=CARTESIAN_POINT('',(-0.00353036648716635,-0.0113785105635846,0.015070848369764));
#8784=CARTESIAN_POINT('',(-0.0031,-0.011130038356369,0.0155012148569304));
#8785=CARTESIAN_POINT('',(-0.0031,-0.0146186367782258,0.0155012148569304));
#8786=CARTESIAN_POINT('',(-0.00264022509220568,-0.0107979061881654,0.0158454948823624));
#8787=CARTESIAN_POINT('',(-0.0031,-0.0112743759236664,0.0157512148569303));
#8788=CARTESIAN_POINT('',(-0.0031,-0.00953007671273793,0.01273));
#8789=CARTESIAN_POINT('',(-0.00353036648716635,-0.0100270211271693,0.01273));
#8790=CARTESIAN_POINT('',(-0.00264022509220568,-0.00906585538059648,0.0126145051176377));
#8791=CARTESIAN_POINT('',(-0.0031,-0.00938573914544053,0.01298));
#8792=CARTESIAN_POINT('',(-0.0031,-0.011130038356369,0.00995878514306963));
#8793=CARTESIAN_POINT('',(-0.00353036648716635,-0.0113785105635847,0.010389151630236));
#8794=CARTESIAN_POINT('',(-0.00264022509220568,-0.0109979491924311,0.00949901023527531));
#8795=CARTESIAN_POINT('',(-0.0031,-0.0108413632217742,0.00995878514306963));
#8796=CARTESIAN_POINT('',(-0.0031,-0.015163257446667,-0.0113251581581591));
#8797=CARTESIAN_POINT('',(-0.00350534070719139,-0.0155816050856991,-0.01273));
#8798=CARTESIAN_POINT('',(-0.0031,-0.0159743432622227,-0.01273));
#8799=CARTESIAN_POINT('',(-0.0031,-0.01610757583578,-0.0129607655866243));
#8800=CARTESIAN_POINT('',(-0.0031,-0.0143521716311114,-0.00992031631631826));
#8801=CARTESIAN_POINT('',(-0.00350534070719138,-0.0141558025428495,-0.0102604375542237));
#8802=CARTESIAN_POINT('',(-0.0031,-0.01273,-0.00992031631631826));
#8803=CARTESIAN_POINT('',(-0.0031,-0.0146186367782259,-0.00992031631631826));
#8804=CARTESIAN_POINT('',(-0.0031,-0.0111078283688887,-0.00992031631631826));
#8805=CARTESIAN_POINT('',(-0.00350534070719138,-0.0113041974571505,-0.0102604375542237));
#8806=CARTESIAN_POINT('',(-0.0031,-0.010296742553333,-0.0113251581581591));
#8807=CARTESIAN_POINT('',(-0.00350534070719138,-0.00987839491430092,-0.01273));
#8808=CARTESIAN_POINT('',(-0.0031,-0.0094856567377773,-0.01273));
#8809=CARTESIAN_POINT('',(-0.0031,-0.0112410609424459,-0.00968955072969395));
#8810=CARTESIAN_POINT('',(-0.0031,-0.010296742553333,-0.0141348418418409));
#8811=CARTESIAN_POINT('',(-0.00350534070719139,-0.0113041974571505,-0.0151995624457763));
#8812=CARTESIAN_POINT('',(-0.0031,-0.0111078283688886,-0.0155396836836817));
#8813=CARTESIAN_POINT('',(-0.0031,-0.00935242416422005,-0.0124992344133757));
#8814=CARTESIAN_POINT('',(-0.0031,-0.01273,-0.0155396836836817));
#8815=CARTESIAN_POINT('',(-0.00350534070719138,-0.0141558025428495,-0.0151995624457763));
#8816=CARTESIAN_POINT('',(-0.0031,-0.0143521716311113,-0.0155396836836817));
#8817=CARTESIAN_POINT('',(-0.0031,-0.0108413632217741,-0.0155396836836817));
#8818=CARTESIAN_POINT('',(-0.0031,-0.015163257446667,-0.0141348418418409));
#8819=CARTESIAN_POINT('',(-0.0031,-0.0142189390575541,-0.0157704492703061));
#8820=CARTESIAN_POINT('',(-0.0031,0.01273,0.01273));
#8821=CARTESIAN_POINT('',(-0.0031,0.01273,-0.01273));
#8822=CARTESIAN_POINT('',(-0.0031,-0.01273,0.01273));
#8823=CARTESIAN_POINT('',(-0.0031,-0.01273,-0.01273));
#8824=CARTESIAN_POINT('',(0.004,0.0158718658306298,0.0252872540664101));
#8825=CARTESIAN_POINT('',(-0.00158386456538106,0.0255434029604533,0.0164693331665427));
#8826=CARTESIAN_POINT('',(-0.000952361131133264,0.0244496069271818,0.0166920353542785));
#8827=CARTESIAN_POINT('',(-0.000337363942456784,0.0233844005498821,0.0170220474829381));
#8828=CARTESIAN_POINT('',(0.000261098780039923,0.0223478327080819,0.01745955301955));
#8829=CARTESIAN_POINT('',(-0.00158386456538106,0.0255434029604533,0.0164693331665426));
#8830=CARTESIAN_POINT('',(0.000261098780039926,0.0223478327080819,0.01745955301955));
#8831=CARTESIAN_POINT('',(0.0126453148871066,0.000897741198729584,0.));
#8832=CARTESIAN_POINT('',(0.000261098780048699,0.0223478327080667,-0.0174595530195563));
#8833=CARTESIAN_POINT('',(0.000261098780048695,0.0223478327080667,-0.0174595530195564));
#8834=CARTESIAN_POINT('',(-0.000337363942452977,0.0233844005498756,-0.0170220474829397));
#8835=CARTESIAN_POINT('',(-0.000952361131134697,0.0244496069271843,-0.0166920353542772));
#8836=CARTESIAN_POINT('',(-0.001583864565388,0.0255434029604653,-0.0164693331665402));
#8837=CARTESIAN_POINT('',(-0.001583864565388,0.0255434029604653,-0.0164693331665402));
#8838=CARTESIAN_POINT('',(0.000261227393536381,0.0223476099429714,-0.0171200121550334));
#8839=CARTESIAN_POINT('',(-0.00384618695315927,0.0294618602791856,-0.0156715162144904));
#8840=CARTESIAN_POINT('',(-0.00384618695315927,0.0294618602791856,0.0136));
#8841=CARTESIAN_POINT('',(-0.00384618800182719,0.0294618596726125,0.0156741321539328));
#8842=CARTESIAN_POINT('',(0.00458560252358949,0.0148575725067322,0.0186450201752994));
#8843=CARTESIAN_POINT('',(-0.00879577620110398,0.026026863325317,0.0116));
#8844=CARTESIAN_POINT('',(-0.00879577620110398,0.026026863325317,0.0116));
#8845=CARTESIAN_POINT('',(-0.0100827458865312,0.0252563381610353,0.0116));
#8846=CARTESIAN_POINT('',(-0.00954577620110398,0.0273259014309937,0.0116));
#8847=CARTESIAN_POINT('',(-0.0105697596744604,0.0269504339161536,0.0121));
#8848=CARTESIAN_POINT('',(-0.0104880518678981,0.0266512430401964,0.0121));
#8849=CARTESIAN_POINT('',(-0.0104235683370578,0.0260624115383005,0.0118917475455419));
#8850=CARTESIAN_POINT('',(-0.0102322471872822,0.0255060427143938,0.0116985903598773));
#8851=CARTESIAN_POINT('',(-0.0100827458865312,0.0252563381610353,0.0116));
#8852=CARTESIAN_POINT('',(-0.0105697596744604,0.0269504339161536,0.0121));
#8853=CARTESIAN_POINT('',(-0.00879577620110398,0.026026863325317,0.0121));
#8854=CARTESIAN_POINT('',(-0.00979577620110398,0.0277589141328859,0.0121));
#8855=CARTESIAN_POINT('',(-0.00979577620110398,0.0277589141328859,0.0116));
#8856=CARTESIAN_POINT('',(-0.0218481788858074,0.0208004561984906,0.0116));
#8857=CARTESIAN_POINT('',(-0.00845,0.0285358983848623,0.0116));
#8858=CARTESIAN_POINT('',(-0.00845,0.0285358983848623,0.0121));
#8859=CARTESIAN_POINT('',(-0.0082,0.02810288568297,0.0116));
#8860=CARTESIAN_POINT('',(-0.0082,0.02810288568297,0.0116));
#8861=CARTESIAN_POINT('',(-0.00979577620110398,0.0277589141328859,0.0121));
#8862=CARTESIAN_POINT('',(-0.0218481788858074,0.0208004561984906,-0.0116));
#8863=CARTESIAN_POINT('',(-0.00845,0.0285358983848623,-0.0116));
#8864=CARTESIAN_POINT('',(-0.00845,0.0285358983848623,-0.0121));
#8865=CARTESIAN_POINT('',(-0.0082,0.02810288568297,-0.0116));
#8866=CARTESIAN_POINT('',(-0.00979577620110398,0.0277589141328859,-0.0121));
#8867=CARTESIAN_POINT('',(-0.00979577620110398,0.0277589141328859,-0.0121));
#8868=CARTESIAN_POINT('',(-0.00979577620110398,0.0277589141328859,-0.0116));
#8869=CARTESIAN_POINT('',(-0.00954577620110398,0.0273259014309937,-0.0116));
#8870=CARTESIAN_POINT('',(-0.0082,0.02810288568297,-0.0116));
#8871=CARTESIAN_POINT('',(-0.00879577620110398,0.026026863325317,-0.0116));
#8872=CARTESIAN_POINT('',(-0.00879577620110398,0.026026863325317,-0.0116));
#8873=CARTESIAN_POINT('',(-0.0100827458865312,0.0252563381610353,-0.0116));
#8874=CARTESIAN_POINT('',(-0.00879577620110398,0.026026863325317,-0.0121));
#8875=CARTESIAN_POINT('',(-0.0105697596744604,0.0269504339161536,-0.0121));
#8876=CARTESIAN_POINT('',(-0.0105697596744604,0.0269504339161536,-0.0121));
#8877=CARTESIAN_POINT('',(-0.0104880518678981,0.0266512430401964,-0.0121));
#8878=CARTESIAN_POINT('',(-0.0104235683370578,0.0260624115383005,-0.0118917475455419));
#8879=CARTESIAN_POINT('',(-0.0102322471872822,0.0255060427143938,-0.0116985903598773));
#8880=CARTESIAN_POINT('',(-0.0100827458865312,0.0252563381610353,-0.0116));
#8881=CARTESIAN_POINT('',(-0.0126436595075378,0.0341975917079504,0.0126));
#8882=CARTESIAN_POINT('',(-0.0126436595075378,0.0341975917079504,0.0126));
#8883=CARTESIAN_POINT('',(-0.0126436595075378,0.0341975917079504,0.0121));
#8884=CARTESIAN_POINT('',(-0.0128936595075378,0.0346306044098426,0.0126));
#8885=CARTESIAN_POINT('',(-0.0128936595075378,0.0346306044098426,0.0126));
#8886=CARTESIAN_POINT('',(-0.0115539399466027,0.0354040918589872,0.0126));
#8887=CARTESIAN_POINT('',(-0.0113039399466027,0.0349710791570949,0.0126));
#8888=CARTESIAN_POINT('',(-0.0113039399466027,0.0349710791570949,0.0121));
#8889=CARTESIAN_POINT('',(-0.0405721395950757,0.0180730762113533,0.0121));
#8890=CARTESIAN_POINT('',(-0.0113936595075378,0.0320325281984893,0.0126));
#8891=CARTESIAN_POINT('',(-0.0132443019384119,0.0303517180982553,0.0126));
#8892=CARTESIAN_POINT('',(-0.0132443019384119,0.0303517180982553,0.0121));
#8893=CARTESIAN_POINT('',(-0.0136144304245867,0.0300155560782086,0.0126));
#8894=CARTESIAN_POINT('',(-0.0113936595075378,0.0320325281984893,0.0126));
#8895=CARTESIAN_POINT('',(-0.0113936595075378,0.0320325281984893,0.0121));
#8896=CARTESIAN_POINT('',(-0.0358221395950757,0.00984583487540111,0.0126));
#8897=CARTESIAN_POINT('',(-0.0105697596744604,0.0269504339161536,0.0126));
#8898=CARTESIAN_POINT('',(-0.010983733115782,0.0266700306531904,0.0126));
#8899=CARTESIAN_POINT('',(-0.0358221395950757,0.00984583487540111,0.0126));
#8900=CARTESIAN_POINT('',(-0.0358221395950757,0.00984583487540111,0.0121));
#8901=CARTESIAN_POINT('',(-0.0105697596744604,0.0269504339161535,0.0121));
#8902=CARTESIAN_POINT('',(-0.010983733115782,0.0266700306531904,0.0121));
#8903=CARTESIAN_POINT('',(-0.010983733115782,0.0266700306531904,0.0126));
#8904=CARTESIAN_POINT('',(-0.0105112597537048,0.0267362237526943,0.0121));
#8905=CARTESIAN_POINT('',(-0.0108766988091666,0.0265120105320267,0.0121668993007548));
#8906=CARTESIAN_POINT('',(-0.0107946195729469,0.0263908328175423,0.0125999999234392));
#8907=CARTESIAN_POINT('',(-0.010448089617681,0.0262467025052188,0.0119653297585375));
#8908=CARTESIAN_POINT('',(-0.0105911074040811,0.0260854455510659,0.0121735654080486));
#8909=CARTESIAN_POINT('',(-0.0104493188813455,0.0258597523152698,0.0123306595553554));
#8910=CARTESIAN_POINT('',(-0.0102649487393886,0.0255606624830637,0.011720154863707));
#8911=CARTESIAN_POINT('',(-0.0102335112559914,0.0255083234841314,0.0117802324041515));
#8912=CARTESIAN_POINT('',(-0.0102022231266266,0.0254558950259233,0.0118403097274143));
#8913=CARTESIAN_POINT('',(-0.0100827458865312,0.0252563381610353,0.0116));
#8914=CARTESIAN_POINT('',(-0.0100827458865312,0.0252563381610353,0.0116));
#8915=CARTESIAN_POINT('',(-0.0100827458865312,0.0252563381610353,0.0116));
#8916=CARTESIAN_POINT('',(-0.010983733115782,0.0266700306531904,0.0126));
#8917=CARTESIAN_POINT('',(-0.0107936416577916,0.0263893890722097,0.0126));
#8918=CARTESIAN_POINT('',(-0.010447747508207,0.0258572399218196,0.0123281701181704));
#8919=CARTESIAN_POINT('',(-0.010201762738802,0.0254551260631413,0.0118393837191373));
#8920=CARTESIAN_POINT('',(-0.0100827458865312,0.0252563381610353,0.0116));
#8921=CARTESIAN_POINT('',(-0.01045,0.032,-0.0116));
#8922=CARTESIAN_POINT('',(-0.01045,0.032,-0.0121));
#8923=CARTESIAN_POINT('',(-0.00646941814597147,0.0323936598828712,-0.0121));
#8924=CARTESIAN_POINT('',(-0.01045,0.032,-0.0116));
#8925=CARTESIAN_POINT('',(-0.00602125821155051,0.0312023495933423,-0.0116));
#8926=CARTESIAN_POINT('',(-0.00602125821155051,0.0312023495933423,-0.0116));
#8927=CARTESIAN_POINT('',(-0.00602125821155051,0.0312023495933423,-0.0117252520515385));
#8928=CARTESIAN_POINT('',(-0.0060831976771297,0.0313816505540557,-0.0119237136187649));
#8929=CARTESIAN_POINT('',(-0.00623983909504998,0.0318201756754884,-0.0120775398291994));
#8930=CARTESIAN_POINT('',(-0.00637362134047736,0.0321671430111462,-0.0121));
#8931=CARTESIAN_POINT('',(-0.00646941814597155,0.0323936598828708,-0.0121));
#8932=CARTESIAN_POINT('',(-0.01045,0.032,0.0173123339795195));
#8933=CARTESIAN_POINT('',(-0.0082,0.02810288568297,0.0121));
#8934=CARTESIAN_POINT('',(-0.01045,0.032,0.0116));
#8935=CARTESIAN_POINT('',(-0.00602125821155051,0.0312023495933423,0.0116));
#8936=CARTESIAN_POINT('',(-0.00602125821155051,0.0312023495933423,0.0173123339795195));
#8937=CARTESIAN_POINT('',(-0.01045,0.032,0.0116));
#8938=CARTESIAN_POINT('',(-0.01045,0.032,0.0121));
#8939=CARTESIAN_POINT('',(-0.00646941814597147,0.0323936598828712,0.0121));
#8940=CARTESIAN_POINT('',(-0.00602125821155051,0.0312023495933423,0.0116));
#8941=CARTESIAN_POINT('',(-0.00602125821155051,0.0312023495933423,0.0117252520515385));
#8942=CARTESIAN_POINT('',(-0.0060831976771297,0.0313816505540557,0.0119237136187649));
#8943=CARTESIAN_POINT('',(-0.00623983909504998,0.0318201756754884,0.0120775398291994));
#8944=CARTESIAN_POINT('',(-0.00637362134047736,0.0321671430111462,0.0121));
#8945=CARTESIAN_POINT('',(-0.00646941814597155,0.0323936598828708,0.0121));
#8946=CARTESIAN_POINT('',(-0.0358221395950757,0.00984583487540111,0.0121));
#8947=CARTESIAN_POINT('',(-0.01045,0.032,0.0121));
#8948=CARTESIAN_POINT('',(-0.0100169872981078,0.03225,0.0121));
#8949=CARTESIAN_POINT('',(-0.0358221395950757,0.00984583487540112,0.0121));
#8950=CARTESIAN_POINT('',(-0.00818740034227586,0.0344691542183727,0.0121));
#8951=CARTESIAN_POINT('',(-0.0100539399466027,0.0328060156476339,0.0121));
#8952=CARTESIAN_POINT('',(-0.0100539399466027,0.0328060156476339,0.0126));
#8953=CARTESIAN_POINT('',(-0.0100539399466027,0.0328060156476339,0.0126));
#8954=CARTESIAN_POINT('',(-0.00781409242141049,0.0348017819325205,0.0126));
#8955=CARTESIAN_POINT('',(-0.00818740034227586,0.0344691542183727,0.0126));
#8956=CARTESIAN_POINT('',(-0.0358221395950757,0.00984583487540111,-0.0121));
#8957=CARTESIAN_POINT('',(-0.01045,0.032,-0.0121));
#8958=CARTESIAN_POINT('',(-0.0100169872981078,0.03225,-0.0121));
#8959=CARTESIAN_POINT('',(-0.0358221395950757,0.00984583487540112,-0.0121));
#8960=CARTESIAN_POINT('',(-0.00818740034227586,0.0344691542183727,-0.0121));
#8961=CARTESIAN_POINT('',(-0.0100539399466027,0.0328060156476339,-0.0121));
#8962=CARTESIAN_POINT('',(-0.0113039399466027,0.0349710791570949,-0.0121));
#8963=CARTESIAN_POINT('',(-0.0405721395950757,0.0180730762113533,-0.0121));
#8964=CARTESIAN_POINT('',(-0.0126436595075378,0.0341975917079504,-0.0121));
#8965=CARTESIAN_POINT('',(-0.0113936595075378,0.0320325281984893,-0.0121));
#8966=CARTESIAN_POINT('',(-0.0132443019384119,0.0303517180982553,-0.0121));
#8967=CARTESIAN_POINT('',(-0.0358221395950757,0.00984583487540111,-0.0121));
#8968=CARTESIAN_POINT('',(-0.010983733115782,0.0266700306531904,-0.0126));
#8969=CARTESIAN_POINT('',(-0.010983733115782,0.0266700306531904,-0.0121));
#8970=CARTESIAN_POINT('',(-0.0105697596744604,0.0269504339161535,-0.0121));
#8971=CARTESIAN_POINT('',(-0.0107946195729469,0.0263908328175423,-0.0125999999234392));
#8972=CARTESIAN_POINT('',(-0.0108766988091666,0.0265120105320267,-0.0121668993007548));
#8973=CARTESIAN_POINT('',(-0.0105112597537048,0.0267362237526943,-0.0121));
#8974=CARTESIAN_POINT('',(-0.0104493188813457,0.0258597523152701,-0.0123306595553554));
#8975=CARTESIAN_POINT('',(-0.0105911074041329,0.0260854455510135,-0.0121735654080663));
#8976=CARTESIAN_POINT('',(-0.0104480896176815,0.0262467025052197,-0.0119653297585375));
#8977=CARTESIAN_POINT('',(-0.0102022231266263,0.0254558950259227,-0.0118403097274143));
#8978=CARTESIAN_POINT('',(-0.0102335112558984,0.0255083234842255,-0.0117802324041196));
#8979=CARTESIAN_POINT('',(-0.0102649487393876,0.025560662483062,-0.011720154863707));
#8980=CARTESIAN_POINT('',(-0.0100827458865312,0.0252563381610353,-0.0116));
#8981=CARTESIAN_POINT('',(-0.0100827458865312,0.0252563381610353,-0.0116));
#8982=CARTESIAN_POINT('',(-0.0100827458865312,0.0252563381610353,-0.0116));
#8983=CARTESIAN_POINT('',(-0.0105697596744604,0.0269504339161536,-0.0126));
#8984=CARTESIAN_POINT('',(-0.010983733115782,0.0266700306531904,-0.0126));
#8985=CARTESIAN_POINT('',(-0.010983733115782,0.0266700306531904,-0.0126));
#8986=CARTESIAN_POINT('',(-0.0107936416577916,0.0263893890722097,-0.0126));
#8987=CARTESIAN_POINT('',(-0.010447747508207,0.0258572399218196,-0.0123281701181704));
#8988=CARTESIAN_POINT('',(-0.010201762738802,0.0254551260631413,-0.0118393837191373));
#8989=CARTESIAN_POINT('',(-0.0100827458865312,0.0252563381610353,-0.0116));
#8990=CARTESIAN_POINT('',(-0.0358221395950757,0.00984583487540111,-0.0126));
#8991=CARTESIAN_POINT('',(-0.0132443019384119,0.0303517180982553,-0.0126));
#8992=CARTESIAN_POINT('',(-0.0136144304245867,0.0300155560782086,-0.0126));
#8993=CARTESIAN_POINT('',(-0.0358221395950757,0.00984583487540111,-0.0126));
#8994=CARTESIAN_POINT('',(-0.0113936595075378,0.0320325281984893,-0.0126));
#8995=CARTESIAN_POINT('',(-0.0126436595075378,0.0341975917079504,-0.0126));
#8996=CARTESIAN_POINT('',(-0.0128936595075378,0.0346306044098426,-0.0126));
#8997=CARTESIAN_POINT('',(-0.0113936595075378,0.0320325281984893,-0.0126));
#8998=CARTESIAN_POINT('',(-0.0126436595075378,0.0341975917079504,-0.0126));
#8999=CARTESIAN_POINT('',(-0.0113039399466027,0.0349710791570949,-0.0126));
#9000=CARTESIAN_POINT('',(-0.0115539399466027,0.0354040918589872,-0.0126));
#9001=CARTESIAN_POINT('',(-0.0128936595075378,0.0346306044098426,-0.0126));
#9002=CARTESIAN_POINT('',(-0.0100539399466027,0.0328060156476339,-0.0126));
#9003=CARTESIAN_POINT('',(-0.00818740034227586,0.0344691542183727,-0.0126));
#9004=CARTESIAN_POINT('',(-0.00781409242141049,0.0348017819325205,-0.0126));
#9005=CARTESIAN_POINT('',(-0.0100539399466027,0.0328060156476339,-0.0126));
#9006=CARTESIAN_POINT('',(-0.00879577620110398,0.026026863325317,0.0151));
#9007=CARTESIAN_POINT('',(-0.0100827458865312,0.0252563381610353,0.0151));
#9008=CARTESIAN_POINT('',(-0.00954577620110398,0.0273259014309937,0.0121));
#9009=CARTESIAN_POINT('',(-0.0215981788858074,0.0203674434965984,0.0121));
#9010=CARTESIAN_POINT('',(-0.01045,0.032,0.0151));
#9011=CARTESIAN_POINT('',(-0.01045,0.032,0.0157171444324796));
#9012=CARTESIAN_POINT('',(-0.0107,0.0324330127018922,0.0156289809421254));
#9013=CARTESIAN_POINT('',(-0.0128936595075378,0.0346306044098426,0.0151));
#9014=CARTESIAN_POINT('',(-0.0128936595075378,0.0346306044098426,0.0151));
#9015=CARTESIAN_POINT('',(-0.0128936595075378,0.0346306044098426,0.0142609003688227));
#9016=CARTESIAN_POINT('',(-0.0115539399466027,0.0354040918589872,0.0142609003688227));
#9017=CARTESIAN_POINT('',(-0.0115539399466027,0.0354040918589872,0.0142609003688227));
#9018=CARTESIAN_POINT('',(-0.0115539399466027,0.0354040918589872,0.0151));
#9019=CARTESIAN_POINT('',(-0.0113936595075378,0.0320325281984893,0.0151));
#9020=CARTESIAN_POINT('',(-0.0136144304245867,0.0300155560782086,0.0151));
#9021=CARTESIAN_POINT('',(-0.0136144304245867,0.0300155560782086,0.0146883597159948));
#9022=CARTESIAN_POINT('',(-0.0113936595075378,0.0320325281984893,0.0146135543302396));
#9023=CARTESIAN_POINT('',(-0.0358221395950757,0.00984583487540111,0.0151));
#9024=CARTESIAN_POINT('',(-0.00984137748154252,0.0248458348754012,-0.00261989400560565));
#9025=CARTESIAN_POINT('',(-0.00995374970741256,0.0250404692799677,-0.00087329800186855));
#9026=CARTESIAN_POINT('',(-0.00995374970741256,0.0250404692799677,0.00087329800186855));
#9027=CARTESIAN_POINT('',(-0.00984137748154252,0.0248458348754012,0.00261989400560565));
#9028=CARTESIAN_POINT('',(-0.00984137748154252,0.0248458348754012,0.00261989400560565));
#9029=CARTESIAN_POINT('',(-0.00984137748154252,0.0248458348754012,0.0151));
#9030=CARTESIAN_POINT('',(-0.00984137748154252,0.0248458348754012,0.0159240654171818));
#9031=CARTESIAN_POINT('',(-0.00984137748154252,0.0248458348754012,0.0159240654171818));
#9032=CARTESIAN_POINT('',(-0.0101261095687298,0.0253390053169546,0.0157680724235269));
#9033=CARTESIAN_POINT('',(-0.010427732849881,0.0258289980176981,0.015639287873175));
#9034=CARTESIAN_POINT('',(-0.0107465991718548,0.0263145103680878,0.0155336276040606));
#9035=CARTESIAN_POINT('',(-0.0107465991718548,0.0263145103680878,0.0155336276040606));
#9036=CARTESIAN_POINT('',(-0.0358221395950757,0.00984583487540111,0.0158478431951989));
#9037=CARTESIAN_POINT('',(-0.0136144304245867,0.0300155560782086,-0.0151));
#9038=CARTESIAN_POINT('',(-0.0136144304245867,0.0300155560782086,-0.0146883597159948));
#9039=CARTESIAN_POINT('',(-0.0358221395950757,0.00984583487540111,-0.0158478431951989));
#9040=CARTESIAN_POINT('',(-0.0107465991718451,0.0263145103680729,-0.0155336276040639));
#9041=CARTESIAN_POINT('',(-0.0107465991718451,0.0263145103680729,-0.0155336276040639));
#9042=CARTESIAN_POINT('',(-0.0104277328498748,0.0258289980176881,-0.0156392878731777));
#9043=CARTESIAN_POINT('',(-0.0101261095687269,0.0253390053169495,-0.0157680724235286));
#9044=CARTESIAN_POINT('',(-0.00984137748154251,0.0248458348754011,-0.0159240654171818));
#9045=CARTESIAN_POINT('',(-0.0358221395950757,0.00984583487540112,-0.0126));
#9046=CARTESIAN_POINT('',(-0.00646941814597147,0.0323936598828712,-0.0126));
#9047=CARTESIAN_POINT('',(-0.00607290261109827,0.0326982504779397,-0.0126));
#9048=CARTESIAN_POINT('',(-0.0358221395950757,0.00984583487540112,-0.0126));
#9049=CARTESIAN_POINT('',(-0.00511995885423156,0.031401022134076,-0.0116));
#9050=CARTESIAN_POINT('',(-0.0058087702877627,0.0323821322898285,-0.0116));
#9051=CARTESIAN_POINT('',(-0.00602125821155051,0.0312023495933423,-0.0116));
#9052=CARTESIAN_POINT('',(-0.00511995887299803,0.0314010221608061,-0.011687910208592));
#9053=CARTESIAN_POINT('',(-0.0058087702573328,0.0323821322446598,-0.0115396020837846));
#9054=CARTESIAN_POINT('',(-0.00602125820793447,0.0312023496134194,-0.011643955104296));
#9055=CARTESIAN_POINT('',(-0.00513887826660961,0.0314280037754886,-0.0118597997098579));
#9056=CARTESIAN_POINT('',(-0.00577712705314446,0.0323351911711737,-0.011427458894559));
#9057=CARTESIAN_POINT('',(-0.00602894897715972,0.0312246103787273,-0.011729899854908));
#9058=CARTESIAN_POINT('',(-0.00524298189541843,0.0315756664641451,-0.0121656330148143));
#9059=CARTESIAN_POINT('',(-0.00566789240149834,0.0321723264080227,-0.011404760520002));
#9060=CARTESIAN_POINT('',(-0.00607176995052991,0.0313478581546299,-0.0118828165075119));
#9061=CARTESIAN_POINT('',(-0.00545490371990501,0.0318722004013587,-0.0124265151042106));
#9062=CARTESIAN_POINT('',(-0.00563722346241674,0.0321213122455713,-0.0116537353474524));
#9063=CARTESIAN_POINT('',(-0.0061615355136988,0.0316027009674681,-0.0120132575512669));
#9064=CARTESIAN_POINT('',(-0.00575653200962767,0.0322823955142866,-0.0125755947342709));
#9065=CARTESIAN_POINT('',(-0.0058017531475812,0.0323419177643761,-0.0119419649554509));
#9066=CARTESIAN_POINT('',(-0.00630066507185107,0.031979299743646,-0.0120877973701957));
#9067=CARTESIAN_POINT('',(-0.00596645662432613,0.0325596792677205,-0.0126000000131634));
#9068=CARTESIAN_POINT('',(-0.0059774146982456,0.0325739444668572,-0.0120597833900492));
#9069=CARTESIAN_POINT('',(-0.00640970072774953,0.0322524547174067,-0.0121));
#9070=CARTESIAN_POINT('',(-0.00607290261109817,0.0326982504779397,-0.0126));
#9071=CARTESIAN_POINT('',(-0.00607290261109825,0.0326982504779398,-0.0120999999999998));
#9072=CARTESIAN_POINT('',(-0.00646941814597162,0.0323936598828711,-0.0121));
#9073=CARTESIAN_POINT('',(-0.00552917579061168,0.0311137217703804,-0.0116));
#9074=CARTESIAN_POINT('',(-0.00511995885423155,0.031401022134076,-0.0116));
#9075=CARTESIAN_POINT('',(-0.00607290261109827,0.0326982504779397,-0.0126));
#9076=CARTESIAN_POINT('',(-0.00585969013949471,0.0324206908336556,-0.0125999999999999));
#9077=CARTESIAN_POINT('',(-0.00554287845105536,0.0319952986181263,-0.0125306898631538));
#9078=CARTESIAN_POINT('',(-0.0052009932230416,0.0315168693576411,-0.0121163736788644));
#9079=CARTESIAN_POINT('',(-0.00511995885423156,0.031401022134076,-0.0117771992849158));
#9080=CARTESIAN_POINT('',(-0.00511995885423156,0.031401022134076,-0.0116));
#9081=CARTESIAN_POINT('',(-0.00552917579061168,0.0311137217703804,0.0151));
#9082=CARTESIAN_POINT('',(-0.00552917579061168,0.0311137217703804,0.0116));
#9083=CARTESIAN_POINT('',(-0.00511995885423155,0.031401022134076,0.0116));
#9084=CARTESIAN_POINT('',(-0.00511995885423155,0.031401022134076,0.0151));
#9085=CARTESIAN_POINT('',(-0.00602125821155051,0.0312023495933423,0.0116));
#9086=CARTESIAN_POINT('',(-0.0058087702877627,0.0323821322898285,0.0116));
#9087=CARTESIAN_POINT('',(-0.00511995885423156,0.031401022134076,0.0116));
#9088=CARTESIAN_POINT('',(-0.00602125820793447,0.0312023496134194,0.011643955104296));
#9089=CARTESIAN_POINT('',(-0.0058087702573327,0.0323821322446604,0.0115396020837846));
#9090=CARTESIAN_POINT('',(-0.00511995887299803,0.0314010221608061,0.011687910208592));
#9091=CARTESIAN_POINT('',(-0.00602894897715972,0.0312246103787273,0.011729899854908));
#9092=CARTESIAN_POINT('',(-0.00577712705314451,0.0323351911711734,0.011427458894559));
#9093=CARTESIAN_POINT('',(-0.00513887826660961,0.0314280037754886,0.0118597997098579));
#9094=CARTESIAN_POINT('',(-0.00607176995052991,0.0313478581546299,0.0118828165075119));
#9095=CARTESIAN_POINT('',(-0.00566789240149832,0.0321723264080229,0.011404760520002));
#9096=CARTESIAN_POINT('',(-0.00524298189541843,0.0315756664641451,0.0121656330148143));
#9097=CARTESIAN_POINT('',(-0.0061615355136988,0.0316027009674681,0.0120132575512669));
#9098=CARTESIAN_POINT('',(-0.00563722346241675,0.0321213122455713,0.0116537353474524));
#9099=CARTESIAN_POINT('',(-0.00545490371990501,0.0318722004013587,0.0124265151042106));
#9100=CARTESIAN_POINT('',(-0.00630066507185107,0.031979299743646,0.0120877973701957));
#9101=CARTESIAN_POINT('',(-0.0058017531475812,0.0323419177643761,0.0119419649554509));
#9102=CARTESIAN_POINT('',(-0.00575653200962767,0.0322823955142866,0.0125755947342709));
#9103=CARTESIAN_POINT('',(-0.00640970072774953,0.0322524547174067,0.0121));
#9104=CARTESIAN_POINT('',(-0.0059774146982456,0.0325739444668572,0.0120597833900492));
#9105=CARTESIAN_POINT('',(-0.00596645662432613,0.0325596792677205,0.0126000000131634));
#9106=CARTESIAN_POINT('',(-0.00646941814597162,0.0323936598828711,0.0121));
#9107=CARTESIAN_POINT('',(-0.00607290261109825,0.0326982504779398,0.0120999999999998));
#9108=CARTESIAN_POINT('',(-0.00607290261109817,0.0326982504779397,0.0126));
#9109=CARTESIAN_POINT('',(-0.00646941814597147,0.0323936598828712,0.0126));
#9110=CARTESIAN_POINT('',(-0.00607290261109827,0.0326982504779397,0.0126));
#9111=CARTESIAN_POINT('',(-0.00607290261109827,0.0326982504779397,0.0126));
#9112=CARTESIAN_POINT('',(-0.00585969013949471,0.0324206908336556,0.0125999999999999));
#9113=CARTESIAN_POINT('',(-0.00554287845105536,0.0319952986181263,0.0125306898631538));
#9114=CARTESIAN_POINT('',(-0.0052009932230416,0.0315168693576411,0.0121163736788644));
#9115=CARTESIAN_POINT('',(-0.00511995885423156,0.031401022134076,0.0117771992849158));
#9116=CARTESIAN_POINT('',(-0.00511995885423156,0.031401022134076,0.0116));
#9117=CARTESIAN_POINT('',(-0.0358221395950757,0.00984583487540112,0.0126));
#9118=CARTESIAN_POINT('',(-0.0358221395950757,0.00984583487540112,0.0126));
#9119=CARTESIAN_POINT('',(-0.0100539399466027,0.0328060156476339,0.0151));
#9120=CARTESIAN_POINT('',(-0.0100539399466027,0.0328060156476339,0.0146135543302396));
#9121=CARTESIAN_POINT('',(-0.00781409242141049,0.0348017819325205,0.0145420289902918));
#9122=CARTESIAN_POINT('',(-0.00781409242141049,0.0348017819325205,0.0151));
#9123=CARTESIAN_POINT('',(-0.01045,0.032,-0.0151));
#9124=CARTESIAN_POINT('',(-0.01045,0.032,-0.0157171444324796));
#9125=CARTESIAN_POINT('',(-0.0107,0.0324330127018922,-0.0156289809421254));
#9126=CARTESIAN_POINT('',(-0.0113936595075378,0.0320325281984893,-0.0151));
#9127=CARTESIAN_POINT('',(-0.0128936595075378,0.0346306044098426,-0.0151));
#9128=CARTESIAN_POINT('',(-0.0128936595075378,0.0346306044098426,-0.0142609003688227));
#9129=CARTESIAN_POINT('',(-0.0113936595075378,0.0320325281984893,-0.0146135543302396));
#9130=CARTESIAN_POINT('',(-0.0128936595075378,0.0346306044098426,-0.0151));
#9131=CARTESIAN_POINT('',(-0.0115539399466027,0.0354040918589872,-0.0151));
#9132=CARTESIAN_POINT('',(-0.0115539399466027,0.0354040918589872,-0.0142609003688227));
#9133=CARTESIAN_POINT('',(-0.0128936595075378,0.0346306044098426,-0.0142609003688227));
#9134=CARTESIAN_POINT('',(-0.0100539399466027,0.0328060156476339,-0.0151));
#9135=CARTESIAN_POINT('',(-0.00781409242141049,0.0348017819325205,-0.0151));
#9136=CARTESIAN_POINT('',(-0.00781409242141049,0.0348017819325205,-0.0145420289902918));
#9137=CARTESIAN_POINT('',(-0.0100539399466027,0.0328060156476339,-0.0146135543302396));
#9138=CARTESIAN_POINT('',(-0.0358221395950757,0.00984583487540112,0.0151));
#9139=CARTESIAN_POINT('',(-0.00384618695315928,0.0294618602791856,-0.0156715162144904));
#9140=CARTESIAN_POINT('',(-0.00384618695315928,0.0294618602791856,-0.0156730716498362));
#9141=CARTESIAN_POINT('',(-0.00384625598765034,0.0294619728132664,-0.0156746156215388));
#9142=CARTESIAN_POINT('',(-0.00384639724294042,0.029462203067038,-0.0156761476011145));
#9143=CARTESIAN_POINT('',(-0.00384639724294033,0.0294622030670379,-0.0156761476011145));
#9144=CARTESIAN_POINT('',(-0.0358221395950757,0.00984583487540112,-0.0158478431951989));
#9145=CARTESIAN_POINT('',(-0.0358221395950757,0.00984583487540112,0.0158478431951989));
#9146=CARTESIAN_POINT('',(0.0029086225184575,0.00276218707889798,0.));
#9147=CARTESIAN_POINT('',(0.00343195289992454,0.00185575226905268,0.));
#9148=CARTESIAN_POINT('',(-0.00501872904845058,0.0164927627622435,0.0178299839026065));
#9149=CARTESIAN_POINT('',(-0.00501872904845058,0.0164927627622435,0.0178299839026065));
#9150=CARTESIAN_POINT('',(-0.00496026906165093,0.0163915070948967,0.0179122453553804));
#9151=CARTESIAN_POINT('',(-0.00490065950836022,0.0162882603199807,0.0179910172041793));
#9152=CARTESIAN_POINT('',(-0.00483974596215562,0.0161827549630851,0.0180658306748496));
#9153=CARTESIAN_POINT('',(0.00402160670043897,0.000834441927685602,0.));
#9154=CARTESIAN_POINT('',(-0.00632386093055717,0.0187533174926301,0.0193879012799628));
#9155=CARTESIAN_POINT('',(-0.00632386093055717,0.0187533174926301,0.0193879012799628));
#9156=CARTESIAN_POINT('',(-0.00684233817338829,0.0196513464197818,0.0185600338522842));
#9157=CARTESIAN_POINT('',(-0.00795533232004554,0.021579108830319,0.0171855089859855));
#9158=CARTESIAN_POINT('',(-0.00920140058044763,0.0237373623670343,0.016263372199731));
#9159=CARTESIAN_POINT('',(-0.00984137748154252,0.0248458348754012,0.0159240654171818));
#9160=CARTESIAN_POINT('',(-0.0128936595075378,0.0346306044098426,0.0151));
#9161=CARTESIAN_POINT('',(-0.00921221235694369,0.0367560889132455,0.0151));
#9162=CARTESIAN_POINT('',(-0.00253671405799897,0.0251937866936337,0.0174541409195548));
#9163=CARTESIAN_POINT('',(-0.00478540009464094,0.0290893358914448,0.0166610243493716));
#9164=CARTESIAN_POINT('',(-0.0359089636839092,0.00999621860858155,0.0168326509482111));
#9165=CARTESIAN_POINT('',(-0.00864753235197469,0.0342869102374054,0.015526836743304));
#9166=CARTESIAN_POINT('',(-0.0101407640354361,0.0329563993808143,0.0155983620832519));
#9167=CARTESIAN_POINT('',(-0.0111407640354361,0.0346884501883831,0.015245708121835));
#9168=CARTESIAN_POINT('',(-0.0124804835963713,0.0339149627392386,0.015245708121835));
#9169=CARTESIAN_POINT('',(-0.0124804835963713,0.0339149627392386,0.015245708121835));
#9170=CARTESIAN_POINT('',(-0.0114804835963713,0.0321829119316697,0.0155983620832519));
#9171=CARTESIAN_POINT('',(-0.0129609975410706,0.0308382638514826,0.015673167469007));
#9172=CARTESIAN_POINT('',(-0.0359089636839092,0.00999621860858154,0.0168326509482111));
#9173=CARTESIAN_POINT('',(-0.00999757191324811,0.0270138499510241,0.0165184353570728));
#9174=CARTESIAN_POINT('',(-0.00999757191324812,0.0270138499510241,0.0165184353570729));
#9175=CARTESIAN_POINT('',(-0.00750439515653502,0.0264313094162718,0.0168271985848372));
#9176=CARTESIAN_POINT('',(-0.00501690050090895,0.0258265803475735,0.0171388491287404));
#9177=CARTESIAN_POINT('',(-0.00253671405799909,0.0251937866936337,0.0174541409195548));
#9178=CARTESIAN_POINT('',(-0.0128936595075378,0.0346306044098426,-0.0151));
#9179=CARTESIAN_POINT('',(-0.00253671405801844,0.0251937866936386,-0.0174541409195524));
#9180=CARTESIAN_POINT('',(-0.00501690042474406,0.0258265803281407,-0.0171388491384229));
#9181=CARTESIAN_POINT('',(-0.0075043951890284,0.026431309423864,-0.0168271985808131));
#9182=CARTESIAN_POINT('',(-0.00999757191323446,0.0270138499510209,-0.0165184353570745));
#9183=CARTESIAN_POINT('',(-0.0025367140580182,0.0251937866936386,-0.0174541409195524));
#9184=CARTESIAN_POINT('',(-0.00999757191323446,0.027013849951021,-0.0165184353570745));
#9185=CARTESIAN_POINT('',(-0.0359089636839092,0.00999621860858154,-0.0168326509482111));
#9186=CARTESIAN_POINT('',(-0.0129609975410705,0.0308382638514826,-0.015673167469007));
#9187=CARTESIAN_POINT('',(-0.0114804835963713,0.0321829119316697,-0.0155983620832519));
#9188=CARTESIAN_POINT('',(-0.0124804835963713,0.0339149627392386,-0.015245708121835));
#9189=CARTESIAN_POINT('',(-0.0111407640354361,0.0346884501883831,-0.015245708121835));
#9190=CARTESIAN_POINT('',(-0.0111407640354362,0.0346884501883831,-0.015245708121835));
#9191=CARTESIAN_POINT('',(-0.0101407640354361,0.0329563993808143,-0.0155983620832519));
#9192=CARTESIAN_POINT('',(-0.00864753235197469,0.0342869102374054,-0.015526836743304));
#9193=CARTESIAN_POINT('',(-0.0359089636839092,0.00999621860858155,-0.0168326509482111));
#9194=CARTESIAN_POINT('',(-0.00479232593289147,0.0291006210631032,-0.016658690456455));
#9195=CARTESIAN_POINT('',(-0.00921221235694369,0.0367560889132455,-0.0151));
#9196=CARTESIAN_POINT('',(-0.00879577620110398,-0.026026863325317,0.0116));
#9197=CARTESIAN_POINT('',(-0.00879577620110398,-0.026026863325317,0.0116));
#9198=CARTESIAN_POINT('',(-0.0100827458865312,-0.0252563381610353,0.0116));
#9199=CARTESIAN_POINT('',(-0.00954577620110398,-0.0273259014309937,0.0116));
#9200=CARTESIAN_POINT('',(-0.00979577620110398,-0.0277589141328859,0.0116));
#9201=CARTESIAN_POINT('',(-0.00979577620110398,-0.0277589141328859,0.0121));
#9202=CARTESIAN_POINT('',(-0.00879577620110398,-0.026026863325317,0.0121));
#9203=CARTESIAN_POINT('',(-0.0105697596744604,-0.0269504339161536,0.0121));
#9204=CARTESIAN_POINT('',(-0.0105697596744604,-0.0269504339161536,0.0121));
#9205=CARTESIAN_POINT('',(-0.0104880518678981,-0.0266512430401964,0.0121));
#9206=CARTESIAN_POINT('',(-0.0104235683370578,-0.0260624115383005,0.0118917475455419));
#9207=CARTESIAN_POINT('',(-0.0102322471872822,-0.0255060427143938,0.0116985903598773));
#9208=CARTESIAN_POINT('',(-0.0100827458865312,-0.0252563381610353,0.0116));
#9209=CARTESIAN_POINT('',(-0.0218481788858074,-0.0208004561984906,0.0116));
#9210=CARTESIAN_POINT('',(-0.00845,-0.0285358983848623,0.0116));
#9211=CARTESIAN_POINT('',(-0.00845,-0.0285358983848623,0.0121));
#9212=CARTESIAN_POINT('',(-0.0082,-0.02810288568297,0.0116));
#9213=CARTESIAN_POINT('',(-0.00979577620110398,-0.0277589141328859,0.0121));
#9214=CARTESIAN_POINT('',(-0.0082,-0.02810288568297,0.0116));
#9215=CARTESIAN_POINT('',(-0.0218481788858074,-0.0208004561984906,-0.0116));
#9216=CARTESIAN_POINT('',(-0.00845,-0.0285358983848623,-0.0116));
#9217=CARTESIAN_POINT('',(-0.00845,-0.0285358983848623,-0.0121));
#9218=CARTESIAN_POINT('',(-0.0082,-0.02810288568297,-0.0116));
#9219=CARTESIAN_POINT('',(-0.0082,-0.02810288568297,-0.0116));
#9220=CARTESIAN_POINT('',(-0.00954577620110398,-0.0273259014309937,-0.0116));
#9221=CARTESIAN_POINT('',(-0.00979577620110398,-0.0277589141328859,-0.0116));
#9222=CARTESIAN_POINT('',(-0.00979577620110398,-0.0277589141328859,-0.0121));
#9223=CARTESIAN_POINT('',(-0.00979577620110398,-0.0277589141328859,-0.0121));
#9224=CARTESIAN_POINT('',(-0.00879577620110398,-0.026026863325317,-0.0116));
#9225=CARTESIAN_POINT('',(-0.00879577620110398,-0.026026863325317,-0.0116));
#9226=CARTESIAN_POINT('',(-0.0100827458865312,-0.0252563381610353,-0.0116));
#9227=CARTESIAN_POINT('',(-0.0105697596744604,-0.0269504339161536,-0.0121));
#9228=CARTESIAN_POINT('',(-0.0104880518678981,-0.0266512430401964,-0.0121));
#9229=CARTESIAN_POINT('',(-0.0104235683370578,-0.0260624115383005,-0.0118917475455419));
#9230=CARTESIAN_POINT('',(-0.0102322471872822,-0.0255060427143938,-0.0116985903598773));
#9231=CARTESIAN_POINT('',(-0.0100827458865312,-0.0252563381610353,-0.0116));
#9232=CARTESIAN_POINT('',(-0.0105697596744604,-0.0269504339161536,-0.0121));
#9233=CARTESIAN_POINT('',(-0.00879577620110398,-0.026026863325317,-0.0121));
#9234=CARTESIAN_POINT('',(-0.0126436595075378,-0.0341975917079504,0.0126));
#9235=CARTESIAN_POINT('',(-0.0126436595075378,-0.0341975917079504,0.0126));
#9236=CARTESIAN_POINT('',(-0.0126436595075378,-0.0341975917079504,0.0121));
#9237=CARTESIAN_POINT('',(-0.0128936595075378,-0.0346306044098426,0.0126));
#9238=CARTESIAN_POINT('',(-0.0405721395950757,-0.0180730762113533,0.0121));
#9239=CARTESIAN_POINT('',(-0.0113039399466027,-0.0349710791570949,0.0121));
#9240=CARTESIAN_POINT('',(-0.0113039399466027,-0.0349710791570949,0.0126));
#9241=CARTESIAN_POINT('',(-0.0115539399466027,-0.0354040918589872,0.0126));
#9242=CARTESIAN_POINT('',(-0.0128936595075378,-0.0346306044098426,0.0126));
#9243=CARTESIAN_POINT('',(-0.0113936595075378,-0.0320325281984893,0.0126));
#9244=CARTESIAN_POINT('',(-0.0132443019384119,-0.0303517180982553,0.0126));
#9245=CARTESIAN_POINT('',(-0.0132443019384119,-0.0303517180982553,0.0121));
#9246=CARTESIAN_POINT('',(-0.0136144304245867,-0.0300155560782086,0.0126));
#9247=CARTESIAN_POINT('',(-0.0113936595075378,-0.0320325281984893,0.0121));
#9248=CARTESIAN_POINT('',(-0.0113936595075378,-0.0320325281984893,0.0126));
#9249=CARTESIAN_POINT('',(-0.0358221395950757,-0.00984583487540111,0.0126));
#9250=CARTESIAN_POINT('',(-0.0105697596744604,-0.0269504339161536,0.0126));
#9251=CARTESIAN_POINT('',(-0.010983733115782,-0.0266700306531904,0.0126));
#9252=CARTESIAN_POINT('',(-0.0358221395950757,-0.00984583487540111,0.0121));
#9253=CARTESIAN_POINT('',(-0.0358221395950757,-0.00984583487540111,0.0126));
#9254=CARTESIAN_POINT('',(-0.010983733115782,-0.0266700306531904,0.0126));
#9255=CARTESIAN_POINT('',(-0.010983733115782,-0.0266700306531904,0.0121));
#9256=CARTESIAN_POINT('',(-0.0105697596744604,-0.0269504339161535,0.0121));
#9257=CARTESIAN_POINT('',(-0.0107946195729469,-0.0263908328175423,0.0125999999234392));
#9258=CARTESIAN_POINT('',(-0.0108766988091666,-0.0265120105320267,0.0121668993007548));
#9259=CARTESIAN_POINT('',(-0.0105112597537048,-0.0267362237526943,0.0121));
#9260=CARTESIAN_POINT('',(-0.0104493188813457,-0.0258597523152701,0.0123306595553554));
#9261=CARTESIAN_POINT('',(-0.0105911074041329,-0.0260854455510135,0.0121735654080663));
#9262=CARTESIAN_POINT('',(-0.0104480896176815,-0.0262467025052197,0.0119653297585375));
#9263=CARTESIAN_POINT('',(-0.0102022231266263,-0.0254558950259227,0.0118403097274143));
#9264=CARTESIAN_POINT('',(-0.0102335112558984,-0.0255083234842255,0.0117802324041196));
#9265=CARTESIAN_POINT('',(-0.0102649487393876,-0.025560662483062,0.011720154863707));
#9266=CARTESIAN_POINT('',(-0.0100827458865312,-0.0252563381610353,0.0116));
#9267=CARTESIAN_POINT('',(-0.0100827458865312,-0.0252563381610353,0.0116));
#9268=CARTESIAN_POINT('',(-0.0100827458865312,-0.0252563381610353,0.0116));
#9269=CARTESIAN_POINT('',(-0.010983733115782,-0.0266700306531904,0.0126));
#9270=CARTESIAN_POINT('',(-0.0107936416577916,-0.0263893890722097,0.0126));
#9271=CARTESIAN_POINT('',(-0.010447747508207,-0.0258572399218196,0.0123281701181704));
#9272=CARTESIAN_POINT('',(-0.010201762738802,-0.0254551260631413,0.0118393837191373));
#9273=CARTESIAN_POINT('',(-0.0100827458865312,-0.0252563381610353,0.0116));
#9274=CARTESIAN_POINT('',(-0.01045,-0.032,-0.0116));
#9275=CARTESIAN_POINT('',(-0.01045,-0.032,-0.0121));
#9276=CARTESIAN_POINT('',(-0.00646941814597147,-0.0323936598828712,-0.0121));
#9277=CARTESIAN_POINT('',(-0.00602125821155051,-0.0312023495933423,-0.0116));
#9278=CARTESIAN_POINT('',(-0.00602125821155051,-0.0312023495933423,-0.0117252520515385));
#9279=CARTESIAN_POINT('',(-0.0060831976771297,-0.0313816505540557,-0.0119237136187649));
#9280=CARTESIAN_POINT('',(-0.00623983909504998,-0.0318201756754884,-0.0120775398291994));
#9281=CARTESIAN_POINT('',(-0.00637362134047736,-0.0321671430111462,-0.0121));
#9282=CARTESIAN_POINT('',(-0.00646941814597155,-0.0323936598828708,-0.0121));
#9283=CARTESIAN_POINT('',(-0.00602125821155051,-0.0312023495933423,-0.0116));
#9284=CARTESIAN_POINT('',(-0.01045,-0.032,-0.0116));
#9285=CARTESIAN_POINT('',(-0.01045,-0.032,0.0173123339795195));
#9286=CARTESIAN_POINT('',(-0.0082,-0.02810288568297,0.0121));
#9287=CARTESIAN_POINT('',(-0.00602125821155051,-0.0312023495933423,0.0173123339795195));
#9288=CARTESIAN_POINT('',(-0.00602125821155051,-0.0312023495933423,0.0116));
#9289=CARTESIAN_POINT('',(-0.01045,-0.032,0.0116));
#9290=CARTESIAN_POINT('',(-0.01045,-0.032,0.0116));
#9291=CARTESIAN_POINT('',(-0.01045,-0.032,0.0121));
#9292=CARTESIAN_POINT('',(-0.00646941814597147,-0.0323936598828712,0.0121));
#9293=CARTESIAN_POINT('',(-0.00602125821155051,-0.0312023495933423,0.0116));
#9294=CARTESIAN_POINT('',(-0.00602125821155051,-0.0312023495933423,0.0117252520515385));
#9295=CARTESIAN_POINT('',(-0.0060831976771297,-0.0313816505540557,0.0119237136187649));
#9296=CARTESIAN_POINT('',(-0.00623983909504998,-0.0318201756754884,0.0120775398291994));
#9297=CARTESIAN_POINT('',(-0.00637362134047736,-0.0321671430111462,0.0121));
#9298=CARTESIAN_POINT('',(-0.00646941814597155,-0.0323936598828708,0.0121));
#9299=CARTESIAN_POINT('',(-0.0358221395950757,-0.00984583487540111,0.0121));
#9300=CARTESIAN_POINT('',(-0.01045,-0.032,0.0121));
#9301=CARTESIAN_POINT('',(-0.0100169872981078,-0.03225,0.0121));
#9302=CARTESIAN_POINT('',(-0.0358221395950757,-0.00984583487540112,0.0121));
#9303=CARTESIAN_POINT('',(-0.00818740034227586,-0.0344691542183727,0.0121));
#9304=CARTESIAN_POINT('',(-0.0100539399466027,-0.0328060156476339,0.0121));
#9305=CARTESIAN_POINT('',(-0.0100539399466027,-0.0328060156476339,0.0126));
#9306=CARTESIAN_POINT('',(-0.00818740034227586,-0.0344691542183727,0.0126));
#9307=CARTESIAN_POINT('',(-0.00781409242141049,-0.0348017819325205,0.0126));
#9308=CARTESIAN_POINT('',(-0.0100539399466027,-0.0328060156476339,0.0126));
#9309=CARTESIAN_POINT('',(-0.0358221395950757,-0.00984583487540111,-0.0121));
#9310=CARTESIAN_POINT('',(-0.01045,-0.032,-0.0121));
#9311=CARTESIAN_POINT('',(-0.0100169872981078,-0.03225,-0.0121));
#9312=CARTESIAN_POINT('',(-0.0358221395950757,-0.00984583487540112,-0.0121));
#9313=CARTESIAN_POINT('',(-0.00818740034227586,-0.0344691542183727,-0.0121));
#9314=CARTESIAN_POINT('',(-0.0358221395950757,-0.00984583487540111,-0.0121));
#9315=CARTESIAN_POINT('',(-0.0132443019384119,-0.0303517180982553,-0.0121));
#9316=CARTESIAN_POINT('',(-0.0113936595075378,-0.0320325281984893,-0.0121));
#9317=CARTESIAN_POINT('',(-0.0126436595075378,-0.0341975917079504,-0.0121));
#9318=CARTESIAN_POINT('',(-0.0405721395950757,-0.0180730762113533,-0.0121));
#9319=CARTESIAN_POINT('',(-0.0113039399466027,-0.0349710791570949,-0.0121));
#9320=CARTESIAN_POINT('',(-0.0100539399466027,-0.0328060156476339,-0.0121));
#9321=CARTESIAN_POINT('',(-0.0105697596744604,-0.0269504339161535,-0.0121));
#9322=CARTESIAN_POINT('',(-0.010983733115782,-0.0266700306531904,-0.0121));
#9323=CARTESIAN_POINT('',(-0.010983733115782,-0.0266700306531904,-0.0126));
#9324=CARTESIAN_POINT('',(-0.0105112597537048,-0.0267362237526943,-0.0121));
#9325=CARTESIAN_POINT('',(-0.0108766988091666,-0.0265120105320267,-0.0121668993007548));
#9326=CARTESIAN_POINT('',(-0.0107946195729469,-0.0263908328175423,-0.0125999999234392));
#9327=CARTESIAN_POINT('',(-0.010448089617681,-0.0262467025052188,-0.0119653297585375));
#9328=CARTESIAN_POINT('',(-0.0105911074040811,-0.0260854455510659,-0.0121735654080486));
#9329=CARTESIAN_POINT('',(-0.0104493188813455,-0.0258597523152698,-0.0123306595553554));
#9330=CARTESIAN_POINT('',(-0.0102649487393886,-0.0255606624830637,-0.011720154863707));
#9331=CARTESIAN_POINT('',(-0.0102335112559914,-0.0255083234841314,-0.0117802324041515));
#9332=CARTESIAN_POINT('',(-0.0102022231266266,-0.0254558950259233,-0.0118403097274143));
#9333=CARTESIAN_POINT('',(-0.0100827458865312,-0.0252563381610353,-0.0116));
#9334=CARTESIAN_POINT('',(-0.0100827458865312,-0.0252563381610353,-0.0116));
#9335=CARTESIAN_POINT('',(-0.0100827458865312,-0.0252563381610353,-0.0116));
#9336=CARTESIAN_POINT('',(-0.010983733115782,-0.0266700306531904,-0.0126));
#9337=CARTESIAN_POINT('',(-0.0107936416577916,-0.0263893890722097,-0.0126));
#9338=CARTESIAN_POINT('',(-0.010447747508207,-0.0258572399218196,-0.0123281701181704));
#9339=CARTESIAN_POINT('',(-0.010201762738802,-0.0254551260631413,-0.0118393837191373));
#9340=CARTESIAN_POINT('',(-0.0100827458865312,-0.0252563381610353,-0.0116));
#9341=CARTESIAN_POINT('',(-0.010983733115782,-0.0266700306531904,-0.0126));
#9342=CARTESIAN_POINT('',(-0.0105697596744604,-0.0269504339161536,-0.0126));
#9343=CARTESIAN_POINT('',(-0.0358221395950757,-0.00984583487540111,-0.0126));
#9344=CARTESIAN_POINT('',(-0.0358221395950757,-0.00984583487540111,-0.0126));
#9345=CARTESIAN_POINT('',(-0.0136144304245867,-0.0300155560782086,-0.0126));
#9346=CARTESIAN_POINT('',(-0.0132443019384119,-0.0303517180982553,-0.0126));
#9347=CARTESIAN_POINT('',(-0.0113936595075378,-0.0320325281984893,-0.0126));
#9348=CARTESIAN_POINT('',(-0.0113936595075378,-0.0320325281984893,-0.0126));
#9349=CARTESIAN_POINT('',(-0.0128936595075378,-0.0346306044098426,-0.0126));
#9350=CARTESIAN_POINT('',(-0.0126436595075378,-0.0341975917079504,-0.0126));
#9351=CARTESIAN_POINT('',(-0.0126436595075378,-0.0341975917079504,-0.0126));
#9352=CARTESIAN_POINT('',(-0.0128936595075378,-0.0346306044098426,-0.0126));
#9353=CARTESIAN_POINT('',(-0.0115539399466027,-0.0354040918589872,-0.0126));
#9354=CARTESIAN_POINT('',(-0.0113039399466027,-0.0349710791570949,-0.0126));
#9355=CARTESIAN_POINT('',(-0.0100539399466027,-0.0328060156476339,-0.0126));
#9356=CARTESIAN_POINT('',(-0.0100539399466027,-0.0328060156476339,-0.0126));
#9357=CARTESIAN_POINT('',(-0.00781409242141049,-0.0348017819325205,-0.0126));
#9358=CARTESIAN_POINT('',(-0.00818740034227586,-0.0344691542183727,-0.0126));
#9359=CARTESIAN_POINT('',(-0.00879577620110398,-0.026026863325317,0.0151));
#9360=CARTESIAN_POINT('',(-0.0100827458865312,-0.0252563381610353,0.0151));
#9361=CARTESIAN_POINT('',(-0.00954577620110398,-0.0273259014309937,0.0121));
#9362=CARTESIAN_POINT('',(-0.0215981788858074,-0.0203674434965984,0.0121));
#9363=CARTESIAN_POINT('',(-0.01045,-0.032,0.0151));
#9364=CARTESIAN_POINT('',(-0.01045,-0.032,0.0157171444324796));
#9365=CARTESIAN_POINT('',(-0.0107,-0.0324330127018922,0.0156289809421254));
#9366=CARTESIAN_POINT('',(-0.0128936595075378,-0.0346306044098426,0.0151));
#9367=CARTESIAN_POINT('',(-0.0115539399466027,-0.0354040918589872,0.0151));
#9368=CARTESIAN_POINT('',(-0.0115539399466027,-0.0354040918589872,0.0142609003688227));
#9369=CARTESIAN_POINT('',(-0.0128936595075378,-0.0346306044098426,0.0142609003688227));
#9370=CARTESIAN_POINT('',(-0.0128936595075378,-0.0346306044098426,0.0142609003688227));
#9371=CARTESIAN_POINT('',(-0.0128936595075378,-0.0346306044098426,0.0151));
#9372=CARTESIAN_POINT('',(-0.0113936595075378,-0.0320325281984893,0.0151));
#9373=CARTESIAN_POINT('',(-0.0113936595075378,-0.0320325281984893,0.0146135543302396));
#9374=CARTESIAN_POINT('',(-0.0136144304245867,-0.0300155560782086,0.0146883597159948));
#9375=CARTESIAN_POINT('',(-0.0136144304245867,-0.0300155560782086,0.0151));
#9376=CARTESIAN_POINT('',(0.0029086225184575,-0.00276218707889798,0.));
#9377=CARTESIAN_POINT('',(0.00343195289992454,-0.00185575226905268,0.));
#9378=CARTESIAN_POINT('',(-0.00984137748154252,-0.0248458348754012,-0.00261989400560565));
#9379=CARTESIAN_POINT('',(-0.00501872904845057,-0.0164927627622435,-0.0178299839026065));
#9380=CARTESIAN_POINT('',(-0.00501872904845057,-0.0164927627622435,-0.0178299839026065));
#9381=CARTESIAN_POINT('',(-0.00496026906165093,-0.0163915070948967,-0.0179122453553804));
#9382=CARTESIAN_POINT('',(-0.00490065950836021,-0.0162882603199807,-0.0179910172041793));
#9383=CARTESIAN_POINT('',(-0.00483974596215562,-0.0161827549630852,-0.0180658306748496));
#9384=CARTESIAN_POINT('',(0.00402160670043897,-0.000834441927685602,0.));
#9385=CARTESIAN_POINT('',(-0.00632386093055723,-0.0187533174926302,-0.0193879012799627));
#9386=CARTESIAN_POINT('',(-0.00632386093055723,-0.0187533174926302,-0.0193879012799627));
#9387=CARTESIAN_POINT('',(-0.00684233817338837,-0.019651346419782,-0.0185600338522843));
#9388=CARTESIAN_POINT('',(-0.00795533232004556,-0.021579108830319,-0.0171855089859854));
#9389=CARTESIAN_POINT('',(-0.00920140058044763,-0.0237373623670343,-0.0162633721997311));
#9390=CARTESIAN_POINT('',(-0.00984137748154251,-0.0248458348754011,-0.0159240654171818));
#9391=CARTESIAN_POINT('',(-0.00984137748154252,-0.0248458348754012,-0.0159240654171818));
#9392=CARTESIAN_POINT('',(-0.00984137748154252,-0.0248458348754012,0.0151));
#9393=CARTESIAN_POINT('',(-0.0358221395950757,-0.00984583487540112,-0.0126));
#9394=CARTESIAN_POINT('',(-0.0358221395950757,-0.00984583487540112,-0.0126));
#9395=CARTESIAN_POINT('',(-0.00607290261109827,-0.0326982504779397,-0.0126));
#9396=CARTESIAN_POINT('',(-0.00646941814597147,-0.0323936598828712,-0.0126));
#9397=CARTESIAN_POINT('',(-0.00602125821155051,-0.0312023495933423,-0.0116));
#9398=CARTESIAN_POINT('',(-0.0058087702877627,-0.0323821322898285,-0.0116));
#9399=CARTESIAN_POINT('',(-0.00511995885423156,-0.031401022134076,-0.0116));
#9400=CARTESIAN_POINT('',(-0.00602125820793447,-0.0312023496134194,-0.011643955104296));
#9401=CARTESIAN_POINT('',(-0.0058087702573327,-0.0323821322446604,-0.0115396020837846));
#9402=CARTESIAN_POINT('',(-0.00511995887299803,-0.0314010221608061,-0.011687910208592));
#9403=CARTESIAN_POINT('',(-0.00602894897715972,-0.0312246103787273,-0.011729899854908));
#9404=CARTESIAN_POINT('',(-0.00577712705314451,-0.0323351911711734,-0.011427458894559));
#9405=CARTESIAN_POINT('',(-0.00513887826660961,-0.0314280037754886,-0.0118597997098579));
#9406=CARTESIAN_POINT('',(-0.00607176995052991,-0.0313478581546299,-0.0118828165075119));
#9407=CARTESIAN_POINT('',(-0.00566789240149832,-0.0321723264080229,-0.011404760520002));
#9408=CARTESIAN_POINT('',(-0.00524298189541843,-0.0315756664641451,-0.0121656330148143));
#9409=CARTESIAN_POINT('',(-0.0061615355136988,-0.0316027009674681,-0.0120132575512669));
#9410=CARTESIAN_POINT('',(-0.00563722346241675,-0.0321213122455713,-0.0116537353474524));
#9411=CARTESIAN_POINT('',(-0.00545490371990501,-0.0318722004013587,-0.0124265151042106));
#9412=CARTESIAN_POINT('',(-0.00630066507185107,-0.031979299743646,-0.0120877973701957));
#9413=CARTESIAN_POINT('',(-0.0058017531475812,-0.0323419177643761,-0.0119419649554509));
#9414=CARTESIAN_POINT('',(-0.00575653200962767,-0.0322823955142866,-0.0125755947342709));
#9415=CARTESIAN_POINT('',(-0.00640970072774953,-0.0322524547174067,-0.0121));
#9416=CARTESIAN_POINT('',(-0.0059774146982456,-0.0325739444668572,-0.0120597833900492));
#9417=CARTESIAN_POINT('',(-0.00596645662432613,-0.0325596792677205,-0.0126000000131634));
#9418=CARTESIAN_POINT('',(-0.00646941814597162,-0.0323936598828711,-0.0121));
#9419=CARTESIAN_POINT('',(-0.00607290261109825,-0.0326982504779398,-0.0120999999999998));
#9420=CARTESIAN_POINT('',(-0.00607290261109817,-0.0326982504779397,-0.0126));
#9421=CARTESIAN_POINT('',(-0.00607290261109827,-0.0326982504779397,-0.0126));
#9422=CARTESIAN_POINT('',(-0.00585969013949471,-0.0324206908336556,-0.0125999999999999));
#9423=CARTESIAN_POINT('',(-0.00554287845105536,-0.0319952986181263,-0.0125306898631538));
#9424=CARTESIAN_POINT('',(-0.0052009932230416,-0.0315168693576411,-0.0121163736788644));
#9425=CARTESIAN_POINT('',(-0.00511995885423156,-0.031401022134076,-0.0117771992849158));
#9426=CARTESIAN_POINT('',(-0.00511995885423156,-0.031401022134076,-0.0116));
#9427=CARTESIAN_POINT('',(-0.00511995885423155,-0.031401022134076,-0.0116));
#9428=CARTESIAN_POINT('',(-0.00552917579061168,-0.0311137217703804,-0.0116));
#9429=CARTESIAN_POINT('',(-0.00552917579061168,-0.0311137217703804,0.0151));
#9430=CARTESIAN_POINT('',(-0.00511995885423155,-0.031401022134076,0.0151));
#9431=CARTESIAN_POINT('',(-0.00511995885423155,-0.031401022134076,0.0116));
#9432=CARTESIAN_POINT('',(-0.00552917579061168,-0.0311137217703804,0.0116));
#9433=CARTESIAN_POINT('',(-0.00511995885423156,-0.031401022134076,0.0116));
#9434=CARTESIAN_POINT('',(-0.0058087702877627,-0.0323821322898285,0.0116));
#9435=CARTESIAN_POINT('',(-0.00602125821155051,-0.0312023495933423,0.0116));
#9436=CARTESIAN_POINT('',(-0.00511995887299803,-0.0314010221608061,0.011687910208592));
#9437=CARTESIAN_POINT('',(-0.0058087702573328,-0.0323821322446598,0.0115396020837846));
#9438=CARTESIAN_POINT('',(-0.00602125820793447,-0.0312023496134194,0.011643955104296));
#9439=CARTESIAN_POINT('',(-0.00513887826660961,-0.0314280037754886,0.0118597997098579));
#9440=CARTESIAN_POINT('',(-0.00577712705314446,-0.0323351911711737,0.011427458894559));
#9441=CARTESIAN_POINT('',(-0.00602894897715972,-0.0312246103787273,0.011729899854908));
#9442=CARTESIAN_POINT('',(-0.00524298189541843,-0.0315756664641451,0.0121656330148143));
#9443=CARTESIAN_POINT('',(-0.00566789240149834,-0.0321723264080227,0.011404760520002));
#9444=CARTESIAN_POINT('',(-0.00607176995052991,-0.0313478581546299,0.0118828165075119));
#9445=CARTESIAN_POINT('',(-0.00545490371990501,-0.0318722004013587,0.0124265151042106));
#9446=CARTESIAN_POINT('',(-0.00563722346241674,-0.0321213122455713,0.0116537353474524));
#9447=CARTESIAN_POINT('',(-0.0061615355136988,-0.0316027009674681,0.0120132575512669));
#9448=CARTESIAN_POINT('',(-0.00575653200962767,-0.0322823955142866,0.0125755947342709));
#9449=CARTESIAN_POINT('',(-0.0058017531475812,-0.0323419177643761,0.0119419649554509));
#9450=CARTESIAN_POINT('',(-0.00630066507185107,-0.031979299743646,0.0120877973701957));
#9451=CARTESIAN_POINT('',(-0.00596645662432613,-0.0325596792677205,0.0126000000131634));
#9452=CARTESIAN_POINT('',(-0.0059774146982456,-0.0325739444668572,0.0120597833900492));
#9453=CARTESIAN_POINT('',(-0.00640970072774953,-0.0322524547174067,0.0121));
#9454=CARTESIAN_POINT('',(-0.00607290261109817,-0.0326982504779397,0.0126));
#9455=CARTESIAN_POINT('',(-0.00607290261109825,-0.0326982504779398,0.0120999999999998));
#9456=CARTESIAN_POINT('',(-0.00646941814597162,-0.0323936598828711,0.0121));
#9457=CARTESIAN_POINT('',(-0.00607290261109827,-0.0326982504779397,0.0126));
#9458=CARTESIAN_POINT('',(-0.00585969013949471,-0.0324206908336556,0.0125999999999999));
#9459=CARTESIAN_POINT('',(-0.00554287845105536,-0.0319952986181263,0.0125306898631538));
#9460=CARTESIAN_POINT('',(-0.0052009932230416,-0.0315168693576411,0.0121163736788644));
#9461=CARTESIAN_POINT('',(-0.00511995885423156,-0.031401022134076,0.0117771992849158));
#9462=CARTESIAN_POINT('',(-0.00511995885423156,-0.031401022134076,0.0116));
#9463=CARTESIAN_POINT('',(-0.00607290261109827,-0.0326982504779397,0.0126));
#9464=CARTESIAN_POINT('',(-0.00646941814597147,-0.0323936598828712,0.0126));
#9465=CARTESIAN_POINT('',(-0.0358221395950757,-0.00984583487540112,0.0126));
#9466=CARTESIAN_POINT('',(-0.0358221395950757,-0.00984583487540112,0.0126));
#9467=CARTESIAN_POINT('',(-0.0100539399466027,-0.0328060156476339,0.0151));
#9468=CARTESIAN_POINT('',(-0.00781409242141049,-0.0348017819325205,0.0151));
#9469=CARTESIAN_POINT('',(-0.00781409242141049,-0.0348017819325205,0.0145420289902918));
#9470=CARTESIAN_POINT('',(-0.0100539399466027,-0.0328060156476339,0.0146135543302396));
#9471=CARTESIAN_POINT('',(-0.01045,-0.032,-0.0151));
#9472=CARTESIAN_POINT('',(-0.01045,-0.032,-0.0157171444324796));
#9473=CARTESIAN_POINT('',(-0.0107,-0.0324330127018922,-0.0156289809421254));
#9474=CARTESIAN_POINT('',(-0.0358221395950757,-0.00984583487540111,0.0151));
#9475=CARTESIAN_POINT('',(-0.00984137748154252,-0.0248458348754012,0.00261989400560565));
#9476=CARTESIAN_POINT('',(-0.00995374970741256,-0.0250404692799677,0.00087329800186855));
#9477=CARTESIAN_POINT('',(-0.00995374970741256,-0.0250404692799677,-0.00087329800186855));
#9478=CARTESIAN_POINT('',(-0.00984137748154252,-0.0248458348754012,-0.00261989400560565));
#9479=CARTESIAN_POINT('',(-0.00984137748154251,-0.0248458348754011,-0.0159240654171818));
#9480=CARTESIAN_POINT('',(-0.0101261095687298,-0.0253390053169546,-0.015768072423527));
#9481=CARTESIAN_POINT('',(-0.010427732849881,-0.0258289980176981,-0.015639287873175));
#9482=CARTESIAN_POINT('',(-0.0107465991718548,-0.0263145103680878,-0.0155336276040606));
#9483=CARTESIAN_POINT('',(-0.0107465991718548,-0.0263145103680878,-0.0155336276040606));
#9484=CARTESIAN_POINT('',(-0.0358221395950757,-0.00984583487540111,-0.0158478431951989));
#9485=CARTESIAN_POINT('',(-0.0136144304245867,-0.0300155560782086,-0.0146883597159948));
#9486=CARTESIAN_POINT('',(-0.0136144304245867,-0.0300155560782086,-0.0151));
#9487=CARTESIAN_POINT('',(-0.0358221395950757,-0.00984583487540111,0.0158478431951989));
#9488=CARTESIAN_POINT('',(-0.0107465991718448,-0.0263145103680726,0.015533627604064));
#9489=CARTESIAN_POINT('',(-0.0107465991718448,-0.0263145103680726,0.015533627604064));
#9490=CARTESIAN_POINT('',(-0.0104277328498746,-0.0258289980176878,0.0156392878731777));
#9491=CARTESIAN_POINT('',(-0.0101261095687268,-0.0253390053169495,0.0157680724235285));
#9492=CARTESIAN_POINT('',(-0.00984137748154252,-0.0248458348754012,0.0159240654171818));
#9493=CARTESIAN_POINT('',(-0.0113936595075378,-0.0320325281984893,-0.0151));
#9494=CARTESIAN_POINT('',(-0.0113936595075378,-0.0320325281984893,-0.0146135543302396));
#9495=CARTESIAN_POINT('',(-0.0128936595075378,-0.0346306044098426,-0.0142609003688227));
#9496=CARTESIAN_POINT('',(-0.0128936595075378,-0.0346306044098426,-0.0151));
#9497=CARTESIAN_POINT('',(-0.0128936595075378,-0.0346306044098426,-0.0151));
#9498=CARTESIAN_POINT('',(-0.0115539399466027,-0.0354040918589872,-0.0142609003688227));
#9499=CARTESIAN_POINT('',(-0.0115539399466027,-0.0354040918589872,-0.0142609003688227));
#9500=CARTESIAN_POINT('',(-0.0115539399466027,-0.0354040918589872,-0.0151));
#9501=CARTESIAN_POINT('',(-0.0100539399466027,-0.0328060156476339,-0.0151));
#9502=CARTESIAN_POINT('',(-0.0100539399466027,-0.0328060156476339,-0.0146135543302396));
#9503=CARTESIAN_POINT('',(-0.00781409242141049,-0.0348017819325205,-0.0145420289902918));
#9504=CARTESIAN_POINT('',(-0.00781409242141049,-0.0348017819325205,-0.0151));
#9505=CARTESIAN_POINT('',(-0.0358221395950757,-0.00984583487540112,0.0151));
#9506=CARTESIAN_POINT('',(-0.00384618695315927,-0.0294618602791856,0.0136));
#9507=CARTESIAN_POINT('',(-0.00384618792837609,-0.0294618597150983,-0.0156741135403002));
#9508=CARTESIAN_POINT('',(-0.00384618695315927,-0.0294618602791856,0.0156741383365777));
#9509=CARTESIAN_POINT('',(-0.0358221395950757,-0.00984583487540112,0.0158478431951989));
#9510=CARTESIAN_POINT('',(-0.0358221395950757,-0.00984583487540112,-0.0158478431951989));
#9511=CARTESIAN_POINT('',(-0.0128936595075378,-0.0346306044098426,0.0151));
#9512=CARTESIAN_POINT('',(-0.0359089636839092,-0.00999621860858155,0.0168326509482111));
#9513=CARTESIAN_POINT('',(-0.00864753235197469,-0.0342869102374054,0.015526836743304));
#9514=CARTESIAN_POINT('',(-0.00478540008917808,-0.0290893358819379,0.0166610242871884));
#9515=CARTESIAN_POINT('',(-0.00921221235694369,-0.0367560889132455,0.0151));
#9516=CARTESIAN_POINT('',(-0.00253671405799898,-0.0251937866936337,0.0174541409195548));
#9517=CARTESIAN_POINT('',(-0.00253671405799921,-0.0251937866936337,0.0174541409195548));
#9518=CARTESIAN_POINT('',(-0.00501690042473109,-0.0258265803281376,0.0171388491384245));
#9519=CARTESIAN_POINT('',(-0.00750439518902174,-0.0264313094238624,0.0168271985808139));
#9520=CARTESIAN_POINT('',(-0.00999757191323413,-0.0270138499510208,0.0165184353570746));
#9521=CARTESIAN_POINT('',(-0.00999757191323413,-0.0270138499510209,0.0165184353570745));
#9522=CARTESIAN_POINT('',(-0.0359089636839092,-0.00999621860858154,0.0168326509482111));
#9523=CARTESIAN_POINT('',(-0.0129609975410706,-0.0308382638514826,0.015673167469007));
#9524=CARTESIAN_POINT('',(-0.0114804835963713,-0.0321829119316697,0.0155983620832519));
#9525=CARTESIAN_POINT('',(-0.0124804835963713,-0.0339149627392386,0.015245708121835));
#9526=CARTESIAN_POINT('',(-0.0111407640354362,-0.0346884501883831,0.015245708121835));
#9527=CARTESIAN_POINT('',(-0.0111407640354362,-0.0346884501883831,0.015245708121835));
#9528=CARTESIAN_POINT('',(-0.0101407640354361,-0.0329563993808143,0.0155983620832519));
#9529=CARTESIAN_POINT('',(-0.0128936595075378,-0.0346306044098426,-0.0151));
#9530=CARTESIAN_POINT('',(-0.00921221235694369,-0.0367560889132455,-0.0151));
#9531=CARTESIAN_POINT('',(-0.00253671405799897,-0.0251937866936337,-0.0174541409195548));
#9532=CARTESIAN_POINT('',(-0.00478540009464094,-0.0290893358914448,-0.0166610243493716));
#9533=CARTESIAN_POINT('',(-0.0359089636839092,-0.00999621860858155,-0.0168326509482111));
#9534=CARTESIAN_POINT('',(-0.00864753235197469,-0.0342869102374054,-0.015526836743304));
#9535=CARTESIAN_POINT('',(-0.0101407640354361,-0.0329563993808143,-0.0155983620832519));
#9536=CARTESIAN_POINT('',(-0.0111407640354362,-0.0346884501883831,-0.015245708121835));
#9537=CARTESIAN_POINT('',(-0.0124804835963713,-0.0339149627392386,-0.015245708121835));
#9538=CARTESIAN_POINT('',(-0.0124804835963713,-0.0339149627392386,-0.015245708121835));
#9539=CARTESIAN_POINT('',(-0.0114804835963713,-0.0321829119316697,-0.0155983620832519));
#9540=CARTESIAN_POINT('',(-0.0129609975410705,-0.0308382638514826,-0.015673167469007));
#9541=CARTESIAN_POINT('',(-0.0359089636839092,-0.00999621860858154,-0.0168326509482111));
#9542=CARTESIAN_POINT('',(-0.0099975719132481,-0.0270138499510241,-0.0165184353570728));
#9543=CARTESIAN_POINT('',(-0.00999757191324807,-0.0270138499510241,-0.0165184353570729));
#9544=CARTESIAN_POINT('',(-0.00750439513112841,-0.0264313094103355,-0.0168271985879836));
#9545=CARTESIAN_POINT('',(-0.00501690056045003,-0.0258265803627648,-0.0171388491211713));
#9546=CARTESIAN_POINT('',(-0.00253671405799928,-0.0251937866936337,-0.0174541409195548));
#9547=CARTESIAN_POINT('',(0.004,-0.0158718658306298,0.0252872540664101));
#9548=CARTESIAN_POINT('',(-0.00158386456538107,-0.0255434029604533,-0.0164693331665426));
#9549=CARTESIAN_POINT('',(-0.000952361131133267,-0.0244496069271818,-0.0166920353542785));
#9550=CARTESIAN_POINT('',(-0.000337363942456786,-0.0233844005498821,-0.0170220474829381));
#9551=CARTESIAN_POINT('',(0.000261098780039923,-0.0223478327080819,-0.01745955301955));
#9552=CARTESIAN_POINT('',(-0.00158386456538107,-0.0255434029604533,-0.0164693331665426));
#9553=CARTESIAN_POINT('',(0.000261098780039924,-0.0223478327080819,-0.01745955301955));
#9554=CARTESIAN_POINT('',(0.0126453148871066,-0.000897741198729584,0.));
#9555=CARTESIAN_POINT('',(0.000261098780048696,-0.0223478327080667,0.0174595530195563));
#9556=CARTESIAN_POINT('',(0.000261098780048694,-0.0223478327080667,0.0174595530195564));
#9557=CARTESIAN_POINT('',(-0.00033736394245077,-0.0233844005498717,0.0170220474829413));
#9558=CARTESIAN_POINT('',(-0.000952361131130177,-0.0244496069271765,0.0166920353542796));
#9559=CARTESIAN_POINT('',(-0.00158386456538106,-0.0255434029604533,0.0164693331665426));
#9560=CARTESIAN_POINT('',(-0.00158386456538106,-0.0255434029604533,0.0164693331665426));
#9561=CARTESIAN_POINT('',(0.00458560252358949,-0.0148575725067322,0.0186450201752994));
#9562=CARTESIAN_POINT('',(0.000261227393536381,-0.0223476099429714,-0.0171200121550334));
#9563=CARTESIAN_POINT('',(-0.0035,0.,0.));
#9564=CARTESIAN_POINT('',(-0.00432635182233307,0.,0.));
#9565=CARTESIAN_POINT('',(-0.00432635182233307,0.0163133371018802,-0.0171170834309887));
#9566=CARTESIAN_POINT('',(-0.00432635182233307,0.0163133371018802,0.0171170834309887));
#9567=CARTESIAN_POINT('',(-0.00432635182233307,0.0163133371018802,0.0171170834309887));
#9568=CARTESIAN_POINT('',(-0.00496059735070122,0.0173710441023357,0.0162635313275937));
#9569=CARTESIAN_POINT('',(-0.00614835345350318,0.0193529451414155,0.0143372686194434));
#9570=CARTESIAN_POINT('',(-0.00735091708774391,0.0213612882627318,0.0114864673209805));
#9571=CARTESIAN_POINT('',(-0.00813406064984217,0.0226697733612068,0.0088872394999962));
#9572=CARTESIAN_POINT('',(-0.00875581671790188,0.0237088953337741,0.00618561875916163));
#9573=CARTESIAN_POINT('',(-0.00904690924760487,0.0241955617259333,0.00399482548059266));
#9574=CARTESIAN_POINT('',(-0.00914900025542498,0.0243662464248616,0.00251863800349937));
#9575=CARTESIAN_POINT('',(-0.00914900025542501,0.0243662464248617,0.00251863800349937));
#9576=CARTESIAN_POINT('',(-0.00914900025542501,0.0243662464248617,0.00251863800349937));
#9577=CARTESIAN_POINT('',(-0.00926512384907478,0.0245603920312554,0.000839546001166455));
#9578=CARTESIAN_POINT('',(-0.00926512384907478,0.0245603920312553,-0.000839546001166459));
#9579=CARTESIAN_POINT('',(-0.00914900025542501,0.0243662464248616,-0.00251863800349937));
#9580=CARTESIAN_POINT('',(-0.00914900025542502,0.0243662464248617,-0.00251863800349937));
#9581=CARTESIAN_POINT('',(-0.00914900025542498,0.0243662464248616,-0.00251863800349937));
#9582=CARTESIAN_POINT('',(-0.00904649825410174,0.024194874590956,-0.00400076825141482));
#9583=CARTESIAN_POINT('',(-0.00866523998405897,0.0235574607068276,-0.00688408420097899));
#9584=CARTESIAN_POINT('',(-0.00724720885602079,0.0211876992249985,-0.0122224087944009));
#9585=CARTESIAN_POINT('',(-0.00559307892135444,0.0184258094180018,-0.0154123531153032));
#9586=CARTESIAN_POINT('',(-0.00432635182233307,0.0163133371018802,-0.0171170834309887));
#9587=CARTESIAN_POINT('',(-0.0035,0.,0.));
#9588=CARTESIAN_POINT('',(0.00129994006289583,-0.022205230681625,0.00448295190597267));
#9589=CARTESIAN_POINT('',(-0.000575166074094645,-0.0225428219396077,0.00448178944320185));
#9590=CARTESIAN_POINT('',(-0.00245027221108512,-0.0228804131975904,0.00448062698043103));
#9591=CARTESIAN_POINT('',(-0.0043253783480756,-0.0232180044555731,0.00447946451766021));
#9592=CARTESIAN_POINT('',(-0.00432635203642982,-0.0231944050030807,-0.00459772671234102));
#9593=CARTESIAN_POINT('',(-0.00240786164062787,-0.0228491965787565,-0.00459946573814441));
#9594=CARTESIAN_POINT('',(-0.000532410945316806,-0.022511411653043,-0.00460123867898454));
#9595=CARTESIAN_POINT('',(0.00130000004950338,-0.0221810480668676,-0.00460305124401851));
#9596=CARTESIAN_POINT('',(-0.00432635196727041,-0.0231944053801535,-0.00459772526731922));
#9597=CARTESIAN_POINT('',(-0.00432635182233307,0.,0.));
#9598=CARTESIAN_POINT('',(-0.00432635182233307,-0.0163133371018802,-0.0171170834309887));
#9599=CARTESIAN_POINT('',(-0.00432635182233307,-0.0163133371018802,-0.0171170834309887));
#9600=CARTESIAN_POINT('',(-0.00496059735070122,-0.0173710441023357,-0.0162635313275937));
#9601=CARTESIAN_POINT('',(-0.00614835345350318,-0.0193529451414155,-0.0143372686194434));
#9602=CARTESIAN_POINT('',(-0.00735091708774391,-0.0213612882627318,-0.0114864673209805));
#9603=CARTESIAN_POINT('',(-0.00813406064984217,-0.0226697733612068,-0.0088872394999962));
#9604=CARTESIAN_POINT('',(-0.00875581671790188,-0.0237088953337741,-0.00618561875916165));
#9605=CARTESIAN_POINT('',(-0.00904690924760487,-0.0241955617259333,-0.00399482548059266));
#9606=CARTESIAN_POINT('',(-0.00914900025542498,-0.0243662464248616,-0.00251863800349936));
#9607=CARTESIAN_POINT('',(-0.00914900025542501,-0.0243662464248617,-0.00251863800349937));
#9608=CARTESIAN_POINT('',(-0.00914900025542501,-0.0243662464248617,-0.00251863800349937));
#9609=CARTESIAN_POINT('',(-0.00926512384907478,-0.0245603920312554,-0.000839546001166455));
#9610=CARTESIAN_POINT('',(-0.00926512384907478,-0.0245603920312553,0.000839546001166459));
#9611=CARTESIAN_POINT('',(-0.00914900025542501,-0.0243662464248616,0.00251863800349937));
#9612=CARTESIAN_POINT('',(-0.00914900025542502,-0.0243662464248617,0.00251863800349937));
#9613=CARTESIAN_POINT('',(-0.00914900025542498,-0.0243662464248616,0.00251863800349937));
#9614=CARTESIAN_POINT('',(-0.00904649825410174,-0.024194874590956,0.00400076825141482));
#9615=CARTESIAN_POINT('',(-0.00866523998405897,-0.0235574607068276,0.00688408420097899));
#9616=CARTESIAN_POINT('',(-0.00724720885602079,-0.0211876992249986,0.0122224087944009));
#9617=CARTESIAN_POINT('',(-0.00559307892135444,-0.0184258094180018,0.0154123531153032));
#9618=CARTESIAN_POINT('',(-0.00432635182233307,-0.0163133371018802,0.0171170834309887));
#9619=CARTESIAN_POINT('',(-0.00425096900680581,0.0128,6.81394667223097E-19));
#9620=CARTESIAN_POINT('',(-0.0025,0.0128,6.81394667223097E-19));
#9621=CARTESIAN_POINT('',(-0.0025,0.0128,0.000400000000000001));
#9622=CARTESIAN_POINT('',(-0.00425096900680581,0.0128,-0.0015));
#9623=CARTESIAN_POINT('',(-0.0025,0.0128,-0.0015));
#9624=CARTESIAN_POINT('',(-0.0025,0.0128,-0.0011));
#9625=CARTESIAN_POINT('',(-0.00425096900680581,0.0143,5.03820881346731E-19));
#9626=CARTESIAN_POINT('',(-0.0025,0.0143,5.03820881346731E-19));
#9627=CARTESIAN_POINT('',(-0.0025,0.0143,0.000500000000000001));
#9628=CARTESIAN_POINT('',(-0.00425096900680581,0.0143,-0.0015));
#9629=CARTESIAN_POINT('',(-0.0025,0.0143,-0.0015));
#9630=CARTESIAN_POINT('',(-0.0025,0.0143,-0.001));
#9631=CARTESIAN_POINT('',(-0.00425096900680581,0.0143,-0.003));
#9632=CARTESIAN_POINT('',(-0.0025,0.0143,-0.003));
#9633=CARTESIAN_POINT('',(-0.0025,0.0143,-0.0026));
#9634=CARTESIAN_POINT('',(-0.00425096900680581,0.0158,-0.0015));
#9635=CARTESIAN_POINT('',(-0.0025,0.0158,-0.0015));
#9636=CARTESIAN_POINT('',(-0.0025,0.0158,-0.001));
#9637=CARTESIAN_POINT('',(-0.00425096900680581,0.0158,-0.003));
#9638=CARTESIAN_POINT('',(-0.0025,0.0158,-0.003));
#9639=CARTESIAN_POINT('',(-0.0025,0.0158,-0.0026));
#9640=CARTESIAN_POINT('',(-0.00425096900680581,0.0173,-3.50237102781043E-20));
#9641=CARTESIAN_POINT('',(-0.0025,0.0173,-3.50237102781043E-20));
#9642=CARTESIAN_POINT('',(-0.0025,0.0173,0.0005));
#9643=CARTESIAN_POINT('',(-0.00425096900680581,0.0173,-0.0015));
#9644=CARTESIAN_POINT('',(-0.0025,0.0173,-0.0015));
#9645=CARTESIAN_POINT('',(-0.0025,0.0173,-0.001));
#9646=CARTESIAN_POINT('',(-0.00425096900680581,0.0173,-0.003));
#9647=CARTESIAN_POINT('',(-0.0025,0.0173,-0.003));
#9648=CARTESIAN_POINT('',(-0.0025,0.0173,-0.0026));
#9649=CARTESIAN_POINT('',(-0.00425096900680581,0.0188,-3.96294516026573E-19));
#9650=CARTESIAN_POINT('',(-0.0025,0.0188,-3.96294516026573E-19));
#9651=CARTESIAN_POINT('',(-0.0025,0.0188,0.0004));
#9652=CARTESIAN_POINT('',(-0.00425096900680581,0.0188,-0.0015));
#9653=CARTESIAN_POINT('',(-0.0025,0.0188,-0.0015));
#9654=CARTESIAN_POINT('',(-0.0025,0.0188,-0.0011));
#9655=CARTESIAN_POINT('',(-0.00425096900680581,0.0158,0.));
#9656=CARTESIAN_POINT('',(-0.0025,0.0158,0.));
#9657=CARTESIAN_POINT('',(-0.0025,0.0158,0.0006));
#9658=CARTESIAN_POINT('',(-0.00425096900680581,0.0158,0.0015));
#9659=CARTESIAN_POINT('',(-0.0025,0.0158,0.0015));
#9660=CARTESIAN_POINT('',(-0.0025,0.0158,0.002));
#9661=CARTESIAN_POINT('',(-0.00425096900680581,0.0143,0.0015));
#9662=CARTESIAN_POINT('',(-0.0025,0.0143,0.0015));
#9663=CARTESIAN_POINT('',(-0.0025,0.0143,0.002));
#9664=CARTESIAN_POINT('',(-0.00425096900680581,0.0128,0.0015));
#9665=CARTESIAN_POINT('',(-0.0025,0.0128,0.0015));
#9666=CARTESIAN_POINT('',(-0.0025,0.0128,0.0019));
#9667=CARTESIAN_POINT('',(-0.00425096900680581,0.0143,0.003));
#9668=CARTESIAN_POINT('',(-0.0025,0.0143,0.003));
#9669=CARTESIAN_POINT('',(-0.0025,0.0143,0.0034));
#9670=CARTESIAN_POINT('',(-0.00425096900680581,0.0158,0.003));
#9671=CARTESIAN_POINT('',(-0.0025,0.0158,0.003));
#9672=CARTESIAN_POINT('',(-0.0025,0.0158,0.0034));
#9673=CARTESIAN_POINT('',(-0.00425096900680581,0.0173,0.003));
#9674=CARTESIAN_POINT('',(-0.0025,0.0173,0.003));
#9675=CARTESIAN_POINT('',(-0.0025,0.0173,0.0034));
#9676=CARTESIAN_POINT('',(-0.00425096900680581,0.0173,0.0015));
#9677=CARTESIAN_POINT('',(-0.0025,0.0173,0.0015));
#9678=CARTESIAN_POINT('',(-0.0025,0.0173,0.002));
#9679=CARTESIAN_POINT('',(-0.00425096900680581,0.0188,0.0015));
#9680=CARTESIAN_POINT('',(-0.0025,0.0188,0.0015));
#9681=CARTESIAN_POINT('',(-0.0025,0.0188,0.0019));
#9682=CARTESIAN_POINT('',(-0.0025,0.0158,0.));
#9683=CARTESIAN_POINT('',(-0.0025,0.0158,0.));
#9684=CARTESIAN_POINT('',(-0.0025,0.0158,0.0055857864376269));
#9685=CARTESIAN_POINT('',(-0.0118191645136103,-0.0212186006103975,0.0195973544965377));
#9686=CARTESIAN_POINT('',(-0.01094948282835,-0.0235472974123409,0.0169638667753748));
#9687=CARTESIAN_POINT('',(-0.0100793661977991,-0.0270329530077247,0.0165083069810734));
#9688=CARTESIAN_POINT('',(-0.00722041434376322,-0.0203445552986352,0.0199507120863864));
#9689=CARTESIAN_POINT('',(-0.00637435523090231,-0.0226428173165589,0.0175053434003421));
#9690=CARTESIAN_POINT('',(-0.00548061602794791,-0.0259593922543608,0.0170776854871238));
#9691=CARTESIAN_POINT('',(-0.00263342070414412,-0.0194208690028275,0.0203053017567308));
#9692=CARTESIAN_POINT('',(-0.00178780995901023,-0.0216703756724315,0.0180582046234563));
#9693=CARTESIAN_POINT('',(-0.000893622388346063,-0.0248106388644971,0.0176575096860785));
#9694=CARTESIAN_POINT('',(0.00191425328662691,-0.0184211609690461,0.0206635060623921));
#9695=CARTESIAN_POINT('',(0.00278399286822703,-0.0205924850366963,0.0186258685465456));
#9696=CARTESIAN_POINT('',(0.00365405160243815,-0.0235464491438518,0.0182514948759912));
#9697=CARTESIAN_POINT('',(-0.00253671405799897,-0.0251937866936337,0.0174541409195548));
#9698=CARTESIAN_POINT('',(-0.0017567979069049,-0.0239821703971384,0.0177079192740307));
#9699=CARTESIAN_POINT('',(-0.000248339715939398,-0.021644231110658,0.0184871816278974));
#9700=CARTESIAN_POINT('',(0.00117365428119045,-0.0194521103595951,0.0198301215272147));
#9701=CARTESIAN_POINT('',(0.00183336175319097,-0.0184389340770714,0.0206571352645301));
#9702=CARTESIAN_POINT('',(-0.00537067978402178,-0.0199552758456356,0.0200947664348206));
#9703=CARTESIAN_POINT('',(-0.00646393340323199,-0.0216320165562986,0.0185644620916717));
#9704=CARTESIAN_POINT('',(-0.00771386414038978,-0.0235617171141375,0.0175220060971162));
#9705=CARTESIAN_POINT('',(-0.00903319203406021,-0.0256073596386448,0.0168875275792128));
#9706=CARTESIAN_POINT('',(-0.00903319203406022,-0.0256073596386448,0.0168875275792128));
#9707=CARTESIAN_POINT('',(-0.00903319203406005,-0.0256073596386449,0.0168875275792128));
#9708=CARTESIAN_POINT('',(-0.00933861638023982,-0.0260809257881689,0.0167406458317522));
#9709=CARTESIAN_POINT('',(-0.00966005486378832,-0.0265501348405512,0.0166190030256637));
#9710=CARTESIAN_POINT('',(-0.00999757191323616,-0.0270138499510095,0.0165184353570761));
#9711=CARTESIAN_POINT('',(-0.0100793661940085,0.0270329530068398,0.0165083069815427));
#9712=CARTESIAN_POINT('',(-0.0109494828245594,0.0235472974115916,0.0169638667758234));
#9713=CARTESIAN_POINT('',(-0.0118191645098197,0.021218600609677,0.019597354496829));
#9714=CARTESIAN_POINT('',(-0.0054806162372807,0.0259593923032248,0.0170776854612065));
#9715=CARTESIAN_POINT('',(-0.00637435543801007,0.0226428173576355,0.0175053433757629));
#9716=CARTESIAN_POINT('',(-0.00722041455309922,0.0203445553383974,0.0199507120702975));
#9717=CARTESIAN_POINT('',(-0.000893621567326972,0.0248106386360064,0.0176575097933538));
#9718=CARTESIAN_POINT('',(-0.0017878091291059,0.0216703754766016,0.0180582047265572));
#9719=CARTESIAN_POINT('',(-0.00263341988312891,0.0194208688221639,0.0203053018214102));
#9720=CARTESIAN_POINT('',(0.00365405158785788,0.0235464491479049,0.0182514948740868));
#9721=CARTESIAN_POINT('',(0.00278399285364669,0.0205924850401339,0.0186258685447352));
#9722=CARTESIAN_POINT('',(0.00191425327204664,0.0184211609722513,0.0206635060612437));
#9723=CARTESIAN_POINT('',(0.00183336175319659,0.0184389340770627,0.0206571352645371));
#9724=CARTESIAN_POINT('',(0.00117335962963562,0.0194525628843574,0.0198297521500366));
#9725=CARTESIAN_POINT('',(-0.000248226551291588,0.0216440587239319,0.0184873971392517));
#9726=CARTESIAN_POINT('',(-0.00175651884883748,0.0239817368745069,0.0177080100772498));
#9727=CARTESIAN_POINT('',(-0.00253671405799897,0.0251937866936337,0.0174541409195548));
#9728=CARTESIAN_POINT('',(-0.00999757191324766,0.0270138499510244,0.0165184353570728));
#9729=CARTESIAN_POINT('',(-0.00966005486379745,0.0265501348405634,0.0166190030256606));
#9730=CARTESIAN_POINT('',(-0.00933861638024193,0.0260809257881718,0.0167406458317513));
#9731=CARTESIAN_POINT('',(-0.00903319203406031,0.0256073596386449,0.0168875275792127));
#9732=CARTESIAN_POINT('',(-0.00903319203406031,0.0256073596386449,0.0168875275792127));
#9733=CARTESIAN_POINT('',(-0.00903319203406031,0.0256073596386449,0.0168875275792127));
#9734=CARTESIAN_POINT('',(-0.00771332920649209,0.0235608876891445,0.0175222633523961));
#9735=CARTESIAN_POINT('',(-0.00646488862054247,0.0216334815884948,0.0185631250065063));
#9736=CARTESIAN_POINT('',(-0.00537067978402659,0.0199552758456418,0.0200947664348145));
#9737=CARTESIAN_POINT('',(-0.0118191645136108,0.0212186006103976,-0.0195973544965377));
#9738=CARTESIAN_POINT('',(-0.0109494828283505,0.023547297412341,-0.0169638667753747));
#9739=CARTESIAN_POINT('',(-0.0100793661977996,0.0270329530077248,-0.0165083069810733));
#9740=CARTESIAN_POINT('',(-0.00722041434376499,0.0203445552986164,-0.019950712086407));
#9741=CARTESIAN_POINT('',(-0.00637435523091313,0.0226428173165303,-0.0175053434003644));
#9742=CARTESIAN_POINT('',(-0.00548061602795074,0.0259593922543168,-0.0170776854871302));
#9743=CARTESIAN_POINT('',(-0.00263342070349154,0.0194208690026596,-0.0203053017568039));
#9744=CARTESIAN_POINT('',(-0.00178780995837153,0.0216703756721529,-0.0180582046235542));
#9745=CARTESIAN_POINT('',(-0.000893622387688987,0.0248106388642906,-0.017657509686168));
#9746=CARTESIAN_POINT('',(0.0019142532866269,0.0184211609690462,-0.0206635060623921));
#9747=CARTESIAN_POINT('',(0.00278399286822702,0.0205924850366964,-0.0186258685465456));
#9748=CARTESIAN_POINT('',(0.00365405160243814,0.0235464491438518,-0.0182514948759912));
#9749=CARTESIAN_POINT('',(-0.00537067978402179,0.0199552758456356,-0.0200947664348206));
#9750=CARTESIAN_POINT('',(-0.00646393340323202,0.0216320165562986,-0.0185644620916716));
#9751=CARTESIAN_POINT('',(-0.00771386414038983,0.0235617171141376,-0.0175220060971161));
#9752=CARTESIAN_POINT('',(-0.00903319203406029,0.0256073596386449,-0.0168875275792127));
#9753=CARTESIAN_POINT('',(-0.00903319203406029,0.0256073596386449,-0.0168875275792127));
#9754=CARTESIAN_POINT('',(-0.00903319203406029,0.0256073596386449,-0.0168875275792127));
#9755=CARTESIAN_POINT('',(-0.00933861638024008,0.026080925788169,-0.0167406458317521));
#9756=CARTESIAN_POINT('',(-0.00966005486378859,0.0265501348405515,-0.0166190030256637));
#9757=CARTESIAN_POINT('',(-0.00999757191323645,0.0270138499510099,-0.0165184353570761));
#9758=CARTESIAN_POINT('',(-0.00253671405800646,0.0251937866936453,-0.0174541409195524));
#9759=CARTESIAN_POINT('',(-0.00175679790691111,0.023982170397148,-0.0177079192740276));
#9760=CARTESIAN_POINT('',(-0.000248339715942618,0.021644231110663,-0.0184871816278946));
#9761=CARTESIAN_POINT('',(0.00117365428118944,0.0194521103595966,-0.0198301215272134));
#9762=CARTESIAN_POINT('',(0.00183336175319096,0.0184389340770714,-0.0206571352645301));
#9763=CARTESIAN_POINT('',(-0.0100793661910342,-0.0270329530061454,-0.0165083069819109));
#9764=CARTESIAN_POINT('',(-0.0109494828215851,-0.0235472974110036,-0.0169638667761754));
#9765=CARTESIAN_POINT('',(-0.0118191645068454,-0.0212186006091117,-0.0195973544970575));
#9766=CARTESIAN_POINT('',(-0.00548061640084441,-0.025959392341331,-0.0170776854409672));
#9767=CARTESIAN_POINT('',(-0.0063743555998933,-0.0226428173895081,-0.0175053433567035));
#9768=CARTESIAN_POINT('',(-0.00722041471666328,-0.0203445553694478,-0.0199507120577455));
#9769=CARTESIAN_POINT('',(-0.000893620925881724,-0.0248106384573995,-0.0176575098771797));
#9770=CARTESIAN_POINT('',(-0.00178780848072925,-0.0216703753234193,-0.0180582048071177));
#9771=CARTESIAN_POINT('',(-0.00263341924168252,-0.0194208686809769,-0.0203053018719766));
#9772=CARTESIAN_POINT('',(0.00365405157645261,-0.0235464491510754,-0.0182514948725971));
#9773=CARTESIAN_POINT('',(0.00278399284224138,-0.020592485042823,-0.018625868543319));
#9774=CARTESIAN_POINT('',(0.00191425326064137,-0.0184211609747585,-0.0206635060603453));
#9775=CARTESIAN_POINT('',(-0.00999757191324766,-0.0270138499510245,-0.0165184353570728));
#9776=CARTESIAN_POINT('',(-0.00966005486379745,-0.0265501348405635,-0.0166190030256605));
#9777=CARTESIAN_POINT('',(-0.00933861638024192,-0.0260809257881718,-0.0167406458317513));
#9778=CARTESIAN_POINT('',(-0.00903319203406029,-0.0256073596386449,-0.0168875275792127));
#9779=CARTESIAN_POINT('',(-0.00903319203406029,-0.0256073596386449,-0.0168875275792127));
#9780=CARTESIAN_POINT('',(-0.00903319203406029,-0.0256073596386449,-0.0168875275792127));
#9781=CARTESIAN_POINT('',(-0.00771332920649193,-0.0235608876891443,-0.0175222633523961));
#9782=CARTESIAN_POINT('',(-0.00646488862054231,-0.0216334815884945,-0.0185631250065066));
#9783=CARTESIAN_POINT('',(-0.00537067978402631,-0.0199552758456413,-0.0200947664348149));
#9784=CARTESIAN_POINT('',(0.00183336175319096,-0.0184389340770714,-0.0206571352645301));
#9785=CARTESIAN_POINT('',(0.00117335962963004,-0.019452562884366,-0.0198297521500309));
#9786=CARTESIAN_POINT('',(-0.00024822655129112,-0.0216440587239312,-0.0184873971392528));
#9787=CARTESIAN_POINT('',(-0.00175651884883794,-0.0239817368745076,-0.0177080100772496));
#9788=CARTESIAN_POINT('',(-0.00253671405799897,-0.0251937866936337,-0.0174541409195548));
#9789=CARTESIAN_POINT('',(-0.00253671405799897,-0.0251937866936337,-0.0174541409195549));
#9790=CARTESIAN_POINT('',(-0.00167068865421453,-0.0256937866936337,-0.0174541409195549));
#9791=CARTESIAN_POINT('',(-0.00158386456538106,-0.0255434029604533,-0.0164693331665426));
#9792=CARTESIAN_POINT('',(-0.00174933985308963,-0.0239705841522099,-0.0177103460639148));
#9793=CARTESIAN_POINT('',(-0.00096295201332863,-0.0244679508732258,-0.0176347809311665));
#9794=CARTESIAN_POINT('',(-0.000822448834195158,-0.0242245922283571,-0.0167378494411436));
#9795=CARTESIAN_POINT('',(-0.000230495142905303,-0.0216165760591152,-0.0184964733707694));
#9796=CARTESIAN_POINT('',(0.000424953720131921,-0.0220640276267749,-0.0182810948009144));
#9797=CARTESIAN_POINT('',(0.000641476079757406,-0.0216889998989253,-0.0175761389040115));
#9798=CARTESIAN_POINT('',(0.00120284084171404,-0.0194071902151706,-0.0198615676128842));
#9799=CARTESIAN_POINT('',(0.0018173878854,-0.0196522609063393,-0.0196308985079692));
#9800=CARTESIAN_POINT('',(0.00201232972797203,-0.0193146117304764,-0.0190510554509874));
#9801=CARTESIAN_POINT('',(0.0018567896881722,-0.0184029552815505,-0.0206865983265008));
#9802=CARTESIAN_POINT('',(0.00244557300351677,-0.0185642123651954,-0.0204714163129702));
#9803=CARTESIAN_POINT('',(0.00263452319534949,-0.0182369410328412,-0.0199459030035037));
#9804=CARTESIAN_POINT('',(0.000261098780040621,-0.0223478327080807,-0.0174595530195454));
#9805=CARTESIAN_POINT('',(0.000994136734171901,-0.0210781737276623,-0.0184539973918778));
#9806=CARTESIAN_POINT('',(0.00146148854682768,-0.0197465157262561,-0.0195335747898111));
#9807=CARTESIAN_POINT('',(0.00183336175319334,-0.0184389340770702,-0.0206571352645309));
#9808=CARTESIAN_POINT('',(-0.00244988996916551,-0.0250434029604533,-0.0164693331665426));
#9809=CARTESIAN_POINT('',(-0.000604798010248056,-0.0218476099429714,-0.0171200121550334));
#9810=CARTESIAN_POINT('',(-0.00384619622703485,-0.0294618549149672,-0.0156762165475203));
#9811=CARTESIAN_POINT('',(-0.00386340659932994,-0.029489908868173,-0.015862937933926));
#9812=CARTESIAN_POINT('',(-0.00399746598693245,-0.0295011577250319,-0.0163236601122123));
#9813=CARTESIAN_POINT('',(-0.00450187468055359,-0.029262930441131,-0.0166593924315728));
#9814=CARTESIAN_POINT('',(-0.00478540008917808,-0.0290893358819379,-0.0166610242871884));
#9815=CARTESIAN_POINT('',(-0.00384618695315921,-0.0294618602791856,-0.0156762165963594));
#9816=CARTESIAN_POINT('',(-0.00393653849268999,-0.0296091417232952,-0.016656486705985));
#9817=CARTESIAN_POINT('',(-0.00478540009464088,-0.0290893358914447,-0.0166610243493716));
#9818=CARTESIAN_POINT('',(-0.00500730367670801,-0.0313545889334201,-0.0152952554115288));
#9819=CARTESIAN_POINT('',(-0.00509935998370306,-0.0314851896856125,-0.0162674889432585));
#9820=CARTESIAN_POINT('',(-0.00591556470880291,-0.030931609717872,-0.0162800631645438));
#9821=CARTESIAN_POINT('',(-0.00633689370842878,-0.0331439225395922,-0.0149152048918788));
#9822=CARTESIAN_POINT('',(-0.00643406783193476,-0.0332676672014214,-0.0158776256275733));
#9823=CARTESIAN_POINT('',(-0.00720971160610537,-0.0326732447177194,-0.0159000126448917));
#9824=CARTESIAN_POINT('',(-0.00781409242141047,-0.0348017819325206,-0.0145420289902918));
#9825=CARTESIAN_POINT('',(-0.00792336338552851,-0.0349244166820945,-0.0154933324493899));
#9826=CARTESIAN_POINT('',(-0.00864753235197467,-0.0342869102374054,-0.015526836743304));
#9827=CARTESIAN_POINT('',(-0.00856070826314122,-0.0341365265042249,-0.0145420289902918));
#9828=CARTESIAN_POINT('',(-0.00781409242141048,-0.0348017819325205,-0.0145420289902918));
#9829=CARTESIAN_POINT('',(-0.00792336338552851,-0.0349244166820944,-0.01549333244939));
#9830=CARTESIAN_POINT('',(-0.00864753235197468,-0.0342869102374054,-0.015526836743304));
#9831=CARTESIAN_POINT('',(-0.00826864792837361,-0.035311929355615,-0.0144633779430403));
#9832=CARTESIAN_POINT('',(-0.00838791784122508,-0.0353905836987252,-0.0153811903046566));
#9833=CARTESIAN_POINT('',(-0.00895056935662666,-0.0346270085194591,-0.0154481856960531));
#9834=CARTESIAN_POINT('',(-0.00953843606851031,-0.0360068692620682,-0.0143179987357166));
#9835=CARTESIAN_POINT('',(-0.00962666944899364,-0.0360007826360553,-0.0151787980375277));
#9836=CARTESIAN_POINT('',(-0.00979709478337233,-0.0350903017904476,-0.0153028064887284));
#9837=CARTESIAN_POINT('',(-0.0109622023963781,-0.0357457316928989,-0.0142609003688247));
#9838=CARTESIAN_POINT('',(-0.0109913860803344,-0.0357288824850918,-0.0151000000000025));
#9839=CARTESIAN_POINT('',(-0.0107462723352811,-0.034916210077646,-0.0152457081218372));
#9840=CARTESIAN_POINT('',(-0.0115539399466027,-0.0354040918589872,-0.0142609003688227));
#9841=CARTESIAN_POINT('',(-0.0115539399466027,-0.0354040918589872,-0.0151));
#9842=CARTESIAN_POINT('',(-0.0111407640354362,-0.0346884501883832,-0.0152457081218349));
#9843=CARTESIAN_POINT('',(-0.0110539399466027,-0.0345380664552027,-0.0142609003688227));
#9844=CARTESIAN_POINT('',(-0.0123936595075378,-0.0337645790060582,-0.0142609003688227));
#9845=CARTESIAN_POINT('',(-0.0123936595075378,-0.0337645790060582,-0.0142609003688227));
#9846=CARTESIAN_POINT('',(-0.0128936595075378,-0.0346306044098427,-0.0142609003688227));
#9847=CARTESIAN_POINT('',(-0.0128936595075378,-0.0346306044098427,-0.0151));
#9848=CARTESIAN_POINT('',(-0.0124804835963713,-0.0339149627392387,-0.0152457081218349));
#9849=CARTESIAN_POINT('',(-0.0136663886586937,-0.0341844690264121,-0.0142609003688253));
#9850=CARTESIAN_POINT('',(-0.0136282787173211,-0.0342064718112834,-0.0151000000000059));
#9851=CARTESIAN_POINT('',(-0.0129956363637973,-0.0336175391502638,-0.0152457081218391));
#9852=CARTESIAN_POINT('',(-0.0147750988489033,-0.0325606360238107,-0.0143610453405991));
#9853=CARTESIAN_POINT('',(-0.0147292038692143,-0.0326535875964927,-0.0152400696753409));
#9854=CARTESIAN_POINT('',(-0.0137347764906262,-0.0325349838152218,-0.0153458530936107));
#9855=CARTESIAN_POINT('',(-0.014214325509975,-0.0306760657330101,-0.0145858589985281));
#9856=CARTESIAN_POINT('',(-0.0142810660291983,-0.0308255013385161,-0.0155587345058289));
#9857=CARTESIAN_POINT('',(-0.0133609275979848,-0.0312786036213625,-0.0155706667515397));
#9858=CARTESIAN_POINT('',(-0.0136144304245867,-0.0300155560782086,-0.0146883597159947));
#9859=CARTESIAN_POINT('',(-0.0137328846794264,-0.0301459791819806,-0.0157108295969094));
#9860=CARTESIAN_POINT('',(-0.0129609975410705,-0.0308382638514826,-0.015673167469007));
#9861=CARTESIAN_POINT('',(-0.0128741734522371,-0.0306878801183022,-0.0146883597159948));
#9862=CARTESIAN_POINT('',(-0.00999757191324757,-0.0270138499510244,-0.0165184353570728));
#9863=CARTESIAN_POINT('',(-0.0108427262680173,-0.0264608754407774,-0.0165283648223904));
#9864=CARTESIAN_POINT('',(-0.0107465991718548,-0.0263145103680878,-0.0155336276040606));
#9865=CARTESIAN_POINT('',(-0.0108837895416197,-0.0283632229454565,-0.0162342491434782));
#9866=CARTESIAN_POINT('',(-0.0117125326562104,-0.0277685726281285,-0.0162519895286395));
#9867=CARTESIAN_POINT('',(-0.0116042291347944,-0.0276203552014144,-0.0152494413904654));
#9868=CARTESIAN_POINT('',(-0.0118756180582365,-0.0296432155088734,-0.0159513465500411));
#9869=CARTESIAN_POINT('',(-0.0126808041087978,-0.0290011789388186,-0.0159783998617119));
#9870=CARTESIAN_POINT('',(-0.0125640631831413,-0.0288590576821385,-0.0149665387970289));
#9871=CARTESIAN_POINT('',(-0.0129609975410705,-0.0308382638514826,-0.0156731674690069));
#9872=CARTESIAN_POINT('',(-0.0137328846794264,-0.0301459791819806,-0.0157108295969094));
#9873=CARTESIAN_POINT('',(-0.0136144304245867,-0.0300155560782086,-0.0146883597159947));
#9874=CARTESIAN_POINT('',(-0.00991074782441416,-0.026863466217844,-0.0155336276040606));
#9875=CARTESIAN_POINT('',(-0.00903319203406032,-0.0256073596386449,-0.0168875275792127));
#9876=CARTESIAN_POINT('',(-0.00998028706046224,-0.0250864333237481,-0.0169720718399421));
#9877=CARTESIAN_POINT('',(-0.00984137748154253,-0.0248458348754012,-0.0159240654171818));
#9878=CARTESIAN_POINT('',(-0.00933781859015989,-0.0260796888002216,-0.0167410294971809));
#9879=CARTESIAN_POINT('',(-0.0102472485444813,-0.0255383997322457,-0.0168025279524346));
#9880=CARTESIAN_POINT('',(-0.0101262850988795,-0.0253393093440922,-0.0157679762585931));
#9881=CARTESIAN_POINT('',(-0.00965916008596413,-0.0265489055040276,-0.016619269636567));
#9882=CARTESIAN_POINT('',(-0.0105340182488,-0.0259970795291152,-0.0166550936967814));
#9883=CARTESIAN_POINT('',(-0.0104279188458096,-0.0258292812188839,-0.015639226240238));
#9884=CARTESIAN_POINT('',(-0.00999757191324761,-0.0270138499510244,-0.0165184353570728));
#9885=CARTESIAN_POINT('',(-0.0108427262680173,-0.0264608754407773,-0.0165283648223904));
#9886=CARTESIAN_POINT('',(-0.0107465991718548,-0.0263145103680878,-0.0155336276040606));
#9887=CARTESIAN_POINT('',(-0.00897535207775807,-0.0253458348754011,-0.0159240654171818));
#9888=CARTESIAN_POINT('',(-0.00537067978402538,-0.0199552758456413,-0.0200947664348153));
#9889=CARTESIAN_POINT('',(-0.00681583549764093,-0.0196054424388509,-0.0206203576301295));
#9890=CARTESIAN_POINT('',(-0.0063238609305573,-0.0187533174926303,-0.0193879012799631));
#9891=CARTESIAN_POINT('',(-0.00591493826900522,-0.020790013862221,-0.0193329293756361));
#9892=CARTESIAN_POINT('',(-0.00723189382153141,-0.0203260765948186,-0.0198288790398999));
#9893=CARTESIAN_POINT('',(-0.00684233817359159,-0.0196513464201339,-0.0185600338541414));
#9894=CARTESIAN_POINT('',(-0.00707787205463529,-0.0225800012951492,-0.0180643152214446));
#9895=CARTESIAN_POINT('',(-0.00816841291063689,-0.0219481752392274,-0.0184357666353552));
#9896=CARTESIAN_POINT('',(-0.00795533231994445,-0.0215791088301439,-0.0171855089850591));
#9897=CARTESIAN_POINT('',(-0.00837099449807488,-0.0245806099992396,-0.0172059852675294));
#9898=CARTESIAN_POINT('',(-0.0093616175198863,-0.0240148662464997,-0.0173702337324581));
#9899=CARTESIAN_POINT('',(-0.00920140058044623,-0.0237373623670319,-0.0162633721997269));
#9900=CARTESIAN_POINT('',(-0.0090331920340603,-0.0256073596386449,-0.0168875275792127));
#9901=CARTESIAN_POINT('',(-0.00998028706046223,-0.025086433323748,-0.0169720718399422));
#9902=CARTESIAN_POINT('',(-0.00984137748154251,-0.0248458348754011,-0.0159240654171818));
#9903=CARTESIAN_POINT('',(-0.00545783552677284,-0.0192533174926301,-0.0193879012799633));
#9904=CARTESIAN_POINT('',(-0.00388656481562356,-0.0172938971337716,-0.0222619940055311));
#9905=CARTESIAN_POINT('',(-0.00523209341287124,-0.0168623206819447,-0.0227463226544038));
#9906=CARTESIAN_POINT('',(-0.00483974596215565,-0.0161827549630852,-0.0214752862302328));
#9907=CARTESIAN_POINT('',(-0.00440585794309528,-0.0182252676015655,-0.021596002887071));
#9908=CARTESIAN_POINT('',(-0.00579105141030688,-0.017830464332806,-0.0220893726747299));
#9909=CARTESIAN_POINT('',(-0.0053590390896281,-0.0170821970438888,-0.0208340982017577));
#9910=CARTESIAN_POINT('',(-0.004901861637302,-0.0191147073334564,-0.0208716952321195));
#9911=CARTESIAN_POINT('',(-0.00631939421331956,-0.0187455809114268,-0.0213782597220638));
#9912=CARTESIAN_POINT('',(-0.00585504278383497,-0.017941300642997,-0.0201364766100222));
#9913=CARTESIAN_POINT('',(-0.00537067978402511,-0.0199552758456418,-0.0200947664348143));
#9914=CARTESIAN_POINT('',(-0.00681583549764166,-0.0196054424388521,-0.020620357630129));
#9915=CARTESIAN_POINT('',(-0.00632386093055721,-0.0187533174926302,-0.0193879012799627));
#9916=CARTESIAN_POINT('',(-0.00397372055837129,-0.0166827549630854,-0.0214752862302327));
#9917=CARTESIAN_POINT('',(-0.00483974596215573,-0.0161827549630853,-0.0214752862302327));
#9918=CARTESIAN_POINT('',(-0.00523209341287134,-0.0168623206819449,-0.0227463226544038));
#9919=CARTESIAN_POINT('',(-0.00388656481562364,-0.0172938971337717,-0.022261994005531));
#9920=CARTESIAN_POINT('',(-0.00441293494749154,-0.015443496600457,-0.0220549833395181));
#9921=CARTESIAN_POINT('',(-0.00474013716723982,-0.0161384066196976,-0.0232258223397842));
#9922=CARTESIAN_POINT('',(-0.00341707270003403,-0.0164518465287369,-0.0228641155497865));
#9923=CARTESIAN_POINT('',(-0.00375402504334759,-0.0138783888487108,-0.0231751913578861));
#9924=CARTESIAN_POINT('',(-0.00393186243185052,-0.0145621194785411,-0.0242072765309646));
#9925=CARTESIAN_POINT('',(-0.00269227180385208,-0.0146683203413163,-0.0240273969226794));
#9926=CARTESIAN_POINT('',(-0.0035,-0.0120976563739756,-0.0241899254561153));
#9927=CARTESIAN_POINT('',(-0.0035421227578383,-0.0126193450145578,-0.0251971676152667));
#9928=CARTESIAN_POINT('',(-0.00241284425887657,-0.0126378007743827,-0.0250803006005235));
#9929=CARTESIAN_POINT('',(-0.0035,-0.0111827549630851,-0.0246465504172136));
#9930=CARTESIAN_POINT('',(-0.0035,-0.011633665743554,-0.0256403480387458));
#9931=CARTESIAN_POINT('',(-0.00241284425725234,-0.0115943662795693,-0.0255537328689003));
#9932=CARTESIAN_POINT('',(-0.0025,-0.0111827549630851,-0.0246465504172136));
#9933=CARTESIAN_POINT('',(-0.0025,0.,0.));
#9934=CARTESIAN_POINT('',(-0.0025,0.0111827549630851,-0.0246465504172136));
#9935=CARTESIAN_POINT('',(-0.0035,0.0111827549630851,-0.0246465504172136));
#9936=CARTESIAN_POINT('',(-0.0035,0.011633665743554,-0.0256403480387458));
#9937=CARTESIAN_POINT('',(-0.00241284425725234,0.0115943662795693,-0.0255537328689003));
#9938=CARTESIAN_POINT('',(-0.0035,0.0120983023988569,-0.0241896030264388));
#9939=CARTESIAN_POINT('',(-0.00354215312893091,0.0126200556857473,-0.0251968480835159));
#9940=CARTESIAN_POINT('',(-0.00241284425955529,0.0126385375584467,-0.0250799663032729));
#9941=CARTESIAN_POINT('',(-0.00374469665335819,0.0138436997412332,-0.0231972575746716));
#9942=CARTESIAN_POINT('',(-0.00391996040685827,0.0145256478620217,-0.0242275284384679));
#9943=CARTESIAN_POINT('',(-0.0026820105747152,0.0146287766491451,-0.0240503025742228));
#9944=CARTESIAN_POINT('',(-0.00441273946887224,0.0154431580215565,-0.0220552488396945));
#9945=CARTESIAN_POINT('',(-0.00473992159009637,0.0161380893985615,-0.023226032457982));
#9946=CARTESIAN_POINT('',(-0.00341685767317117,0.0164514608713088,-0.0228643913201533));
#9947=CARTESIAN_POINT('',(-0.00483974596215562,0.0161827549630851,-0.0214752862302328));
#9948=CARTESIAN_POINT('',(-0.00523209341287122,0.0168623206819447,-0.0227463226544039));
#9949=CARTESIAN_POINT('',(-0.00388656481562352,0.0172938971337715,-0.0222619940055312));
#9950=CARTESIAN_POINT('',(-0.00397372055837118,0.0166827549630852,-0.0214752862302328));
#9951=CARTESIAN_POINT('',(-0.00537067978402156,0.0199552758456354,-0.0200947664348201));
#9952=CARTESIAN_POINT('',(-0.00681583549763785,0.0196054424388456,-0.0206203576301348));
#9953=CARTESIAN_POINT('',(-0.00632386093055365,0.018753317492624,-0.0193879012799684));
#9954=CARTESIAN_POINT('',(-0.00490186163729751,0.019114707333444,-0.0208716952321308));
#9955=CARTESIAN_POINT('',(-0.00631939421331,0.0187455809114148,-0.0213782597220623));
#9956=CARTESIAN_POINT('',(-0.00585504278382994,0.0179413006429883,-0.0201364766100305));
#9957=CARTESIAN_POINT('',(-0.00440585794309234,0.0182252676015572,-0.0215960028870771));
#9958=CARTESIAN_POINT('',(-0.00579105141030419,0.0178304643328042,-0.0220893726747394));
#9959=CARTESIAN_POINT('',(-0.00535903908962171,0.0170821970438778,-0.020834098201751));
#9960=CARTESIAN_POINT('',(-0.00388656481562351,0.0172938971337715,-0.0222619940055311));
#9961=CARTESIAN_POINT('',(-0.00523209341287119,0.0168623206819447,-0.0227463226544039));
#9962=CARTESIAN_POINT('',(-0.00483974596215561,0.0161827549630851,-0.0214752862302328));
#9963=CARTESIAN_POINT('',(-0.00545783552676922,0.019253317492624,-0.0193879012799684));
#9964=CARTESIAN_POINT('',(-0.0090331920340603,0.0256073596386449,-0.0168875275792127));
#9965=CARTESIAN_POINT('',(-0.00998028706046223,0.0250864333237481,-0.0169720718399421));
#9966=CARTESIAN_POINT('',(-0.00984137748154252,0.0248458348754012,-0.0159240654171818));
#9967=CARTESIAN_POINT('',(-0.00836962313614064,0.0245784836768057,-0.017206644769802));
#9968=CARTESIAN_POINT('',(-0.00936029291072747,0.0240125719560516,-0.0173710862218404));
#9969=CARTESIAN_POINT('',(-0.00920007523578335,0.0237350668027383,-0.0162640748793611));
#9970=CARTESIAN_POINT('',(-0.00709539864456176,0.0226070616789119,-0.0180497044914426));
#9971=CARTESIAN_POINT('',(-0.00818402570945625,0.0219752174000797,-0.0184187435743801));
#9972=CARTESIAN_POINT('',(-0.00797217534654865,0.0216082818079756,-0.0171697425887764));
#9973=CARTESIAN_POINT('',(-0.00591610509181963,0.0207918034371457,-0.0193312960913375));
#9974=CARTESIAN_POINT('',(-0.00723274563331656,0.0203275519761023,-0.0198272586162659));
#9975=CARTESIAN_POINT('',(-0.00684344972460991,0.0196532716829729,-0.0185582590089574));
#9976=CARTESIAN_POINT('',(-0.00537067978402152,0.0199552758456353,-0.0200947664348203));
#9977=CARTESIAN_POINT('',(-0.00681583549763781,0.0196054424388454,-0.0206203576301349));
#9978=CARTESIAN_POINT('',(-0.00632386093055361,0.0187533174926239,-0.0193879012799685));
#9979=CARTESIAN_POINT('',(-0.00897535207775806,0.0253458348754011,-0.0159240654171818));
#9980=CARTESIAN_POINT('',(-0.00999757191323725,0.0270138499510102,-0.0165184353570759));
#9981=CARTESIAN_POINT('',(-0.0108427262680079,0.0264608754407633,-0.0165283648223943));
#9982=CARTESIAN_POINT('',(-0.0107465991718451,0.0263145103680729,-0.0155336276040639));
#9983=CARTESIAN_POINT('',(-0.00965916008594628,0.0265489055040021,-0.0166192696365729));
#9984=CARTESIAN_POINT('',(-0.0105340182487829,0.0259970795290803,-0.0166550936967718));
#9985=CARTESIAN_POINT('',(-0.0104279188457941,0.0258292812188595,-0.0156392262402269));
#9986=CARTESIAN_POINT('',(-0.00933781859017996,0.0260796888002639,-0.0167410294971682));
#9987=CARTESIAN_POINT('',(-0.0102472485444966,0.0255383997322765,-0.0168025279523968));
#9988=CARTESIAN_POINT('',(-0.0101262850989,0.0253393093441276,-0.0157679762585546));
#9989=CARTESIAN_POINT('',(-0.0090331920340603,0.0256073596386449,-0.0168875275792127));
#9990=CARTESIAN_POINT('',(-0.00998028706046223,0.025086433323748,-0.0169720718399422));
#9991=CARTESIAN_POINT('',(-0.00984137748154251,0.0248458348754011,-0.0159240654171818));
#9992=CARTESIAN_POINT('',(-0.00991074782440292,0.0268634662178285,-0.015533627604064));
#9993=CARTESIAN_POINT('',(-0.0129609975410705,0.0308382638514826,-0.0156731674690069));
#9994=CARTESIAN_POINT('',(-0.0137328846794264,0.0301459791819806,-0.0157108295969094));
#9995=CARTESIAN_POINT('',(-0.0136144304245867,0.0300155560782086,-0.0146883597159947));
#9996=CARTESIAN_POINT('',(-0.0118756180582274,0.0296432155088702,-0.0159513465500424));
#9997=CARTESIAN_POINT('',(-0.0126808041087824,0.0290011789388087,-0.0159783998616995));
#9998=CARTESIAN_POINT('',(-0.0125640631831265,0.0288590576821222,-0.0149665387970314));
#9999=CARTESIAN_POINT('',(-0.0108837895416111,0.0283632229454508,-0.0162342491434799));
#10000=CARTESIAN_POINT('',(-0.0117125326562089,0.0277685726281133,-0.0162519895286536));
#10001=CARTESIAN_POINT('',(-0.0116042291347867,0.0276203552014043,-0.0152494413904684));
#10002=CARTESIAN_POINT('',(-0.00999757191323752,0.0270138499510091,-0.016518435357076));
#10003=CARTESIAN_POINT('',(-0.0108427262680074,0.0264608754407626,-0.0165283648223936));
#10004=CARTESIAN_POINT('',(-0.0107465991718451,0.0263145103680729,-0.0155336276040638));
#10005=CARTESIAN_POINT('',(-0.0128741734522371,0.0306878801183022,-0.0146883597159948));
#10006=CARTESIAN_POINT('',(-0.0136144304245867,0.0300155560782086,-0.0146883597159948));
#10007=CARTESIAN_POINT('',(-0.0137328846794264,0.0301459791819806,-0.0157108295969094));
#10008=CARTESIAN_POINT('',(-0.0129609975410705,0.0308382638514826,-0.015673167469007));
#10009=CARTESIAN_POINT('',(-0.0142143255099755,0.0306760657330106,-0.0145858589985281));
#10010=CARTESIAN_POINT('',(-0.0142810660291985,0.0308255013385172,-0.0155587345058305));
#10011=CARTESIAN_POINT('',(-0.0133609275979852,0.0312786036213623,-0.0155706667515397));
#10012=CARTESIAN_POINT('',(-0.0147750988489021,0.0325606360238109,-0.014361045340599));
#10013=CARTESIAN_POINT('',(-0.0147292038692128,0.0326535875964881,-0.0152400696753402));
#10014=CARTESIAN_POINT('',(-0.0137347764906251,0.032534983815221,-0.015345853093611));
#10015=CARTESIAN_POINT('',(-0.0136663886586956,0.0341844690264111,-0.0142609003688253));
#10016=CARTESIAN_POINT('',(-0.0136282787173237,0.034206471811291,-0.0151000000000059));
#10017=CARTESIAN_POINT('',(-0.0129956363637991,0.0336175391502657,-0.0152457081218387));
#10018=CARTESIAN_POINT('',(-0.0128936595075378,0.0346306044098427,-0.0142609003688227));
#10019=CARTESIAN_POINT('',(-0.0128936595075378,0.0346306044098427,-0.0151));
#10020=CARTESIAN_POINT('',(-0.0124804835963713,0.0339149627392387,-0.0152457081218349));
#10021=CARTESIAN_POINT('',(-0.0123936595075378,0.0337645790060582,-0.0142609003688227));
#10022=CARTESIAN_POINT('',(-0.0123936595075378,0.0337645790060582,-0.0142609003688227));
#10023=CARTESIAN_POINT('',(-0.0110539399466027,0.0345380664552027,-0.0142609003688227));
#10024=CARTESIAN_POINT('',(-0.00158386456538798,0.0255434029604653,-0.0164693331665402));
#10025=CARTESIAN_POINT('',(-0.00167068865422119,0.0256937866936452,-0.0174541409195531));
#10026=CARTESIAN_POINT('',(-0.00253671405800612,0.0251937866936448,-0.0174541409195525));
#10027=CARTESIAN_POINT('',(-0.000822661590503651,0.024224960733093,-0.0167377744117843));
#10028=CARTESIAN_POINT('',(-0.0009631430586078,0.0244682817733318,-0.0176347321695117));
#10029=CARTESIAN_POINT('',(-0.00174955986277786,0.023970925941907,-0.0177102744745594));
#10030=CARTESIAN_POINT('',(0.000641758872586333,0.0216885100873776,-0.0175761829748894));
#10031=CARTESIAN_POINT('',(0.000425173312236288,0.0220636472821007,-0.018281065861193));
#10032=CARTESIAN_POINT('',(-0.000230203543066932,0.0216161221098532,-0.018496517801498));
#10033=CARTESIAN_POINT('',(0.00201276199591568,0.0193138630204356,-0.0190516814610843));
#10034=CARTESIAN_POINT('',(0.00181783528112834,0.019651485994214,-0.0196315013684362));
#10035=CARTESIAN_POINT('',(0.00120329523598797,0.0194064924973542,-0.0198621447353656));
#10036=CARTESIAN_POINT('',(0.002634506859668,0.0182369693270716,-0.0199458795093494));
#10037=CARTESIAN_POINT('',(0.00244555688625536,0.018564240281111,-0.0204713947479718));
#10038=CARTESIAN_POINT('',(0.00185677251875448,0.0184029816477255,-0.0206865766653817));
#10039=CARTESIAN_POINT('',(0.000261098780048697,0.0223478327080667,-0.0174595530195563));
#10040=CARTESIAN_POINT('',(0.000994136734169601,0.0210781737276525,-0.0184539973918872));
#10041=CARTESIAN_POINT('',(0.00146148854694013,0.0197465157262452,-0.0195335747897657));
#10042=CARTESIAN_POINT('',(0.00183336175319124,0.0184389340770735,-0.0206571352645281));
#10043=CARTESIAN_POINT('',(-0.00244988996917243,0.0250434029604653,-0.0164693331665402));
#10044=CARTESIAN_POINT('',(-0.0115539399466027,0.0354040918589872,-0.0142609003688227));
#10045=CARTESIAN_POINT('',(-0.0115539399466027,0.0354040918589872,-0.0151));
#10046=CARTESIAN_POINT('',(-0.0111407640354362,0.0346884501883832,-0.0152457081218349));
#10047=CARTESIAN_POINT('',(-0.0109622023963827,0.0357457316928963,-0.0142609003688247));
#10048=CARTESIAN_POINT('',(-0.0109913860803388,0.0357288824850838,-0.0151000000000045));
#10049=CARTESIAN_POINT('',(-0.0107462723352817,0.0349162100776397,-0.0152457081218381));
#10050=CARTESIAN_POINT('',(-0.00953843606850784,0.0360068692620693,-0.014317998735716));
#10051=CARTESIAN_POINT('',(-0.00962666944899158,0.0360007826360563,-0.0151787980375268));
#10052=CARTESIAN_POINT('',(-0.00979709478337185,0.0350903017904506,-0.0153028064887279));
#10053=CARTESIAN_POINT('',(-0.00826864792837402,0.0353119293556155,-0.0144633779430414));
#10054=CARTESIAN_POINT('',(-0.00838791784122415,0.035390583698731,-0.0153811903046563));
#10055=CARTESIAN_POINT('',(-0.00895056935662694,0.0346270085194594,-0.015448185696053));
#10056=CARTESIAN_POINT('',(-0.00781409242141048,0.0348017819325205,-0.0145420289902918));
#10057=CARTESIAN_POINT('',(-0.00792336338552851,0.0349244166820944,-0.01549333244939));
#10058=CARTESIAN_POINT('',(-0.00864753235197468,0.0342869102374054,-0.015526836743304));
#10059=CARTESIAN_POINT('',(-0.00856070826314122,0.0341365265042249,-0.0145420289902918));
#10060=CARTESIAN_POINT('',(-0.000604798010248056,0.0218476099429714,-0.0171200121550334));
#10061=CARTESIAN_POINT('',(-0.00384639724294033,0.0294622030670379,-0.0156761476011145));
#10062=CARTESIAN_POINT('',(-0.00387031202468987,0.0295011854562427,-0.0159355145754564));
#10063=CARTESIAN_POINT('',(-0.00410130378570929,0.0294678844929935,-0.0164433213216881));
#10064=CARTESIAN_POINT('',(-0.00456915845107552,0.0292333950403111,-0.016658090610349));
#10065=CARTESIAN_POINT('',(-0.00479232593289155,0.029100621063103,-0.016658690456455));
#10066=CARTESIAN_POINT('',(-0.00781409242141047,0.0348017819325206,-0.0145420289902918));
#10067=CARTESIAN_POINT('',(-0.0079233633855285,0.0349244166820945,-0.0154933324493899));
#10068=CARTESIAN_POINT('',(-0.00864753235197467,0.0342869102374054,-0.015526836743304));
#10069=CARTESIAN_POINT('',(-0.00632812022889659,0.0331340760678052,-0.0149174212836878));
#10070=CARTESIAN_POINT('',(-0.00642517903839704,0.0332577789666701,-0.0158799192640912));
#10071=CARTESIAN_POINT('',(-0.00720117200288264,0.0326636607252107,-0.0159022290367046));
#10072=CARTESIAN_POINT('',(-0.00499152037625992,0.0313333259991313,-0.0152997702022212));
#10073=CARTESIAN_POINT('',(-0.00508343856272143,0.031463903956389,-0.0162721430397513));
#10074=CARTESIAN_POINT('',(-0.00590020214679358,0.0309109135936686,-0.0162845779552276));
#10075=CARTESIAN_POINT('',(-0.0038255161897349,0.0294281251055249,-0.0156830045826536));
#10076=CARTESIAN_POINT('',(-0.00391573127188944,0.0295755326852952,-0.0166634533657917));
#10077=CARTESIAN_POINT('',(-0.00476528035568955,0.029056500002726,-0.0166678123356658));
#10078=CARTESIAN_POINT('',(-0.00158386456538106,-0.0255434029604533,0.0164693331665426));
#10079=CARTESIAN_POINT('',(-0.00167068865421453,-0.0256937866936337,0.0174541409195549));
#10080=CARTESIAN_POINT('',(-0.00253671405799897,-0.0251937866936337,0.0174541409195549));
#10081=CARTESIAN_POINT('',(-0.000822661590487896,-0.0242249607330657,0.016737774411781));
#10082=CARTESIAN_POINT('',(-0.000963143058595731,-0.0244682817733383,0.017634732169491));
#10083=CARTESIAN_POINT('',(-0.0017495598627543,-0.0239709259418885,0.0177102744745653));
#10084=CARTESIAN_POINT('',(0.000641758872585115,-0.0216885100873797,0.0175761829748916));
#10085=CARTESIAN_POINT('',(0.000425173312243548,-0.0220636472820867,0.0182810658612093));
#10086=CARTESIAN_POINT('',(-0.00023020354306987,-0.0216161221098547,0.0184965178014973));
#10087=CARTESIAN_POINT('',(0.00201276199591534,-0.0193138630204361,0.0190516814610938));
#10088=CARTESIAN_POINT('',(0.00181783528112278,-0.0196514859942019,0.0196315013684356));
#10089=CARTESIAN_POINT('',(0.00120329523598379,-0.0194064924973488,0.0198621447353709));
#10090=CARTESIAN_POINT('',(0.00263450685966796,-0.0182369693270716,0.0199458795093493));
#10091=CARTESIAN_POINT('',(0.00244555688625533,-0.0185642402811111,0.0204713947479718));
#10092=CARTESIAN_POINT('',(0.00185677251875445,-0.0184029816477255,0.0206865766653816));
#10093=CARTESIAN_POINT('',(0.000261098780048695,-0.0223478327080667,0.0174595530195563));
#10094=CARTESIAN_POINT('',(0.000994136734169524,-0.0210781737276525,0.0184539973918872));
#10095=CARTESIAN_POINT('',(0.00146148854691801,-0.0197465157262429,0.0195335747897703));
#10096=CARTESIAN_POINT('',(0.00183336175319124,-0.0184389340770735,0.0206571352645281));
#10097=CARTESIAN_POINT('',(-0.0024498899691655,-0.0250434029604533,0.0164693331665426));
#10098=CARTESIAN_POINT('',(-0.00912538826811023,-0.0366057051800651,0.0141151922469878));
#10099=CARTESIAN_POINT('',(-0.00478540008917808,-0.0290893358819379,0.0166610242871884));
#10100=CARTESIAN_POINT('',(-0.00450187468055361,-0.029262930441131,0.0166593924315728));
#10101=CARTESIAN_POINT('',(-0.00399746598693249,-0.0295011577250319,0.0163236601122124));
#10102=CARTESIAN_POINT('',(-0.00386340659932994,-0.029489908868173,0.015862937933926));
#10103=CARTESIAN_POINT('',(-0.00384619622703485,-0.0294618549149672,0.0156762165475203));
#10104=CARTESIAN_POINT('',(-0.00781409242141046,-0.0348017819325206,0.0145420289902918));
#10105=CARTESIAN_POINT('',(-0.0079233633855285,-0.0349244166820945,0.0154933324493899));
#10106=CARTESIAN_POINT('',(-0.00864753235197466,-0.0342869102374054,0.015526836743304));
#10107=CARTESIAN_POINT('',(-0.0063368937084292,-0.0331439225395927,0.0149152048918788));
#10108=CARTESIAN_POINT('',(-0.00643406783192633,-0.0332676672014274,0.0158776256275468));
#10109=CARTESIAN_POINT('',(-0.00720971160609871,-0.0326732447177286,0.0159000126448909));
#10110=CARTESIAN_POINT('',(-0.00500730367670806,-0.0313545889334201,0.0152952554115287));
#10111=CARTESIAN_POINT('',(-0.00509935998370223,-0.0314851896855979,0.016267488943281));
#10112=CARTESIAN_POINT('',(-0.00591556470880295,-0.0309316097178721,0.0162800631645438));
#10113=CARTESIAN_POINT('',(-0.00384618695315927,-0.0294618602791857,0.0156762165963594));
#10114=CARTESIAN_POINT('',(-0.00393653849269005,-0.0296091417232953,0.016656486705985));
#10115=CARTESIAN_POINT('',(-0.00478540009464093,-0.0290893358914448,0.0166610243493716));
#10116=CARTESIAN_POINT('',(-0.00856070826314122,-0.0341365265042249,0.0145420289902918));
#10117=CARTESIAN_POINT('',(-0.0115539399466027,-0.0354040918589872,0.0142609003688227));
#10118=CARTESIAN_POINT('',(-0.0115539399466027,-0.0354040918589872,0.0151));
#10119=CARTESIAN_POINT('',(-0.0111407640354362,-0.0346884501883832,0.0152457081218349));
#10120=CARTESIAN_POINT('',(-0.0109622023963827,-0.0357457316928963,0.0142609003688247));
#10121=CARTESIAN_POINT('',(-0.0109913860803388,-0.0357288824850838,0.0151000000000045));
#10122=CARTESIAN_POINT('',(-0.0107462723352817,-0.0349162100776397,0.0152457081218381));
#10123=CARTESIAN_POINT('',(-0.00953843606850784,-0.0360068692620693,0.014317998735716));
#10124=CARTESIAN_POINT('',(-0.00962666944899158,-0.0360007826360563,0.0151787980375268));
#10125=CARTESIAN_POINT('',(-0.00979709478337185,-0.0350903017904506,0.0153028064887279));
#10126=CARTESIAN_POINT('',(-0.00826864792837402,-0.0353119293556155,0.0144633779430414));
#10127=CARTESIAN_POINT('',(-0.00838791784122415,-0.035390583698731,0.0153811903046563));
#10128=CARTESIAN_POINT('',(-0.00895056935662694,-0.0346270085194594,0.015448185696053));
#10129=CARTESIAN_POINT('',(-0.00781409242141048,-0.0348017819325205,0.0145420289902918));
#10130=CARTESIAN_POINT('',(-0.00792336338552851,-0.0349244166820944,0.01549333244939));
#10131=CARTESIAN_POINT('',(-0.00864753235197468,-0.0342869102374054,0.015526836743304));
#10132=CARTESIAN_POINT('',(-0.0110539399466027,-0.0345380664552027,0.0142609003688227));
#10133=CARTESIAN_POINT('',(-0.0123936595075378,-0.0337645790060582,0.0142609003688227));
#10134=CARTESIAN_POINT('',(-0.0123936595075378,-0.0337645790060582,0.0142609003688227));
#10135=CARTESIAN_POINT('',(-0.0136144304245867,-0.0300155560782086,0.0146883597159947));
#10136=CARTESIAN_POINT('',(-0.0137328846794264,-0.0301459791819806,0.0157108295969094));
#10137=CARTESIAN_POINT('',(-0.0129609975410705,-0.0308382638514826,0.015673167469007));
#10138=CARTESIAN_POINT('',(-0.0142143255099768,-0.0306760657330121,0.014585858998526));
#10139=CARTESIAN_POINT('',(-0.014281066029198,-0.0308255013385254,0.0155587345058311));
#10140=CARTESIAN_POINT('',(-0.0133609275979849,-0.0312786036213628,0.0155706667515397));
#10141=CARTESIAN_POINT('',(-0.0147750988489015,-0.0325606360238102,0.0143610453406001));
#10142=CARTESIAN_POINT('',(-0.0147292038692128,-0.0326535875964829,0.0152400696753401));
#10143=CARTESIAN_POINT('',(-0.0137347764906253,-0.0325349838152207,0.015345853093611));
#10144=CARTESIAN_POINT('',(-0.0136663886586956,-0.0341844690264111,0.0142609003688253));
#10145=CARTESIAN_POINT('',(-0.0136282787173237,-0.034206471811291,0.0151000000000059));
#10146=CARTESIAN_POINT('',(-0.0129956363637991,-0.0336175391502657,0.0152457081218387));
#10147=CARTESIAN_POINT('',(-0.0128936595075378,-0.0346306044098427,0.0142609003688227));
#10148=CARTESIAN_POINT('',(-0.0128936595075378,-0.0346306044098427,0.0151));
#10149=CARTESIAN_POINT('',(-0.0124804835963713,-0.0339149627392387,0.0152457081218349));
#10150=CARTESIAN_POINT('',(-0.0128741734522371,-0.0306878801183022,0.0146883597159948));
#10151=CARTESIAN_POINT('',(-0.0129609975410705,-0.0308382638514826,0.015673167469007));
#10152=CARTESIAN_POINT('',(-0.0137328846794264,-0.0301459791819806,0.0157108295969094));
#10153=CARTESIAN_POINT('',(-0.0136144304245867,-0.0300155560782086,0.0146883597159947));
#10154=CARTESIAN_POINT('',(-0.0118756180582358,-0.0296432155088672,0.0159513465500421));
#10155=CARTESIAN_POINT('',(-0.0126808041087912,-0.029001178938799,0.0159783998616944));
#10156=CARTESIAN_POINT('',(-0.0125640631831371,-0.0288590576821338,0.0149665387970257));
#10157=CARTESIAN_POINT('',(-0.01088378954161,-0.0283632229454433,0.0162342491434811));
#10158=CARTESIAN_POINT('',(-0.0117125326561986,-0.0277685726281043,0.0162519895286487));
#10159=CARTESIAN_POINT('',(-0.0116042291347831,-0.0276203552013989,0.0152494413904676));
#10160=CARTESIAN_POINT('',(-0.00999757191323724,-0.0270138499510087,0.0165184353570761));
#10161=CARTESIAN_POINT('',(-0.0108427262680072,-0.0264608754407622,0.0165283648223937));
#10162=CARTESIAN_POINT('',(-0.0107465991718448,-0.0263145103680725,0.0155336276040639));
#10163=CARTESIAN_POINT('',(-0.0099107478244038,-0.0268634662178283,0.015533627604064));
#10164=CARTESIAN_POINT('',(-0.00999757191323699,-0.0270138499510098,0.016518435357076));
#10165=CARTESIAN_POINT('',(-0.0108427262680077,-0.0264608754407629,0.0165283648223944));
#10166=CARTESIAN_POINT('',(-0.0107465991718448,-0.0263145103680725,0.015533627604064));
#10167=CARTESIAN_POINT('',(-0.00965916008594654,-0.0265489055040077,0.016619269636572));
#10168=CARTESIAN_POINT('',(-0.0105340182487774,-0.025997079529088,0.0166550936967544));
#10169=CARTESIAN_POINT('',(-0.0104279188457935,-0.0258292812188586,0.0156392262402138));
#10170=CARTESIAN_POINT('',(-0.00933781859019166,-0.026079688800265,0.0167410294971672));
#10171=CARTESIAN_POINT('',(-0.0102472485444972,-0.0255383997322756,0.0168025279523635));
#10172=CARTESIAN_POINT('',(-0.0101262850989007,-0.025339309344129,0.0157679762585335));
#10173=CARTESIAN_POINT('',(-0.00903319203406031,-0.0256073596386449,0.0168875275792127));
#10174=CARTESIAN_POINT('',(-0.00998028706046225,-0.0250864333237481,0.0169720718399422));
#10175=CARTESIAN_POINT('',(-0.00984137748154254,-0.0248458348754012,0.0159240654171818));
#10176=CARTESIAN_POINT('',(-0.00897535207775809,-0.0253458348754012,0.0159240654171818));
#10177=CARTESIAN_POINT('',(-0.00903319203406028,-0.0256073596386449,0.0168875275792127));
#10178=CARTESIAN_POINT('',(-0.00998028706046221,-0.025086433323748,0.0169720718399422));
#10179=CARTESIAN_POINT('',(-0.00984137748154249,-0.0248458348754011,0.0159240654171818));
#10180=CARTESIAN_POINT('',(-0.00836962313619129,-0.0245784836769112,0.0172066447697704));
#10181=CARTESIAN_POINT('',(-0.00936029291077953,-0.0240125719561454,0.017371086221744));
#10182=CARTESIAN_POINT('',(-0.00920007523583957,-0.0237350668028356,0.0162640748792714));
#10183=CARTESIAN_POINT('',(-0.00709539864453493,-0.0226070616788573,0.01804970449146));
#10184=CARTESIAN_POINT('',(-0.0081840257094311,-0.0219752174000332,0.0184187435744346));
#10185=CARTESIAN_POINT('',(-0.00797217534652054,-0.0216082818079269,0.0171697425888212));
#10186=CARTESIAN_POINT('',(-0.00591610509182263,-0.0207918034371493,0.0193312960913342));
#10187=CARTESIAN_POINT('',(-0.00723274563331571,-0.0203275519761029,0.0198272586162547));
#10188=CARTESIAN_POINT('',(-0.00684344972460991,-0.0196532716829729,0.0185582590089574));
#10189=CARTESIAN_POINT('',(-0.00537067978402152,-0.0199552758456353,0.0200947664348203));
#10190=CARTESIAN_POINT('',(-0.00681583549763781,-0.0196054424388454,0.0206203576301349));
#10191=CARTESIAN_POINT('',(-0.00632386093055361,-0.0187533174926239,0.0193879012799685));
#10192=CARTESIAN_POINT('',(-0.00545783552676929,-0.0192533174926241,0.0193879012799688));
#10193=CARTESIAN_POINT('',(-0.00537067978402156,-0.0199552758456354,0.0200947664348201));
#10194=CARTESIAN_POINT('',(-0.00681583549763785,-0.0196054424388456,0.0206203576301348));
#10195=CARTESIAN_POINT('',(-0.00632386093055365,-0.018753317492624,0.0193879012799684));
#10196=CARTESIAN_POINT('',(-0.00490186163729751,-0.019114707333444,0.0208716952321308));
#10197=CARTESIAN_POINT('',(-0.00631939421331,-0.0187455809114148,0.0213782597220623));
#10198=CARTESIAN_POINT('',(-0.00585504278382994,-0.0179413006429883,0.0201364766100305));
#10199=CARTESIAN_POINT('',(-0.00440585794309234,-0.0182252676015572,0.0215960028870771));
#10200=CARTESIAN_POINT('',(-0.00579105141030419,-0.0178304643328042,0.0220893726747394));
#10201=CARTESIAN_POINT('',(-0.00535903908962171,-0.0170821970438778,0.020834098201751));
#10202=CARTESIAN_POINT('',(-0.00388656481562351,-0.0172938971337715,0.0222619940055311));
#10203=CARTESIAN_POINT('',(-0.00523209341287119,-0.0168623206819447,0.0227463226544039));
#10204=CARTESIAN_POINT('',(-0.00483974596215561,-0.0161827549630851,0.0214752862302328));
#10205=CARTESIAN_POINT('',(-0.00397372055837118,-0.0166827549630852,0.0214752862302328));
#10206=CARTESIAN_POINT('',(-0.0035,-0.0111827549630851,0.0246465504172136));
#10207=CARTESIAN_POINT('',(-0.0035,-0.011633665743554,0.0256403480387458));
#10208=CARTESIAN_POINT('',(-0.00241284425725234,-0.0115943662795693,0.0255537328689003));
#10209=CARTESIAN_POINT('',(-0.0035,-0.0120983023988569,0.0241896030264388));
#10210=CARTESIAN_POINT('',(-0.00354215312893091,-0.0126200556857473,0.0251968480835159));
#10211=CARTESIAN_POINT('',(-0.00241284425955529,-0.0126385375584467,0.0250799663032729));
#10212=CARTESIAN_POINT('',(-0.00374469665335819,-0.0138436997412332,0.0231972575746716));
#10213=CARTESIAN_POINT('',(-0.00391996040685827,-0.0145256478620217,0.0242275284384679));
#10214=CARTESIAN_POINT('',(-0.0026820105747152,-0.0146287766491451,0.0240503025742228));
#10215=CARTESIAN_POINT('',(-0.00441273946887224,-0.0154431580215565,0.0220552488396945));
#10216=CARTESIAN_POINT('',(-0.00473992159009637,-0.0161380893985615,0.023226032457982));
#10217=CARTESIAN_POINT('',(-0.00341685767317117,-0.0164514608713088,0.0228643913201533));
#10218=CARTESIAN_POINT('',(-0.00483974596215562,-0.0161827549630851,0.0214752862302328));
#10219=CARTESIAN_POINT('',(-0.00523209341287122,-0.0168623206819447,0.0227463226544039));
#10220=CARTESIAN_POINT('',(-0.00388656481562352,-0.0172938971337715,0.0222619940055312));
#10221=CARTESIAN_POINT('',(-0.0025,-0.0111827549630851,0.0246465504172136));
#10222=CARTESIAN_POINT('',(-0.0025,0.,0.));
#10223=CARTESIAN_POINT('',(-0.0025,0.0111827549630851,0.0246465504172136));
#10224=CARTESIAN_POINT('',(-0.00483974596215573,0.0161827549630853,0.0214752862302327));
#10225=CARTESIAN_POINT('',(-0.00523209341287134,0.0168623206819449,0.0227463226544038));
#10226=CARTESIAN_POINT('',(-0.00388656481562364,0.0172938971337717,0.022261994005531));
#10227=CARTESIAN_POINT('',(-0.00441293494749154,0.015443496600457,0.0220549833395181));
#10228=CARTESIAN_POINT('',(-0.00474013716723982,0.0161384066196976,0.0232258223397842));
#10229=CARTESIAN_POINT('',(-0.00341707270003403,0.0164518465287369,0.0228641155497865));
#10230=CARTESIAN_POINT('',(-0.0037540250433476,0.0138783888487007,0.0231751913578919));
#10231=CARTESIAN_POINT('',(-0.00393186243184939,0.0145621194785272,0.0242072765309715));
#10232=CARTESIAN_POINT('',(-0.00269227180385138,0.0146683203413036,0.0240273969226852));
#10233=CARTESIAN_POINT('',(-0.0035,0.0120976563739957,0.0241899254561038));
#10234=CARTESIAN_POINT('',(-0.00354212275784054,0.0126193450145844,0.0251971676152533));
#10235=CARTESIAN_POINT('',(-0.00241284425887798,0.0126378007744083,0.0250803006005121));
#10236=CARTESIAN_POINT('',(-0.0035,0.0111827549630851,0.0246465504172136));
#10237=CARTESIAN_POINT('',(-0.0035,0.011633665743554,0.0256403480387458));
#10238=CARTESIAN_POINT('',(-0.00241284425725234,0.0115943662795693,0.0255537328689003));
#10239=CARTESIAN_POINT('',(-0.00397372055837118,0.0166827549630852,0.0214752862302328));
#10240=CARTESIAN_POINT('',(-0.00388656481562351,0.0172938971337715,0.0222619940055311));
#10241=CARTESIAN_POINT('',(-0.0052320934128712,0.0168623206819447,0.0227463226544039));
#10242=CARTESIAN_POINT('',(-0.00483974596215561,0.0161827549630851,0.0214752862302328));
#10243=CARTESIAN_POINT('',(-0.00440585794309115,0.0182252676015569,0.0215960028870772));
#10244=CARTESIAN_POINT('',(-0.0057910514103177,0.0178304643328145,0.0220893726747336));
#10245=CARTESIAN_POINT('',(-0.00535903908962083,0.0170821970438762,0.0208340982017493));
#10246=CARTESIAN_POINT('',(-0.00490186163729874,0.0191147073334489,0.0208716952321266));
#10247=CARTESIAN_POINT('',(-0.00631939421331238,0.0187455809114206,0.0213782597220602));
#10248=CARTESIAN_POINT('',(-0.00585504278383055,0.0179413006429893,0.0201364766100223));
#10249=CARTESIAN_POINT('',(-0.00537067978402507,0.0199552758456417,0.0200947664348143));
#10250=CARTESIAN_POINT('',(-0.00681583549764162,0.0196054424388521,0.0206203576301291));
#10251=CARTESIAN_POINT('',(-0.00632386093055717,0.0187533174926301,0.0193879012799627));
#10252=CARTESIAN_POINT('',(-0.00545783552677273,0.0192533174926301,0.0193879012799628));
#10253=CARTESIAN_POINT('',(-0.00537067978402537,0.0199552758456413,0.0200947664348153));
#10254=CARTESIAN_POINT('',(-0.00681583549764094,0.0196054424388509,0.0206203576301296));
#10255=CARTESIAN_POINT('',(-0.0063238609305573,0.0187533174926303,0.0193879012799631));
#10256=CARTESIAN_POINT('',(-0.00591493826925732,0.0207900138625795,0.0193329293753111));
#10257=CARTESIAN_POINT('',(-0.00723189382167592,0.0203260765950642,0.0198288790395252));
#10258=CARTESIAN_POINT('',(-0.00684233817380084,0.0196513464204964,0.01856003385378));
#10259=CARTESIAN_POINT('',(-0.00707787205448598,0.0225800012949764,0.0180643152216067));
#10260=CARTESIAN_POINT('',(-0.00816841291055921,0.0219481752391276,0.0184357666354601));
#10261=CARTESIAN_POINT('',(-0.00795533231983269,0.0215791088299503,0.0171855089852041));
#10262=CARTESIAN_POINT('',(-0.00837099449812172,0.0245806099992271,0.0172059852675299));
#10263=CARTESIAN_POINT('',(-0.00936161751993378,0.0240148662465213,0.0173702337325405));
#10264=CARTESIAN_POINT('',(-0.00920140058046079,0.0237373623670571,0.016263372199798));
#10265=CARTESIAN_POINT('',(-0.0090331920340603,0.0256073596386449,0.0168875275792127));
#10266=CARTESIAN_POINT('',(-0.00998028706046223,0.0250864333237481,0.0169720718399421));
#10267=CARTESIAN_POINT('',(-0.00984137748154252,0.0248458348754012,0.0159240654171818));
#10268=CARTESIAN_POINT('',(-0.00897535207775809,0.0253458348754012,0.0159240654171818));
#10269=CARTESIAN_POINT('',(-0.00903319203406031,0.0256073596386449,0.0168875275792127));
#10270=CARTESIAN_POINT('',(-0.00998028706046224,0.0250864333237481,0.0169720718399421));
#10271=CARTESIAN_POINT('',(-0.00984137748154253,0.0248458348754012,0.0159240654171818));
#10272=CARTESIAN_POINT('',(-0.00933781859019253,0.0260796888002634,0.0167410294971676));
#10273=CARTESIAN_POINT('',(-0.0102472485445098,0.0255383997322796,0.016802527952416));
#10274=CARTESIAN_POINT('',(-0.0101262850989101,0.0253393093441452,0.0157679762585815));
#10275=CARTESIAN_POINT('',(-0.00965916008595113,0.0265489055040216,0.016619269636569));
#10276=CARTESIAN_POINT('',(-0.0105340182487851,0.0259970795291099,0.0166550936967784));
#10277=CARTESIAN_POINT('',(-0.0104279188458047,0.0258292812188763,0.0156392262402401));
#10278=CARTESIAN_POINT('',(-0.00999757191324763,0.0270138499510244,0.0165184353570728));
#10279=CARTESIAN_POINT('',(-0.0108427262680173,0.0264608754407773,0.0165283648223904));
#10280=CARTESIAN_POINT('',(-0.0107465991718548,0.0263145103680878,0.0155336276040606));
#10281=CARTESIAN_POINT('',(-0.00991074782441415,0.026863466217844,0.0155336276040606));
#10282=CARTESIAN_POINT('',(-0.00999757191324758,0.0270138499510244,0.0165184353570728));
#10283=CARTESIAN_POINT('',(-0.0108427262680173,0.0264608754407774,0.0165283648223904));
#10284=CARTESIAN_POINT('',(-0.0107465991718548,0.0263145103680878,0.0155336276040606));
#10285=CARTESIAN_POINT('',(-0.0108837895416122,0.0283632229454527,0.0162342491434795));
#10286=CARTESIAN_POINT('',(-0.0117125326562028,0.0277685726281111,0.0162519895286319));
#10287=CARTESIAN_POINT('',(-0.0116042291347896,0.0276203552014071,0.0152494413904663));
#10288=CARTESIAN_POINT('',(-0.0118756180582309,0.0296432155088735,0.0159513465500416));
#10289=CARTESIAN_POINT('',(-0.0126808041087888,0.0290011789387991,0.0159783998616995));
#10290=CARTESIAN_POINT('',(-0.0125640631831339,0.0288590576821303,0.0149665387970289));
#10291=CARTESIAN_POINT('',(-0.0129609975410706,0.0308382638514827,0.0156731674690069));
#10292=CARTESIAN_POINT('',(-0.0137328846794264,0.0301459791819807,0.0157108295969094));
#10293=CARTESIAN_POINT('',(-0.0136144304245867,0.0300155560782086,0.0146883597159947));
#10294=CARTESIAN_POINT('',(-0.0128741734522371,0.0306878801183022,0.0146883597159948));
#10295=CARTESIAN_POINT('',(-0.0128936595075378,0.0346306044098427,0.0142609003688227));
#10296=CARTESIAN_POINT('',(-0.0128936595075378,0.0346306044098427,0.0151));
#10297=CARTESIAN_POINT('',(-0.0124804835963713,0.0339149627392387,0.0152457081218349));
#10298=CARTESIAN_POINT('',(-0.0136663886586937,0.0341844690264121,0.0142609003688253));
#10299=CARTESIAN_POINT('',(-0.0136282787173211,0.0342064718112834,0.0151000000000059));
#10300=CARTESIAN_POINT('',(-0.0129956363637973,0.0336175391502638,0.0152457081218391));
#10301=CARTESIAN_POINT('',(-0.0147750988489021,0.0325606360238094,0.0143610453406001));
#10302=CARTESIAN_POINT('',(-0.0147292038692133,0.0326535875964872,0.015240069675341));
#10303=CARTESIAN_POINT('',(-0.0137347764906258,0.0325349838152215,0.0153458530936108));
#10304=CARTESIAN_POINT('',(-0.0142143255099773,0.0306760657330126,0.014585858998526));
#10305=CARTESIAN_POINT('',(-0.0142810660291999,0.030825501338526,0.0155587345058289));
#10306=CARTESIAN_POINT('',(-0.0133609275979856,0.031278603621363,0.0155706667515396));
#10307=CARTESIAN_POINT('',(-0.0136144304245867,0.0300155560782086,0.0146883597159947));
#10308=CARTESIAN_POINT('',(-0.0137328846794264,0.0301459791819806,0.0157108295969094));
#10309=CARTESIAN_POINT('',(-0.0129609975410705,0.0308382638514826,0.015673167469007));
#10310=CARTESIAN_POINT('',(-0.0123936595075378,0.0337645790060582,0.0142609003688227));
#10311=CARTESIAN_POINT('',(-0.0123936595075378,0.0337645790060582,0.0142609003688227));
#10312=CARTESIAN_POINT('',(-0.0110539399466027,0.0345380664552027,0.0142609003688227));
#10313=CARTESIAN_POINT('',(-0.00253671405799897,0.0251937866936337,0.0174541409195549));
#10314=CARTESIAN_POINT('',(-0.00167068865421453,0.0256937866936337,0.0174541409195549));
#10315=CARTESIAN_POINT('',(-0.00158386456538106,0.0255434029604533,0.0164693331665426));
#10316=CARTESIAN_POINT('',(-0.00174933985306944,0.0239705841521769,0.0177103460639217));
#10317=CARTESIAN_POINT('',(-0.000962952013306716,0.0244679508731852,0.0176347809311785));
#10318=CARTESIAN_POINT('',(-0.000822448834176259,0.0242245922283243,0.0167378494411551));
#10319=CARTESIAN_POINT('',(-0.000230495142880186,0.0216165760590773,0.0184964733707855));
#10320=CARTESIAN_POINT('',(0.000424953720150936,0.022064027626745,0.0182810948009146));
#10321=CARTESIAN_POINT('',(0.000641476079781806,0.0216889998988831,0.0175761389040201));
#10322=CARTESIAN_POINT('',(0.00120284084175767,0.019407190215103,0.0198615676129282));
#10323=CARTESIAN_POINT('',(0.00181738788543987,0.0196522609062668,0.0196308985080275));
#10324=CARTESIAN_POINT('',(0.00201232972801386,0.019314611730404,0.0190510554510479));
#10325=CARTESIAN_POINT('',(0.00185678968822287,0.0184029552814727,0.0206865983265647));
#10326=CARTESIAN_POINT('',(0.00244557300356434,0.018564212365113,0.0204714163130339));
#10327=CARTESIAN_POINT('',(0.0026345231953977,0.0182369410327577,0.0199459030035731));
#10328=CARTESIAN_POINT('',(0.000261098780040623,0.0223478327080807,0.0174595530195454));
#10329=CARTESIAN_POINT('',(0.000994136734186983,0.0210781737276362,0.0184539973918983));
#10330=CARTESIAN_POINT('',(0.00146148854521159,0.0197465157260369,0.0195335747902038));
#10331=CARTESIAN_POINT('',(0.00183336175323685,0.0184389340769926,0.020657135264596));
#10332=CARTESIAN_POINT('',(-0.0024498899691655,0.0250434029604533,0.0164693331665426));
#10333=CARTESIAN_POINT('',(-0.00781409242141048,0.0348017819325205,0.0145420289902918));
#10334=CARTESIAN_POINT('',(-0.00792336338552851,0.0349244166820944,0.01549333244939));
#10335=CARTESIAN_POINT('',(-0.00864753235197468,0.0342869102374054,0.015526836743304));
#10336=CARTESIAN_POINT('',(-0.00826864792837361,0.035311929355615,0.0144633779430403));
#10337=CARTESIAN_POINT('',(-0.00838791784122508,0.0353905836987252,0.0153811903046566));
#10338=CARTESIAN_POINT('',(-0.00895056935662666,0.0346270085194591,0.0154481856960531));
#10339=CARTESIAN_POINT('',(-0.00953843606851031,0.0360068692620682,0.0143179987357166));
#10340=CARTESIAN_POINT('',(-0.00962666944899364,0.0360007826360553,0.0151787980375277));
#10341=CARTESIAN_POINT('',(-0.00979709478337233,0.0350903017904476,0.0153028064887284));
#10342=CARTESIAN_POINT('',(-0.0109622023963781,0.0357457316928989,0.0142609003688247));
#10343=CARTESIAN_POINT('',(-0.0109913860803344,0.0357288824850918,0.0151000000000025));
#10344=CARTESIAN_POINT('',(-0.0107462723352811,0.034916210077646,0.0152457081218372));
#10345=CARTESIAN_POINT('',(-0.0115539399466027,0.0354040918589872,0.0142609003688227));
#10346=CARTESIAN_POINT('',(-0.0115539399466027,0.0354040918589872,0.0151));
#10347=CARTESIAN_POINT('',(-0.0111407640354362,0.0346884501883832,0.0152457081218349));
#10348=CARTESIAN_POINT('',(-0.00856070826314122,0.0341365265042249,0.0145420289902918));
#10349=CARTESIAN_POINT('',(0.00371957711980506,0.0143575725067322,0.0186450201752994));
#10350=CARTESIAN_POINT('',(-0.00384619622703485,0.0294618549149672,0.0156762165475202));
#10351=CARTESIAN_POINT('',(-0.00386340659932994,0.029489908868173,0.0158629379339259));
#10352=CARTESIAN_POINT('',(-0.00399746598693242,0.0295011577250319,0.0163236601122122));
#10353=CARTESIAN_POINT('',(-0.00450187468055356,0.029262930441131,0.0166593924315727));
#10354=CARTESIAN_POINT('',(-0.00478540008917807,0.0290893358819379,0.0166610242871884));
#10355=CARTESIAN_POINT('',(-0.00384618695315923,0.0294618602791857,0.0156762165963594));
#10356=CARTESIAN_POINT('',(-0.00393653849269001,0.0296091417232953,0.016656486705985));
#10357=CARTESIAN_POINT('',(-0.0047854000946409,0.0290893358914447,0.0166610243493716));
#10358=CARTESIAN_POINT('',(-0.0050073036767079,0.0313545889334199,0.0152952554115288));
#10359=CARTESIAN_POINT('',(-0.00509935998370204,0.0314851896856182,0.0162674889432567));
#10360=CARTESIAN_POINT('',(-0.00591556470880292,0.030931609717872,0.0162800631645438));
#10361=CARTESIAN_POINT('',(-0.00633689370843466,0.0331439225395988,0.0149152048918739));
#10362=CARTESIAN_POINT('',(-0.00643406783191781,0.0332676672014329,0.0158776256275718));
#10363=CARTESIAN_POINT('',(-0.00720971160610978,0.0326732447177254,0.0159000126448904));
#10364=CARTESIAN_POINT('',(-0.0078140924214105,0.0348017819325206,0.0145420289902918));
#10365=CARTESIAN_POINT('',(-0.00792336338552854,0.0349244166820945,0.0154933324493899));
#10366=CARTESIAN_POINT('',(-0.0086475323519747,0.0342869102374055,0.015526836743304));
#10367=CARTESIAN_POINT('',(-0.0045,0.,0.));
#10368=CARTESIAN_POINT('',(-0.00355558967134843,-0.0224393605743676,-0.005));
#10369=CARTESIAN_POINT('',(-0.00352037633622055,-0.0223357273225927,-0.005));
#10370=CARTESIAN_POINT('',(-0.00350162081867894,-0.0222262692748196,-0.005));
#10371=CARTESIAN_POINT('',(-0.00350010161728757,-0.0221170228914048,-0.005));
#10372=CARTESIAN_POINT('',(-0.00355558967134811,-0.0224393605743678,-0.005));
#10373=CARTESIAN_POINT('',(-0.00350013173070924,-0.0221170224726419,-0.00500015272566303));
#10374=CARTESIAN_POINT('',(-0.0035000506884179,-0.0221047714084237,-0.00498858068181904));
#10375=CARTESIAN_POINT('',(-0.00350008704383855,-0.0221088033536783,-0.00499249129118564));
#10376=CARTESIAN_POINT('',(-0.00350012339925919,-0.0221128352989329,-0.00499640190055224));
#10377=CARTESIAN_POINT('',(-0.00350015975467984,-0.0221168672441874,-0.00500031250991884));
#10378=CARTESIAN_POINT('',(-0.00423686027918559,-0.0160282391143929,-0.0173570525070563));
#10379=CARTESIAN_POINT('',(-0.0037972894485278,-0.0146402186610339,-0.0184756152328855));
#10380=CARTESIAN_POINT('',(-0.0035,-0.0129323758639211,-0.0191951334480042));
#10381=CARTESIAN_POINT('',(-0.0035,-0.0111827549630851,-0.0197094494332365));
#10382=CARTESIAN_POINT('',(-0.00423686027918559,-0.0160282391143929,-0.0173570525070563));
#10383=CARTESIAN_POINT('',(-0.00423686027918559,-0.0160282391143929,-0.0173570525070563));
#10384=CARTESIAN_POINT('',(-0.00426745192958263,-0.0161248375087621,-0.0172792068506361));
#10385=CARTESIAN_POINT('',(-0.00429724851455513,-0.0162198085503004,-0.0171991312958575));
#10386=CARTESIAN_POINT('',(-0.00432635182233307,-0.0163133371018803,-0.0171170834309887));
#10387=CARTESIAN_POINT('',(-0.00432635182233307,-0.0231944055068307,-0.00459772397689515));
#10388=CARTESIAN_POINT('',(-0.0041239987765566,-0.0231579946136483,-0.00459790733371119));
#10389=CARTESIAN_POINT('',(-0.00376986025238705,-0.0229359183304749,-0.00470153698202552));
#10390=CARTESIAN_POINT('',(-0.00360502065809996,-0.022608028320175,-0.00489591825195613));
#10391=CARTESIAN_POINT('',(-0.00355558967134811,-0.0224393605743678,-0.005));
#10392=CARTESIAN_POINT('',(-0.0045,0.,0.));
#10393=CARTESIAN_POINT('',(-0.0035,0.0225998862508136,-0.00166179029242446));
#10394=CARTESIAN_POINT('',(-0.0035,0.0228055036702179,-0.000562003655999517));
#10395=CARTESIAN_POINT('',(-0.00349999999999994,0.022805656491332,0.000561186261152779));
#10396=CARTESIAN_POINT('',(-0.00349999999999994,0.0225998862508136,0.00166179029242446));
#10397=CARTESIAN_POINT('',(-0.00423686027918559,0.0160282391143929,0.0173570525070563));
#10398=CARTESIAN_POINT('',(-0.0037972894485278,0.0146402186610339,0.0184756152328855));
#10399=CARTESIAN_POINT('',(-0.0035,0.0129323758639211,0.0191951334480042));
#10400=CARTESIAN_POINT('',(-0.0035,0.0111827549630851,0.0197094494332365));
#10401=CARTESIAN_POINT('',(-0.00423686027918559,0.0160282391143929,0.0173570525070563));
#10402=CARTESIAN_POINT('',(-0.00423686027918559,0.0160282391143929,0.0173570525070563));
#10403=CARTESIAN_POINT('',(-0.00426745192958263,0.0161248375087621,0.0172792068506361));
#10404=CARTESIAN_POINT('',(-0.00429724851455513,0.0162198085503004,0.0171991312958575));
#10405=CARTESIAN_POINT('',(-0.00432635182233307,0.0163133371018802,0.0171170834309886));
#10406=CARTESIAN_POINT('',(-0.00432635182233307,0.0163133371018802,-0.0171170834309887));
#10407=CARTESIAN_POINT('',(-0.00429724851455513,0.0162198085503004,-0.0171991312958575));
#10408=CARTESIAN_POINT('',(-0.00426745192958263,0.0161248375087621,-0.0172792068506361));
#10409=CARTESIAN_POINT('',(-0.00423686027918559,0.0160282391143929,-0.0173570525070563));
#10410=CARTESIAN_POINT('',(-0.00423686027918559,0.0160282391143929,-0.0173570525070563));
#10411=CARTESIAN_POINT('',(-0.00423686027918559,0.0160282391143929,-0.0173570525070563));
#10412=CARTESIAN_POINT('',(-0.00379765643240816,0.0146413774757151,-0.0184746813799978));
#10413=CARTESIAN_POINT('',(-0.00350000000000001,0.0129344210809248,-0.0191945322727637));
#10414=CARTESIAN_POINT('',(-0.0035,0.0111827549630851,-0.0197094494332365));
#10415=CARTESIAN_POINT('',(-0.00483974596215562,0.0161827549630851,-0.0180658306748496));
#10416=CARTESIAN_POINT('',(-0.00469980470859802,0.0159403696018485,-0.0176100668698486));
#10417=CARTESIAN_POINT('',(-0.00423686027918559,0.0160282391143929,-0.0173570525070563));
#10418=CARTESIAN_POINT('',(-0.00444904345926221,0.0155060383774294,-0.0185936737063016));
#10419=CARTESIAN_POINT('',(-0.00438958252592418,0.0153609226680887,-0.0181638166199403));
#10420=CARTESIAN_POINT('',(-0.00402197390069875,0.0153496984492866,-0.0179038674278079));
#10421=CARTESIAN_POINT('',(-0.00375717382429725,0.0139273019749783,-0.0193483408012285));
#10422=CARTESIAN_POINT('',(-0.00377065474410862,0.013939846970898,-0.0190579001272792));
#10423=CARTESIAN_POINT('',(-0.00364144560431122,0.0138361049263432,-0.0188161605955442));
#10424=CARTESIAN_POINT('',(-0.0035,0.0120909080665827,-0.0196319091346693));
#10425=CARTESIAN_POINT('',(-0.00349999999423209,0.0120838175709446,-0.0195393818623615));
#10426=CARTESIAN_POINT('',(-0.0035,0.0120767270606129,-0.0194468545928142));
#10427=CARTESIAN_POINT('',(-0.0035,0.0111827549630851,-0.0197094494332365));
#10428=CARTESIAN_POINT('',(-0.0035,0.0111827549630851,-0.0197094494332364));
#10429=CARTESIAN_POINT('',(-0.0035,0.0111827549630851,-0.0197094494332364));
#10430=CARTESIAN_POINT('',(-0.00397372055837118,0.0166827549630852,-0.0180658306748496));
#10431=CARTESIAN_POINT('',(-0.00501872904845058,0.0164927627622435,-0.0178299839026065));
#10432=CARTESIAN_POINT('',(-0.00485042593127124,0.0162012532122167,-0.0173515582158783));
#10433=CARTESIAN_POINT('',(-0.00432635182233307,0.0163133371018803,-0.0171170834309887));
#10434=CARTESIAN_POINT('',(-0.00496026906210077,0.0163915070956759,-0.0179122453567467));
#10435=CARTESIAN_POINT('',(-0.00480179623481349,0.0161170241071946,-0.017440224203766));
#10436=CARTESIAN_POINT('',(-0.00429712182927096,0.0162194014239158,-0.0171994884473171));
#10437=CARTESIAN_POINT('',(-0.00490065950766714,0.0162882603187803,-0.0179910172020763));
#10438=CARTESIAN_POINT('',(-0.00475163165067279,0.0160301364987222,-0.0175265790758586));
#10439=CARTESIAN_POINT('',(-0.00426731705168134,0.0161244116105998,-0.0172795500685497));
#10440=CARTESIAN_POINT('',(-0.00483974596215562,0.0161827549630852,-0.0180658306748496));
#10441=CARTESIAN_POINT('',(-0.00469980470859802,0.0159403696018485,-0.0176100668698487));
#10442=CARTESIAN_POINT('',(-0.00423686027918558,0.0160282391143929,-0.0173570525070563));
#10443=CARTESIAN_POINT('',(-0.00415270364466613,0.0169927627622435,-0.0178299839026065));
#10444=CARTESIAN_POINT('',(-0.00984137748154249,0.0248458348754011,-0.00261989400560563));
#10445=CARTESIAN_POINT('',(-0.00960923060057014,0.0244437446827384,-0.00255815923982329));
#10446=CARTESIAN_POINT('',(-0.00914900025542498,0.0243662464248616,-0.00251863800349936));
#10447=CARTESIAN_POINT('',(-0.00964575911898445,0.0245070139325572,-0.00556230042145646));
#10448=CARTESIAN_POINT('',(-0.00941553896295396,0.0241082609253878,-0.00543608881167475));
#10449=CARTESIAN_POINT('',(-0.00895338189286073,0.0240391944931396,-0.00534718660216355));
#10450=CARTESIAN_POINT('',(-0.00858720505432221,0.0226735445100036,-0.0113142226669832));
#10451=CARTESIAN_POINT('',(-0.00835121497001856,0.0222647976939043,-0.011106897504796));
#10452=CARTESIAN_POINT('',(-0.00789482782820636,0.0222692344553,-0.0108750149491801));
#10453=CARTESIAN_POINT('',(-0.0063500318598219,0.0187986468717979,-0.0159566529400072));
#10454=CARTESIAN_POINT('',(-0.00614306908323393,0.0184401768274762,-0.0155724022203105));
#10455=CARTESIAN_POINT('',(-0.00565765463370729,0.0185334998627313,-0.0153254487026676));
#10456=CARTESIAN_POINT('',(-0.00501872904845057,0.0164927627622435,-0.0178299839026065));
#10457=CARTESIAN_POINT('',(-0.00485042593127123,0.0162012532122167,-0.0173515582158783));
#10458=CARTESIAN_POINT('',(-0.00432635182233306,0.0163133371018803,-0.0171170834309887));
#10459=CARTESIAN_POINT('',(-0.00897535207775809,0.0253458348754012,-0.00261989400560565));
#10460=CARTESIAN_POINT('',(-0.00914900025542502,0.0243662464248616,-0.00251863800349937));
#10461=CARTESIAN_POINT('',(-0.00960923060057018,0.0244437446827384,-0.00255815923982331));
#10462=CARTESIAN_POINT('',(-0.00984137748154253,0.0248458348754012,-0.00261989400560565));
#10463=CARTESIAN_POINT('',(-0.00926511822225891,0.0245603826236963,-0.000839627363749262));
#10464=CARTESIAN_POINT('',(-0.00971920174541778,0.0246411573376425,-0.000857883044240993));
#10465=CARTESIAN_POINT('',(-0.00995374970728571,0.025040469279748,-0.000873298001869207));
#10466=CARTESIAN_POINT('',(-0.00926511822228263,0.0245603826237005,0.000839627363749053));
#10467=CARTESIAN_POINT('',(-0.00971920174544472,0.0246411573376425,0.000857883044239889));
#10468=CARTESIAN_POINT('',(-0.00995374970729184,0.0250404692797586,0.000873298001868553));
#10469=CARTESIAN_POINT('',(-0.00914900025542501,0.0243662464248616,0.00251863800349937));
#10470=CARTESIAN_POINT('',(-0.00960923060057018,0.0244437446827384,0.00255815923982331));
#10471=CARTESIAN_POINT('',(-0.00984137748154252,0.0248458348754012,0.00261989400560565));
#10472=CARTESIAN_POINT('',(-0.00897535207775809,0.0253458348754012,0.00261989400560565));
#10473=CARTESIAN_POINT('',(-0.00501872904845056,0.0164927627622435,0.0178299839026065));
#10474=CARTESIAN_POINT('',(-0.00485042593127123,0.0162012532122167,0.0173515582158783));
#10475=CARTESIAN_POINT('',(-0.00432635182233306,0.0163133371018803,0.0171170834309887));
#10476=CARTESIAN_POINT('',(-0.00635003185983029,0.0187986468718124,0.0159566529399971));
#10477=CARTESIAN_POINT('',(-0.0061430690832366,0.0184401768274915,0.0155724022203022));
#10478=CARTESIAN_POINT('',(-0.00565765463370825,0.0185334998627459,0.0153254487026539));
#10479=CARTESIAN_POINT('',(-0.00858720505432053,0.0226735445100007,0.0113142226669888));
#10480=CARTESIAN_POINT('',(-0.00835121497002322,0.0222647976938984,0.0111068975047949));
#10481=CARTESIAN_POINT('',(-0.00789482782820493,0.0222692344552925,0.0108750149491873));
#10482=CARTESIAN_POINT('',(-0.00964575911897943,0.0245070139325485,0.00556230042145529));
#10483=CARTESIAN_POINT('',(-0.00941553896294415,0.0241082609253881,0.00543608881167525));
#10484=CARTESIAN_POINT('',(-0.00895338189286265,0.02403919449314,0.00534718660216278));
#10485=CARTESIAN_POINT('',(-0.00984137748154249,0.0248458348754011,0.00261989400560561));
#10486=CARTESIAN_POINT('',(-0.00960923060057015,0.0244437446827384,0.00255815923982327));
#10487=CARTESIAN_POINT('',(-0.00914900025542498,0.0243662464248616,0.00251863800349933));
#10488=CARTESIAN_POINT('',(-0.00415270364466614,0.0169927627622435,0.0178299839026065));
#10489=CARTESIAN_POINT('',(-0.00483974596215562,0.0161827549630852,0.0180658306748496));
#10490=CARTESIAN_POINT('',(-0.00469980470859802,0.0159403696018485,0.0176100668698487));
#10491=CARTESIAN_POINT('',(-0.00423686027918558,0.0160282391143929,0.0173570525070563));
#10492=CARTESIAN_POINT('',(-0.00490065950766714,0.0162882603187803,0.0179910172020763));
#10493=CARTESIAN_POINT('',(-0.00475163165067279,0.0160301364987222,0.0175265790758586));
#10494=CARTESIAN_POINT('',(-0.00426731705168134,0.0161244116105998,0.0172795500685497));
#10495=CARTESIAN_POINT('',(-0.00496026906210079,0.0163915070956759,0.0179122453567467));
#10496=CARTESIAN_POINT('',(-0.00480179623481335,0.0161170241071946,0.017440224203766));
#10497=CARTESIAN_POINT('',(-0.00429712182927094,0.0162194014239157,0.0171994884473173));
#10498=CARTESIAN_POINT('',(-0.00501872904845058,0.0164927627622435,0.0178299839026065));
#10499=CARTESIAN_POINT('',(-0.00485042593127124,0.0162012532122167,0.0173515582158783));
#10500=CARTESIAN_POINT('',(-0.00432635182233307,0.0163133371018803,0.0171170834309887));
#10501=CARTESIAN_POINT('',(-0.00397372055837118,0.0166827549630852,0.0180658306748496));
#10502=CARTESIAN_POINT('',(-0.00423686027918559,0.0160282391143929,0.0173570525070563));
#10503=CARTESIAN_POINT('',(-0.00469980470859802,0.0159403696018485,0.0176100668698487));
#10504=CARTESIAN_POINT('',(-0.00483974596215562,0.0161827549630851,0.0180658306748496));
#10505=CARTESIAN_POINT('',(-0.00402030071081318,0.0153444150648899,0.0179081251437481));
#10506=CARTESIAN_POINT('',(-0.00438725681100833,0.0153565785925873,0.0181679680441565));
#10507=CARTESIAN_POINT('',(-0.00444600129576533,0.0155007691956879,0.0185977836989297));
#10508=CARTESIAN_POINT('',(-0.00364174934628496,0.0138353706183074,0.0188156170168992));
#10509=CARTESIAN_POINT('',(-0.00377078171628836,0.0139383521591582,0.0190574385477176));
#10510=CARTESIAN_POINT('',(-0.00375772608246561,0.0139264137797195,0.019347348189403));
#10511=CARTESIAN_POINT('',(-0.0035,0.0120768038014426,0.0194468320553083));
#10512=CARTESIAN_POINT('',(-0.00350000000193131,0.0120838949212775,0.0195393672692344));
#10513=CARTESIAN_POINT('',(-0.0035,0.0120909860264142,0.0196319024859407));
#10514=CARTESIAN_POINT('',(-0.0035,0.0111827549630851,0.0197094494332364));
#10515=CARTESIAN_POINT('',(-0.0035,0.0111827549630851,0.0197094494332364));
#10516=CARTESIAN_POINT('',(-0.0035,0.0111827549630851,0.0197094494332365));
#10517=CARTESIAN_POINT('',(-0.00483974596215562,-0.0161827549630851,0.0180658306748496));
#10518=CARTESIAN_POINT('',(-0.00469980470859802,-0.0159403696018485,0.0176100668698486));
#10519=CARTESIAN_POINT('',(-0.00423686027918559,-0.0160282391143929,0.0173570525070563));
#10520=CARTESIAN_POINT('',(-0.00444904345926221,-0.0155060383774294,0.0185936737062981));
#10521=CARTESIAN_POINT('',(-0.00438958252592329,-0.0153609226680832,0.0181638166199276));
#10522=CARTESIAN_POINT('',(-0.00402197390069893,-0.0153496984492846,0.0179038674278099));
#10523=CARTESIAN_POINT('',(-0.00375717382429724,-0.0139273019749783,0.0193483408012276));
#10524=CARTESIAN_POINT('',(-0.00377065474410879,-0.0139398469709,0.0190579001272864));
#10525=CARTESIAN_POINT('',(-0.00364144560431113,-0.0138361049263455,0.0188161605955406));
#10526=CARTESIAN_POINT('',(-0.0035,-0.0120909080665827,0.0196319091346745));
#10527=CARTESIAN_POINT('',(-0.00349999999423209,-0.0120838175709446,0.0195393818623597));
#10528=CARTESIAN_POINT('',(-0.0035,-0.0120767270606102,0.0194468545928194));
#10529=CARTESIAN_POINT('',(-0.0035,-0.0111827549630851,0.0197094494332365));
#10530=CARTESIAN_POINT('',(-0.0035,-0.0111827549630851,0.0197094494332364));
#10531=CARTESIAN_POINT('',(-0.0035,-0.0111827549630851,0.0197094494332364));
#10532=CARTESIAN_POINT('',(-0.00397372055837118,-0.0166827549630852,0.0180658306748496));
#10533=CARTESIAN_POINT('',(-0.00501872904845057,-0.0164927627622434,0.0178299839026065));
#10534=CARTESIAN_POINT('',(-0.00485042593127124,-0.0162012532122166,0.0173515582158783));
#10535=CARTESIAN_POINT('',(-0.00432635182233307,-0.0163133371018802,0.0171170834309887));
#10536=CARTESIAN_POINT('',(-0.00496026906210255,-0.0163915070956789,0.0179122453567519));
#10537=CARTESIAN_POINT('',(-0.00480179623481151,-0.0161170241072022,0.0174402242037709));
#10538=CARTESIAN_POINT('',(-0.00429712182927039,-0.0162194014239165,0.0171994884473163));
#10539=CARTESIAN_POINT('',(-0.00490065950766711,-0.0162882603187802,0.0179910172020763));
#10540=CARTESIAN_POINT('',(-0.00475163165067274,-0.0160301364987222,0.0175265790758587));
#10541=CARTESIAN_POINT('',(-0.00426731705168134,-0.0161244116105998,0.0172795500685497));
#10542=CARTESIAN_POINT('',(-0.00483974596215562,-0.0161827549630852,0.0180658306748496));
#10543=CARTESIAN_POINT('',(-0.00469980470859802,-0.0159403696018485,0.0176100668698487));
#10544=CARTESIAN_POINT('',(-0.00423686027918558,-0.0160282391143929,0.0173570525070563));
#10545=CARTESIAN_POINT('',(-0.00415270364466613,-0.0169927627622434,0.0178299839026065));
#10546=CARTESIAN_POINT('',(-0.00984137748154249,-0.0248458348754011,0.00261989400560563));
#10547=CARTESIAN_POINT('',(-0.00960923060057014,-0.0244437446827384,0.00255815923982329));
#10548=CARTESIAN_POINT('',(-0.00914900025542498,-0.0243662464248616,0.00251863800349936));
#10549=CARTESIAN_POINT('',(-0.00964575911898445,-0.0245070139325572,0.00556230042145647));
#10550=CARTESIAN_POINT('',(-0.00941553896295396,-0.0241082609253878,0.00543608881167475));
#10551=CARTESIAN_POINT('',(-0.00895338189286073,-0.0240391944931396,0.00534718660216356));
#10552=CARTESIAN_POINT('',(-0.00858720505431731,-0.0226735445099951,0.0113142226669945));
#10553=CARTESIAN_POINT('',(-0.00835121497001855,-0.0222647976938917,0.0111068975048024));
#10554=CARTESIAN_POINT('',(-0.00789482782820642,-0.0222692344552884,0.0108750149491911));
#10555=CARTESIAN_POINT('',(-0.00635003185983167,-0.0187986468718148,0.0159566529399846));
#10556=CARTESIAN_POINT('',(-0.00614306908323393,-0.018440176827502,0.0155724022202976));
#10557=CARTESIAN_POINT('',(-0.00565765463370715,-0.0185334998627544,0.0153254487026456));
#10558=CARTESIAN_POINT('',(-0.00501872904845056,-0.0164927627622435,0.0178299839026065));
#10559=CARTESIAN_POINT('',(-0.00485042593127123,-0.0162012532122166,0.0173515582158783));
#10560=CARTESIAN_POINT('',(-0.00432635182233305,-0.0163133371018803,0.0171170834309887));
#10561=CARTESIAN_POINT('',(-0.00897535207775809,-0.0253458348754012,0.00261989400560565));
#10562=CARTESIAN_POINT('',(-0.00914900025542502,-0.0243662464248616,0.00251863800349937));
#10563=CARTESIAN_POINT('',(-0.00960923060057018,-0.0244437446827384,0.00255815923982331));
#10564=CARTESIAN_POINT('',(-0.00984137748154253,-0.0248458348754012,0.00261989400560565));
#10565=CARTESIAN_POINT('',(-0.00926511822225891,-0.0245603826236963,0.000839627363749262));
#10566=CARTESIAN_POINT('',(-0.00971920174541778,-0.0246411573376425,0.000857883044240993));
#10567=CARTESIAN_POINT('',(-0.00995374970728571,-0.025040469279748,0.000873298001869207));
#10568=CARTESIAN_POINT('',(-0.00926511822228263,-0.0245603826237005,-0.000839627363749053));
#10569=CARTESIAN_POINT('',(-0.00971920174544472,-0.0246411573376425,-0.000857883044239889));
#10570=CARTESIAN_POINT('',(-0.00995374970729184,-0.0250404692797586,-0.000873298001868553));
#10571=CARTESIAN_POINT('',(-0.00914900025542501,-0.0243662464248616,-0.00251863800349937));
#10572=CARTESIAN_POINT('',(-0.00960923060057018,-0.0244437446827384,-0.00255815923982331));
#10573=CARTESIAN_POINT('',(-0.00984137748154252,-0.0248458348754012,-0.00261989400560565));
#10574=CARTESIAN_POINT('',(-0.00897535207775809,-0.0253458348754012,-0.00261989400560565));
#10575=CARTESIAN_POINT('',(-0.00501872904845055,-0.0164927627622435,-0.0178299839026065));
#10576=CARTESIAN_POINT('',(-0.00485042593127122,-0.0162012532122166,-0.0173515582158783));
#10577=CARTESIAN_POINT('',(-0.00432635182233305,-0.0163133371018803,-0.0171170834309887));
#10578=CARTESIAN_POINT('',(-0.00635003185982995,-0.0187986468718119,-0.0159566529399915));
#10579=CARTESIAN_POINT('',(-0.00614306908324143,-0.0184401768274851,-0.0155724022202957));
#10580=CARTESIAN_POINT('',(-0.00565765463371509,-0.0185334998627466,-0.015325448702655));
#10581=CARTESIAN_POINT('',(-0.00858720505432134,-0.0226735445100021,-0.0113142226669913));
#10582=CARTESIAN_POINT('',(-0.00835121497001691,-0.0222647976939044,-0.0111068975047923));
#10583=CARTESIAN_POINT('',(-0.00789482782820355,-0.0222692344552925,-0.0108750149491868));
#10584=CARTESIAN_POINT('',(-0.00964575911897813,-0.0245070139325462,-0.00556230042145596));
#10585=CARTESIAN_POINT('',(-0.00941553896295331,-0.0241082609253847,-0.00543608881167937));
#10586=CARTESIAN_POINT('',(-0.00895338189285854,-0.0240391944931393,-0.00534718660216284));
#10587=CARTESIAN_POINT('',(-0.00984137748154249,-0.0248458348754011,-0.00261989400560563));
#10588=CARTESIAN_POINT('',(-0.00960923060057014,-0.0244437446827384,-0.00255815923982329));
#10589=CARTESIAN_POINT('',(-0.00914900025542498,-0.0243662464248616,-0.00251863800349935));
#10590=CARTESIAN_POINT('',(-0.00415270364466613,-0.0169927627622434,-0.0178299839026065));
#10591=CARTESIAN_POINT('',(-0.00483974596215562,-0.0161827549630852,-0.0180658306748496));
#10592=CARTESIAN_POINT('',(-0.00469980470859802,-0.0159403696018485,-0.0176100668698487));
#10593=CARTESIAN_POINT('',(-0.00423686027918558,-0.0160282391143929,-0.0173570525070563));
#10594=CARTESIAN_POINT('',(-0.00490065950766712,-0.0162882603187802,-0.0179910172020763));
#10595=CARTESIAN_POINT('',(-0.00475163165067275,-0.0160301364987222,-0.0175265790758587));
#10596=CARTESIAN_POINT('',(-0.00426731705168134,-0.0161244116105998,-0.0172795500685497));
#10597=CARTESIAN_POINT('',(-0.00496026906210254,-0.0163915070956789,-0.0179122453567519));
#10598=CARTESIAN_POINT('',(-0.00480179623481151,-0.0161170241072022,-0.0174402242037709));
#10599=CARTESIAN_POINT('',(-0.00429712182927039,-0.0162194014239165,-0.0171994884473163));
#10600=CARTESIAN_POINT('',(-0.00501872904845057,-0.0164927627622434,-0.0178299839026065));
#10601=CARTESIAN_POINT('',(-0.00485042593127124,-0.0162012532122166,-0.0173515582158783));
#10602=CARTESIAN_POINT('',(-0.00432635182233307,-0.0163133371018802,-0.0171170834309887));
#10603=CARTESIAN_POINT('',(-0.00397372055837118,-0.0166827549630852,-0.0180658306748496));
#10604=CARTESIAN_POINT('',(-0.00423686027918559,-0.0160282391143929,-0.0173570525070563));
#10605=CARTESIAN_POINT('',(-0.00469980470859802,-0.0159403696018485,-0.0176100668698487));
#10606=CARTESIAN_POINT('',(-0.00483974596215562,-0.0161827549630851,-0.0180658306748496));
#10607=CARTESIAN_POINT('',(-0.00402030071081318,-0.0153444150648899,-0.0179081251437481));
#10608=CARTESIAN_POINT('',(-0.00438725681100833,-0.0153565785925873,-0.0181679680441565));
#10609=CARTESIAN_POINT('',(-0.00444600129576533,-0.0155007691956879,-0.0185977836989297));
#10610=CARTESIAN_POINT('',(-0.00364174934628496,-0.0138353706183074,-0.0188156170168992));
#10611=CARTESIAN_POINT('',(-0.00377078171628836,-0.0139383521591582,-0.0190574385477176));
#10612=CARTESIAN_POINT('',(-0.00375772608246561,-0.0139264137797195,-0.019347348189403));
#10613=CARTESIAN_POINT('',(-0.0035,-0.0120768038014426,-0.0194468320553083));
#10614=CARTESIAN_POINT('',(-0.00350000000193131,-0.0120838949212775,-0.0195393672692344));
#10615=CARTESIAN_POINT('',(-0.0035,-0.0120909860264142,-0.0196319024859407));
#10616=CARTESIAN_POINT('',(-0.0035,-0.0111827549630851,-0.0197094494332364));
#10617=CARTESIAN_POINT('',(-0.0035,-0.0111827549630851,-0.0197094494332364));
#10618=CARTESIAN_POINT('',(-0.0035,-0.0111827549630851,-0.0197094494332365));
#10619=CARTESIAN_POINT('',(-0.003,0.0158,0.));
#10620=CARTESIAN_POINT('',(-0.003,0.0158,0.));
#10621=CARTESIAN_POINT('',(-0.003,0.0225998862508136,0.00166179029242446));
#10622=CARTESIAN_POINT('',(-0.003,0.0225998862508136,-0.00166179029242446));
#10623=CARTESIAN_POINT('',(-0.00335355339059328,0.0222564401308674,-0.00157785720780422));
#10624=CARTESIAN_POINT('',(-0.0035,0.0223987001716935,-0.00161262342978573));
#10625=CARTESIAN_POINT('',(-0.0035,0.0225998862508136,-0.00166179029242446));
#10626=CARTESIAN_POINT('',(-0.00335355339497103,0.0223833817934181,-0.00105842413666116));
#10627=CARTESIAN_POINT('',(-0.00348746612530411,0.0225139308856202,-0.00108831367182246));
#10628=CARTESIAN_POINT('',(-0.0035,0.0227025919973706,-0.00111244770607695));
#10629=CARTESIAN_POINT('',(-0.00336784553330418,0.0225236995879466,-1.23438769190546E-5));
#10630=CARTESIAN_POINT('',(-0.00348716004551845,0.0226455603159071,-1.25592022524991E-5));
#10631=CARTESIAN_POINT('',(-0.00350952809842793,0.0228141188800775,-1.29693291668232E-5));
#10632=CARTESIAN_POINT('',(-0.00335355339607717,0.0223835775581808,0.00105762309071621));
#10633=CARTESIAN_POINT('',(-0.00348744703840337,0.0225141063603492,0.00108751525592233));
#10634=CARTESIAN_POINT('',(-0.00349999999999978,0.0227027503871517,0.00111160053524331));
#10635=CARTESIAN_POINT('',(-0.00335355339059306,0.0222564401308672,0.0015778572078042));
#10636=CARTESIAN_POINT('',(-0.00349999999999981,0.0223987001716933,0.00161262342978571));
#10637=CARTESIAN_POINT('',(-0.00349999999999979,0.0225998862508135,0.00166179029242444));
#10638=CARTESIAN_POINT('',(0.003,0.,0.));
#10639=CARTESIAN_POINT('',(0.0036722958099253,-0.0270405693201972,0.00392503923077276));
#10640=CARTESIAN_POINT('',(0.00375889008753979,-0.0269609074624584,0.00392639059696836));
#10641=CARTESIAN_POINT('',(0.00382897002451852,-0.0268685161205985,0.00393343786154082));
#10642=CARTESIAN_POINT('',(0.00388341530991021,-0.026764338201781,0.003936363107708));
#10643=CARTESIAN_POINT('',(0.0036722958099253,-0.0270405693201972,0.00392503923077276));
#10644=CARTESIAN_POINT('',(0.00388341530991021,-0.026764338201781,0.00393636310770786));
#10645=CARTESIAN_POINT('',(0.00388341530991021,-0.026764338201781,0.00393636310770786));
#10646=CARTESIAN_POINT('',(0.00396033884320129,-0.0266171494498312,0.0039404960692546));
#10647=CARTESIAN_POINT('',(0.00400000000000001,-0.0264546116467694,0.00394514190480707));
#10648=CARTESIAN_POINT('',(0.004,-0.0262885706771881,0.00395));
#10649=CARTESIAN_POINT('',(0.004,-0.0262885706771881,-0.00395));
#10650=CARTESIAN_POINT('',(0.00400000000000001,-0.0264546051401715,-0.0039451420951798));
#10651=CARTESIAN_POINT('',(0.00396033361804667,-0.0266171594478637,-0.00394049578851655));
#10652=CARTESIAN_POINT('',(0.00388341530991022,-0.026764338201781,-0.00393636310770786));
#10653=CARTESIAN_POINT('',(0.00388341530991021,-0.026764338201781,-0.00393636310770786));
#10654=CARTESIAN_POINT('',(0.00388341530991021,-0.026764338201781,-0.00393636310770786));
#10655=CARTESIAN_POINT('',(0.00382892995163706,-0.02686859279775,-0.00393343570849764));
#10656=CARTESIAN_POINT('',(0.00375895950410926,-0.0269608436031246,-0.00392639168026407));
#10657=CARTESIAN_POINT('',(0.0036722958099253,-0.0270405693201972,-0.00392503923077281));
#10658=CARTESIAN_POINT('',(0.0036722958099253,-0.0270405693201972,-0.00392503923077276));
#10659=CARTESIAN_POINT('',(0.0036722958099253,-0.0270405693201972,-0.00392503923077276));
#10660=CARTESIAN_POINT('',(0.00366170240634936,-0.0270503146547837,-0.0039248739130649));
#10661=CARTESIAN_POINT('',(0.00365104713768379,-0.0270598531418983,-0.00392363804484033));
#10662=CARTESIAN_POINT('',(0.00364034247525194,-0.0270692015221746,-0.00392135355445847));
#10663=CARTESIAN_POINT('',(0.00364034247525195,-0.0270692015221746,-0.00392135355445843));
#10664=CARTESIAN_POINT('',(0.00364034247525195,-0.0270692015221746,-0.00392135355445843));
#10665=CARTESIAN_POINT('',(0.00355094230217949,-0.0271472746814138,-0.00390227459360176));
#10666=CARTESIAN_POINT('',(0.00340990921854284,-0.0272358729062573,-0.00383714765085934));
#10667=CARTESIAN_POINT('',(0.00322278849132348,-0.0273117946952794,-0.00371216385555917));
#10668=CARTESIAN_POINT('',(0.00311800715404289,-0.0273343281298581,-0.00365202000499628));
#10669=CARTESIAN_POINT('',(0.00308715574274757,-0.0273438492735998,-0.00360038593892715));
#10670=CARTESIAN_POINT('',(0.00308715574274736,-0.0273438492735998,0.00360038593892657));
#10671=CARTESIAN_POINT('',(0.00311752260666572,-0.0273344776674329,0.00365120904853725));
#10672=CARTESIAN_POINT('',(0.0032229493946289,-0.0273117235016876,0.00371247491610223));
#10673=CARTESIAN_POINT('',(0.00340936745340012,-0.027236156136927,0.00383673160489614));
#10674=CARTESIAN_POINT('',(0.00355131246575652,-0.0271469514176112,0.00390235359050027));
#10675=CARTESIAN_POINT('',(0.00364034247525193,-0.0270692015221746,0.00392135355445845));
#10676=CARTESIAN_POINT('',(0.00364034247525194,-0.0270692015221746,0.00392135355445843));
#10677=CARTESIAN_POINT('',(0.00364034247525194,-0.0270692015221746,0.00392135355445843));
#10678=CARTESIAN_POINT('',(0.00365104713768379,-0.0270598531418983,0.0039236380448403));
#10679=CARTESIAN_POINT('',(0.00366170240634934,-0.0270503146547837,0.00392487391306505));
#10680=CARTESIAN_POINT('',(0.00367229580992529,-0.0270405693201972,0.00392503923077291));
#10681=CARTESIAN_POINT('',(0.000261098780048694,-0.0223478327080667,0.0174595530195564));
#10682=CARTESIAN_POINT('',(0.000479252354095578,-0.0219699796339648,0.0170484268207345));
#10683=CARTESIAN_POINT('',(0.00103996844108547,-0.0220562917562118,0.0168546837791062));
#10684=CARTESIAN_POINT('',(0.000615328948660619,-0.0217342880584572,0.0179401041099149));
#10685=CARTESIAN_POINT('',(0.000869705183593728,-0.0215056157330235,0.0175900483765804));
#10686=CARTESIAN_POINT('',(0.00135847323935154,-0.0215229701478617,0.0175067030005881));
#10687=CARTESIAN_POINT('',(0.00120016412382786,-0.0204711126283068,0.0189499910323589));
#10688=CARTESIAN_POINT('',(0.00145359888481993,-0.0204405430431732,0.0187891987409722));
#10689=CARTESIAN_POINT('',(0.00174691672976609,-0.0203895575037632,0.0188085662741414));
#10690=CARTESIAN_POINT('',(0.00164261284745807,-0.0191099968303034,0.020080502142696));
#10691=CARTESIAN_POINT('',(0.00173724333927893,-0.0191045558081718,0.0200742613113563));
#10692=CARTESIAN_POINT('',(0.00183187383231085,-0.0190991147659287,0.0200680204853756));
#10693=CARTESIAN_POINT('',(0.00183336175318827,-0.0184389340770758,0.0206571352645265));
#10694=CARTESIAN_POINT('',(0.00183336175318828,-0.0184389340770756,0.0206571352645266));
#10695=CARTESIAN_POINT('',(0.00183336175318829,-0.0184389340770754,0.0206571352645268));
#10696=CARTESIAN_POINT('',(0.00112712418383313,-0.0228478327080667,0.0174595530195563));
#10697=CARTESIAN_POINT('',(0.00103996844108549,-0.0220562917562118,0.0168546837791062));
#10698=CARTESIAN_POINT('',(0.000479252354095589,-0.0219699796339648,0.0170484268207345));
#10699=CARTESIAN_POINT('',(0.000261098780048705,-0.0223478327080667,0.0174595530195563));
#10700=CARTESIAN_POINT('',(-0.000110352310807322,-0.0239824508073233,0.0144998331536199));
#10701=CARTESIAN_POINT('',(-0.000643836513325563,-0.0239152266137373,0.0147014846568001));
#10702=CARTESIAN_POINT('',(-0.000889221971842747,-0.0243402466953435,0.0150180001917589));
#10703=CARTESIAN_POINT('',(-0.00192338012553134,-0.0270196373110605,0.00912471467294861));
#10704=CARTESIAN_POINT('',(-0.0024397944079659,-0.027025916935532,0.00929355891866168));
#10705=CARTESIAN_POINT('',(-0.00270224978656887,-0.0274805029859847,0.00944852699631525));
#10706=CARTESIAN_POINT('',(-0.00286641562582399,-0.0286000291761545,7.42560059915268E-15));
#10707=CARTESIAN_POINT('',(-0.00338345060379983,-0.0286603774115842,-2.0761117599843E-15));
#10708=CARTESIAN_POINT('',(-0.00364528528686015,-0.0291138883858304,5.72919115994817E-15));
#10709=CARTESIAN_POINT('',(-0.00192338012553312,-0.0270196373110665,-0.00912471467293266));
#10710=CARTESIAN_POINT('',(-0.00243979440797452,-0.0270259169355405,-0.00929355891862339));
#10711=CARTESIAN_POINT('',(-0.00270224978657163,-0.0274805029859895,-0.00944852699629089));
#10712=CARTESIAN_POINT('',(-0.00011035231081534,-0.0239824508073298,-0.0144998331536098));
#10713=CARTESIAN_POINT('',(-0.000643836513325098,-0.0239152266137516,-0.0147014846568059));
#10714=CARTESIAN_POINT('',(-0.000889221971848496,-0.0243402466953535,-0.0150180001917642));
#10715=CARTESIAN_POINT('',(0.00103996844107974,-0.0220562917562214,-0.0168546837790944));
#10716=CARTESIAN_POINT('',(0.000479252354089914,-0.0219699796339746,-0.0170484268207226));
#10717=CARTESIAN_POINT('',(0.000261098780042957,-0.0223478327080767,-0.0174595530195441));
#10718=CARTESIAN_POINT('',(0.00112712418382693,-0.0228478327080774,-0.0174595530195432));
#10719=CARTESIAN_POINT('',(0.00103996844107931,-0.0220562917562221,-0.0168546837790936));
#10720=CARTESIAN_POINT('',(0.00047925235408759,-0.0219699796339742,-0.0170484268207234));
#10721=CARTESIAN_POINT('',(0.000261098780041813,-0.0223478327080786,-0.017459553019547));
#10722=CARTESIAN_POINT('',(0.001358473239315,-0.0215229701479359,-0.0175067030004971));
#10723=CARTESIAN_POINT('',(0.000869705183586757,-0.0215056157331078,-0.017590048376534));
#10724=CARTESIAN_POINT('',(0.000615328948636035,-0.0217342880585013,-0.0179401041098769));
#10725=CARTESIAN_POINT('',(0.00174691672985829,-0.0203895575037338,-0.0188085662741696));
#10726=CARTESIAN_POINT('',(0.00145359888512361,-0.0204405430449932,-0.0187891987430612));
#10727=CARTESIAN_POINT('',(0.00120016412387376,-0.0204711126282936,-0.0189499910323665));
#10728=CARTESIAN_POINT('',(0.00183187383215934,-0.019099114765932,-0.0200680204853907));
#10729=CARTESIAN_POINT('',(0.0017372433386916,-0.019104555804568,-0.0200742613073241));
#10730=CARTESIAN_POINT('',(0.00164261284738291,-0.0191099968303059,-0.0200805021427023));
#10731=CARTESIAN_POINT('',(0.00183336175319039,-0.0184389340770724,-0.0206571352645293));
#10732=CARTESIAN_POINT('',(0.00183336175319037,-0.0184389340770724,-0.0206571352645293));
#10733=CARTESIAN_POINT('',(0.00183336175319036,-0.0184389340770724,-0.0206571352645293));
#10734=CARTESIAN_POINT('',(0.00103996844107931,0.0220562917562221,0.0168546837790936));
#10735=CARTESIAN_POINT('',(0.000479252354087764,0.0219699796339741,0.0170484268207235));
#10736=CARTESIAN_POINT('',(0.000261098780041979,0.0223478327080783,0.0174595530195472));
#10737=CARTESIAN_POINT('',(0.00135847323833288,0.0215229701495647,0.0175067029985071));
#10738=CARTESIAN_POINT('',(0.000869705182242277,0.0215056157345659,0.0175900483748375));
#10739=CARTESIAN_POINT('',(0.000615328947325758,0.0217342880607714,0.0179401041082371));
#10740=CARTESIAN_POINT('',(0.00174691673115817,0.0203895575028394,0.0188085662751507));
#10741=CARTESIAN_POINT('',(0.00145359888635829,0.0204405430442809,0.018789198743769));
#10742=CARTESIAN_POINT('',(0.00120016412501978,0.0204711126269684,0.0189499910332998));
#10743=CARTESIAN_POINT('',(0.00183187383056604,0.0190991147659683,0.020068020485549));
#10744=CARTESIAN_POINT('',(0.00173724333743351,0.0191045558047247,0.0200742613073694));
#10745=CARTESIAN_POINT('',(0.00164261284645365,0.0191099968305522,0.0200805021425845));
#10746=CARTESIAN_POINT('',(0.00183336175323001,0.0184389340770007,0.0206571352645886));
#10747=CARTESIAN_POINT('',(0.00183336175323191,0.0184389340769975,0.0206571352645912));
#10748=CARTESIAN_POINT('',(0.00183336175323381,0.0184389340769944,0.0206571352645938));
#10749=CARTESIAN_POINT('',(0.00112712418382643,0.0228478327080783,0.0174595530195414));
#10750=CARTESIAN_POINT('',(0.00103996844108549,0.0220562917562118,-0.0168546837791062));
#10751=CARTESIAN_POINT('',(0.000479252354095589,0.0219699796339648,-0.0170484268207345));
#10752=CARTESIAN_POINT('',(0.000261098780048705,0.0223478327080667,-0.0174595530195563));
#10753=CARTESIAN_POINT('',(-0.000110352310807322,0.0239824508073233,-0.0144998331536199));
#10754=CARTESIAN_POINT('',(-0.000643836513325563,0.0239152266137373,-0.0147014846568001));
#10755=CARTESIAN_POINT('',(-0.000889221971842747,0.0243402466953435,-0.0150180001917589));
#10756=CARTESIAN_POINT('',(-0.00192338012553134,0.0270196373110605,-0.00912471467294861));
#10757=CARTESIAN_POINT('',(-0.0024397944079659,0.027025916935532,-0.00929355891866168));
#10758=CARTESIAN_POINT('',(-0.00270224978656887,0.0274805029859847,-0.00944852699631525));
#10759=CARTESIAN_POINT('',(-0.00286641562582399,0.0286000291761545,-7.42560059915268E-15));
#10760=CARTESIAN_POINT('',(-0.00338345060379983,0.0286603774115842,2.0761117599843E-15));
#10761=CARTESIAN_POINT('',(-0.00364528528686015,0.0291138883858304,-5.72919115994817E-15));
#10762=CARTESIAN_POINT('',(-0.00192338012553312,0.0270196373110665,0.00912471467293266));
#10763=CARTESIAN_POINT('',(-0.00243979440797452,0.0270259169355405,0.00929355891862339));
#10764=CARTESIAN_POINT('',(-0.00270224978657163,0.0274805029859895,0.00944852699629089));
#10765=CARTESIAN_POINT('',(-0.00011035231081534,0.0239824508073298,0.0144998331536098));
#10766=CARTESIAN_POINT('',(-0.000643836513325098,0.0239152266137516,0.0147014846568059));
#10767=CARTESIAN_POINT('',(-0.000889221971848496,0.0243402466953535,0.0150180001917642));
#10768=CARTESIAN_POINT('',(0.00103996844107974,0.0220562917562214,0.0168546837790944));
#10769=CARTESIAN_POINT('',(0.000479252354089914,0.0219699796339746,0.0170484268207226));
#10770=CARTESIAN_POINT('',(0.000261098780042957,0.0223478327080767,0.0174595530195441));
#10771=CARTESIAN_POINT('',(0.00112712418383313,0.0228478327080667,-0.0174595530195563));
#10772=CARTESIAN_POINT('',(0.000261098780048687,0.0223478327080667,-0.0174595530195564));
#10773=CARTESIAN_POINT('',(0.000479252354095568,0.0219699796339647,-0.0170484268207345));
#10774=CARTESIAN_POINT('',(0.00103996844108548,0.0220562917562118,-0.0168546837791062));
#10775=CARTESIAN_POINT('',(0.000615328948663136,0.0217342880584527,-0.0179401041099342));
#10776=CARTESIAN_POINT('',(0.000869705183617582,0.021505615733073,-0.0175900483766144));
#10777=CARTESIAN_POINT('',(0.00135847323935475,0.0215229701478613,-0.017506703000588));
#10778=CARTESIAN_POINT('',(0.00120016412384461,0.0204711126283068,-0.0189499910323491));
#10779=CARTESIAN_POINT('',(0.00145359888483795,0.0204405430431615,-0.0187891987409751));
#10780=CARTESIAN_POINT('',(0.0017469167297943,0.0203895575037633,-0.018808566274138));
#10781=CARTESIAN_POINT('',(0.00164261284742205,0.0191099968303079,-0.0200805021426962));
#10782=CARTESIAN_POINT('',(0.00173724333922685,0.0191045558081416,-0.0200742613113293));
#10783=CARTESIAN_POINT('',(0.00183187383225123,0.0190991147659288,-0.0200680204853825));
#10784=CARTESIAN_POINT('',(0.00183336175318827,0.0184389340770758,-0.0206571352645265));
#10785=CARTESIAN_POINT('',(0.00183336175318828,0.0184389340770757,-0.0206571352645266));
#10786=CARTESIAN_POINT('',(0.00183336175318829,0.0184389340770755,-0.0206571352645268));
#10787=CARTESIAN_POINT('',(-0.0027388736053509,-0.0265,-0.00375));
#10788=CARTESIAN_POINT('',(0.0042,-0.0259612230066189,-0.00375));
#10789=CARTESIAN_POINT('',(0.0042,-0.0257487561796774,-0.00375));
#10790=CARTESIAN_POINT('',(0.00401253526646585,-0.0255565471063563,-0.00375));
#10791=CARTESIAN_POINT('',(0.0038,-0.0255565471063563,-0.00375));
#10792=CARTESIAN_POINT('',(0.0042,-0.0259612230066189,-0.00375));
#10793=CARTESIAN_POINT('',(0.0038,-0.0255565471063563,-0.00375));
#10794=CARTESIAN_POINT('',(-0.0027388736053509,-0.0255565471063563,-0.00375));
#10795=CARTESIAN_POINT('',(0.00310495105149132,-0.0255565471063563,-0.00375));
#10796=CARTESIAN_POINT('',(0.00316781992623545,-0.0252,-0.00375));
#10797=CARTESIAN_POINT('',(0.00316781992623545,-0.0252,-0.00375));
#10798=CARTESIAN_POINT('',(-0.0027388736053509,-0.0252,-0.00375));
#10799=CARTESIAN_POINT('',(0.0045,-0.0252,-0.00375));
#10800=CARTESIAN_POINT('',(0.0045,-0.0265,-0.00375));
#10801=CARTESIAN_POINT('',(0.0045,-0.0264171572875254,-0.00375));
#10802=CARTESIAN_POINT('',(0.000839141841087248,-0.0300780154464382,-0.00375));
#10803=CARTESIAN_POINT('',(0.00406009837189226,-0.0268570589156332,-0.00375));
#10804=CARTESIAN_POINT('',(0.00406009837189226,-0.0268570589156332,-0.00375));
#10805=CARTESIAN_POINT('',(0.00415233283947502,-0.02668130241554,-0.00375));
#10806=CARTESIAN_POINT('',(0.00420000000000001,-0.0264870487991918,-0.00375));
#10807=CARTESIAN_POINT('',(0.0042,-0.0262885706771881,-0.00375));
#10808=CARTESIAN_POINT('',(0.0042,-0.0262885706771881,-0.00375));
#10809=CARTESIAN_POINT('',(0.0042,-0.0259908657031542,-0.00375));
#10810=CARTESIAN_POINT('',(0.00316781992623545,-0.0252,0.));
#10811=CARTESIAN_POINT('',(0.00297085837563301,-0.0251652703644666,-0.00375));
#10812=CARTESIAN_POINT('',(0.00297085837563301,-0.0251652703644666,-0.0017));
#10813=CARTESIAN_POINT('',(0.00297085837563301,-0.0251652703644666,-0.00355));
#10814=CARTESIAN_POINT('',(0.00316781992623545,-0.0252,-0.0017));
#10815=CARTESIAN_POINT('',(0.00316781992623545,-0.025,-0.0017));
#10816=CARTESIAN_POINT('',(0.00316781992623545,-0.025,-0.0015));
#10817=CARTESIAN_POINT('',(0.00316781992623545,-0.025,-0.00355));
#10818=CARTESIAN_POINT('',(0.00316781992623545,-0.0252,-0.00355));
#10819=CARTESIAN_POINT('',(0.00316781992623545,-0.0252,0.));
#10820=CARTESIAN_POINT('',(0.00316781992623545,-0.025,0.0015));
#10821=CARTESIAN_POINT('',(0.00316781992623545,-0.025,0.00355));
#10822=CARTESIAN_POINT('',(0.00316781992623545,-0.025,0.0017));
#10823=CARTESIAN_POINT('',(0.00316781992623545,-0.0252,0.0017));
#10824=CARTESIAN_POINT('',(0.00297085837563301,-0.0251652703644666,0.0017));
#10825=CARTESIAN_POINT('',(0.00297085837563301,-0.0251652703644666,0.00375));
#10826=CARTESIAN_POINT('',(0.00297085837563301,-0.0251652703644666,0.00355));
#10827=CARTESIAN_POINT('',(0.00316781992623545,-0.0252,0.00355));
#10828=CARTESIAN_POINT('',(-0.0027388736053509,-0.0265,0.0015));
#10829=CARTESIAN_POINT('',(0.00282071168244633,-0.0258273033822736,0.0015));
#10830=CARTESIAN_POINT('',(0.0045,-0.0258273033822736,0.0015));
#10831=CARTESIAN_POINT('',(0.00305720941485095,-0.0258273033822736,0.0015));
#10832=CARTESIAN_POINT('',(0.00316781992623546,-0.0252,0.0015));
#10833=CARTESIAN_POINT('',(0.00316781992623545,-0.0252,0.0015));
#10834=CARTESIAN_POINT('',(-0.0027388736053509,-0.0252,0.0015));
#10835=CARTESIAN_POINT('',(0.0045,-0.0252,0.0015));
#10836=CARTESIAN_POINT('',(0.0045,-0.0258273033822736,0.0015));
#10837=CARTESIAN_POINT('',(-0.0027388736053509,-0.0265,-0.0015));
#10838=CARTESIAN_POINT('',(-0.0027388736053509,-0.0252,-0.0015));
#10839=CARTESIAN_POINT('',(0.0045,-0.0252,-0.0015));
#10840=CARTESIAN_POINT('',(0.00316781992623545,-0.0252,-0.0015));
#10841=CARTESIAN_POINT('',(0.00305108564307624,-0.0258620330178069,-0.0015));
#10842=CARTESIAN_POINT('',(0.00305720941485095,-0.0258273033822736,-0.0015));
#10843=CARTESIAN_POINT('',(0.0047,-0.0258273033822736,-0.0015));
#10844=CARTESIAN_POINT('',(0.0045,-0.0258273033822736,-0.0015));
#10845=CARTESIAN_POINT('',(0.0045,-0.0252,-0.0015));
#10846=CARTESIAN_POINT('',(0.0045,-0.0252,0.));
#10847=CARTESIAN_POINT('',(0.0045,-0.025,-0.00375));
#10848=CARTESIAN_POINT('',(0.0045,-0.025,-0.0017));
#10849=CARTESIAN_POINT('',(0.0045,-0.025,-0.00355));
#10850=CARTESIAN_POINT('',(0.0045,-0.0252,-0.0017));
#10851=CARTESIAN_POINT('',(0.0047,-0.0252,-0.0017));
#10852=CARTESIAN_POINT('',(0.0047,-0.0252,-0.0015));
#10853=CARTESIAN_POINT('',(0.0047,-0.0252,-0.00355));
#10854=CARTESIAN_POINT('',(0.0045,-0.0252,-0.00355));
#10855=CARTESIAN_POINT('',(0.0045,-0.0252,0.));
#10856=CARTESIAN_POINT('',(0.0047,-0.0252,0.0015));
#10857=CARTESIAN_POINT('',(0.0047,-0.0252,0.00355));
#10858=CARTESIAN_POINT('',(0.0047,-0.0252,0.0017));
#10859=CARTESIAN_POINT('',(0.0045,-0.0252,0.0017));
#10860=CARTESIAN_POINT('',(0.0045,-0.025,0.0017));
#10861=CARTESIAN_POINT('',(0.0045,-0.025,0.00375));
#10862=CARTESIAN_POINT('',(0.0045,-0.025,0.00355));
#10863=CARTESIAN_POINT('',(0.0045,-0.0252,0.00355));
#10864=CARTESIAN_POINT('',(0.0045,-0.0252,-0.00355));
#10865=CARTESIAN_POINT('',(0.0045,-0.0252,-0.00355));
#10866=CARTESIAN_POINT('',(0.0045,-0.0252,-0.00355));
#10867=CARTESIAN_POINT('',(-0.0027388736053509,-0.025,0.));
#10868=CARTESIAN_POINT('',(-0.0027388736053509,-0.025,-0.0017));
#10869=CARTESIAN_POINT('',(-0.0027388736053509,-0.025,-0.00355));
#10870=CARTESIAN_POINT('',(0.00316781992623545,-0.0252,-0.00355));
#10871=CARTESIAN_POINT('',(0.00316781992623545,-0.0252,-0.00355));
#10872=CARTESIAN_POINT('',(0.00316781992623545,-0.0252,-0.00355));
#10873=CARTESIAN_POINT('',(0.003,-0.025,0.));
#10874=CARTESIAN_POINT('',(0.00740205074593693,-3.47296355333861E-5,0.));
#10875=CARTESIAN_POINT('',(0.00288540458860203,-0.0256499028732729,-0.00355));
#10876=CARTESIAN_POINT('',(0.0028520984571058,-0.0258387913313093,-0.0017));
#10877=CARTESIAN_POINT('',(0.00297085837563301,-0.0251652703644666,-0.0017));
#10878=CARTESIAN_POINT('',(0.00255918254822883,-0.0275,-0.00355));
#10879=CARTESIAN_POINT('',(0.0027,-0.0258273033822736,-0.0013));
#10880=CARTESIAN_POINT('',(0.00305720941485095,-0.0258273033822736,-0.0013));
#10881=CARTESIAN_POINT('',(0.0045,-0.0258273033822736,-0.0013));
#10882=CARTESIAN_POINT('',(0.0027,-0.0258273033822736,0.0013));
#10883=CARTESIAN_POINT('',(0.00305720941485095,-0.0258273033822621,0.00129999999999942));
#10884=CARTESIAN_POINT('',(0.0045,-0.0258273033822736,0.0013));
#10885=CARTESIAN_POINT('',(0.003,-0.025,0.));
#10886=CARTESIAN_POINT('',(0.0028541240924738,-0.0258273033822736,0.0017));
#10887=CARTESIAN_POINT('',(0.0028520984571058,-0.0258387913313093,0.0017));
#10888=CARTESIAN_POINT('',(0.00740205074593693,-3.47296355333861E-5,0.));
#10889=CARTESIAN_POINT('',(0.00288540458860203,-0.0256499028732729,0.00355));
#10890=CARTESIAN_POINT('',(0.00297085837563301,-0.0251652703644666,0.00355));
#10891=CARTESIAN_POINT('',(0.00316781992623545,-0.0252,0.00355));
#10892=CARTESIAN_POINT('',(0.00316781992623545,-0.0252,0.00355));
#10893=CARTESIAN_POINT('',(0.00316781992623545,-0.0252,0.00355));
#10894=CARTESIAN_POINT('',(-0.0027388736053509,-0.025,0.));
#10895=CARTESIAN_POINT('',(-0.0027388736053509,-0.025,0.0017));
#10896=CARTESIAN_POINT('',(-0.0027388736053509,-0.025,0.00355));
#10897=CARTESIAN_POINT('',(0.0047,0.,0.));
#10898=CARTESIAN_POINT('',(0.0047,-0.0258273033822736,-0.0017));
#10899=CARTESIAN_POINT('',(0.0047,-0.0258273033822736,-0.0017));
#10900=CARTESIAN_POINT('',(0.0047,-0.0258273033822736,-0.0013));
#10901=CARTESIAN_POINT('',(0.0047,-0.0262267976341148,-0.00132010827532812));
#10902=CARTESIAN_POINT('',(0.0047,0.,0.));
#10903=CARTESIAN_POINT('',(0.0047,-0.0262267976341148,0.00132010827532812));
#10904=CARTESIAN_POINT('',(0.0047,-0.0258273033822736,0.0013));
#10905=CARTESIAN_POINT('',(0.0047,-0.0258273033822736,0.0017));
#10906=CARTESIAN_POINT('',(0.0047,-0.0252,0.0017));
#10907=CARTESIAN_POINT('',(0.0047,-0.0265,0.00355));
#10908=CARTESIAN_POINT('',(0.0047,-0.0264171572875254,0.00355));
#10909=CARTESIAN_POINT('',(0.0047,-0.0264171572875254,-0.00375));
#10910=CARTESIAN_POINT('',(0.0047,-0.0264171572875254,-0.00355));
#10911=CARTESIAN_POINT('',(0.0047,-0.0252,-0.00355));
#10912=CARTESIAN_POINT('',(0.0045,-0.0252,0.00355));
#10913=CARTESIAN_POINT('',(0.0045,-0.0252,0.00355));
#10914=CARTESIAN_POINT('',(0.0045,-0.0252,0.00355));
#10915=CARTESIAN_POINT('',(0.0045,-0.0264171572875254,0.));
#10916=CARTESIAN_POINT('',(0.0045,-0.0264171572875254,0.00355));
#10917=CARTESIAN_POINT('',(0.00464142135623731,-0.0265585786437628,0.00355));
#10918=CARTESIAN_POINT('',(0.00464142135623731,-0.0265585786437628,0.00375));
#10919=CARTESIAN_POINT('',(0.00464142135623731,-0.0265585786437628,-0.00355));
#10920=CARTESIAN_POINT('',(0.0045,-0.0264171572875254,-0.00355));
#10921=CARTESIAN_POINT('',(0.0045,0.,-0.00355));
#10922=CARTESIAN_POINT('',(0.0045,-0.0264171572875254,-0.00355));
#10923=CARTESIAN_POINT('',(-0.0027388736053509,-0.0252,-0.00355));
#10924=CARTESIAN_POINT('',(0.00319696155060244,-0.0250347296355334,-0.00355));
#10925=CARTESIAN_POINT('',(0.00310495105149132,-0.0255565471063563,-0.00375));
#10926=CARTESIAN_POINT('',(0.00299207579546391,-0.0255752848984129,-0.00375));
#10927=CARTESIAN_POINT('',(0.00289078900768717,-0.0256193663152062,-0.00366016890492448));
#10928=CARTESIAN_POINT('',(0.00288540458860203,-0.0256499028732729,-0.00355));
#10929=CARTESIAN_POINT('',(0.00276739822971836,-0.0274709042876379,0.00355));
#10930=CARTESIAN_POINT('',(0.00288540458860203,-0.0256499028732729,0.00355));
#10931=CARTESIAN_POINT('',(0.00289079051390673,-0.0256193577730105,0.00366019972320918));
#10932=CARTESIAN_POINT('',(0.00299211999674975,-0.0255752775608021,0.00375000000000045));
#10933=CARTESIAN_POINT('',(0.00310495105149075,-0.0255565471063545,0.00375000000000091));
#10934=CARTESIAN_POINT('',(-0.0027388736053509,-0.0252,0.00355));
#10935=CARTESIAN_POINT('',(0.0045,-0.0265,0.00355));
#10936=CARTESIAN_POINT('',(0.0045,-0.0264171572875254,0.00355));
#10937=CARTESIAN_POINT('',(0.0045,-0.0264171572875254,-0.00355));
#10938=CARTESIAN_POINT('',(0.0045,-0.0264171572875254,-0.00355));
#10939=CARTESIAN_POINT('',(0.0045,-0.0264171572875254,0.00355));
#10940=CARTESIAN_POINT('',(0.0045,-0.0264171572875254,0.00355));
#10941=CARTESIAN_POINT('',(0.0037,-0.0275,0.));
#10942=CARTESIAN_POINT('',(0.0037,-0.0275,0.00355));
#10943=CARTESIAN_POINT('',(0.00390983232653964,-0.0272901676734605,0.00355));
#10944=CARTESIAN_POINT('',(0.0310585786437627,-0.000141421356237309,0.));
#10945=CARTESIAN_POINT('',(0.00390983232653964,-0.0272901676734605,-0.00355));
#10946=CARTESIAN_POINT('',(0.0037,-0.0275,-0.00355));
#10947=CARTESIAN_POINT('',(0.000839141841087249,-0.0300780154464382,0.00355));
#10948=CARTESIAN_POINT('',(0.00406009837189226,-0.0268570589156332,0.00375));
#10949=CARTESIAN_POINT('',(0.00397849997558309,-0.0269687826948394,0.00374999999999999));
#10950=CARTESIAN_POINT('',(0.00388750562064725,-0.0270722560769127,0.00374774144122658));
#10951=CARTESIAN_POINT('',(0.00378758297110635,-0.0271679183180271,0.00374815364939951));
#10952=CARTESIAN_POINT('',(0.00378758297110634,-0.0271679183180271,0.00374815364939951));
#10953=CARTESIAN_POINT('',(0.00376841097030233,-0.0271487463172231,0.00355));
#10954=CARTESIAN_POINT('',(0.000839141841087249,-0.0300780154464382,-0.00355));
#10955=CARTESIAN_POINT('',(0.00376841097030233,-0.0271487463172231,-0.00355));
#10956=CARTESIAN_POINT('',(0.00378758297110634,-0.0271679183180271,-0.00374815364939951));
#10957=CARTESIAN_POINT('',(0.00378758297110635,-0.0271679183180271,-0.00374815364939951));
#10958=CARTESIAN_POINT('',(0.00388750562064727,-0.0270722560769127,-0.00374774144122658));
#10959=CARTESIAN_POINT('',(0.00397849997558266,-0.0269687826948389,-0.00375000000000623));
#10960=CARTESIAN_POINT('',(0.00406009837189187,-0.0268570589156327,-0.00375000000000617));
#10961=CARTESIAN_POINT('',(0.0038,0.,0.));
#10962=CARTESIAN_POINT('',(0.004,-0.0259612230066189,0.00395));
#10963=CARTESIAN_POINT('',(0.004,-0.0258543113459155,0.00396554680360495));
#10964=CARTESIAN_POINT('',(0.00390817533315726,-0.0257542002162269,0.00398054911059563));
#10965=CARTESIAN_POINT('',(0.00380000000000018,-0.0257542002162269,0.00398054911059565));
#10966=CARTESIAN_POINT('',(0.0038,-0.0257542002162277,-0.00398054911059553));
#10967=CARTESIAN_POINT('',(0.00390816263260207,-0.0257542002162277,-0.00398054911059553));
#10968=CARTESIAN_POINT('',(0.004,-0.0258543209864726,-0.00396554540170129));
#10969=CARTESIAN_POINT('',(0.004,-0.0259612230066189,-0.00395));
#10970=CARTESIAN_POINT('',(0.00276739822971836,-0.0274709042876379,0.0017));
#10971=CARTESIAN_POINT('',(0.0028520984571058,-0.0258387913313093,0.0017));
#10972=CARTESIAN_POINT('',(0.00284961114202688,-0.025852897596096,0.00159294149210138));
#10973=CARTESIAN_POINT('',(0.00295080366516897,-0.0258449672076332,0.00150000000000174));
#10974=CARTESIAN_POINT('',(0.0030572094148494,-0.0258273033822627,0.0015));
#10975=CARTESIAN_POINT('',(0.00316781992623546,-0.0252,0.0017));
#10976=CARTESIAN_POINT('',(0.00316781992623545,-0.0252,0.0017));
#10977=CARTESIAN_POINT('',(0.00316781992623545,-0.0252,0.0017));
#10978=CARTESIAN_POINT('',(-0.0027388736053509,-0.0252,0.0017));
#10979=CARTESIAN_POINT('',(0.0045,-0.0252,0.0017));
#10980=CARTESIAN_POINT('',(0.0045,-0.0252,0.0017));
#10981=CARTESIAN_POINT('',(0.0045,-0.0252,0.0017));
#10982=CARTESIAN_POINT('',(0.0045,-0.0265,0.0017));
#10983=CARTESIAN_POINT('',(0.0045,-0.0258273033822736,0.0017));
#10984=CARTESIAN_POINT('',(0.0045,-0.0258273033822736,0.0013));
#10985=CARTESIAN_POINT('',(0.0045,-0.0262267976341262,0.00132010827532869));
#10986=CARTESIAN_POINT('',(0.0045,0.,0.));
#10987=CARTESIAN_POINT('',(0.0045,-0.0262267976341148,-0.00132010827532812));
#10988=CARTESIAN_POINT('',(0.0045,-0.0258273033822736,-0.0013));
#10989=CARTESIAN_POINT('',(0.0045,-0.0258273033822736,-0.0017));
#10990=CARTESIAN_POINT('',(0.0045,0.,-0.0017));
#10991=CARTESIAN_POINT('',(0.0045,-0.0252,-0.0017));
#10992=CARTESIAN_POINT('',(0.0045,-0.0252,-0.0017));
#10993=CARTESIAN_POINT('',(0.0045,-0.0252,-0.0017));
#10994=CARTESIAN_POINT('',(-0.0027388736053509,-0.0252,-0.0017));
#10995=CARTESIAN_POINT('',(0.00316781992623545,-0.0252,-0.0017));
#10996=CARTESIAN_POINT('',(0.00316781992623545,-0.0252,-0.0017));
#10997=CARTESIAN_POINT('',(0.00316781992623545,-0.0252,-0.0017));
#10998=CARTESIAN_POINT('',(0.00319696155060244,-0.0250347296355334,-0.0017));
#10999=CARTESIAN_POINT('',(0.00305720941485095,-0.0258273033822736,-0.0015));
#11000=CARTESIAN_POINT('',(0.00295080586881734,-0.0258449668418292,-0.0015));
#11001=CARTESIAN_POINT('',(0.00284961030450083,-0.0258529023459408,-0.00159290544348972));
#11002=CARTESIAN_POINT('',(0.00285209845710546,-0.0258387913313095,-0.00169999999999995));
#11003=CARTESIAN_POINT('',(0.00280890328485402,-0.0271487463172231,-0.00355));
#11004=CARTESIAN_POINT('',(0.00309588793132937,-0.02734705808962,-0.00357593146599784));
#11005=CARTESIAN_POINT('',(0.00309588793132937,-0.0273463692630416,-0.00358119929079591));
#11006=CARTESIAN_POINT('',(0.0031003090976471,-0.0273456486273515,-0.00358519695431101));
#11007=CARTESIAN_POINT('',(0.00310458689129702,-0.0273450647731668,-0.00358819769437946));
#11008=CARTESIAN_POINT('',(0.00310458689129719,-0.0273450647731668,-0.00358819769437927));
#11009=CARTESIAN_POINT('',(0.00310458689129719,-0.0273450647731668,-0.00358819769437927));
#11010=CARTESIAN_POINT('',(0.00315297692524391,-0.0273384602648308,-0.00362214180801896));
#11011=CARTESIAN_POINT('',(0.00327191577336188,-0.0273265875754866,-0.00364345756375243));
#11012=CARTESIAN_POINT('',(0.00349324737861508,-0.027282953799869,-0.00370786683511917));
#11013=CARTESIAN_POINT('',(0.00366017066068242,-0.0272318297022178,-0.0037380575998044));
#11014=CARTESIAN_POINT('',(0.00376841097029137,-0.0271849893984764,-0.00374668868566815));
#11015=CARTESIAN_POINT('',(0.00376841097030233,-0.0271849893984974,-0.00374668868564242));
#11016=CARTESIAN_POINT('',(0.00376841097030233,-0.0271487463172231,-0.00355));
#11017=CARTESIAN_POINT('',(0.00376841097030233,-0.0271487463172231,-0.00355));
#11018=CARTESIAN_POINT('',(0.00376841097030233,-0.0271849893984974,-0.00374668868564242));
#11019=CARTESIAN_POINT('',(0.0037748584551246,-0.0271794091826142,-0.00374771693094856));
#11020=CARTESIAN_POINT('',(0.00378125135006776,-0.0271737212857136,-0.00374820479830667));
#11021=CARTESIAN_POINT('',(0.00378758297110637,-0.0271679183180273,-0.00374815364940013));
#11022=CARTESIAN_POINT('',(0.00376841097030233,-0.0271487463172231,-0.00355));
#11023=CARTESIAN_POINT('',(0.00376841097030235,-0.02734705808962,0.00357593146599785));
#11024=CARTESIAN_POINT('',(0.00385154435315065,-0.0273484556468494,0.00356524359932597));
#11025=CARTESIAN_POINT('',(0.00390983232653966,-0.0272901676734604,0.00355000000000001));
#11026=CARTESIAN_POINT('',(0.00346068895965202,-0.0276570278982645,0.0012054267615226));
#11027=CARTESIAN_POINT('',(0.00354415198888203,-0.0276558480111064,0.00120726059348926));
#11028=CARTESIAN_POINT('',(0.00360211031588934,-0.0275978896841108,0.00119668540745051));
#11029=CARTESIAN_POINT('',(0.00346068895968108,-0.0276570278982646,-0.00120542676152162));
#11030=CARTESIAN_POINT('',(0.00354415198891358,-0.0276558480111214,-0.00120726059345609));
#11031=CARTESIAN_POINT('',(0.00360211031591008,-0.02759788968409,-0.00119668540744996));
#11032=CARTESIAN_POINT('',(0.00376841097030234,-0.02734705808962,-0.00357593146599781));
#11033=CARTESIAN_POINT('',(0.00385154435315064,-0.0273484556468495,-0.00356524359932594));
#11034=CARTESIAN_POINT('',(0.00390983232653965,-0.0272901676734604,-0.00354999999999998));
#11035=CARTESIAN_POINT('',(0.00376841097030233,-0.0271487463172231,0.00355));
#11036=CARTESIAN_POINT('',(0.00376841097030233,-0.0271487463172231,0.00355));
#11037=CARTESIAN_POINT('',(0.00378758297110635,-0.0271679183180271,0.00374815364939951));
#11038=CARTESIAN_POINT('',(0.00378125135006776,-0.0271737212857134,0.00374820479830606));
#11039=CARTESIAN_POINT('',(0.00377485845512473,-0.0271794091826143,0.00374771693094949));
#11040=CARTESIAN_POINT('',(0.00376841097030244,-0.0271849893984976,0.00374668868564335));
#11041=CARTESIAN_POINT('',(0.00376841097030233,-0.0271849893984974,0.00374668868564242));
#11042=CARTESIAN_POINT('',(0.00376841097030233,-0.0271487463172231,0.00355));
#11043=CARTESIAN_POINT('',(0.00280890328485402,-0.0271487463172231,0.00355));
#11044=CARTESIAN_POINT('',(0.00376841097030233,-0.0271849893984974,0.00374668868564242));
#11045=CARTESIAN_POINT('',(0.00366036830893926,-0.0272317441712206,0.00373807336025024));
#11046=CARTESIAN_POINT('',(0.00349295927336665,-0.0272830384104661,0.00370781047503796));
#11047=CARTESIAN_POINT('',(0.00327179870934921,-0.0273265977537936,0.00364342060674829));
#11048=CARTESIAN_POINT('',(0.00315297034630324,-0.027338461162761,0.00362213719306474));
#11049=CARTESIAN_POINT('',(0.00310458689128893,-0.0273450647731647,0.00358819769439834));
#11050=CARTESIAN_POINT('',(0.00310458689129685,-0.0273450647731669,0.003588197694379));
#11051=CARTESIAN_POINT('',(0.00310458689129685,-0.0273450647731669,0.003588197694379));
#11052=CARTESIAN_POINT('',(0.00310031262577159,-0.0273456481458159,0.00358519942918087));
#11053=CARTESIAN_POINT('',(0.00309588793132935,-0.0273463695182691,0.00358119733893499));
#11054=CARTESIAN_POINT('',(0.00309588793132935,-0.02734705808962,0.00357593146599784));
#11055=CARTESIAN_POINT('',(0.00265513690650337,-0.0260036290716133,0.00171314771848415));
#11056=CARTESIAN_POINT('',(0.00282301056011349,-0.0260037569926927,0.00171120602235218));
#11057=CARTESIAN_POINT('',(0.00285209845710581,-0.0258387913313092,0.0017));
#11058=CARTESIAN_POINT('',(0.00265267251462166,-0.0260177146369429,0.00149934489684714));
#11059=CARTESIAN_POINT('',(0.00281565325876139,-0.0260117567658458,0.00158953878873911));
#11060=CARTESIAN_POINT('',(0.00284963385998912,-0.0258527687561298,0.0015939190143292));
#11061=CARTESIAN_POINT('',(0.00284695401344162,-0.0260270505040102,0.00131005422067379));
#11062=CARTESIAN_POINT('',(0.00294867038667355,-0.0260183149471708,0.00148360486748951));
#11063=CARTESIAN_POINT('',(0.00294891172644245,-0.0258452812738465,0.00150000000000049));
#11064=CARTESIAN_POINT('',(0.00305720941485104,-0.0260270505081884,0.00131005413766435));
#11065=CARTESIAN_POINT('',(0.00305720941485193,-0.0260174897105557,0.00149999999999984));
#11066=CARTESIAN_POINT('',(0.00305720941485198,-0.0258273033822623,0.0015));
#11067=CARTESIAN_POINT('',(0.00265513690650337,-0.0258040616957758,0.0017));
#11068=CARTESIAN_POINT('',(0.0028520984571058,-0.0258387913313093,0.0017));
#11069=CARTESIAN_POINT('',(0.00282301056011348,-0.0260037569926928,0.00171120602235218));
#11070=CARTESIAN_POINT('',(0.00265513690650336,-0.0260036290716134,0.00171314771848415));
#11071=CARTESIAN_POINT('',(0.002859285252201,-0.0257980329909446,0.00231866513487342));
#11072=CARTESIAN_POINT('',(0.00283023735803405,-0.02596277178504,0.00233402451696595));
#11073=CARTESIAN_POINT('',(0.00266232370159805,-0.0259625555082027,0.00233659757984567));
#11074=CARTESIAN_POINT('',(0.00287039686943455,-0.0257350158781414,0.00293586355928156));
#11075=CARTESIAN_POINT('',(0.00284141237579204,-0.0258993951099923,0.00295537633576787));
#11076=CARTESIAN_POINT('',(0.00267343531883179,-0.0258990510240691,0.00295856938727312));
#11077=CARTESIAN_POINT('',(0.00288540458860203,-0.0256499028732729,0.00354999999999999));
#11078=CARTESIAN_POINT('',(0.00285649836884481,-0.0258138381918559,0.00357342613634933));
#11079=CARTESIAN_POINT('',(0.00268844303799959,-0.0258132797592999,0.00357745552977572));
#11080=CARTESIAN_POINT('',(0.00268844303799959,-0.0256151732377396,0.00355));
#11081=CARTESIAN_POINT('',(0.00288540458860203,-0.0256499028732729,0.00355));
#11082=CARTESIAN_POINT('',(0.00285649836884482,-0.0258138381918559,0.00357342613634934));
#11083=CARTESIAN_POINT('',(0.00268844303799959,-0.0258132797592999,0.00357745552977573));
#11084=CARTESIAN_POINT('',(0.00289062859642414,-0.0256202760526859,0.0036568866031117));
#11085=CARTESIAN_POINT('',(0.00287278223952297,-0.0257959235092823,0.00370294557077145));
#11086=CARTESIAN_POINT('',(0.00269366730132029,-0.025783423855784,0.003792882048291));
#11087=CARTESIAN_POINT('',(0.00299378481824347,-0.0255750012174738,0.00375000000000061));
#11088=CARTESIAN_POINT('',(0.00301736630867234,-0.0257866766151522,0.00377042640689775));
#11089=CARTESIAN_POINT('',(0.00288912649595225,-0.0257542002416264,0.003980548946267));
#11090=CARTESIAN_POINT('',(0.00310495105149123,-0.0255565471063565,0.00375000000000064));
#11091=CARTESIAN_POINT('',(0.00310495105149124,-0.0257898337070536,0.00375000000000064));
#11092=CARTESIAN_POINT('',(0.0031049510514912,-0.0257542002162279,0.00398054911059617));
#11093=CARTESIAN_POINT('',(0.00310495105149132,-0.0255565471063563,0.00395));
#11094=CARTESIAN_POINT('',(-0.0042609690068058,-0.0255565471063563,0.00395));
#11095=CARTESIAN_POINT('',(0.0038,-0.0255565471063563,0.00395));
#11096=CARTESIAN_POINT('',(0.004,-0.0259612230066189,0.00395));
#11097=CARTESIAN_POINT('',(0.004,-0.0259612230066189,0.00375));
#11098=CARTESIAN_POINT('',(0.0042,-0.0259612230066189,0.00375));
#11099=CARTESIAN_POINT('',(0.004,-0.0258525643991697,0.00396580084028985));
#11100=CARTESIAN_POINT('',(0.00398354906142303,-0.0258480956574495,0.00375000000000017));
#11101=CARTESIAN_POINT('',(0.0041999997866438,-0.0257487139873895,0.00375));
#11102=CARTESIAN_POINT('',(0.00390628975556179,-0.0257542002195823,0.00398054908888446));
#11103=CARTESIAN_POINT('',(0.00388712732616485,-0.0257898337519145,0.00375000000000114));
#11104=CARTESIAN_POINT('',(0.00401257951112354,-0.0255565472490374,0.00375));
#11105=CARTESIAN_POINT('',(0.00380000000000011,-0.0257542002162266,0.00398054911059553));
#11106=CARTESIAN_POINT('',(0.00380000000000009,-0.0257898337070524,0.00375));
#11107=CARTESIAN_POINT('',(0.00380000000000023,-0.0255565471063552,0.00375));
#11108=CARTESIAN_POINT('',(0.0042,-0.0259612230066189,0.00395));
#11109=CARTESIAN_POINT('',(0.0042,-0.0265,0.00395));
#11110=CARTESIAN_POINT('',(0.0042,-0.0262885706771881,0.00395));
#11111=CARTESIAN_POINT('',(0.00388341530991022,-0.026764338201781,0.00393636310770786));
#11112=CARTESIAN_POINT('',(0.00389469336146884,-0.0267702567600154,0.00375));
#11113=CARTESIAN_POINT('',(0.00406009837189226,-0.0268570589156332,0.00375));
#11114=CARTESIAN_POINT('',(0.00396028134292556,-0.026617259473071,0.00394049298141304));
#11115=CARTESIAN_POINT('',(0.00397007176544047,-0.0266181991428531,0.00374999999999999));
#11116=CARTESIAN_POINT('',(0.00415233759033458,-0.0266812933108713,0.00375));
#11117=CARTESIAN_POINT('',(0.00400000000000001,-0.0264547046312686,0.00394513918426229));
#11118=CARTESIAN_POINT('',(0.00400480245965256,-0.0264527100075117,0.00374999999999987));
#11119=CARTESIAN_POINT('',(0.00419999999061405,-0.0264870549854469,0.00375));
#11120=CARTESIAN_POINT('',(0.004,-0.0262885706771881,0.00395));
#11121=CARTESIAN_POINT('',(0.004,-0.0262885706771881,0.00375));
#11122=CARTESIAN_POINT('',(0.0042,-0.0262885706771881,0.00375));
#11123=CARTESIAN_POINT('',(0.00406009837189226,-0.0268570589156332,0.00395));
#11124=CARTESIAN_POINT('',(0.00406009837189226,-0.0268570589156332,0.00375));
#11125=CARTESIAN_POINT('',(0.00389469336146884,-0.0267702567600154,0.00375000000000001));
#11126=CARTESIAN_POINT('',(0.00388341530991022,-0.026764338201781,0.00393636310770786));
#11127=CARTESIAN_POINT('',(0.0039799396759829,-0.0269668114592736,0.00375));
#11128=CARTESIAN_POINT('',(0.00384598104443223,-0.0268660846209425,0.00376771186324404));
#11129=CARTESIAN_POINT('',(0.00382894717992735,-0.02686855984464,0.00393343655097672));
#11130=CARTESIAN_POINT('',(0.00388901309512128,-0.0270708128887536,0.00374773522131953));
#11131=CARTESIAN_POINT('',(0.00377110795638563,-0.0269700092830929,0.00377132755460003));
#11132=CARTESIAN_POINT('',(0.00375862286057344,-0.0269611532986309,0.00392638641005623));
#11133=CARTESIAN_POINT('',(0.00378758297110634,-0.0271679183180271,0.0037481536493995));
#11134=CARTESIAN_POINT('',(0.00368286211298586,-0.0270534704266721,0.00376935892850436));
#11135=CARTESIAN_POINT('',(0.0036722958099253,-0.0270405693201972,0.00392503923077276));
#11136=CARTESIAN_POINT('',(0.00380675497191036,-0.0271870903188311,0.00394630729879901));
#11137=CARTESIAN_POINT('',(0.00378758297110635,-0.0271679183180271,0.00374815364939951));
#11138=CARTESIAN_POINT('',(0.00368286211298587,-0.0270534704266721,0.00376935892850436));
#11139=CARTESIAN_POINT('',(0.0036722958099253,-0.0270405693201971,0.00392503923077276));
#11140=CARTESIAN_POINT('',(0.00378125134898058,-0.0271737212842224,0.00374820479855551));
#11141=CARTESIAN_POINT('',(0.00367713168698508,-0.0270589948391779,0.00376937886176456));
#11142=CARTESIAN_POINT('',(0.00366174310871589,-0.0270502772116354,0.00392487454318308));
#11143=CARTESIAN_POINT('',(0.00377485845714589,-0.0271794091851353,0.00374771693048402));
#11144=CARTESIAN_POINT('',(0.00367140466804329,-0.0270645362503011,0.00376888412286911));
#11145=CARTESIAN_POINT('',(0.00365108828410172,-0.027059817209807,0.00392364681854343));
#11146=CARTESIAN_POINT('',(0.00376841097030233,-0.0271849893984974,0.00374668868564243));
#11147=CARTESIAN_POINT('',(0.00366563119682198,-0.0270701354979588,0.00376785238012898));
#11148=CARTESIAN_POINT('',(0.00364034247525194,-0.0270692015221745,0.00392135355445844));
#11149=CARTESIAN_POINT('',(0.00376841097030233,-0.0272212324797718,0.00394337737128484));
#11150=CARTESIAN_POINT('',(0.00376841097030298,-0.0271849893984972,0.0037466886856429));
#11151=CARTESIAN_POINT('',(0.00366563119682246,-0.0270701354979584,0.0037678523801293));
#11152=CARTESIAN_POINT('',(0.00364034247525249,-0.0270692015221741,0.00392135355445897));
#11153=CARTESIAN_POINT('',(0.00366533220070282,-0.0272295960884126,0.00373846917935718));
#11154=CARTESIAN_POINT('',(0.00359693938292624,-0.0271303329678243,0.00378181046123345));
#11155=CARTESIAN_POINT('',(0.00355444350164089,-0.0271442170944359,0.00390302171797386));
#11156=CARTESIAN_POINT('',(0.00349688023373022,-0.0272822432344838,0.00370785061998894));
#11157=CARTESIAN_POINT('',(0.0034563960493889,-0.027227123270394,0.003763552999319));
#11158=CARTESIAN_POINT('',(0.00341406685439311,-0.0272336906574705,0.00384000197453221));
#11159=CARTESIAN_POINT('',(0.00327236481373019,-0.02732661161722,0.00364528859746672));
#11160=CARTESIAN_POINT('',(0.00325095251623436,-0.0273105851638065,0.0036785979722895));
#11161=CARTESIAN_POINT('',(0.00322697068950466,-0.0273106030700711,0.00371420326404113));
#11162=CARTESIAN_POINT('',(0.00314407401179007,-0.0273396773024116,0.00361588679858584));
#11163=CARTESIAN_POINT('',(0.0031320871606941,-0.0273349857111476,0.0036354657677682));
#11164=CARTESIAN_POINT('',(0.00312006165152568,-0.0273336966939658,0.00365543867702598));
#11165=CARTESIAN_POINT('',(0.00310458689129707,-0.0273450647731669,0.00358819769437885));
#11166=CARTESIAN_POINT('',(0.00309584652301839,-0.0273438968091085,0.00359420048863804));
#11167=CARTESIAN_POINT('',(0.00308715574274756,-0.0273438492735999,0.00360038593892622));
#11168=CARTESIAN_POINT('',(0.00310458689129684,-0.0275413832291105,0.00362639538875804));
#11169=CARTESIAN_POINT('',(0.00307845678277982,-0.027347812725786,0.00357603014305489));
#11170=CARTESIAN_POINT('',(0.00308715574274765,-0.02734705808962,0.00357593146599784));
#11171=CARTESIAN_POINT('',(0.00309588793132936,-0.02734705808962,0.00357593146599784));
#11172=CARTESIAN_POINT('',(0.0030784582095472,-0.0273466480306954,0.00358493622582445));
#11173=CARTESIAN_POINT('',(0.00308715716858211,-0.0273461829981442,0.00358262278882122));
#11174=CARTESIAN_POINT('',(0.0030958893579394,-0.0273464715976034,0.00358041668373768));
#11175=CARTESIAN_POINT('',(0.00308205394617917,-0.0273452347723056,0.00359328264119986));
#11176=CARTESIAN_POINT('',(0.00309075092085148,-0.0273450448195211,0.00358888438778989));
#11177=CARTESIAN_POINT('',(0.00309948509492252,-0.0273457608536665,0.00358462016303847));
#11178=CARTESIAN_POINT('',(0.00308715574274277,-0.0273438492735999,0.00360038593892942));
#11179=CARTESIAN_POINT('',(0.00309584652301358,-0.0273438968091086,0.00359420048864049));
#11180=CARTESIAN_POINT('',(0.0031045868912923,-0.0273450647731671,0.00358819769438052));
#11181=CARTESIAN_POINT('',(0.00309588793132937,-0.027545369862017,0.00360186293199568));
#11182=CARTESIAN_POINT('',(0.00309588793132937,0.,0.));
#11183=CARTESIAN_POINT('',(0.00309588793132937,-0.027545369862017,-0.00360186293199568));
#11184=CARTESIAN_POINT('',(0.00308715574274767,-0.0273438492735997,-0.00360038593892702));
#11185=CARTESIAN_POINT('',(0.00309584652301849,-0.0273438968091084,-0.00359420048863866));
#11186=CARTESIAN_POINT('',(0.00310458689129721,-0.0273450647731668,-0.00358819769437926));
#11187=CARTESIAN_POINT('',(0.00308201178189204,-0.0273452462661259,-0.00359322360697008));
#11188=CARTESIAN_POINT('',(0.00309070881901863,-0.0273450543371085,-0.00358884021724317));
#11189=CARTESIAN_POINT('',(0.00309944293061138,-0.0273457666382825,-0.00358459043278813));
#11190=CARTESIAN_POINT('',(0.00307845790049046,-0.0273466551613469,-0.00358488190246512));
#11191=CARTESIAN_POINT('',(0.00308715685984888,-0.02734618836239,-0.00358258197541453));
#11192=CARTESIAN_POINT('',(0.00309588904891674,-0.0273464751751824,-0.00358038932407991));
#11193=CARTESIAN_POINT('',(0.00307845678277998,-0.0273478127257859,-0.00357603014305486));
#11194=CARTESIAN_POINT('',(0.00308715574274783,-0.02734705808962,-0.00357593146599782));
#11195=CARTESIAN_POINT('',(0.00309588793132951,-0.02734705808962,-0.00357593146599783));
#11196=CARTESIAN_POINT('',(0.0031045868912972,-0.0275413832291104,-0.00362639538875851));
#11197=CARTESIAN_POINT('',(0.00310458689113583,-0.0273450647731851,-0.00358819769434079));
#11198=CARTESIAN_POINT('',(0.00309584652287071,-0.0273438968091318,-0.00359420048858054));
#11199=CARTESIAN_POINT('',(0.00308715574261322,-0.0273438492736236,-0.00360038593884834));
#11200=CARTESIAN_POINT('',(0.00314420556556535,-0.0273396593980357,-0.00361597881887026));
#11201=CARTESIAN_POINT('',(0.00313220824327501,-0.0273349559771508,-0.00363560329177685));
#11202=CARTESIAN_POINT('',(0.00312017128010538,-0.0273336629302738,-0.0036556216307155));
#11203=CARTESIAN_POINT('',(0.00327249155338151,-0.0273266111764123,-0.00364531259349436));
#11204=CARTESIAN_POINT('',(0.00325109781992481,-0.0273105659739927,-0.00367864672192201));
#11205=CARTESIAN_POINT('',(0.00322707630570555,-0.0273106013358263,-0.00371425071435179));
#11206=CARTESIAN_POINT('',(0.00349766908795078,-0.0272820211393734,-0.00370802334896099));
#11207=CARTESIAN_POINT('',(0.00345704205457533,-0.0272267617434871,-0.00376372696594726));
#11208=CARTESIAN_POINT('',(0.00341472423291903,-0.0272333114992388,-0.00384035394529534));
#11209=CARTESIAN_POINT('',(0.00366479869302665,-0.0272298269600952,-0.00373842663750363));
#11210=CARTESIAN_POINT('',(0.00359660880993248,-0.0271306226619877,-0.00378187763197416));
#11211=CARTESIAN_POINT('',(0.00355399891239242,-0.0271446053543588,-0.00390292683651236));
#11212=CARTESIAN_POINT('',(0.00376841097030234,-0.0271849893984974,-0.00374668868564242));
#11213=CARTESIAN_POINT('',(0.003665631196822,-0.0270701354979588,-0.00376785238012897));
#11214=CARTESIAN_POINT('',(0.00364034247525195,-0.0270692015221746,-0.00392135355445842));
#11215=CARTESIAN_POINT('',(0.00376841097030233,-0.0272212324797718,-0.00394337737128484));
#11216=CARTESIAN_POINT('',(0.00376841097030234,-0.0271849893984974,-0.00374668868564242));
#11217=CARTESIAN_POINT('',(0.00366563119682199,-0.0270701354979588,-0.00376785238012897));
#11218=CARTESIAN_POINT('',(0.00364034247525195,-0.0270692015221745,-0.00392135355445843));
#11219=CARTESIAN_POINT('',(0.00377490231925676,-0.0271793712224432,-0.00374772392572591));
#11220=CARTESIAN_POINT('',(0.00367144398878962,-0.0270644981159999,-0.00376889114343144));
#11221=CARTESIAN_POINT('',(0.00365116138969199,-0.027059753368395,-0.00392366240839672));
#11222=CARTESIAN_POINT('',(0.00378129386991376,-0.0271736823142165,-0.0037482044549919));
#11223=CARTESIAN_POINT('',(0.00367717015157725,-0.0270589577570066,-0.00376937873248966));
#11224=CARTESIAN_POINT('',(0.00366181397581516,-0.0270502120164693,-0.00392487565894327));
#11225=CARTESIAN_POINT('',(0.00378758297110635,-0.0271679183180271,-0.0037481536493995));
#11226=CARTESIAN_POINT('',(0.00368286211298587,-0.0270534704266721,-0.00376935892850436));
#11227=CARTESIAN_POINT('',(0.00367229580992531,-0.0270405693201972,-0.00392503923077276));
#11228=CARTESIAN_POINT('',(0.00380675497191036,-0.0271870903188311,-0.00394630729879901));
#11229=CARTESIAN_POINT('',(0.00388341530991022,-0.026764338201781,-0.00393636310770786));
#11230=CARTESIAN_POINT('',(0.00389469336146884,-0.0267702567600154,-0.00375));
#11231=CARTESIAN_POINT('',(0.00406009837189226,-0.0268570589156332,-0.00375));
#11232=CARTESIAN_POINT('',(0.00382890794446666,-0.0268686349194557,-0.00393343444278601));
#11233=CARTESIAN_POINT('',(0.00384594773768446,-0.0268661501419852,-0.00376772397320489));
#11234=CARTESIAN_POINT('',(0.0039798819344044,-0.0269668905181524,-0.00375));
#11235=CARTESIAN_POINT('',(0.00375881802914418,-0.0269609737533825,-0.00392638946377154));
#11236=CARTESIAN_POINT('',(0.00377130704756081,-0.0269698209467774,-0.00377133198674959));
#11237=CARTESIAN_POINT('',(0.00388924239834507,-0.0270705933387577,-0.00374773427766353));
#11238=CARTESIAN_POINT('',(0.00367229580992531,-0.0270405693201971,-0.00392503923077283));
#11239=CARTESIAN_POINT('',(0.00368286211298588,-0.0270534704266721,-0.00376935892850442));
#11240=CARTESIAN_POINT('',(0.00378758297110636,-0.0271679183180271,-0.00374815364939958));
#11241=CARTESIAN_POINT('',(0.00406009837189226,-0.0268570589156332,-0.00395));
#11242=CARTESIAN_POINT('',(0.004,-0.0262885706771882,-0.00395));
#11243=CARTESIAN_POINT('',(0.004,-0.0262885706771882,-0.00375));
#11244=CARTESIAN_POINT('',(0.0042,-0.0262885706771882,-0.00375));
#11245=CARTESIAN_POINT('',(0.004,-0.0264546994501195,-0.00394513933588264));
#11246=CARTESIAN_POINT('',(0.00400480230107544,-0.0264527049522523,-0.00374999999999994));
#11247=CARTESIAN_POINT('',(0.00419999997783083,-0.0264870487954096,-0.00375));
#11248=CARTESIAN_POINT('',(0.00396027736587367,-0.0266172670830639,-0.00394049276682917));
#11249=CARTESIAN_POINT('',(0.00397006783804027,-0.0266182070909218,-0.00374999999999949));
#11250=CARTESIAN_POINT('',(0.00415233282935778,-0.0266813024111461,-0.00375));
#11251=CARTESIAN_POINT('',(0.00388341530991024,-0.026764338201781,-0.00393636310770786));
#11252=CARTESIAN_POINT('',(0.00389469336146886,-0.0267702567600154,-0.00375));
#11253=CARTESIAN_POINT('',(0.00406009837189229,-0.0268570589156332,-0.00375));
#11254=CARTESIAN_POINT('',(0.0042,-0.0262885706771881,-0.00395));
#11255=CARTESIAN_POINT('',(0.0042,-0.0265,-0.00395));
#11256=CARTESIAN_POINT('',(0.0042,-0.0259612230066189,-0.00395));
#11257=CARTESIAN_POINT('',(0.0038,-0.0257542002162277,-0.00398054911059553));
#11258=CARTESIAN_POINT('',(0.0038,-0.0257898337070534,-0.00375));
#11259=CARTESIAN_POINT('',(0.0038,-0.0255565471063563,-0.00375));
#11260=CARTESIAN_POINT('',(0.00390626761365859,-0.02575420022162,-0.00398054907570728));
#11261=CARTESIAN_POINT('',(0.00388710917453853,-0.0257898337792639,-0.00375000000000132));
#11262=CARTESIAN_POINT('',(0.004012535227317,-0.0255565473356634,-0.00375));
#11263=CARTESIAN_POINT('',(0.004,-0.0258525859811944,-0.00396579770173946));
#11264=CARTESIAN_POINT('',(0.00398355250007796,-0.0258481190348694,-0.00375000000000006));
#11265=CARTESIAN_POINT('',(0.00419999985560053,-0.0257487561963513,-0.00375));
#11266=CARTESIAN_POINT('',(0.004,-0.0259612230066189,-0.00395));
#11267=CARTESIAN_POINT('',(0.004,-0.0259612230066189,-0.00375));
#11268=CARTESIAN_POINT('',(0.0042,-0.0259612230066189,-0.00375));
#11269=CARTESIAN_POINT('',(0.0038,-0.0255565471063563,-0.00395));
#11270=CARTESIAN_POINT('',(-0.0042609690068058,-0.0255565471063563,-0.00395));
#11271=CARTESIAN_POINT('',(0.00310495105149132,-0.0255565471063563,-0.00395));
#11272=CARTESIAN_POINT('',(0.00310495105149131,-0.0255565471063563,-0.00375));
#11273=CARTESIAN_POINT('',(0.00310495105149131,-0.0257898337070534,-0.00375));
#11274=CARTESIAN_POINT('',(0.00310495105149132,-0.0257542002162277,-0.00398054911059553));
#11275=CARTESIAN_POINT('',(0.00299376095488258,-0.0255750051924048,-0.00375));
#11276=CARTESIAN_POINT('',(0.00301734844124692,-0.0257866759759571,-0.00377043053804203));
#11277=CARTESIAN_POINT('',(0.00288908016855197,-0.0257542002555531,-0.00398054885615935));
#11278=CARTESIAN_POINT('',(0.00289062875028641,-0.0256202751800861,-0.00365688981856291));
#11279=CARTESIAN_POINT('',(0.00287278267656254,-0.0257959229513485,-0.00370294960637698));
#11280=CARTESIAN_POINT('',(0.00269366735823401,-0.0257834229576636,-0.00379288852871589));
#11281=CARTESIAN_POINT('',(0.00288540458860138,-0.0256499028732729,-0.00355000000000007));
#11282=CARTESIAN_POINT('',(0.00285649836884418,-0.0258138381918559,-0.00357342613634943));
#11283=CARTESIAN_POINT('',(0.00268844303799894,-0.0258132797592999,-0.00357745552977587));
#11284=CARTESIAN_POINT('',(0.00268844303799959,-0.0256151732377396,-0.00355));
#11285=CARTESIAN_POINT('',(0.00288540458860203,-0.0256499028732729,-0.00355000000000001));
#11286=CARTESIAN_POINT('',(0.00285649836884482,-0.0258138381918559,-0.00357342613634935));
#11287=CARTESIAN_POINT('',(0.00268844303799959,-0.0258132797592999,-0.00357745552977573));
#11288=CARTESIAN_POINT('',(0.00287039686943474,-0.0257350158781403,-0.00293586355928158));
#11289=CARTESIAN_POINT('',(0.00284141237578824,-0.025899395109992,-0.00295537633577039));
#11290=CARTESIAN_POINT('',(0.00267343531883179,-0.025899051024069,-0.00295856938727382));
#11291=CARTESIAN_POINT('',(0.00285928525220045,-0.0257980329909477,-0.00231866513487344));
#11292=CARTESIAN_POINT('',(0.00283023735803116,-0.0259627717850454,-0.0023340245169617));
#11293=CARTESIAN_POINT('',(0.00266232370159805,-0.0259625555082027,-0.00233659757984555));
#11294=CARTESIAN_POINT('',(0.0028520984571058,-0.0258387913313093,-0.00170000000000002));
#11295=CARTESIAN_POINT('',(0.00282301056011348,-0.0260037569926927,-0.0017112060223522));
#11296=CARTESIAN_POINT('',(0.00265513690650336,-0.0260036290716134,-0.00171314771848417));
#11297=CARTESIAN_POINT('',(0.00265513690650337,-0.0258040616957758,-0.0017));
#11298=CARTESIAN_POINT('',(0.00305720941485095,-0.0260270505081884,-0.00131005413766435));
#11299=CARTESIAN_POINT('',(0.00305720941485188,-0.0260174897105557,-0.00149999999999983));
#11300=CARTESIAN_POINT('',(0.00305720941485193,-0.0258273033822623,-0.0015));
#11301=CARTESIAN_POINT('',(0.00284460410241909,-0.0260270504981427,-0.00131005433724496));
#11302=CARTESIAN_POINT('',(0.00294750753144316,-0.0260183237843907,-0.00148342928068788));
#11303=CARTESIAN_POINT('',(0.0029477013421853,-0.0258454821973383,-0.00150000000000052));
#11304=CARTESIAN_POINT('',(0.00265270301795524,-0.0260175393864017,-0.00150200500024587));
#11305=CARTESIAN_POINT('',(0.00281574336707808,-0.0260116586764588,-0.00159103061960081));
#11306=CARTESIAN_POINT('',(0.00284966451896284,-0.0258525948804495,-0.001595238858498));
#11307=CARTESIAN_POINT('',(0.00265513690650336,-0.0260036290716134,-0.00171314771848415));
#11308=CARTESIAN_POINT('',(0.00282301056011348,-0.0260037569926927,-0.00171120602235218));
#11309=CARTESIAN_POINT('',(0.0028520984571058,-0.0258387913313093,-0.0017));
#11310=CARTESIAN_POINT('',(-0.00370837781320031,0.,0.));
#11311=CARTESIAN_POINT('',(0.00129997909448245,-0.0209187678719067,-0.00467649616947224));
#11312=CARTESIAN_POINT('',(-0.000299965288250295,-0.0212076957035093,-0.00467716337140725));
#11313=CARTESIAN_POINT('',(-0.00189994975429702,-0.0214964017544462,-0.00467760810354053));
#11314=CARTESIAN_POINT('',(-0.0034999704715917,-0.021784907220102,-0.0046778516234607));
#11315=CARTESIAN_POINT('',(-0.00349997437992183,-0.0217986276905888,0.00461349541927952));
#11316=CARTESIAN_POINT('',(-0.00189995335231759,-0.0215102610674941,0.00461345018012675));
#11317=CARTESIAN_POINT('',(-0.000299964603764382,-0.021221715789708,0.00461312031451631));
#11318=CARTESIAN_POINT('',(0.00129998877962286,-0.0209329747864523,0.00461247861962943));
#11319=CARTESIAN_POINT('',(-0.00109996558057819,-0.0214912841706179,0.0048066075746414));
#11320=CARTESIAN_POINT('',(-0.00107808870996017,-0.021612681758224,0.005));
#11321=CARTESIAN_POINT('',(0.0015,5.65242766058008E-19,0.005));
#11322=CARTESIAN_POINT('',(-0.00360979694171724,-0.0225692462948801,0.005));
#11323=CARTESIAN_POINT('',(-0.00194004951035063,-0.0222693270820966,0.005));
#11324=CARTESIAN_POINT('',(-0.000303470706087352,-0.0219751488059276,0.005));
#11325=CARTESIAN_POINT('',(0.00129993947107258,-0.0216867114663729,0.005));
#11326=CARTESIAN_POINT('',(0.0015,-5.65242766058008E-19,-0.005));
#11327=CARTESIAN_POINT('',(-0.00350010275410174,-0.0221171831468126,-0.005));
#11328=CARTESIAN_POINT('',(-0.00186748738604129,-0.0218227509144929,-0.005));
#11329=CARTESIAN_POINT('',(-0.000267471290124827,-0.0215339392355387,-0.005));
#11330=CARTESIAN_POINT('',(0.00129994553364766,-0.0212507481099499,-0.005));
#11331=CARTESIAN_POINT('',(0.00130000000863298,-0.021565619561309,-0.005));
#11332=CARTESIAN_POINT('',(-0.000285869004638289,-0.0218512189012016,-0.005));
#11333=CARTESIAN_POINT('',(-0.00190439897821288,-0.0221424654592533,-0.005));
#11334=CARTESIAN_POINT('',(-0.00355558991209078,-0.0224393592354642,-0.005));
#11335=CARTESIAN_POINT('',(-0.00151313703721203,-0.0224521737751821,0.00474054885845309));
#11336=CARTESIAN_POINT('',(-0.00110001639202016,-0.0215180781245552,-0.00483867041765482));
#11337=CARTESIAN_POINT('',(0.00133440117770792,-0.0215594242200487,-0.005));
#11338=CARTESIAN_POINT('',(-0.000599708546565412,-0.0219077425548463,-0.005));
#11339=CARTESIAN_POINT('',(-0.00253387900732078,-0.0222557247863157,-0.005));
#11340=CARTESIAN_POINT('',(-0.00446810235264781,-0.0226034127889691,-0.005));
#11341=CARTESIAN_POINT('',(0.0014417484543871,-0.0221554914502237,-0.00460319157045875));
#11342=CARTESIAN_POINT('',(-0.000492361269886232,-0.0225042082392496,-0.00460127362673807));
#11343=CARTESIAN_POINT('',(-0.0024265317306416,-0.022852561045797,-0.00459944421010174));
#11344=CARTESIAN_POINT('',(-0.00436075507596863,-0.0232005961384914,-0.00459769266002996));
#11345=MECHANICAL_DESIGN_GEOMETRIC_PRESENTATION_REPRESENTATION('',(#5623),
#11346);
#11346=(
GEOMETRIC_REPRESENTATION_CONTEXT(3)
GLOBAL_UNCERTAINTY_ASSIGNED_CONTEXT((#11347))
GLOBAL_UNIT_ASSIGNED_CONTEXT((#11350,#11349,#11348))
REPRESENTATION_CONTEXT('BANDBASE2A','TOP_LEVEL_ASSEMBLY_PART')
);
#11347=UNCERTAINTY_MEASURE_WITH_UNIT(LENGTH_MEASURE(2.E-5),#11350,
'DISTANCE_ACCURACY_VALUE','Maximum Tolerance applied to model');
#11348=(
NAMED_UNIT(*)
SI_UNIT($,.STERADIAN.)
SOLID_ANGLE_UNIT()
);
#11349=(
NAMED_UNIT(*)
PLANE_ANGLE_UNIT()
SI_UNIT($,.RADIAN.)
);
#11350=(
LENGTH_UNIT()
NAMED_UNIT(*)
SI_UNIT($,.METRE.)
);
#11351=PRODUCT_DEFINITION_SHAPE('','',#11352);
#11352=PRODUCT_DEFINITION('','',#11354,#11353);
#11353=PRODUCT_DEFINITION_CONTEXT('',#11360,'design');
#11354=PRODUCT_DEFINITION_FORMATION_WITH_SPECIFIED_SOURCE('','',#11356,
 .NOT_KNOWN.);
#11355=PRODUCT_RELATED_PRODUCT_CATEGORY('','',(#11356));
#11356=PRODUCT('BANDBASE2A','BANDBASE2A','BANDBASE2A',(#11358));
#11357=PRODUCT_CATEGORY('','');
#11358=PRODUCT_CONTEXT('',#11360,'mechanical');
#11359=APPLICATION_PROTOCOL_DEFINITION('international standard',
'ap242_managed_model_based_3d_engineering',2020,#11360);
#11360=APPLICATION_CONTEXT('managed model based 3d engineering');
ENDSEC;
END-ISO-10303-21;
