ISO-10303-21;
HEADER;
/* Generated by software containing ST-Developer
 * from STEP Tools, Inc. (www.steptools.com) 
 */
/* OPTION: using custom renumber hook */

FILE_DESCRIPTION(
/* description */ ('STEP AP242 Edition 2',
'CAx-IF Rec.Pracs.---Representation and Presentation of Product Manufa
cturing Information (PMI)---4.0---2014-10-13',
'CAx-IF Rec.Pracs.---3D Tessellated Geometry---0.4---2014-09-14','2;1',
'CAx-IF Rec.Pracs.---User Defined Attributes---1.5---2016-08-15'),
/* implementation_level */ '2;1');

FILE_NAME(
/* name */ 'BANDBASE - BASEBAND',
/* time_stamp */ '2026-08-18T11:44:55Z',
/* author */ (''),
/* organization */ (''),
/* preprocessor_version */ 'ST-DEVELOPER v20',
/* originating_system */ 'ONSHAPE BY PTC INC, 1.219',
/* authorisation */ '  ');

FILE_SCHEMA (('AP242_MANAGED_MODEL_BASED_3D_ENGINEERING_MIM_LF { 1 0 10303 442 3 1 4 }'));
ENDSEC;

DATA;
#10=SHAPE_REPRESENTATION_RELATIONSHIP('','',#5225,#11);
#11=ADVANCED_BREP_SHAPE_REPRESENTATION('',(#5223),#10329);
#12=B_SPLINE_SURFACE_WITH_KNOTS('',3,3,((#8275,#8276,#8277,#8278,#8279,
#8280),(#8281,#8282,#8283,#8284,#8285,#8286),(#8287,#8288,#8289,#8290,#8291,
#8292),(#8293,#8294,#8295,#8296,#8297,#8298),(#8299,#8300,#8301,#8302,#8303,
#8304),(#8305,#8306,#8307,#8308,#8309,#8310),(#8311,#8312,#8313,#8314,#8315,
#8316),(#8317,#8318,#8319,#8320,#8321,#8322)),.UNSPECIFIED.,.F.,.F.,.F.,
(4,2,2,4),(4,2,4),(-1.54919333848739E-5,0.00130463024577164,0.00196469133534989,
0.00262475242492815),(0.,0.503096082582202,1.0061921651644),
 .UNSPECIFIED.);
#13=B_SPLINE_SURFACE_WITH_KNOTS('',3,3,((#8434,#8435,#8436,#8437,#8438,
#8439),(#8440,#8441,#8442,#8443,#8444,#8445),(#8446,#8447,#8448,#8449,#8450,
#8451),(#8452,#8453,#8454,#8455,#8456,#8457),(#8458,#8459,#8460,#8461,#8462,
#8463),(#8464,#8465,#8466,#8467,#8468,#8469)),.UNSPECIFIED.,.F.,.F.,.F.,
(4,2,4),(4,2,4),(0.000883133342744857,0.00192101473971038,0.00295889613667589),
(0.,0.503037293737385,1.00607458747477),.UNSPECIFIED.);
#14=B_SPLINE_SURFACE_WITH_KNOTS('',3,3,((#8668,#8669,#8670,#8671,#8672,
#8673),(#8674,#8675,#8676,#8677,#8678,#8679),(#8680,#8681,#8682,#8683,#8684,
#8685),(#8686,#8687,#8688,#8689,#8690,#8691),(#8692,#8693,#8694,#8695,#8696,
#8697),(#8698,#8699,#8700,#8701,#8702,#8703),(#8704,#8705,#8706,#8707,#8708,
#8709),(#8710,#8711,#8712,#8713,#8714,#8715)),.UNSPECIFIED.,.F.,.F.,.F.,
(4,2,2,4),(4,2,4),(-1.54919333848739E-5,0.00130463024577164,0.00196469133534989,
0.00262475242492815),(-0.00619216516432471,0.496903917417838,1.),
 .UNSPECIFIED.);
#15=B_SPLINE_SURFACE_WITH_KNOTS('',3,3,((#8827,#8828,#8829,#8830,#8831,
#8832),(#8833,#8834,#8835,#8836,#8837,#8838),(#8839,#8840,#8841,#8842,#8843,
#8844),(#8845,#8846,#8847,#8848,#8849,#8850),(#8851,#8852,#8853,#8854,#8855,
#8856),(#8857,#8858,#8859,#8860,#8861,#8862)),.UNSPECIFIED.,.F.,.F.,.F.,
(4,2,4),(4,2,4),(0.000883133342744857,0.00192101473971038,0.00295889613667589),
(-0.00607458747476903,0.496962706262615,1.),.UNSPECIFIED.);
#16=B_SPLINE_SURFACE_WITH_KNOTS('',3,3,((#9162,#9163,#9164,#9165,#9166,
#9167),(#9168,#9169,#9170,#9171,#9172,#9173),(#9174,#9175,#9176,#9177,#9178,
#9179),(#9180,#9181,#9182,#9183,#9184,#9185),(#9186,#9187,#9188,#9189,#9190,
#9191),(#9192,#9193,#9194,#9195,#9196,#9197),(#9198,#9199,#9200,#9201,#9202,
#9203),(#9204,#9205,#9206,#9207,#9208,#9209)),.UNSPECIFIED.,.F.,.F.,.F.,
(4,2,2,4),(4,2,4),(-1.54919333848739E-5,0.00130463024577164,0.00196469133534989,
0.00262475242492815),(-0.00619216516432471,0.496903917417838,1.),
 .UNSPECIFIED.);
#17=B_SPLINE_SURFACE_WITH_KNOTS('',3,3,((#9318,#9319,#9320,#9321,#9322,
#9323),(#9324,#9325,#9326,#9327,#9328,#9329),(#9330,#9331,#9332,#9333,#9334,
#9335),(#9336,#9337,#9338,#9339,#9340,#9341),(#9342,#9343,#9344,#9345,#9346,
#9347),(#9348,#9349,#9350,#9351,#9352,#9353)),.UNSPECIFIED.,.F.,.F.,.F.,
(4,2,4),(4,2,4),(0.000883133342744857,0.00192101473971038,0.00295889613667589),
(-0.0060745874747699,0.496962706262615,1.),.UNSPECIFIED.);
#18=B_SPLINE_SURFACE_WITH_KNOTS('',3,3,((#9546,#9547,#9548,#9549,#9550,
#9551),(#9552,#9553,#9554,#9555,#9556,#9557),(#9558,#9559,#9560,#9561,#9562,
#9563),(#9564,#9565,#9566,#9567,#9568,#9569),(#9570,#9571,#9572,#9573,#9574,
#9575),(#9576,#9577,#9578,#9579,#9580,#9581),(#9582,#9583,#9584,#9585,#9586,
#9587),(#9588,#9589,#9590,#9591,#9592,#9593)),.UNSPECIFIED.,.F.,.F.,.F.,
(4,2,2,4),(4,2,4),(-1.54919333848739E-5,0.00130463024577164,0.00196469133534989,
0.00262475242492815),(0.,0.503096082582202,1.0061921651644),
 .UNSPECIFIED.);
#19=B_SPLINE_SURFACE_WITH_KNOTS('',3,3,((#9702,#9703,#9704,#9705,#9706,
#9707),(#9708,#9709,#9710,#9711,#9712,#9713),(#9714,#9715,#9716,#9717,#9718,
#9719),(#9720,#9721,#9722,#9723,#9724,#9725),(#9726,#9727,#9728,#9729,#9730,
#9731),(#9732,#9733,#9734,#9735,#9736,#9737)),.UNSPECIFIED.,.F.,.F.,.F.,
(4,2,4),(4,2,4),(0.000883133342744857,0.00192101473971038,0.00295889613667589),
(0.,0.503037293737385,1.00607458747477),.UNSPECIFIED.);
#20=(
BOUNDED_SURFACE()
B_SPLINE_SURFACE(3,2,((#8009,#8010,#8011),(#8012,#8013,#8014),(#8015,#8016,
#8017),(#8018,#8019,#8020),(#8021,#8022,#8023),(#8024,#8025,#8026)),
 .UNSPECIFIED.,.F.,.F.,.F.)
B_SPLINE_SURFACE_WITH_KNOTS((4,2,4),(3,3),(0.0455988289297263,0.0466322341495207,
0.047665639369315),(0.,1.),.UNSPECIFIED.)
GEOMETRIC_REPRESENTATION_ITEM()
RATIONAL_B_SPLINE_SURFACE(((1.,0.948967920165096,1.),(1.,0.948965725883302,
1.),(1.,0.948351091172773,1.),(1.,0.945991529472935,1.),(1.,0.944223736894913,
1.),(1.,0.941977196096211,1.)))
REPRESENTATION_ITEM('')
SURFACE()
);
#21=(
BOUNDED_SURFACE()
B_SPLINE_SURFACE(3,2,((#8038,#8039,#8040),(#8041,#8042,#8043),(#8044,#8045,
#8046),(#8047,#8048,#8049),(#8050,#8051,#8052),(#8053,#8054,#8055),(#8056,
#8057,#8058),(#8059,#8060,#8061),(#8062,#8063,#8064),(#8065,#8066,#8067),
(#8068,#8069,#8070),(#8071,#8072,#8073),(#8074,#8075,#8076),(#8077,#8078,
#8079),(#8080,#8081,#8082),(#8083,#8084,#8085),(#8086,#8087,#8088),(#8089,
#8090,#8091)),.UNSPECIFIED.,.F.,.F.,.F.)
B_SPLINE_SURFACE_WITH_KNOTS((4,2,2,2,2,2,2,2,4),(3,3),(0.0173162247927424,
0.0184450472321093,0.0195738696714761,0.0207026921108429,0.0218315145502097,
0.0229603369895766,0.0240891594289434,0.0252179818683103,0.026346804307677),
(0.,0.663989618576611),.UNSPECIFIED.)
GEOMETRIC_REPRESENTATION_ITEM()
RATIONAL_B_SPLINE_SURFACE(((1.,0.961473460567179,0.974109365580509),(1.,
0.963257490663916,0.97530827084706),(1.,0.965159654226121,0.976586564255192),
(1.,0.969186025332253,0.97929236923744),(1.,0.971332639702862,0.980734938664314),
(1.,0.975671158872228,0.983650513626136),(1.,0.977859308949122,0.985120995910034),
(1.,0.982181250161826,0.988025430140775),(1.,0.984331420400207,0.989470389184621),
(1.,0.988330526875363,0.992157871768762),(1.,0.990192326013433,0.993409039445794),
(1.,0.993541200876231,0.99565955288577),(1.,0.995033420349796,0.996662355354731),
(1.,0.997449282249504,0.998285864711504),(1.,0.998387960370311,0.998916675898317),
(1.,0.999664719751812,0.999774684711845),(1.,1.00000193446171,1.00000129999843),
(1.,1.,1.)))
REPRESENTATION_ITEM('')
SURFACE()
);
#22=(
BOUNDED_SURFACE()
B_SPLINE_SURFACE(3,2,((#8324,#8325,#8326),(#8327,#8328,#8329),(#8330,#8331,
#8332),(#8333,#8334,#8335)),.UNSPECIFIED.,.F.,.F.,.F.)
B_SPLINE_SURFACE_WITH_KNOTS((4,4),(3,3),(7.58941520739853E-18,0.00238473296024297),
(0.,1.),.UNSPECIFIED.)
GEOMETRIC_REPRESENTATION_ITEM()
RATIONAL_B_SPLINE_SURFACE(((1.,0.763762615826066,1.),(1.,0.733578006417515,
1.),(1.,0.718070969728705,1.),(1.,0.707106781186548,1.)))
REPRESENTATION_ITEM('')
SURFACE()
);
#23=(
BOUNDED_SURFACE()
B_SPLINE_SURFACE(3,2,((#8393,#8394,#8395),(#8396,#8397,#8398),(#8399,#8400,
#8401),(#8402,#8403,#8404),(#8405,#8406,#8407),(#8408,#8409,#8410),(#8411,
#8412,#8413),(#8414,#8415,#8416),(#8417,#8418,#8419),(#8420,#8421,#8422)),
 .UNSPECIFIED.,.F.,.F.,.F.)
B_SPLINE_SURFACE_WITH_KNOTS((4,2,2,2,4),(3,3),(3.46944695195361E-18,0.000505713167840204,
0.0010114263356804,0.00151713950352061,0.0020228526713608),(0.,1.),
 .UNSPECIFIED.)
GEOMETRIC_REPRESENTATION_ITEM()
RATIONAL_B_SPLINE_SURFACE(((1.,0.707106781186549,1.),(1.,0.732396426247667,
1.),(1.,0.761219043901461,1.),(1.,0.824467593796484,1.),(1.,0.857440052969746,
1.),(1.,0.919299254231643,1.),(1.,0.947954725490394,1.),(1.,0.988389552196976,
1.),(1.,1.00016655427497,1.),(1.,1.,1.)))
REPRESENTATION_ITEM('')
SURFACE()
);
#24=(
BOUNDED_SURFACE()
B_SPLINE_SURFACE(3,2,((#8538,#8539,#8540),(#8541,#8542,#8543),(#8544,#8545,
#8546),(#8547,#8548,#8549),(#8550,#8551,#8552),(#8553,#8554,#8555),(#8556,
#8557,#8558),(#8559,#8560,#8561),(#8562,#8563,#8564),(#8565,#8566,#8567),
(#8568,#8569,#8570),(#8571,#8572,#8573),(#8574,#8575,#8576),(#8577,#8578,
#8579),(#8580,#8581,#8582),(#8583,#8584,#8585),(#8586,#8587,#8588),(#8589,
#8590,#8591)),.UNSPECIFIED.,.F.,.F.,.F.)
B_SPLINE_SURFACE_WITH_KNOTS((4,2,2,2,2,2,2,2,4),(3,3),(0.0173162247927424,
0.0184450472321093,0.0195738696714761,0.0207026921108429,0.0218315145502097,
0.0229603369895766,0.0240891594289434,0.0252179818683103,0.026346804307677),
(0.336010381426026,1.),.UNSPECIFIED.)
GEOMETRIC_REPRESENTATION_ITEM()
RATIONAL_B_SPLINE_SURFACE(((0.974109365580408,0.961473460567331,1.),(0.975308270846992,
0.963257490664104,1.),(0.976586564255064,0.965159654226204,1.),(0.979292369237397,
0.969186025332431,1.),(0.980734938664202,0.97133263970292,1.),(0.983650513626111,
0.97567115887238,1.),(0.985120995909967,0.977859308949196,1.),(0.988025430140738,
0.982181250161911,1.),(0.98947038918459,0.984331420400283,1.),(0.992157871768722,
0.988330526875396,1.),(0.993409039445769,0.990192326013472,1.),(0.995659552885754,
0.993541200876257,1.),(0.996662355354727,0.99503342034983,1.),(0.998285864711489,
0.9974492822495,1.),(0.998916675898313,0.998387960370318,1.),(0.999774684711845,
0.999664719751814,1.),(1.00000129999843,1.00000193446171,1.),(1.,1.,1.)))
REPRESENTATION_ITEM('')
SURFACE()
);
#25=(
BOUNDED_SURFACE()
B_SPLINE_SURFACE(3,2,((#8600,#8601,#8602),(#8603,#8604,#8605),(#8606,#8607,
#8608),(#8609,#8610,#8611),(#8612,#8613,#8614),(#8615,#8616,#8617)),
 .UNSPECIFIED.,.F.,.F.,.F.)
B_SPLINE_SURFACE_WITH_KNOTS((4,2,4),(3,3),(0.0455988289297263,0.0466322341495207,
0.047665639369315),(0.,1.),.UNSPECIFIED.)
GEOMETRIC_REPRESENTATION_ITEM()
RATIONAL_B_SPLINE_SURFACE(((1.,0.948967920165096,1.),(1.,0.948965725883302,
1.),(1.,0.948351091172773,1.),(1.,0.945991529472935,1.),(1.,0.944223736894913,
1.),(1.,0.941977196096211,1.)))
REPRESENTATION_ITEM('')
SURFACE()
);
#26=(
BOUNDED_SURFACE()
B_SPLINE_SURFACE(3,2,((#8717,#8718,#8719),(#8720,#8721,#8722),(#8723,#8724,
#8725),(#8726,#8727,#8728)),.UNSPECIFIED.,.F.,.F.,.F.)
B_SPLINE_SURFACE_WITH_KNOTS((4,4),(3,3),(7.58941520739853E-18,0.00238473296024297),
(0.,1.),.UNSPECIFIED.)
GEOMETRIC_REPRESENTATION_ITEM()
RATIONAL_B_SPLINE_SURFACE(((1.,0.763762615826066,1.),(1.,0.733578006417515,
1.),(1.,0.718070969728705,1.),(1.,0.707106781186548,1.)))
REPRESENTATION_ITEM('')
SURFACE()
);
#27=(
BOUNDED_SURFACE()
B_SPLINE_SURFACE(3,2,((#8786,#8787,#8788),(#8789,#8790,#8791),(#8792,#8793,
#8794),(#8795,#8796,#8797),(#8798,#8799,#8800),(#8801,#8802,#8803),(#8804,
#8805,#8806),(#8807,#8808,#8809),(#8810,#8811,#8812),(#8813,#8814,#8815)),
 .UNSPECIFIED.,.F.,.F.,.F.)
B_SPLINE_SURFACE_WITH_KNOTS((4,2,2,2,4),(3,3),(3.46944695195361E-18,0.000505713167840204,
0.0010114263356804,0.00151713950352061,0.0020228526713608),(0.,1.),
 .UNSPECIFIED.)
GEOMETRIC_REPRESENTATION_ITEM()
RATIONAL_B_SPLINE_SURFACE(((1.,0.707106781186549,1.),(1.,0.732396426247667,
1.),(1.,0.761219043901461,1.),(1.,0.824467593796484,1.),(1.,0.857440052969746,
1.),(1.,0.919299254231643,1.),(1.,0.947954725490394,1.),(1.,0.988389552196976,
1.),(1.,1.00016655427497,1.),(1.,1.,1.)))
REPRESENTATION_ITEM('')
SURFACE()
);
#28=(
BOUNDED_SURFACE()
B_SPLINE_SURFACE(3,2,((#9015,#9016,#9017),(#9018,#9019,#9020),(#9021,#9022,
#9023),(#9024,#9025,#9026),(#9027,#9028,#9029),(#9030,#9031,#9032),(#9033,
#9034,#9035),(#9036,#9037,#9038),(#9039,#9040,#9041),(#9042,#9043,#9044),
(#9045,#9046,#9047),(#9048,#9049,#9050),(#9051,#9052,#9053),(#9054,#9055,
#9056),(#9057,#9058,#9059),(#9060,#9061,#9062),(#9063,#9064,#9065),(#9066,
#9067,#9068)),.UNSPECIFIED.,.F.,.F.,.F.)
B_SPLINE_SURFACE_WITH_KNOTS((4,2,2,2,2,2,2,2,4),(3,3),(0.0173162247927424,
0.0184450472321093,0.0195738696714761,0.0207026921108429,0.0218315145502097,
0.0229603369895766,0.0240891594289434,0.0252179818683103,0.026346804307677),
(0.336010381426026,1.),.UNSPECIFIED.)
GEOMETRIC_REPRESENTATION_ITEM()
RATIONAL_B_SPLINE_SURFACE(((0.974109365580408,0.961473460567331,1.),(0.975308270846992,
0.963257490664104,1.),(0.976586564255064,0.965159654226204,1.),(0.979292369237397,
0.969186025332431,1.),(0.980734938664202,0.97133263970292,1.),(0.983650513626111,
0.97567115887238,1.),(0.985120995909967,0.977859308949196,1.),(0.988025430140738,
0.982181250161911,1.),(0.98947038918459,0.984331420400283,1.),(0.992157871768722,
0.988330526875396,1.),(0.993409039445769,0.990192326013472,1.),(0.995659552885754,
0.993541200876257,1.),(0.996662355354727,0.99503342034983,1.),(0.998285864711489,
0.9974492822495,1.),(0.998916675898313,0.998387960370318,1.),(0.999774684711845,
0.999664719751814,1.),(1.00000129999843,1.00000193446171,1.),(1.,1.,1.)))
REPRESENTATION_ITEM('')
SURFACE()
);
#29=(
BOUNDED_SURFACE()
B_SPLINE_SURFACE(3,2,((#9077,#9078,#9079),(#9080,#9081,#9082),(#9083,#9084,
#9085),(#9086,#9087,#9088),(#9089,#9090,#9091),(#9092,#9093,#9094)),
 .UNSPECIFIED.,.F.,.F.,.F.)
B_SPLINE_SURFACE_WITH_KNOTS((4,2,4),(3,3),(0.0455988289297263,0.0466322341495207,
0.047665639369315),(0.,1.),.UNSPECIFIED.)
GEOMETRIC_REPRESENTATION_ITEM()
RATIONAL_B_SPLINE_SURFACE(((1.,0.948967920165096,1.),(1.,0.948965725883302,
1.),(1.,0.948351091172773,1.),(1.,0.945991529472935,1.),(1.,0.944223736894913,
1.),(1.,0.941977196096211,1.)))
REPRESENTATION_ITEM('')
SURFACE()
);
#30=(
BOUNDED_SURFACE()
B_SPLINE_SURFACE(3,2,((#9211,#9212,#9213),(#9214,#9215,#9216),(#9217,#9218,
#9219),(#9220,#9221,#9222)),.UNSPECIFIED.,.F.,.F.,.F.)
B_SPLINE_SURFACE_WITH_KNOTS((4,4),(3,3),(7.58941520739853E-18,0.00238473296024297),
(0.,1.),.UNSPECIFIED.)
GEOMETRIC_REPRESENTATION_ITEM()
RATIONAL_B_SPLINE_SURFACE(((1.,0.763762615826066,1.),(1.,0.733578006417515,
1.),(1.,0.718070969728705,1.),(1.,0.707106781186548,1.)))
REPRESENTATION_ITEM('')
SURFACE()
);
#31=(
BOUNDED_SURFACE()
B_SPLINE_SURFACE(3,2,((#9277,#9278,#9279),(#9280,#9281,#9282),(#9283,#9284,
#9285),(#9286,#9287,#9288),(#9289,#9290,#9291),(#9292,#9293,#9294),(#9295,
#9296,#9297),(#9298,#9299,#9300),(#9301,#9302,#9303),(#9304,#9305,#9306)),
 .UNSPECIFIED.,.F.,.F.,.F.)
B_SPLINE_SURFACE_WITH_KNOTS((4,2,2,2,4),(3,3),(3.46944695195361E-18,0.000505713167840204,
0.0010114263356804,0.00151713950352061,0.0020228526713608),(0.,1.),
 .UNSPECIFIED.)
GEOMETRIC_REPRESENTATION_ITEM()
RATIONAL_B_SPLINE_SURFACE(((1.,0.707106781186549,1.),(1.,0.732396426247667,
1.),(1.,0.761219043901461,1.),(1.,0.824467593796484,1.),(1.,0.857440052969746,
1.),(1.,0.919299254231643,1.),(1.,0.947954725490394,1.),(1.,0.988389552196976,
1.),(1.,1.00016655427497,1.),(1.,1.,1.)))
REPRESENTATION_ITEM('')
SURFACE()
);
#32=(
BOUNDED_SURFACE()
B_SPLINE_SURFACE(3,2,((#9422,#9423,#9424),(#9425,#9426,#9427),(#9428,#9429,
#9430),(#9431,#9432,#9433),(#9434,#9435,#9436),(#9437,#9438,#9439),(#9440,
#9441,#9442),(#9443,#9444,#9445),(#9446,#9447,#9448),(#9449,#9450,#9451),
(#9452,#9453,#9454),(#9455,#9456,#9457),(#9458,#9459,#9460),(#9461,#9462,
#9463),(#9464,#9465,#9466),(#9467,#9468,#9469),(#9470,#9471,#9472),(#9473,
#9474,#9475)),.UNSPECIFIED.,.F.,.F.,.F.)
B_SPLINE_SURFACE_WITH_KNOTS((4,2,2,2,2,2,2,2,4),(3,3),(0.0173162247927424,
0.0184450472321093,0.0195738696714761,0.0207026921108429,0.0218315145502097,
0.0229603369895766,0.0240891594289434,0.0252179818683103,0.026346804307677),
(0.,0.663989618576611),.UNSPECIFIED.)
GEOMETRIC_REPRESENTATION_ITEM()
RATIONAL_B_SPLINE_SURFACE(((1.,0.961473460567179,0.974109365580509),(1.,
0.963257490663916,0.97530827084706),(1.,0.965159654226121,0.976586564255192),
(1.,0.969186025332253,0.97929236923744),(1.,0.971332639702862,0.980734938664314),
(1.,0.975671158872228,0.983650513626136),(1.,0.977859308949122,0.985120995910034),
(1.,0.982181250161826,0.988025430140775),(1.,0.984331420400207,0.989470389184621),
(1.,0.988330526875363,0.992157871768762),(1.,0.990192326013433,0.993409039445794),
(1.,0.993541200876231,0.99565955288577),(1.,0.995033420349796,0.996662355354731),
(1.,0.997449282249504,0.998285864711504),(1.,0.998387960370311,0.998916675898317),
(1.,0.999664719751812,0.999774684711845),(1.,1.00000193446171,1.00000129999843),
(1.,1.,1.)))
REPRESENTATION_ITEM('')
SURFACE()
);
#33=(
BOUNDED_SURFACE()
B_SPLINE_SURFACE(3,2,((#9484,#9485,#9486),(#9487,#9488,#9489),(#9490,#9491,
#9492),(#9493,#9494,#9495),(#9496,#9497,#9498),(#9499,#9500,#9501)),
 .UNSPECIFIED.,.F.,.F.,.F.)
B_SPLINE_SURFACE_WITH_KNOTS((4,2,4),(3,3),(0.0455988289297263,0.0466322341495207,
0.047665639369315),(0.,1.),.UNSPECIFIED.)
GEOMETRIC_REPRESENTATION_ITEM()
RATIONAL_B_SPLINE_SURFACE(((1.,0.948967920165096,1.),(1.,0.948965725883302,
1.),(1.,0.948351091172773,1.),(1.,0.945991529472935,1.),(1.,0.944223736894913,
1.),(1.,0.941977196096211,1.)))
REPRESENTATION_ITEM('')
SURFACE()
);
#34=(
BOUNDED_SURFACE()
B_SPLINE_SURFACE(3,2,((#9595,#9596,#9597),(#9598,#9599,#9600),(#9601,#9602,
#9603),(#9604,#9605,#9606)),.UNSPECIFIED.,.F.,.F.,.F.)
B_SPLINE_SURFACE_WITH_KNOTS((4,4),(3,3),(7.58941520739853E-18,0.00238473296024297),
(0.,1.),.UNSPECIFIED.)
GEOMETRIC_REPRESENTATION_ITEM()
RATIONAL_B_SPLINE_SURFACE(((1.,0.763762615826066,1.),(1.,0.733578006417515,
1.),(1.,0.718070969728705,1.),(1.,0.707106781186548,1.)))
REPRESENTATION_ITEM('')
SURFACE()
);
#35=(
BOUNDED_SURFACE()
B_SPLINE_SURFACE(3,2,((#9661,#9662,#9663),(#9664,#9665,#9666),(#9667,#9668,
#9669),(#9670,#9671,#9672),(#9673,#9674,#9675),(#9676,#9677,#9678),(#9679,
#9680,#9681),(#9682,#9683,#9684),(#9685,#9686,#9687),(#9688,#9689,#9690)),
 .UNSPECIFIED.,.F.,.F.,.F.)
B_SPLINE_SURFACE_WITH_KNOTS((4,2,2,2,4),(3,3),(3.46944695195361E-18,0.000505713167840204,
0.0010114263356804,0.00151713950352061,0.0020228526713608),(0.,1.),
 .UNSPECIFIED.)
GEOMETRIC_REPRESENTATION_ITEM()
RATIONAL_B_SPLINE_SURFACE(((1.,0.707106781186549,1.),(1.,0.732396426247667,
1.),(1.,0.761219043901461,1.),(1.,0.824467593796484,1.),(1.,0.857440052969746,
1.),(1.,0.919299254231643,1.),(1.,0.947954725490394,1.),(1.,0.988389552196976,
1.),(1.,1.00016655427497,1.),(1.,1.,1.)))
REPRESENTATION_ITEM('')
SURFACE()
);
#36=(
BOUNDED_SURFACE()
B_SPLINE_SURFACE(3,2,((#10001,#10002,#10003),(#10004,#10005,#10006),(#10007,
#10008,#10009),(#10010,#10011,#10012),(#10013,#10014,#10015),(#10016,#10017,
#10018)),.UNSPECIFIED.,.F.,.F.,.F.)
B_SPLINE_SURFACE_WITH_KNOTS((4,2,4),(3,3),(0.000911212489495571,0.00149839927142274,
0.00208558605334991),(0.,1.),.UNSPECIFIED.)
GEOMETRIC_REPRESENTATION_ITEM()
RATIONAL_B_SPLINE_SURFACE(((1.,0.707106781186556,1.),(1.,0.740982138684483,
1.),(1.,0.77180575799487,1.),(1.,0.828892546757291,1.),(1.,0.855507548477877,
1.),(1.,0.877995218670479,1.)))
REPRESENTATION_ITEM('')
SURFACE()
);
#37=(
BOUNDED_SURFACE()
B_SPLINE_SURFACE(3,2,((#10019,#10020,#10021),(#10022,#10023,#10024),(#10025,
#10026,#10027),(#10028,#10029,#10030),(#10031,#10032,#10033),(#10034,#10035,
#10036)),.UNSPECIFIED.,.F.,.F.,.F.)
B_SPLINE_SURFACE_WITH_KNOTS((4,2,4),(3,3),(0.00012804008688043,0.000714989457123355,
0.00130193882736628),(0.,1.),.UNSPECIFIED.)
GEOMETRIC_REPRESENTATION_ITEM()
RATIONAL_B_SPLINE_SURFACE(((1.,0.707106781186561,1.),(1.,0.740737933357102,
1.),(1.,0.77152653843276,1.),(1.,0.828863881349296,1.),(1.,0.855473470721823,
1.),(1.,0.877995218670479,1.)))
REPRESENTATION_ITEM('')
SURFACE()
);
#38=(
BOUNDED_SURFACE()
B_SPLINE_SURFACE(3,2,((#10162,#10163,#10164),(#10165,#10166,#10167),(#10168,
#10169,#10170),(#10171,#10172,#10173)),.UNSPECIFIED.,.F.,.F.,.F.)
B_SPLINE_SURFACE_WITH_KNOTS((4,4),(3,3),(2.49366499671666E-18,0.000628336643403918),
(0.,1.),.PIECEWISE_BEZIER_KNOTS.)
GEOMETRIC_REPRESENTATION_ITEM()
RATIONAL_B_SPLINE_SURFACE(((1.,0.765921848389169,1.),(1.,0.77732366161221,
1.),(1.,0.755946066546031,1.),(1.,0.724662227634963,1.)))
REPRESENTATION_ITEM('')
SURFACE()
);
#39=(
BOUNDED_SURFACE()
B_SPLINE_SURFACE(3,2,((#10176,#10177,#10178),(#10179,#10180,#10181),(#10182,
#10183,#10184),(#10185,#10186,#10187)),.UNSPECIFIED.,.F.,.F.,.F.)
B_SPLINE_SURFACE_WITH_KNOTS((4,4),(3,3),(6.14547279058179,6.2173992735354),
(0.,1.),.PIECEWISE_BEZIER_KNOTS.)
GEOMETRIC_REPRESENTATION_ITEM()
RATIONAL_B_SPLINE_SURFACE(((1.,0.765507734207974,1.),(1.,0.765694384231094,
1.),(1.,0.765832515017362,1.),(1.,0.765921848389163,1.)))
REPRESENTATION_ITEM('')
SURFACE()
);
#40=(
BOUNDED_SURFACE()
B_SPLINE_SURFACE(3,2,((#10191,#10192,#10193),(#10194,#10195,#10196),(#10197,
#10198,#10199),(#10200,#10201,#10202)),.UNSPECIFIED.,.F.,.F.,.F.)
B_SPLINE_SURFACE_WITH_KNOTS((4,4),(3,3),(2.05998412772246E-18,0.000638252223397534),
(0.,1.),.PIECEWISE_BEZIER_KNOTS.)
GEOMETRIC_REPRESENTATION_ITEM()
RATIONAL_B_SPLINE_SURFACE(((1.,0.650866517429807,1.),(1.,0.685899585045497,
1.),(1.,0.741482206758972,1.),(1.,0.765507734207952,1.)))
REPRESENTATION_ITEM('')
SURFACE()
);
#41=(
BOUNDED_SURFACE()
B_SPLINE_SURFACE(3,2,((#10210,#10211,#10212),(#10213,#10214,#10215),(#10216,
#10217,#10218),(#10219,#10220,#10221)),.UNSPECIFIED.,.F.,.F.,.F.)
B_SPLINE_SURFACE_WITH_KNOTS((4,4),(3,3),(-3.52365706057789E-19,0.0006285118163507),
(0.,1.),.PIECEWISE_BEZIER_KNOTS.)
GEOMETRIC_REPRESENTATION_ITEM()
RATIONAL_B_SPLINE_SURFACE(((1.,0.650866517429807,1.),(1.,0.650866551228078,
1.),(1.,0.679180126005073,1.),(1.,0.707106781186551,1.)))
REPRESENTATION_ITEM('')
SURFACE()
);
#42=(
BOUNDED_SURFACE()
B_SPLINE_SURFACE(3,2,((#10234,#10235,#10236),(#10237,#10238,#10239),(#10240,
#10241,#10242),(#10243,#10244,#10245)),.UNSPECIFIED.,.F.,.F.,.F.)
B_SPLINE_SURFACE_WITH_KNOTS((4,4),(3,3),(2.35813972515597E-18,0.000628336643403935),
(0.,1.),.PIECEWISE_BEZIER_KNOTS.)
GEOMETRIC_REPRESENTATION_ITEM()
RATIONAL_B_SPLINE_SURFACE(((1.,0.765921848389169,1.),(1.,0.777323661611927,
1.),(1.,0.755946066546031,1.),(1.,0.724662227634963,1.)))
REPRESENTATION_ITEM('')
SURFACE()
);
#43=(
BOUNDED_SURFACE()
B_SPLINE_SURFACE(3,2,((#10247,#10248,#10249),(#10250,#10251,#10252),(#10253,
#10254,#10255),(#10256,#10257,#10258),(#10259,#10260,#10261)),
 .UNSPECIFIED.,.F.,.F.,.F.)
B_SPLINE_SURFACE_WITH_KNOTS((4,1,4),(3,3),(2.05456311686003E-17,0.000388346438282774,
0.000776692876565528),(0.,1.),.UNSPECIFIED.)
GEOMETRIC_REPRESENTATION_ITEM()
RATIONAL_B_SPLINE_SURFACE(((1.,0.707106781186557,1.),(1.,0.76501788778389,
1.),(1.,0.865817689136918,1.),(1.,0.93281400778289,1.),(1.,0.932814095554643,
1.)))
REPRESENTATION_ITEM('')
SURFACE()
);
#44=(
BOUNDED_SURFACE()
B_SPLINE_SURFACE(3,2,((#10263,#10264,#10265),(#10266,#10267,#10268),(#10269,
#10270,#10271),(#10272,#10273,#10274)),.UNSPECIFIED.,.F.,.F.,.F.)
B_SPLINE_SURFACE_WITH_KNOTS((4,4),(3,3),(0.0657860336441888,0.1377125165978),
(0.,1.),.PIECEWISE_BEZIER_KNOTS.)
GEOMETRIC_REPRESENTATION_ITEM()
RATIONAL_B_SPLINE_SURFACE(((1.,0.765921848389168,1.),(1.,0.765832515012479,
1.),(1.,0.765694384231094,1.),(1.,0.765507734207974,1.)))
REPRESENTATION_ITEM('')
SURFACE()
);
#45=(
BOUNDED_SURFACE()
B_SPLINE_SURFACE(3,2,((#10278,#10279,#10280),(#10281,#10282,#10283),(#10284,
#10285,#10286),(#10287,#10288,#10289)),.UNSPECIFIED.,.F.,.F.,.F.)
B_SPLINE_SURFACE_WITH_KNOTS((4,4),(3,3),(9.48676900924816E-19,0.000638252223397522),
(0.,1.),.PIECEWISE_BEZIER_KNOTS.)
GEOMETRIC_REPRESENTATION_ITEM()
RATIONAL_B_SPLINE_SURFACE(((1.,0.650866517429807,1.),(1.,0.685899585048324,
1.),(1.,0.741482206758961,1.),(1.,0.765507734207953,1.)))
REPRESENTATION_ITEM('')
SURFACE()
);
#46=(
BOUNDED_SURFACE()
B_SPLINE_SURFACE(3,2,((#10291,#10292,#10293),(#10294,#10295,#10296),(#10297,
#10298,#10299),(#10300,#10301,#10302),(#10303,#10304,#10305)),
 .UNSPECIFIED.,.F.,.F.,.F.)
B_SPLINE_SURFACE_WITH_KNOTS((4,1,4),(3,3),(3.25260651745651E-18,0.000388346438282758,
0.000776692876565513),(0.,1.),.UNSPECIFIED.)
GEOMETRIC_REPRESENTATION_ITEM()
RATIONAL_B_SPLINE_SURFACE(((1.,0.707106781186554,1.),(1.,0.765017887784798,
1.),(1.,0.865817689136629,1.),(1.,0.932814007782561,1.),(1.,0.932814095554645,
1.)))
REPRESENTATION_ITEM('')
SURFACE()
);
#47=(
BOUNDED_SURFACE()
B_SPLINE_SURFACE(3,2,((#10314,#10315,#10316),(#10317,#10318,#10319),(#10320,
#10321,#10322),(#10323,#10324,#10325)),.UNSPECIFIED.,.F.,.F.,.F.)
B_SPLINE_SURFACE_WITH_KNOTS((4,4),(3,3),(-3.52365706057789E-19,0.0006285118163507),
(0.,1.),.PIECEWISE_BEZIER_KNOTS.)
GEOMETRIC_REPRESENTATION_ITEM()
RATIONAL_B_SPLINE_SURFACE(((1.,0.650866517429807,1.),(1.,0.650866551228078,
1.),(1.,0.679180126005073,1.),(1.,0.707106781186551,1.)))
REPRESENTATION_ITEM('')
SURFACE()
);
#48=PLANE('',#5357);
#49=PLANE('',#5358);
#50=PLANE('',#5360);
#51=PLANE('',#5380);
#52=PLANE('',#5387);
#53=PLANE('',#5391);
#54=PLANE('',#5402);
#55=PLANE('',#5403);
#56=PLANE('',#5407);
#57=PLANE('',#5410);
#58=PLANE('',#5411);
#59=PLANE('',#5412);
#60=PLANE('',#5413);
#61=PLANE('',#5414);
#62=PLANE('',#5415);
#63=PLANE('',#5416);
#64=PLANE('',#5425);
#65=PLANE('',#5456);
#66=PLANE('',#5465);
#67=PLANE('',#5466);
#68=PLANE('',#5473);
#69=PLANE('',#5474);
#70=PLANE('',#5475);
#71=PLANE('',#5476);
#72=PLANE('',#5477);
#73=PLANE('',#5478);
#74=PLANE('',#5479);
#75=PLANE('',#5515);
#76=PLANE('',#5524);
#77=PLANE('',#5528);
#78=PLANE('',#5533);
#79=PLANE('',#5534);
#80=PLANE('',#5535);
#81=PLANE('',#5536);
#82=PLANE('',#5537);
#83=PLANE('',#5538);
#84=PLANE('',#5539);
#85=PLANE('',#5548);
#86=PLANE('',#5576);
#87=PLANE('',#5585);
#88=PLANE('',#5586);
#89=PLANE('',#5591);
#90=PLANE('',#5592);
#91=PLANE('',#5593);
#92=PLANE('',#5594);
#93=PLANE('',#5595);
#94=PLANE('',#5596);
#95=PLANE('',#5597);
#96=PLANE('',#5625);
#97=PLANE('',#5626);
#98=PLANE('',#5627);
#99=PLANE('',#5632);
#100=PLANE('',#5634);
#101=PLANE('',#5636);
#102=PLANE('',#5638);
#103=PLANE('',#5643);
#104=PLANE('',#5644);
#105=PLANE('',#5645);
#106=PLANE('',#5649);
#107=PLANE('',#5657);
#108=PLANE('',#5658);
#109=PLANE('',#5690);
#110=PLANE('',#5718);
#111=PLANE('',#5719);
#112=PLANE('',#5720);
#113=PLANE('',#5721);
#114=PLANE('',#5722);
#115=PLANE('',#5723);
#116=PLANE('',#5724);
#117=PLANE('',#5725);
#118=PLANE('',#5726);
#119=PLANE('',#5727);
#120=PLANE('',#5728);
#121=PLANE('',#5729);
#122=PLANE('',#5730);
#123=PLANE('',#5731);
#124=PLANE('',#5732);
#125=PLANE('',#5733);
#126=PLANE('',#5734);
#127=PLANE('',#5735);
#128=PLANE('',#5736);
#129=PLANE('',#5737);
#130=PLANE('',#5738);
#131=PLANE('',#5739);
#132=PLANE('',#5740);
#133=PLANE('',#5741);
#134=PLANE('',#5762);
#135=PLANE('',#5763);
#136=PLANE('',#5764);
#137=PLANE('',#5765);
#138=PLANE('',#5766);
#139=PLANE('',#5767);
#140=PLANE('',#5768);
#141=ELLIPSE('',#5341,0.0264559165294,0.02606);
#142=ELLIPSE('',#5343,0.0264559165294,0.02606);
#143=ELLIPSE('',#5633,0.0262589321833653,0.02586);
#144=ELLIPSE('',#5650,0.0262589321833653,0.02586);
#145=LINE('',#7276,#433);
#146=LINE('',#7280,#434);
#147=LINE('',#7304,#435);
#148=LINE('',#7308,#436);
#149=LINE('',#7324,#437);
#150=LINE('',#7328,#438);
#151=LINE('',#7392,#439);
#152=LINE('',#7396,#440);
#153=LINE('',#7420,#441);
#154=LINE('',#7424,#442);
#155=LINE('',#7484,#443);
#156=LINE('',#7488,#444);
#157=LINE('',#7635,#445);
#158=LINE('',#7649,#446);
#159=LINE('',#7653,#447);
#160=LINE('',#7667,#448);
#161=LINE('',#7673,#449);
#162=LINE('',#7677,#450);
#163=LINE('',#7709,#451);
#164=LINE('',#7725,#452);
#165=LINE('',#7753,#453);
#166=LINE('',#7756,#454);
#167=LINE('',#7758,#455);
#168=LINE('',#7760,#456);
#169=LINE('',#7772,#457);
#170=LINE('',#7784,#458);
#171=LINE('',#7789,#459);
#172=LINE('',#7791,#460);
#173=LINE('',#7793,#461);
#174=LINE('',#7796,#462);
#175=LINE('',#7862,#463);
#176=LINE('',#7874,#464);
#177=LINE('',#7886,#465);
#178=LINE('',#7897,#466);
#179=LINE('',#7904,#467);
#180=LINE('',#7912,#468);
#181=LINE('',#7916,#469);
#182=LINE('',#7917,#470);
#183=LINE('',#7921,#471);
#184=LINE('',#7922,#472);
#185=LINE('',#7925,#473);
#186=LINE('',#7927,#474);
#187=LINE('',#7929,#475);
#188=LINE('',#7931,#476);
#189=LINE('',#7933,#477);
#190=LINE('',#7934,#478);
#191=LINE('',#7937,#479);
#192=LINE('',#7939,#480);
#193=LINE('',#7941,#481);
#194=LINE('',#7943,#482);
#195=LINE('',#7945,#483);
#196=LINE('',#7946,#484);
#197=LINE('',#7949,#485);
#198=LINE('',#7951,#486);
#199=LINE('',#7953,#487);
#200=LINE('',#7955,#488);
#201=LINE('',#7957,#489);
#202=LINE('',#7958,#490);
#203=LINE('',#7961,#491);
#204=LINE('',#7963,#492);
#205=LINE('',#7965,#493);
#206=LINE('',#7967,#494);
#207=LINE('',#7969,#495);
#208=LINE('',#7971,#496);
#209=LINE('',#7973,#497);
#210=LINE('',#7977,#498);
#211=LINE('',#7980,#499);
#212=LINE('',#7981,#500);
#213=LINE('',#7983,#501);
#214=LINE('',#7985,#502);
#215=LINE('',#7993,#503);
#216=LINE('',#7994,#504);
#217=LINE('',#8002,#505);
#218=LINE('',#8006,#506);
#219=LINE('',#8109,#507);
#220=LINE('',#8111,#508);
#221=LINE('',#8113,#509);
#222=LINE('',#8134,#510);
#223=LINE('',#8136,#511);
#224=LINE('',#8138,#512);
#225=LINE('',#8150,#513);
#226=LINE('',#8163,#514);
#227=LINE('',#8178,#515);
#228=LINE('',#8203,#516);
#229=LINE('',#8206,#517);
#230=LINE('',#8207,#518);
#231=LINE('',#8216,#519);
#232=LINE('',#8218,#520);
#233=LINE('',#8220,#521);
#234=LINE('',#8222,#522);
#235=LINE('',#8224,#523);
#236=LINE('',#8226,#524);
#237=LINE('',#8228,#525);
#238=LINE('',#8230,#526);
#239=LINE('',#8232,#527);
#240=LINE('',#8234,#528);
#241=LINE('',#8236,#529);
#242=LINE('',#8238,#530);
#243=LINE('',#8240,#531);
#244=LINE('',#8243,#532);
#245=LINE('',#8245,#533);
#246=LINE('',#8247,#534);
#247=LINE('',#8249,#535);
#248=LINE('',#8251,#536);
#249=LINE('',#8253,#537);
#250=LINE('',#8258,#538);
#251=LINE('',#8261,#539);
#252=LINE('',#8266,#540);
#253=LINE('',#8273,#541);
#254=LINE('',#8274,#542);
#255=LINE('',#8476,#543);
#256=LINE('',#8484,#544);
#257=LINE('',#8494,#545);
#258=LINE('',#8498,#546);
#259=LINE('',#8499,#547);
#260=LINE('',#8501,#548);
#261=LINE('',#8509,#549);
#262=LINE('',#8524,#550);
#263=LINE('',#8537,#551);
#264=LINE('',#8624,#552);
#265=LINE('',#8630,#553);
#266=LINE('',#8632,#554);
#267=LINE('',#8634,#555);
#268=LINE('',#8636,#556);
#269=LINE('',#8638,#557);
#270=LINE('',#8640,#558);
#271=LINE('',#8642,#559);
#272=LINE('',#8644,#560);
#273=LINE('',#8646,#561);
#274=LINE('',#8648,#562);
#275=LINE('',#8650,#563);
#276=LINE('',#8652,#564);
#277=LINE('',#8654,#565);
#278=LINE('',#8656,#566);
#279=LINE('',#8659,#567);
#280=LINE('',#8661,#568);
#281=LINE('',#8663,#569);
#282=LINE('',#8665,#570);
#283=LINE('',#8667,#571);
#284=LINE('',#8872,#572);
#285=LINE('',#8891,#573);
#286=LINE('',#8902,#574);
#287=LINE('',#8913,#575);
#288=LINE('',#8930,#576);
#289=LINE('',#8938,#577);
#290=LINE('',#8948,#578);
#291=LINE('',#8952,#579);
#292=LINE('',#8953,#580);
#293=LINE('',#8978,#581);
#294=LINE('',#8986,#582);
#295=LINE('',#9001,#583);
#296=LINE('',#9014,#584);
#297=LINE('',#9103,#585);
#298=LINE('',#9105,#586);
#299=LINE('',#9107,#587);
#300=LINE('',#9109,#588);
#301=LINE('',#9111,#589);
#302=LINE('',#9113,#590);
#303=LINE('',#9115,#591);
#304=LINE('',#9117,#592);
#305=LINE('',#9119,#593);
#306=LINE('',#9121,#594);
#307=LINE('',#9123,#595);
#308=LINE('',#9125,#596);
#309=LINE('',#9127,#597);
#310=LINE('',#9130,#598);
#311=LINE('',#9132,#599);
#312=LINE('',#9134,#600);
#313=LINE('',#9136,#601);
#314=LINE('',#9138,#602);
#315=LINE('',#9140,#603);
#316=LINE('',#9145,#604);
#317=LINE('',#9148,#605);
#318=LINE('',#9153,#606);
#319=LINE('',#9160,#607);
#320=LINE('',#9161,#608);
#321=LINE('',#9360,#609);
#322=LINE('',#9368,#610);
#323=LINE('',#9374,#611);
#324=LINE('',#9382,#612);
#325=LINE('',#9383,#613);
#326=LINE('',#9385,#614);
#327=LINE('',#9388,#615);
#328=LINE('',#9401,#616);
#329=LINE('',#9416,#617);
#330=LINE('',#9510,#618);
#331=LINE('',#9512,#619);
#332=LINE('',#9514,#620);
#333=LINE('',#9516,#621);
#334=LINE('',#9518,#622);
#335=LINE('',#9520,#623);
#336=LINE('',#9522,#624);
#337=LINE('',#9524,#625);
#338=LINE('',#9526,#626);
#339=LINE('',#9528,#627);
#340=LINE('',#9530,#628);
#341=LINE('',#9532,#629);
#342=LINE('',#9534,#630);
#343=LINE('',#9537,#631);
#344=LINE('',#9539,#632);
#345=LINE('',#9541,#633);
#346=LINE('',#9543,#634);
#347=LINE('',#9545,#635);
#348=LINE('',#9744,#636);
#349=LINE('',#9746,#637);
#350=LINE('',#9748,#638);
#351=LINE('',#9750,#639);
#352=LINE('',#9753,#640);
#353=LINE('',#9760,#641);
#354=LINE('',#9765,#642);
#355=LINE('',#9766,#643);
#356=LINE('',#9767,#644);
#357=LINE('',#9768,#645);
#358=LINE('',#9773,#646);
#359=LINE('',#9778,#647);
#360=LINE('',#9780,#648);
#361=LINE('',#9782,#649);
#362=LINE('',#9785,#650);
#363=LINE('',#9792,#651);
#364=LINE('',#9796,#652);
#365=LINE('',#9798,#653);
#366=LINE('',#9800,#654);
#367=LINE('',#9802,#655);
#368=LINE('',#9807,#656);
#369=LINE('',#9814,#657);
#370=LINE('',#9816,#658);
#371=LINE('',#9818,#659);
#372=LINE('',#9820,#660);
#373=LINE('',#9822,#661);
#374=LINE('',#9825,#662);
#375=LINE('',#9827,#663);
#376=LINE('',#9829,#664);
#377=LINE('',#9847,#665);
#378=LINE('',#9850,#666);
#379=LINE('',#9852,#667);
#380=LINE('',#9854,#668);
#381=LINE('',#9856,#669);
#382=LINE('',#9859,#670);
#383=LINE('',#9861,#671);
#384=LINE('',#9863,#672);
#385=LINE('',#9865,#673);
#386=LINE('',#9874,#674);
#387=LINE('',#9876,#675);
#388=LINE('',#9878,#676);
#389=LINE('',#9880,#677);
#390=LINE('',#9882,#678);
#391=LINE('',#9884,#679);
#392=LINE('',#9886,#680);
#393=LINE('',#9891,#681);
#394=LINE('',#9893,#682);
#395=LINE('',#9901,#683);
#396=LINE('',#9904,#684);
#397=LINE('',#9906,#685);
#398=LINE('',#9908,#686);
#399=LINE('',#9910,#687);
#400=LINE('',#9913,#688);
#401=LINE('',#9915,#689);
#402=LINE('',#9917,#690);
#403=LINE('',#10074,#691);
#404=LINE('',#10075,#692);
#405=LINE('',#10077,#693);
#406=LINE('',#10079,#694);
#407=LINE('',#10081,#695);
#408=LINE('',#10083,#696);
#409=LINE('',#10086,#697);
#410=LINE('',#10087,#698);
#411=LINE('',#10089,#699);
#412=LINE('',#10091,#700);
#413=LINE('',#10093,#701);
#414=LINE('',#10095,#702);
#415=LINE('',#10098,#703);
#416=LINE('',#10099,#704);
#417=LINE('',#10101,#705);
#418=LINE('',#10103,#706);
#419=LINE('',#10105,#707);
#420=LINE('',#10107,#708);
#421=LINE('',#10110,#709);
#422=LINE('',#10111,#710);
#423=LINE('',#10113,#711);
#424=LINE('',#10115,#712);
#425=LINE('',#10117,#713);
#426=LINE('',#10119,#714);
#427=LINE('',#10150,#715);
#428=LINE('',#10152,#716);
#429=LINE('',#10155,#717);
#430=LINE('',#10156,#718);
#431=LINE('',#10158,#719);
#432=LINE('',#10160,#720);
#433=VECTOR('',#5825,1.);
#434=VECTOR('',#5828,1.);
#435=VECTOR('',#5837,1.);
#436=VECTOR('',#5840,1.);
#437=VECTOR('',#5843,1.);
#438=VECTOR('',#5846,1.);
#439=VECTOR('',#5859,1.);
#440=VECTOR('',#5862,1.);
#441=VECTOR('',#5871,1.);
#442=VECTOR('',#5874,1.);
#443=VECTOR('',#5889,1.);
#444=VECTOR('',#5892,1.);
#445=VECTOR('',#6043,1.);
#446=VECTOR('',#6046,1.);
#447=VECTOR('',#6049,1.);
#448=VECTOR('',#6052,1.);
#449=VECTOR('',#6053,1.);
#450=VECTOR('',#6056,1.);
#451=VECTOR('',#6069,1.);
#452=VECTOR('',#6074,1.);
#453=VECTOR('',#6085,1.);
#454=VECTOR('',#6086,1.);
#455=VECTOR('',#6087,1.);
#456=VECTOR('',#6088,1.);
#457=VECTOR('',#6089,1.);
#458=VECTOR('',#6090,1.);
#459=VECTOR('',#6095,1.);
#460=VECTOR('',#6096,1.);
#461=VECTOR('',#6099,1.);
#462=VECTOR('',#6100,1.);
#463=VECTOR('',#6137,1.);
#464=VECTOR('',#6138,1.);
#465=VECTOR('',#6139,1.);
#466=VECTOR('',#6142,1.);
#467=VECTOR('',#6149,1.);
#468=VECTOR('',#6156,1.);
#469=VECTOR('',#6161,1.);
#470=VECTOR('',#6162,1.);
#471=VECTOR('',#6165,1.);
#472=VECTOR('',#6166,1.);
#473=VECTOR('',#6167,1.);
#474=VECTOR('',#6168,1.);
#475=VECTOR('',#6169,1.);
#476=VECTOR('',#6170,1.);
#477=VECTOR('',#6171,1.);
#478=VECTOR('',#6172,1.);
#479=VECTOR('',#6173,1.);
#480=VECTOR('',#6174,1.);
#481=VECTOR('',#6175,1.);
#482=VECTOR('',#6176,1.);
#483=VECTOR('',#6177,1.);
#484=VECTOR('',#6178,1.);
#485=VECTOR('',#6179,1.);
#486=VECTOR('',#6180,1.);
#487=VECTOR('',#6181,1.);
#488=VECTOR('',#6182,1.);
#489=VECTOR('',#6183,1.);
#490=VECTOR('',#6184,1.);
#491=VECTOR('',#6185,1.);
#492=VECTOR('',#6186,1.);
#493=VECTOR('',#6187,1.);
#494=VECTOR('',#6188,1.);
#495=VECTOR('',#6189,1.);
#496=VECTOR('',#6192,1.);
#497=VECTOR('',#6193,1.);
#498=VECTOR('',#6198,1.);
#499=VECTOR('',#6199,1.);
#500=VECTOR('',#6200,1.);
#501=VECTOR('',#6201,1.);
#502=VECTOR('',#6202,1.);
#503=VECTOR('',#6209,1.);
#504=VECTOR('',#6210,1.);
#505=VECTOR('',#6217,1.);
#506=VECTOR('',#6222,1.);
#507=VECTOR('',#6229,1.);
#508=VECTOR('',#6230,1.);
#509=VECTOR('',#6231,1.);
#510=VECTOR('',#6232,1.);
#511=VECTOR('',#6233,1.);
#512=VECTOR('',#6234,1.);
#513=VECTOR('',#6237,1.);
#514=VECTOR('',#6238,1.);
#515=VECTOR('',#6239,1.);
#516=VECTOR('',#6248,1.);
#517=VECTOR('',#6249,1.);
#518=VECTOR('',#6250,1.);
#519=VECTOR('',#6257,1.);
#520=VECTOR('',#6258,1.);
#521=VECTOR('',#6259,1.);
#522=VECTOR('',#6262,1.);
#523=VECTOR('',#6263,1.);
#524=VECTOR('',#6266,1.);
#525=VECTOR('',#6267,1.);
#526=VECTOR('',#6270,1.);
#527=VECTOR('',#6271,1.);
#528=VECTOR('',#6274,1.);
#529=VECTOR('',#6275,1.);
#530=VECTOR('',#6278,1.);
#531=VECTOR('',#6281,1.);
#532=VECTOR('',#6282,1.);
#533=VECTOR('',#6283,1.);
#534=VECTOR('',#6284,1.);
#535=VECTOR('',#6285,1.);
#536=VECTOR('',#6286,1.);
#537=VECTOR('',#6289,1.);
#538=VECTOR('',#6292,1.);
#539=VECTOR('',#6295,1.);
#540=VECTOR('',#6298,1.);
#541=VECTOR('',#6309,1.);
#542=VECTOR('',#6310,1.);
#543=VECTOR('',#6377,1.);
#544=VECTOR('',#6384,1.);
#545=VECTOR('',#6389,1.);
#546=VECTOR('',#6394,1.);
#547=VECTOR('',#6395,1.);
#548=VECTOR('',#6398,1.);
#549=VECTOR('',#6399,1.);
#550=VECTOR('',#6400,1.);
#551=VECTOR('',#6401,1.);
#552=VECTOR('',#6408,1.);
#553=VECTOR('',#6415,1.);
#554=VECTOR('',#6418,1.);
#555=VECTOR('',#6419,1.);
#556=VECTOR('',#6420,1.);
#557=VECTOR('',#6423,1.);
#558=VECTOR('',#6424,1.);
#559=VECTOR('',#6427,1.);
#560=VECTOR('',#6428,1.);
#561=VECTOR('',#6431,1.);
#562=VECTOR('',#6432,1.);
#563=VECTOR('',#6435,1.);
#564=VECTOR('',#6436,1.);
#565=VECTOR('',#6439,1.);
#566=VECTOR('',#6442,1.);
#567=VECTOR('',#6443,1.);
#568=VECTOR('',#6444,1.);
#569=VECTOR('',#6445,1.);
#570=VECTOR('',#6446,1.);
#571=VECTOR('',#6447,1.);
#572=VECTOR('',#6512,1.);
#573=VECTOR('',#6515,1.);
#574=VECTOR('',#6518,1.);
#575=VECTOR('',#6521,1.);
#576=VECTOR('',#6528,1.);
#577=VECTOR('',#6535,1.);
#578=VECTOR('',#6540,1.);
#579=VECTOR('',#6545,1.);
#580=VECTOR('',#6546,1.);
#581=VECTOR('',#6555,1.);
#582=VECTOR('',#6556,1.);
#583=VECTOR('',#6557,1.);
#584=VECTOR('',#6558,1.);
#585=VECTOR('',#6569,1.);
#586=VECTOR('',#6570,1.);
#587=VECTOR('',#6571,1.);
#588=VECTOR('',#6574,1.);
#589=VECTOR('',#6575,1.);
#590=VECTOR('',#6578,1.);
#591=VECTOR('',#6579,1.);
#592=VECTOR('',#6582,1.);
#593=VECTOR('',#6583,1.);
#594=VECTOR('',#6586,1.);
#595=VECTOR('',#6587,1.);
#596=VECTOR('',#6590,1.);
#597=VECTOR('',#6593,1.);
#598=VECTOR('',#6594,1.);
#599=VECTOR('',#6595,1.);
#600=VECTOR('',#6596,1.);
#601=VECTOR('',#6597,1.);
#602=VECTOR('',#6598,1.);
#603=VECTOR('',#6601,1.);
#604=VECTOR('',#6604,1.);
#605=VECTOR('',#6607,1.);
#606=VECTOR('',#6610,1.);
#607=VECTOR('',#6621,1.);
#608=VECTOR('',#6622,1.);
#609=VECTOR('',#6683,1.);
#610=VECTOR('',#6690,1.);
#611=VECTOR('',#6697,1.);
#612=VECTOR('',#6700,1.);
#613=VECTOR('',#6701,1.);
#614=VECTOR('',#6704,1.);
#615=VECTOR('',#6705,1.);
#616=VECTOR('',#6706,1.);
#617=VECTOR('',#6707,1.);
#618=VECTOR('',#6718,1.);
#619=VECTOR('',#6719,1.);
#620=VECTOR('',#6720,1.);
#621=VECTOR('',#6723,1.);
#622=VECTOR('',#6724,1.);
#623=VECTOR('',#6727,1.);
#624=VECTOR('',#6728,1.);
#625=VECTOR('',#6731,1.);
#626=VECTOR('',#6732,1.);
#627=VECTOR('',#6735,1.);
#628=VECTOR('',#6736,1.);
#629=VECTOR('',#6739,1.);
#630=VECTOR('',#6742,1.);
#631=VECTOR('',#6743,1.);
#632=VECTOR('',#6744,1.);
#633=VECTOR('',#6745,1.);
#634=VECTOR('',#6746,1.);
#635=VECTOR('',#6747,1.);
#636=VECTOR('',#6804,1.);
#637=VECTOR('',#6805,1.);
#638=VECTOR('',#6806,1.);
#639=VECTOR('',#6809,1.);
#640=VECTOR('',#6810,1.);
#641=VECTOR('',#6811,1.);
#642=VECTOR('',#6816,1.);
#643=VECTOR('',#6817,1.);
#644=VECTOR('',#6818,1.);
#645=VECTOR('',#6819,1.);
#646=VECTOR('',#6828,1.);
#647=VECTOR('',#6831,1.);
#648=VECTOR('',#6832,1.);
#649=VECTOR('',#6835,1.);
#650=VECTOR('',#6836,1.);
#651=VECTOR('',#6837,1.);
#652=VECTOR('',#6840,1.);
#653=VECTOR('',#6841,1.);
#654=VECTOR('',#6842,1.);
#655=VECTOR('',#6845,1.);
#656=VECTOR('',#6848,1.);
#657=VECTOR('',#6849,1.);
#658=VECTOR('',#6850,1.);
#659=VECTOR('',#6851,1.);
#660=VECTOR('',#6852,1.);
#661=VECTOR('',#6855,1.);
#662=VECTOR('',#6856,1.);
#663=VECTOR('',#6857,1.);
#664=VECTOR('',#6858,1.);
#665=VECTOR('',#6869,1.);
#666=VECTOR('',#6870,1.);
#667=VECTOR('',#6871,1.);
#668=VECTOR('',#6872,1.);
#669=VECTOR('',#6875,1.);
#670=VECTOR('',#6876,1.);
#671=VECTOR('',#6877,1.);
#672=VECTOR('',#6878,1.);
#673=VECTOR('',#6881,1.);
#674=VECTOR('',#6888,1.);
#675=VECTOR('',#6889,1.);
#676=VECTOR('',#6890,1.);
#677=VECTOR('',#6891,1.);
#678=VECTOR('',#6892,1.);
#679=VECTOR('',#6893,1.);
#680=VECTOR('',#6896,1.);
#681=VECTOR('',#6899,1.);
#682=VECTOR('',#6900,1.);
#683=VECTOR('',#6915,1.);
#684=VECTOR('',#6916,1.);
#685=VECTOR('',#6917,1.);
#686=VECTOR('',#6918,1.);
#687=VECTOR('',#6921,1.);
#688=VECTOR('',#6922,1.);
#689=VECTOR('',#6923,1.);
#690=VECTOR('',#6924,1.);
#691=VECTOR('',#7045,1.);
#692=VECTOR('',#7046,1.);
#693=VECTOR('',#7049,1.);
#694=VECTOR('',#7052,1.);
#695=VECTOR('',#7055,1.);
#696=VECTOR('',#7058,1.);
#697=VECTOR('',#7063,1.);
#698=VECTOR('',#7064,1.);
#699=VECTOR('',#7067,1.);
#700=VECTOR('',#7070,1.);
#701=VECTOR('',#7073,1.);
#702=VECTOR('',#7076,1.);
#703=VECTOR('',#7081,1.);
#704=VECTOR('',#7082,1.);
#705=VECTOR('',#7085,1.);
#706=VECTOR('',#7088,1.);
#707=VECTOR('',#7091,1.);
#708=VECTOR('',#7094,1.);
#709=VECTOR('',#7099,1.);
#710=VECTOR('',#7100,1.);
#711=VECTOR('',#7103,1.);
#712=VECTOR('',#7106,1.);
#713=VECTOR('',#7109,1.);
#714=VECTOR('',#7112,1.);
#715=VECTOR('',#7157,1.);
#716=VECTOR('',#7160,1.);
#717=VECTOR('',#7165,1.);
#718=VECTOR('',#7166,1.);
#719=VECTOR('',#7169,1.);
#720=VECTOR('',#7172,1.);
#721=CYLINDRICAL_SURFACE('',#5237,0.003);
#722=CYLINDRICAL_SURFACE('',#5239,0.0005);
#723=CYLINDRICAL_SURFACE('',#5241,0.0015);
#724=CYLINDRICAL_SURFACE('',#5244,0.003);
#725=CYLINDRICAL_SURFACE('',#5246,0.0005);
#726=CYLINDRICAL_SURFACE('',#5251,0.003);
#727=CYLINDRICAL_SURFACE('',#5253,0.0005);
#728=CYLINDRICAL_SURFACE('',#5255,0.0015);
#729=CYLINDRICAL_SURFACE('',#5264,0.003);
#730=CYLINDRICAL_SURFACE('',#5266,0.0005);
#731=CYLINDRICAL_SURFACE('',#5273,0.0004);
#732=CYLINDRICAL_SURFACE('',#5276,0.0005);
#733=CYLINDRICAL_SURFACE('',#5279,0.0004);
#734=CYLINDRICAL_SURFACE('',#5282,0.0005);
#735=CYLINDRICAL_SURFACE('',#5285,0.0004);
#736=CYLINDRICAL_SURFACE('',#5288,0.0005);
#737=CYLINDRICAL_SURFACE('',#5291,0.0004);
#738=CYLINDRICAL_SURFACE('',#5294,0.0005);
#739=CYLINDRICAL_SURFACE('',#5297,0.0005);
#740=CYLINDRICAL_SURFACE('',#5300,0.0006);
#741=CYLINDRICAL_SURFACE('',#5303,0.0004);
#742=CYLINDRICAL_SURFACE('',#5306,0.0005);
#743=CYLINDRICAL_SURFACE('',#5309,0.0004);
#744=CYLINDRICAL_SURFACE('',#5312,0.0005);
#745=CYLINDRICAL_SURFACE('',#5315,0.0004);
#746=CYLINDRICAL_SURFACE('',#5318,0.0005);
#747=CYLINDRICAL_SURFACE('',#5321,0.0004);
#748=CYLINDRICAL_SURFACE('',#5324,0.0004);
#749=CYLINDRICAL_SURFACE('',#5327,0.0004);
#750=CYLINDRICAL_SURFACE('',#5330,0.0004);
#751=CYLINDRICAL_SURFACE('',#5333,0.0004);
#752=CYLINDRICAL_SURFACE('',#5340,0.02606);
#753=CYLINDRICAL_SURFACE('',#5362,0.0005);
#754=CYLINDRICAL_SURFACE('',#5364,0.0005);
#755=CYLINDRICAL_SURFACE('',#5377,0.0375133309638054);
#756=CYLINDRICAL_SURFACE('',#5389,0.0275);
#757=CYLINDRICAL_SURFACE('',#5398,0.005);
#758=CYLINDRICAL_SURFACE('',#5404,0.03);
#759=CYLINDRICAL_SURFACE('',#5408,0.003);
#760=CYLINDRICAL_SURFACE('',#5417,0.0045);
#761=CYLINDRICAL_SURFACE('',#5422,0.0005);
#762=CYLINDRICAL_SURFACE('',#5428,0.001);
#763=CYLINDRICAL_SURFACE('',#5431,0.001);
#764=CYLINDRICAL_SURFACE('',#5439,0.001);
#765=CYLINDRICAL_SURFACE('',#5442,0.0005);
#766=CYLINDRICAL_SURFACE('',#5450,0.0005);
#767=CYLINDRICAL_SURFACE('',#5463,0.003);
#768=CYLINDRICAL_SURFACE('',#5469,0.005);
#769=CYLINDRICAL_SURFACE('',#5471,0.0275);
#770=CYLINDRICAL_SURFACE('',#5482,0.001);
#771=CYLINDRICAL_SURFACE('',#5485,0.001);
#772=CYLINDRICAL_SURFACE('',#5493,0.001);
#773=CYLINDRICAL_SURFACE('',#5496,0.0005);
#774=CYLINDRICAL_SURFACE('',#5504,0.0005);
#775=CYLINDRICAL_SURFACE('',#5510,0.0375133309638054);
#776=CYLINDRICAL_SURFACE('',#5522,0.003);
#777=CYLINDRICAL_SURFACE('',#5525,0.03);
#778=CYLINDRICAL_SURFACE('',#5531,0.005);
#779=CYLINDRICAL_SURFACE('',#5540,0.0045);
#780=CYLINDRICAL_SURFACE('',#5545,0.0005);
#781=CYLINDRICAL_SURFACE('',#5551,0.001);
#782=CYLINDRICAL_SURFACE('',#5554,0.001);
#783=CYLINDRICAL_SURFACE('',#5559,0.001);
#784=CYLINDRICAL_SURFACE('',#5562,0.0005);
#785=CYLINDRICAL_SURFACE('',#5570,0.0005);
#786=CYLINDRICAL_SURFACE('',#5583,0.003);
#787=CYLINDRICAL_SURFACE('',#5589,0.005);
#788=CYLINDRICAL_SURFACE('',#5600,0.001);
#789=CYLINDRICAL_SURFACE('',#5603,0.001);
#790=CYLINDRICAL_SURFACE('',#5608,0.001);
#791=CYLINDRICAL_SURFACE('',#5611,0.0005);
#792=CYLINDRICAL_SURFACE('',#5619,0.0005);
#793=CYLINDRICAL_SURFACE('',#5639,0.0002);
#794=CYLINDRICAL_SURFACE('',#5641,0.0002);
#795=CYLINDRICAL_SURFACE('',#5651,0.0002);
#796=CYLINDRICAL_SURFACE('',#5654,0.0002);
#797=CYLINDRICAL_SURFACE('',#5659,0.0002);
#798=CYLINDRICAL_SURFACE('',#5662,0.0002);
#799=CYLINDRICAL_SURFACE('',#5665,0.0002);
#800=CYLINDRICAL_SURFACE('',#5669,0.0002);
#801=CYLINDRICAL_SURFACE('',#5673,0.0002);
#802=CYLINDRICAL_SURFACE('',#5677,0.0002);
#803=CYLINDRICAL_SURFACE('',#5681,0.0002);
#804=CYLINDRICAL_SURFACE('',#5685,0.0002);
#805=CYLINDRICAL_SURFACE('',#5689,0.0002);
#806=CYLINDRICAL_SURFACE('',#5691,0.0005);
#807=CYLINDRICAL_SURFACE('',#5696,0.000500009478741872);
#808=CYLINDRICAL_SURFACE('',#5697,0.000500009478743876);
#809=CYLINDRICAL_SURFACE('',#5705,0.0005);
#810=CYLINDRICAL_SURFACE('',#5706,0.0005);
#811=CYLINDRICAL_SURFACE('',#5712,0.0005);
#812=CYLINDRICAL_SURFACE('',#5713,0.000499999837417114);
#813=CYLINDRICAL_SURFACE('',#5714,0.00049999983741696);
#814=CYLINDRICAL_SURFACE('',#5715,0.0005);
#815=CYLINDRICAL_SURFACE('',#5742,0.0002);
#816=CYLINDRICAL_SURFACE('',#5746,0.0002);
#817=CYLINDRICAL_SURFACE('',#5750,0.0002);
#818=CYLINDRICAL_SURFACE('',#5752,0.0002);
#819=CYLINDRICAL_SURFACE('',#5757,0.0002);
#820=CYLINDRICAL_SURFACE('',#5761,0.0002);
#821=CYLINDRICAL_SURFACE('',#5772,0.0002);
#822=CYLINDRICAL_SURFACE('',#5777,0.0002);
#823=CYLINDRICAL_SURFACE('',#5784,0.0002);
#824=CYLINDRICAL_SURFACE('',#5785,0.0002);
#825=CYLINDRICAL_SURFACE('',#5792,0.0002);
#826=CYLINDRICAL_SURFACE('',#5796,0.0002);
#827=CYLINDRICAL_SURFACE('',#5800,0.0002);
#828=CONICAL_SURFACE('',#5236,0.0075,0.78539816339745);
#829=CONICAL_SURFACE('',#5349,0.02506,0.78539816339745);
#830=CONICAL_SURFACE('',#5352,0.02506,0.78539816339745);
#831=CONICAL_SURFACE('',#5629,0.00610857864376269,0.785398163397448);
#832=B_SPLINE_CURVE_WITH_KNOTS('',3,(#7256,#7257,#7258,#7259),
 .UNSPECIFIED.,.F.,.F.,(4,4),(0.,1.),.UNSPECIFIED.);
#833=B_SPLINE_CURVE_WITH_KNOTS('',3,(#7262,#7263,#7264,#7265),
 .UNSPECIFIED.,.F.,.F.,(4,4),(0.,1.),.UNSPECIFIED.);
#834=B_SPLINE_CURVE_WITH_KNOTS('',3,(#7268,#7269,#7270,#7271,#7272,#7273,
#7274),.UNSPECIFIED.,.F.,.F.,(4,1,1,1,4),(4.71238898038469,5.10508806208342,
5.49778714378214,5.89048622548087,6.28318530717959),.UNSPECIFIED.);
#835=B_SPLINE_CURVE_WITH_KNOTS('',3,(#7284,#7285,#7286,#7287,#7288,#7289,
#7290),.UNSPECIFIED.,.F.,.F.,(4,1,1,1,4),(1.5707963267949,2.35619449019234,
3.14159265358979,3.92699081698724,4.71238898038469),.UNSPECIFIED.);
#836=B_SPLINE_CURVE_WITH_KNOTS('',3,(#7293,#7294,#7295,#7296,#7297,#7298,
#7299),.UNSPECIFIED.,.F.,.F.,(4,1,1,1,4),(4.71238898038469,5.49778714378214,
6.28318530717958,7.06858347057703,7.85398163397448),.UNSPECIFIED.);
#837=B_SPLINE_CURVE_WITH_KNOTS('',3,(#7310,#7311,#7312,#7313,#7314,#7315,
#7316),.UNSPECIFIED.,.F.,.F.,(4,1,1,1,4),(4.71238898038469,5.10508806208342,
5.49778714378214,5.89048622548087,6.28318530717959),.UNSPECIFIED.);
#838=B_SPLINE_CURVE_WITH_KNOTS('',3,(#7319,#7320,#7321,#7322),
 .UNSPECIFIED.,.F.,.F.,(4,4),(0.,1.),.UNSPECIFIED.);
#839=B_SPLINE_CURVE_WITH_KNOTS('',3,(#7332,#7333,#7334,#7335,#7336,#7337,
#7338),.UNSPECIFIED.,.F.,.F.,(4,1,1,1,4),(4.71238898038469,5.49778714378214,
6.28318530717958,7.06858347057703,7.85398163397448),.UNSPECIFIED.);
#840=B_SPLINE_CURVE_WITH_KNOTS('',3,(#7341,#7342,#7343,#7344,#7345,#7346,
#7347),.UNSPECIFIED.,.F.,.F.,(4,1,1,1,4),(1.5707963267949,2.35619449019234,
3.14159265358979,3.92699081698724,4.71238898038469),.UNSPECIFIED.);
#841=B_SPLINE_CURVE_WITH_KNOTS('',3,(#7352,#7353,#7354,#7355),
 .UNSPECIFIED.,.F.,.F.,(4,4),(8.67361737988404E-19,0.000687638985333458),
 .UNSPECIFIED.);
#842=B_SPLINE_CURVE_WITH_KNOTS('',3,(#7357,#7358,#7359,#7360,#7361,#7362),
 .UNSPECIFIED.,.F.,.F.,(4,1,1,4),(0.,0.000699779611337666,0.00139955922267533,
0.00279911844535066),.UNSPECIFIED.);
#843=B_SPLINE_CURVE_WITH_KNOTS('',3,(#7366,#7367,#7368,#7369,#7370,#7371),
 .UNSPECIFIED.,.F.,.F.,(4,1,1,4),(0.,0.00139955922267533,0.002099338834013,
0.00279911844535066),.UNSPECIFIED.);
#844=B_SPLINE_CURVE_WITH_KNOTS('',3,(#7373,#7374,#7375,#7376),
 .UNSPECIFIED.,.F.,.F.,(4,4),(8.67361737988404E-19,0.000687638985333458),
 .UNSPECIFIED.);
#845=B_SPLINE_CURVE_WITH_KNOTS('',3,(#7378,#7379,#7380,#7381,#7382,#7383,
#7384),.UNSPECIFIED.,.F.,.F.,(4,1,1,1,4),(4.71238898038469,5.10508806208342,
5.49778714378214,5.89048622548087,6.28318530717959),.UNSPECIFIED.);
#846=B_SPLINE_CURVE_WITH_KNOTS('',3,(#7387,#7388,#7389,#7390),
 .UNSPECIFIED.,.F.,.F.,(4,4),(0.,1.),.UNSPECIFIED.);
#847=B_SPLINE_CURVE_WITH_KNOTS('',3,(#7400,#7401,#7402,#7403,#7404,#7405,
#7406),.UNSPECIFIED.,.F.,.F.,(4,1,1,1,4),(4.71238898038469,5.49778714378214,
6.28318530717958,7.06858347057703,7.85398163397448),.UNSPECIFIED.);
#848=B_SPLINE_CURVE_WITH_KNOTS('',3,(#7409,#7410,#7411,#7412,#7413,#7414,
#7415),.UNSPECIFIED.,.F.,.F.,(4,1,1,1,4),(1.5707963267949,2.35619449019234,
3.14159265358979,3.92699081698724,4.71238898038469),.UNSPECIFIED.);
#849=B_SPLINE_CURVE_WITH_KNOTS('',3,(#7429,#7430,#7431,#7432),
 .UNSPECIFIED.,.F.,.F.,(4,4),(0.,0.00032207537820574),.UNSPECIFIED.);
#850=B_SPLINE_CURVE_WITH_KNOTS('',3,(#7436,#7437,#7438,#7439),
 .UNSPECIFIED.,.F.,.F.,(4,4),(0.,0.000319537171273623),.UNSPECIFIED.);
#851=B_SPLINE_CURVE_WITH_KNOTS('',3,(#7444,#7445,#7446,#7447),
 .UNSPECIFIED.,.F.,.F.,(4,4),(8.67361737988404E-19,0.000687638985333458),
 .UNSPECIFIED.);
#852=B_SPLINE_CURVE_WITH_KNOTS('',3,(#7449,#7450,#7451,#7452,#7453,#7454),
 .UNSPECIFIED.,.F.,.F.,(4,1,1,4),(0.,0.000699779611337666,0.00139955922267533,
0.00279911844535066),.UNSPECIFIED.);
#853=B_SPLINE_CURVE_WITH_KNOTS('',3,(#7458,#7459,#7460,#7461,#7462,#7463),
 .UNSPECIFIED.,.F.,.F.,(4,1,1,4),(0.,0.00139955922267533,0.002099338834013,
0.00279911844535066),.UNSPECIFIED.);
#854=B_SPLINE_CURVE_WITH_KNOTS('',3,(#7465,#7466,#7467,#7468),
 .UNSPECIFIED.,.F.,.F.,(4,4),(8.67361737988404E-19,0.000687638985333458),
 .UNSPECIFIED.);
#855=B_SPLINE_CURVE_WITH_KNOTS('',3,(#7470,#7471,#7472,#7473),
 .UNSPECIFIED.,.F.,.F.,(4,4),(0.,1.),.UNSPECIFIED.);
#856=B_SPLINE_CURVE_WITH_KNOTS('',3,(#7476,#7477,#7478,#7479,#7480,#7481,
#7482),.UNSPECIFIED.,.F.,.F.,(4,1,1,1,4),(4.71238898038469,5.10508806208342,
5.49778714378214,5.89048622548087,6.28318530717959),.UNSPECIFIED.);
#857=B_SPLINE_CURVE_WITH_KNOTS('',3,(#7492,#7493,#7494,#7495,#7496,#7497,
#7498),.UNSPECIFIED.,.F.,.F.,(4,1,1,1,4),(1.5707963267949,2.35619449019234,
3.14159265358979,3.92699081698724,4.71238898038469),.UNSPECIFIED.);
#858=B_SPLINE_CURVE_WITH_KNOTS('',3,(#7501,#7502,#7503,#7504,#7505,#7506,
#7507),.UNSPECIFIED.,.F.,.F.,(4,1,1,1,4),(4.71238898038469,5.49778714378214,
6.28318530717958,7.06858347057703,7.85398163397448),.UNSPECIFIED.);
#859=B_SPLINE_CURVE_WITH_KNOTS('',3,(#7630,#7631,#7632,#7633),
 .UNSPECIFIED.,.F.,.F.,(4,4),(0.,0.000391193510487007),.UNSPECIFIED.);
#860=B_SPLINE_CURVE_WITH_KNOTS('',3,(#7637,#7638,#7639,#7640),
 .UNSPECIFIED.,.F.,.F.,(4,4),(0.,0.000640610731577262),.UNSPECIFIED.);
#861=B_SPLINE_CURVE_WITH_KNOTS('',3,(#7644,#7645,#7646,#7647),
 .UNSPECIFIED.,.F.,.F.,(4,4),(0.,0.000630821257464949),.UNSPECIFIED.);
#862=B_SPLINE_CURVE_WITH_KNOTS('',3,(#7655,#7656,#7657,#7658),
 .UNSPECIFIED.,.F.,.F.,(4,4),(0.,0.000634841696532339),.UNSPECIFIED.);
#863=B_SPLINE_CURVE_WITH_KNOTS('',3,(#7662,#7663,#7664,#7665),
 .UNSPECIFIED.,.F.,.F.,(4,4),(0.,0.000647036454967933),.UNSPECIFIED.);
#864=B_SPLINE_CURVE_WITH_KNOTS('',3,(#7668,#7669,#7670,#7671),
 .UNSPECIFIED.,.F.,.F.,(4,4),(3.83955715546157,3.85762682522274),
 .UNSPECIFIED.);
#865=B_SPLINE_CURVE_WITH_KNOTS('',3,(#7681,#7682,#7683,#7684),
 .UNSPECIFIED.,.F.,.F.,(4,4),(2.42555848195564,2.44362811059897),
 .UNSPECIFIED.);
#866=B_SPLINE_CURVE_WITH_KNOTS('',3,(#7686,#7687,#7688,#7689),
 .UNSPECIFIED.,.F.,.F.,(4,4),(0.,0.00119743967258532),.UNSPECIFIED.);
#867=B_SPLINE_CURVE_WITH_KNOTS('',3,(#7697,#7698,#7699,#7700),
 .UNSPECIFIED.,.F.,.F.,(4,4),(0.,0.00121115034200834),.UNSPECIFIED.);
#868=B_SPLINE_CURVE_WITH_KNOTS('',3,(#7702,#7703,#7704,#7705),
 .UNSPECIFIED.,.F.,.F.,(4,4),(0.,1.),.UNSPECIFIED.);
#869=B_SPLINE_CURVE_WITH_KNOTS('',3,(#7713,#7714,#7715,#7716,#7717,#7718),
 .UNSPECIFIED.,.F.,.F.,(4,1,1,4),(0.,0.25,0.5,1.),.UNSPECIFIED.);
#870=B_SPLINE_CURVE_WITH_KNOTS('',3,(#7720,#7721,#7722,#7723),
 .UNSPECIFIED.,.F.,.F.,(4,4),(0.,1.),.UNSPECIFIED.);
#871=B_SPLINE_CURVE_WITH_KNOTS('',3,(#7727,#7728,#7729,#7730),
 .UNSPECIFIED.,.F.,.F.,(4,4),(0.,1.),.UNSPECIFIED.);
#872=B_SPLINE_CURVE_WITH_KNOTS('',3,(#7733,#7734,#7735,#7736),
 .UNSPECIFIED.,.F.,.F.,(4,4),(0.,1.),.UNSPECIFIED.);
#873=B_SPLINE_CURVE_WITH_KNOTS('',3,(#7738,#7739,#7740,#7741,#7742,#7743),
 .UNSPECIFIED.,.F.,.F.,(4,1,1,4),(0.,0.5,0.75,1.),.UNSPECIFIED.);
#874=B_SPLINE_CURVE_WITH_KNOTS('',3,(#7747,#7748,#7749,#7750),
 .UNSPECIFIED.,.F.,.F.,(4,4),(7.58941520739853E-19,0.000391246332709824),
 .UNSPECIFIED.);
#875=B_SPLINE_CURVE_WITH_KNOTS('',3,(#7762,#7763,#7764,#7765),
 .UNSPECIFIED.,.F.,.F.,(4,4),(3.83955715546157,3.85762679446623),
 .UNSPECIFIED.);
#876=B_SPLINE_CURVE_WITH_KNOTS('',3,(#7767,#7768,#7769,#7770),
 .UNSPECIFIED.,.F.,.F.,(4,4),(5.42101086242752E-19,0.00103494727843089),
 .UNSPECIFIED.);
#877=B_SPLINE_CURVE_WITH_KNOTS('',3,(#7774,#7775,#7776,#7777),
 .UNSPECIFIED.,.F.,.F.,(4,4),(0.,0.00103494723887589),.UNSPECIFIED.);
#878=B_SPLINE_CURVE_WITH_KNOTS('',3,(#7779,#7780,#7781,#7782),
 .UNSPECIFIED.,.F.,.F.,(4,4),(2.42555848195564,2.44362812087766),
 .UNSPECIFIED.);
#879=B_SPLINE_CURVE_WITH_KNOTS('',3,(#7801,#7802,#7803,#7804),
 .UNSPECIFIED.,.F.,.F.,(4,4),(0.,0.000963331652353599),.UNSPECIFIED.);
#880=B_SPLINE_CURVE_WITH_KNOTS('',3,(#7807,#7808,#7809,#7810),
 .UNSPECIFIED.,.F.,.F.,(4,4),(0.,0.000966377093689153),.UNSPECIFIED.);
#881=B_SPLINE_CURVE_WITH_KNOTS('',3,(#7812,#7813,#7814,#7815),
 .UNSPECIFIED.,.F.,.F.,(4,4),(0.,0.000785883514990001),.UNSPECIFIED.);
#882=B_SPLINE_CURVE_WITH_KNOTS('',3,(#7818,#7819,#7820,#7821),
 .UNSPECIFIED.,.F.,.F.,(4,4),(8.02309607639273E-18,0.000785877418960988),
 .UNSPECIFIED.);
#883=B_SPLINE_CURVE_WITH_KNOTS('',3,(#7824,#7825,#7826,#7827),
 .UNSPECIFIED.,.F.,.F.,(4,4),(0.,0.000394326270926035),.UNSPECIFIED.);
#884=B_SPLINE_CURVE_WITH_KNOTS('',3,(#7829,#7830,#7831,#7832),
 .UNSPECIFIED.,.F.,.F.,(4,4),(44.9999999999994,90.),.UNSPECIFIED.);
#885=B_SPLINE_CURVE_WITH_KNOTS('',3,(#7836,#7837,#7838,#7839),
 .UNSPECIFIED.,.F.,.F.,(4,4),(0.,0.000394384899389304),.UNSPECIFIED.);
#886=B_SPLINE_CURVE_WITH_KNOTS('',3,(#7843,#7844,#7845,#7846),
 .UNSPECIFIED.,.F.,.F.,(4,4),(90.,135.),.UNSPECIFIED.);
#887=B_SPLINE_CURVE_WITH_KNOTS('',3,(#7852,#7853,#7854,#7855,#7856,#7857),
 .UNSPECIFIED.,.F.,.F.,(4,1,1,4),(0.,0.00052160982253762,0.00104321964507524,
0.00208643929015048),.UNSPECIFIED.);
#888=B_SPLINE_CURVE_WITH_KNOTS('',3,(#7864,#7865,#7866,#7867),
 .UNSPECIFIED.,.F.,.F.,(4,4),(1.36655922175857,1.54412525820867),
 .UNSPECIFIED.);
#889=B_SPLINE_CURVE_WITH_KNOTS('',3,(#7869,#7870,#7871,#7872),
 .UNSPECIFIED.,.F.,.F.,(4,4),(0.,4.64881354385597E-6),.UNSPECIFIED.);
#890=B_SPLINE_CURVE_WITH_KNOTS('',3,(#7876,#7877,#7878,#7879),
 .UNSPECIFIED.,.F.,.F.,(4,4),(0.,4.64881354385597E-6),.UNSPECIFIED.);
#891=B_SPLINE_CURVE_WITH_KNOTS('',3,(#7881,#7882,#7883,#7884),
 .UNSPECIFIED.,.F.,.F.,(4,4),(1.36655922175857,1.54412525820867),
 .UNSPECIFIED.);
#892=B_SPLINE_CURVE_WITH_KNOTS('',3,(#7890,#7891,#7892,#7893,#7894,#7895),
 .UNSPECIFIED.,.F.,.F.,(4,1,1,4),(0.,0.00104321964507524,0.00156482946761286,
0.00208643929015048),.UNSPECIFIED.);
#893=B_SPLINE_CURVE_WITH_KNOTS('',3,(#8027,#8028,#8029,#8030),
 .UNSPECIFIED.,.F.,.F.,(4,4),(0.00107496157186894,0.00209628105824776),
 .UNSPECIFIED.);
#894=B_SPLINE_CURVE_WITH_KNOTS('',3,(#8032,#8033,#8034,#8035),
 .UNSPECIFIED.,.F.,.F.,(4,4),(0.,0.00207653741086091),.UNSPECIFIED.);
#895=B_SPLINE_CURVE_WITH_KNOTS('',3,(#8092,#8093,#8094,#8095,#8096,#8097),
 .UNSPECIFIED.,.F.,.F.,(4,1,1,4),(2.92469439293469E-17,0.000775048043909516,
0.001550096087819,0.00310019217563797),.UNSPECIFIED.);
#896=B_SPLINE_CURVE_WITH_KNOTS('',3,(#8099,#8100,#8101,#8102),
 .UNSPECIFIED.,.F.,.F.,(4,4),(-1.54919333848766E-5,0.00262474742012786),
 .UNSPECIFIED.);
#897=B_SPLINE_CURVE_WITH_KNOTS('',3,(#8104,#8105,#8106,#8107),
 .UNSPECIFIED.,.F.,.F.,(4,4),(0.,0.00238473296024297),.UNSPECIFIED.);
#898=B_SPLINE_CURVE_WITH_KNOTS('',3,(#8115,#8116,#8117,#8118),
 .UNSPECIFIED.,.F.,.F.,(4,4),(0.,0.00238473296024297),.UNSPECIFIED.);
#899=B_SPLINE_CURVE_WITH_KNOTS('',3,(#8120,#8121,#8122,#8123),
 .UNSPECIFIED.,.F.,.F.,(4,4),(-1.54919333848766E-5,0.00262475242492822),
 .UNSPECIFIED.);
#900=B_SPLINE_CURVE_WITH_KNOTS('',3,(#8124,#8125,#8126,#8127),
 .UNSPECIFIED.,.F.,.F.,(4,4),(-1.54919333848766E-5,0.00262475242492822),
 .UNSPECIFIED.);
#901=B_SPLINE_CURVE_WITH_KNOTS('',3,(#8129,#8130,#8131,#8132),
 .UNSPECIFIED.,.F.,.F.,(4,4),(0.,0.00238473296024297),.UNSPECIFIED.);
#902=B_SPLINE_CURVE_WITH_KNOTS('',3,(#8140,#8141,#8142,#8143),
 .UNSPECIFIED.,.F.,.F.,(4,4),(0.,0.00238473296024297),.UNSPECIFIED.);
#903=B_SPLINE_CURVE_WITH_KNOTS('',3,(#8145,#8146,#8147,#8148),
 .UNSPECIFIED.,.F.,.F.,(4,4),(-1.54919333848766E-5,0.00262475242492822),
 .UNSPECIFIED.);
#904=B_SPLINE_CURVE_WITH_KNOTS('',3,(#8152,#8153,#8154,#8155),
 .UNSPECIFIED.,.F.,.F.,(4,4),(4.73941196163295,4.91662608542102),
 .UNSPECIFIED.);
#905=B_SPLINE_CURVE_WITH_KNOTS('',3,(#8157,#8158,#8159,#8160,#8161),
 .UNSPECIFIED.,.F.,.F.,(4,1,4),(4.91662608542102,5.59990569630031,6.28318530717959),
 .UNSPECIFIED.);
#906=B_SPLINE_CURVE_WITH_KNOTS('',3,(#8165,#8166,#8167,#8168,#8169,#8170,
#8171),.UNSPECIFIED.,.F.,.F.,(4,1,1,1,4),(0.,0.446135346251661,0.892270692503322,
1.33840603875498,1.78454138500664),.UNSPECIFIED.);
#907=B_SPLINE_CURVE_WITH_KNOTS('',3,(#8173,#8174,#8175,#8176),
 .UNSPECIFIED.,.F.,.F.,(4,4),(8.82094074251248E-16,1.),.UNSPECIFIED.);
#908=B_SPLINE_CURVE_WITH_KNOTS('',3,(#8182,#8183,#8184,#8185,#8186),
 .UNSPECIFIED.,.F.,.F.,(4,1,4),(0.,0.000999437768262252,0.0019988755365245),
 .UNSPECIFIED.);
#909=B_SPLINE_CURVE_WITH_KNOTS('',3,(#8187,#8188,#8189,#8190,#8191),
 .UNSPECIFIED.,.F.,.F.,(4,1,4),(0.,0.000999437768262252,0.0019988755365245),
 .UNSPECIFIED.);
#910=B_SPLINE_CURVE_WITH_KNOTS('',3,(#8194,#8195,#8196,#8197),
 .UNSPECIFIED.,.F.,.F.,(4,4),(4.71238898038469,4.92613403859644),
 .UNSPECIFIED.);
#911=B_SPLINE_CURVE_WITH_KNOTS('',3,(#8198,#8199,#8200,#8201),
 .UNSPECIFIED.,.F.,.F.,(4,4),(4.71238898038469,4.92613403859644),
 .UNSPECIFIED.);
#912=B_SPLINE_CURVE_WITH_KNOTS('',3,(#8210,#8211,#8212,#8213,#8214),
 .UNSPECIFIED.,.F.,.F.,(4,1,4),(5.42101086242752E-17,0.683279610879285,
1.36655922175857),.UNSPECIFIED.);
#913=B_SPLINE_CURVE_WITH_KNOTS('',3,(#8338,#8339,#8340,#8341,#8342),
 .UNSPECIFIED.,.F.,.F.,(4,1,4),(270.,315.,360.),.UNSPECIFIED.);
#914=B_SPLINE_CURVE_WITH_KNOTS('',3,(#8344,#8345,#8346,#8347,#8348),
 .UNSPECIFIED.,.F.,.F.,(4,1,4),(0.,0.5,1.),.UNSPECIFIED.);
#915=B_SPLINE_CURVE_WITH_KNOTS('',3,(#8350,#8351,#8352,#8353),
 .UNSPECIFIED.,.F.,.F.,(4,4),(90.,170.),.UNSPECIFIED.);
#916=B_SPLINE_CURVE_WITH_KNOTS('',3,(#8355,#8356,#8357,#8358),
 .UNSPECIFIED.,.F.,.F.,(4,4),(90.,170.),.UNSPECIFIED.);
#917=B_SPLINE_CURVE_WITH_KNOTS('',3,(#8363,#8364,#8365,#8366,#8367),
 .UNSPECIFIED.,.F.,.F.,(4,1,4),(0.,0.5,1.),.UNSPECIFIED.);
#918=B_SPLINE_CURVE_WITH_KNOTS('',3,(#8371,#8372,#8373,#8374,#8375),
 .UNSPECIFIED.,.F.,.F.,(4,1,4),(0.,0.00077888962220668,0.00155777924441336),
 .UNSPECIFIED.);
#919=B_SPLINE_CURVE_WITH_KNOTS('',3,(#8378,#8379,#8380,#8381,#8382,#8383),
 .UNSPECIFIED.,.F.,.F.,(4,1,1,4),(0.,0.000735958942805193,0.00110393841420779,
0.00147191788561039),.UNSPECIFIED.);
#920=B_SPLINE_CURVE_WITH_KNOTS('',3,(#8388,#8389,#8390,#8391,#8392),
 .UNSPECIFIED.,.F.,.F.,(4,1,4),(-7.82119391217383E-6,0.000919736714751321,
0.00184729462341482),.UNSPECIFIED.);
#921=B_SPLINE_CURVE_WITH_KNOTS('',3,(#8488,#8489,#8490,#8491,#8492),
 .UNSPECIFIED.,.F.,.F.,(4,1,4),(5.42101086242752E-17,0.683279610879285,
1.36655922175857),.UNSPECIFIED.);
#922=B_SPLINE_CURVE_WITH_KNOTS('',3,(#8504,#8505,#8506,#8507),
 .UNSPECIFIED.,.F.,.F.,(4,4),(0.00107496157186894,0.00209628105824776),
 .UNSPECIFIED.);
#923=B_SPLINE_CURVE_WITH_KNOTS('',3,(#8511,#8512,#8513,#8514),
 .UNSPECIFIED.,.F.,.F.,(4,4),(0.,0.999999605173815),.UNSPECIFIED.);
#924=B_SPLINE_CURVE_WITH_KNOTS('',3,(#8516,#8517,#8518,#8519,#8520,#8521,
#8522),.UNSPECIFIED.,.F.,.F.,(4,1,1,1,4),(0.,0.446135346251661,0.892270692503322,
1.33840603875498,1.78454138500664),.UNSPECIFIED.);
#925=B_SPLINE_CURVE_WITH_KNOTS('',3,(#8526,#8527,#8528,#8529,#8530),
 .UNSPECIFIED.,.F.,.F.,(4,1,4),(4.91662608542102,5.59990569630031,6.28318530717959),
 .UNSPECIFIED.);
#926=B_SPLINE_CURVE_WITH_KNOTS('',3,(#8532,#8533,#8534,#8535),
 .UNSPECIFIED.,.F.,.F.,(4,4),(4.73941196163295,4.91662608542102),
 .UNSPECIFIED.);
#927=B_SPLINE_CURVE_WITH_KNOTS('',3,(#8594,#8595,#8596,#8597,#8598,#8599),
 .UNSPECIFIED.,.F.,.F.,(4,1,1,4),(2.92469439293469E-17,0.001550096087819,
0.00232514413172849,0.00310019217563797),.UNSPECIFIED.);
#928=B_SPLINE_CURVE_WITH_KNOTS('',3,(#8619,#8620,#8621,#8622),
 .UNSPECIFIED.,.F.,.F.,(4,4),(0.,0.00207653741086091),.UNSPECIFIED.);
#929=B_SPLINE_CURVE_WITH_KNOTS('',3,(#8731,#8732,#8733,#8734,#8735),
 .UNSPECIFIED.,.F.,.F.,(4,1,4),(270.,315.000000000064,360.000000000127),
 .UNSPECIFIED.);
#930=B_SPLINE_CURVE_WITH_KNOTS('',3,(#8737,#8738,#8739,#8740,#8741),
 .UNSPECIFIED.,.F.,.F.,(4,1,4),(0.,0.5,1.),.UNSPECIFIED.);
#931=B_SPLINE_CURVE_WITH_KNOTS('',3,(#8743,#8744,#8745,#8746),
 .UNSPECIFIED.,.F.,.F.,(4,4),(90.,170.),.UNSPECIFIED.);
#932=B_SPLINE_CURVE_WITH_KNOTS('',3,(#8748,#8749,#8750,#8751),
 .UNSPECIFIED.,.F.,.F.,(4,4),(90.,170.),.UNSPECIFIED.);
#933=B_SPLINE_CURVE_WITH_KNOTS('',3,(#8756,#8757,#8758,#8759,#8760),
 .UNSPECIFIED.,.F.,.F.,(4,1,4),(0.,0.5,1.),.UNSPECIFIED.);
#934=B_SPLINE_CURVE_WITH_KNOTS('',3,(#8764,#8765,#8766,#8767,#8768),
 .UNSPECIFIED.,.F.,.F.,(4,1,4),(0.,0.000778889191129708,0.00155777838225942),
 .UNSPECIFIED.);
#935=B_SPLINE_CURVE_WITH_KNOTS('',3,(#8772,#8773,#8774,#8775,#8776,#8777),
 .UNSPECIFIED.,.F.,.F.,(4,1,1,4),(0.,0.000367979471402597,0.000735958942805193,
0.00147191788561039),.UNSPECIFIED.);
#936=B_SPLINE_CURVE_WITH_KNOTS('',3,(#8781,#8782,#8783,#8784,#8785),
 .UNSPECIFIED.,.F.,.F.,(4,1,4),(-7.82119391217383E-6,0.000919736714751321,
0.00184729462341482),.UNSPECIFIED.);
#937=B_SPLINE_CURVE_WITH_KNOTS('',3,(#8866,#8867,#8868,#8869,#8870),
 .UNSPECIFIED.,.F.,.F.,(4,1,4),(0.,0.000386987748732116,0.000773975497464231),
 .UNSPECIFIED.);
#938=B_SPLINE_CURVE_WITH_KNOTS('',3,(#8874,#8875,#8876,#8877,#8878),
 .UNSPECIFIED.,.F.,.F.,(4,1,4),(0.,0.000392475891096594,0.000784951782193187),
 .UNSPECIFIED.);
#939=B_SPLINE_CURVE_WITH_KNOTS('',3,(#8881,#8882,#8883,#8884),
 .UNSPECIFIED.,.F.,.F.,(4,4),(0.,4.64881354385597E-6),.UNSPECIFIED.);
#940=B_SPLINE_CURVE_WITH_KNOTS('',3,(#8886,#8887,#8888,#8889),
 .UNSPECIFIED.,.F.,.F.,(4,4),(1.36655922175857,1.54412525820867),
 .UNSPECIFIED.);
#941=B_SPLINE_CURVE_WITH_KNOTS('',3,(#8895,#8896,#8897,#8898,#8899,#8900),
 .UNSPECIFIED.,.F.,.F.,(4,1,1,4),(0.,0.00104321964507524,0.00156482946761286,
0.00208643929015048),.UNSPECIFIED.);
#942=B_SPLINE_CURVE_WITH_KNOTS('',3,(#8904,#8905,#8906,#8907,#8908,#8909),
 .UNSPECIFIED.,.F.,.F.,(4,1,1,4),(0.,0.00052160982253762,0.00104321964507524,
0.00208643929015048),.UNSPECIFIED.);
#943=B_SPLINE_CURVE_WITH_KNOTS('',3,(#8915,#8916,#8917,#8918),
 .UNSPECIFIED.,.F.,.F.,(4,4),(1.36655922175857,1.54412525820867),
 .UNSPECIFIED.);
#944=B_SPLINE_CURVE_WITH_KNOTS('',3,(#8920,#8921,#8922,#8923),
 .UNSPECIFIED.,.F.,.F.,(4,4),(0.,4.64881354385597E-6),.UNSPECIFIED.);
#945=B_SPLINE_CURVE_WITH_KNOTS('',3,(#8942,#8943,#8944,#8945,#8946),
 .UNSPECIFIED.,.F.,.F.,(4,1,4),(5.42101086242752E-17,0.683279610879285,
1.36655922175857),.UNSPECIFIED.);
#946=B_SPLINE_CURVE_WITH_KNOTS('',3,(#8957,#8958,#8959,#8960),
 .UNSPECIFIED.,.F.,.F.,(4,4),(4.71238898038469,4.92613403859644),
 .UNSPECIFIED.);
#947=B_SPLINE_CURVE_WITH_KNOTS('',3,(#8961,#8962,#8963,#8964),
 .UNSPECIFIED.,.F.,.F.,(4,4),(4.71238898038469,4.92613403859644),
 .UNSPECIFIED.);
#948=B_SPLINE_CURVE_WITH_KNOTS('',3,(#8967,#8968,#8969,#8970,#8971),
 .UNSPECIFIED.,.F.,.F.,(4,1,4),(0.,0.000999437768262252,0.0019988755365245),
 .UNSPECIFIED.);
#949=B_SPLINE_CURVE_WITH_KNOTS('',3,(#8972,#8973,#8974,#8975,#8976),
 .UNSPECIFIED.,.F.,.F.,(4,1,4),(0.,0.000999437768262252,0.0019988755365245),
 .UNSPECIFIED.);
#950=B_SPLINE_CURVE_WITH_KNOTS('',3,(#8981,#8982,#8983,#8984),
 .UNSPECIFIED.,.F.,.F.,(4,4),(0.00107496157186894,0.00209628105824776),
 .UNSPECIFIED.);
#951=B_SPLINE_CURVE_WITH_KNOTS('',3,(#8988,#8989,#8990,#8991),
 .UNSPECIFIED.,.F.,.F.,(4,4),(0.,0.999999605173815),.UNSPECIFIED.);
#952=B_SPLINE_CURVE_WITH_KNOTS('',3,(#8993,#8994,#8995,#8996,#8997,#8998,
#8999),.UNSPECIFIED.,.F.,.F.,(4,1,1,1,4),(0.,0.446135346251661,0.892270692503322,
1.33840603875498,1.78454138500664),.UNSPECIFIED.);
#953=B_SPLINE_CURVE_WITH_KNOTS('',3,(#9003,#9004,#9005,#9006,#9007),
 .UNSPECIFIED.,.F.,.F.,(4,1,4),(4.91662608542102,5.59990569630031,6.28318530717959),
 .UNSPECIFIED.);
#954=B_SPLINE_CURVE_WITH_KNOTS('',3,(#9009,#9010,#9011,#9012),
 .UNSPECIFIED.,.F.,.F.,(4,4),(4.73941196163295,4.91662608542102),
 .UNSPECIFIED.);
#955=B_SPLINE_CURVE_WITH_KNOTS('',3,(#9071,#9072,#9073,#9074,#9075,#9076),
 .UNSPECIFIED.,.F.,.F.,(4,1,1,4),(2.92469439293469E-17,0.001550096087819,
0.00232514413172849,0.00310019217563797),.UNSPECIFIED.);
#956=B_SPLINE_CURVE_WITH_KNOTS('',3,(#9096,#9097,#9098,#9099),
 .UNSPECIFIED.,.F.,.F.,(4,4),(0.,0.00207653741086091),.UNSPECIFIED.);
#957=B_SPLINE_CURVE_WITH_KNOTS('',3,(#9225,#9226,#9227,#9228,#9229),
 .UNSPECIFIED.,.F.,.F.,(4,1,4),(270.,315.000000000064,360.000000000129),
 .UNSPECIFIED.);
#958=B_SPLINE_CURVE_WITH_KNOTS('',3,(#9231,#9232,#9233,#9234,#9235),
 .UNSPECIFIED.,.F.,.F.,(4,1,4),(0.,0.5,1.),.UNSPECIFIED.);
#959=B_SPLINE_CURVE_WITH_KNOTS('',3,(#9237,#9238,#9239,#9240),
 .UNSPECIFIED.,.F.,.F.,(4,4),(90.,170.),.UNSPECIFIED.);
#960=B_SPLINE_CURVE_WITH_KNOTS('',3,(#9242,#9243,#9244,#9245),
 .UNSPECIFIED.,.F.,.F.,(4,4),(90.,170.),.UNSPECIFIED.);
#961=B_SPLINE_CURVE_WITH_KNOTS('',3,(#9247,#9248,#9249,#9250,#9251),
 .UNSPECIFIED.,.F.,.F.,(4,1,4),(0.,0.5,1.),.UNSPECIFIED.);
#962=B_SPLINE_CURVE_WITH_KNOTS('',3,(#9255,#9256,#9257,#9258,#9259),
 .UNSPECIFIED.,.F.,.F.,(4,1,4),(0.,0.000778889191129708,0.00155777838225942),
 .UNSPECIFIED.);
#963=B_SPLINE_CURVE_WITH_KNOTS('',3,(#9263,#9264,#9265,#9266,#9267,#9268),
 .UNSPECIFIED.,.F.,.F.,(4,1,1,4),(0.,0.000367979471402597,0.000735958942805193,
0.00147191788561039),.UNSPECIFIED.);
#964=B_SPLINE_CURVE_WITH_KNOTS('',3,(#9272,#9273,#9274,#9275,#9276),
 .UNSPECIFIED.,.F.,.F.,(4,1,4),(-7.82119391217383E-6,0.000919736714751321,
0.00184729462341482),.UNSPECIFIED.);
#965=B_SPLINE_CURVE_WITH_KNOTS('',3,(#9376,#9377,#9378,#9379,#9380),
 .UNSPECIFIED.,.F.,.F.,(4,1,4),(5.42101086242752E-17,0.683279610879285,
1.36655922175857),.UNSPECIFIED.);
#966=B_SPLINE_CURVE_WITH_KNOTS('',3,(#9390,#9391,#9392,#9393),
 .UNSPECIFIED.,.F.,.F.,(4,4),(4.73941196163295,4.91662608542102),
 .UNSPECIFIED.);
#967=B_SPLINE_CURVE_WITH_KNOTS('',3,(#9395,#9396,#9397,#9398,#9399),
 .UNSPECIFIED.,.F.,.F.,(4,1,4),(4.91662608542102,5.59990569630031,6.28318530717959),
 .UNSPECIFIED.);
#968=B_SPLINE_CURVE_WITH_KNOTS('',3,(#9403,#9404,#9405,#9406,#9407,#9408,
#9409),.UNSPECIFIED.,.F.,.F.,(4,1,1,1,4),(0.,0.446135346251661,0.892270692503322,
1.33840603875498,1.78454138500664),.UNSPECIFIED.);
#969=B_SPLINE_CURVE_WITH_KNOTS('',3,(#9411,#9412,#9413,#9414),
 .UNSPECIFIED.,.F.,.F.,(4,4),(7.71277921763286E-16,1.),.UNSPECIFIED.);
#970=B_SPLINE_CURVE_WITH_KNOTS('',3,(#9418,#9419,#9420,#9421),
 .UNSPECIFIED.,.F.,.F.,(4,4),(0.00107496157186894,0.00209628105824776),
 .UNSPECIFIED.);
#971=B_SPLINE_CURVE_WITH_KNOTS('',3,(#9478,#9479,#9480,#9481,#9482,#9483),
 .UNSPECIFIED.,.F.,.F.,(4,1,1,4),(2.92469439293469E-17,0.000775048043909516,
0.001550096087819,0.00310019217563797),.UNSPECIFIED.);
#972=B_SPLINE_CURVE_WITH_KNOTS('',3,(#9502,#9503,#9504,#9505),
 .UNSPECIFIED.,.F.,.F.,(4,4),(0.,0.00207653741086091),.UNSPECIFIED.);
#973=B_SPLINE_CURVE_WITH_KNOTS('',3,(#9609,#9610,#9611,#9612,#9613),
 .UNSPECIFIED.,.F.,.F.,(4,1,4),(270.,315.,360.),.UNSPECIFIED.);
#974=B_SPLINE_CURVE_WITH_KNOTS('',3,(#9615,#9616,#9617,#9618,#9619),
 .UNSPECIFIED.,.F.,.F.,(4,1,4),(0.,0.5,1.),.UNSPECIFIED.);
#975=B_SPLINE_CURVE_WITH_KNOTS('',3,(#9621,#9622,#9623,#9624),
 .UNSPECIFIED.,.F.,.F.,(4,4),(90.,170.),.UNSPECIFIED.);
#976=B_SPLINE_CURVE_WITH_KNOTS('',3,(#9626,#9627,#9628,#9629),
 .UNSPECIFIED.,.F.,.F.,(4,4),(90.,170.),.UNSPECIFIED.);
#977=B_SPLINE_CURVE_WITH_KNOTS('',3,(#9631,#9632,#9633,#9634,#9635),
 .UNSPECIFIED.,.F.,.F.,(4,1,4),(0.,0.5,1.),.UNSPECIFIED.);
#978=B_SPLINE_CURVE_WITH_KNOTS('',3,(#9639,#9640,#9641,#9642,#9643),
 .UNSPECIFIED.,.F.,.F.,(4,1,4),(0.,0.00077888962220668,0.00155777924441336),
 .UNSPECIFIED.);
#979=B_SPLINE_CURVE_WITH_KNOTS('',3,(#9646,#9647,#9648,#9649,#9650,#9651),
 .UNSPECIFIED.,.F.,.F.,(4,1,1,4),(0.,0.000735958942805193,0.00110393841420779,
0.00147191788561039),.UNSPECIFIED.);
#980=B_SPLINE_CURVE_WITH_KNOTS('',3,(#9656,#9657,#9658,#9659,#9660),
 .UNSPECIFIED.,.F.,.F.,(4,1,4),(-7.82119391217383E-6,0.000919736714751321,
0.00184729462341482),.UNSPECIFIED.);
#981=B_SPLINE_CURVE_WITH_KNOTS('',3,(#9739,#9740,#9741,#9742),
 .UNSPECIFIED.,.F.,.F.,(4,4),(1.71642414722834E-10,0.000519327455573324),
 .UNSPECIFIED.);
#982=B_SPLINE_CURVE_WITH_KNOTS('',3,(#9755,#9756,#9757,#9758),
 .UNSPECIFIED.,.F.,.F.,(4,4),(0.,0.000519327283984047),.UNSPECIFIED.);
#983=B_SPLINE_CURVE_WITH_KNOTS('',3,(#9787,#9788,#9789,#9790),
 .UNSPECIFIED.,.F.,.F.,(4,4),(0.,0.000628511816350701),.UNSPECIFIED.);
#984=B_SPLINE_CURVE_WITH_KNOTS('',3,(#9809,#9810,#9811,#9812),
 .UNSPECIFIED.,.F.,.F.,(4,4),(0.,0.000633193052659835),.UNSPECIFIED.);
#985=B_SPLINE_CURVE_WITH_KNOTS('',3,(#9831,#9832,#9833,#9834,#9835,#9836),
 .UNSPECIFIED.,.F.,.F.,(4,1,1,4),(0.,0.000275884334786153,0.00041382650217923,
0.000551768669572307),.UNSPECIFIED.);
#986=B_SPLINE_CURVE_WITH_KNOTS('',3,(#9839,#9840,#9841,#9842,#9843,#9844),
 .UNSPECIFIED.,.F.,.F.,(4,1,1,4),(6.9928938926747E-18,0.000138881437037825,
0.000277762874075643,0.000555525748151279),.UNSPECIFIED.);
#987=B_SPLINE_CURVE_WITH_KNOTS('',3,(#9925,#9926,#9927,#9928),
 .UNSPECIFIED.,.F.,.F.,(4,4),(4.33680868994202E-19,0.000341696153870237),
 .UNSPECIFIED.);
#988=B_SPLINE_CURVE_WITH_KNOTS('',3,(#9953,#9954,#9955,#9956),
 .UNSPECIFIED.,.F.,.F.,(4,4),(0.,0.000338540232838689),.UNSPECIFIED.);
#989=B_SPLINE_CURVE_WITH_KNOTS('',3,(#9962,#9963,#9964,#9965),
 .UNSPECIFIED.,.F.,.F.,(4,4),(0.,1.),.UNSPECIFIED.);
#990=B_SPLINE_CURVE_WITH_KNOTS('',3,(#9967,#9968,#9969,#9970),
 .UNSPECIFIED.,.F.,.F.,(4,4),(0.,1.),.UNSPECIFIED.);
#991=B_SPLINE_CURVE_WITH_KNOTS('',3,(#9972,#9973,#9974,#9975),
 .UNSPECIFIED.,.F.,.F.,(4,4),(0.,1.),.UNSPECIFIED.);
#992=B_SPLINE_CURVE_WITH_KNOTS('',3,(#9977,#9978,#9979,#9980),
 .UNSPECIFIED.,.F.,.F.,(4,4),(0.,1.),.UNSPECIFIED.);
#993=B_SPLINE_CURVE_WITH_KNOTS('',3,(#9982,#9983,#9984,#9985),
 .UNSPECIFIED.,.F.,.F.,(4,4),(302.238979316117,360.),.UNSPECIFIED.);
#994=B_SPLINE_CURVE_WITH_KNOTS('',3,(#9987,#9988,#9989,#9990),
 .UNSPECIFIED.,.F.,.F.,(4,4),(180.000000003452,237.761020683884),
 .UNSPECIFIED.);
#995=B_SPLINE_CURVE_WITH_KNOTS('',3,(#9992,#9993,#9994,#9995),
 .UNSPECIFIED.,.F.,.F.,(4,4),(302.802930918624,360.),.UNSPECIFIED.);
#996=B_SPLINE_CURVE_WITH_KNOTS('',3,(#9997,#9998,#9999,#10000),
 .UNSPECIFIED.,.F.,.F.,(4,4),(180.,237.197069084984),.UNSPECIFIED.);
#997=B_SPLINE_CURVE_WITH_KNOTS('',3,(#10044,#10045,#10046,#10047),
 .UNSPECIFIED.,.F.,.F.,(4,4),(0.,1.),.UNSPECIFIED.);
#998=B_SPLINE_CURVE_WITH_KNOTS('',3,(#10052,#10053,#10054,#10055),
 .UNSPECIFIED.,.F.,.F.,(4,4),(0.,0.000475724055233446),.UNSPECIFIED.);
#999=B_SPLINE_CURVE_WITH_KNOTS('',3,(#10057,#10058,#10059,#10060),
 .UNSPECIFIED.,.F.,.F.,(4,4),(0.,1.),.UNSPECIFIED.);
#1000=B_SPLINE_CURVE_WITH_KNOTS('',3,(#10062,#10063,#10064,#10065),
 .UNSPECIFIED.,.F.,.F.,(4,4),(0.,1.),.UNSPECIFIED.);
#1001=B_SPLINE_CURVE_WITH_KNOTS('',3,(#10067,#10068,#10069,#10070),
 .UNSPECIFIED.,.F.,.F.,(4,4),(0.,0.000478771402695665),.UNSPECIFIED.);
#1002=B_SPLINE_CURVE_WITH_KNOTS('',3,(#10122,#10123,#10124,#10125),
 .UNSPECIFIED.,.F.,.F.,(4,4),(0.,0.000321363295747651),.UNSPECIFIED.);
#1003=B_SPLINE_CURVE_WITH_KNOTS('',3,(#10145,#10146,#10147,#10148),
 .UNSPECIFIED.,.F.,.F.,(4,4),(0.,0.000318988448920271),.UNSPECIFIED.);
#1004=B_SPLINE_CURVE_WITH_KNOTS('',3,(#10226,#10227,#10228,#10229),
 .UNSPECIFIED.,.F.,.F.,(4,4),(0.,0.000312547641675803),.UNSPECIFIED.);
#1005=B_SPLINE_CURVE_WITH_KNOTS('',3,(#10310,#10311,#10312,#10313),
 .UNSPECIFIED.,.F.,.F.,(4,4),(0.,0.000312547641675803),.UNSPECIFIED.);
#1006=SPHERICAL_SURFACE('',#5233,0.0005);
#1007=SPHERICAL_SURFACE('',#5667,0.0002);
#1008=SPHERICAL_SURFACE('',#5671,0.0002);
#1009=SPHERICAL_SURFACE('',#5675,0.0002);
#1010=SPHERICAL_SURFACE('',#5679,0.0002);
#1011=SPHERICAL_SURFACE('',#5683,0.0002);
#1012=SPHERICAL_SURFACE('',#5687,0.0002);
#1013=SPHERICAL_SURFACE('',#5694,0.0005);
#1014=SPHERICAL_SURFACE('',#5695,0.0005);
#1015=SPHERICAL_SURFACE('',#5698,0.0005);
#1016=SPHERICAL_SURFACE('',#5699,0.0005);
#1017=SPHERICAL_SURFACE('',#5708,0.0005);
#1018=SPHERICAL_SURFACE('',#5744,0.0002);
#1019=SPHERICAL_SURFACE('',#5748,0.0002);
#1020=SPHERICAL_SURFACE('',#5755,0.0002);
#1021=SPHERICAL_SURFACE('',#5759,0.0002);
#1022=ORIENTED_EDGE('',*,*,#2514,.F.);
#1023=ORIENTED_EDGE('',*,*,#2515,.F.);
#1024=ORIENTED_EDGE('',*,*,#2516,.F.);
#1025=ORIENTED_EDGE('',*,*,#2517,.F.);
#1026=ORIENTED_EDGE('',*,*,#2518,.F.);
#1027=ORIENTED_EDGE('',*,*,#2519,.T.);
#1028=ORIENTED_EDGE('',*,*,#2520,.F.);
#1029=ORIENTED_EDGE('',*,*,#2514,.T.);
#1030=ORIENTED_EDGE('',*,*,#2516,.T.);
#1031=ORIENTED_EDGE('',*,*,#2521,.T.);
#1032=ORIENTED_EDGE('',*,*,#2522,.T.);
#1033=ORIENTED_EDGE('',*,*,#2523,.T.);
#1034=ORIENTED_EDGE('',*,*,#2524,.T.);
#1035=ORIENTED_EDGE('',*,*,#2525,.F.);
#1036=ORIENTED_EDGE('',*,*,#2526,.F.);
#1037=ORIENTED_EDGE('',*,*,#2527,.T.);
#1038=ORIENTED_EDGE('',*,*,#2528,.T.);
#1039=ORIENTED_EDGE('',*,*,#2529,.F.);
#1040=ORIENTED_EDGE('',*,*,#2530,.T.);
#1041=ORIENTED_EDGE('',*,*,#2531,.T.);
#1042=ORIENTED_EDGE('',*,*,#2532,.T.);
#1043=ORIENTED_EDGE('',*,*,#2533,.F.);
#1044=ORIENTED_EDGE('',*,*,#2534,.F.);
#1045=ORIENTED_EDGE('',*,*,#2535,.T.);
#1046=ORIENTED_EDGE('',*,*,#2536,.F.);
#1047=ORIENTED_EDGE('',*,*,#2537,.F.);
#1048=ORIENTED_EDGE('',*,*,#2538,.T.);
#1049=ORIENTED_EDGE('',*,*,#2539,.F.);
#1050=ORIENTED_EDGE('',*,*,#2540,.F.);
#1051=ORIENTED_EDGE('',*,*,#2541,.T.);
#1052=ORIENTED_EDGE('',*,*,#2542,.T.);
#1053=ORIENTED_EDGE('',*,*,#2543,.T.);
#1054=ORIENTED_EDGE('',*,*,#2544,.T.);
#1055=ORIENTED_EDGE('',*,*,#2545,.F.);
#1056=ORIENTED_EDGE('',*,*,#2546,.F.);
#1057=ORIENTED_EDGE('',*,*,#2547,.F.);
#1058=ORIENTED_EDGE('',*,*,#2548,.F.);
#1059=ORIENTED_EDGE('',*,*,#2549,.T.);
#1060=ORIENTED_EDGE('',*,*,#2550,.F.);
#1061=ORIENTED_EDGE('',*,*,#2551,.F.);
#1062=ORIENTED_EDGE('',*,*,#2552,.T.);
#1063=ORIENTED_EDGE('',*,*,#2553,.F.);
#1064=ORIENTED_EDGE('',*,*,#2554,.F.);
#1065=ORIENTED_EDGE('',*,*,#2555,.T.);
#1066=ORIENTED_EDGE('',*,*,#2556,.F.);
#1067=ORIENTED_EDGE('',*,*,#2557,.F.);
#1068=ORIENTED_EDGE('',*,*,#2558,.F.);
#1069=ORIENTED_EDGE('',*,*,#2559,.F.);
#1070=ORIENTED_EDGE('',*,*,#2560,.T.);
#1071=ORIENTED_EDGE('',*,*,#2561,.F.);
#1072=ORIENTED_EDGE('',*,*,#2562,.T.);
#1073=ORIENTED_EDGE('',*,*,#2563,.F.);
#1074=ORIENTED_EDGE('',*,*,#2564,.T.);
#1075=ORIENTED_EDGE('',*,*,#2565,.T.);
#1076=ORIENTED_EDGE('',*,*,#2566,.F.);
#1077=ORIENTED_EDGE('',*,*,#2567,.F.);
#1078=ORIENTED_EDGE('',*,*,#2568,.F.);
#1079=ORIENTED_EDGE('',*,*,#2569,.T.);
#1080=ORIENTED_EDGE('',*,*,#2570,.T.);
#1081=ORIENTED_EDGE('',*,*,#2571,.T.);
#1082=ORIENTED_EDGE('',*,*,#2572,.T.);
#1083=ORIENTED_EDGE('',*,*,#2573,.F.);
#1084=ORIENTED_EDGE('',*,*,#2574,.F.);
#1085=ORIENTED_EDGE('',*,*,#2575,.T.);
#1086=ORIENTED_EDGE('',*,*,#2576,.T.);
#1087=ORIENTED_EDGE('',*,*,#2577,.F.);
#1088=ORIENTED_EDGE('',*,*,#2578,.T.);
#1089=ORIENTED_EDGE('',*,*,#2579,.F.);
#1090=ORIENTED_EDGE('',*,*,#2580,.T.);
#1091=ORIENTED_EDGE('',*,*,#2581,.T.);
#1092=ORIENTED_EDGE('',*,*,#2582,.F.);
#1093=ORIENTED_EDGE('',*,*,#2583,.T.);
#1094=ORIENTED_EDGE('',*,*,#2584,.F.);
#1095=ORIENTED_EDGE('',*,*,#2585,.T.);
#1096=ORIENTED_EDGE('',*,*,#2586,.F.);
#1097=ORIENTED_EDGE('',*,*,#2587,.T.);
#1098=ORIENTED_EDGE('',*,*,#2588,.F.);
#1099=ORIENTED_EDGE('',*,*,#2589,.T.);
#1100=ORIENTED_EDGE('',*,*,#2590,.F.);
#1101=ORIENTED_EDGE('',*,*,#2591,.T.);
#1102=ORIENTED_EDGE('',*,*,#2592,.F.);
#1103=ORIENTED_EDGE('',*,*,#2593,.T.);
#1104=ORIENTED_EDGE('',*,*,#2594,.F.);
#1105=ORIENTED_EDGE('',*,*,#2595,.T.);
#1106=ORIENTED_EDGE('',*,*,#2596,.F.);
#1107=ORIENTED_EDGE('',*,*,#2597,.T.);
#1108=ORIENTED_EDGE('',*,*,#2598,.F.);
#1109=ORIENTED_EDGE('',*,*,#2599,.T.);
#1110=ORIENTED_EDGE('',*,*,#2600,.F.);
#1111=ORIENTED_EDGE('',*,*,#2601,.T.);
#1112=ORIENTED_EDGE('',*,*,#2602,.F.);
#1113=ORIENTED_EDGE('',*,*,#2603,.T.);
#1114=ORIENTED_EDGE('',*,*,#2604,.F.);
#1115=ORIENTED_EDGE('',*,*,#2605,.T.);
#1116=ORIENTED_EDGE('',*,*,#2606,.F.);
#1117=ORIENTED_EDGE('',*,*,#2607,.T.);
#1118=ORIENTED_EDGE('',*,*,#2608,.F.);
#1119=ORIENTED_EDGE('',*,*,#2609,.T.);
#1120=ORIENTED_EDGE('',*,*,#2610,.F.);
#1121=ORIENTED_EDGE('',*,*,#2611,.T.);
#1122=ORIENTED_EDGE('',*,*,#2612,.F.);
#1123=ORIENTED_EDGE('',*,*,#2613,.T.);
#1124=ORIENTED_EDGE('',*,*,#2614,.F.);
#1125=ORIENTED_EDGE('',*,*,#2615,.T.);
#1126=ORIENTED_EDGE('',*,*,#2616,.F.);
#1127=ORIENTED_EDGE('',*,*,#2617,.T.);
#1128=ORIENTED_EDGE('',*,*,#2618,.F.);
#1129=ORIENTED_EDGE('',*,*,#2619,.T.);
#1130=ORIENTED_EDGE('',*,*,#2620,.F.);
#1131=ORIENTED_EDGE('',*,*,#2621,.T.);
#1132=ORIENTED_EDGE('',*,*,#2622,.F.);
#1133=ORIENTED_EDGE('',*,*,#2623,.F.);
#1134=ORIENTED_EDGE('',*,*,#2624,.T.);
#1135=ORIENTED_EDGE('',*,*,#2625,.F.);
#1136=ORIENTED_EDGE('',*,*,#2626,.F.);
#1137=ORIENTED_EDGE('',*,*,#2561,.T.);
#1138=ORIENTED_EDGE('',*,*,#2627,.T.);
#1139=ORIENTED_EDGE('',*,*,#2628,.T.);
#1140=ORIENTED_EDGE('',*,*,#2629,.T.);
#1141=ORIENTED_EDGE('',*,*,#2630,.T.);
#1142=ORIENTED_EDGE('',*,*,#2631,.T.);
#1143=ORIENTED_EDGE('',*,*,#2632,.T.);
#1144=ORIENTED_EDGE('',*,*,#2633,.T.);
#1145=ORIENTED_EDGE('',*,*,#2634,.T.);
#1146=ORIENTED_EDGE('',*,*,#2635,.T.);
#1147=ORIENTED_EDGE('',*,*,#2636,.T.);
#1148=ORIENTED_EDGE('',*,*,#2637,.T.);
#1149=ORIENTED_EDGE('',*,*,#2638,.T.);
#1150=ORIENTED_EDGE('',*,*,#2623,.T.);
#1151=ORIENTED_EDGE('',*,*,#2639,.T.);
#1152=ORIENTED_EDGE('',*,*,#2640,.F.);
#1153=ORIENTED_EDGE('',*,*,#2641,.T.);
#1154=ORIENTED_EDGE('',*,*,#2642,.T.);
#1155=ORIENTED_EDGE('',*,*,#2643,.T.);
#1156=ORIENTED_EDGE('',*,*,#2644,.F.);
#1157=ORIENTED_EDGE('',*,*,#2645,.T.);
#1158=ORIENTED_EDGE('',*,*,#2646,.T.);
#1159=ORIENTED_EDGE('',*,*,#2647,.T.);
#1160=ORIENTED_EDGE('',*,*,#2648,.F.);
#1161=ORIENTED_EDGE('',*,*,#2579,.T.);
#1162=ORIENTED_EDGE('',*,*,#2649,.T.);
#1163=ORIENTED_EDGE('',*,*,#2650,.T.);
#1164=ORIENTED_EDGE('',*,*,#2651,.F.);
#1165=ORIENTED_EDGE('',*,*,#2652,.T.);
#1166=ORIENTED_EDGE('',*,*,#2653,.F.);
#1167=ORIENTED_EDGE('',*,*,#2654,.T.);
#1168=ORIENTED_EDGE('',*,*,#2655,.F.);
#1169=ORIENTED_EDGE('',*,*,#2625,.T.);
#1170=ORIENTED_EDGE('',*,*,#2656,.T.);
#1171=ORIENTED_EDGE('',*,*,#2657,.T.);
#1172=ORIENTED_EDGE('',*,*,#2658,.T.);
#1173=ORIENTED_EDGE('',*,*,#2659,.F.);
#1174=ORIENTED_EDGE('',*,*,#2660,.T.);
#1175=ORIENTED_EDGE('',*,*,#2661,.F.);
#1176=ORIENTED_EDGE('',*,*,#2650,.F.);
#1177=ORIENTED_EDGE('',*,*,#2662,.T.);
#1178=ORIENTED_EDGE('',*,*,#2642,.F.);
#1179=ORIENTED_EDGE('',*,*,#2663,.F.);
#1180=ORIENTED_EDGE('',*,*,#2664,.F.);
#1181=ORIENTED_EDGE('',*,*,#2665,.F.);
#1182=ORIENTED_EDGE('',*,*,#2666,.T.);
#1183=ORIENTED_EDGE('',*,*,#2667,.T.);
#1184=ORIENTED_EDGE('',*,*,#2668,.T.);
#1185=ORIENTED_EDGE('',*,*,#2669,.T.);
#1186=ORIENTED_EDGE('',*,*,#2670,.T.);
#1187=ORIENTED_EDGE('',*,*,#2671,.T.);
#1188=ORIENTED_EDGE('',*,*,#2672,.T.);
#1189=ORIENTED_EDGE('',*,*,#2673,.T.);
#1190=ORIENTED_EDGE('',*,*,#2674,.T.);
#1191=ORIENTED_EDGE('',*,*,#2675,.T.);
#1192=ORIENTED_EDGE('',*,*,#2676,.T.);
#1193=ORIENTED_EDGE('',*,*,#2677,.T.);
#1194=ORIENTED_EDGE('',*,*,#2678,.T.);
#1195=ORIENTED_EDGE('',*,*,#2675,.F.);
#1196=ORIENTED_EDGE('',*,*,#2679,.T.);
#1197=ORIENTED_EDGE('',*,*,#2672,.F.);
#1198=ORIENTED_EDGE('',*,*,#2680,.F.);
#1199=ORIENTED_EDGE('',*,*,#2666,.F.);
#1200=ORIENTED_EDGE('',*,*,#2681,.T.);
#1201=ORIENTED_EDGE('',*,*,#2676,.F.);
#1202=ORIENTED_EDGE('',*,*,#2682,.F.);
#1203=ORIENTED_EDGE('',*,*,#2683,.F.);
#1204=ORIENTED_EDGE('',*,*,#2673,.F.);
#1205=ORIENTED_EDGE('',*,*,#2684,.T.);
#1206=ORIENTED_EDGE('',*,*,#2647,.F.);
#1207=ORIENTED_EDGE('',*,*,#2685,.F.);
#1208=ORIENTED_EDGE('',*,*,#2645,.F.);
#1209=ORIENTED_EDGE('',*,*,#2686,.T.);
#1210=ORIENTED_EDGE('',*,*,#2678,.F.);
#1211=ORIENTED_EDGE('',*,*,#2687,.F.);
#1212=ORIENTED_EDGE('',*,*,#2660,.F.);
#1213=ORIENTED_EDGE('',*,*,#2688,.T.);
#1214=ORIENTED_EDGE('',*,*,#2689,.F.);
#1215=ORIENTED_EDGE('',*,*,#2690,.F.);
#1216=ORIENTED_EDGE('',*,*,#2691,.F.);
#1217=ORIENTED_EDGE('',*,*,#2692,.T.);
#1218=ORIENTED_EDGE('',*,*,#2652,.F.);
#1219=ORIENTED_EDGE('',*,*,#2657,.F.);
#1220=ORIENTED_EDGE('',*,*,#2693,.T.);
#1221=ORIENTED_EDGE('',*,*,#2694,.F.);
#1222=ORIENTED_EDGE('',*,*,#2518,.T.);
#1223=ORIENTED_EDGE('',*,*,#2695,.F.);
#1224=ORIENTED_EDGE('',*,*,#2696,.T.);
#1225=ORIENTED_EDGE('',*,*,#2697,.F.);
#1226=ORIENTED_EDGE('',*,*,#2698,.T.);
#1227=ORIENTED_EDGE('',*,*,#2699,.T.);
#1228=ORIENTED_EDGE('',*,*,#2700,.F.);
#1229=ORIENTED_EDGE('',*,*,#2701,.F.);
#1230=ORIENTED_EDGE('',*,*,#2702,.F.);
#1231=ORIENTED_EDGE('',*,*,#2703,.T.);
#1232=ORIENTED_EDGE('',*,*,#2704,.F.);
#1233=ORIENTED_EDGE('',*,*,#2705,.T.);
#1234=ORIENTED_EDGE('',*,*,#2706,.T.);
#1235=ORIENTED_EDGE('',*,*,#2574,.T.);
#1236=ORIENTED_EDGE('',*,*,#2707,.T.);
#1237=ORIENTED_EDGE('',*,*,#2708,.T.);
#1238=ORIENTED_EDGE('',*,*,#2709,.T.);
#1239=ORIENTED_EDGE('',*,*,#2710,.T.);
#1240=ORIENTED_EDGE('',*,*,#2711,.T.);
#1241=ORIENTED_EDGE('',*,*,#2712,.T.);
#1242=ORIENTED_EDGE('',*,*,#2713,.T.);
#1243=ORIENTED_EDGE('',*,*,#2714,.T.);
#1244=ORIENTED_EDGE('',*,*,#2694,.T.);
#1245=ORIENTED_EDGE('',*,*,#2715,.T.);
#1246=ORIENTED_EDGE('',*,*,#2577,.T.);
#1247=ORIENTED_EDGE('',*,*,#2716,.T.);
#1248=ORIENTED_EDGE('',*,*,#2717,.T.);
#1249=ORIENTED_EDGE('',*,*,#2718,.T.);
#1250=ORIENTED_EDGE('',*,*,#2719,.F.);
#1251=ORIENTED_EDGE('',*,*,#2720,.F.);
#1252=ORIENTED_EDGE('',*,*,#2721,.F.);
#1253=ORIENTED_EDGE('',*,*,#2722,.F.);
#1254=ORIENTED_EDGE('',*,*,#2723,.F.);
#1255=ORIENTED_EDGE('',*,*,#2724,.F.);
#1256=ORIENTED_EDGE('',*,*,#2725,.T.);
#1257=ORIENTED_EDGE('',*,*,#2726,.T.);
#1258=ORIENTED_EDGE('',*,*,#2727,.T.);
#1259=ORIENTED_EDGE('',*,*,#2728,.T.);
#1260=ORIENTED_EDGE('',*,*,#2729,.T.);
#1261=ORIENTED_EDGE('',*,*,#2730,.T.);
#1262=ORIENTED_EDGE('',*,*,#2731,.T.);
#1263=ORIENTED_EDGE('',*,*,#2732,.T.);
#1264=ORIENTED_EDGE('',*,*,#2733,.T.);
#1265=ORIENTED_EDGE('',*,*,#2734,.T.);
#1266=ORIENTED_EDGE('',*,*,#2735,.T.);
#1267=ORIENTED_EDGE('',*,*,#2736,.T.);
#1268=ORIENTED_EDGE('',*,*,#2737,.F.);
#1269=ORIENTED_EDGE('',*,*,#2738,.F.);
#1270=ORIENTED_EDGE('',*,*,#2739,.F.);
#1271=ORIENTED_EDGE('',*,*,#2740,.F.);
#1272=ORIENTED_EDGE('',*,*,#2741,.F.);
#1273=ORIENTED_EDGE('',*,*,#2742,.F.);
#1274=ORIENTED_EDGE('',*,*,#2743,.T.);
#1275=ORIENTED_EDGE('',*,*,#2563,.T.);
#1276=ORIENTED_EDGE('',*,*,#2744,.F.);
#1277=ORIENTED_EDGE('',*,*,#2745,.T.);
#1278=ORIENTED_EDGE('',*,*,#2746,.F.);
#1279=ORIENTED_EDGE('',*,*,#2747,.T.);
#1280=ORIENTED_EDGE('',*,*,#2559,.T.);
#1281=ORIENTED_EDGE('',*,*,#2748,.T.);
#1282=ORIENTED_EDGE('',*,*,#2749,.F.);
#1283=ORIENTED_EDGE('',*,*,#2750,.T.);
#1284=ORIENTED_EDGE('',*,*,#2751,.T.);
#1285=ORIENTED_EDGE('',*,*,#2752,.F.);
#1286=ORIENTED_EDGE('',*,*,#2753,.F.);
#1287=ORIENTED_EDGE('',*,*,#2754,.F.);
#1288=ORIENTED_EDGE('',*,*,#2700,.T.);
#1289=ORIENTED_EDGE('',*,*,#2755,.T.);
#1290=ORIENTED_EDGE('',*,*,#2756,.T.);
#1291=ORIENTED_EDGE('',*,*,#2757,.T.);
#1292=ORIENTED_EDGE('',*,*,#2758,.F.);
#1293=ORIENTED_EDGE('',*,*,#2759,.F.);
#1294=ORIENTED_EDGE('',*,*,#2743,.F.);
#1295=ORIENTED_EDGE('',*,*,#2760,.T.);
#1296=ORIENTED_EDGE('',*,*,#2761,.F.);
#1297=ORIENTED_EDGE('',*,*,#2762,.F.);
#1298=ORIENTED_EDGE('',*,*,#2763,.F.);
#1299=ORIENTED_EDGE('',*,*,#2764,.T.);
#1300=ORIENTED_EDGE('',*,*,#2765,.T.);
#1301=ORIENTED_EDGE('',*,*,#2564,.F.);
#1302=ORIENTED_EDGE('',*,*,#2762,.T.);
#1303=ORIENTED_EDGE('',*,*,#2765,.F.);
#1304=ORIENTED_EDGE('',*,*,#2766,.T.);
#1305=ORIENTED_EDGE('',*,*,#2565,.F.);
#1306=ORIENTED_EDGE('',*,*,#2515,.T.);
#1307=ORIENTED_EDGE('',*,*,#2566,.T.);
#1308=ORIENTED_EDGE('',*,*,#2767,.T.);
#1309=ORIENTED_EDGE('',*,*,#2768,.T.);
#1310=ORIENTED_EDGE('',*,*,#2769,.T.);
#1311=ORIENTED_EDGE('',*,*,#2770,.T.);
#1312=ORIENTED_EDGE('',*,*,#2771,.F.);
#1313=ORIENTED_EDGE('',*,*,#2772,.F.);
#1314=ORIENTED_EDGE('',*,*,#2773,.F.);
#1315=ORIENTED_EDGE('',*,*,#2544,.F.);
#1316=ORIENTED_EDGE('',*,*,#2774,.T.);
#1317=ORIENTED_EDGE('',*,*,#2775,.T.);
#1318=ORIENTED_EDGE('',*,*,#2776,.T.);
#1319=ORIENTED_EDGE('',*,*,#2777,.F.);
#1320=ORIENTED_EDGE('',*,*,#2778,.F.);
#1321=ORIENTED_EDGE('',*,*,#2779,.F.);
#1322=ORIENTED_EDGE('',*,*,#2780,.F.);
#1323=ORIENTED_EDGE('',*,*,#2761,.T.);
#1324=ORIENTED_EDGE('',*,*,#2781,.T.);
#1325=ORIENTED_EDGE('',*,*,#2782,.T.);
#1326=ORIENTED_EDGE('',*,*,#2783,.T.);
#1327=ORIENTED_EDGE('',*,*,#2784,.T.);
#1328=ORIENTED_EDGE('',*,*,#2785,.T.);
#1329=ORIENTED_EDGE('',*,*,#2786,.T.);
#1330=ORIENTED_EDGE('',*,*,#2787,.T.);
#1331=ORIENTED_EDGE('',*,*,#2763,.T.);
#1332=ORIENTED_EDGE('',*,*,#2575,.F.);
#1333=ORIENTED_EDGE('',*,*,#2576,.F.);
#1334=ORIENTED_EDGE('',*,*,#2788,.T.);
#1335=ORIENTED_EDGE('',*,*,#2789,.T.);
#1336=ORIENTED_EDGE('',*,*,#2558,.T.);
#1337=ORIENTED_EDGE('',*,*,#2790,.F.);
#1338=ORIENTED_EDGE('',*,*,#2791,.F.);
#1339=ORIENTED_EDGE('',*,*,#2549,.F.);
#1340=ORIENTED_EDGE('',*,*,#2792,.F.);
#1341=ORIENTED_EDGE('',*,*,#2770,.F.);
#1342=ORIENTED_EDGE('',*,*,#2793,.T.);
#1343=ORIENTED_EDGE('',*,*,#2573,.T.);
#1344=ORIENTED_EDGE('',*,*,#2794,.T.);
#1345=ORIENTED_EDGE('',*,*,#2795,.T.);
#1346=ORIENTED_EDGE('',*,*,#2571,.F.);
#1347=ORIENTED_EDGE('',*,*,#2796,.T.);
#1348=ORIENTED_EDGE('',*,*,#2697,.T.);
#1349=ORIENTED_EDGE('',*,*,#2797,.T.);
#1350=ORIENTED_EDGE('',*,*,#2794,.F.);
#1351=ORIENTED_EDGE('',*,*,#2798,.T.);
#1352=ORIENTED_EDGE('',*,*,#2799,.F.);
#1353=ORIENTED_EDGE('',*,*,#2800,.T.);
#1354=ORIENTED_EDGE('',*,*,#2801,.T.);
#1355=ORIENTED_EDGE('',*,*,#2719,.T.);
#1356=ORIENTED_EDGE('',*,*,#2802,.F.);
#1357=ORIENTED_EDGE('',*,*,#2803,.T.);
#1358=ORIENTED_EDGE('',*,*,#2799,.T.);
#1359=ORIENTED_EDGE('',*,*,#2724,.T.);
#1360=ORIENTED_EDGE('',*,*,#2804,.F.);
#1361=ORIENTED_EDGE('',*,*,#2805,.T.);
#1362=ORIENTED_EDGE('',*,*,#2802,.T.);
#1363=ORIENTED_EDGE('',*,*,#2723,.T.);
#1364=ORIENTED_EDGE('',*,*,#2806,.F.);
#1365=ORIENTED_EDGE('',*,*,#2807,.T.);
#1366=ORIENTED_EDGE('',*,*,#2804,.T.);
#1367=ORIENTED_EDGE('',*,*,#2722,.T.);
#1368=ORIENTED_EDGE('',*,*,#2808,.F.);
#1369=ORIENTED_EDGE('',*,*,#2809,.T.);
#1370=ORIENTED_EDGE('',*,*,#2806,.T.);
#1371=ORIENTED_EDGE('',*,*,#2721,.T.);
#1372=ORIENTED_EDGE('',*,*,#2801,.F.);
#1373=ORIENTED_EDGE('',*,*,#2810,.T.);
#1374=ORIENTED_EDGE('',*,*,#2808,.T.);
#1375=ORIENTED_EDGE('',*,*,#2720,.T.);
#1376=ORIENTED_EDGE('',*,*,#2811,.T.);
#1377=ORIENTED_EDGE('',*,*,#2812,.T.);
#1378=ORIENTED_EDGE('',*,*,#2813,.T.);
#1379=ORIENTED_EDGE('',*,*,#2814,.T.);
#1380=ORIENTED_EDGE('',*,*,#2815,.T.);
#1381=ORIENTED_EDGE('',*,*,#2816,.T.);
#1382=ORIENTED_EDGE('',*,*,#2817,.F.);
#1383=ORIENTED_EDGE('',*,*,#2818,.T.);
#1384=ORIENTED_EDGE('',*,*,#2819,.T.);
#1385=ORIENTED_EDGE('',*,*,#2820,.T.);
#1386=ORIENTED_EDGE('',*,*,#2821,.F.);
#1387=ORIENTED_EDGE('',*,*,#2822,.T.);
#1388=ORIENTED_EDGE('',*,*,#2823,.T.);
#1389=ORIENTED_EDGE('',*,*,#2824,.F.);
#1390=ORIENTED_EDGE('',*,*,#2823,.F.);
#1391=ORIENTED_EDGE('',*,*,#2825,.T.);
#1392=ORIENTED_EDGE('',*,*,#2706,.F.);
#1393=ORIENTED_EDGE('',*,*,#2826,.F.);
#1394=ORIENTED_EDGE('',*,*,#2556,.T.);
#1395=ORIENTED_EDGE('',*,*,#2827,.T.);
#1396=ORIENTED_EDGE('',*,*,#2821,.T.);
#1397=ORIENTED_EDGE('',*,*,#2828,.F.);
#1398=ORIENTED_EDGE('',*,*,#2767,.F.);
#1399=ORIENTED_EDGE('',*,*,#2766,.F.);
#1400=ORIENTED_EDGE('',*,*,#2829,.F.);
#1401=ORIENTED_EDGE('',*,*,#2829,.T.);
#1402=ORIENTED_EDGE('',*,*,#2764,.F.);
#1403=ORIENTED_EDGE('',*,*,#2830,.F.);
#1404=ORIENTED_EDGE('',*,*,#2768,.F.);
#1405=ORIENTED_EDGE('',*,*,#2830,.T.);
#1406=ORIENTED_EDGE('',*,*,#2787,.F.);
#1407=ORIENTED_EDGE('',*,*,#2831,.F.);
#1408=ORIENTED_EDGE('',*,*,#2769,.F.);
#1409=ORIENTED_EDGE('',*,*,#2831,.T.);
#1410=ORIENTED_EDGE('',*,*,#2786,.F.);
#1411=ORIENTED_EDGE('',*,*,#2832,.F.);
#1412=ORIENTED_EDGE('',*,*,#2793,.F.);
#1413=ORIENTED_EDGE('',*,*,#2832,.T.);
#1414=ORIENTED_EDGE('',*,*,#2785,.F.);
#1415=ORIENTED_EDGE('',*,*,#2833,.F.);
#1416=ORIENTED_EDGE('',*,*,#2570,.F.);
#1417=ORIENTED_EDGE('',*,*,#2569,.F.);
#1418=ORIENTED_EDGE('',*,*,#2833,.T.);
#1419=ORIENTED_EDGE('',*,*,#2784,.F.);
#1420=ORIENTED_EDGE('',*,*,#2834,.F.);
#1421=ORIENTED_EDGE('',*,*,#2796,.F.);
#1422=ORIENTED_EDGE('',*,*,#2745,.F.);
#1423=ORIENTED_EDGE('',*,*,#2835,.T.);
#1424=ORIENTED_EDGE('',*,*,#2757,.F.);
#1425=ORIENTED_EDGE('',*,*,#2836,.F.);
#1426=ORIENTED_EDGE('',*,*,#2834,.T.);
#1427=ORIENTED_EDGE('',*,*,#2783,.F.);
#1428=ORIENTED_EDGE('',*,*,#2837,.F.);
#1429=ORIENTED_EDGE('',*,*,#2798,.F.);
#1430=ORIENTED_EDGE('',*,*,#2836,.T.);
#1431=ORIENTED_EDGE('',*,*,#2756,.F.);
#1432=ORIENTED_EDGE('',*,*,#2838,.F.);
#1433=ORIENTED_EDGE('',*,*,#2760,.F.);
#1434=ORIENTED_EDGE('',*,*,#2837,.T.);
#1435=ORIENTED_EDGE('',*,*,#2782,.F.);
#1436=ORIENTED_EDGE('',*,*,#2839,.F.);
#1437=ORIENTED_EDGE('',*,*,#2698,.F.);
#1438=ORIENTED_EDGE('',*,*,#2838,.T.);
#1439=ORIENTED_EDGE('',*,*,#2755,.F.);
#1440=ORIENTED_EDGE('',*,*,#2699,.F.);
#1441=ORIENTED_EDGE('',*,*,#2839,.T.);
#1442=ORIENTED_EDGE('',*,*,#2781,.F.);
#1443=ORIENTED_EDGE('',*,*,#2708,.F.);
#1444=ORIENTED_EDGE('',*,*,#2840,.T.);
#1445=ORIENTED_EDGE('',*,*,#2822,.F.);
#1446=ORIENTED_EDGE('',*,*,#2841,.F.);
#1447=ORIENTED_EDGE('',*,*,#2841,.T.);
#1448=ORIENTED_EDGE('',*,*,#2827,.F.);
#1449=ORIENTED_EDGE('',*,*,#2842,.F.);
#1450=ORIENTED_EDGE('',*,*,#2709,.F.);
#1451=ORIENTED_EDGE('',*,*,#2555,.F.);
#1452=ORIENTED_EDGE('',*,*,#2843,.T.);
#1453=ORIENTED_EDGE('',*,*,#2710,.F.);
#1454=ORIENTED_EDGE('',*,*,#2842,.T.);
#1455=ORIENTED_EDGE('',*,*,#2843,.F.);
#1456=ORIENTED_EDGE('',*,*,#2789,.F.);
#1457=ORIENTED_EDGE('',*,*,#2844,.F.);
#1458=ORIENTED_EDGE('',*,*,#2844,.T.);
#1459=ORIENTED_EDGE('',*,*,#2788,.F.);
#1460=ORIENTED_EDGE('',*,*,#2845,.F.);
#1461=ORIENTED_EDGE('',*,*,#2711,.F.);
#1462=ORIENTED_EDGE('',*,*,#2845,.T.);
#1463=ORIENTED_EDGE('',*,*,#2572,.F.);
#1464=ORIENTED_EDGE('',*,*,#2846,.F.);
#1465=ORIENTED_EDGE('',*,*,#2712,.F.);
#1466=ORIENTED_EDGE('',*,*,#2846,.T.);
#1467=ORIENTED_EDGE('',*,*,#2795,.F.);
#1468=ORIENTED_EDGE('',*,*,#2847,.F.);
#1469=ORIENTED_EDGE('',*,*,#2713,.F.);
#1470=ORIENTED_EDGE('',*,*,#2847,.T.);
#1471=ORIENTED_EDGE('',*,*,#2797,.F.);
#1472=ORIENTED_EDGE('',*,*,#2848,.F.);
#1473=ORIENTED_EDGE('',*,*,#2714,.F.);
#1474=ORIENTED_EDGE('',*,*,#2848,.T.);
#1475=ORIENTED_EDGE('',*,*,#2696,.F.);
#1476=ORIENTED_EDGE('',*,*,#2849,.F.);
#1477=ORIENTED_EDGE('',*,*,#2707,.F.);
#1478=ORIENTED_EDGE('',*,*,#2840,.F.);
#1479=ORIENTED_EDGE('',*,*,#2849,.T.);
#1480=ORIENTED_EDGE('',*,*,#2695,.T.);
#1481=ORIENTED_EDGE('',*,*,#2825,.F.);
#1482=ORIENTED_EDGE('',*,*,#2552,.F.);
#1483=ORIENTED_EDGE('',*,*,#2850,.F.);
#1484=ORIENTED_EDGE('',*,*,#2851,.F.);
#1485=ORIENTED_EDGE('',*,*,#2852,.F.);
#1486=ORIENTED_EDGE('',*,*,#2853,.F.);
#1487=ORIENTED_EDGE('',*,*,#2854,.F.);
#1488=ORIENTED_EDGE('',*,*,#2855,.F.);
#1489=ORIENTED_EDGE('',*,*,#2856,.F.);
#1490=ORIENTED_EDGE('',*,*,#2857,.F.);
#1491=ORIENTED_EDGE('',*,*,#2703,.F.);
#1492=ORIENTED_EDGE('',*,*,#2858,.F.);
#1493=ORIENTED_EDGE('',*,*,#2859,.T.);
#1494=ORIENTED_EDGE('',*,*,#2860,.F.);
#1495=ORIENTED_EDGE('',*,*,#2859,.F.);
#1496=ORIENTED_EDGE('',*,*,#2861,.F.);
#1497=ORIENTED_EDGE('',*,*,#2551,.T.);
#1498=ORIENTED_EDGE('',*,*,#2862,.F.);
#1499=ORIENTED_EDGE('',*,*,#2863,.F.);
#1500=ORIENTED_EDGE('',*,*,#2864,.F.);
#1501=ORIENTED_EDGE('',*,*,#2865,.F.);
#1502=ORIENTED_EDGE('',*,*,#2866,.F.);
#1503=ORIENTED_EDGE('',*,*,#2867,.F.);
#1504=ORIENTED_EDGE('',*,*,#2868,.F.);
#1505=ORIENTED_EDGE('',*,*,#2869,.F.);
#1506=ORIENTED_EDGE('',*,*,#2870,.F.);
#1507=ORIENTED_EDGE('',*,*,#2871,.F.);
#1508=ORIENTED_EDGE('',*,*,#2554,.T.);
#1509=ORIENTED_EDGE('',*,*,#2553,.T.);
#1510=ORIENTED_EDGE('',*,*,#2872,.T.);
#1511=ORIENTED_EDGE('',*,*,#2545,.T.);
#1512=ORIENTED_EDGE('',*,*,#2873,.F.);
#1513=ORIENTED_EDGE('',*,*,#2864,.T.);
#1514=ORIENTED_EDGE('',*,*,#2874,.F.);
#1515=ORIENTED_EDGE('',*,*,#2546,.T.);
#1516=ORIENTED_EDGE('',*,*,#2872,.F.);
#1517=ORIENTED_EDGE('',*,*,#2875,.F.);
#1518=ORIENTED_EDGE('',*,*,#2876,.T.);
#1519=ORIENTED_EDGE('',*,*,#2874,.T.);
#1520=ORIENTED_EDGE('',*,*,#2863,.T.);
#1521=ORIENTED_EDGE('',*,*,#2877,.F.);
#1522=ORIENTED_EDGE('',*,*,#2878,.F.);
#1523=ORIENTED_EDGE('',*,*,#2879,.T.);
#1524=ORIENTED_EDGE('',*,*,#2541,.F.);
#1525=ORIENTED_EDGE('',*,*,#2876,.F.);
#1526=ORIENTED_EDGE('',*,*,#2880,.F.);
#1527=ORIENTED_EDGE('',*,*,#2881,.T.);
#1528=ORIENTED_EDGE('',*,*,#2882,.T.);
#1529=ORIENTED_EDGE('',*,*,#2725,.F.);
#1530=ORIENTED_EDGE('',*,*,#2882,.F.);
#1531=ORIENTED_EDGE('',*,*,#2883,.T.);
#1532=ORIENTED_EDGE('',*,*,#2884,.T.);
#1533=ORIENTED_EDGE('',*,*,#2726,.F.);
#1534=ORIENTED_EDGE('',*,*,#2884,.F.);
#1535=ORIENTED_EDGE('',*,*,#2885,.T.);
#1536=ORIENTED_EDGE('',*,*,#2886,.T.);
#1537=ORIENTED_EDGE('',*,*,#2727,.F.);
#1538=ORIENTED_EDGE('',*,*,#2886,.F.);
#1539=ORIENTED_EDGE('',*,*,#2887,.T.);
#1540=ORIENTED_EDGE('',*,*,#2888,.T.);
#1541=ORIENTED_EDGE('',*,*,#2728,.F.);
#1542=ORIENTED_EDGE('',*,*,#2888,.F.);
#1543=ORIENTED_EDGE('',*,*,#2889,.T.);
#1544=ORIENTED_EDGE('',*,*,#2890,.T.);
#1545=ORIENTED_EDGE('',*,*,#2729,.F.);
#1546=ORIENTED_EDGE('',*,*,#2890,.F.);
#1547=ORIENTED_EDGE('',*,*,#2891,.T.);
#1548=ORIENTED_EDGE('',*,*,#2880,.T.);
#1549=ORIENTED_EDGE('',*,*,#2730,.F.);
#1550=ORIENTED_EDGE('',*,*,#2892,.T.);
#1551=ORIENTED_EDGE('',*,*,#2893,.T.);
#1552=ORIENTED_EDGE('',*,*,#2894,.T.);
#1553=ORIENTED_EDGE('',*,*,#2895,.T.);
#1554=ORIENTED_EDGE('',*,*,#2896,.T.);
#1555=ORIENTED_EDGE('',*,*,#2897,.T.);
#1556=ORIENTED_EDGE('',*,*,#2773,.T.);
#1557=ORIENTED_EDGE('',*,*,#2898,.T.);
#1558=ORIENTED_EDGE('',*,*,#2873,.T.);
#1559=ORIENTED_EDGE('',*,*,#2898,.F.);
#1560=ORIENTED_EDGE('',*,*,#2772,.T.);
#1561=ORIENTED_EDGE('',*,*,#2899,.T.);
#1562=ORIENTED_EDGE('',*,*,#2875,.T.);
#1563=ORIENTED_EDGE('',*,*,#2899,.F.);
#1564=ORIENTED_EDGE('',*,*,#2771,.T.);
#1565=ORIENTED_EDGE('',*,*,#2900,.T.);
#1566=ORIENTED_EDGE('',*,*,#2865,.T.);
#1567=ORIENTED_EDGE('',*,*,#2900,.F.);
#1568=ORIENTED_EDGE('',*,*,#2792,.T.);
#1569=ORIENTED_EDGE('',*,*,#2901,.T.);
#1570=ORIENTED_EDGE('',*,*,#2866,.T.);
#1571=ORIENTED_EDGE('',*,*,#2901,.F.);
#1572=ORIENTED_EDGE('',*,*,#2548,.T.);
#1573=ORIENTED_EDGE('',*,*,#2547,.T.);
#1574=ORIENTED_EDGE('',*,*,#2902,.T.);
#1575=ORIENTED_EDGE('',*,*,#2867,.T.);
#1576=ORIENTED_EDGE('',*,*,#2902,.F.);
#1577=ORIENTED_EDGE('',*,*,#2861,.T.);
#1578=ORIENTED_EDGE('',*,*,#2903,.T.);
#1579=ORIENTED_EDGE('',*,*,#2868,.T.);
#1580=ORIENTED_EDGE('',*,*,#2752,.T.);
#1581=ORIENTED_EDGE('',*,*,#2904,.F.);
#1582=ORIENTED_EDGE('',*,*,#2878,.T.);
#1583=ORIENTED_EDGE('',*,*,#2905,.T.);
#1584=ORIENTED_EDGE('',*,*,#2903,.F.);
#1585=ORIENTED_EDGE('',*,*,#2858,.T.);
#1586=ORIENTED_EDGE('',*,*,#2906,.T.);
#1587=ORIENTED_EDGE('',*,*,#2869,.T.);
#1588=ORIENTED_EDGE('',*,*,#2905,.F.);
#1589=ORIENTED_EDGE('',*,*,#2877,.T.);
#1590=ORIENTED_EDGE('',*,*,#2907,.T.);
#1591=ORIENTED_EDGE('',*,*,#2753,.T.);
#1592=ORIENTED_EDGE('',*,*,#2906,.F.);
#1593=ORIENTED_EDGE('',*,*,#2702,.T.);
#1594=ORIENTED_EDGE('',*,*,#2908,.T.);
#1595=ORIENTED_EDGE('',*,*,#2870,.T.);
#1596=ORIENTED_EDGE('',*,*,#2907,.F.);
#1597=ORIENTED_EDGE('',*,*,#2871,.T.);
#1598=ORIENTED_EDGE('',*,*,#2908,.F.);
#1599=ORIENTED_EDGE('',*,*,#2701,.T.);
#1600=ORIENTED_EDGE('',*,*,#2754,.T.);
#1601=ORIENTED_EDGE('',*,*,#2857,.T.);
#1602=ORIENTED_EDGE('',*,*,#2909,.T.);
#1603=ORIENTED_EDGE('',*,*,#2824,.T.);
#1604=ORIENTED_EDGE('',*,*,#2910,.F.);
#1605=ORIENTED_EDGE('',*,*,#2909,.F.);
#1606=ORIENTED_EDGE('',*,*,#2856,.T.);
#1607=ORIENTED_EDGE('',*,*,#2911,.T.);
#1608=ORIENTED_EDGE('',*,*,#2828,.T.);
#1609=ORIENTED_EDGE('',*,*,#2557,.T.);
#1610=ORIENTED_EDGE('',*,*,#2911,.F.);
#1611=ORIENTED_EDGE('',*,*,#2855,.T.);
#1612=ORIENTED_EDGE('',*,*,#2912,.F.);
#1613=ORIENTED_EDGE('',*,*,#2912,.T.);
#1614=ORIENTED_EDGE('',*,*,#2913,.T.);
#1615=ORIENTED_EDGE('',*,*,#2790,.T.);
#1616=ORIENTED_EDGE('',*,*,#2913,.F.);
#1617=ORIENTED_EDGE('',*,*,#2854,.T.);
#1618=ORIENTED_EDGE('',*,*,#2914,.T.);
#1619=ORIENTED_EDGE('',*,*,#2791,.T.);
#1620=ORIENTED_EDGE('',*,*,#2914,.F.);
#1621=ORIENTED_EDGE('',*,*,#2853,.T.);
#1622=ORIENTED_EDGE('',*,*,#2915,.T.);
#1623=ORIENTED_EDGE('',*,*,#2550,.T.);
#1624=ORIENTED_EDGE('',*,*,#2915,.F.);
#1625=ORIENTED_EDGE('',*,*,#2852,.T.);
#1626=ORIENTED_EDGE('',*,*,#2916,.T.);
#1627=ORIENTED_EDGE('',*,*,#2862,.T.);
#1628=ORIENTED_EDGE('',*,*,#2916,.F.);
#1629=ORIENTED_EDGE('',*,*,#2851,.T.);
#1630=ORIENTED_EDGE('',*,*,#2917,.T.);
#1631=ORIENTED_EDGE('',*,*,#2860,.T.);
#1632=ORIENTED_EDGE('',*,*,#2917,.F.);
#1633=ORIENTED_EDGE('',*,*,#2850,.T.);
#1634=ORIENTED_EDGE('',*,*,#2918,.T.);
#1635=ORIENTED_EDGE('',*,*,#2704,.T.);
#1636=ORIENTED_EDGE('',*,*,#2910,.T.);
#1637=ORIENTED_EDGE('',*,*,#2826,.T.);
#1638=ORIENTED_EDGE('',*,*,#2705,.F.);
#1639=ORIENTED_EDGE('',*,*,#2918,.F.);
#1640=ORIENTED_EDGE('',*,*,#2749,.T.);
#1641=ORIENTED_EDGE('',*,*,#2919,.T.);
#1642=ORIENTED_EDGE('',*,*,#2920,.T.);
#1643=ORIENTED_EDGE('',*,*,#2921,.T.);
#1644=ORIENTED_EDGE('',*,*,#2922,.T.);
#1645=ORIENTED_EDGE('',*,*,#2923,.T.);
#1646=ORIENTED_EDGE('',*,*,#2746,.T.);
#1647=ORIENTED_EDGE('',*,*,#2924,.F.);
#1648=ORIENTED_EDGE('',*,*,#2925,.F.);
#1649=ORIENTED_EDGE('',*,*,#2926,.T.);
#1650=ORIENTED_EDGE('',*,*,#2927,.F.);
#1651=ORIENTED_EDGE('',*,*,#2928,.T.);
#1652=ORIENTED_EDGE('',*,*,#2929,.F.);
#1653=ORIENTED_EDGE('',*,*,#2930,.F.);
#1654=ORIENTED_EDGE('',*,*,#2931,.T.);
#1655=ORIENTED_EDGE('',*,*,#2932,.F.);
#1656=ORIENTED_EDGE('',*,*,#2933,.T.);
#1657=ORIENTED_EDGE('',*,*,#2934,.T.);
#1658=ORIENTED_EDGE('',*,*,#2538,.F.);
#1659=ORIENTED_EDGE('',*,*,#2935,.F.);
#1660=ORIENTED_EDGE('',*,*,#2936,.F.);
#1661=ORIENTED_EDGE('',*,*,#2937,.F.);
#1662=ORIENTED_EDGE('',*,*,#2938,.F.);
#1663=ORIENTED_EDGE('',*,*,#2939,.F.);
#1664=ORIENTED_EDGE('',*,*,#2940,.F.);
#1665=ORIENTED_EDGE('',*,*,#2941,.F.);
#1666=ORIENTED_EDGE('',*,*,#2942,.F.);
#1667=ORIENTED_EDGE('',*,*,#2926,.F.);
#1668=ORIENTED_EDGE('',*,*,#2943,.F.);
#1669=ORIENTED_EDGE('',*,*,#2944,.T.);
#1670=ORIENTED_EDGE('',*,*,#2945,.F.);
#1671=ORIENTED_EDGE('',*,*,#2944,.F.);
#1672=ORIENTED_EDGE('',*,*,#2946,.F.);
#1673=ORIENTED_EDGE('',*,*,#2537,.T.);
#1674=ORIENTED_EDGE('',*,*,#2947,.F.);
#1675=ORIENTED_EDGE('',*,*,#2948,.F.);
#1676=ORIENTED_EDGE('',*,*,#2535,.F.);
#1677=ORIENTED_EDGE('',*,*,#2949,.F.);
#1678=ORIENTED_EDGE('',*,*,#2777,.T.);
#1679=ORIENTED_EDGE('',*,*,#2950,.T.);
#1680=ORIENTED_EDGE('',*,*,#2525,.T.);
#1681=ORIENTED_EDGE('',*,*,#2951,.T.);
#1682=ORIENTED_EDGE('',*,*,#2952,.T.);
#1683=ORIENTED_EDGE('',*,*,#2530,.F.);
#1684=ORIENTED_EDGE('',*,*,#2953,.F.);
#1685=ORIENTED_EDGE('',*,*,#2954,.F.);
#1686=ORIENTED_EDGE('',*,*,#2955,.F.);
#1687=ORIENTED_EDGE('',*,*,#2956,.F.);
#1688=ORIENTED_EDGE('',*,*,#2957,.F.);
#1689=ORIENTED_EDGE('',*,*,#2958,.F.);
#1690=ORIENTED_EDGE('',*,*,#2959,.F.);
#1691=ORIENTED_EDGE('',*,*,#2960,.F.);
#1692=ORIENTED_EDGE('',*,*,#2961,.F.);
#1693=ORIENTED_EDGE('',*,*,#2962,.F.);
#1694=ORIENTED_EDGE('',*,*,#2540,.T.);
#1695=ORIENTED_EDGE('',*,*,#2539,.T.);
#1696=ORIENTED_EDGE('',*,*,#2963,.T.);
#1697=ORIENTED_EDGE('',*,*,#2567,.T.);
#1698=ORIENTED_EDGE('',*,*,#2964,.F.);
#1699=ORIENTED_EDGE('',*,*,#2955,.T.);
#1700=ORIENTED_EDGE('',*,*,#2965,.F.);
#1701=ORIENTED_EDGE('',*,*,#2568,.T.);
#1702=ORIENTED_EDGE('',*,*,#2963,.F.);
#1703=ORIENTED_EDGE('',*,*,#2966,.F.);
#1704=ORIENTED_EDGE('',*,*,#2744,.T.);
#1705=ORIENTED_EDGE('',*,*,#2965,.T.);
#1706=ORIENTED_EDGE('',*,*,#2954,.T.);
#1707=ORIENTED_EDGE('',*,*,#2967,.F.);
#1708=ORIENTED_EDGE('',*,*,#2968,.F.);
#1709=ORIENTED_EDGE('',*,*,#2969,.T.);
#1710=ORIENTED_EDGE('',*,*,#2970,.T.);
#1711=ORIENTED_EDGE('',*,*,#2731,.F.);
#1712=ORIENTED_EDGE('',*,*,#2970,.F.);
#1713=ORIENTED_EDGE('',*,*,#2971,.T.);
#1714=ORIENTED_EDGE('',*,*,#2972,.T.);
#1715=ORIENTED_EDGE('',*,*,#2732,.F.);
#1716=ORIENTED_EDGE('',*,*,#2972,.F.);
#1717=ORIENTED_EDGE('',*,*,#2973,.T.);
#1718=ORIENTED_EDGE('',*,*,#2974,.T.);
#1719=ORIENTED_EDGE('',*,*,#2733,.F.);
#1720=ORIENTED_EDGE('',*,*,#2974,.F.);
#1721=ORIENTED_EDGE('',*,*,#2975,.T.);
#1722=ORIENTED_EDGE('',*,*,#2976,.T.);
#1723=ORIENTED_EDGE('',*,*,#2734,.F.);
#1724=ORIENTED_EDGE('',*,*,#2976,.F.);
#1725=ORIENTED_EDGE('',*,*,#2977,.T.);
#1726=ORIENTED_EDGE('',*,*,#2978,.T.);
#1727=ORIENTED_EDGE('',*,*,#2735,.F.);
#1728=ORIENTED_EDGE('',*,*,#2978,.F.);
#1729=ORIENTED_EDGE('',*,*,#2979,.T.);
#1730=ORIENTED_EDGE('',*,*,#2968,.T.);
#1731=ORIENTED_EDGE('',*,*,#2736,.F.);
#1732=ORIENTED_EDGE('',*,*,#2980,.T.);
#1733=ORIENTED_EDGE('',*,*,#2981,.T.);
#1734=ORIENTED_EDGE('',*,*,#2982,.T.);
#1735=ORIENTED_EDGE('',*,*,#2983,.T.);
#1736=ORIENTED_EDGE('',*,*,#2984,.T.);
#1737=ORIENTED_EDGE('',*,*,#2985,.T.);
#1738=ORIENTED_EDGE('',*,*,#2986,.F.);
#1739=ORIENTED_EDGE('',*,*,#2987,.T.);
#1740=ORIENTED_EDGE('',*,*,#2988,.T.);
#1741=ORIENTED_EDGE('',*,*,#2989,.T.);
#1742=ORIENTED_EDGE('',*,*,#2990,.T.);
#1743=ORIENTED_EDGE('',*,*,#2991,.T.);
#1744=ORIENTED_EDGE('',*,*,#2992,.F.);
#1745=ORIENTED_EDGE('',*,*,#2993,.F.);
#1746=ORIENTED_EDGE('',*,*,#2992,.T.);
#1747=ORIENTED_EDGE('',*,*,#2994,.T.);
#1748=ORIENTED_EDGE('',*,*,#2929,.T.);
#1749=ORIENTED_EDGE('',*,*,#2995,.F.);
#1750=ORIENTED_EDGE('',*,*,#2532,.F.);
#1751=ORIENTED_EDGE('',*,*,#2996,.T.);
#1752=ORIENTED_EDGE('',*,*,#2990,.F.);
#1753=ORIENTED_EDGE('',*,*,#2997,.F.);
#1754=ORIENTED_EDGE('',*,*,#2780,.T.);
#1755=ORIENTED_EDGE('',*,*,#2998,.T.);
#1756=ORIENTED_EDGE('',*,*,#2964,.T.);
#1757=ORIENTED_EDGE('',*,*,#2998,.F.);
#1758=ORIENTED_EDGE('',*,*,#2779,.T.);
#1759=ORIENTED_EDGE('',*,*,#2999,.T.);
#1760=ORIENTED_EDGE('',*,*,#2966,.T.);
#1761=ORIENTED_EDGE('',*,*,#2999,.F.);
#1762=ORIENTED_EDGE('',*,*,#2778,.T.);
#1763=ORIENTED_EDGE('',*,*,#3000,.T.);
#1764=ORIENTED_EDGE('',*,*,#2956,.T.);
#1765=ORIENTED_EDGE('',*,*,#3000,.F.);
#1766=ORIENTED_EDGE('',*,*,#2949,.T.);
#1767=ORIENTED_EDGE('',*,*,#3001,.T.);
#1768=ORIENTED_EDGE('',*,*,#2957,.T.);
#1769=ORIENTED_EDGE('',*,*,#3001,.F.);
#1770=ORIENTED_EDGE('',*,*,#2534,.T.);
#1771=ORIENTED_EDGE('',*,*,#2533,.T.);
#1772=ORIENTED_EDGE('',*,*,#3002,.T.);
#1773=ORIENTED_EDGE('',*,*,#2958,.T.);
#1774=ORIENTED_EDGE('',*,*,#3002,.F.);
#1775=ORIENTED_EDGE('',*,*,#2946,.T.);
#1776=ORIENTED_EDGE('',*,*,#3003,.T.);
#1777=ORIENTED_EDGE('',*,*,#2959,.T.);
#1778=ORIENTED_EDGE('',*,*,#3003,.F.);
#1779=ORIENTED_EDGE('',*,*,#2943,.T.);
#1780=ORIENTED_EDGE('',*,*,#3004,.T.);
#1781=ORIENTED_EDGE('',*,*,#2960,.T.);
#1782=ORIENTED_EDGE('',*,*,#2835,.F.);
#1783=ORIENTED_EDGE('',*,*,#2967,.T.);
#1784=ORIENTED_EDGE('',*,*,#3005,.T.);
#1785=ORIENTED_EDGE('',*,*,#2758,.T.);
#1786=ORIENTED_EDGE('',*,*,#3004,.F.);
#1787=ORIENTED_EDGE('',*,*,#2925,.T.);
#1788=ORIENTED_EDGE('',*,*,#3006,.T.);
#1789=ORIENTED_EDGE('',*,*,#2961,.T.);
#1790=ORIENTED_EDGE('',*,*,#3005,.F.);
#1791=ORIENTED_EDGE('',*,*,#2962,.T.);
#1792=ORIENTED_EDGE('',*,*,#3006,.F.);
#1793=ORIENTED_EDGE('',*,*,#2924,.T.);
#1794=ORIENTED_EDGE('',*,*,#2759,.T.);
#1795=ORIENTED_EDGE('',*,*,#2942,.T.);
#1796=ORIENTED_EDGE('',*,*,#3007,.T.);
#1797=ORIENTED_EDGE('',*,*,#2993,.T.);
#1798=ORIENTED_EDGE('',*,*,#3008,.F.);
#1799=ORIENTED_EDGE('',*,*,#3007,.F.);
#1800=ORIENTED_EDGE('',*,*,#2941,.T.);
#1801=ORIENTED_EDGE('',*,*,#3009,.T.);
#1802=ORIENTED_EDGE('',*,*,#2997,.T.);
#1803=ORIENTED_EDGE('',*,*,#3010,.F.);
#1804=ORIENTED_EDGE('',*,*,#2529,.T.);
#1805=ORIENTED_EDGE('',*,*,#3009,.F.);
#1806=ORIENTED_EDGE('',*,*,#2940,.T.);
#1807=ORIENTED_EDGE('',*,*,#3010,.T.);
#1808=ORIENTED_EDGE('',*,*,#3011,.T.);
#1809=ORIENTED_EDGE('',*,*,#2953,.T.);
#1810=ORIENTED_EDGE('',*,*,#3011,.F.);
#1811=ORIENTED_EDGE('',*,*,#2939,.T.);
#1812=ORIENTED_EDGE('',*,*,#3012,.T.);
#1813=ORIENTED_EDGE('',*,*,#2948,.T.);
#1814=ORIENTED_EDGE('',*,*,#3012,.F.);
#1815=ORIENTED_EDGE('',*,*,#2938,.T.);
#1816=ORIENTED_EDGE('',*,*,#3013,.T.);
#1817=ORIENTED_EDGE('',*,*,#2536,.T.);
#1818=ORIENTED_EDGE('',*,*,#3013,.F.);
#1819=ORIENTED_EDGE('',*,*,#2937,.T.);
#1820=ORIENTED_EDGE('',*,*,#3014,.T.);
#1821=ORIENTED_EDGE('',*,*,#2947,.T.);
#1822=ORIENTED_EDGE('',*,*,#3014,.F.);
#1823=ORIENTED_EDGE('',*,*,#2936,.T.);
#1824=ORIENTED_EDGE('',*,*,#3015,.T.);
#1825=ORIENTED_EDGE('',*,*,#2945,.T.);
#1826=ORIENTED_EDGE('',*,*,#3015,.F.);
#1827=ORIENTED_EDGE('',*,*,#2935,.T.);
#1828=ORIENTED_EDGE('',*,*,#3016,.T.);
#1829=ORIENTED_EDGE('',*,*,#2927,.T.);
#1830=ORIENTED_EDGE('',*,*,#3008,.T.);
#1831=ORIENTED_EDGE('',*,*,#2995,.T.);
#1832=ORIENTED_EDGE('',*,*,#2928,.F.);
#1833=ORIENTED_EDGE('',*,*,#3016,.F.);
#1834=ORIENTED_EDGE('',*,*,#2526,.T.);
#1835=ORIENTED_EDGE('',*,*,#3017,.T.);
#1836=ORIENTED_EDGE('',*,*,#3018,.T.);
#1837=ORIENTED_EDGE('',*,*,#3019,.T.);
#1838=ORIENTED_EDGE('',*,*,#3020,.T.);
#1839=ORIENTED_EDGE('',*,*,#3021,.T.);
#1840=ORIENTED_EDGE('',*,*,#3022,.T.);
#1841=ORIENTED_EDGE('',*,*,#3023,.T.);
#1842=ORIENTED_EDGE('',*,*,#3024,.T.);
#1843=ORIENTED_EDGE('',*,*,#2932,.T.);
#1844=ORIENTED_EDGE('',*,*,#3025,.T.);
#1845=ORIENTED_EDGE('',*,*,#3026,.F.);
#1846=ORIENTED_EDGE('',*,*,#3027,.T.);
#1847=ORIENTED_EDGE('',*,*,#3026,.T.);
#1848=ORIENTED_EDGE('',*,*,#3028,.T.);
#1849=ORIENTED_EDGE('',*,*,#2523,.F.);
#1850=ORIENTED_EDGE('',*,*,#3029,.T.);
#1851=ORIENTED_EDGE('',*,*,#3030,.T.);
#1852=ORIENTED_EDGE('',*,*,#3031,.T.);
#1853=ORIENTED_EDGE('',*,*,#3032,.T.);
#1854=ORIENTED_EDGE('',*,*,#3033,.T.);
#1855=ORIENTED_EDGE('',*,*,#3034,.T.);
#1856=ORIENTED_EDGE('',*,*,#3035,.T.);
#1857=ORIENTED_EDGE('',*,*,#3036,.T.);
#1858=ORIENTED_EDGE('',*,*,#3037,.T.);
#1859=ORIENTED_EDGE('',*,*,#3038,.T.);
#1860=ORIENTED_EDGE('',*,*,#2527,.F.);
#1861=ORIENTED_EDGE('',*,*,#2528,.F.);
#1862=ORIENTED_EDGE('',*,*,#3039,.F.);
#1863=ORIENTED_EDGE('',*,*,#3040,.T.);
#1864=ORIENTED_EDGE('',*,*,#2543,.F.);
#1865=ORIENTED_EDGE('',*,*,#3038,.F.);
#1866=ORIENTED_EDGE('',*,*,#3041,.T.);
#1867=ORIENTED_EDGE('',*,*,#3039,.T.);
#1868=ORIENTED_EDGE('',*,*,#2542,.F.);
#1869=ORIENTED_EDGE('',*,*,#3042,.T.);
#1870=ORIENTED_EDGE('',*,*,#2879,.F.);
#1871=ORIENTED_EDGE('',*,*,#3043,.T.);
#1872=ORIENTED_EDGE('',*,*,#3030,.F.);
#1873=ORIENTED_EDGE('',*,*,#3042,.F.);
#1874=ORIENTED_EDGE('',*,*,#3044,.F.);
#1875=ORIENTED_EDGE('',*,*,#3045,.T.);
#1876=ORIENTED_EDGE('',*,*,#3046,.T.);
#1877=ORIENTED_EDGE('',*,*,#2737,.T.);
#1878=ORIENTED_EDGE('',*,*,#3047,.F.);
#1879=ORIENTED_EDGE('',*,*,#3048,.T.);
#1880=ORIENTED_EDGE('',*,*,#3044,.T.);
#1881=ORIENTED_EDGE('',*,*,#2742,.T.);
#1882=ORIENTED_EDGE('',*,*,#3049,.F.);
#1883=ORIENTED_EDGE('',*,*,#3050,.T.);
#1884=ORIENTED_EDGE('',*,*,#3047,.T.);
#1885=ORIENTED_EDGE('',*,*,#2741,.T.);
#1886=ORIENTED_EDGE('',*,*,#3051,.F.);
#1887=ORIENTED_EDGE('',*,*,#3052,.T.);
#1888=ORIENTED_EDGE('',*,*,#3049,.T.);
#1889=ORIENTED_EDGE('',*,*,#2740,.T.);
#1890=ORIENTED_EDGE('',*,*,#3053,.F.);
#1891=ORIENTED_EDGE('',*,*,#3054,.T.);
#1892=ORIENTED_EDGE('',*,*,#3051,.T.);
#1893=ORIENTED_EDGE('',*,*,#2739,.T.);
#1894=ORIENTED_EDGE('',*,*,#3046,.F.);
#1895=ORIENTED_EDGE('',*,*,#3055,.T.);
#1896=ORIENTED_EDGE('',*,*,#3053,.T.);
#1897=ORIENTED_EDGE('',*,*,#2738,.T.);
#1898=ORIENTED_EDGE('',*,*,#3056,.T.);
#1899=ORIENTED_EDGE('',*,*,#3057,.T.);
#1900=ORIENTED_EDGE('',*,*,#3058,.T.);
#1901=ORIENTED_EDGE('',*,*,#3059,.T.);
#1902=ORIENTED_EDGE('',*,*,#3060,.T.);
#1903=ORIENTED_EDGE('',*,*,#3061,.T.);
#1904=ORIENTED_EDGE('',*,*,#2774,.F.);
#1905=ORIENTED_EDGE('',*,*,#3040,.F.);
#1906=ORIENTED_EDGE('',*,*,#3062,.F.);
#1907=ORIENTED_EDGE('',*,*,#3062,.T.);
#1908=ORIENTED_EDGE('',*,*,#3041,.F.);
#1909=ORIENTED_EDGE('',*,*,#3063,.F.);
#1910=ORIENTED_EDGE('',*,*,#2775,.F.);
#1911=ORIENTED_EDGE('',*,*,#3063,.T.);
#1912=ORIENTED_EDGE('',*,*,#3037,.F.);
#1913=ORIENTED_EDGE('',*,*,#3064,.F.);
#1914=ORIENTED_EDGE('',*,*,#2776,.F.);
#1915=ORIENTED_EDGE('',*,*,#3064,.T.);
#1916=ORIENTED_EDGE('',*,*,#3036,.F.);
#1917=ORIENTED_EDGE('',*,*,#3065,.F.);
#1918=ORIENTED_EDGE('',*,*,#2950,.F.);
#1919=ORIENTED_EDGE('',*,*,#3065,.T.);
#1920=ORIENTED_EDGE('',*,*,#3035,.F.);
#1921=ORIENTED_EDGE('',*,*,#3066,.F.);
#1922=ORIENTED_EDGE('',*,*,#2522,.F.);
#1923=ORIENTED_EDGE('',*,*,#2521,.F.);
#1924=ORIENTED_EDGE('',*,*,#3066,.T.);
#1925=ORIENTED_EDGE('',*,*,#3034,.F.);
#1926=ORIENTED_EDGE('',*,*,#3067,.F.);
#1927=ORIENTED_EDGE('',*,*,#3029,.F.);
#1928=ORIENTED_EDGE('',*,*,#3067,.T.);
#1929=ORIENTED_EDGE('',*,*,#3033,.F.);
#1930=ORIENTED_EDGE('',*,*,#3068,.F.);
#1931=ORIENTED_EDGE('',*,*,#3027,.F.);
#1932=ORIENTED_EDGE('',*,*,#2904,.T.);
#1933=ORIENTED_EDGE('',*,*,#2751,.F.);
#1934=ORIENTED_EDGE('',*,*,#3069,.F.);
#1935=ORIENTED_EDGE('',*,*,#3043,.F.);
#1936=ORIENTED_EDGE('',*,*,#3068,.T.);
#1937=ORIENTED_EDGE('',*,*,#3032,.F.);
#1938=ORIENTED_EDGE('',*,*,#3070,.F.);
#1939=ORIENTED_EDGE('',*,*,#2933,.F.);
#1940=ORIENTED_EDGE('',*,*,#3069,.T.);
#1941=ORIENTED_EDGE('',*,*,#2750,.F.);
#1942=ORIENTED_EDGE('',*,*,#2934,.F.);
#1943=ORIENTED_EDGE('',*,*,#3070,.T.);
#1944=ORIENTED_EDGE('',*,*,#3031,.F.);
#1945=ORIENTED_EDGE('',*,*,#3018,.F.);
#1946=ORIENTED_EDGE('',*,*,#3071,.T.);
#1947=ORIENTED_EDGE('',*,*,#2991,.F.);
#1948=ORIENTED_EDGE('',*,*,#3072,.F.);
#1949=ORIENTED_EDGE('',*,*,#3072,.T.);
#1950=ORIENTED_EDGE('',*,*,#2996,.F.);
#1951=ORIENTED_EDGE('',*,*,#3073,.F.);
#1952=ORIENTED_EDGE('',*,*,#3019,.F.);
#1953=ORIENTED_EDGE('',*,*,#2531,.F.);
#1954=ORIENTED_EDGE('',*,*,#3074,.T.);
#1955=ORIENTED_EDGE('',*,*,#3020,.F.);
#1956=ORIENTED_EDGE('',*,*,#3073,.T.);
#1957=ORIENTED_EDGE('',*,*,#3074,.F.);
#1958=ORIENTED_EDGE('',*,*,#2952,.F.);
#1959=ORIENTED_EDGE('',*,*,#3075,.F.);
#1960=ORIENTED_EDGE('',*,*,#3075,.T.);
#1961=ORIENTED_EDGE('',*,*,#2951,.F.);
#1962=ORIENTED_EDGE('',*,*,#3076,.F.);
#1963=ORIENTED_EDGE('',*,*,#3021,.F.);
#1964=ORIENTED_EDGE('',*,*,#3076,.T.);
#1965=ORIENTED_EDGE('',*,*,#2524,.F.);
#1966=ORIENTED_EDGE('',*,*,#3077,.F.);
#1967=ORIENTED_EDGE('',*,*,#3022,.F.);
#1968=ORIENTED_EDGE('',*,*,#3077,.T.);
#1969=ORIENTED_EDGE('',*,*,#3028,.F.);
#1970=ORIENTED_EDGE('',*,*,#3078,.F.);
#1971=ORIENTED_EDGE('',*,*,#3023,.F.);
#1972=ORIENTED_EDGE('',*,*,#3078,.T.);
#1973=ORIENTED_EDGE('',*,*,#3025,.F.);
#1974=ORIENTED_EDGE('',*,*,#3079,.F.);
#1975=ORIENTED_EDGE('',*,*,#3024,.F.);
#1976=ORIENTED_EDGE('',*,*,#3079,.T.);
#1977=ORIENTED_EDGE('',*,*,#2931,.F.);
#1978=ORIENTED_EDGE('',*,*,#3080,.F.);
#1979=ORIENTED_EDGE('',*,*,#3017,.F.);
#1980=ORIENTED_EDGE('',*,*,#3071,.F.);
#1981=ORIENTED_EDGE('',*,*,#3080,.T.);
#1982=ORIENTED_EDGE('',*,*,#2930,.T.);
#1983=ORIENTED_EDGE('',*,*,#2994,.F.);
#1984=ORIENTED_EDGE('',*,*,#3081,.T.);
#1985=ORIENTED_EDGE('',*,*,#3082,.T.);
#1986=ORIENTED_EDGE('',*,*,#3083,.T.);
#1987=ORIENTED_EDGE('',*,*,#3084,.T.);
#1988=ORIENTED_EDGE('',*,*,#3085,.T.);
#1989=ORIENTED_EDGE('',*,*,#3086,.T.);
#1990=ORIENTED_EDGE('',*,*,#3087,.T.);
#1991=ORIENTED_EDGE('',*,*,#3088,.T.);
#1992=ORIENTED_EDGE('',*,*,#3089,.T.);
#1993=ORIENTED_EDGE('',*,*,#3090,.T.);
#1994=ORIENTED_EDGE('',*,*,#2691,.T.);
#1995=ORIENTED_EDGE('',*,*,#3091,.T.);
#1996=ORIENTED_EDGE('',*,*,#2819,.F.);
#1997=ORIENTED_EDGE('',*,*,#3092,.T.);
#1998=ORIENTED_EDGE('',*,*,#2689,.T.);
#1999=ORIENTED_EDGE('',*,*,#3093,.T.);
#2000=ORIENTED_EDGE('',*,*,#2581,.F.);
#2001=ORIENTED_EDGE('',*,*,#2583,.F.);
#2002=ORIENTED_EDGE('',*,*,#2585,.F.);
#2003=ORIENTED_EDGE('',*,*,#2587,.F.);
#2004=ORIENTED_EDGE('',*,*,#2589,.F.);
#2005=ORIENTED_EDGE('',*,*,#2591,.F.);
#2006=ORIENTED_EDGE('',*,*,#2593,.F.);
#2007=ORIENTED_EDGE('',*,*,#2595,.F.);
#2008=ORIENTED_EDGE('',*,*,#2597,.F.);
#2009=ORIENTED_EDGE('',*,*,#2599,.F.);
#2010=ORIENTED_EDGE('',*,*,#2601,.F.);
#2011=ORIENTED_EDGE('',*,*,#2603,.F.);
#2012=ORIENTED_EDGE('',*,*,#2605,.F.);
#2013=ORIENTED_EDGE('',*,*,#2607,.F.);
#2014=ORIENTED_EDGE('',*,*,#2609,.F.);
#2015=ORIENTED_EDGE('',*,*,#2611,.F.);
#2016=ORIENTED_EDGE('',*,*,#2613,.F.);
#2017=ORIENTED_EDGE('',*,*,#2615,.F.);
#2018=ORIENTED_EDGE('',*,*,#2617,.F.);
#2019=ORIENTED_EDGE('',*,*,#2619,.F.);
#2020=ORIENTED_EDGE('',*,*,#2621,.F.);
#2021=ORIENTED_EDGE('',*,*,#3083,.F.);
#2022=ORIENTED_EDGE('',*,*,#3094,.T.);
#2023=ORIENTED_EDGE('',*,*,#3085,.F.);
#2024=ORIENTED_EDGE('',*,*,#3095,.T.);
#2025=ORIENTED_EDGE('',*,*,#3096,.T.);
#2026=ORIENTED_EDGE('',*,*,#3097,.T.);
#2027=ORIENTED_EDGE('',*,*,#3098,.T.);
#2028=ORIENTED_EDGE('',*,*,#3099,.T.);
#2029=ORIENTED_EDGE('',*,*,#3100,.T.);
#2030=ORIENTED_EDGE('',*,*,#3101,.T.);
#2031=ORIENTED_EDGE('',*,*,#3102,.T.);
#2032=ORIENTED_EDGE('',*,*,#3103,.T.);
#2033=ORIENTED_EDGE('',*,*,#3104,.T.);
#2034=ORIENTED_EDGE('',*,*,#3105,.T.);
#2035=ORIENTED_EDGE('',*,*,#3106,.T.);
#2036=ORIENTED_EDGE('',*,*,#3107,.T.);
#2037=ORIENTED_EDGE('',*,*,#3108,.T.);
#2038=ORIENTED_EDGE('',*,*,#3109,.T.);
#2039=ORIENTED_EDGE('',*,*,#3110,.T.);
#2040=ORIENTED_EDGE('',*,*,#3111,.T.);
#2041=ORIENTED_EDGE('',*,*,#3112,.T.);
#2042=ORIENTED_EDGE('',*,*,#3113,.T.);
#2043=ORIENTED_EDGE('',*,*,#3114,.T.);
#2044=ORIENTED_EDGE('',*,*,#3115,.T.);
#2045=ORIENTED_EDGE('',*,*,#3116,.T.);
#2046=ORIENTED_EDGE('',*,*,#3117,.T.);
#2047=ORIENTED_EDGE('',*,*,#3118,.T.);
#2048=ORIENTED_EDGE('',*,*,#3119,.T.);
#2049=ORIENTED_EDGE('',*,*,#3105,.F.);
#2050=ORIENTED_EDGE('',*,*,#3120,.T.);
#2051=ORIENTED_EDGE('',*,*,#3116,.F.);
#2052=ORIENTED_EDGE('',*,*,#3121,.F.);
#2053=ORIENTED_EDGE('',*,*,#3118,.F.);
#2054=ORIENTED_EDGE('',*,*,#3122,.T.);
#2055=ORIENTED_EDGE('',*,*,#3108,.F.);
#2056=ORIENTED_EDGE('',*,*,#3123,.F.);
#2057=ORIENTED_EDGE('',*,*,#3124,.T.);
#2058=ORIENTED_EDGE('',*,*,#3125,.T.);
#2059=ORIENTED_EDGE('',*,*,#3126,.T.);
#2060=ORIENTED_EDGE('',*,*,#3127,.T.);
#2061=ORIENTED_EDGE('',*,*,#3128,.F.);
#2062=ORIENTED_EDGE('',*,*,#3129,.T.);
#2063=ORIENTED_EDGE('',*,*,#3130,.F.);
#2064=ORIENTED_EDGE('',*,*,#3131,.T.);
#2065=ORIENTED_EDGE('',*,*,#3132,.T.);
#2066=ORIENTED_EDGE('',*,*,#3133,.T.);
#2067=ORIENTED_EDGE('',*,*,#3134,.T.);
#2068=ORIENTED_EDGE('',*,*,#3135,.T.);
#2069=ORIENTED_EDGE('',*,*,#3136,.T.);
#2070=ORIENTED_EDGE('',*,*,#3137,.F.);
#2071=ORIENTED_EDGE('',*,*,#3138,.T.);
#2072=ORIENTED_EDGE('',*,*,#3139,.T.);
#2073=ORIENTED_EDGE('',*,*,#3140,.T.);
#2074=ORIENTED_EDGE('',*,*,#3141,.T.);
#2075=ORIENTED_EDGE('',*,*,#3142,.T.);
#2076=ORIENTED_EDGE('',*,*,#3143,.T.);
#2077=ORIENTED_EDGE('',*,*,#3144,.T.);
#2078=ORIENTED_EDGE('',*,*,#3145,.F.);
#2079=ORIENTED_EDGE('',*,*,#3137,.T.);
#2080=ORIENTED_EDGE('',*,*,#3146,.T.);
#2081=ORIENTED_EDGE('',*,*,#3128,.T.);
#2082=ORIENTED_EDGE('',*,*,#3147,.T.);
#2083=ORIENTED_EDGE('',*,*,#3130,.T.);
#2084=ORIENTED_EDGE('',*,*,#3148,.T.);
#2085=ORIENTED_EDGE('',*,*,#3145,.T.);
#2086=ORIENTED_EDGE('',*,*,#3149,.T.);
#2087=ORIENTED_EDGE('',*,*,#3150,.T.);
#2088=ORIENTED_EDGE('',*,*,#3151,.T.);
#2089=ORIENTED_EDGE('',*,*,#3152,.T.);
#2090=ORIENTED_EDGE('',*,*,#3153,.T.);
#2091=ORIENTED_EDGE('',*,*,#3154,.T.);
#2092=ORIENTED_EDGE('',*,*,#3155,.T.);
#2093=ORIENTED_EDGE('',*,*,#3156,.T.);
#2094=ORIENTED_EDGE('',*,*,#3157,.T.);
#2095=ORIENTED_EDGE('',*,*,#3156,.F.);
#2096=ORIENTED_EDGE('',*,*,#3158,.T.);
#2097=ORIENTED_EDGE('',*,*,#3141,.F.);
#2098=ORIENTED_EDGE('',*,*,#3159,.T.);
#2099=ORIENTED_EDGE('',*,*,#3099,.F.);
#2100=ORIENTED_EDGE('',*,*,#3160,.T.);
#2101=ORIENTED_EDGE('',*,*,#3154,.F.);
#2102=ORIENTED_EDGE('',*,*,#3161,.T.);
#2103=ORIENTED_EDGE('',*,*,#3144,.F.);
#2104=ORIENTED_EDGE('',*,*,#3162,.T.);
#2105=ORIENTED_EDGE('',*,*,#3100,.F.);
#2106=ORIENTED_EDGE('',*,*,#3163,.F.);
#2107=ORIENTED_EDGE('',*,*,#3149,.F.);
#2108=ORIENTED_EDGE('',*,*,#3163,.T.);
#2109=ORIENTED_EDGE('',*,*,#3164,.F.);
#2110=ORIENTED_EDGE('',*,*,#3165,.F.);
#2111=ORIENTED_EDGE('',*,*,#3131,.F.);
#2112=ORIENTED_EDGE('',*,*,#3164,.T.);
#2113=ORIENTED_EDGE('',*,*,#3107,.F.);
#2114=ORIENTED_EDGE('',*,*,#3147,.F.);
#2115=ORIENTED_EDGE('',*,*,#3165,.T.);
#2116=ORIENTED_EDGE('',*,*,#3166,.F.);
#2117=ORIENTED_EDGE('',*,*,#3166,.T.);
#2118=ORIENTED_EDGE('',*,*,#3106,.F.);
#2119=ORIENTED_EDGE('',*,*,#3167,.F.);
#2120=ORIENTED_EDGE('',*,*,#3138,.F.);
#2121=ORIENTED_EDGE('',*,*,#3167,.T.);
#2122=ORIENTED_EDGE('',*,*,#3121,.T.);
#2123=ORIENTED_EDGE('',*,*,#3168,.F.);
#2124=ORIENTED_EDGE('',*,*,#3168,.T.);
#2125=ORIENTED_EDGE('',*,*,#3119,.F.);
#2126=ORIENTED_EDGE('',*,*,#3169,.F.);
#2127=ORIENTED_EDGE('',*,*,#3139,.F.);
#2128=ORIENTED_EDGE('',*,*,#3169,.T.);
#2129=ORIENTED_EDGE('',*,*,#3123,.T.);
#2130=ORIENTED_EDGE('',*,*,#3170,.F.);
#2131=ORIENTED_EDGE('',*,*,#3171,.F.);
#2132=ORIENTED_EDGE('',*,*,#3140,.F.);
#2133=ORIENTED_EDGE('',*,*,#3170,.T.);
#2134=ORIENTED_EDGE('',*,*,#3115,.F.);
#2135=ORIENTED_EDGE('',*,*,#3159,.F.);
#2136=ORIENTED_EDGE('',*,*,#3171,.T.);
#2137=ORIENTED_EDGE('',*,*,#3172,.F.);
#2138=ORIENTED_EDGE('',*,*,#3173,.F.);
#2139=ORIENTED_EDGE('',*,*,#3157,.F.);
#2140=ORIENTED_EDGE('',*,*,#3172,.T.);
#2141=ORIENTED_EDGE('',*,*,#3114,.F.);
#2142=ORIENTED_EDGE('',*,*,#3161,.F.);
#2143=ORIENTED_EDGE('',*,*,#3173,.T.);
#2144=ORIENTED_EDGE('',*,*,#3174,.F.);
#2145=ORIENTED_EDGE('',*,*,#3113,.F.);
#2146=ORIENTED_EDGE('',*,*,#3175,.T.);
#2147=ORIENTED_EDGE('',*,*,#3096,.F.);
#2148=ORIENTED_EDGE('',*,*,#3174,.T.);
#2149=ORIENTED_EDGE('',*,*,#2517,.T.);
#2150=ORIENTED_EDGE('',*,*,#2582,.T.);
#2151=ORIENTED_EDGE('',*,*,#2584,.T.);
#2152=ORIENTED_EDGE('',*,*,#2586,.T.);
#2153=ORIENTED_EDGE('',*,*,#2588,.T.);
#2154=ORIENTED_EDGE('',*,*,#2590,.T.);
#2155=ORIENTED_EDGE('',*,*,#2592,.T.);
#2156=ORIENTED_EDGE('',*,*,#2594,.T.);
#2157=ORIENTED_EDGE('',*,*,#2596,.T.);
#2158=ORIENTED_EDGE('',*,*,#2598,.T.);
#2159=ORIENTED_EDGE('',*,*,#2600,.T.);
#2160=ORIENTED_EDGE('',*,*,#2602,.T.);
#2161=ORIENTED_EDGE('',*,*,#2604,.T.);
#2162=ORIENTED_EDGE('',*,*,#2606,.T.);
#2163=ORIENTED_EDGE('',*,*,#2608,.T.);
#2164=ORIENTED_EDGE('',*,*,#2610,.T.);
#2165=ORIENTED_EDGE('',*,*,#2612,.T.);
#2166=ORIENTED_EDGE('',*,*,#2614,.T.);
#2167=ORIENTED_EDGE('',*,*,#2616,.T.);
#2168=ORIENTED_EDGE('',*,*,#2618,.T.);
#2169=ORIENTED_EDGE('',*,*,#2620,.T.);
#2170=ORIENTED_EDGE('',*,*,#2622,.T.);
#2171=ORIENTED_EDGE('',*,*,#3176,.F.);
#2172=ORIENTED_EDGE('',*,*,#2715,.F.);
#2173=ORIENTED_EDGE('',*,*,#3177,.F.);
#2174=ORIENTED_EDGE('',*,*,#2669,.F.);
#2175=ORIENTED_EDGE('',*,*,#3177,.T.);
#2176=ORIENTED_EDGE('',*,*,#2693,.F.);
#2177=ORIENTED_EDGE('',*,*,#3178,.F.);
#2178=ORIENTED_EDGE('',*,*,#2578,.F.);
#2179=ORIENTED_EDGE('',*,*,#3176,.T.);
#2180=ORIENTED_EDGE('',*,*,#3179,.F.);
#2181=ORIENTED_EDGE('',*,*,#3178,.T.);
#2182=ORIENTED_EDGE('',*,*,#2656,.F.);
#2183=ORIENTED_EDGE('',*,*,#3180,.F.);
#2184=ORIENTED_EDGE('',*,*,#2670,.F.);
#2185=ORIENTED_EDGE('',*,*,#3179,.T.);
#2186=ORIENTED_EDGE('',*,*,#2668,.F.);
#2187=ORIENTED_EDGE('',*,*,#3181,.F.);
#2188=ORIENTED_EDGE('',*,*,#2649,.F.);
#2189=ORIENTED_EDGE('',*,*,#3180,.T.);
#2190=ORIENTED_EDGE('',*,*,#2624,.F.);
#2191=ORIENTED_EDGE('',*,*,#3182,.F.);
#2192=ORIENTED_EDGE('',*,*,#2662,.F.);
#2193=ORIENTED_EDGE('',*,*,#3181,.T.);
#2194=ORIENTED_EDGE('',*,*,#3183,.F.);
#2195=ORIENTED_EDGE('',*,*,#3182,.T.);
#2196=ORIENTED_EDGE('',*,*,#2638,.F.);
#2197=ORIENTED_EDGE('',*,*,#3184,.F.);
#2198=ORIENTED_EDGE('',*,*,#2671,.F.);
#2199=ORIENTED_EDGE('',*,*,#3183,.T.);
#2200=ORIENTED_EDGE('',*,*,#2667,.F.);
#2201=ORIENTED_EDGE('',*,*,#3185,.F.);
#2202=ORIENTED_EDGE('',*,*,#2643,.F.);
#2203=ORIENTED_EDGE('',*,*,#3184,.T.);
#2204=ORIENTED_EDGE('',*,*,#2648,.T.);
#2205=ORIENTED_EDGE('',*,*,#2684,.F.);
#2206=ORIENTED_EDGE('',*,*,#2680,.T.);
#2207=ORIENTED_EDGE('',*,*,#3185,.T.);
#2208=ORIENTED_EDGE('',*,*,#2682,.T.);
#2209=ORIENTED_EDGE('',*,*,#2686,.F.);
#2210=ORIENTED_EDGE('',*,*,#2644,.T.);
#2211=ORIENTED_EDGE('',*,*,#3186,.F.);
#2212=ORIENTED_EDGE('',*,*,#3094,.F.);
#2213=ORIENTED_EDGE('',*,*,#3187,.F.);
#2214=ORIENTED_EDGE('',*,*,#2717,.F.);
#2215=ORIENTED_EDGE('',*,*,#3187,.T.);
#2216=ORIENTED_EDGE('',*,*,#3082,.F.);
#2217=ORIENTED_EDGE('',*,*,#2519,.F.);
#2218=ORIENTED_EDGE('',*,*,#2718,.F.);
#2219=ORIENTED_EDGE('',*,*,#3186,.T.);
#2220=ORIENTED_EDGE('',*,*,#2716,.F.);
#2221=ORIENTED_EDGE('',*,*,#3188,.F.);
#2222=ORIENTED_EDGE('',*,*,#3086,.F.);
#2223=ORIENTED_EDGE('',*,*,#3188,.T.);
#2224=ORIENTED_EDGE('',*,*,#2580,.F.);
#2225=ORIENTED_EDGE('',*,*,#3189,.F.);
#2226=ORIENTED_EDGE('',*,*,#3190,.F.);
#2227=ORIENTED_EDGE('',*,*,#3089,.F.);
#2228=ORIENTED_EDGE('',*,*,#3191,.F.);
#2229=ORIENTED_EDGE('',*,*,#3095,.F.);
#2230=ORIENTED_EDGE('',*,*,#3191,.T.);
#2231=ORIENTED_EDGE('',*,*,#3093,.F.);
#2232=ORIENTED_EDGE('',*,*,#3192,.F.);
#2233=ORIENTED_EDGE('',*,*,#3084,.F.);
#2234=ORIENTED_EDGE('',*,*,#2520,.T.);
#2235=ORIENTED_EDGE('',*,*,#3081,.F.);
#2236=ORIENTED_EDGE('',*,*,#3193,.F.);
#2237=ORIENTED_EDGE('',*,*,#2658,.F.);
#2238=ORIENTED_EDGE('',*,*,#3189,.T.);
#2239=ORIENTED_EDGE('',*,*,#2654,.F.);
#2240=ORIENTED_EDGE('',*,*,#3194,.F.);
#2241=ORIENTED_EDGE('',*,*,#3087,.F.);
#2242=ORIENTED_EDGE('',*,*,#3190,.T.);
#2243=ORIENTED_EDGE('',*,*,#3088,.F.);
#2244=ORIENTED_EDGE('',*,*,#3195,.F.);
#2245=ORIENTED_EDGE('',*,*,#3090,.F.);
#2246=ORIENTED_EDGE('',*,*,#3193,.T.);
#2247=ORIENTED_EDGE('',*,*,#3192,.T.);
#2248=ORIENTED_EDGE('',*,*,#2688,.F.);
#2249=ORIENTED_EDGE('',*,*,#2659,.T.);
#2250=ORIENTED_EDGE('',*,*,#3194,.T.);
#2251=ORIENTED_EDGE('',*,*,#2653,.T.);
#2252=ORIENTED_EDGE('',*,*,#2692,.F.);
#2253=ORIENTED_EDGE('',*,*,#3195,.T.);
#2254=ORIENTED_EDGE('',*,*,#3196,.F.);
#2255=ORIENTED_EDGE('',*,*,#2984,.F.);
#2256=ORIENTED_EDGE('',*,*,#3197,.F.);
#2257=ORIENTED_EDGE('',*,*,#2975,.F.);
#2258=ORIENTED_EDGE('',*,*,#3197,.T.);
#2259=ORIENTED_EDGE('',*,*,#2983,.F.);
#2260=ORIENTED_EDGE('',*,*,#3198,.F.);
#2261=ORIENTED_EDGE('',*,*,#2977,.F.);
#2262=ORIENTED_EDGE('',*,*,#3196,.T.);
#2263=ORIENTED_EDGE('',*,*,#2973,.F.);
#2264=ORIENTED_EDGE('',*,*,#3199,.F.);
#2265=ORIENTED_EDGE('',*,*,#2985,.F.);
#2266=ORIENTED_EDGE('',*,*,#3198,.T.);
#2267=ORIENTED_EDGE('',*,*,#2982,.F.);
#2268=ORIENTED_EDGE('',*,*,#3200,.F.);
#2269=ORIENTED_EDGE('',*,*,#2979,.F.);
#2270=ORIENTED_EDGE('',*,*,#3199,.T.);
#2271=ORIENTED_EDGE('',*,*,#2971,.F.);
#2272=ORIENTED_EDGE('',*,*,#3201,.F.);
#2273=ORIENTED_EDGE('',*,*,#2980,.F.);
#2274=ORIENTED_EDGE('',*,*,#3200,.T.);
#2275=ORIENTED_EDGE('',*,*,#2981,.F.);
#2276=ORIENTED_EDGE('',*,*,#3201,.T.);
#2277=ORIENTED_EDGE('',*,*,#2969,.F.);
#2278=ORIENTED_EDGE('',*,*,#3202,.F.);
#2279=ORIENTED_EDGE('',*,*,#3048,.F.);
#2280=ORIENTED_EDGE('',*,*,#3203,.F.);
#2281=ORIENTED_EDGE('',*,*,#3060,.F.);
#2282=ORIENTED_EDGE('',*,*,#3203,.T.);
#2283=ORIENTED_EDGE('',*,*,#3050,.F.);
#2284=ORIENTED_EDGE('',*,*,#3204,.F.);
#2285=ORIENTED_EDGE('',*,*,#3061,.F.);
#2286=ORIENTED_EDGE('',*,*,#3202,.T.);
#2287=ORIENTED_EDGE('',*,*,#3059,.F.);
#2288=ORIENTED_EDGE('',*,*,#3205,.F.);
#2289=ORIENTED_EDGE('',*,*,#3045,.F.);
#2290=ORIENTED_EDGE('',*,*,#3204,.T.);
#2291=ORIENTED_EDGE('',*,*,#3052,.F.);
#2292=ORIENTED_EDGE('',*,*,#3206,.F.);
#2293=ORIENTED_EDGE('',*,*,#3056,.F.);
#2294=ORIENTED_EDGE('',*,*,#3205,.T.);
#2295=ORIENTED_EDGE('',*,*,#3058,.F.);
#2296=ORIENTED_EDGE('',*,*,#3207,.F.);
#2297=ORIENTED_EDGE('',*,*,#3055,.F.);
#2298=ORIENTED_EDGE('',*,*,#3206,.T.);
#2299=ORIENTED_EDGE('',*,*,#3054,.F.);
#2300=ORIENTED_EDGE('',*,*,#3207,.T.);
#2301=ORIENTED_EDGE('',*,*,#3057,.F.);
#2302=ORIENTED_EDGE('',*,*,#3208,.F.);
#2303=ORIENTED_EDGE('',*,*,#2803,.F.);
#2304=ORIENTED_EDGE('',*,*,#3209,.F.);
#2305=ORIENTED_EDGE('',*,*,#2815,.F.);
#2306=ORIENTED_EDGE('',*,*,#3209,.T.);
#2307=ORIENTED_EDGE('',*,*,#2805,.F.);
#2308=ORIENTED_EDGE('',*,*,#3210,.F.);
#2309=ORIENTED_EDGE('',*,*,#2816,.F.);
#2310=ORIENTED_EDGE('',*,*,#3208,.T.);
#2311=ORIENTED_EDGE('',*,*,#2814,.F.);
#2312=ORIENTED_EDGE('',*,*,#3211,.F.);
#2313=ORIENTED_EDGE('',*,*,#2800,.F.);
#2314=ORIENTED_EDGE('',*,*,#3210,.T.);
#2315=ORIENTED_EDGE('',*,*,#2807,.F.);
#2316=ORIENTED_EDGE('',*,*,#3212,.F.);
#2317=ORIENTED_EDGE('',*,*,#2811,.F.);
#2318=ORIENTED_EDGE('',*,*,#3211,.T.);
#2319=ORIENTED_EDGE('',*,*,#2813,.F.);
#2320=ORIENTED_EDGE('',*,*,#3213,.F.);
#2321=ORIENTED_EDGE('',*,*,#2810,.F.);
#2322=ORIENTED_EDGE('',*,*,#3212,.T.);
#2323=ORIENTED_EDGE('',*,*,#2809,.F.);
#2324=ORIENTED_EDGE('',*,*,#3213,.T.);
#2325=ORIENTED_EDGE('',*,*,#2812,.F.);
#2326=ORIENTED_EDGE('',*,*,#3214,.F.);
#2327=ORIENTED_EDGE('',*,*,#2896,.F.);
#2328=ORIENTED_EDGE('',*,*,#3215,.F.);
#2329=ORIENTED_EDGE('',*,*,#2887,.F.);
#2330=ORIENTED_EDGE('',*,*,#3215,.T.);
#2331=ORIENTED_EDGE('',*,*,#2895,.F.);
#2332=ORIENTED_EDGE('',*,*,#3216,.F.);
#2333=ORIENTED_EDGE('',*,*,#2889,.F.);
#2334=ORIENTED_EDGE('',*,*,#3214,.T.);
#2335=ORIENTED_EDGE('',*,*,#2885,.F.);
#2336=ORIENTED_EDGE('',*,*,#3217,.F.);
#2337=ORIENTED_EDGE('',*,*,#2897,.F.);
#2338=ORIENTED_EDGE('',*,*,#3216,.T.);
#2339=ORIENTED_EDGE('',*,*,#2894,.F.);
#2340=ORIENTED_EDGE('',*,*,#3218,.F.);
#2341=ORIENTED_EDGE('',*,*,#2891,.F.);
#2342=ORIENTED_EDGE('',*,*,#3217,.T.);
#2343=ORIENTED_EDGE('',*,*,#2883,.F.);
#2344=ORIENTED_EDGE('',*,*,#3219,.F.);
#2345=ORIENTED_EDGE('',*,*,#2892,.F.);
#2346=ORIENTED_EDGE('',*,*,#3218,.T.);
#2347=ORIENTED_EDGE('',*,*,#2893,.F.);
#2348=ORIENTED_EDGE('',*,*,#3219,.T.);
#2349=ORIENTED_EDGE('',*,*,#2881,.F.);
#2350=ORIENTED_EDGE('',*,*,#3126,.F.);
#2351=ORIENTED_EDGE('',*,*,#3220,.T.);
#2352=ORIENTED_EDGE('',*,*,#3142,.F.);
#2353=ORIENTED_EDGE('',*,*,#3221,.F.);
#2354=ORIENTED_EDGE('',*,*,#3221,.T.);
#2355=ORIENTED_EDGE('',*,*,#3148,.F.);
#2356=ORIENTED_EDGE('',*,*,#3222,.F.);
#2357=ORIENTED_EDGE('',*,*,#3222,.T.);
#2358=ORIENTED_EDGE('',*,*,#3129,.F.);
#2359=ORIENTED_EDGE('',*,*,#3223,.F.);
#2360=ORIENTED_EDGE('',*,*,#3127,.F.);
#2361=ORIENTED_EDGE('',*,*,#3223,.T.);
#2362=ORIENTED_EDGE('',*,*,#3146,.F.);
#2363=ORIENTED_EDGE('',*,*,#3224,.F.);
#2364=ORIENTED_EDGE('',*,*,#3136,.F.);
#2365=ORIENTED_EDGE('',*,*,#3225,.T.);
#2366=ORIENTED_EDGE('',*,*,#3124,.F.);
#2367=ORIENTED_EDGE('',*,*,#3224,.T.);
#2368=ORIENTED_EDGE('',*,*,#3152,.F.);
#2369=ORIENTED_EDGE('',*,*,#3226,.T.);
#2370=ORIENTED_EDGE('',*,*,#3132,.F.);
#2371=ORIENTED_EDGE('',*,*,#3227,.F.);
#2372=ORIENTED_EDGE('',*,*,#3227,.T.);
#2373=ORIENTED_EDGE('',*,*,#3158,.F.);
#2374=ORIENTED_EDGE('',*,*,#3228,.F.);
#2375=ORIENTED_EDGE('',*,*,#3228,.T.);
#2376=ORIENTED_EDGE('',*,*,#3155,.F.);
#2377=ORIENTED_EDGE('',*,*,#3229,.F.);
#2378=ORIENTED_EDGE('',*,*,#3153,.F.);
#2379=ORIENTED_EDGE('',*,*,#3229,.T.);
#2380=ORIENTED_EDGE('',*,*,#3160,.F.);
#2381=ORIENTED_EDGE('',*,*,#3230,.F.);
#2382=ORIENTED_EDGE('',*,*,#3098,.F.);
#2383=ORIENTED_EDGE('',*,*,#3231,.T.);
#2384=ORIENTED_EDGE('',*,*,#3150,.F.);
#2385=ORIENTED_EDGE('',*,*,#3230,.T.);
#2386=ORIENTED_EDGE('',*,*,#3091,.F.);
#2387=ORIENTED_EDGE('',*,*,#2690,.T.);
#2388=ORIENTED_EDGE('',*,*,#2651,.T.);
#2389=ORIENTED_EDGE('',*,*,#2661,.T.);
#2390=ORIENTED_EDGE('',*,*,#2641,.F.);
#2391=ORIENTED_EDGE('',*,*,#3232,.T.);
#2392=ORIENTED_EDGE('',*,*,#2820,.F.);
#2393=ORIENTED_EDGE('',*,*,#3233,.T.);
#2394=ORIENTED_EDGE('',*,*,#2639,.F.);
#2395=ORIENTED_EDGE('',*,*,#2626,.T.);
#2396=ORIENTED_EDGE('',*,*,#2655,.T.);
#2397=ORIENTED_EDGE('',*,*,#2687,.T.);
#2398=ORIENTED_EDGE('',*,*,#3092,.F.);
#2399=ORIENTED_EDGE('',*,*,#2818,.F.);
#2400=ORIENTED_EDGE('',*,*,#2640,.T.);
#2401=ORIENTED_EDGE('',*,*,#3233,.F.);
#2402=ORIENTED_EDGE('',*,*,#2817,.T.);
#2403=ORIENTED_EDGE('',*,*,#3232,.F.);
#2404=ORIENTED_EDGE('',*,*,#2986,.T.);
#2405=ORIENTED_EDGE('',*,*,#3234,.F.);
#2406=ORIENTED_EDGE('',*,*,#2646,.F.);
#2407=ORIENTED_EDGE('',*,*,#3235,.F.);
#2408=ORIENTED_EDGE('',*,*,#3236,.F.);
#2409=ORIENTED_EDGE('',*,*,#2663,.T.);
#2410=ORIENTED_EDGE('',*,*,#2679,.F.);
#2411=ORIENTED_EDGE('',*,*,#2674,.F.);
#2412=ORIENTED_EDGE('',*,*,#2683,.T.);
#2413=ORIENTED_EDGE('',*,*,#3234,.T.);
#2414=ORIENTED_EDGE('',*,*,#2989,.F.);
#2415=ORIENTED_EDGE('',*,*,#3235,.T.);
#2416=ORIENTED_EDGE('',*,*,#2685,.T.);
#2417=ORIENTED_EDGE('',*,*,#2677,.F.);
#2418=ORIENTED_EDGE('',*,*,#2681,.F.);
#2419=ORIENTED_EDGE('',*,*,#2665,.T.);
#2420=ORIENTED_EDGE('',*,*,#3237,.F.);
#2421=ORIENTED_EDGE('',*,*,#2987,.F.);
#2422=ORIENTED_EDGE('',*,*,#3237,.T.);
#2423=ORIENTED_EDGE('',*,*,#2664,.T.);
#2424=ORIENTED_EDGE('',*,*,#3236,.T.);
#2425=ORIENTED_EDGE('',*,*,#2988,.F.);
#2426=ORIENTED_EDGE('',*,*,#3238,.F.);
#2427=ORIENTED_EDGE('',*,*,#3231,.F.);
#2428=ORIENTED_EDGE('',*,*,#3239,.F.);
#2429=ORIENTED_EDGE('',*,*,#2634,.F.);
#2430=ORIENTED_EDGE('',*,*,#3239,.T.);
#2431=ORIENTED_EDGE('',*,*,#3097,.F.);
#2432=ORIENTED_EDGE('',*,*,#3240,.F.);
#2433=ORIENTED_EDGE('',*,*,#2635,.F.);
#2434=ORIENTED_EDGE('',*,*,#3238,.T.);
#2435=ORIENTED_EDGE('',*,*,#2633,.F.);
#2436=ORIENTED_EDGE('',*,*,#3241,.F.);
#2437=ORIENTED_EDGE('',*,*,#3151,.F.);
#2438=ORIENTED_EDGE('',*,*,#3240,.T.);
#2439=ORIENTED_EDGE('',*,*,#3175,.F.);
#2440=ORIENTED_EDGE('',*,*,#3242,.F.);
#2441=ORIENTED_EDGE('',*,*,#2636,.F.);
#2442=ORIENTED_EDGE('',*,*,#3226,.F.);
#2443=ORIENTED_EDGE('',*,*,#3241,.T.);
#2444=ORIENTED_EDGE('',*,*,#3243,.F.);
#2445=ORIENTED_EDGE('',*,*,#3133,.F.);
#2446=ORIENTED_EDGE('',*,*,#3242,.T.);
#2447=ORIENTED_EDGE('',*,*,#3112,.F.);
#2448=ORIENTED_EDGE('',*,*,#3244,.F.);
#2449=ORIENTED_EDGE('',*,*,#2637,.F.);
#2450=ORIENTED_EDGE('',*,*,#3243,.T.);
#2451=ORIENTED_EDGE('',*,*,#2632,.F.);
#2452=ORIENTED_EDGE('',*,*,#3245,.F.);
#2453=ORIENTED_EDGE('',*,*,#3134,.F.);
#2454=ORIENTED_EDGE('',*,*,#3244,.T.);
#2455=ORIENTED_EDGE('',*,*,#3111,.F.);
#2456=ORIENTED_EDGE('',*,*,#3246,.F.);
#2457=ORIENTED_EDGE('',*,*,#2562,.F.);
#2458=ORIENTED_EDGE('',*,*,#3135,.F.);
#2459=ORIENTED_EDGE('',*,*,#3245,.T.);
#2460=ORIENTED_EDGE('',*,*,#3247,.F.);
#2461=ORIENTED_EDGE('',*,*,#3225,.F.);
#2462=ORIENTED_EDGE('',*,*,#3246,.T.);
#2463=ORIENTED_EDGE('',*,*,#3110,.F.);
#2464=ORIENTED_EDGE('',*,*,#3248,.F.);
#2465=ORIENTED_EDGE('',*,*,#2748,.F.);
#2466=ORIENTED_EDGE('',*,*,#3247,.T.);
#2467=ORIENTED_EDGE('',*,*,#2631,.F.);
#2468=ORIENTED_EDGE('',*,*,#3249,.F.);
#2469=ORIENTED_EDGE('',*,*,#3125,.F.);
#2470=ORIENTED_EDGE('',*,*,#3248,.T.);
#2471=ORIENTED_EDGE('',*,*,#3109,.F.);
#2472=ORIENTED_EDGE('',*,*,#3250,.F.);
#2473=ORIENTED_EDGE('',*,*,#2919,.F.);
#2474=ORIENTED_EDGE('',*,*,#3249,.T.);
#2475=ORIENTED_EDGE('',*,*,#2630,.F.);
#2476=ORIENTED_EDGE('',*,*,#3251,.F.);
#2477=ORIENTED_EDGE('',*,*,#3220,.F.);
#2478=ORIENTED_EDGE('',*,*,#3250,.T.);
#2479=ORIENTED_EDGE('',*,*,#3122,.F.);
#2480=ORIENTED_EDGE('',*,*,#3252,.F.);
#2481=ORIENTED_EDGE('',*,*,#2920,.F.);
#2482=ORIENTED_EDGE('',*,*,#3251,.T.);
#2483=ORIENTED_EDGE('',*,*,#2629,.F.);
#2484=ORIENTED_EDGE('',*,*,#3253,.F.);
#2485=ORIENTED_EDGE('',*,*,#3143,.F.);
#2486=ORIENTED_EDGE('',*,*,#3252,.T.);
#2487=ORIENTED_EDGE('',*,*,#3117,.F.);
#2488=ORIENTED_EDGE('',*,*,#3254,.F.);
#2489=ORIENTED_EDGE('',*,*,#2921,.F.);
#2490=ORIENTED_EDGE('',*,*,#3253,.T.);
#2491=ORIENTED_EDGE('',*,*,#2628,.F.);
#2492=ORIENTED_EDGE('',*,*,#3255,.F.);
#2493=ORIENTED_EDGE('',*,*,#3162,.F.);
#2494=ORIENTED_EDGE('',*,*,#3254,.T.);
#2495=ORIENTED_EDGE('',*,*,#3120,.F.);
#2496=ORIENTED_EDGE('',*,*,#3256,.F.);
#2497=ORIENTED_EDGE('',*,*,#2922,.F.);
#2498=ORIENTED_EDGE('',*,*,#3255,.T.);
#2499=ORIENTED_EDGE('',*,*,#2627,.F.);
#2500=ORIENTED_EDGE('',*,*,#3257,.F.);
#2501=ORIENTED_EDGE('',*,*,#3101,.F.);
#2502=ORIENTED_EDGE('',*,*,#3256,.T.);
#2503=ORIENTED_EDGE('',*,*,#3104,.F.);
#2504=ORIENTED_EDGE('',*,*,#3258,.F.);
#2505=ORIENTED_EDGE('',*,*,#2923,.F.);
#2506=ORIENTED_EDGE('',*,*,#3257,.T.);
#2507=ORIENTED_EDGE('',*,*,#2560,.F.);
#2508=ORIENTED_EDGE('',*,*,#3259,.F.);
#2509=ORIENTED_EDGE('',*,*,#3102,.F.);
#2510=ORIENTED_EDGE('',*,*,#3258,.T.);
#2511=ORIENTED_EDGE('',*,*,#3103,.F.);
#2512=ORIENTED_EDGE('',*,*,#3259,.T.);
#2513=ORIENTED_EDGE('',*,*,#2747,.F.);
#2514=EDGE_CURVE('NONE',#3260,#3260,#3714,.T.);
#2515=EDGE_CURVE('NONE',#3261,#3261,#3715,.F.);
#2516=EDGE_CURVE('NONE',#3262,#3262,#3716,.F.);
#2517=EDGE_CURVE('NONE',#3263,#3263,#3717,.T.);
#2518=EDGE_CURVE('NONE',#3264,#3265,#3718,.T.);
#2519=EDGE_CURVE('NONE',#3264,#3266,#3719,.T.);
#2520=EDGE_CURVE('NONE',#3265,#3266,#832,.T.);
#2521=EDGE_CURVE('NONE',#3267,#3268,#833,.T.);
#2522=EDGE_CURVE('NONE',#3268,#3269,#834,.T.);
#2523=EDGE_CURVE('NONE',#3269,#3270,#145,.T.);
#2524=EDGE_CURVE('NONE',#3270,#3271,#3720,.F.);
#2525=EDGE_CURVE('NONE',#3267,#3271,#146,.F.);
#2526=EDGE_CURVE('NONE',#3272,#3272,#3721,.F.);
#2527=EDGE_CURVE('NONE',#3273,#3274,#835,.F.);
#2528=EDGE_CURVE('NONE',#3274,#3273,#836,.F.);
#2529=EDGE_CURVE('NONE',#3275,#3276,#3722,.T.);
#2530=EDGE_CURVE('NONE',#3275,#3277,#147,.T.);
#2531=EDGE_CURVE('NONE',#3277,#3278,#3723,.F.);
#2532=EDGE_CURVE('NONE',#3278,#3276,#148,.F.);
#2533=EDGE_CURVE('NONE',#3279,#3280,#837,.F.);
#2534=EDGE_CURVE('NONE',#3281,#3279,#838,.F.);
#2535=EDGE_CURVE('NONE',#3281,#3282,#149,.T.);
#2536=EDGE_CURVE('NONE',#3283,#3282,#3724,.F.);
#2537=EDGE_CURVE('NONE',#3280,#3283,#150,.T.);
#2538=EDGE_CURVE('NONE',#3284,#3284,#3725,.T.);
#2539=EDGE_CURVE('NONE',#3285,#3286,#839,.T.);
#2540=EDGE_CURVE('NONE',#3286,#3285,#840,.T.);
#2541=EDGE_CURVE('NONE',#3287,#3288,#3726,.T.);
#2542=EDGE_CURVE('NONE',#3288,#3289,#841,.T.);
#2543=EDGE_CURVE('NONE',#3289,#3290,#842,.T.);
#2544=EDGE_CURVE('NONE',#3290,#3291,#3727,.F.);
#2545=EDGE_CURVE('NONE',#3292,#3291,#843,.F.);
#2546=EDGE_CURVE('NONE',#3287,#3292,#844,.F.);
#2547=EDGE_CURVE('NONE',#3293,#3294,#845,.F.);
#2548=EDGE_CURVE('NONE',#3295,#3293,#846,.F.);
#2549=EDGE_CURVE('NONE',#3295,#3296,#151,.T.);
#2550=EDGE_CURVE('NONE',#3297,#3296,#3728,.F.);
#2551=EDGE_CURVE('NONE',#3294,#3297,#152,.T.);
#2552=EDGE_CURVE('NONE',#3298,#3298,#3729,.T.);
#2553=EDGE_CURVE('NONE',#3299,#3300,#847,.T.);
#2554=EDGE_CURVE('NONE',#3300,#3299,#848,.T.);
#2555=EDGE_CURVE('NONE',#3301,#3302,#3730,.T.);
#2556=EDGE_CURVE('NONE',#3303,#3302,#153,.F.);
#2557=EDGE_CURVE('NONE',#3304,#3303,#3731,.T.);
#2558=EDGE_CURVE('NONE',#3301,#3304,#154,.T.);
#2559=EDGE_CURVE('',#3305,#3306,#3732,.F.);
#2560=EDGE_CURVE('',#3305,#3307,#849,.T.);
#2561=EDGE_CURVE('',#3308,#3307,#3733,.F.);
#2562=EDGE_CURVE('',#3308,#3306,#850,.T.);
#2563=EDGE_CURVE('NONE',#3309,#3310,#3734,.T.);
#2564=EDGE_CURVE('NONE',#3309,#3311,#851,.T.);
#2565=EDGE_CURVE('NONE',#3311,#3312,#852,.T.);
#2566=EDGE_CURVE('NONE',#3313,#3312,#3735,.T.);
#2567=EDGE_CURVE('NONE',#3314,#3313,#853,.F.);
#2568=EDGE_CURVE('NONE',#3310,#3314,#854,.F.);
#2569=EDGE_CURVE('NONE',#3315,#3316,#855,.T.);
#2570=EDGE_CURVE('NONE',#3316,#3317,#856,.T.);
#2571=EDGE_CURVE('NONE',#3317,#3318,#155,.T.);
#2572=EDGE_CURVE('NONE',#3318,#3319,#3736,.F.);
#2573=EDGE_CURVE('NONE',#3315,#3319,#156,.T.);
#2574=EDGE_CURVE('NONE',#3320,#3320,#3737,.F.);
#2575=EDGE_CURVE('NONE',#3321,#3322,#857,.F.);
#2576=EDGE_CURVE('NONE',#3322,#3321,#858,.F.);
#2577=EDGE_CURVE('NONE',#3323,#3324,#3738,.T.);
#2578=EDGE_CURVE('NONE',#3323,#3325,#3739,.T.);
#2579=EDGE_CURVE('NONE',#3326,#3325,#3740,.F.);
#2580=EDGE_CURVE('NONE',#3326,#3324,#3741,.F.);
#2581=EDGE_CURVE('NONE',#3327,#3327,#3742,.T.);
#2582=EDGE_CURVE('NONE',#3328,#3328,#3743,.T.);
#2583=EDGE_CURVE('NONE',#3329,#3329,#3744,.T.);
#2584=EDGE_CURVE('NONE',#3330,#3330,#3745,.T.);
#2585=EDGE_CURVE('NONE',#3331,#3331,#3746,.T.);
#2586=EDGE_CURVE('NONE',#3332,#3332,#3747,.T.);
#2587=EDGE_CURVE('NONE',#3333,#3333,#3748,.T.);
#2588=EDGE_CURVE('NONE',#3334,#3334,#3749,.T.);
#2589=EDGE_CURVE('NONE',#3335,#3335,#3750,.T.);
#2590=EDGE_CURVE('NONE',#3336,#3336,#3751,.T.);
#2591=EDGE_CURVE('NONE',#3337,#3337,#3752,.T.);
#2592=EDGE_CURVE('NONE',#3338,#3338,#3753,.T.);
#2593=EDGE_CURVE('NONE',#3339,#3339,#3754,.T.);
#2594=EDGE_CURVE('NONE',#3340,#3340,#3755,.T.);
#2595=EDGE_CURVE('NONE',#3341,#3341,#3756,.T.);
#2596=EDGE_CURVE('NONE',#3342,#3342,#3757,.T.);
#2597=EDGE_CURVE('NONE',#3343,#3343,#3758,.T.);
#2598=EDGE_CURVE('NONE',#3344,#3344,#3759,.T.);
#2599=EDGE_CURVE('NONE',#3345,#3345,#3760,.T.);
#2600=EDGE_CURVE('NONE',#3346,#3346,#3761,.T.);
#2601=EDGE_CURVE('NONE',#3347,#3347,#3762,.T.);
#2602=EDGE_CURVE('NONE',#3348,#3348,#3763,.T.);
#2603=EDGE_CURVE('NONE',#3349,#3349,#3764,.T.);
#2604=EDGE_CURVE('NONE',#3350,#3350,#3765,.T.);
#2605=EDGE_CURVE('NONE',#3351,#3351,#3766,.T.);
#2606=EDGE_CURVE('NONE',#3352,#3352,#3767,.T.);
#2607=EDGE_CURVE('NONE',#3353,#3353,#3768,.T.);
#2608=EDGE_CURVE('NONE',#3354,#3354,#3769,.T.);
#2609=EDGE_CURVE('NONE',#3355,#3355,#3770,.T.);
#2610=EDGE_CURVE('NONE',#3356,#3356,#3771,.T.);
#2611=EDGE_CURVE('NONE',#3357,#3357,#3772,.T.);
#2612=EDGE_CURVE('NONE',#3358,#3358,#3773,.T.);
#2613=EDGE_CURVE('NONE',#3359,#3359,#3774,.T.);
#2614=EDGE_CURVE('NONE',#3360,#3360,#3775,.T.);
#2615=EDGE_CURVE('NONE',#3361,#3361,#3776,.T.);
#2616=EDGE_CURVE('NONE',#3362,#3362,#3777,.T.);
#2617=EDGE_CURVE('NONE',#3363,#3363,#3778,.T.);
#2618=EDGE_CURVE('NONE',#3364,#3364,#3779,.T.);
#2619=EDGE_CURVE('NONE',#3365,#3365,#3780,.T.);
#2620=EDGE_CURVE('NONE',#3366,#3366,#3781,.T.);
#2621=EDGE_CURVE('NONE',#3367,#3367,#3782,.T.);
#2622=EDGE_CURVE('NONE',#3368,#3368,#3783,.T.);
#2623=EDGE_CURVE('NONE',#3369,#3370,#3784,.T.);
#2624=EDGE_CURVE('NONE',#3369,#3371,#3785,.T.);
#2625=EDGE_CURVE('NONE',#3372,#3371,#3786,.T.);
#2626=EDGE_CURVE('NONE',#3370,#3372,#859,.T.);
#2627=EDGE_CURVE('',#3307,#3373,#157,.T.);
#2628=EDGE_CURVE('',#3373,#3374,#860,.T.);
#2629=EDGE_CURVE('',#3374,#3375,#141,.T.);
#2630=EDGE_CURVE('',#3375,#3376,#861,.T.);
#2631=EDGE_CURVE('',#3376,#3377,#158,.F.);
#2632=EDGE_CURVE('',#3377,#3378,#3787,.F.);
#2633=EDGE_CURVE('',#3378,#3379,#159,.T.);
#2634=EDGE_CURVE('',#3379,#3380,#862,.T.);
#2635=EDGE_CURVE('',#3380,#3381,#142,.T.);
#2636=EDGE_CURVE('',#3381,#3382,#863,.T.);
#2637=EDGE_CURVE('',#3382,#3308,#160,.F.);
#2638=EDGE_CURVE('NONE',#3383,#3369,#864,.T.);
#2639=EDGE_CURVE('NONE',#3370,#3384,#161,.F.);
#2640=EDGE_CURVE('NONE',#3385,#3384,#3788,.F.);
#2641=EDGE_CURVE('NONE',#3385,#3386,#162,.T.);
#2642=EDGE_CURVE('NONE',#3386,#3387,#3789,.T.);
#2643=EDGE_CURVE('NONE',#3387,#3388,#865,.T.);
#2644=EDGE_CURVE('NONE',#3389,#3388,#866,.F.);
#2645=EDGE_CURVE('NONE',#3389,#3390,#3790,.T.);
#2646=EDGE_CURVE('NONE',#3390,#3391,#3791,.T.);
#2647=EDGE_CURVE('NONE',#3391,#3392,#3792,.T.);
#2648=EDGE_CURVE('NONE',#3383,#3392,#867,.F.);
#2649=EDGE_CURVE('NONE',#3325,#3393,#868,.F.);
#2650=EDGE_CURVE('NONE',#3393,#3394,#3793,.T.);
#2651=EDGE_CURVE('NONE',#3395,#3394,#163,.T.);
#2652=EDGE_CURVE('NONE',#3395,#3396,#3794,.F.);
#2653=EDGE_CURVE('NONE',#3397,#3396,#869,.T.);
#2654=EDGE_CURVE('NONE',#3397,#3326,#870,.F.);
#2655=EDGE_CURVE('NONE',#3372,#3398,#164,.T.);
#2656=EDGE_CURVE('NONE',#3371,#3399,#871,.F.);
#2657=EDGE_CURVE('NONE',#3399,#3265,#3795,.F.);
#2658=EDGE_CURVE('NONE',#3265,#3400,#872,.F.);
#2659=EDGE_CURVE('NONE',#3401,#3400,#873,.T.);
#2660=EDGE_CURVE('NONE',#3401,#3398,#3796,.F.);
#2661=EDGE_CURVE('NONE',#3394,#3386,#874,.T.);
#2662=EDGE_CURVE('NONE',#3393,#3387,#3797,.F.);
#2663=EDGE_CURVE('NONE',#3402,#3403,#165,.T.);
#2664=EDGE_CURVE('NONE',#3404,#3402,#166,.F.);
#2665=EDGE_CURVE('NONE',#3405,#3404,#167,.T.);
#2666=EDGE_CURVE('NONE',#3405,#3406,#168,.T.);
#2667=EDGE_CURVE('NONE',#3406,#3407,#875,.T.);
#2668=EDGE_CURVE('NONE',#3407,#3408,#876,.T.);
#2669=EDGE_CURVE('NONE',#3408,#3409,#169,.F.);
#2670=EDGE_CURVE('NONE',#3409,#3410,#877,.T.);
#2671=EDGE_CURVE('NONE',#3410,#3411,#878,.T.);
#2672=EDGE_CURVE('NONE',#3411,#3403,#170,.T.);
#2673=EDGE_CURVE('NONE',#3412,#3413,#3798,.T.);
#2674=EDGE_CURVE('NONE',#3413,#3414,#171,.T.);
#2675=EDGE_CURVE('NONE',#3414,#3412,#172,.F.);
#2676=EDGE_CURVE('NONE',#3415,#3416,#173,.F.);
#2677=EDGE_CURVE('NONE',#3416,#3417,#174,.F.);
#2678=EDGE_CURVE('NONE',#3417,#3415,#3799,.T.);
#2679=EDGE_CURVE('NONE',#3414,#3403,#3800,.F.);
#2680=EDGE_CURVE('NONE',#3412,#3411,#879,.F.);
#2681=EDGE_CURVE('NONE',#3405,#3416,#3801,.T.);
#2682=EDGE_CURVE('NONE',#3406,#3415,#880,.F.);
#2683=EDGE_CURVE('NONE',#3413,#3391,#881,.T.);
#2684=EDGE_CURVE('NONE',#3412,#3392,#3802,.T.);
#2685=EDGE_CURVE('NONE',#3390,#3417,#882,.T.);
#2686=EDGE_CURVE('NONE',#3389,#3415,#3803,.F.);
#2687=EDGE_CURVE('NONE',#3398,#3418,#883,.T.);
#2688=EDGE_CURVE('NONE',#3401,#3419,#884,.T.);
#2689=EDGE_CURVE('NONE',#3418,#3419,#3804,.F.);
#2690=EDGE_CURVE('NONE',#3420,#3395,#885,.T.);
#2691=EDGE_CURVE('NONE',#3421,#3420,#3805,.F.);
#2692=EDGE_CURVE('NONE',#3421,#3396,#886,.T.);
#2693=EDGE_CURVE('NONE',#3399,#3422,#3806,.F.);
#2694=EDGE_CURVE('NONE',#3264,#3422,#3807,.T.);
#2695=EDGE_CURVE('NONE',#3423,#3424,#887,.F.);
#2696=EDGE_CURVE('NONE',#3423,#3425,#3808,.F.);
#2697=EDGE_CURVE('NONE',#3426,#3425,#175,.T.);
#2698=EDGE_CURVE('NONE',#3426,#3427,#888,.T.);
#2699=EDGE_CURVE('NONE',#3427,#3428,#889,.T.);
#2700=EDGE_CURVE('NONE',#3429,#3428,#176,.F.);
#2701=EDGE_CURVE('NONE',#3430,#3429,#890,.T.);
#2702=EDGE_CURVE('NONE',#3431,#3430,#891,.F.);
#2703=EDGE_CURVE('NONE',#3431,#3432,#177,.F.);
#2704=EDGE_CURVE('NONE',#3433,#3432,#3809,.F.);
#2705=EDGE_CURVE('NONE',#3433,#3434,#892,.T.);
#2706=EDGE_CURVE('NONE',#3434,#3424,#178,.F.);
#2707=EDGE_CURVE('NONE',#3435,#3436,#3810,.F.);
#2708=EDGE_CURVE('NONE',#3436,#3437,#3811,.F.);
#2709=EDGE_CURVE('NONE',#3437,#3438,#179,.F.);
#2710=EDGE_CURVE('NONE',#3438,#3439,#3812,.T.);
#2711=EDGE_CURVE('NONE',#3439,#3440,#3813,.T.);
#2712=EDGE_CURVE('NONE',#3440,#3441,#3814,.F.);
#2713=EDGE_CURVE('NONE',#3441,#3442,#180,.T.);
#2714=EDGE_CURVE('NONE',#3442,#3435,#3815,.F.);
#2715=EDGE_CURVE('NONE',#3422,#3323,#181,.T.);
#2716=EDGE_CURVE('NONE',#3324,#3443,#182,.T.);
#2717=EDGE_CURVE('NONE',#3443,#3444,#3816,.F.);
#2718=EDGE_CURVE('NONE',#3444,#3264,#183,.T.);
#2719=EDGE_CURVE('NONE',#3445,#3446,#184,.T.);
#2720=EDGE_CURVE('NONE',#3447,#3445,#185,.T.);
#2721=EDGE_CURVE('NONE',#3448,#3447,#186,.T.);
#2722=EDGE_CURVE('NONE',#3449,#3448,#187,.T.);
#2723=EDGE_CURVE('NONE',#3450,#3449,#188,.T.);
#2724=EDGE_CURVE('NONE',#3446,#3450,#189,.T.);
#2725=EDGE_CURVE('NONE',#3451,#3452,#190,.T.);
#2726=EDGE_CURVE('NONE',#3452,#3453,#191,.T.);
#2727=EDGE_CURVE('NONE',#3453,#3454,#192,.T.);
#2728=EDGE_CURVE('NONE',#3454,#3455,#193,.T.);
#2729=EDGE_CURVE('NONE',#3455,#3456,#194,.T.);
#2730=EDGE_CURVE('NONE',#3456,#3451,#195,.T.);
#2731=EDGE_CURVE('NONE',#3457,#3458,#196,.T.);
#2732=EDGE_CURVE('NONE',#3458,#3459,#197,.T.);
#2733=EDGE_CURVE('NONE',#3459,#3460,#198,.T.);
#2734=EDGE_CURVE('NONE',#3460,#3461,#199,.T.);
#2735=EDGE_CURVE('NONE',#3461,#3462,#200,.T.);
#2736=EDGE_CURVE('NONE',#3462,#3457,#201,.T.);
#2737=EDGE_CURVE('NONE',#3463,#3464,#202,.T.);
#2738=EDGE_CURVE('NONE',#3465,#3463,#203,.T.);
#2739=EDGE_CURVE('NONE',#3466,#3465,#204,.T.);
#2740=EDGE_CURVE('NONE',#3467,#3466,#205,.T.);
#2741=EDGE_CURVE('NONE',#3468,#3467,#206,.T.);
#2742=EDGE_CURVE('NONE',#3464,#3468,#207,.T.);
#2743=EDGE_CURVE('NONE',#3469,#3309,#208,.F.);
#2744=EDGE_CURVE('NONE',#3470,#3310,#209,.F.);
#2745=EDGE_CURVE('NONE',#3470,#3469,#3817,.F.);
#2746=EDGE_CURVE('',#3471,#3472,#210,.F.);
#2747=EDGE_CURVE('',#3471,#3305,#211,.T.);
#2748=EDGE_CURVE('',#3306,#3473,#212,.T.);
#2749=EDGE_CURVE('NONE',#3474,#3473,#213,.F.);
#2750=EDGE_CURVE('NONE',#3474,#3475,#214,.T.);
#2751=EDGE_CURVE('NONE',#3475,#3476,#3818,.F.);
#2752=EDGE_CURVE('NONE',#3477,#3476,#3819,.F.);
#2753=EDGE_CURVE('NONE',#3478,#3477,#3820,.T.);
#2754=EDGE_CURVE('NONE',#3429,#3478,#215,.F.);
#2755=EDGE_CURVE('NONE',#3428,#3479,#216,.T.);
#2756=EDGE_CURVE('NONE',#3479,#3480,#3821,.F.);
#2757=EDGE_CURVE('NONE',#3480,#3481,#3822,.T.);
#2758=EDGE_CURVE('NONE',#3482,#3481,#3823,.T.);
#2759=EDGE_CURVE('NONE',#3472,#3482,#217,.F.);
#2760=EDGE_CURVE('NONE',#3469,#3483,#3824,.T.);
#2761=EDGE_CURVE('NONE',#3484,#3483,#218,.T.);
#2762=EDGE_CURVE('NONE',#3309,#3484,#3825,.T.);
#2763=EDGE_CURVE('NONE',#3485,#3484,#893,.T.);
#2764=EDGE_CURVE('NONE',#3485,#3486,#894,.T.);
#2765=EDGE_CURVE('NONE',#3486,#3311,#3826,.T.);
#2766=EDGE_CURVE('NONE',#3486,#3312,#895,.T.);
#2767=EDGE_CURVE('NONE',#3312,#3487,#896,.T.);
#2768=EDGE_CURVE('NONE',#3487,#3488,#897,.T.);
#2769=EDGE_CURVE('NONE',#3488,#3489,#219,.T.);
#2770=EDGE_CURVE('NONE',#3489,#3490,#220,.F.);
#2771=EDGE_CURVE('NONE',#3491,#3490,#221,.T.);
#2772=EDGE_CURVE('NONE',#3492,#3491,#898,.F.);
#2773=EDGE_CURVE('NONE',#3291,#3492,#899,.F.);
#2774=EDGE_CURVE('NONE',#3290,#3493,#900,.T.);
#2775=EDGE_CURVE('NONE',#3493,#3494,#901,.T.);
#2776=EDGE_CURVE('NONE',#3494,#3495,#222,.T.);
#2777=EDGE_CURVE('NONE',#3496,#3495,#223,.T.);
#2778=EDGE_CURVE('NONE',#3497,#3496,#224,.T.);
#2779=EDGE_CURVE('NONE',#3498,#3497,#902,.F.);
#2780=EDGE_CURVE('NONE',#3313,#3498,#903,.F.);
#2781=EDGE_CURVE('NONE',#3483,#3499,#225,.F.);
#2782=EDGE_CURVE('NONE',#3499,#3500,#904,.T.);
#2783=EDGE_CURVE('NONE',#3500,#3501,#905,.T.);
#2784=EDGE_CURVE('NONE',#3501,#3502,#226,.F.);
#2785=EDGE_CURVE('NONE',#3502,#3503,#906,.T.);
#2786=EDGE_CURVE('NONE',#3503,#3504,#907,.F.);
#2787=EDGE_CURVE('NONE',#3504,#3485,#227,.T.);
#2788=EDGE_CURVE('NONE',#3319,#3505,#3827,.T.);
#2789=EDGE_CURVE('NONE',#3505,#3301,#908,.T.);
#2790=EDGE_CURVE('NONE',#3506,#3304,#909,.F.);
#2791=EDGE_CURVE('NONE',#3296,#3506,#3828,.T.);
#2792=EDGE_CURVE('NONE',#3490,#3295,#910,.F.);
#2793=EDGE_CURVE('NONE',#3489,#3315,#911,.T.);
#2794=EDGE_CURVE('NONE',#3507,#3508,#228,.T.);
#2795=EDGE_CURVE('NONE',#3508,#3318,#229,.F.);
#2796=EDGE_CURVE('NONE',#3317,#3507,#230,.T.);
#2797=EDGE_CURVE('NONE',#3425,#3508,#3829,.F.);
#2798=EDGE_CURVE('NONE',#3507,#3426,#912,.T.);
#2799=EDGE_CURVE('NONE',#3509,#3446,#231,.T.);
#2800=EDGE_CURVE('NONE',#3509,#3510,#232,.T.);
#2801=EDGE_CURVE('NONE',#3510,#3445,#233,.T.);
#2802=EDGE_CURVE('NONE',#3511,#3450,#234,.T.);
#2803=EDGE_CURVE('NONE',#3511,#3509,#235,.T.);
#2804=EDGE_CURVE('NONE',#3512,#3449,#236,.T.);
#2805=EDGE_CURVE('NONE',#3512,#3511,#237,.T.);
#2806=EDGE_CURVE('NONE',#3513,#3448,#238,.T.);
#2807=EDGE_CURVE('NONE',#3513,#3512,#239,.T.);
#2808=EDGE_CURVE('NONE',#3514,#3447,#240,.T.);
#2809=EDGE_CURVE('NONE',#3514,#3513,#241,.T.);
#2810=EDGE_CURVE('NONE',#3510,#3514,#242,.T.);
#2811=EDGE_CURVE('NONE',#3515,#3516,#243,.T.);
#2812=EDGE_CURVE('NONE',#3516,#3517,#244,.T.);
#2813=EDGE_CURVE('NONE',#3517,#3518,#245,.T.);
#2814=EDGE_CURVE('NONE',#3518,#3519,#246,.T.);
#2815=EDGE_CURVE('NONE',#3519,#3520,#247,.T.);
#2816=EDGE_CURVE('NONE',#3520,#3515,#248,.F.);
#2817=EDGE_CURVE('NONE',#3521,#3522,#249,.T.);
#2818=EDGE_CURVE('NONE',#3521,#3523,#3830,.T.);
#2819=EDGE_CURVE('NONE',#3523,#3524,#250,.T.);
#2820=EDGE_CURVE('NONE',#3524,#3522,#3831,.F.);
#2821=EDGE_CURVE('NONE',#3525,#3526,#251,.T.);
#2822=EDGE_CURVE('NONE',#3525,#3527,#3832,.F.);
#2823=EDGE_CURVE('NONE',#3527,#3528,#252,.T.);
#2824=EDGE_CURVE('NONE',#3526,#3528,#3833,.F.);
#2825=EDGE_CURVE('NONE',#3527,#3424,#3834,.F.);
#2826=EDGE_CURVE('NONE',#3528,#3434,#3835,.F.);
#2827=EDGE_CURVE('NONE',#3302,#3525,#253,.T.);
#2828=EDGE_CURVE('NONE',#3303,#3526,#254,.F.);
#2829=EDGE_CURVE('NONE',#3487,#3486,#3836,.T.);
#2830=EDGE_CURVE('NONE',#3488,#3485,#3837,.T.);
#2831=EDGE_CURVE('NONE',#3489,#3504,#913,.F.);
#2832=EDGE_CURVE('NONE',#3315,#3503,#914,.F.);
#2833=EDGE_CURVE('NONE',#3317,#3502,#915,.T.);
#2834=EDGE_CURVE('NONE',#3507,#3501,#916,.F.);
#2835=EDGE_CURVE('NONE',#3470,#3481,#3838,.T.);
#2836=EDGE_CURVE('NONE',#3469,#3480,#3839,.F.);
#2837=EDGE_CURVE('NONE',#3426,#3500,#917,.F.);
#2838=EDGE_CURVE('NONE',#3483,#3479,#3840,.T.);
#2839=EDGE_CURVE('NONE',#3427,#3499,#918,.T.);
#2840=EDGE_CURVE('NONE',#3436,#3527,#919,.T.);
#2841=EDGE_CURVE('NONE',#3437,#3525,#3841,.F.);
#2842=EDGE_CURVE('NONE',#3438,#3302,#3842,.T.);
#2843=EDGE_CURVE('NONE',#3301,#3439,#920,.T.);
#2844=EDGE_CURVE('NONE',#3439,#3505,#3843,.F.);
#2845=EDGE_CURVE('NONE',#3440,#3319,#3844,.T.);
#2846=EDGE_CURVE('NONE',#3441,#3318,#3845,.F.);
#2847=EDGE_CURVE('NONE',#3442,#3508,#3846,.T.);
#2848=EDGE_CURVE('NONE',#3435,#3425,#3847,.T.);
#2849=EDGE_CURVE('NONE',#3436,#3423,#3848,.T.);
#2850=EDGE_CURVE('NONE',#3529,#3530,#3849,.T.);
#2851=EDGE_CURVE('NONE',#3531,#3529,#3850,.T.);
#2852=EDGE_CURVE('NONE',#3532,#3531,#255,.F.);
#2853=EDGE_CURVE('NONE',#3533,#3532,#3851,.T.);
#2854=EDGE_CURVE('NONE',#3534,#3533,#3852,.F.);
#2855=EDGE_CURVE('NONE',#3535,#3534,#3853,.F.);
#2856=EDGE_CURVE('NONE',#3536,#3535,#256,.T.);
#2857=EDGE_CURVE('NONE',#3530,#3536,#3854,.T.);
#2858=EDGE_CURVE('NONE',#3537,#3431,#921,.F.);
#2859=EDGE_CURVE('NONE',#3537,#3538,#257,.T.);
#2860=EDGE_CURVE('NONE',#3432,#3538,#3855,.F.);
#2861=EDGE_CURVE('NONE',#3294,#3537,#258,.T.);
#2862=EDGE_CURVE('NONE',#3538,#3297,#259,.T.);
#2863=EDGE_CURVE('NONE',#3539,#3540,#260,.T.);
#2864=EDGE_CURVE('NONE',#3541,#3539,#922,.F.);
#2865=EDGE_CURVE('NONE',#3542,#3541,#261,.F.);
#2866=EDGE_CURVE('NONE',#3543,#3542,#923,.T.);
#2867=EDGE_CURVE('NONE',#3544,#3543,#924,.F.);
#2868=EDGE_CURVE('NONE',#3545,#3544,#262,.F.);
#2869=EDGE_CURVE('NONE',#3546,#3545,#925,.F.);
#2870=EDGE_CURVE('NONE',#3547,#3546,#926,.F.);
#2871=EDGE_CURVE('NONE',#3540,#3547,#263,.T.);
#2872=EDGE_CURVE('NONE',#3548,#3292,#3856,.T.);
#2873=EDGE_CURVE('NONE',#3548,#3291,#927,.F.);
#2874=EDGE_CURVE('NONE',#3287,#3539,#3857,.F.);
#2875=EDGE_CURVE('NONE',#3541,#3548,#928,.F.);
#2876=EDGE_CURVE('NONE',#3549,#3287,#264,.F.);
#2877=EDGE_CURVE('NONE',#3549,#3540,#3858,.F.);
#2878=EDGE_CURVE('NONE',#3550,#3549,#3859,.T.);
#2879=EDGE_CURVE('NONE',#3550,#3288,#265,.F.);
#2880=EDGE_CURVE('NONE',#3551,#3451,#266,.T.);
#2881=EDGE_CURVE('NONE',#3551,#3552,#267,.T.);
#2882=EDGE_CURVE('NONE',#3552,#3452,#268,.T.);
#2883=EDGE_CURVE('NONE',#3552,#3553,#269,.T.);
#2884=EDGE_CURVE('NONE',#3553,#3453,#270,.T.);
#2885=EDGE_CURVE('NONE',#3553,#3554,#271,.T.);
#2886=EDGE_CURVE('NONE',#3554,#3454,#272,.T.);
#2887=EDGE_CURVE('NONE',#3554,#3555,#273,.T.);
#2888=EDGE_CURVE('NONE',#3555,#3455,#274,.T.);
#2889=EDGE_CURVE('NONE',#3555,#3556,#275,.T.);
#2890=EDGE_CURVE('NONE',#3556,#3456,#276,.T.);
#2891=EDGE_CURVE('NONE',#3556,#3551,#277,.T.);
#2892=EDGE_CURVE('NONE',#3557,#3558,#278,.T.);
#2893=EDGE_CURVE('NONE',#3558,#3559,#279,.T.);
#2894=EDGE_CURVE('NONE',#3559,#3560,#280,.T.);
#2895=EDGE_CURVE('NONE',#3560,#3561,#281,.T.);
#2896=EDGE_CURVE('NONE',#3561,#3562,#282,.T.);
#2897=EDGE_CURVE('NONE',#3562,#3557,#283,.F.);
#2898=EDGE_CURVE('NONE',#3492,#3548,#3860,.T.);
#2899=EDGE_CURVE('NONE',#3491,#3541,#3861,.F.);
#2900=EDGE_CURVE('NONE',#3490,#3542,#929,.T.);
#2901=EDGE_CURVE('NONE',#3295,#3543,#930,.T.);
#2902=EDGE_CURVE('NONE',#3294,#3544,#931,.F.);
#2903=EDGE_CURVE('NONE',#3537,#3545,#932,.T.);
#2904=EDGE_CURVE('NONE',#3550,#3476,#3862,.F.);
#2905=EDGE_CURVE('NONE',#3549,#3477,#3863,.T.);
#2906=EDGE_CURVE('NONE',#3431,#3546,#933,.T.);
#2907=EDGE_CURVE('NONE',#3540,#3478,#3864,.F.);
#2908=EDGE_CURVE('NONE',#3430,#3547,#934,.F.);
#2909=EDGE_CURVE('NONE',#3536,#3526,#3865,.F.);
#2910=EDGE_CURVE('NONE',#3530,#3528,#935,.F.);
#2911=EDGE_CURVE('NONE',#3535,#3303,#3866,.T.);
#2912=EDGE_CURVE('NONE',#3304,#3534,#936,.F.);
#2913=EDGE_CURVE('NONE',#3534,#3506,#3867,.F.);
#2914=EDGE_CURVE('NONE',#3533,#3296,#3868,.F.);
#2915=EDGE_CURVE('NONE',#3532,#3297,#3869,.T.);
#2916=EDGE_CURVE('NONE',#3531,#3538,#3870,.T.);
#2917=EDGE_CURVE('NONE',#3529,#3432,#3871,.T.);
#2918=EDGE_CURVE('NONE',#3530,#3433,#3872,.T.);
#2919=EDGE_CURVE('',#3473,#3563,#3873,.T.);
#2920=EDGE_CURVE('',#3563,#3564,#937,.T.);
#2921=EDGE_CURVE('',#3564,#3565,#284,.F.);
#2922=EDGE_CURVE('',#3565,#3566,#938,.T.);
#2923=EDGE_CURVE('',#3566,#3471,#3874,.T.);
#2924=EDGE_CURVE('NONE',#3567,#3472,#939,.T.);
#2925=EDGE_CURVE('NONE',#3568,#3567,#940,.F.);
#2926=EDGE_CURVE('NONE',#3568,#3569,#285,.T.);
#2927=EDGE_CURVE('NONE',#3570,#3569,#3875,.F.);
#2928=EDGE_CURVE('NONE',#3570,#3571,#941,.T.);
#2929=EDGE_CURVE('NONE',#3572,#3571,#286,.T.);
#2930=EDGE_CURVE('NONE',#3573,#3572,#942,.F.);
#2931=EDGE_CURVE('NONE',#3573,#3574,#3876,.T.);
#2932=EDGE_CURVE('NONE',#3575,#3574,#287,.T.);
#2933=EDGE_CURVE('NONE',#3575,#3576,#943,.T.);
#2934=EDGE_CURVE('NONE',#3576,#3474,#944,.T.);
#2935=EDGE_CURVE('NONE',#3577,#3578,#3877,.T.);
#2936=EDGE_CURVE('NONE',#3579,#3577,#3878,.T.);
#2937=EDGE_CURVE('NONE',#3580,#3579,#288,.F.);
#2938=EDGE_CURVE('NONE',#3581,#3580,#3879,.T.);
#2939=EDGE_CURVE('NONE',#3582,#3581,#3880,.F.);
#2940=EDGE_CURVE('NONE',#3583,#3582,#3881,.F.);
#2941=EDGE_CURVE('NONE',#3584,#3583,#289,.T.);
#2942=EDGE_CURVE('NONE',#3578,#3584,#3882,.T.);
#2943=EDGE_CURVE('NONE',#3585,#3568,#945,.F.);
#2944=EDGE_CURVE('NONE',#3585,#3586,#290,.T.);
#2945=EDGE_CURVE('NONE',#3569,#3586,#3883,.F.);
#2946=EDGE_CURVE('NONE',#3280,#3585,#291,.T.);
#2947=EDGE_CURVE('NONE',#3586,#3283,#292,.T.);
#2948=EDGE_CURVE('NONE',#3282,#3587,#3884,.T.);
#2949=EDGE_CURVE('NONE',#3496,#3281,#946,.F.);
#2950=EDGE_CURVE('NONE',#3495,#3267,#947,.T.);
#2951=EDGE_CURVE('NONE',#3271,#3588,#3885,.F.);
#2952=EDGE_CURVE('NONE',#3588,#3277,#948,.T.);
#2953=EDGE_CURVE('NONE',#3587,#3275,#949,.F.);
#2954=EDGE_CURVE('NONE',#3589,#3590,#293,.T.);
#2955=EDGE_CURVE('NONE',#3591,#3589,#950,.F.);
#2956=EDGE_CURVE('NONE',#3592,#3591,#294,.F.);
#2957=EDGE_CURVE('NONE',#3593,#3592,#951,.T.);
#2958=EDGE_CURVE('NONE',#3594,#3593,#952,.F.);
#2959=EDGE_CURVE('NONE',#3595,#3594,#295,.F.);
#2960=EDGE_CURVE('NONE',#3596,#3595,#953,.F.);
#2961=EDGE_CURVE('NONE',#3597,#3596,#954,.F.);
#2962=EDGE_CURVE('NONE',#3590,#3597,#296,.T.);
#2963=EDGE_CURVE('NONE',#3598,#3314,#3886,.T.);
#2964=EDGE_CURVE('NONE',#3598,#3313,#955,.F.);
#2965=EDGE_CURVE('NONE',#3310,#3589,#3887,.F.);
#2966=EDGE_CURVE('NONE',#3591,#3598,#956,.F.);
#2967=EDGE_CURVE('NONE',#3470,#3590,#3888,.F.);
#2968=EDGE_CURVE('NONE',#3599,#3457,#297,.T.);
#2969=EDGE_CURVE('NONE',#3599,#3600,#298,.T.);
#2970=EDGE_CURVE('NONE',#3600,#3458,#299,.T.);
#2971=EDGE_CURVE('NONE',#3600,#3601,#300,.T.);
#2972=EDGE_CURVE('NONE',#3601,#3459,#301,.T.);
#2973=EDGE_CURVE('NONE',#3601,#3602,#302,.T.);
#2974=EDGE_CURVE('NONE',#3602,#3460,#303,.T.);
#2975=EDGE_CURVE('NONE',#3602,#3603,#304,.T.);
#2976=EDGE_CURVE('NONE',#3603,#3461,#305,.T.);
#2977=EDGE_CURVE('NONE',#3603,#3604,#306,.T.);
#2978=EDGE_CURVE('NONE',#3604,#3462,#307,.T.);
#2979=EDGE_CURVE('NONE',#3604,#3599,#308,.T.);
#2980=EDGE_CURVE('NONE',#3605,#3606,#309,.T.);
#2981=EDGE_CURVE('NONE',#3606,#3607,#310,.T.);
#2982=EDGE_CURVE('NONE',#3607,#3608,#311,.T.);
#2983=EDGE_CURVE('NONE',#3608,#3609,#312,.T.);
#2984=EDGE_CURVE('NONE',#3609,#3610,#313,.T.);
#2985=EDGE_CURVE('NONE',#3610,#3605,#314,.F.);
#2986=EDGE_CURVE('NONE',#3611,#3612,#315,.F.);
#2987=EDGE_CURVE('NONE',#3611,#3613,#3889,.F.);
#2988=EDGE_CURVE('NONE',#3613,#3614,#316,.F.);
#2989=EDGE_CURVE('NONE',#3614,#3612,#3890,.T.);
#2990=EDGE_CURVE('NONE',#3615,#3616,#317,.T.);
#2991=EDGE_CURVE('NONE',#3616,#3617,#3891,.T.);
#2992=EDGE_CURVE('NONE',#3618,#3617,#318,.F.);
#2993=EDGE_CURVE('NONE',#3615,#3618,#3892,.F.);
#2994=EDGE_CURVE('NONE',#3617,#3572,#3893,.T.);
#2995=EDGE_CURVE('NONE',#3618,#3571,#3894,.T.);
#2996=EDGE_CURVE('NONE',#3278,#3616,#319,.F.);
#2997=EDGE_CURVE('NONE',#3276,#3615,#320,.F.);
#2998=EDGE_CURVE('NONE',#3498,#3598,#3895,.T.);
#2999=EDGE_CURVE('NONE',#3497,#3591,#3896,.F.);
#3000=EDGE_CURVE('NONE',#3496,#3592,#957,.T.);
#3001=EDGE_CURVE('NONE',#3281,#3593,#958,.T.);
#3002=EDGE_CURVE('NONE',#3280,#3594,#959,.F.);
#3003=EDGE_CURVE('NONE',#3585,#3595,#960,.T.);
#3004=EDGE_CURVE('NONE',#3568,#3596,#961,.T.);
#3005=EDGE_CURVE('NONE',#3590,#3482,#3897,.F.);
#3006=EDGE_CURVE('NONE',#3567,#3597,#962,.F.);
#3007=EDGE_CURVE('NONE',#3584,#3615,#3898,.F.);
#3008=EDGE_CURVE('NONE',#3578,#3618,#963,.F.);
#3009=EDGE_CURVE('NONE',#3583,#3276,#3899,.T.);
#3010=EDGE_CURVE('NONE',#3275,#3582,#964,.F.);
#3011=EDGE_CURVE('NONE',#3582,#3587,#3900,.F.);
#3012=EDGE_CURVE('NONE',#3581,#3282,#3901,.F.);
#3013=EDGE_CURVE('NONE',#3580,#3283,#3902,.T.);
#3014=EDGE_CURVE('NONE',#3579,#3586,#3903,.T.);
#3015=EDGE_CURVE('NONE',#3577,#3569,#3904,.T.);
#3016=EDGE_CURVE('NONE',#3578,#3570,#3905,.T.);
#3017=EDGE_CURVE('NONE',#3619,#3620,#3906,.F.);
#3018=EDGE_CURVE('NONE',#3620,#3621,#3907,.F.);
#3019=EDGE_CURVE('NONE',#3621,#3622,#321,.F.);
#3020=EDGE_CURVE('NONE',#3622,#3623,#3908,.T.);
#3021=EDGE_CURVE('NONE',#3623,#3624,#3909,.T.);
#3022=EDGE_CURVE('NONE',#3624,#3625,#3910,.F.);
#3023=EDGE_CURVE('NONE',#3625,#3626,#322,.T.);
#3024=EDGE_CURVE('NONE',#3626,#3619,#3911,.F.);
#3025=EDGE_CURVE('NONE',#3574,#3627,#3912,.F.);
#3026=EDGE_CURVE('NONE',#3628,#3627,#323,.T.);
#3027=EDGE_CURVE('NONE',#3628,#3575,#965,.T.);
#3028=EDGE_CURVE('NONE',#3627,#3270,#324,.F.);
#3029=EDGE_CURVE('NONE',#3269,#3628,#325,.T.);
#3030=EDGE_CURVE('NONE',#3629,#3630,#326,.T.);
#3031=EDGE_CURVE('NONE',#3630,#3631,#327,.F.);
#3032=EDGE_CURVE('NONE',#3631,#3632,#966,.T.);
#3033=EDGE_CURVE('NONE',#3632,#3633,#967,.T.);
#3034=EDGE_CURVE('NONE',#3633,#3634,#328,.F.);
#3035=EDGE_CURVE('NONE',#3634,#3635,#968,.T.);
#3036=EDGE_CURVE('NONE',#3635,#3636,#969,.F.);
#3037=EDGE_CURVE('NONE',#3636,#3637,#329,.T.);
#3038=EDGE_CURVE('NONE',#3637,#3629,#970,.T.);
#3039=EDGE_CURVE('NONE',#3638,#3289,#3913,.T.);
#3040=EDGE_CURVE('NONE',#3638,#3290,#971,.T.);
#3041=EDGE_CURVE('NONE',#3637,#3638,#972,.T.);
#3042=EDGE_CURVE('NONE',#3288,#3629,#3914,.T.);
#3043=EDGE_CURVE('NONE',#3550,#3630,#3915,.T.);
#3044=EDGE_CURVE('NONE',#3639,#3464,#330,.T.);
#3045=EDGE_CURVE('NONE',#3639,#3640,#331,.T.);
#3046=EDGE_CURVE('NONE',#3640,#3463,#332,.T.);
#3047=EDGE_CURVE('NONE',#3641,#3468,#333,.T.);
#3048=EDGE_CURVE('NONE',#3641,#3639,#334,.T.);
#3049=EDGE_CURVE('NONE',#3642,#3467,#335,.T.);
#3050=EDGE_CURVE('NONE',#3642,#3641,#336,.T.);
#3051=EDGE_CURVE('NONE',#3643,#3466,#337,.T.);
#3052=EDGE_CURVE('NONE',#3643,#3642,#338,.T.);
#3053=EDGE_CURVE('NONE',#3644,#3465,#339,.T.);
#3054=EDGE_CURVE('NONE',#3644,#3643,#340,.T.);
#3055=EDGE_CURVE('NONE',#3640,#3644,#341,.T.);
#3056=EDGE_CURVE('NONE',#3645,#3646,#342,.T.);
#3057=EDGE_CURVE('NONE',#3646,#3647,#343,.T.);
#3058=EDGE_CURVE('NONE',#3647,#3648,#344,.T.);
#3059=EDGE_CURVE('NONE',#3648,#3649,#345,.T.);
#3060=EDGE_CURVE('NONE',#3649,#3650,#346,.T.);
#3061=EDGE_CURVE('NONE',#3650,#3645,#347,.F.);
#3062=EDGE_CURVE('NONE',#3493,#3638,#3916,.T.);
#3063=EDGE_CURVE('NONE',#3494,#3637,#3917,.T.);
#3064=EDGE_CURVE('NONE',#3495,#3636,#973,.F.);
#3065=EDGE_CURVE('NONE',#3267,#3635,#974,.F.);
#3066=EDGE_CURVE('NONE',#3269,#3634,#975,.T.);
#3067=EDGE_CURVE('NONE',#3628,#3633,#976,.F.);
#3068=EDGE_CURVE('NONE',#3575,#3632,#977,.F.);
#3069=EDGE_CURVE('NONE',#3630,#3475,#3918,.T.);
#3070=EDGE_CURVE('NONE',#3576,#3631,#978,.T.);
#3071=EDGE_CURVE('NONE',#3620,#3617,#979,.T.);
#3072=EDGE_CURVE('NONE',#3621,#3616,#3919,.F.);
#3073=EDGE_CURVE('NONE',#3622,#3278,#3920,.T.);
#3074=EDGE_CURVE('NONE',#3277,#3623,#980,.T.);
#3075=EDGE_CURVE('NONE',#3623,#3588,#3921,.F.);
#3076=EDGE_CURVE('NONE',#3624,#3271,#3922,.T.);
#3077=EDGE_CURVE('NONE',#3625,#3270,#3923,.F.);
#3078=EDGE_CURVE('NONE',#3626,#3627,#3924,.T.);
#3079=EDGE_CURVE('NONE',#3619,#3574,#3925,.T.);
#3080=EDGE_CURVE('NONE',#3620,#3573,#3926,.T.);
#3081=EDGE_CURVE('NONE',#3651,#3266,#981,.T.);
#3082=EDGE_CURVE('NONE',#3266,#3652,#348,.F.);
#3083=EDGE_CURVE('NONE',#3652,#3653,#349,.F.);
#3084=EDGE_CURVE('NONE',#3653,#3651,#350,.T.);
#3085=EDGE_CURVE('NONE',#3654,#3655,#351,.T.);
#3086=EDGE_CURVE('NONE',#3655,#3656,#352,.F.);
#3087=EDGE_CURVE('NONE',#3656,#3657,#982,.T.);
#3088=EDGE_CURVE('NONE',#3657,#3654,#353,.T.);
#3089=EDGE_CURVE('NONE',#3658,#3659,#3927,.F.);
#3090=EDGE_CURVE('NONE',#3659,#3421,#354,.T.);
#3091=EDGE_CURVE('NONE',#3420,#3524,#355,.T.);
#3092=EDGE_CURVE('NONE',#3523,#3418,#356,.F.);
#3093=EDGE_CURVE('NONE',#3419,#3658,#357,.T.);
#3094=EDGE_CURVE('NONE',#3652,#3655,#3928,.F.);
#3095=EDGE_CURVE('NONE',#3654,#3653,#3929,.T.);
#3096=EDGE_CURVE('NONE',#3660,#3661,#358,.T.);
#3097=EDGE_CURVE('',#3661,#3662,#143,.T.);
#3098=EDGE_CURVE('',#3662,#3663,#359,.F.);
#3099=EDGE_CURVE('NONE',#3663,#3660,#360,.F.);
#3100=EDGE_CURVE('NONE',#3664,#3665,#361,.T.);
#3101=EDGE_CURVE('',#3665,#3666,#362,.F.);
#3102=EDGE_CURVE('',#3666,#3667,#983,.T.);
#3103=EDGE_CURVE('',#3667,#3668,#363,.F.);
#3104=EDGE_CURVE('',#3668,#3669,#3930,.F.);
#3105=EDGE_CURVE('',#3669,#3670,#364,.T.);
#3106=EDGE_CURVE('NONE',#3670,#3671,#365,.F.);
#3107=EDGE_CURVE('NONE',#3671,#3664,#366,.T.);
#3108=EDGE_CURVE('NONE',#3672,#3673,#367,.T.);
#3109=EDGE_CURVE('',#3673,#3674,#3931,.F.);
#3110=EDGE_CURVE('',#3674,#3675,#368,.F.);
#3111=EDGE_CURVE('',#3675,#3676,#984,.T.);
#3112=EDGE_CURVE('',#3676,#3677,#369,.T.);
#3113=EDGE_CURVE('',#3677,#3678,#370,.T.);
#3114=EDGE_CURVE('NONE',#3678,#3679,#371,.F.);
#3115=EDGE_CURVE('NONE',#3679,#3672,#372,.F.);
#3116=EDGE_CURVE('NONE',#3680,#3681,#373,.F.);
#3117=EDGE_CURVE('',#3681,#3682,#374,.F.);
#3118=EDGE_CURVE('',#3682,#3683,#375,.T.);
#3119=EDGE_CURVE('NONE',#3683,#3680,#376,.F.);
#3120=EDGE_CURVE('',#3669,#3681,#985,.T.);
#3121=EDGE_CURVE('NONE',#3670,#3680,#3932,.T.);
#3122=EDGE_CURVE('',#3682,#3673,#986,.T.);
#3123=EDGE_CURVE('NONE',#3683,#3672,#3933,.F.);
#3124=EDGE_CURVE('NONE',#3684,#3685,#377,.T.);
#3125=EDGE_CURVE('',#3685,#3686,#378,.T.);
#3126=EDGE_CURVE('',#3686,#3687,#379,.T.);
#3127=EDGE_CURVE('NONE',#3687,#3684,#380,.T.);
#3128=EDGE_CURVE('NONE',#3688,#3689,#381,.T.);
#3129=EDGE_CURVE('NONE',#3688,#3690,#382,.T.);
#3130=EDGE_CURVE('NONE',#3691,#3690,#383,.F.);
#3131=EDGE_CURVE('NONE',#3691,#3689,#384,.F.);
#3132=EDGE_CURVE('NONE',#3692,#3693,#385,.T.);
#3133=EDGE_CURVE('',#3693,#3694,#3934,.T.);
#3134=EDGE_CURVE('',#3694,#3695,#3935,.T.);
#3135=EDGE_CURVE('',#3695,#3696,#3936,.T.);
#3136=EDGE_CURVE('',#3696,#3697,#386,.F.);
#3137=EDGE_CURVE('NONE',#3698,#3697,#387,.F.);
#3138=EDGE_CURVE('NONE',#3698,#3699,#388,.T.);
#3139=EDGE_CURVE('NONE',#3699,#3700,#389,.T.);
#3140=EDGE_CURVE('NONE',#3700,#3701,#390,.F.);
#3141=EDGE_CURVE('NONE',#3701,#3692,#391,.F.);
#3142=EDGE_CURVE('NONE',#3702,#3703,#392,.T.);
#3143=EDGE_CURVE('',#3703,#3704,#144,.T.);
#3144=EDGE_CURVE('',#3704,#3705,#393,.F.);
#3145=EDGE_CURVE('NONE',#3702,#3705,#394,.T.);
#3146=EDGE_CURVE('NONE',#3697,#3688,#3937,.T.);
#3147=EDGE_CURVE('NONE',#3689,#3698,#3938,.F.);
#3148=EDGE_CURVE('NONE',#3690,#3702,#3939,.T.);
#3149=EDGE_CURVE('NONE',#3705,#3691,#3940,.F.);
#3150=EDGE_CURVE('NONE',#3706,#3707,#395,.T.);
#3151=EDGE_CURVE('',#3707,#3708,#396,.F.);
#3152=EDGE_CURVE('',#3708,#3709,#397,.T.);
#3153=EDGE_CURVE('NONE',#3709,#3706,#398,.F.);
#3154=EDGE_CURVE('NONE',#3710,#3711,#399,.T.);
#3155=EDGE_CURVE('NONE',#3711,#3712,#400,.T.);
#3156=EDGE_CURVE('NONE',#3712,#3713,#401,.F.);
#3157=EDGE_CURVE('NONE',#3713,#3710,#402,.F.);
#3158=EDGE_CURVE('NONE',#3712,#3692,#3941,.T.);
#3159=EDGE_CURVE('NONE',#3701,#3713,#3942,.F.);
#3160=EDGE_CURVE('NONE',#3663,#3711,#3943,.T.);
#3161=EDGE_CURVE('NONE',#3710,#3660,#3944,.F.);
#3162=EDGE_CURVE('',#3704,#3665,#987,.T.);
#3163=EDGE_CURVE('NONE',#3705,#3664,#3945,.F.);
#3164=EDGE_CURVE('NONE',#3691,#3664,#3946,.T.);
#3165=EDGE_CURVE('NONE',#3689,#3671,#3947,.F.);
#3166=EDGE_CURVE('NONE',#3698,#3671,#3948,.T.);
#3167=EDGE_CURVE('NONE',#3699,#3670,#3949,.F.);
#3168=EDGE_CURVE('NONE',#3699,#3680,#3950,.F.);
#3169=EDGE_CURVE('NONE',#3700,#3683,#3951,.F.);
#3170=EDGE_CURVE('NONE',#3700,#3672,#3952,.F.);
#3171=EDGE_CURVE('NONE',#3701,#3679,#3953,.T.);
#3172=EDGE_CURVE('NONE',#3713,#3679,#3954,.F.);
#3173=EDGE_CURVE('NONE',#3710,#3678,#3955,.F.);
#3174=EDGE_CURVE('NONE',#3660,#3678,#3956,.T.);
#3175=EDGE_CURVE('',#3677,#3661,#988,.T.);
#3176=EDGE_CURVE('NONE',#3323,#3408,#3957,.T.);
#3177=EDGE_CURVE('NONE',#3409,#3422,#3958,.F.);
#3178=EDGE_CURVE('NONE',#3409,#3399,#989,.T.);
#3179=EDGE_CURVE('NONE',#3325,#3408,#990,.T.);
#3180=EDGE_CURVE('NONE',#3410,#3371,#991,.F.);
#3181=EDGE_CURVE('NONE',#3393,#3407,#992,.F.);
#3182=EDGE_CURVE('NONE',#3410,#3369,#993,.F.);
#3183=EDGE_CURVE('NONE',#3387,#3407,#994,.F.);
#3184=EDGE_CURVE('NONE',#3411,#3383,#995,.T.);
#3185=EDGE_CURVE('NONE',#3388,#3406,#996,.T.);
#3186=EDGE_CURVE('NONE',#3655,#3443,#3959,.F.);
#3187=EDGE_CURVE('NONE',#3444,#3652,#3960,.T.);
#3188=EDGE_CURVE('NONE',#3656,#3324,#3961,.F.);
#3189=EDGE_CURVE('NONE',#3656,#3326,#997,.T.);
#3190=EDGE_CURVE('NONE',#3659,#3654,#3962,.F.);
#3191=EDGE_CURVE('NONE',#3653,#3658,#3963,.T.);
#3192=EDGE_CURVE('NONE',#3651,#3419,#998,.F.);
#3193=EDGE_CURVE('NONE',#3400,#3651,#999,.F.);
#3194=EDGE_CURVE('NONE',#3657,#3397,#1000,.F.);
#3195=EDGE_CURVE('NONE',#3421,#3657,#1001,.F.);
#3196=EDGE_CURVE('NONE',#3610,#3602,#403,.T.);
#3197=EDGE_CURVE('NONE',#3603,#3609,#404,.T.);
#3198=EDGE_CURVE('NONE',#3604,#3608,#405,.T.);
#3199=EDGE_CURVE('NONE',#3605,#3601,#406,.T.);
#3200=EDGE_CURVE('NONE',#3599,#3607,#407,.T.);
#3201=EDGE_CURVE('NONE',#3606,#3600,#408,.T.);
#3202=EDGE_CURVE('NONE',#3639,#3649,#409,.T.);
#3203=EDGE_CURVE('NONE',#3650,#3641,#410,.T.);
#3204=EDGE_CURVE('NONE',#3645,#3642,#411,.T.);
#3205=EDGE_CURVE('NONE',#3640,#3648,#412,.T.);
#3206=EDGE_CURVE('NONE',#3646,#3643,#413,.T.);
#3207=EDGE_CURVE('NONE',#3644,#3647,#414,.T.);
#3208=EDGE_CURVE('NONE',#3509,#3519,#415,.T.);
#3209=EDGE_CURVE('NONE',#3520,#3511,#416,.T.);
#3210=EDGE_CURVE('NONE',#3515,#3512,#417,.T.);
#3211=EDGE_CURVE('NONE',#3510,#3518,#418,.T.);
#3212=EDGE_CURVE('NONE',#3516,#3513,#419,.T.);
#3213=EDGE_CURVE('NONE',#3514,#3517,#420,.T.);
#3214=EDGE_CURVE('NONE',#3562,#3554,#421,.T.);
#3215=EDGE_CURVE('NONE',#3555,#3561,#422,.T.);
#3216=EDGE_CURVE('NONE',#3556,#3560,#423,.T.);
#3217=EDGE_CURVE('NONE',#3557,#3553,#424,.T.);
#3218=EDGE_CURVE('NONE',#3551,#3559,#425,.T.);
#3219=EDGE_CURVE('NONE',#3558,#3552,#426,.T.);
#3220=EDGE_CURVE('',#3686,#3703,#1002,.T.);
#3221=EDGE_CURVE('NONE',#3687,#3702,#3964,.T.);
#3222=EDGE_CURVE('NONE',#3687,#3690,#3965,.T.);
#3223=EDGE_CURVE('NONE',#3684,#3688,#3966,.T.);
#3224=EDGE_CURVE('NONE',#3684,#3697,#3967,.F.);
#3225=EDGE_CURVE('',#3696,#3685,#3968,.T.);
#3226=EDGE_CURVE('',#3708,#3693,#3969,.T.);
#3227=EDGE_CURVE('NONE',#3709,#3692,#3970,.T.);
#3228=EDGE_CURVE('NONE',#3709,#3712,#3971,.F.);
#3229=EDGE_CURVE('NONE',#3706,#3711,#3972,.T.);
#3230=EDGE_CURVE('NONE',#3706,#3663,#3973,.F.);
#3231=EDGE_CURVE('',#3662,#3707,#1003,.T.);
#3232=EDGE_CURVE('NONE',#3385,#3522,#427,.F.);
#3233=EDGE_CURVE('NONE',#3521,#3384,#428,.F.);
#3234=EDGE_CURVE('NONE',#3391,#3612,#429,.F.);
#3235=EDGE_CURVE('NONE',#3611,#3390,#430,.F.);
#3236=EDGE_CURVE('NONE',#3402,#3614,#431,.F.);
#3237=EDGE_CURVE('NONE',#3613,#3404,#432,.T.);
#3238=EDGE_CURVE('',#3707,#3379,#3974,.T.);
#3239=EDGE_CURVE('',#3380,#3662,#3975,.T.);
#3240=EDGE_CURVE('',#3381,#3661,#3976,.T.);
#3241=EDGE_CURVE('',#3708,#3378,#3977,.T.);
#3242=EDGE_CURVE('',#3382,#3677,#3978,.T.);
#3243=EDGE_CURVE('',#3694,#3378,#3979,.F.);
#3244=EDGE_CURVE('',#3308,#3676,#3980,.T.);
#3245=EDGE_CURVE('',#3695,#3377,#3981,.T.);
#3246=EDGE_CURVE('',#3306,#3675,#3982,.T.);
#3247=EDGE_CURVE('',#3685,#3377,#3983,.F.);
#3248=EDGE_CURVE('',#3473,#3674,#1004,.T.);
#3249=EDGE_CURVE('',#3686,#3376,#3984,.T.);
#3250=EDGE_CURVE('',#3563,#3673,#3985,.T.);
#3251=EDGE_CURVE('',#3703,#3375,#3986,.T.);
#3252=EDGE_CURVE('',#3564,#3682,#3987,.T.);
#3253=EDGE_CURVE('',#3704,#3374,#3988,.T.);
#3254=EDGE_CURVE('',#3565,#3681,#3989,.T.);
#3255=EDGE_CURVE('',#3665,#3373,#3990,.T.);
#3256=EDGE_CURVE('',#3566,#3669,#3991,.T.);
#3257=EDGE_CURVE('',#3666,#3307,#3992,.T.);
#3258=EDGE_CURVE('',#3471,#3668,#1005,.T.);
#3259=EDGE_CURVE('',#3667,#3305,#3993,.T.);
#3260=VERTEX_POINT('',#7242);
#3261=VERTEX_POINT('',#7244);
#3262=VERTEX_POINT('',#7247);
#3263=VERTEX_POINT('',#7249);
#3264=VERTEX_POINT('',#7252);
#3265=VERTEX_POINT('',#7253);
#3266=VERTEX_POINT('',#7255);
#3267=VERTEX_POINT('',#7266);
#3268=VERTEX_POINT('',#7267);
#3269=VERTEX_POINT('',#7275);
#3270=VERTEX_POINT('',#7277);
#3271=VERTEX_POINT('',#7279);
#3272=VERTEX_POINT('',#7283);
#3273=VERTEX_POINT('',#7291);
#3274=VERTEX_POINT('',#7292);
#3275=VERTEX_POINT('',#7302);
#3276=VERTEX_POINT('',#7303);
#3277=VERTEX_POINT('',#7305);
#3278=VERTEX_POINT('',#7307);
#3279=VERTEX_POINT('',#7317);
#3280=VERTEX_POINT('',#7318);
#3281=VERTEX_POINT('',#7323);
#3282=VERTEX_POINT('',#7325);
#3283=VERTEX_POINT('',#7327);
#3284=VERTEX_POINT('',#7331);
#3285=VERTEX_POINT('',#7339);
#3286=VERTEX_POINT('',#7340);
#3287=VERTEX_POINT('',#7350);
#3288=VERTEX_POINT('',#7351);
#3289=VERTEX_POINT('',#7356);
#3290=VERTEX_POINT('',#7363);
#3291=VERTEX_POINT('',#7365);
#3292=VERTEX_POINT('',#7372);
#3293=VERTEX_POINT('',#7385);
#3294=VERTEX_POINT('',#7386);
#3295=VERTEX_POINT('',#7391);
#3296=VERTEX_POINT('',#7393);
#3297=VERTEX_POINT('',#7395);
#3298=VERTEX_POINT('',#7399);
#3299=VERTEX_POINT('',#7407);
#3300=VERTEX_POINT('',#7408);
#3301=VERTEX_POINT('',#7418);
#3302=VERTEX_POINT('',#7419);
#3303=VERTEX_POINT('',#7421);
#3304=VERTEX_POINT('',#7423);
#3305=VERTEX_POINT('',#7427);
#3306=VERTEX_POINT('',#7428);
#3307=VERTEX_POINT('',#7433);
#3308=VERTEX_POINT('',#7435);
#3309=VERTEX_POINT('',#7442);
#3310=VERTEX_POINT('',#7443);
#3311=VERTEX_POINT('',#7448);
#3312=VERTEX_POINT('',#7455);
#3313=VERTEX_POINT('',#7457);
#3314=VERTEX_POINT('',#7464);
#3315=VERTEX_POINT('',#7474);
#3316=VERTEX_POINT('',#7475);
#3317=VERTEX_POINT('',#7483);
#3318=VERTEX_POINT('',#7485);
#3319=VERTEX_POINT('',#7487);
#3320=VERTEX_POINT('',#7491);
#3321=VERTEX_POINT('',#7499);
#3322=VERTEX_POINT('',#7500);
#3323=VERTEX_POINT('',#7510);
#3324=VERTEX_POINT('',#7511);
#3325=VERTEX_POINT('',#7513);
#3326=VERTEX_POINT('',#7515);
#3327=VERTEX_POINT('',#7519);
#3328=VERTEX_POINT('',#7521);
#3329=VERTEX_POINT('',#7524);
#3330=VERTEX_POINT('',#7526);
#3331=VERTEX_POINT('',#7529);
#3332=VERTEX_POINT('',#7531);
#3333=VERTEX_POINT('',#7534);
#3334=VERTEX_POINT('',#7536);
#3335=VERTEX_POINT('',#7539);
#3336=VERTEX_POINT('',#7541);
#3337=VERTEX_POINT('',#7544);
#3338=VERTEX_POINT('',#7546);
#3339=VERTEX_POINT('',#7549);
#3340=VERTEX_POINT('',#7551);
#3341=VERTEX_POINT('',#7554);
#3342=VERTEX_POINT('',#7556);
#3343=VERTEX_POINT('',#7559);
#3344=VERTEX_POINT('',#7561);
#3345=VERTEX_POINT('',#7564);
#3346=VERTEX_POINT('',#7566);
#3347=VERTEX_POINT('',#7569);
#3348=VERTEX_POINT('',#7571);
#3349=VERTEX_POINT('',#7574);
#3350=VERTEX_POINT('',#7576);
#3351=VERTEX_POINT('',#7579);
#3352=VERTEX_POINT('',#7581);
#3353=VERTEX_POINT('',#7584);
#3354=VERTEX_POINT('',#7586);
#3355=VERTEX_POINT('',#7589);
#3356=VERTEX_POINT('',#7591);
#3357=VERTEX_POINT('',#7594);
#3358=VERTEX_POINT('',#7596);
#3359=VERTEX_POINT('',#7599);
#3360=VERTEX_POINT('',#7601);
#3361=VERTEX_POINT('',#7604);
#3362=VERTEX_POINT('',#7606);
#3363=VERTEX_POINT('',#7609);
#3364=VERTEX_POINT('',#7611);
#3365=VERTEX_POINT('',#7614);
#3366=VERTEX_POINT('',#7616);
#3367=VERTEX_POINT('',#7619);
#3368=VERTEX_POINT('',#7621);
#3369=VERTEX_POINT('',#7624);
#3370=VERTEX_POINT('',#7625);
#3371=VERTEX_POINT('',#7627);
#3372=VERTEX_POINT('',#7629);
#3373=VERTEX_POINT('',#7636);
#3374=VERTEX_POINT('',#7641);
#3375=VERTEX_POINT('',#7643);
#3376=VERTEX_POINT('',#7648);
#3377=VERTEX_POINT('',#7650);
#3378=VERTEX_POINT('',#7652);
#3379=VERTEX_POINT('',#7654);
#3380=VERTEX_POINT('',#7659);
#3381=VERTEX_POINT('',#7661);
#3382=VERTEX_POINT('',#7666);
#3383=VERTEX_POINT('',#7672);
#3384=VERTEX_POINT('',#7674);
#3385=VERTEX_POINT('',#7676);
#3386=VERTEX_POINT('',#7678);
#3387=VERTEX_POINT('',#7680);
#3388=VERTEX_POINT('',#7685);
#3389=VERTEX_POINT('',#7690);
#3390=VERTEX_POINT('',#7692);
#3391=VERTEX_POINT('',#7694);
#3392=VERTEX_POINT('',#7696);
#3393=VERTEX_POINT('',#7706);
#3394=VERTEX_POINT('',#7708);
#3395=VERTEX_POINT('',#7710);
#3396=VERTEX_POINT('',#7712);
#3397=VERTEX_POINT('',#7719);
#3398=VERTEX_POINT('',#7726);
#3399=VERTEX_POINT('',#7731);
#3400=VERTEX_POINT('',#7737);
#3401=VERTEX_POINT('',#7744);
#3402=VERTEX_POINT('',#7754);
#3403=VERTEX_POINT('',#7755);
#3404=VERTEX_POINT('',#7757);
#3405=VERTEX_POINT('',#7759);
#3406=VERTEX_POINT('',#7761);
#3407=VERTEX_POINT('',#7766);
#3408=VERTEX_POINT('',#7771);
#3409=VERTEX_POINT('',#7773);
#3410=VERTEX_POINT('',#7778);
#3411=VERTEX_POINT('',#7783);
#3412=VERTEX_POINT('',#7787);
#3413=VERTEX_POINT('',#7788);
#3414=VERTEX_POINT('',#7790);
#3415=VERTEX_POINT('',#7794);
#3416=VERTEX_POINT('',#7795);
#3417=VERTEX_POINT('',#7797);
#3418=VERTEX_POINT('',#7828);
#3419=VERTEX_POINT('',#7833);
#3420=VERTEX_POINT('',#7840);
#3421=VERTEX_POINT('',#7842);
#3422=VERTEX_POINT('',#7849);
#3423=VERTEX_POINT('',#7858);
#3424=VERTEX_POINT('',#7859);
#3425=VERTEX_POINT('',#7861);
#3426=VERTEX_POINT('',#7863);
#3427=VERTEX_POINT('',#7868);
#3428=VERTEX_POINT('',#7873);
#3429=VERTEX_POINT('',#7875);
#3430=VERTEX_POINT('',#7880);
#3431=VERTEX_POINT('',#7885);
#3432=VERTEX_POINT('',#7887);
#3433=VERTEX_POINT('',#7889);
#3434=VERTEX_POINT('',#7896);
#3435=VERTEX_POINT('',#7900);
#3436=VERTEX_POINT('',#7901);
#3437=VERTEX_POINT('',#7903);
#3438=VERTEX_POINT('',#7905);
#3439=VERTEX_POINT('',#7907);
#3440=VERTEX_POINT('',#7909);
#3441=VERTEX_POINT('',#7911);
#3442=VERTEX_POINT('',#7913);
#3443=VERTEX_POINT('',#7918);
#3444=VERTEX_POINT('',#7920);
#3445=VERTEX_POINT('',#7923);
#3446=VERTEX_POINT('',#7924);
#3447=VERTEX_POINT('',#7926);
#3448=VERTEX_POINT('',#7928);
#3449=VERTEX_POINT('',#7930);
#3450=VERTEX_POINT('',#7932);
#3451=VERTEX_POINT('',#7935);
#3452=VERTEX_POINT('',#7936);
#3453=VERTEX_POINT('',#7938);
#3454=VERTEX_POINT('',#7940);
#3455=VERTEX_POINT('',#7942);
#3456=VERTEX_POINT('',#7944);
#3457=VERTEX_POINT('',#7947);
#3458=VERTEX_POINT('',#7948);
#3459=VERTEX_POINT('',#7950);
#3460=VERTEX_POINT('',#7952);
#3461=VERTEX_POINT('',#7954);
#3462=VERTEX_POINT('',#7956);
#3463=VERTEX_POINT('',#7959);
#3464=VERTEX_POINT('',#7960);
#3465=VERTEX_POINT('',#7962);
#3466=VERTEX_POINT('',#7964);
#3467=VERTEX_POINT('',#7966);
#3468=VERTEX_POINT('',#7968);
#3469=VERTEX_POINT('',#7972);
#3470=VERTEX_POINT('',#7974);
#3471=VERTEX_POINT('',#7978);
#3472=VERTEX_POINT('',#7979);
#3473=VERTEX_POINT('',#7982);
#3474=VERTEX_POINT('',#7984);
#3475=VERTEX_POINT('',#7986);
#3476=VERTEX_POINT('',#7988);
#3477=VERTEX_POINT('',#7990);
#3478=VERTEX_POINT('',#7992);
#3479=VERTEX_POINT('',#7995);
#3480=VERTEX_POINT('',#7997);
#3481=VERTEX_POINT('',#7999);
#3482=VERTEX_POINT('',#8001);
#3483=VERTEX_POINT('',#8005);
#3484=VERTEX_POINT('',#8007);
#3485=VERTEX_POINT('',#8031);
#3486=VERTEX_POINT('',#8036);
#3487=VERTEX_POINT('',#8103);
#3488=VERTEX_POINT('',#8108);
#3489=VERTEX_POINT('',#8110);
#3490=VERTEX_POINT('',#8112);
#3491=VERTEX_POINT('',#8114);
#3492=VERTEX_POINT('',#8119);
#3493=VERTEX_POINT('',#8128);
#3494=VERTEX_POINT('',#8133);
#3495=VERTEX_POINT('',#8135);
#3496=VERTEX_POINT('',#8137);
#3497=VERTEX_POINT('',#8139);
#3498=VERTEX_POINT('',#8144);
#3499=VERTEX_POINT('',#8151);
#3500=VERTEX_POINT('',#8156);
#3501=VERTEX_POINT('',#8162);
#3502=VERTEX_POINT('',#8164);
#3503=VERTEX_POINT('',#8172);
#3504=VERTEX_POINT('',#8177);
#3505=VERTEX_POINT('',#8181);
#3506=VERTEX_POINT('',#8192);
#3507=VERTEX_POINT('',#8204);
#3508=VERTEX_POINT('',#8205);
#3509=VERTEX_POINT('',#8217);
#3510=VERTEX_POINT('',#8219);
#3511=VERTEX_POINT('',#8223);
#3512=VERTEX_POINT('',#8227);
#3513=VERTEX_POINT('',#8231);
#3514=VERTEX_POINT('',#8235);
#3515=VERTEX_POINT('',#8241);
#3516=VERTEX_POINT('',#8242);
#3517=VERTEX_POINT('',#8244);
#3518=VERTEX_POINT('',#8246);
#3519=VERTEX_POINT('',#8248);
#3520=VERTEX_POINT('',#8250);
#3521=VERTEX_POINT('',#8254);
#3522=VERTEX_POINT('',#8255);
#3523=VERTEX_POINT('',#8257);
#3524=VERTEX_POINT('',#8259);
#3525=VERTEX_POINT('',#8262);
#3526=VERTEX_POINT('',#8263);
#3527=VERTEX_POINT('',#8265);
#3528=VERTEX_POINT('',#8267);
#3529=VERTEX_POINT('',#8472);
#3530=VERTEX_POINT('',#8473);
#3531=VERTEX_POINT('',#8475);
#3532=VERTEX_POINT('',#8477);
#3533=VERTEX_POINT('',#8479);
#3534=VERTEX_POINT('',#8481);
#3535=VERTEX_POINT('',#8483);
#3536=VERTEX_POINT('',#8485);
#3537=VERTEX_POINT('',#8493);
#3538=VERTEX_POINT('',#8495);
#3539=VERTEX_POINT('',#8502);
#3540=VERTEX_POINT('',#8503);
#3541=VERTEX_POINT('',#8508);
#3542=VERTEX_POINT('',#8510);
#3543=VERTEX_POINT('',#8515);
#3544=VERTEX_POINT('',#8523);
#3545=VERTEX_POINT('',#8525);
#3546=VERTEX_POINT('',#8531);
#3547=VERTEX_POINT('',#8536);
#3548=VERTEX_POINT('',#8593);
#3549=VERTEX_POINT('',#8625);
#3550=VERTEX_POINT('',#8629);
#3551=VERTEX_POINT('',#8633);
#3552=VERTEX_POINT('',#8635);
#3553=VERTEX_POINT('',#8639);
#3554=VERTEX_POINT('',#8643);
#3555=VERTEX_POINT('',#8647);
#3556=VERTEX_POINT('',#8651);
#3557=VERTEX_POINT('',#8657);
#3558=VERTEX_POINT('',#8658);
#3559=VERTEX_POINT('',#8660);
#3560=VERTEX_POINT('',#8662);
#3561=VERTEX_POINT('',#8664);
#3562=VERTEX_POINT('',#8666);
#3563=VERTEX_POINT('',#8865);
#3564=VERTEX_POINT('',#8871);
#3565=VERTEX_POINT('',#8873);
#3566=VERTEX_POINT('',#8879);
#3567=VERTEX_POINT('',#8885);
#3568=VERTEX_POINT('',#8890);
#3569=VERTEX_POINT('',#8892);
#3570=VERTEX_POINT('',#8894);
#3571=VERTEX_POINT('',#8901);
#3572=VERTEX_POINT('',#8903);
#3573=VERTEX_POINT('',#8910);
#3574=VERTEX_POINT('',#8912);
#3575=VERTEX_POINT('',#8914);
#3576=VERTEX_POINT('',#8919);
#3577=VERTEX_POINT('',#8926);
#3578=VERTEX_POINT('',#8927);
#3579=VERTEX_POINT('',#8929);
#3580=VERTEX_POINT('',#8931);
#3581=VERTEX_POINT('',#8933);
#3582=VERTEX_POINT('',#8935);
#3583=VERTEX_POINT('',#8937);
#3584=VERTEX_POINT('',#8939);
#3585=VERTEX_POINT('',#8947);
#3586=VERTEX_POINT('',#8949);
#3587=VERTEX_POINT('',#8956);
#3588=VERTEX_POINT('',#8966);
#3589=VERTEX_POINT('',#8979);
#3590=VERTEX_POINT('',#8980);
#3591=VERTEX_POINT('',#8985);
#3592=VERTEX_POINT('',#8987);
#3593=VERTEX_POINT('',#8992);
#3594=VERTEX_POINT('',#9000);
#3595=VERTEX_POINT('',#9002);
#3596=VERTEX_POINT('',#9008);
#3597=VERTEX_POINT('',#9013);
#3598=VERTEX_POINT('',#9070);
#3599=VERTEX_POINT('',#9104);
#3600=VERTEX_POINT('',#9106);
#3601=VERTEX_POINT('',#9110);
#3602=VERTEX_POINT('',#9114);
#3603=VERTEX_POINT('',#9118);
#3604=VERTEX_POINT('',#9122);
#3605=VERTEX_POINT('',#9128);
#3606=VERTEX_POINT('',#9129);
#3607=VERTEX_POINT('',#9131);
#3608=VERTEX_POINT('',#9133);
#3609=VERTEX_POINT('',#9135);
#3610=VERTEX_POINT('',#9137);
#3611=VERTEX_POINT('',#9141);
#3612=VERTEX_POINT('',#9142);
#3613=VERTEX_POINT('',#9144);
#3614=VERTEX_POINT('',#9146);
#3615=VERTEX_POINT('',#9149);
#3616=VERTEX_POINT('',#9150);
#3617=VERTEX_POINT('',#9152);
#3618=VERTEX_POINT('',#9154);
#3619=VERTEX_POINT('',#9356);
#3620=VERTEX_POINT('',#9357);
#3621=VERTEX_POINT('',#9359);
#3622=VERTEX_POINT('',#9361);
#3623=VERTEX_POINT('',#9363);
#3624=VERTEX_POINT('',#9365);
#3625=VERTEX_POINT('',#9367);
#3626=VERTEX_POINT('',#9369);
#3627=VERTEX_POINT('',#9373);
#3628=VERTEX_POINT('',#9375);
#3629=VERTEX_POINT('',#9386);
#3630=VERTEX_POINT('',#9387);
#3631=VERTEX_POINT('',#9389);
#3632=VERTEX_POINT('',#9394);
#3633=VERTEX_POINT('',#9400);
#3634=VERTEX_POINT('',#9402);
#3635=VERTEX_POINT('',#9410);
#3636=VERTEX_POINT('',#9415);
#3637=VERTEX_POINT('',#9417);
#3638=VERTEX_POINT('',#9477);
#3639=VERTEX_POINT('',#9511);
#3640=VERTEX_POINT('',#9513);
#3641=VERTEX_POINT('',#9517);
#3642=VERTEX_POINT('',#9521);
#3643=VERTEX_POINT('',#9525);
#3644=VERTEX_POINT('',#9529);
#3645=VERTEX_POINT('',#9535);
#3646=VERTEX_POINT('',#9536);
#3647=VERTEX_POINT('',#9538);
#3648=VERTEX_POINT('',#9540);
#3649=VERTEX_POINT('',#9542);
#3650=VERTEX_POINT('',#9544);
#3651=VERTEX_POINT('',#9743);
#3652=VERTEX_POINT('',#9745);
#3653=VERTEX_POINT('',#9747);
#3654=VERTEX_POINT('',#9751);
#3655=VERTEX_POINT('',#9752);
#3656=VERTEX_POINT('',#9754);
#3657=VERTEX_POINT('',#9759);
#3658=VERTEX_POINT('',#9763);
#3659=VERTEX_POINT('',#9764);
#3660=VERTEX_POINT('',#9774);
#3661=VERTEX_POINT('',#9775);
#3662=VERTEX_POINT('',#9777);
#3663=VERTEX_POINT('',#9779);
#3664=VERTEX_POINT('',#9783);
#3665=VERTEX_POINT('',#9784);
#3666=VERTEX_POINT('',#9786);
#3667=VERTEX_POINT('',#9791);
#3668=VERTEX_POINT('',#9793);
#3669=VERTEX_POINT('',#9795);
#3670=VERTEX_POINT('',#9797);
#3671=VERTEX_POINT('',#9799);
#3672=VERTEX_POINT('',#9803);
#3673=VERTEX_POINT('',#9804);
#3674=VERTEX_POINT('',#9806);
#3675=VERTEX_POINT('',#9808);
#3676=VERTEX_POINT('',#9813);
#3677=VERTEX_POINT('',#9815);
#3678=VERTEX_POINT('',#9817);
#3679=VERTEX_POINT('',#9819);
#3680=VERTEX_POINT('',#9823);
#3681=VERTEX_POINT('',#9824);
#3682=VERTEX_POINT('',#9826);
#3683=VERTEX_POINT('',#9828);
#3684=VERTEX_POINT('',#9848);
#3685=VERTEX_POINT('',#9849);
#3686=VERTEX_POINT('',#9851);
#3687=VERTEX_POINT('',#9853);
#3688=VERTEX_POINT('',#9857);
#3689=VERTEX_POINT('',#9858);
#3690=VERTEX_POINT('',#9860);
#3691=VERTEX_POINT('',#9862);
#3692=VERTEX_POINT('',#9866);
#3693=VERTEX_POINT('',#9867);
#3694=VERTEX_POINT('',#9869);
#3695=VERTEX_POINT('',#9871);
#3696=VERTEX_POINT('',#9873);
#3697=VERTEX_POINT('',#9875);
#3698=VERTEX_POINT('',#9877);
#3699=VERTEX_POINT('',#9879);
#3700=VERTEX_POINT('',#9881);
#3701=VERTEX_POINT('',#9883);
#3702=VERTEX_POINT('',#9887);
#3703=VERTEX_POINT('',#9888);
#3704=VERTEX_POINT('',#9890);
#3705=VERTEX_POINT('',#9892);
#3706=VERTEX_POINT('',#9902);
#3707=VERTEX_POINT('',#9903);
#3708=VERTEX_POINT('',#9905);
#3709=VERTEX_POINT('',#9907);
#3710=VERTEX_POINT('',#9911);
#3711=VERTEX_POINT('',#9912);
#3712=VERTEX_POINT('',#9914);
#3713=VERTEX_POINT('',#9916);
#3714=CIRCLE('',#5228,0.00735355339059327);
#3715=CIRCLE('',#5229,0.00770710678118655);
#3716=CIRCLE('',#5231,0.00664644660940672);
#3717=CIRCLE('',#5232,0.00629289321881345);
#3718=CIRCLE('',#5234,0.0005);
#3719=CIRCLE('',#5235,0.0005);
#3720=CIRCLE('',#5238,0.003);
#3721=CIRCLE('',#5240,0.0005);
#3722=CIRCLE('',#5242,0.0015);
#3723=CIRCLE('',#5243,0.0015);
#3724=CIRCLE('',#5245,0.003);
#3725=CIRCLE('',#5247,0.0005);
#3726=CIRCLE('',#5249,0.0275);
#3727=CIRCLE('',#5250,0.0255);
#3728=CIRCLE('',#5252,0.003);
#3729=CIRCLE('',#5254,0.0005);
#3730=CIRCLE('',#5256,0.0015);
#3731=CIRCLE('',#5257,0.0015);
#3732=CIRCLE('',#5259,0.02626);
#3733=CIRCLE('',#5260,0.02606);
#3734=CIRCLE('',#5262,0.0275);
#3735=CIRCLE('',#5263,0.0255);
#3736=CIRCLE('',#5265,0.003);
#3737=CIRCLE('',#5267,0.0005);
#3738=CIRCLE('',#5269,0.0248528932188135);
#3739=CIRCLE('',#5270,0.0005);
#3740=CIRCLE('',#5271,0.0252064466094068);
#3741=CIRCLE('',#5272,0.0005);
#3742=CIRCLE('',#5274,0.0004);
#3743=CIRCLE('',#5275,0.0004);
#3744=CIRCLE('',#5277,0.0005);
#3745=CIRCLE('',#5278,0.0005);
#3746=CIRCLE('',#5280,0.0004);
#3747=CIRCLE('',#5281,0.0004);
#3748=CIRCLE('',#5283,0.0005);
#3749=CIRCLE('',#5284,0.0005);
#3750=CIRCLE('',#5286,0.0004);
#3751=CIRCLE('',#5287,0.0004);
#3752=CIRCLE('',#5289,0.0005);
#3753=CIRCLE('',#5290,0.0005);
#3754=CIRCLE('',#5292,0.0004);
#3755=CIRCLE('',#5293,0.0004);
#3756=CIRCLE('',#5295,0.0005);
#3757=CIRCLE('',#5296,0.0005);
#3758=CIRCLE('',#5298,0.0005);
#3759=CIRCLE('',#5299,0.0005);
#3760=CIRCLE('',#5301,0.0006);
#3761=CIRCLE('',#5302,0.0006);
#3762=CIRCLE('',#5304,0.0004);
#3763=CIRCLE('',#5305,0.0004);
#3764=CIRCLE('',#5307,0.0005);
#3765=CIRCLE('',#5308,0.0005);
#3766=CIRCLE('',#5310,0.0004);
#3767=CIRCLE('',#5311,0.0004);
#3768=CIRCLE('',#5313,0.0005);
#3769=CIRCLE('',#5314,0.0005);
#3770=CIRCLE('',#5316,0.0004);
#3771=CIRCLE('',#5317,0.0004);
#3772=CIRCLE('',#5319,0.0005);
#3773=CIRCLE('',#5320,0.0005);
#3774=CIRCLE('',#5322,0.0004);
#3775=CIRCLE('',#5323,0.0004);
#3776=CIRCLE('',#5325,0.0004);
#3777=CIRCLE('',#5326,0.0004);
#3778=CIRCLE('',#5328,0.0004);
#3779=CIRCLE('',#5329,0.0004);
#3780=CIRCLE('',#5331,0.0004);
#3781=CIRCLE('',#5332,0.0004);
#3782=CIRCLE('',#5334,0.0004);
#3783=CIRCLE('',#5335,0.0004);
#3784=CIRCLE('',#5337,0.02606);
#3785=CIRCLE('',#5338,0.0005);
#3786=CIRCLE('',#5339,0.0259135533905933);
#3787=CIRCLE('',#5342,0.02606);
#3788=CIRCLE('',#5344,0.02606);
#3789=CIRCLE('',#5345,0.02606);
#3790=CIRCLE('',#5346,0.02606);
#3791=CIRCLE('',#5347,0.02606);
#3792=CIRCLE('',#5348,0.02606);
#3793=CIRCLE('',#5350,0.0259135533905933);
#3794=CIRCLE('',#5351,0.0258064466094068);
#3795=CIRCLE('',#5353,0.0252064466094068);
#3796=CIRCLE('',#5354,0.0258064466094068);
#3797=CIRCLE('',#5356,0.0005);
#3798=CIRCLE('',#5359,0.02556);
#3799=CIRCLE('',#5361,0.02556);
#3800=CIRCLE('',#5363,0.0005);
#3801=CIRCLE('',#5365,0.0005);
#3802=CIRCLE('',#5367,0.0005);
#3803=CIRCLE('',#5369,0.0005);
#3804=CIRCLE('',#5371,0.0254528932188135);
#3805=CIRCLE('',#5373,0.0254528932188135);
#3806=CIRCLE('',#5375,0.0005);
#3807=CIRCLE('',#5376,0.0248528932188135);
#3808=CIRCLE('',#5378,0.0375133309638054);
#3809=CIRCLE('',#5379,0.0375133309638054);
#3810=CIRCLE('',#5381,0.0370133309638054);
#3811=CIRCLE('',#5382,0.004);
#3812=CIRCLE('',#5383,0.002);
#3813=CIRCLE('',#5384,0.0305);
#3814=CIRCLE('',#5385,0.0025);
#3815=CIRCLE('',#5386,0.0025);
#3816=CIRCLE('',#5388,0.00617426406871193);
#3817=CIRCLE('',#5390,0.0275);
#3818=CIRCLE('',#5392,0.006);
#3819=CIRCLE('',#5393,0.0265);
#3820=CIRCLE('',#5394,0.006);
#3821=CIRCLE('',#5395,0.006);
#3822=CIRCLE('',#5396,0.0265);
#3823=CIRCLE('',#5397,0.006);
#3824=CIRCLE('',#5399,0.005);
#3825=CIRCLE('',#5400,0.005);
#3826=CIRCLE('',#5401,0.005);
#3827=CIRCLE('',#5405,0.03);
#3828=CIRCLE('',#5406,0.03);
#3829=CIRCLE('',#5409,0.003);
#3830=CIRCLE('',#5418,0.0045);
#3831=CIRCLE('',#5419,0.0045);
#3832=CIRCLE('',#5420,0.0045);
#3833=CIRCLE('',#5421,0.0045);
#3834=CIRCLE('',#5423,0.0005);
#3835=CIRCLE('',#5424,0.0005);
#3836=CIRCLE('',#5426,0.001);
#3837=CIRCLE('',#5427,0.001);
#3838=CIRCLE('',#5433,0.001);
#3839=CIRCLE('',#5434,0.001);
#3840=CIRCLE('',#5437,0.001);
#3841=CIRCLE('',#5441,0.0005);
#3842=CIRCLE('',#5443,0.0005);
#3843=CIRCLE('',#5445,0.0005);
#3844=CIRCLE('',#5447,0.0005);
#3845=CIRCLE('',#5449,0.0005);
#3846=CIRCLE('',#5451,0.0005);
#3847=CIRCLE('',#5453,0.0005);
#3848=CIRCLE('',#5455,0.0005);
#3849=CIRCLE('',#5457,0.0370133309638054);
#3850=CIRCLE('',#5458,0.0025);
#3851=CIRCLE('',#5459,0.0025);
#3852=CIRCLE('',#5460,0.0305);
#3853=CIRCLE('',#5461,0.002);
#3854=CIRCLE('',#5462,0.00400000000000021);
#3855=CIRCLE('',#5464,0.003);
#3856=CIRCLE('',#5467,0.005);
#3857=CIRCLE('',#5468,0.005);
#3858=CIRCLE('',#5470,0.005);
#3859=CIRCLE('',#5472,0.0275);
#3860=CIRCLE('',#5480,0.001);
#3861=CIRCLE('',#5481,0.001);
#3862=CIRCLE('',#5487,0.001);
#3863=CIRCLE('',#5488,0.001);
#3864=CIRCLE('',#5491,0.001);
#3865=CIRCLE('',#5495,0.0005);
#3866=CIRCLE('',#5497,0.0005);
#3867=CIRCLE('',#5499,0.0005);
#3868=CIRCLE('',#5501,0.0005);
#3869=CIRCLE('',#5503,0.0005);
#3870=CIRCLE('',#5505,0.0005);
#3871=CIRCLE('',#5507,0.0005);
#3872=CIRCLE('',#5509,0.0005);
#3873=CIRCLE('',#5511,0.0375133309638054);
#3874=CIRCLE('',#5512,0.0375133309638054);
#3875=CIRCLE('',#5513,0.0375133309638054);
#3876=CIRCLE('',#5514,0.0375133309638054);
#3877=CIRCLE('',#5516,0.0370133309638054);
#3878=CIRCLE('',#5517,0.0025);
#3879=CIRCLE('',#5518,0.0025);
#3880=CIRCLE('',#5519,0.0305);
#3881=CIRCLE('',#5520,0.002);
#3882=CIRCLE('',#5521,0.00400000000000021);
#3883=CIRCLE('',#5523,0.003);
#3884=CIRCLE('',#5526,0.03);
#3885=CIRCLE('',#5527,0.03);
#3886=CIRCLE('',#5529,0.005);
#3887=CIRCLE('',#5530,0.005);
#3888=CIRCLE('',#5532,0.005);
#3889=CIRCLE('',#5541,0.0045);
#3890=CIRCLE('',#5542,0.0045);
#3891=CIRCLE('',#5543,0.0045);
#3892=CIRCLE('',#5544,0.0045);
#3893=CIRCLE('',#5546,0.0005);
#3894=CIRCLE('',#5547,0.0005);
#3895=CIRCLE('',#5549,0.001);
#3896=CIRCLE('',#5550,0.001);
#3897=CIRCLE('',#5557,0.001);
#3898=CIRCLE('',#5561,0.0005);
#3899=CIRCLE('',#5563,0.0005);
#3900=CIRCLE('',#5565,0.0005);
#3901=CIRCLE('',#5567,0.0005);
#3902=CIRCLE('',#5569,0.0005);
#3903=CIRCLE('',#5571,0.0005);
#3904=CIRCLE('',#5573,0.0005);
#3905=CIRCLE('',#5575,0.0005);
#3906=CIRCLE('',#5577,0.0370133309638054);
#3907=CIRCLE('',#5578,0.004);
#3908=CIRCLE('',#5579,0.002);
#3909=CIRCLE('',#5580,0.0305);
#3910=CIRCLE('',#5581,0.0025);
#3911=CIRCLE('',#5582,0.0025);
#3912=CIRCLE('',#5584,0.003);
#3913=CIRCLE('',#5587,0.005);
#3914=CIRCLE('',#5588,0.005);
#3915=CIRCLE('',#5590,0.005);
#3916=CIRCLE('',#5598,0.001);
#3917=CIRCLE('',#5599,0.001);
#3918=CIRCLE('',#5606,0.001);
#3919=CIRCLE('',#5610,0.0005);
#3920=CIRCLE('',#5612,0.0005);
#3921=CIRCLE('',#5614,0.0005);
#3922=CIRCLE('',#5616,0.0005);
#3923=CIRCLE('',#5618,0.0005);
#3924=CIRCLE('',#5620,0.0005);
#3925=CIRCLE('',#5622,0.0005);
#3926=CIRCLE('',#5624,0.0005);
#3927=CIRCLE('',#5628,0.00516005050633883);
#3928=CIRCLE('',#5630,0.00582071067811866);
#3929=CIRCLE('',#5631,0.00551360389693211);
#3930=CIRCLE('',#5635,0.0377133309638054);
#3931=CIRCLE('',#5637,0.0377133309638054);
#3932=CIRCLE('',#5640,0.0002);
#3933=CIRCLE('',#5642,0.0002);
#3934=CIRCLE('',#5646,0.0004);
#3935=CIRCLE('',#5647,0.02626);
#3936=CIRCLE('',#5648,0.0004);
#3937=CIRCLE('',#5652,0.0002);
#3938=CIRCLE('',#5653,0.0002);
#3939=CIRCLE('',#5655,0.0002);
#3940=CIRCLE('',#5656,0.0002);
#3941=CIRCLE('',#5660,0.0002);
#3942=CIRCLE('',#5661,0.0002);
#3943=CIRCLE('',#5663,0.0002);
#3944=CIRCLE('',#5664,0.0002);
#3945=CIRCLE('',#5666,0.0002);
#3946=CIRCLE('',#5668,0.0002);
#3947=CIRCLE('',#5670,0.0002);
#3948=CIRCLE('',#5672,0.0002);
#3949=CIRCLE('',#5674,0.0002);
#3950=CIRCLE('',#5676,0.0002);
#3951=CIRCLE('',#5678,0.0002);
#3952=CIRCLE('',#5680,0.0002);
#3953=CIRCLE('',#5682,0.0002);
#3954=CIRCLE('',#5684,0.0002);
#3955=CIRCLE('',#5686,0.0002);
#3956=CIRCLE('',#5688,0.0002);
#3957=CIRCLE('',#5692,0.0005);
#3958=CIRCLE('',#5693,0.0005);
#3959=CIRCLE('',#5703,0.0005);
#3960=CIRCLE('',#5704,0.0005);
#3961=CIRCLE('',#5707,0.0005);
#3962=CIRCLE('',#5710,0.0005);
#3963=CIRCLE('',#5711,0.0005);
#3964=CIRCLE('',#5743,0.0002);
#3965=CIRCLE('',#5745,0.0002);
#3966=CIRCLE('',#5747,0.0002);
#3967=CIRCLE('',#5749,0.0002);
#3968=CIRCLE('',#5751,0.0002);
#3969=CIRCLE('',#5753,0.0002);
#3970=CIRCLE('',#5754,0.0002);
#3971=CIRCLE('',#5756,0.0002);
#3972=CIRCLE('',#5758,0.0002);
#3973=CIRCLE('',#5760,0.0002);
#3974=CIRCLE('',#5769,0.0002);
#3975=CIRCLE('',#5770,0.0002);
#3976=CIRCLE('',#5771,0.0002);
#3977=CIRCLE('',#5773,0.0002);
#3978=CIRCLE('',#5774,0.0002);
#3979=CIRCLE('',#5776,0.0002);
#3980=CIRCLE('',#5778,0.0002);
#3981=CIRCLE('',#5780,0.0002);
#3982=CIRCLE('',#5781,0.0002);
#3983=CIRCLE('',#5783,0.0002);
#3984=CIRCLE('',#5786,0.0002);
#3985=CIRCLE('',#5788,0.0002);
#3986=CIRCLE('',#5789,0.0002);
#3987=CIRCLE('',#5790,0.0002);
#3988=CIRCLE('',#5791,0.0002);
#3989=CIRCLE('',#5793,0.0002);
#3990=CIRCLE('',#5794,0.0002);
#3991=CIRCLE('',#5795,0.0002);
#3992=CIRCLE('',#5797,0.0002);
#3993=CIRCLE('',#5799,0.0002);
#3994=EDGE_LOOP('',(#1022));
#3995=EDGE_LOOP('',(#1023));
#3996=EDGE_LOOP('',(#1024));
#3997=EDGE_LOOP('',(#1025));
#3998=EDGE_LOOP('',(#1026,#1027,#1028));
#3999=EDGE_LOOP('',(#1029));
#4000=EDGE_LOOP('',(#1030));
#4001=EDGE_LOOP('',(#1031,#1032,#1033,#1034,#1035));
#4002=EDGE_LOOP('',(#1036));
#4003=EDGE_LOOP('',(#1037,#1038));
#4004=EDGE_LOOP('',(#1039,#1040,#1041,#1042));
#4005=EDGE_LOOP('',(#1043,#1044,#1045,#1046,#1047));
#4006=EDGE_LOOP('',(#1048));
#4007=EDGE_LOOP('',(#1049,#1050));
#4008=EDGE_LOOP('',(#1051,#1052,#1053,#1054,#1055,#1056));
#4009=EDGE_LOOP('',(#1057,#1058,#1059,#1060,#1061));
#4010=EDGE_LOOP('',(#1062));
#4011=EDGE_LOOP('',(#1063,#1064));
#4012=EDGE_LOOP('',(#1065,#1066,#1067,#1068));
#4013=EDGE_LOOP('',(#1069,#1070,#1071,#1072));
#4014=EDGE_LOOP('',(#1073,#1074,#1075,#1076,#1077,#1078));
#4015=EDGE_LOOP('',(#1079,#1080,#1081,#1082,#1083));
#4016=EDGE_LOOP('',(#1084));
#4017=EDGE_LOOP('',(#1085,#1086));
#4018=EDGE_LOOP('',(#1087,#1088,#1089,#1090));
#4019=EDGE_LOOP('',(#1091));
#4020=EDGE_LOOP('',(#1092));
#4021=EDGE_LOOP('',(#1093));
#4022=EDGE_LOOP('',(#1094));
#4023=EDGE_LOOP('',(#1095));
#4024=EDGE_LOOP('',(#1096));
#4025=EDGE_LOOP('',(#1097));
#4026=EDGE_LOOP('',(#1098));
#4027=EDGE_LOOP('',(#1099));
#4028=EDGE_LOOP('',(#1100));
#4029=EDGE_LOOP('',(#1101));
#4030=EDGE_LOOP('',(#1102));
#4031=EDGE_LOOP('',(#1103));
#4032=EDGE_LOOP('',(#1104));
#4033=EDGE_LOOP('',(#1105));
#4034=EDGE_LOOP('',(#1106));
#4035=EDGE_LOOP('',(#1107));
#4036=EDGE_LOOP('',(#1108));
#4037=EDGE_LOOP('',(#1109));
#4038=EDGE_LOOP('',(#1110));
#4039=EDGE_LOOP('',(#1111));
#4040=EDGE_LOOP('',(#1112));
#4041=EDGE_LOOP('',(#1113));
#4042=EDGE_LOOP('',(#1114));
#4043=EDGE_LOOP('',(#1115));
#4044=EDGE_LOOP('',(#1116));
#4045=EDGE_LOOP('',(#1117));
#4046=EDGE_LOOP('',(#1118));
#4047=EDGE_LOOP('',(#1119));
#4048=EDGE_LOOP('',(#1120));
#4049=EDGE_LOOP('',(#1121));
#4050=EDGE_LOOP('',(#1122));
#4051=EDGE_LOOP('',(#1123));
#4052=EDGE_LOOP('',(#1124));
#4053=EDGE_LOOP('',(#1125));
#4054=EDGE_LOOP('',(#1126));
#4055=EDGE_LOOP('',(#1127));
#4056=EDGE_LOOP('',(#1128));
#4057=EDGE_LOOP('',(#1129));
#4058=EDGE_LOOP('',(#1130));
#4059=EDGE_LOOP('',(#1131));
#4060=EDGE_LOOP('',(#1132));
#4061=EDGE_LOOP('',(#1133,#1134,#1135,#1136));
#4062=EDGE_LOOP('',(#1137,#1138,#1139,#1140,#1141,#1142,#1143,#1144,#1145,
#1146,#1147,#1148));
#4063=EDGE_LOOP('',(#1149,#1150,#1151,#1152,#1153,#1154,#1155,#1156,#1157,
#1158,#1159,#1160));
#4064=EDGE_LOOP('',(#1161,#1162,#1163,#1164,#1165,#1166,#1167));
#4065=EDGE_LOOP('',(#1168,#1169,#1170,#1171,#1172,#1173,#1174));
#4066=EDGE_LOOP('',(#1175,#1176,#1177,#1178));
#4067=EDGE_LOOP('',(#1179,#1180,#1181,#1182,#1183,#1184,#1185,#1186,#1187,
#1188));
#4068=EDGE_LOOP('',(#1189,#1190,#1191));
#4069=EDGE_LOOP('',(#1192,#1193,#1194));
#4070=EDGE_LOOP('',(#1195,#1196,#1197,#1198));
#4071=EDGE_LOOP('',(#1199,#1200,#1201,#1202));
#4072=EDGE_LOOP('',(#1203,#1204,#1205,#1206));
#4073=EDGE_LOOP('',(#1207,#1208,#1209,#1210));
#4074=EDGE_LOOP('',(#1211,#1212,#1213,#1214));
#4075=EDGE_LOOP('',(#1215,#1216,#1217,#1218));
#4076=EDGE_LOOP('',(#1219,#1220,#1221,#1222));
#4077=EDGE_LOOP('',(#1223,#1224,#1225,#1226,#1227,#1228,#1229,#1230,#1231,
#1232,#1233,#1234));
#4078=EDGE_LOOP('',(#1235));
#4079=EDGE_LOOP('',(#1236,#1237,#1238,#1239,#1240,#1241,#1242,#1243));
#4080=EDGE_LOOP('',(#1244,#1245,#1246,#1247,#1248,#1249));
#4081=EDGE_LOOP('',(#1250,#1251,#1252,#1253,#1254,#1255));
#4082=EDGE_LOOP('',(#1256,#1257,#1258,#1259,#1260,#1261));
#4083=EDGE_LOOP('',(#1262,#1263,#1264,#1265,#1266,#1267));
#4084=EDGE_LOOP('',(#1268,#1269,#1270,#1271,#1272,#1273));
#4085=EDGE_LOOP('',(#1274,#1275,#1276,#1277));
#4086=EDGE_LOOP('',(#1278,#1279,#1280,#1281,#1282,#1283,#1284,#1285,#1286,
#1287,#1288,#1289,#1290,#1291,#1292,#1293));
#4087=EDGE_LOOP('',(#1294,#1295,#1296,#1297));
#4088=EDGE_LOOP('',(#1298,#1299,#1300,#1301,#1302));
#4089=EDGE_LOOP('',(#1303,#1304,#1305));
#4090=EDGE_LOOP('',(#1306));
#4091=EDGE_LOOP('',(#1307,#1308,#1309,#1310,#1311,#1312,#1313,#1314,#1315,
#1316,#1317,#1318,#1319,#1320,#1321,#1322));
#4092=EDGE_LOOP('',(#1323,#1324,#1325,#1326,#1327,#1328,#1329,#1330,#1331));
#4093=EDGE_LOOP('',(#1332,#1333));
#4094=EDGE_LOOP('',(#1334,#1335,#1336,#1337,#1338,#1339,#1340,#1341,#1342,
#1343));
#4095=EDGE_LOOP('',(#1344,#1345,#1346,#1347));
#4096=EDGE_LOOP('',(#1348,#1349,#1350,#1351));
#4097=EDGE_LOOP('',(#1352,#1353,#1354,#1355));
#4098=EDGE_LOOP('',(#1356,#1357,#1358,#1359));
#4099=EDGE_LOOP('',(#1360,#1361,#1362,#1363));
#4100=EDGE_LOOP('',(#1364,#1365,#1366,#1367));
#4101=EDGE_LOOP('',(#1368,#1369,#1370,#1371));
#4102=EDGE_LOOP('',(#1372,#1373,#1374,#1375));
#4103=EDGE_LOOP('',(#1376,#1377,#1378,#1379,#1380,#1381));
#4104=EDGE_LOOP('',(#1382,#1383,#1384,#1385));
#4105=EDGE_LOOP('',(#1386,#1387,#1388,#1389));
#4106=EDGE_LOOP('',(#1390,#1391,#1392,#1393));
#4107=EDGE_LOOP('',(#1394,#1395,#1396,#1397));
#4108=EDGE_LOOP('',(#1398,#1399,#1400));
#4109=EDGE_LOOP('',(#1401,#1402,#1403,#1404));
#4110=EDGE_LOOP('',(#1405,#1406,#1407,#1408));
#4111=EDGE_LOOP('',(#1409,#1410,#1411,#1412));
#4112=EDGE_LOOP('',(#1413,#1414,#1415,#1416,#1417));
#4113=EDGE_LOOP('',(#1418,#1419,#1420,#1421));
#4114=EDGE_LOOP('',(#1422,#1423,#1424,#1425));
#4115=EDGE_LOOP('',(#1426,#1427,#1428,#1429));
#4116=EDGE_LOOP('',(#1430,#1431,#1432,#1433));
#4117=EDGE_LOOP('',(#1434,#1435,#1436,#1437));
#4118=EDGE_LOOP('',(#1438,#1439,#1440,#1441,#1442));
#4119=EDGE_LOOP('',(#1443,#1444,#1445,#1446));
#4120=EDGE_LOOP('',(#1447,#1448,#1449,#1450));
#4121=EDGE_LOOP('',(#1451,#1452,#1453,#1454));
#4122=EDGE_LOOP('',(#1455,#1456,#1457));
#4123=EDGE_LOOP('',(#1458,#1459,#1460,#1461));
#4124=EDGE_LOOP('',(#1462,#1463,#1464,#1465));
#4125=EDGE_LOOP('',(#1466,#1467,#1468,#1469));
#4126=EDGE_LOOP('',(#1470,#1471,#1472,#1473));
#4127=EDGE_LOOP('',(#1474,#1475,#1476,#1477));
#4128=EDGE_LOOP('',(#1478,#1479,#1480,#1481));
#4129=EDGE_LOOP('',(#1482));
#4130=EDGE_LOOP('',(#1483,#1484,#1485,#1486,#1487,#1488,#1489,#1490));
#4131=EDGE_LOOP('',(#1491,#1492,#1493,#1494));
#4132=EDGE_LOOP('',(#1495,#1496,#1497,#1498));
#4133=EDGE_LOOP('',(#1499,#1500,#1501,#1502,#1503,#1504,#1505,#1506,#1507));
#4134=EDGE_LOOP('',(#1508,#1509));
#4135=EDGE_LOOP('',(#1510,#1511,#1512));
#4136=EDGE_LOOP('',(#1513,#1514,#1515,#1516,#1517));
#4137=EDGE_LOOP('',(#1518,#1519,#1520,#1521));
#4138=EDGE_LOOP('',(#1522,#1523,#1524,#1525));
#4139=EDGE_LOOP('',(#1526,#1527,#1528,#1529));
#4140=EDGE_LOOP('',(#1530,#1531,#1532,#1533));
#4141=EDGE_LOOP('',(#1534,#1535,#1536,#1537));
#4142=EDGE_LOOP('',(#1538,#1539,#1540,#1541));
#4143=EDGE_LOOP('',(#1542,#1543,#1544,#1545));
#4144=EDGE_LOOP('',(#1546,#1547,#1548,#1549));
#4145=EDGE_LOOP('',(#1550,#1551,#1552,#1553,#1554,#1555));
#4146=EDGE_LOOP('',(#1556,#1557,#1558));
#4147=EDGE_LOOP('',(#1559,#1560,#1561,#1562));
#4148=EDGE_LOOP('',(#1563,#1564,#1565,#1566));
#4149=EDGE_LOOP('',(#1567,#1568,#1569,#1570));
#4150=EDGE_LOOP('',(#1571,#1572,#1573,#1574,#1575));
#4151=EDGE_LOOP('',(#1576,#1577,#1578,#1579));
#4152=EDGE_LOOP('',(#1580,#1581,#1582,#1583));
#4153=EDGE_LOOP('',(#1584,#1585,#1586,#1587));
#4154=EDGE_LOOP('',(#1588,#1589,#1590,#1591));
#4155=EDGE_LOOP('',(#1592,#1593,#1594,#1595));
#4156=EDGE_LOOP('',(#1596,#1597,#1598,#1599,#1600));
#4157=EDGE_LOOP('',(#1601,#1602,#1603,#1604));
#4158=EDGE_LOOP('',(#1605,#1606,#1607,#1608));
#4159=EDGE_LOOP('',(#1609,#1610,#1611,#1612));
#4160=EDGE_LOOP('',(#1613,#1614,#1615));
#4161=EDGE_LOOP('',(#1616,#1617,#1618,#1619));
#4162=EDGE_LOOP('',(#1620,#1621,#1622,#1623));
#4163=EDGE_LOOP('',(#1624,#1625,#1626,#1627));
#4164=EDGE_LOOP('',(#1628,#1629,#1630,#1631));
#4165=EDGE_LOOP('',(#1632,#1633,#1634,#1635));
#4166=EDGE_LOOP('',(#1636,#1637,#1638,#1639));
#4167=EDGE_LOOP('',(#1640,#1641,#1642,#1643,#1644,#1645,#1646,#1647,#1648,
#1649,#1650,#1651,#1652,#1653,#1654,#1655,#1656,#1657));
#4168=EDGE_LOOP('',(#1658));
#4169=EDGE_LOOP('',(#1659,#1660,#1661,#1662,#1663,#1664,#1665,#1666));
#4170=EDGE_LOOP('',(#1667,#1668,#1669,#1670));
#4171=EDGE_LOOP('',(#1671,#1672,#1673,#1674));
#4172=EDGE_LOOP('',(#1675,#1676,#1677,#1678,#1679,#1680,#1681,#1682,#1683,
#1684));
#4173=EDGE_LOOP('',(#1685,#1686,#1687,#1688,#1689,#1690,#1691,#1692,#1693));
#4174=EDGE_LOOP('',(#1694,#1695));
#4175=EDGE_LOOP('',(#1696,#1697,#1698));
#4176=EDGE_LOOP('',(#1699,#1700,#1701,#1702,#1703));
#4177=EDGE_LOOP('',(#1704,#1705,#1706,#1707));
#4178=EDGE_LOOP('',(#1708,#1709,#1710,#1711));
#4179=EDGE_LOOP('',(#1712,#1713,#1714,#1715));
#4180=EDGE_LOOP('',(#1716,#1717,#1718,#1719));
#4181=EDGE_LOOP('',(#1720,#1721,#1722,#1723));
#4182=EDGE_LOOP('',(#1724,#1725,#1726,#1727));
#4183=EDGE_LOOP('',(#1728,#1729,#1730,#1731));
#4184=EDGE_LOOP('',(#1732,#1733,#1734,#1735,#1736,#1737));
#4185=EDGE_LOOP('',(#1738,#1739,#1740,#1741));
#4186=EDGE_LOOP('',(#1742,#1743,#1744,#1745));
#4187=EDGE_LOOP('',(#1746,#1747,#1748,#1749));
#4188=EDGE_LOOP('',(#1750,#1751,#1752,#1753));
#4189=EDGE_LOOP('',(#1754,#1755,#1756));
#4190=EDGE_LOOP('',(#1757,#1758,#1759,#1760));
#4191=EDGE_LOOP('',(#1761,#1762,#1763,#1764));
#4192=EDGE_LOOP('',(#1765,#1766,#1767,#1768));
#4193=EDGE_LOOP('',(#1769,#1770,#1771,#1772,#1773));
#4194=EDGE_LOOP('',(#1774,#1775,#1776,#1777));
#4195=EDGE_LOOP('',(#1778,#1779,#1780,#1781));
#4196=EDGE_LOOP('',(#1782,#1783,#1784,#1785));
#4197=EDGE_LOOP('',(#1786,#1787,#1788,#1789));
#4198=EDGE_LOOP('',(#1790,#1791,#1792,#1793,#1794));
#4199=EDGE_LOOP('',(#1795,#1796,#1797,#1798));
#4200=EDGE_LOOP('',(#1799,#1800,#1801,#1802));
#4201=EDGE_LOOP('',(#1803,#1804,#1805,#1806));
#4202=EDGE_LOOP('',(#1807,#1808,#1809));
#4203=EDGE_LOOP('',(#1810,#1811,#1812,#1813));
#4204=EDGE_LOOP('',(#1814,#1815,#1816,#1817));
#4205=EDGE_LOOP('',(#1818,#1819,#1820,#1821));
#4206=EDGE_LOOP('',(#1822,#1823,#1824,#1825));
#4207=EDGE_LOOP('',(#1826,#1827,#1828,#1829));
#4208=EDGE_LOOP('',(#1830,#1831,#1832,#1833));
#4209=EDGE_LOOP('',(#1834));
#4210=EDGE_LOOP('',(#1835,#1836,#1837,#1838,#1839,#1840,#1841,#1842));
#4211=EDGE_LOOP('',(#1843,#1844,#1845,#1846));
#4212=EDGE_LOOP('',(#1847,#1848,#1849,#1850));
#4213=EDGE_LOOP('',(#1851,#1852,#1853,#1854,#1855,#1856,#1857,#1858,#1859));
#4214=EDGE_LOOP('',(#1860,#1861));
#4215=EDGE_LOOP('',(#1862,#1863,#1864));
#4216=EDGE_LOOP('',(#1865,#1866,#1867,#1868,#1869));
#4217=EDGE_LOOP('',(#1870,#1871,#1872,#1873));
#4218=EDGE_LOOP('',(#1874,#1875,#1876,#1877));
#4219=EDGE_LOOP('',(#1878,#1879,#1880,#1881));
#4220=EDGE_LOOP('',(#1882,#1883,#1884,#1885));
#4221=EDGE_LOOP('',(#1886,#1887,#1888,#1889));
#4222=EDGE_LOOP('',(#1890,#1891,#1892,#1893));
#4223=EDGE_LOOP('',(#1894,#1895,#1896,#1897));
#4224=EDGE_LOOP('',(#1898,#1899,#1900,#1901,#1902,#1903));
#4225=EDGE_LOOP('',(#1904,#1905,#1906));
#4226=EDGE_LOOP('',(#1907,#1908,#1909,#1910));
#4227=EDGE_LOOP('',(#1911,#1912,#1913,#1914));
#4228=EDGE_LOOP('',(#1915,#1916,#1917,#1918));
#4229=EDGE_LOOP('',(#1919,#1920,#1921,#1922,#1923));
#4230=EDGE_LOOP('',(#1924,#1925,#1926,#1927));
#4231=EDGE_LOOP('',(#1928,#1929,#1930,#1931));
#4232=EDGE_LOOP('',(#1932,#1933,#1934,#1935));
#4233=EDGE_LOOP('',(#1936,#1937,#1938,#1939));
#4234=EDGE_LOOP('',(#1940,#1941,#1942,#1943,#1944));
#4235=EDGE_LOOP('',(#1945,#1946,#1947,#1948));
#4236=EDGE_LOOP('',(#1949,#1950,#1951,#1952));
#4237=EDGE_LOOP('',(#1953,#1954,#1955,#1956));
#4238=EDGE_LOOP('',(#1957,#1958,#1959));
#4239=EDGE_LOOP('',(#1960,#1961,#1962,#1963));
#4240=EDGE_LOOP('',(#1964,#1965,#1966,#1967));
#4241=EDGE_LOOP('',(#1968,#1969,#1970,#1971));
#4242=EDGE_LOOP('',(#1972,#1973,#1974,#1975));
#4243=EDGE_LOOP('',(#1976,#1977,#1978,#1979));
#4244=EDGE_LOOP('',(#1980,#1981,#1982,#1983));
#4245=EDGE_LOOP('',(#1984,#1985,#1986,#1987));
#4246=EDGE_LOOP('',(#1988,#1989,#1990,#1991));
#4247=EDGE_LOOP('',(#1992,#1993,#1994,#1995,#1996,#1997,#1998,#1999));
#4248=EDGE_LOOP('',(#2000));
#4249=EDGE_LOOP('',(#2001));
#4250=EDGE_LOOP('',(#2002));
#4251=EDGE_LOOP('',(#2003));
#4252=EDGE_LOOP('',(#2004));
#4253=EDGE_LOOP('',(#2005));
#4254=EDGE_LOOP('',(#2006));
#4255=EDGE_LOOP('',(#2007));
#4256=EDGE_LOOP('',(#2008));
#4257=EDGE_LOOP('',(#2009));
#4258=EDGE_LOOP('',(#2010));
#4259=EDGE_LOOP('',(#2011));
#4260=EDGE_LOOP('',(#2012));
#4261=EDGE_LOOP('',(#2013));
#4262=EDGE_LOOP('',(#2014));
#4263=EDGE_LOOP('',(#2015));
#4264=EDGE_LOOP('',(#2016));
#4265=EDGE_LOOP('',(#2017));
#4266=EDGE_LOOP('',(#2018));
#4267=EDGE_LOOP('',(#2019));
#4268=EDGE_LOOP('',(#2020));
#4269=EDGE_LOOP('',(#2021,#2022,#2023,#2024));
#4270=EDGE_LOOP('',(#2025,#2026,#2027,#2028));
#4271=EDGE_LOOP('',(#2029,#2030,#2031,#2032,#2033,#2034,#2035,#2036));
#4272=EDGE_LOOP('',(#2037,#2038,#2039,#2040,#2041,#2042,#2043,#2044));
#4273=EDGE_LOOP('',(#2045,#2046,#2047,#2048));
#4274=EDGE_LOOP('',(#2049,#2050,#2051,#2052));
#4275=EDGE_LOOP('',(#2053,#2054,#2055,#2056));
#4276=EDGE_LOOP('',(#2057,#2058,#2059,#2060));
#4277=EDGE_LOOP('',(#2061,#2062,#2063,#2064));
#4278=EDGE_LOOP('',(#2065,#2066,#2067,#2068,#2069,#2070,#2071,#2072,#2073,
#2074));
#4279=EDGE_LOOP('',(#2075,#2076,#2077,#2078));
#4280=EDGE_LOOP('',(#2079,#2080,#2081,#2082));
#4281=EDGE_LOOP('',(#2083,#2084,#2085,#2086));
#4282=EDGE_LOOP('',(#2087,#2088,#2089,#2090));
#4283=EDGE_LOOP('',(#2091,#2092,#2093,#2094));
#4284=EDGE_LOOP('',(#2095,#2096,#2097,#2098));
#4285=EDGE_LOOP('',(#2099,#2100,#2101,#2102));
#4286=EDGE_LOOP('',(#2103,#2104,#2105,#2106));
#4287=EDGE_LOOP('',(#2107,#2108,#2109));
#4288=EDGE_LOOP('',(#2110,#2111,#2112,#2113));
#4289=EDGE_LOOP('',(#2114,#2115,#2116));
#4290=EDGE_LOOP('',(#2117,#2118,#2119,#2120));
#4291=EDGE_LOOP('',(#2121,#2122,#2123));
#4292=EDGE_LOOP('',(#2124,#2125,#2126,#2127));
#4293=EDGE_LOOP('',(#2128,#2129,#2130));
#4294=EDGE_LOOP('',(#2131,#2132,#2133,#2134));
#4295=EDGE_LOOP('',(#2135,#2136,#2137));
#4296=EDGE_LOOP('',(#2138,#2139,#2140,#2141));
#4297=EDGE_LOOP('',(#2142,#2143,#2144));
#4298=EDGE_LOOP('',(#2145,#2146,#2147,#2148));
#4299=EDGE_LOOP('',(#2149));
#4300=EDGE_LOOP('',(#2150));
#4301=EDGE_LOOP('',(#2151));
#4302=EDGE_LOOP('',(#2152));
#4303=EDGE_LOOP('',(#2153));
#4304=EDGE_LOOP('',(#2154));
#4305=EDGE_LOOP('',(#2155));
#4306=EDGE_LOOP('',(#2156));
#4307=EDGE_LOOP('',(#2157));
#4308=EDGE_LOOP('',(#2158));
#4309=EDGE_LOOP('',(#2159));
#4310=EDGE_LOOP('',(#2160));
#4311=EDGE_LOOP('',(#2161));
#4312=EDGE_LOOP('',(#2162));
#4313=EDGE_LOOP('',(#2163));
#4314=EDGE_LOOP('',(#2164));
#4315=EDGE_LOOP('',(#2165));
#4316=EDGE_LOOP('',(#2166));
#4317=EDGE_LOOP('',(#2167));
#4318=EDGE_LOOP('',(#2168));
#4319=EDGE_LOOP('',(#2169));
#4320=EDGE_LOOP('',(#2170));
#4321=EDGE_LOOP('',(#2171,#2172,#2173,#2174));
#4322=EDGE_LOOP('',(#2175,#2176,#2177));
#4323=EDGE_LOOP('',(#2178,#2179,#2180));
#4324=EDGE_LOOP('',(#2181,#2182,#2183,#2184));
#4325=EDGE_LOOP('',(#2185,#2186,#2187,#2188));
#4326=EDGE_LOOP('',(#2189,#2190,#2191));
#4327=EDGE_LOOP('',(#2192,#2193,#2194));
#4328=EDGE_LOOP('',(#2195,#2196,#2197,#2198));
#4329=EDGE_LOOP('',(#2199,#2200,#2201,#2202));
#4330=EDGE_LOOP('',(#2203,#2204,#2205,#2206));
#4331=EDGE_LOOP('',(#2207,#2208,#2209,#2210));
#4332=EDGE_LOOP('',(#2211,#2212,#2213,#2214));
#4333=EDGE_LOOP('',(#2215,#2216,#2217,#2218));
#4334=EDGE_LOOP('',(#2219,#2220,#2221,#2222));
#4335=EDGE_LOOP('',(#2223,#2224,#2225));
#4336=EDGE_LOOP('',(#2226,#2227,#2228,#2229));
#4337=EDGE_LOOP('',(#2230,#2231,#2232,#2233));
#4338=EDGE_LOOP('',(#2234,#2235,#2236,#2237));
#4339=EDGE_LOOP('',(#2238,#2239,#2240,#2241));
#4340=EDGE_LOOP('',(#2242,#2243,#2244,#2245));
#4341=EDGE_LOOP('',(#2246,#2247,#2248,#2249));
#4342=EDGE_LOOP('',(#2250,#2251,#2252,#2253));
#4343=EDGE_LOOP('',(#2254,#2255,#2256,#2257));
#4344=EDGE_LOOP('',(#2258,#2259,#2260,#2261));
#4345=EDGE_LOOP('',(#2262,#2263,#2264,#2265));
#4346=EDGE_LOOP('',(#2266,#2267,#2268,#2269));
#4347=EDGE_LOOP('',(#2270,#2271,#2272,#2273));
#4348=EDGE_LOOP('',(#2274,#2275,#2276,#2277));
#4349=EDGE_LOOP('',(#2278,#2279,#2280,#2281));
#4350=EDGE_LOOP('',(#2282,#2283,#2284,#2285));
#4351=EDGE_LOOP('',(#2286,#2287,#2288,#2289));
#4352=EDGE_LOOP('',(#2290,#2291,#2292,#2293));
#4353=EDGE_LOOP('',(#2294,#2295,#2296,#2297));
#4354=EDGE_LOOP('',(#2298,#2299,#2300,#2301));
#4355=EDGE_LOOP('',(#2302,#2303,#2304,#2305));
#4356=EDGE_LOOP('',(#2306,#2307,#2308,#2309));
#4357=EDGE_LOOP('',(#2310,#2311,#2312,#2313));
#4358=EDGE_LOOP('',(#2314,#2315,#2316,#2317));
#4359=EDGE_LOOP('',(#2318,#2319,#2320,#2321));
#4360=EDGE_LOOP('',(#2322,#2323,#2324,#2325));
#4361=EDGE_LOOP('',(#2326,#2327,#2328,#2329));
#4362=EDGE_LOOP('',(#2330,#2331,#2332,#2333));
#4363=EDGE_LOOP('',(#2334,#2335,#2336,#2337));
#4364=EDGE_LOOP('',(#2338,#2339,#2340,#2341));
#4365=EDGE_LOOP('',(#2342,#2343,#2344,#2345));
#4366=EDGE_LOOP('',(#2346,#2347,#2348,#2349));
#4367=EDGE_LOOP('',(#2350,#2351,#2352,#2353));
#4368=EDGE_LOOP('',(#2354,#2355,#2356));
#4369=EDGE_LOOP('',(#2357,#2358,#2359,#2360));
#4370=EDGE_LOOP('',(#2361,#2362,#2363));
#4371=EDGE_LOOP('',(#2364,#2365,#2366,#2367));
#4372=EDGE_LOOP('',(#2368,#2369,#2370,#2371));
#4373=EDGE_LOOP('',(#2372,#2373,#2374));
#4374=EDGE_LOOP('',(#2375,#2376,#2377,#2378));
#4375=EDGE_LOOP('',(#2379,#2380,#2381));
#4376=EDGE_LOOP('',(#2382,#2383,#2384,#2385));
#4377=EDGE_LOOP('',(#2386,#2387,#2388,#2389,#2390,#2391,#2392));
#4378=EDGE_LOOP('',(#2393,#2394,#2395,#2396,#2397,#2398,#2399));
#4379=EDGE_LOOP('',(#2400,#2401,#2402,#2403));
#4380=EDGE_LOOP('',(#2404,#2405,#2406,#2407));
#4381=EDGE_LOOP('',(#2408,#2409,#2410,#2411,#2412,#2413,#2414));
#4382=EDGE_LOOP('',(#2415,#2416,#2417,#2418,#2419,#2420,#2421));
#4383=EDGE_LOOP('',(#2422,#2423,#2424,#2425));
#4384=EDGE_LOOP('',(#2426,#2427,#2428,#2429));
#4385=EDGE_LOOP('',(#2430,#2431,#2432,#2433));
#4386=EDGE_LOOP('',(#2434,#2435,#2436,#2437));
#4387=EDGE_LOOP('',(#2438,#2439,#2440,#2441));
#4388=EDGE_LOOP('',(#2442,#2443,#2444,#2445));
#4389=EDGE_LOOP('',(#2446,#2447,#2448,#2449));
#4390=EDGE_LOOP('',(#2450,#2451,#2452,#2453));
#4391=EDGE_LOOP('',(#2454,#2455,#2456,#2457));
#4392=EDGE_LOOP('',(#2458,#2459,#2460,#2461));
#4393=EDGE_LOOP('',(#2462,#2463,#2464,#2465));
#4394=EDGE_LOOP('',(#2466,#2467,#2468,#2469));
#4395=EDGE_LOOP('',(#2470,#2471,#2472,#2473));
#4396=EDGE_LOOP('',(#2474,#2475,#2476,#2477));
#4397=EDGE_LOOP('',(#2478,#2479,#2480,#2481));
#4398=EDGE_LOOP('',(#2482,#2483,#2484,#2485));
#4399=EDGE_LOOP('',(#2486,#2487,#2488,#2489));
#4400=EDGE_LOOP('',(#2490,#2491,#2492,#2493));
#4401=EDGE_LOOP('',(#2494,#2495,#2496,#2497));
#4402=EDGE_LOOP('',(#2498,#2499,#2500,#2501));
#4403=EDGE_LOOP('',(#2502,#2503,#2504,#2505));
#4404=EDGE_LOOP('',(#2506,#2507,#2508,#2509));
#4405=EDGE_LOOP('',(#2510,#2511,#2512,#2513));
#4406=FACE_BOUND('',#3994,.T.);
#4407=FACE_BOUND('',#3995,.T.);
#4408=FACE_BOUND('',#3996,.T.);
#4409=FACE_BOUND('',#3997,.T.);
#4410=FACE_BOUND('',#3998,.T.);
#4411=FACE_BOUND('',#3999,.T.);
#4412=FACE_BOUND('',#4000,.T.);
#4413=FACE_BOUND('',#4001,.T.);
#4414=FACE_BOUND('',#4002,.T.);
#4415=FACE_BOUND('',#4003,.T.);
#4416=FACE_BOUND('',#4004,.T.);
#4417=FACE_BOUND('',#4005,.T.);
#4418=FACE_BOUND('',#4006,.T.);
#4419=FACE_BOUND('',#4007,.T.);
#4420=FACE_BOUND('',#4008,.T.);
#4421=FACE_BOUND('',#4009,.T.);
#4422=FACE_BOUND('',#4010,.T.);
#4423=FACE_BOUND('',#4011,.T.);
#4424=FACE_BOUND('',#4012,.T.);
#4425=FACE_BOUND('',#4013,.T.);
#4426=FACE_BOUND('',#4014,.T.);
#4427=FACE_BOUND('',#4015,.T.);
#4428=FACE_BOUND('',#4016,.T.);
#4429=FACE_BOUND('',#4017,.T.);
#4430=FACE_BOUND('',#4018,.T.);
#4431=FACE_BOUND('',#4019,.T.);
#4432=FACE_BOUND('',#4020,.T.);
#4433=FACE_BOUND('',#4021,.T.);
#4434=FACE_BOUND('',#4022,.T.);
#4435=FACE_BOUND('',#4023,.T.);
#4436=FACE_BOUND('',#4024,.T.);
#4437=FACE_BOUND('',#4025,.T.);
#4438=FACE_BOUND('',#4026,.T.);
#4439=FACE_BOUND('',#4027,.T.);
#4440=FACE_BOUND('',#4028,.T.);
#4441=FACE_BOUND('',#4029,.T.);
#4442=FACE_BOUND('',#4030,.T.);
#4443=FACE_BOUND('',#4031,.T.);
#4444=FACE_BOUND('',#4032,.T.);
#4445=FACE_BOUND('',#4033,.T.);
#4446=FACE_BOUND('',#4034,.T.);
#4447=FACE_BOUND('',#4035,.T.);
#4448=FACE_BOUND('',#4036,.T.);
#4449=FACE_BOUND('',#4037,.T.);
#4450=FACE_BOUND('',#4038,.T.);
#4451=FACE_BOUND('',#4039,.T.);
#4452=FACE_BOUND('',#4040,.T.);
#4453=FACE_BOUND('',#4041,.T.);
#4454=FACE_BOUND('',#4042,.T.);
#4455=FACE_BOUND('',#4043,.T.);
#4456=FACE_BOUND('',#4044,.T.);
#4457=FACE_BOUND('',#4045,.T.);
#4458=FACE_BOUND('',#4046,.T.);
#4459=FACE_BOUND('',#4047,.T.);
#4460=FACE_BOUND('',#4048,.T.);
#4461=FACE_BOUND('',#4049,.T.);
#4462=FACE_BOUND('',#4050,.T.);
#4463=FACE_BOUND('',#4051,.T.);
#4464=FACE_BOUND('',#4052,.T.);
#4465=FACE_BOUND('',#4053,.T.);
#4466=FACE_BOUND('',#4054,.T.);
#4467=FACE_BOUND('',#4055,.T.);
#4468=FACE_BOUND('',#4056,.T.);
#4469=FACE_BOUND('',#4057,.T.);
#4470=FACE_BOUND('',#4058,.T.);
#4471=FACE_BOUND('',#4059,.T.);
#4472=FACE_BOUND('',#4060,.T.);
#4473=FACE_BOUND('',#4061,.T.);
#4474=FACE_BOUND('',#4062,.T.);
#4475=FACE_BOUND('',#4063,.T.);
#4476=FACE_BOUND('',#4064,.T.);
#4477=FACE_BOUND('',#4065,.T.);
#4478=FACE_BOUND('',#4066,.T.);
#4479=FACE_BOUND('',#4067,.T.);
#4480=FACE_BOUND('',#4068,.T.);
#4481=FACE_BOUND('',#4069,.T.);
#4482=FACE_BOUND('',#4070,.T.);
#4483=FACE_BOUND('',#4071,.T.);
#4484=FACE_BOUND('',#4072,.T.);
#4485=FACE_BOUND('',#4073,.T.);
#4486=FACE_BOUND('',#4074,.T.);
#4487=FACE_BOUND('',#4075,.T.);
#4488=FACE_BOUND('',#4076,.T.);
#4489=FACE_BOUND('',#4077,.T.);
#4490=FACE_BOUND('',#4078,.T.);
#4491=FACE_BOUND('',#4079,.T.);
#4492=FACE_BOUND('',#4080,.T.);
#4493=FACE_BOUND('',#4081,.T.);
#4494=FACE_BOUND('',#4082,.T.);
#4495=FACE_BOUND('',#4083,.T.);
#4496=FACE_BOUND('',#4084,.T.);
#4497=FACE_BOUND('',#4085,.T.);
#4498=FACE_BOUND('',#4086,.T.);
#4499=FACE_BOUND('',#4087,.T.);
#4500=FACE_BOUND('',#4088,.T.);
#4501=FACE_BOUND('',#4089,.T.);
#4502=FACE_BOUND('',#4090,.T.);
#4503=FACE_BOUND('',#4091,.T.);
#4504=FACE_BOUND('',#4092,.T.);
#4505=FACE_BOUND('',#4093,.T.);
#4506=FACE_BOUND('',#4094,.T.);
#4507=FACE_BOUND('',#4095,.T.);
#4508=FACE_BOUND('',#4096,.T.);
#4509=FACE_BOUND('',#4097,.T.);
#4510=FACE_BOUND('',#4098,.T.);
#4511=FACE_BOUND('',#4099,.T.);
#4512=FACE_BOUND('',#4100,.T.);
#4513=FACE_BOUND('',#4101,.T.);
#4514=FACE_BOUND('',#4102,.T.);
#4515=FACE_BOUND('',#4103,.T.);
#4516=FACE_BOUND('',#4104,.T.);
#4517=FACE_BOUND('',#4105,.T.);
#4518=FACE_BOUND('',#4106,.T.);
#4519=FACE_BOUND('',#4107,.T.);
#4520=FACE_BOUND('',#4108,.T.);
#4521=FACE_BOUND('',#4109,.T.);
#4522=FACE_BOUND('',#4110,.T.);
#4523=FACE_BOUND('',#4111,.T.);
#4524=FACE_BOUND('',#4112,.T.);
#4525=FACE_BOUND('',#4113,.T.);
#4526=FACE_BOUND('',#4114,.T.);
#4527=FACE_BOUND('',#4115,.T.);
#4528=FACE_BOUND('',#4116,.T.);
#4529=FACE_BOUND('',#4117,.T.);
#4530=FACE_BOUND('',#4118,.T.);
#4531=FACE_BOUND('',#4119,.T.);
#4532=FACE_BOUND('',#4120,.T.);
#4533=FACE_BOUND('',#4121,.T.);
#4534=FACE_BOUND('',#4122,.T.);
#4535=FACE_BOUND('',#4123,.T.);
#4536=FACE_BOUND('',#4124,.T.);
#4537=FACE_BOUND('',#4125,.T.);
#4538=FACE_BOUND('',#4126,.T.);
#4539=FACE_BOUND('',#4127,.T.);
#4540=FACE_BOUND('',#4128,.T.);
#4541=FACE_BOUND('',#4129,.T.);
#4542=FACE_BOUND('',#4130,.T.);
#4543=FACE_BOUND('',#4131,.T.);
#4544=FACE_BOUND('',#4132,.T.);
#4545=FACE_BOUND('',#4133,.T.);
#4546=FACE_BOUND('',#4134,.T.);
#4547=FACE_BOUND('',#4135,.T.);
#4548=FACE_BOUND('',#4136,.T.);
#4549=FACE_BOUND('',#4137,.T.);
#4550=FACE_BOUND('',#4138,.T.);
#4551=FACE_BOUND('',#4139,.T.);
#4552=FACE_BOUND('',#4140,.T.);
#4553=FACE_BOUND('',#4141,.T.);
#4554=FACE_BOUND('',#4142,.T.);
#4555=FACE_BOUND('',#4143,.T.);
#4556=FACE_BOUND('',#4144,.T.);
#4557=FACE_BOUND('',#4145,.T.);
#4558=FACE_BOUND('',#4146,.T.);
#4559=FACE_BOUND('',#4147,.T.);
#4560=FACE_BOUND('',#4148,.T.);
#4561=FACE_BOUND('',#4149,.T.);
#4562=FACE_BOUND('',#4150,.T.);
#4563=FACE_BOUND('',#4151,.T.);
#4564=FACE_BOUND('',#4152,.T.);
#4565=FACE_BOUND('',#4153,.T.);
#4566=FACE_BOUND('',#4154,.T.);
#4567=FACE_BOUND('',#4155,.T.);
#4568=FACE_BOUND('',#4156,.T.);
#4569=FACE_BOUND('',#4157,.T.);
#4570=FACE_BOUND('',#4158,.T.);
#4571=FACE_BOUND('',#4159,.T.);
#4572=FACE_BOUND('',#4160,.T.);
#4573=FACE_BOUND('',#4161,.T.);
#4574=FACE_BOUND('',#4162,.T.);
#4575=FACE_BOUND('',#4163,.T.);
#4576=FACE_BOUND('',#4164,.T.);
#4577=FACE_BOUND('',#4165,.T.);
#4578=FACE_BOUND('',#4166,.T.);
#4579=FACE_BOUND('',#4167,.T.);
#4580=FACE_BOUND('',#4168,.T.);
#4581=FACE_BOUND('',#4169,.T.);
#4582=FACE_BOUND('',#4170,.T.);
#4583=FACE_BOUND('',#4171,.T.);
#4584=FACE_BOUND('',#4172,.T.);
#4585=FACE_BOUND('',#4173,.T.);
#4586=FACE_BOUND('',#4174,.T.);
#4587=FACE_BOUND('',#4175,.T.);
#4588=FACE_BOUND('',#4176,.T.);
#4589=FACE_BOUND('',#4177,.T.);
#4590=FACE_BOUND('',#4178,.T.);
#4591=FACE_BOUND('',#4179,.T.);
#4592=FACE_BOUND('',#4180,.T.);
#4593=FACE_BOUND('',#4181,.T.);
#4594=FACE_BOUND('',#4182,.T.);
#4595=FACE_BOUND('',#4183,.T.);
#4596=FACE_BOUND('',#4184,.T.);
#4597=FACE_BOUND('',#4185,.T.);
#4598=FACE_BOUND('',#4186,.T.);
#4599=FACE_BOUND('',#4187,.T.);
#4600=FACE_BOUND('',#4188,.T.);
#4601=FACE_BOUND('',#4189,.T.);
#4602=FACE_BOUND('',#4190,.T.);
#4603=FACE_BOUND('',#4191,.T.);
#4604=FACE_BOUND('',#4192,.T.);
#4605=FACE_BOUND('',#4193,.T.);
#4606=FACE_BOUND('',#4194,.T.);
#4607=FACE_BOUND('',#4195,.T.);
#4608=FACE_BOUND('',#4196,.T.);
#4609=FACE_BOUND('',#4197,.T.);
#4610=FACE_BOUND('',#4198,.T.);
#4611=FACE_BOUND('',#4199,.T.);
#4612=FACE_BOUND('',#4200,.T.);
#4613=FACE_BOUND('',#4201,.T.);
#4614=FACE_BOUND('',#4202,.T.);
#4615=FACE_BOUND('',#4203,.T.);
#4616=FACE_BOUND('',#4204,.T.);
#4617=FACE_BOUND('',#4205,.T.);
#4618=FACE_BOUND('',#4206,.T.);
#4619=FACE_BOUND('',#4207,.T.);
#4620=FACE_BOUND('',#4208,.T.);
#4621=FACE_BOUND('',#4209,.T.);
#4622=FACE_BOUND('',#4210,.T.);
#4623=FACE_BOUND('',#4211,.T.);
#4624=FACE_BOUND('',#4212,.T.);
#4625=FACE_BOUND('',#4213,.T.);
#4626=FACE_BOUND('',#4214,.T.);
#4627=FACE_BOUND('',#4215,.T.);
#4628=FACE_BOUND('',#4216,.T.);
#4629=FACE_BOUND('',#4217,.T.);
#4630=FACE_BOUND('',#4218,.T.);
#4631=FACE_BOUND('',#4219,.T.);
#4632=FACE_BOUND('',#4220,.T.);
#4633=FACE_BOUND('',#4221,.T.);
#4634=FACE_BOUND('',#4222,.T.);
#4635=FACE_BOUND('',#4223,.T.);
#4636=FACE_BOUND('',#4224,.T.);
#4637=FACE_BOUND('',#4225,.T.);
#4638=FACE_BOUND('',#4226,.T.);
#4639=FACE_BOUND('',#4227,.T.);
#4640=FACE_BOUND('',#4228,.T.);
#4641=FACE_BOUND('',#4229,.T.);
#4642=FACE_BOUND('',#4230,.T.);
#4643=FACE_BOUND('',#4231,.T.);
#4644=FACE_BOUND('',#4232,.T.);
#4645=FACE_BOUND('',#4233,.T.);
#4646=FACE_BOUND('',#4234,.T.);
#4647=FACE_BOUND('',#4235,.T.);
#4648=FACE_BOUND('',#4236,.T.);
#4649=FACE_BOUND('',#4237,.T.);
#4650=FACE_BOUND('',#4238,.T.);
#4651=FACE_BOUND('',#4239,.T.);
#4652=FACE_BOUND('',#4240,.T.);
#4653=FACE_BOUND('',#4241,.T.);
#4654=FACE_BOUND('',#4242,.T.);
#4655=FACE_BOUND('',#4243,.T.);
#4656=FACE_BOUND('',#4244,.T.);
#4657=FACE_BOUND('',#4245,.T.);
#4658=FACE_BOUND('',#4246,.T.);
#4659=FACE_BOUND('',#4247,.T.);
#4660=FACE_BOUND('',#4248,.T.);
#4661=FACE_BOUND('',#4249,.T.);
#4662=FACE_BOUND('',#4250,.T.);
#4663=FACE_BOUND('',#4251,.T.);
#4664=FACE_BOUND('',#4252,.T.);
#4665=FACE_BOUND('',#4253,.T.);
#4666=FACE_BOUND('',#4254,.T.);
#4667=FACE_BOUND('',#4255,.T.);
#4668=FACE_BOUND('',#4256,.T.);
#4669=FACE_BOUND('',#4257,.T.);
#4670=FACE_BOUND('',#4258,.T.);
#4671=FACE_BOUND('',#4259,.T.);
#4672=FACE_BOUND('',#4260,.T.);
#4673=FACE_BOUND('',#4261,.T.);
#4674=FACE_BOUND('',#4262,.T.);
#4675=FACE_BOUND('',#4263,.T.);
#4676=FACE_BOUND('',#4264,.T.);
#4677=FACE_BOUND('',#4265,.T.);
#4678=FACE_BOUND('',#4266,.T.);
#4679=FACE_BOUND('',#4267,.T.);
#4680=FACE_BOUND('',#4268,.T.);
#4681=FACE_BOUND('',#4269,.T.);
#4682=FACE_BOUND('',#4270,.T.);
#4683=FACE_BOUND('',#4271,.T.);
#4684=FACE_BOUND('',#4272,.T.);
#4685=FACE_BOUND('',#4273,.T.);
#4686=FACE_BOUND('',#4274,.T.);
#4687=FACE_BOUND('',#4275,.T.);
#4688=FACE_BOUND('',#4276,.T.);
#4689=FACE_BOUND('',#4277,.T.);
#4690=FACE_BOUND('',#4278,.T.);
#4691=FACE_BOUND('',#4279,.T.);
#4692=FACE_BOUND('',#4280,.T.);
#4693=FACE_BOUND('',#4281,.T.);
#4694=FACE_BOUND('',#4282,.T.);
#4695=FACE_BOUND('',#4283,.T.);
#4696=FACE_BOUND('',#4284,.T.);
#4697=FACE_BOUND('',#4285,.T.);
#4698=FACE_BOUND('',#4286,.T.);
#4699=FACE_BOUND('',#4287,.T.);
#4700=FACE_BOUND('',#4288,.T.);
#4701=FACE_BOUND('',#4289,.T.);
#4702=FACE_BOUND('',#4290,.T.);
#4703=FACE_BOUND('',#4291,.T.);
#4704=FACE_BOUND('',#4292,.T.);
#4705=FACE_BOUND('',#4293,.T.);
#4706=FACE_BOUND('',#4294,.T.);
#4707=FACE_BOUND('',#4295,.T.);
#4708=FACE_BOUND('',#4296,.T.);
#4709=FACE_BOUND('',#4297,.T.);
#4710=FACE_BOUND('',#4298,.T.);
#4711=FACE_BOUND('',#4299,.T.);
#4712=FACE_BOUND('',#4300,.T.);
#4713=FACE_BOUND('',#4301,.T.);
#4714=FACE_BOUND('',#4302,.T.);
#4715=FACE_BOUND('',#4303,.T.);
#4716=FACE_BOUND('',#4304,.T.);
#4717=FACE_BOUND('',#4305,.T.);
#4718=FACE_BOUND('',#4306,.T.);
#4719=FACE_BOUND('',#4307,.T.);
#4720=FACE_BOUND('',#4308,.T.);
#4721=FACE_BOUND('',#4309,.T.);
#4722=FACE_BOUND('',#4310,.T.);
#4723=FACE_BOUND('',#4311,.T.);
#4724=FACE_BOUND('',#4312,.T.);
#4725=FACE_BOUND('',#4313,.T.);
#4726=FACE_BOUND('',#4314,.T.);
#4727=FACE_BOUND('',#4315,.T.);
#4728=FACE_BOUND('',#4316,.T.);
#4729=FACE_BOUND('',#4317,.T.);
#4730=FACE_BOUND('',#4318,.T.);
#4731=FACE_BOUND('',#4319,.T.);
#4732=FACE_BOUND('',#4320,.T.);
#4733=FACE_BOUND('',#4321,.T.);
#4734=FACE_BOUND('',#4322,.T.);
#4735=FACE_BOUND('',#4323,.T.);
#4736=FACE_BOUND('',#4324,.T.);
#4737=FACE_BOUND('',#4325,.T.);
#4738=FACE_BOUND('',#4326,.T.);
#4739=FACE_BOUND('',#4327,.T.);
#4740=FACE_BOUND('',#4328,.T.);
#4741=FACE_BOUND('',#4329,.T.);
#4742=FACE_BOUND('',#4330,.T.);
#4743=FACE_BOUND('',#4331,.T.);
#4744=FACE_BOUND('',#4332,.T.);
#4745=FACE_BOUND('',#4333,.T.);
#4746=FACE_BOUND('',#4334,.T.);
#4747=FACE_BOUND('',#4335,.T.);
#4748=FACE_BOUND('',#4336,.T.);
#4749=FACE_BOUND('',#4337,.T.);
#4750=FACE_BOUND('',#4338,.T.);
#4751=FACE_BOUND('',#4339,.T.);
#4752=FACE_BOUND('',#4340,.T.);
#4753=FACE_BOUND('',#4341,.T.);
#4754=FACE_BOUND('',#4342,.T.);
#4755=FACE_BOUND('',#4343,.T.);
#4756=FACE_BOUND('',#4344,.T.);
#4757=FACE_BOUND('',#4345,.T.);
#4758=FACE_BOUND('',#4346,.T.);
#4759=FACE_BOUND('',#4347,.T.);
#4760=FACE_BOUND('',#4348,.T.);
#4761=FACE_BOUND('',#4349,.T.);
#4762=FACE_BOUND('',#4350,.T.);
#4763=FACE_BOUND('',#4351,.T.);
#4764=FACE_BOUND('',#4352,.T.);
#4765=FACE_BOUND('',#4353,.T.);
#4766=FACE_BOUND('',#4354,.T.);
#4767=FACE_BOUND('',#4355,.T.);
#4768=FACE_BOUND('',#4356,.T.);
#4769=FACE_BOUND('',#4357,.T.);
#4770=FACE_BOUND('',#4358,.T.);
#4771=FACE_BOUND('',#4359,.T.);
#4772=FACE_BOUND('',#4360,.T.);
#4773=FACE_BOUND('',#4361,.T.);
#4774=FACE_BOUND('',#4362,.T.);
#4775=FACE_BOUND('',#4363,.T.);
#4776=FACE_BOUND('',#4364,.T.);
#4777=FACE_BOUND('',#4365,.T.);
#4778=FACE_BOUND('',#4366,.T.);
#4779=FACE_BOUND('',#4367,.T.);
#4780=FACE_BOUND('',#4368,.T.);
#4781=FACE_BOUND('',#4369,.T.);
#4782=FACE_BOUND('',#4370,.T.);
#4783=FACE_BOUND('',#4371,.T.);
#4784=FACE_BOUND('',#4372,.T.);
#4785=FACE_BOUND('',#4373,.T.);
#4786=FACE_BOUND('',#4374,.T.);
#4787=FACE_BOUND('',#4375,.T.);
#4788=FACE_BOUND('',#4376,.T.);
#4789=FACE_BOUND('',#4377,.T.);
#4790=FACE_BOUND('',#4378,.T.);
#4791=FACE_BOUND('',#4379,.T.);
#4792=FACE_BOUND('',#4380,.T.);
#4793=FACE_BOUND('',#4381,.T.);
#4794=FACE_BOUND('',#4382,.T.);
#4795=FACE_BOUND('',#4383,.T.);
#4796=FACE_BOUND('',#4384,.T.);
#4797=FACE_BOUND('',#4385,.T.);
#4798=FACE_BOUND('',#4386,.T.);
#4799=FACE_BOUND('',#4387,.T.);
#4800=FACE_BOUND('',#4388,.T.);
#4801=FACE_BOUND('',#4389,.T.);
#4802=FACE_BOUND('',#4390,.T.);
#4803=FACE_BOUND('',#4391,.T.);
#4804=FACE_BOUND('',#4392,.T.);
#4805=FACE_BOUND('',#4393,.T.);
#4806=FACE_BOUND('',#4394,.T.);
#4807=FACE_BOUND('',#4395,.T.);
#4808=FACE_BOUND('',#4396,.T.);
#4809=FACE_BOUND('',#4397,.T.);
#4810=FACE_BOUND('',#4398,.T.);
#4811=FACE_BOUND('',#4399,.T.);
#4812=FACE_BOUND('',#4400,.T.);
#4813=FACE_BOUND('',#4401,.T.);
#4814=FACE_BOUND('',#4402,.T.);
#4815=FACE_BOUND('',#4403,.T.);
#4816=FACE_BOUND('',#4404,.T.);
#4817=FACE_BOUND('',#4405,.T.);
#4818=TOROIDAL_SURFACE('',#5227,0.00770710678118655,0.0005);
#4819=TOROIDAL_SURFACE('',#5230,0.00629289321881345,0.0005);
#4820=TOROIDAL_SURFACE('',#5248,0.0255,0.002);
#4821=TOROIDAL_SURFACE('',#5258,0.02626,0.0002);
#4822=TOROIDAL_SURFACE('',#5261,0.0255,0.002);
#4823=TOROIDAL_SURFACE('',#5268,0.0248528932188135,0.0005);
#4824=TOROIDAL_SURFACE('',#5336,0.02556,0.0005);
#4825=TOROIDAL_SURFACE('',#5355,0.02556,0.0005);
#4826=TOROIDAL_SURFACE('',#5366,0.02556,0.0005);
#4827=TOROIDAL_SURFACE('',#5368,0.02556,0.0005);
#4828=TOROIDAL_SURFACE('',#5370,0.0254528932188135,0.0005);
#4829=TOROIDAL_SURFACE('',#5372,0.0254528932188135,0.0005);
#4830=TOROIDAL_SURFACE('',#5374,0.0248528932188135,0.0005);
#4831=TOROIDAL_SURFACE('',#5429,0.0319739858006648,0.000999999041884293);
#4832=TOROIDAL_SURFACE('',#5430,0.0020242168659295,0.000999966006544452);
#4833=TOROIDAL_SURFACE('',#5432,0.0265,0.001);
#4834=TOROIDAL_SURFACE('',#5435,0.00200816266994165,0.000999990049520556);
#4835=TOROIDAL_SURFACE('',#5436,0.006,0.001);
#4836=TOROIDAL_SURFACE('',#5438,0.0376507812204429,0.00100000283441384);
#4837=TOROIDAL_SURFACE('',#5440,0.004,0.0005);
#4838=TOROIDAL_SURFACE('',#5444,0.002,0.0005);
#4839=TOROIDAL_SURFACE('',#5446,0.0305,0.0005);
#4840=TOROIDAL_SURFACE('',#5448,0.0025,0.0005);
#4841=TOROIDAL_SURFACE('',#5452,0.0025,0.0005);
#4842=TOROIDAL_SURFACE('',#5454,0.0370133309638054,0.0005);
#4843=TOROIDAL_SURFACE('',#5483,0.0319739858006647,0.000999999041884292);
#4844=TOROIDAL_SURFACE('',#5484,0.0020242168659296,0.000999966006544441);
#4845=TOROIDAL_SURFACE('',#5486,0.0265,0.001);
#4846=TOROIDAL_SURFACE('',#5489,0.00200816266993499,0.000999990049520812);
#4847=TOROIDAL_SURFACE('',#5490,0.006,0.001);
#4848=TOROIDAL_SURFACE('',#5492,0.0376507812204433,0.00100000283441384);
#4849=TOROIDAL_SURFACE('',#5494,0.004,0.0005);
#4850=TOROIDAL_SURFACE('',#5498,0.002,0.0005);
#4851=TOROIDAL_SURFACE('',#5500,0.0305,0.0005);
#4852=TOROIDAL_SURFACE('',#5502,0.0025,0.0005);
#4853=TOROIDAL_SURFACE('',#5506,0.0025,0.0005);
#4854=TOROIDAL_SURFACE('',#5508,0.0370133309638054,0.0005);
#4855=TOROIDAL_SURFACE('',#5552,0.0319739858006483,0.000999999041884294);
#4856=TOROIDAL_SURFACE('',#5553,0.00202421686616325,0.000999966006548666);
#4857=TOROIDAL_SURFACE('',#5555,0.00200816266995878,0.000999990049520873);
#4858=TOROIDAL_SURFACE('',#5556,0.006,0.001);
#4859=TOROIDAL_SURFACE('',#5558,0.0376507812204426,0.00100000283441384);
#4860=TOROIDAL_SURFACE('',#5560,0.004,0.0005);
#4861=TOROIDAL_SURFACE('',#5564,0.002,0.0005);
#4862=TOROIDAL_SURFACE('',#5566,0.0305,0.0005);
#4863=TOROIDAL_SURFACE('',#5568,0.0025,0.0005);
#4864=TOROIDAL_SURFACE('',#5572,0.0025,0.0005);
#4865=TOROIDAL_SURFACE('',#5574,0.0370133309638054,0.0005);
#4866=TOROIDAL_SURFACE('',#5601,0.0319739858006483,0.000999999041884293);
#4867=TOROIDAL_SURFACE('',#5602,0.00202421686616315,0.000999966006548674);
#4868=TOROIDAL_SURFACE('',#5604,0.00200816266993499,0.000999990049520814);
#4869=TOROIDAL_SURFACE('',#5605,0.006,0.001);
#4870=TOROIDAL_SURFACE('',#5607,0.0376507812204428,0.00100000283441384);
#4871=TOROIDAL_SURFACE('',#5609,0.004,0.0005);
#4872=TOROIDAL_SURFACE('',#5613,0.002,0.0005);
#4873=TOROIDAL_SURFACE('',#5615,0.0305,0.0005);
#4874=TOROIDAL_SURFACE('',#5617,0.0025,0.0005);
#4875=TOROIDAL_SURFACE('',#5621,0.0025,0.0005);
#4876=TOROIDAL_SURFACE('',#5623,0.0370133309638054,0.0005);
#4877=TOROIDAL_SURFACE('',#5700,0.0306457789200905,0.000500000007907484);
#4878=TOROIDAL_SURFACE('',#5701,0.0306457789174987,0.000500000007906098);
#4879=TOROIDAL_SURFACE('',#5702,0.00617426406871193,0.0005);
#4880=TOROIDAL_SURFACE('',#5709,0.00516005050633883,0.0005);
#4881=TOROIDAL_SURFACE('',#5716,0.000832845735923665,0.000500024143516734);
#4882=TOROIDAL_SURFACE('',#5717,0.000832816506793606,0.000500044843449079);
#4883=TOROIDAL_SURFACE('',#5775,0.0004,0.0002);
#4884=TOROIDAL_SURFACE('',#5779,0.02626,0.0002);
#4885=TOROIDAL_SURFACE('',#5782,0.0004,0.0002);
#4886=TOROIDAL_SURFACE('',#5787,0.0377133309638054,0.0002);
#4887=TOROIDAL_SURFACE('',#5798,0.0377133309638054,0.0002);
#4888=ADVANCED_FACE('NONE',(#4406,#4407),#4818,.T.);
#4889=ADVANCED_FACE('NONE',(#4408,#4409),#4819,.F.);
#4890=ADVANCED_FACE('NONE',(#4410),#1006,.F.);
#4891=ADVANCED_FACE('NONE',(#4411,#4412),#828,.F.);
#4892=ADVANCED_FACE('NONE',(#4413),#721,.T.);
#4893=ADVANCED_FACE('NONE',(#4414,#4415),#722,.F.);
#4894=ADVANCED_FACE('NONE',(#4416),#723,.T.);
#4895=ADVANCED_FACE('NONE',(#4417),#724,.T.);
#4896=ADVANCED_FACE('NONE',(#4418,#4419),#725,.F.);
#4897=ADVANCED_FACE('NONE',(#4420),#4820,.T.);
#4898=ADVANCED_FACE('NONE',(#4421),#726,.T.);
#4899=ADVANCED_FACE('NONE',(#4422,#4423),#727,.F.);
#4900=ADVANCED_FACE('NONE',(#4424),#728,.T.);
#4901=ADVANCED_FACE('NONE',(#4425),#4821,.T.);
#4902=ADVANCED_FACE('NONE',(#4426),#4822,.T.);
#4903=ADVANCED_FACE('NONE',(#4427),#729,.T.);
#4904=ADVANCED_FACE('NONE',(#4428,#4429),#730,.F.);
#4905=ADVANCED_FACE('NONE',(#4430),#4823,.F.);
#4906=ADVANCED_FACE('NONE',(#4431,#4432),#731,.F.);
#4907=ADVANCED_FACE('NONE',(#4433,#4434),#732,.F.);
#4908=ADVANCED_FACE('NONE',(#4435,#4436),#733,.F.);
#4909=ADVANCED_FACE('NONE',(#4437,#4438),#734,.F.);
#4910=ADVANCED_FACE('NONE',(#4439,#4440),#735,.F.);
#4911=ADVANCED_FACE('NONE',(#4441,#4442),#736,.F.);
#4912=ADVANCED_FACE('NONE',(#4443,#4444),#737,.F.);
#4913=ADVANCED_FACE('NONE',(#4445,#4446),#738,.F.);
#4914=ADVANCED_FACE('NONE',(#4447,#4448),#739,.F.);
#4915=ADVANCED_FACE('NONE',(#4449,#4450),#740,.F.);
#4916=ADVANCED_FACE('NONE',(#4451,#4452),#741,.F.);
#4917=ADVANCED_FACE('NONE',(#4453,#4454),#742,.F.);
#4918=ADVANCED_FACE('NONE',(#4455,#4456),#743,.F.);
#4919=ADVANCED_FACE('NONE',(#4457,#4458),#744,.F.);
#4920=ADVANCED_FACE('NONE',(#4459,#4460),#745,.F.);
#4921=ADVANCED_FACE('NONE',(#4461,#4462),#746,.F.);
#4922=ADVANCED_FACE('NONE',(#4463,#4464),#747,.F.);
#4923=ADVANCED_FACE('NONE',(#4465,#4466),#748,.F.);
#4924=ADVANCED_FACE('NONE',(#4467,#4468),#749,.F.);
#4925=ADVANCED_FACE('NONE',(#4469,#4470),#750,.F.);
#4926=ADVANCED_FACE('NONE',(#4471,#4472),#751,.F.);
#4927=ADVANCED_FACE('NONE',(#4473),#4824,.F.);
#4928=ADVANCED_FACE('NONE',(#4474,#4475),#752,.F.);
#4929=ADVANCED_FACE('NONE',(#4476),#829,.F.);
#4930=ADVANCED_FACE('NONE',(#4477),#830,.F.);
#4931=ADVANCED_FACE('NONE',(#4478),#4825,.F.);
#4932=ADVANCED_FACE('NONE',(#4479),#48,.F.);
#4933=ADVANCED_FACE('NONE',(#4480),#49,.T.);
#4934=ADVANCED_FACE('NONE',(#4481),#50,.T.);
#4935=ADVANCED_FACE('NONE',(#4482),#753,.T.);
#4936=ADVANCED_FACE('NONE',(#4483),#754,.T.);
#4937=ADVANCED_FACE('NONE',(#4484),#4826,.F.);
#4938=ADVANCED_FACE('NONE',(#4485),#4827,.F.);
#4939=ADVANCED_FACE('NONE',(#4486),#4828,.F.);
#4940=ADVANCED_FACE('NONE',(#4487),#4829,.F.);
#4941=ADVANCED_FACE('NONE',(#4488),#4830,.F.);
#4942=ADVANCED_FACE('NONE',(#4489),#755,.T.);
#4943=ADVANCED_FACE('NONE',(#4490,#4491),#51,.F.);
#4944=ADVANCED_FACE('NONE',(#4492,#4493,#4494,#4495,#4496),#52,.T.);
#4945=ADVANCED_FACE('NONE',(#4497),#756,.T.);
#4946=ADVANCED_FACE('NONE',(#4498),#53,.T.);
#4947=ADVANCED_FACE('NONE',(#4499),#757,.F.);
#4948=ADVANCED_FACE('NONE',(#4500),#20,.F.);
#4949=ADVANCED_FACE('NONE',(#4501),#21,.F.);
#4950=ADVANCED_FACE('NONE',(#4502,#4503),#54,.T.);
#4951=ADVANCED_FACE('NONE',(#4504,#4505),#55,.T.);
#4952=ADVANCED_FACE('NONE',(#4506),#758,.F.);
#4953=ADVANCED_FACE('NONE',(#4507),#56,.F.);
#4954=ADVANCED_FACE('NONE',(#4508),#759,.T.);
#4955=ADVANCED_FACE('NONE',(#4509),#57,.F.);
#4956=ADVANCED_FACE('NONE',(#4510),#58,.F.);
#4957=ADVANCED_FACE('NONE',(#4511),#59,.F.);
#4958=ADVANCED_FACE('NONE',(#4512),#60,.F.);
#4959=ADVANCED_FACE('NONE',(#4513),#61,.F.);
#4960=ADVANCED_FACE('NONE',(#4514),#62,.F.);
#4961=ADVANCED_FACE('NONE',(#4515),#63,.F.);
#4962=ADVANCED_FACE('NONE',(#4516,#4517),#760,.F.);
#4963=ADVANCED_FACE('NONE',(#4518),#761,.T.);
#4964=ADVANCED_FACE('NONE',(#4519),#64,.F.);
#4965=ADVANCED_FACE('NONE',(#4520),#12,.T.);
#4966=ADVANCED_FACE('NONE',(#4521),#22,.T.);
#4967=ADVANCED_FACE('NONE',(#4522),#762,.T.);
#4968=ADVANCED_FACE('NONE',(#4523),#4831,.T.);
#4969=ADVANCED_FACE('NONE',(#4524),#4832,.T.);
#4970=ADVANCED_FACE('NONE',(#4525),#763,.T.);
#4971=ADVANCED_FACE('NONE',(#4526),#4833,.T.);
#4972=ADVANCED_FACE('NONE',(#4527),#4834,.T.);
#4973=ADVANCED_FACE('NONE',(#4528),#4835,.T.);
#4974=ADVANCED_FACE('NONE',(#4529),#4836,.T.);
#4975=ADVANCED_FACE('NONE',(#4530),#764,.T.);
#4976=ADVANCED_FACE('NONE',(#4531),#4837,.F.);
#4977=ADVANCED_FACE('NONE',(#4532),#765,.F.);
#4978=ADVANCED_FACE('NONE',(#4533),#4838,.F.);
#4979=ADVANCED_FACE('NONE',(#4534),#23,.T.);
#4980=ADVANCED_FACE('NONE',(#4535),#4839,.T.);
#4981=ADVANCED_FACE('NONE',(#4536),#4840,.T.);
#4982=ADVANCED_FACE('NONE',(#4537),#766,.T.);
#4983=ADVANCED_FACE('NONE',(#4538),#4841,.T.);
#4984=ADVANCED_FACE('NONE',(#4539),#4842,.T.);
#4985=ADVANCED_FACE('NONE',(#4540),#13,.T.);
#4986=ADVANCED_FACE('NONE',(#4541,#4542),#65,.F.);
#4987=ADVANCED_FACE('NONE',(#4543),#767,.T.);
#4988=ADVANCED_FACE('NONE',(#4544),#66,.F.);
#4989=ADVANCED_FACE('NONE',(#4545,#4546),#67,.T.);
#4990=ADVANCED_FACE('NONE',(#4547),#24,.F.);
#4991=ADVANCED_FACE('NONE',(#4548),#25,.F.);
#4992=ADVANCED_FACE('NONE',(#4549),#768,.F.);
#4993=ADVANCED_FACE('NONE',(#4550),#769,.T.);
#4994=ADVANCED_FACE('NONE',(#4551),#68,.F.);
#4995=ADVANCED_FACE('NONE',(#4552),#69,.F.);
#4996=ADVANCED_FACE('NONE',(#4553),#70,.F.);
#4997=ADVANCED_FACE('NONE',(#4554),#71,.F.);
#4998=ADVANCED_FACE('NONE',(#4555),#72,.F.);
#4999=ADVANCED_FACE('NONE',(#4556),#73,.F.);
#5000=ADVANCED_FACE('NONE',(#4557),#74,.F.);
#5001=ADVANCED_FACE('NONE',(#4558),#14,.T.);
#5002=ADVANCED_FACE('NONE',(#4559),#26,.T.);
#5003=ADVANCED_FACE('NONE',(#4560),#770,.T.);
#5004=ADVANCED_FACE('NONE',(#4561),#4843,.T.);
#5005=ADVANCED_FACE('NONE',(#4562),#4844,.T.);
#5006=ADVANCED_FACE('NONE',(#4563),#771,.T.);
#5007=ADVANCED_FACE('NONE',(#4564),#4845,.T.);
#5008=ADVANCED_FACE('NONE',(#4565),#4846,.T.);
#5009=ADVANCED_FACE('NONE',(#4566),#4847,.T.);
#5010=ADVANCED_FACE('NONE',(#4567),#4848,.T.);
#5011=ADVANCED_FACE('NONE',(#4568),#772,.T.);
#5012=ADVANCED_FACE('NONE',(#4569),#4849,.F.);
#5013=ADVANCED_FACE('NONE',(#4570),#773,.F.);
#5014=ADVANCED_FACE('NONE',(#4571),#4850,.F.);
#5015=ADVANCED_FACE('NONE',(#4572),#27,.T.);
#5016=ADVANCED_FACE('NONE',(#4573),#4851,.T.);
#5017=ADVANCED_FACE('NONE',(#4574),#4852,.T.);
#5018=ADVANCED_FACE('NONE',(#4575),#774,.T.);
#5019=ADVANCED_FACE('NONE',(#4576),#4853,.T.);
#5020=ADVANCED_FACE('NONE',(#4577),#4854,.T.);
#5021=ADVANCED_FACE('NONE',(#4578),#15,.T.);
#5022=ADVANCED_FACE('NONE',(#4579),#775,.T.);
#5023=ADVANCED_FACE('NONE',(#4580,#4581),#75,.F.);
#5024=ADVANCED_FACE('NONE',(#4582),#776,.T.);
#5025=ADVANCED_FACE('NONE',(#4583),#76,.F.);
#5026=ADVANCED_FACE('NONE',(#4584),#777,.F.);
#5027=ADVANCED_FACE('NONE',(#4585,#4586),#77,.T.);
#5028=ADVANCED_FACE('NONE',(#4587),#28,.F.);
#5029=ADVANCED_FACE('NONE',(#4588),#29,.F.);
#5030=ADVANCED_FACE('NONE',(#4589),#778,.F.);
#5031=ADVANCED_FACE('NONE',(#4590),#78,.F.);
#5032=ADVANCED_FACE('NONE',(#4591),#79,.F.);
#5033=ADVANCED_FACE('NONE',(#4592),#80,.F.);
#5034=ADVANCED_FACE('NONE',(#4593),#81,.F.);
#5035=ADVANCED_FACE('NONE',(#4594),#82,.F.);
#5036=ADVANCED_FACE('NONE',(#4595),#83,.F.);
#5037=ADVANCED_FACE('NONE',(#4596),#84,.F.);
#5038=ADVANCED_FACE('NONE',(#4597,#4598),#779,.F.);
#5039=ADVANCED_FACE('NONE',(#4599),#780,.T.);
#5040=ADVANCED_FACE('NONE',(#4600),#85,.F.);
#5041=ADVANCED_FACE('NONE',(#4601),#16,.T.);
#5042=ADVANCED_FACE('NONE',(#4602),#30,.T.);
#5043=ADVANCED_FACE('NONE',(#4603),#781,.T.);
#5044=ADVANCED_FACE('NONE',(#4604),#4855,.T.);
#5045=ADVANCED_FACE('NONE',(#4605),#4856,.T.);
#5046=ADVANCED_FACE('NONE',(#4606),#782,.T.);
#5047=ADVANCED_FACE('NONE',(#4607),#4857,.T.);
#5048=ADVANCED_FACE('NONE',(#4608),#4858,.T.);
#5049=ADVANCED_FACE('NONE',(#4609),#4859,.T.);
#5050=ADVANCED_FACE('NONE',(#4610),#783,.T.);
#5051=ADVANCED_FACE('NONE',(#4611),#4860,.F.);
#5052=ADVANCED_FACE('NONE',(#4612),#784,.F.);
#5053=ADVANCED_FACE('NONE',(#4613),#4861,.F.);
#5054=ADVANCED_FACE('NONE',(#4614),#31,.T.);
#5055=ADVANCED_FACE('NONE',(#4615),#4862,.T.);
#5056=ADVANCED_FACE('NONE',(#4616),#4863,.T.);
#5057=ADVANCED_FACE('NONE',(#4617),#785,.T.);
#5058=ADVANCED_FACE('NONE',(#4618),#4864,.T.);
#5059=ADVANCED_FACE('NONE',(#4619),#4865,.T.);
#5060=ADVANCED_FACE('NONE',(#4620),#17,.T.);
#5061=ADVANCED_FACE('NONE',(#4621,#4622),#86,.F.);
#5062=ADVANCED_FACE('NONE',(#4623),#786,.T.);
#5063=ADVANCED_FACE('NONE',(#4624),#87,.F.);
#5064=ADVANCED_FACE('NONE',(#4625,#4626),#88,.T.);
#5065=ADVANCED_FACE('NONE',(#4627),#32,.F.);
#5066=ADVANCED_FACE('NONE',(#4628),#33,.F.);
#5067=ADVANCED_FACE('NONE',(#4629),#787,.F.);
#5068=ADVANCED_FACE('NONE',(#4630),#89,.F.);
#5069=ADVANCED_FACE('NONE',(#4631),#90,.F.);
#5070=ADVANCED_FACE('NONE',(#4632),#91,.F.);
#5071=ADVANCED_FACE('NONE',(#4633),#92,.F.);
#5072=ADVANCED_FACE('NONE',(#4634),#93,.F.);
#5073=ADVANCED_FACE('NONE',(#4635),#94,.F.);
#5074=ADVANCED_FACE('NONE',(#4636),#95,.F.);
#5075=ADVANCED_FACE('NONE',(#4637),#18,.T.);
#5076=ADVANCED_FACE('NONE',(#4638),#34,.T.);
#5077=ADVANCED_FACE('NONE',(#4639),#788,.T.);
#5078=ADVANCED_FACE('NONE',(#4640),#4866,.T.);
#5079=ADVANCED_FACE('NONE',(#4641),#4867,.T.);
#5080=ADVANCED_FACE('NONE',(#4642),#789,.T.);
#5081=ADVANCED_FACE('NONE',(#4643),#4868,.T.);
#5082=ADVANCED_FACE('NONE',(#4644),#4869,.T.);
#5083=ADVANCED_FACE('NONE',(#4645),#4870,.T.);
#5084=ADVANCED_FACE('NONE',(#4646),#790,.T.);
#5085=ADVANCED_FACE('NONE',(#4647),#4871,.F.);
#5086=ADVANCED_FACE('NONE',(#4648),#791,.F.);
#5087=ADVANCED_FACE('NONE',(#4649),#4872,.F.);
#5088=ADVANCED_FACE('NONE',(#4650),#35,.T.);
#5089=ADVANCED_FACE('NONE',(#4651),#4873,.T.);
#5090=ADVANCED_FACE('NONE',(#4652),#4874,.T.);
#5091=ADVANCED_FACE('NONE',(#4653),#792,.T.);
#5092=ADVANCED_FACE('NONE',(#4654),#4875,.T.);
#5093=ADVANCED_FACE('NONE',(#4655),#4876,.T.);
#5094=ADVANCED_FACE('NONE',(#4656),#19,.T.);
#5095=ADVANCED_FACE('NONE',(#4657),#96,.F.);
#5096=ADVANCED_FACE('NONE',(#4658),#97,.F.);
#5097=ADVANCED_FACE('NONE',(#4659,#4660,#4661,#4662,#4663,#4664,#4665,#4666,
#4667,#4668,#4669,#4670,#4671,#4672,#4673,#4674,#4675,#4676,#4677,#4678,
#4679,#4680),#98,.F.);
#5098=ADVANCED_FACE('NONE',(#4681),#831,.T.);
#5099=ADVANCED_FACE('NONE',(#4682),#99,.T.);
#5100=ADVANCED_FACE('NONE',(#4683),#100,.T.);
#5101=ADVANCED_FACE('NONE',(#4684),#101,.T.);
#5102=ADVANCED_FACE('NONE',(#4685),#102,.T.);
#5103=ADVANCED_FACE('NONE',(#4686),#793,.T.);
#5104=ADVANCED_FACE('NONE',(#4687),#794,.T.);
#5105=ADVANCED_FACE('NONE',(#4688),#103,.T.);
#5106=ADVANCED_FACE('NONE',(#4689),#104,.T.);
#5107=ADVANCED_FACE('NONE',(#4690),#105,.F.);
#5108=ADVANCED_FACE('NONE',(#4691),#106,.T.);
#5109=ADVANCED_FACE('NONE',(#4692),#795,.T.);
#5110=ADVANCED_FACE('NONE',(#4693),#796,.T.);
#5111=ADVANCED_FACE('NONE',(#4694),#107,.T.);
#5112=ADVANCED_FACE('NONE',(#4695),#108,.T.);
#5113=ADVANCED_FACE('NONE',(#4696),#797,.T.);
#5114=ADVANCED_FACE('NONE',(#4697),#798,.T.);
#5115=ADVANCED_FACE('NONE',(#4698),#799,.T.);
#5116=ADVANCED_FACE('NONE',(#4699),#1007,.T.);
#5117=ADVANCED_FACE('NONE',(#4700),#800,.T.);
#5118=ADVANCED_FACE('NONE',(#4701),#1008,.T.);
#5119=ADVANCED_FACE('NONE',(#4702),#801,.T.);
#5120=ADVANCED_FACE('NONE',(#4703),#1009,.T.);
#5121=ADVANCED_FACE('NONE',(#4704),#802,.T.);
#5122=ADVANCED_FACE('NONE',(#4705),#1010,.T.);
#5123=ADVANCED_FACE('NONE',(#4706),#803,.T.);
#5124=ADVANCED_FACE('NONE',(#4707),#1011,.T.);
#5125=ADVANCED_FACE('NONE',(#4708),#804,.T.);
#5126=ADVANCED_FACE('NONE',(#4709),#1012,.T.);
#5127=ADVANCED_FACE('NONE',(#4710),#805,.T.);
#5128=ADVANCED_FACE('NONE',(#4711,#4712,#4713,#4714,#4715,#4716,#4717,#4718,
#4719,#4720,#4721,#4722,#4723,#4724,#4725,#4726,#4727,#4728,#4729,#4730,
#4731,#4732),#109,.T.);
#5129=ADVANCED_FACE('NONE',(#4733),#806,.F.);
#5130=ADVANCED_FACE('NONE',(#4734),#1013,.F.);
#5131=ADVANCED_FACE('NONE',(#4735),#1014,.F.);
#5132=ADVANCED_FACE('NONE',(#4736),#807,.F.);
#5133=ADVANCED_FACE('NONE',(#4737),#808,.F.);
#5134=ADVANCED_FACE('NONE',(#4738),#1015,.F.);
#5135=ADVANCED_FACE('NONE',(#4739),#1016,.F.);
#5136=ADVANCED_FACE('NONE',(#4740),#4877,.F.);
#5137=ADVANCED_FACE('NONE',(#4741),#4878,.F.);
#5138=ADVANCED_FACE('NONE',(#4742),#36,.F.);
#5139=ADVANCED_FACE('NONE',(#4743),#37,.F.);
#5140=ADVANCED_FACE('NONE',(#4744),#4879,.F.);
#5141=ADVANCED_FACE('NONE',(#4745),#809,.F.);
#5142=ADVANCED_FACE('NONE',(#4746),#810,.F.);
#5143=ADVANCED_FACE('NONE',(#4747),#1017,.F.);
#5144=ADVANCED_FACE('NONE',(#4748),#4880,.T.);
#5145=ADVANCED_FACE('NONE',(#4749),#811,.T.);
#5146=ADVANCED_FACE('NONE',(#4750),#812,.F.);
#5147=ADVANCED_FACE('NONE',(#4751),#813,.F.);
#5148=ADVANCED_FACE('NONE',(#4752),#814,.T.);
#5149=ADVANCED_FACE('NONE',(#4753),#4881,.F.);
#5150=ADVANCED_FACE('NONE',(#4754),#4882,.F.);
#5151=ADVANCED_FACE('NONE',(#4755),#110,.T.);
#5152=ADVANCED_FACE('NONE',(#4756),#111,.T.);
#5153=ADVANCED_FACE('NONE',(#4757),#112,.T.);
#5154=ADVANCED_FACE('NONE',(#4758),#113,.T.);
#5155=ADVANCED_FACE('NONE',(#4759),#114,.T.);
#5156=ADVANCED_FACE('NONE',(#4760),#115,.T.);
#5157=ADVANCED_FACE('NONE',(#4761),#116,.T.);
#5158=ADVANCED_FACE('NONE',(#4762),#117,.T.);
#5159=ADVANCED_FACE('NONE',(#4763),#118,.T.);
#5160=ADVANCED_FACE('NONE',(#4764),#119,.T.);
#5161=ADVANCED_FACE('NONE',(#4765),#120,.T.);
#5162=ADVANCED_FACE('NONE',(#4766),#121,.T.);
#5163=ADVANCED_FACE('NONE',(#4767),#122,.T.);
#5164=ADVANCED_FACE('NONE',(#4768),#123,.T.);
#5165=ADVANCED_FACE('NONE',(#4769),#124,.T.);
#5166=ADVANCED_FACE('NONE',(#4770),#125,.T.);
#5167=ADVANCED_FACE('NONE',(#4771),#126,.T.);
#5168=ADVANCED_FACE('NONE',(#4772),#127,.T.);
#5169=ADVANCED_FACE('NONE',(#4773),#128,.T.);
#5170=ADVANCED_FACE('NONE',(#4774),#129,.T.);
#5171=ADVANCED_FACE('NONE',(#4775),#130,.T.);
#5172=ADVANCED_FACE('NONE',(#4776),#131,.T.);
#5173=ADVANCED_FACE('NONE',(#4777),#132,.T.);
#5174=ADVANCED_FACE('NONE',(#4778),#133,.T.);
#5175=ADVANCED_FACE('NONE',(#4779),#815,.T.);
#5176=ADVANCED_FACE('NONE',(#4780),#1018,.T.);
#5177=ADVANCED_FACE('NONE',(#4781),#816,.T.);
#5178=ADVANCED_FACE('NONE',(#4782),#1019,.T.);
#5179=ADVANCED_FACE('NONE',(#4783),#817,.T.);
#5180=ADVANCED_FACE('NONE',(#4784),#818,.T.);
#5181=ADVANCED_FACE('NONE',(#4785),#1020,.T.);
#5182=ADVANCED_FACE('NONE',(#4786),#819,.T.);
#5183=ADVANCED_FACE('NONE',(#4787),#1021,.T.);
#5184=ADVANCED_FACE('NONE',(#4788),#820,.T.);
#5185=ADVANCED_FACE('NONE',(#4789),#134,.T.);
#5186=ADVANCED_FACE('NONE',(#4790),#135,.T.);
#5187=ADVANCED_FACE('NONE',(#4791),#136,.F.);
#5188=ADVANCED_FACE('NONE',(#4792),#137,.F.);
#5189=ADVANCED_FACE('NONE',(#4793),#138,.T.);
#5190=ADVANCED_FACE('NONE',(#4794),#139,.T.);
#5191=ADVANCED_FACE('NONE',(#4795),#140,.T.);
#5192=ADVANCED_FACE('',(#4796),#38,.F.);
#5193=ADVANCED_FACE('',(#4797),#39,.F.);
#5194=ADVANCED_FACE('',(#4798),#821,.F.);
#5195=ADVANCED_FACE('',(#4799),#40,.F.);
#5196=ADVANCED_FACE('',(#4800),#4883,.T.);
#5197=ADVANCED_FACE('',(#4801),#822,.F.);
#5198=ADVANCED_FACE('',(#4802),#4884,.T.);
#5199=ADVANCED_FACE('',(#4803),#41,.F.);
#5200=ADVANCED_FACE('',(#4804),#4885,.T.);
#5201=ADVANCED_FACE('',(#4805),#823,.F.);
#5202=ADVANCED_FACE('',(#4806),#824,.F.);
#5203=ADVANCED_FACE('',(#4807),#4886,.F.);
#5204=ADVANCED_FACE('',(#4808),#42,.F.);
#5205=ADVANCED_FACE('',(#4809),#43,.F.);
#5206=ADVANCED_FACE('',(#4810),#44,.F.);
#5207=ADVANCED_FACE('',(#4811),#825,.F.);
#5208=ADVANCED_FACE('',(#4812),#45,.F.);
#5209=ADVANCED_FACE('',(#4813),#46,.F.);
#5210=ADVANCED_FACE('',(#4814),#826,.F.);
#5211=ADVANCED_FACE('',(#4815),#4887,.F.);
#5212=ADVANCED_FACE('',(#4816),#47,.F.);
#5213=ADVANCED_FACE('',(#4817),#827,.F.);
#5214=CLOSED_SHELL('',(#4888,#4889,#4890,#4891,#4892,#4893,#4894,#4895,
#4896,#4897,#4898,#4899,#4900,#4901,#4902,#4903,#4904,#4905,#4906,#4907,
#4908,#4909,#4910,#4911,#4912,#4913,#4914,#4915,#4916,#4917,#4918,#4919,
#4920,#4921,#4922,#4923,#4924,#4925,#4926,#4927,#4928,#4929,#4930,#4931,
#4932,#4933,#4934,#4935,#4936,#4937,#4938,#4939,#4940,#4941,#4942,#4943,
#4944,#4945,#4946,#4947,#4948,#4949,#4950,#4951,#4952,#4953,#4954,#4955,
#4956,#4957,#4958,#4959,#4960,#4961,#4962,#4963,#4964,#4965,#4966,#4967,
#4968,#4969,#4970,#4971,#4972,#4973,#4974,#4975,#4976,#4977,#4978,#4979,
#4980,#4981,#4982,#4983,#4984,#4985,#4986,#4987,#4988,#4989,#4990,#4991,
#4992,#4993,#4994,#4995,#4996,#4997,#4998,#4999,#5000,#5001,#5002,#5003,
#5004,#5005,#5006,#5007,#5008,#5009,#5010,#5011,#5012,#5013,#5014,#5015,
#5016,#5017,#5018,#5019,#5020,#5021,#5022,#5023,#5024,#5025,#5026,#5027,
#5028,#5029,#5030,#5031,#5032,#5033,#5034,#5035,#5036,#5037,#5038,#5039,
#5040,#5041,#5042,#5043,#5044,#5045,#5046,#5047,#5048,#5049,#5050,#5051,
#5052,#5053,#5054,#5055,#5056,#5057,#5058,#5059,#5060,#5061,#5062,#5063,
#5064,#5065,#5066,#5067,#5068,#5069,#5070,#5071,#5072,#5073,#5074,#5075,
#5076,#5077,#5078,#5079,#5080,#5081,#5082,#5083,#5084,#5085,#5086,#5087,
#5088,#5089,#5090,#5091,#5092,#5093,#5094,#5095,#5096,#5097,#5098,#5099,
#5100,#5101,#5102,#5103,#5104,#5105,#5106,#5107,#5108,#5109,#5110,#5111,
#5112,#5113,#5114,#5115,#5116,#5117,#5118,#5119,#5120,#5121,#5122,#5123,
#5124,#5125,#5126,#5127,#5128,#5129,#5130,#5131,#5132,#5133,#5134,#5135,
#5136,#5137,#5138,#5139,#5140,#5141,#5142,#5143,#5144,#5145,#5146,#5147,
#5148,#5149,#5150,#5151,#5152,#5153,#5154,#5155,#5156,#5157,#5158,#5159,
#5160,#5161,#5162,#5163,#5164,#5165,#5166,#5167,#5168,#5169,#5170,#5171,
#5172,#5173,#5174,#5175,#5176,#5177,#5178,#5179,#5180,#5181,#5182,#5183,
#5184,#5185,#5186,#5187,#5188,#5189,#5190,#5191,#5192,#5193,#5194,#5195,
#5196,#5197,#5198,#5199,#5200,#5201,#5202,#5203,#5204,#5205,#5206,#5207,
#5208,#5209,#5210,#5211,#5212,#5213));
#5215=STYLED_ITEM('',(#5216),#5223);
#5216=PRESENTATION_STYLE_ASSIGNMENT((#5217));
#5217=SURFACE_STYLE_USAGE(.BOTH.,#5218);
#5218=SURFACE_SIDE_STYLE('',(#5219));
#5219=SURFACE_STYLE_FILL_AREA(#5220);
#5220=FILL_AREA_STYLE('',(#5221));
#5221=FILL_AREA_STYLE_COLOUR('',#5222);
#5222=COLOUR_RGB('',0.498039215686275,0.498039215686275,0.498039215686275);
#5223=MANIFOLD_SOLID_BREP('BASEBAND',#5214);
#5224=SHAPE_DEFINITION_REPRESENTATION(#10334,#5225);
#5225=SHAPE_REPRESENTATION('BASEBAND',(#5226),#10329);
#5226=AXIS2_PLACEMENT_3D('',#7239,#5801,#5802);
#5227=AXIS2_PLACEMENT_3D('',#7240,#5803,#5804);
#5228=AXIS2_PLACEMENT_3D('',#7241,#5805,#5806);
#5229=AXIS2_PLACEMENT_3D('',#7243,#5807,#5808);
#5230=AXIS2_PLACEMENT_3D('',#7245,#5809,#5810);
#5231=AXIS2_PLACEMENT_3D('',#7246,#5811,#5812);
#5232=AXIS2_PLACEMENT_3D('',#7248,#5813,#5814);
#5233=AXIS2_PLACEMENT_3D('',#7250,#5815,#5816);
#5234=AXIS2_PLACEMENT_3D('',#7251,#5817,#5818);
#5235=AXIS2_PLACEMENT_3D('',#7254,#5819,#5820);
#5236=AXIS2_PLACEMENT_3D('',#7260,#5821,#5822);
#5237=AXIS2_PLACEMENT_3D('',#7261,#5823,#5824);
#5238=AXIS2_PLACEMENT_3D('',#7278,#5826,#5827);
#5239=AXIS2_PLACEMENT_3D('',#7281,#5829,#5830);
#5240=AXIS2_PLACEMENT_3D('',#7282,#5831,#5832);
#5241=AXIS2_PLACEMENT_3D('',#7300,#5833,#5834);
#5242=AXIS2_PLACEMENT_3D('',#7301,#5835,#5836);
#5243=AXIS2_PLACEMENT_3D('',#7306,#5838,#5839);
#5244=AXIS2_PLACEMENT_3D('',#7309,#5841,#5842);
#5245=AXIS2_PLACEMENT_3D('',#7326,#5844,#5845);
#5246=AXIS2_PLACEMENT_3D('',#7329,#5847,#5848);
#5247=AXIS2_PLACEMENT_3D('',#7330,#5849,#5850);
#5248=AXIS2_PLACEMENT_3D('',#7348,#5851,#5852);
#5249=AXIS2_PLACEMENT_3D('',#7349,#5853,#5854);
#5250=AXIS2_PLACEMENT_3D('',#7364,#5855,#5856);
#5251=AXIS2_PLACEMENT_3D('',#7377,#5857,#5858);
#5252=AXIS2_PLACEMENT_3D('',#7394,#5860,#5861);
#5253=AXIS2_PLACEMENT_3D('',#7397,#5863,#5864);
#5254=AXIS2_PLACEMENT_3D('',#7398,#5865,#5866);
#5255=AXIS2_PLACEMENT_3D('',#7416,#5867,#5868);
#5256=AXIS2_PLACEMENT_3D('',#7417,#5869,#5870);
#5257=AXIS2_PLACEMENT_3D('',#7422,#5872,#5873);
#5258=AXIS2_PLACEMENT_3D('',#7425,#5875,#5876);
#5259=AXIS2_PLACEMENT_3D('',#7426,#5877,#5878);
#5260=AXIS2_PLACEMENT_3D('',#7434,#5879,#5880);
#5261=AXIS2_PLACEMENT_3D('',#7440,#5881,#5882);
#5262=AXIS2_PLACEMENT_3D('',#7441,#5883,#5884);
#5263=AXIS2_PLACEMENT_3D('',#7456,#5885,#5886);
#5264=AXIS2_PLACEMENT_3D('',#7469,#5887,#5888);
#5265=AXIS2_PLACEMENT_3D('',#7486,#5890,#5891);
#5266=AXIS2_PLACEMENT_3D('',#7489,#5893,#5894);
#5267=AXIS2_PLACEMENT_3D('',#7490,#5895,#5896);
#5268=AXIS2_PLACEMENT_3D('',#7508,#5897,#5898);
#5269=AXIS2_PLACEMENT_3D('',#7509,#5899,#5900);
#5270=AXIS2_PLACEMENT_3D('',#7512,#5901,#5902);
#5271=AXIS2_PLACEMENT_3D('',#7514,#5903,#5904);
#5272=AXIS2_PLACEMENT_3D('',#7516,#5905,#5906);
#5273=AXIS2_PLACEMENT_3D('',#7517,#5907,#5908);
#5274=AXIS2_PLACEMENT_3D('',#7518,#5909,#5910);
#5275=AXIS2_PLACEMENT_3D('',#7520,#5911,#5912);
#5276=AXIS2_PLACEMENT_3D('',#7522,#5913,#5914);
#5277=AXIS2_PLACEMENT_3D('',#7523,#5915,#5916);
#5278=AXIS2_PLACEMENT_3D('',#7525,#5917,#5918);
#5279=AXIS2_PLACEMENT_3D('',#7527,#5919,#5920);
#5280=AXIS2_PLACEMENT_3D('',#7528,#5921,#5922);
#5281=AXIS2_PLACEMENT_3D('',#7530,#5923,#5924);
#5282=AXIS2_PLACEMENT_3D('',#7532,#5925,#5926);
#5283=AXIS2_PLACEMENT_3D('',#7533,#5927,#5928);
#5284=AXIS2_PLACEMENT_3D('',#7535,#5929,#5930);
#5285=AXIS2_PLACEMENT_3D('',#7537,#5931,#5932);
#5286=AXIS2_PLACEMENT_3D('',#7538,#5933,#5934);
#5287=AXIS2_PLACEMENT_3D('',#7540,#5935,#5936);
#5288=AXIS2_PLACEMENT_3D('',#7542,#5937,#5938);
#5289=AXIS2_PLACEMENT_3D('',#7543,#5939,#5940);
#5290=AXIS2_PLACEMENT_3D('',#7545,#5941,#5942);
#5291=AXIS2_PLACEMENT_3D('',#7547,#5943,#5944);
#5292=AXIS2_PLACEMENT_3D('',#7548,#5945,#5946);
#5293=AXIS2_PLACEMENT_3D('',#7550,#5947,#5948);
#5294=AXIS2_PLACEMENT_3D('',#7552,#5949,#5950);
#5295=AXIS2_PLACEMENT_3D('',#7553,#5951,#5952);
#5296=AXIS2_PLACEMENT_3D('',#7555,#5953,#5954);
#5297=AXIS2_PLACEMENT_3D('',#7557,#5955,#5956);
#5298=AXIS2_PLACEMENT_3D('',#7558,#5957,#5958);
#5299=AXIS2_PLACEMENT_3D('',#7560,#5959,#5960);
#5300=AXIS2_PLACEMENT_3D('',#7562,#5961,#5962);
#5301=AXIS2_PLACEMENT_3D('',#7563,#5963,#5964);
#5302=AXIS2_PLACEMENT_3D('',#7565,#5965,#5966);
#5303=AXIS2_PLACEMENT_3D('',#7567,#5967,#5968);
#5304=AXIS2_PLACEMENT_3D('',#7568,#5969,#5970);
#5305=AXIS2_PLACEMENT_3D('',#7570,#5971,#5972);
#5306=AXIS2_PLACEMENT_3D('',#7572,#5973,#5974);
#5307=AXIS2_PLACEMENT_3D('',#7573,#5975,#5976);
#5308=AXIS2_PLACEMENT_3D('',#7575,#5977,#5978);
#5309=AXIS2_PLACEMENT_3D('',#7577,#5979,#5980);
#5310=AXIS2_PLACEMENT_3D('',#7578,#5981,#5982);
#5311=AXIS2_PLACEMENT_3D('',#7580,#5983,#5984);
#5312=AXIS2_PLACEMENT_3D('',#7582,#5985,#5986);
#5313=AXIS2_PLACEMENT_3D('',#7583,#5987,#5988);
#5314=AXIS2_PLACEMENT_3D('',#7585,#5989,#5990);
#5315=AXIS2_PLACEMENT_3D('',#7587,#5991,#5992);
#5316=AXIS2_PLACEMENT_3D('',#7588,#5993,#5994);
#5317=AXIS2_PLACEMENT_3D('',#7590,#5995,#5996);
#5318=AXIS2_PLACEMENT_3D('',#7592,#5997,#5998);
#5319=AXIS2_PLACEMENT_3D('',#7593,#5999,#6000);
#5320=AXIS2_PLACEMENT_3D('',#7595,#6001,#6002);
#5321=AXIS2_PLACEMENT_3D('',#7597,#6003,#6004);
#5322=AXIS2_PLACEMENT_3D('',#7598,#6005,#6006);
#5323=AXIS2_PLACEMENT_3D('',#7600,#6007,#6008);
#5324=AXIS2_PLACEMENT_3D('',#7602,#6009,#6010);
#5325=AXIS2_PLACEMENT_3D('',#7603,#6011,#6012);
#5326=AXIS2_PLACEMENT_3D('',#7605,#6013,#6014);
#5327=AXIS2_PLACEMENT_3D('',#7607,#6015,#6016);
#5328=AXIS2_PLACEMENT_3D('',#7608,#6017,#6018);
#5329=AXIS2_PLACEMENT_3D('',#7610,#6019,#6020);
#5330=AXIS2_PLACEMENT_3D('',#7612,#6021,#6022);
#5331=AXIS2_PLACEMENT_3D('',#7613,#6023,#6024);
#5332=AXIS2_PLACEMENT_3D('',#7615,#6025,#6026);
#5333=AXIS2_PLACEMENT_3D('',#7617,#6027,#6028);
#5334=AXIS2_PLACEMENT_3D('',#7618,#6029,#6030);
#5335=AXIS2_PLACEMENT_3D('',#7620,#6031,#6032);
#5336=AXIS2_PLACEMENT_3D('',#7622,#6033,#6034);
#5337=AXIS2_PLACEMENT_3D('',#7623,#6035,#6036);
#5338=AXIS2_PLACEMENT_3D('',#7626,#6037,#6038);
#5339=AXIS2_PLACEMENT_3D('',#7628,#6039,#6040);
#5340=AXIS2_PLACEMENT_3D('',#7634,#6041,#6042);
#5341=AXIS2_PLACEMENT_3D('',#7642,#6044,#6045);
#5342=AXIS2_PLACEMENT_3D('',#7651,#6047,#6048);
#5343=AXIS2_PLACEMENT_3D('',#7660,#6050,#6051);
#5344=AXIS2_PLACEMENT_3D('',#7675,#6054,#6055);
#5345=AXIS2_PLACEMENT_3D('',#7679,#6057,#6058);
#5346=AXIS2_PLACEMENT_3D('',#7691,#6059,#6060);
#5347=AXIS2_PLACEMENT_3D('',#7693,#6061,#6062);
#5348=AXIS2_PLACEMENT_3D('',#7695,#6063,#6064);
#5349=AXIS2_PLACEMENT_3D('',#7701,#6065,#6066);
#5350=AXIS2_PLACEMENT_3D('',#7707,#6067,#6068);
#5351=AXIS2_PLACEMENT_3D('',#7711,#6070,#6071);
#5352=AXIS2_PLACEMENT_3D('',#7724,#6072,#6073);
#5353=AXIS2_PLACEMENT_3D('',#7732,#6075,#6076);
#5354=AXIS2_PLACEMENT_3D('',#7745,#6077,#6078);
#5355=AXIS2_PLACEMENT_3D('',#7746,#6079,#6080);
#5356=AXIS2_PLACEMENT_3D('',#7751,#6081,#6082);
#5357=AXIS2_PLACEMENT_3D('',#7752,#6083,#6084);
#5358=AXIS2_PLACEMENT_3D('',#7785,#6091,#6092);
#5359=AXIS2_PLACEMENT_3D('',#7786,#6093,#6094);
#5360=AXIS2_PLACEMENT_3D('',#7792,#6097,#6098);
#5361=AXIS2_PLACEMENT_3D('',#7798,#6101,#6102);
#5362=AXIS2_PLACEMENT_3D('',#7799,#6103,#6104);
#5363=AXIS2_PLACEMENT_3D('',#7800,#6105,#6106);
#5364=AXIS2_PLACEMENT_3D('',#7805,#6107,#6108);
#5365=AXIS2_PLACEMENT_3D('',#7806,#6109,#6110);
#5366=AXIS2_PLACEMENT_3D('',#7811,#6111,#6112);
#5367=AXIS2_PLACEMENT_3D('',#7816,#6113,#6114);
#5368=AXIS2_PLACEMENT_3D('',#7817,#6115,#6116);
#5369=AXIS2_PLACEMENT_3D('',#7822,#6117,#6118);
#5370=AXIS2_PLACEMENT_3D('',#7823,#6119,#6120);
#5371=AXIS2_PLACEMENT_3D('',#7834,#6121,#6122);
#5372=AXIS2_PLACEMENT_3D('',#7835,#6123,#6124);
#5373=AXIS2_PLACEMENT_3D('',#7841,#6125,#6126);
#5374=AXIS2_PLACEMENT_3D('',#7847,#6127,#6128);
#5375=AXIS2_PLACEMENT_3D('',#7848,#6129,#6130);
#5376=AXIS2_PLACEMENT_3D('',#7850,#6131,#6132);
#5377=AXIS2_PLACEMENT_3D('',#7851,#6133,#6134);
#5378=AXIS2_PLACEMENT_3D('',#7860,#6135,#6136);
#5379=AXIS2_PLACEMENT_3D('',#7888,#6140,#6141);
#5380=AXIS2_PLACEMENT_3D('',#7898,#6143,#6144);
#5381=AXIS2_PLACEMENT_3D('',#7899,#6145,#6146);
#5382=AXIS2_PLACEMENT_3D('',#7902,#6147,#6148);
#5383=AXIS2_PLACEMENT_3D('',#7906,#6150,#6151);
#5384=AXIS2_PLACEMENT_3D('',#7908,#6152,#6153);
#5385=AXIS2_PLACEMENT_3D('',#7910,#6154,#6155);
#5386=AXIS2_PLACEMENT_3D('',#7914,#6157,#6158);
#5387=AXIS2_PLACEMENT_3D('',#7915,#6159,#6160);
#5388=AXIS2_PLACEMENT_3D('',#7919,#6163,#6164);
#5389=AXIS2_PLACEMENT_3D('',#7970,#6190,#6191);
#5390=AXIS2_PLACEMENT_3D('',#7975,#6194,#6195);
#5391=AXIS2_PLACEMENT_3D('',#7976,#6196,#6197);
#5392=AXIS2_PLACEMENT_3D('',#7987,#6203,#6204);
#5393=AXIS2_PLACEMENT_3D('',#7989,#6205,#6206);
#5394=AXIS2_PLACEMENT_3D('',#7991,#6207,#6208);
#5395=AXIS2_PLACEMENT_3D('',#7996,#6211,#6212);
#5396=AXIS2_PLACEMENT_3D('',#7998,#6213,#6214);
#5397=AXIS2_PLACEMENT_3D('',#8000,#6215,#6216);
#5398=AXIS2_PLACEMENT_3D('',#8003,#6218,#6219);
#5399=AXIS2_PLACEMENT_3D('',#8004,#6220,#6221);
#5400=AXIS2_PLACEMENT_3D('',#8008,#6223,#6224);
#5401=AXIS2_PLACEMENT_3D('',#8037,#6225,#6226);
#5402=AXIS2_PLACEMENT_3D('',#8098,#6227,#6228);
#5403=AXIS2_PLACEMENT_3D('',#8149,#6235,#6236);
#5404=AXIS2_PLACEMENT_3D('',#8179,#6240,#6241);
#5405=AXIS2_PLACEMENT_3D('',#8180,#6242,#6243);
#5406=AXIS2_PLACEMENT_3D('',#8193,#6244,#6245);
#5407=AXIS2_PLACEMENT_3D('',#8202,#6246,#6247);
#5408=AXIS2_PLACEMENT_3D('',#8208,#6251,#6252);
#5409=AXIS2_PLACEMENT_3D('',#8209,#6253,#6254);
#5410=AXIS2_PLACEMENT_3D('',#8215,#6255,#6256);
#5411=AXIS2_PLACEMENT_3D('',#8221,#6260,#6261);
#5412=AXIS2_PLACEMENT_3D('',#8225,#6264,#6265);
#5413=AXIS2_PLACEMENT_3D('',#8229,#6268,#6269);
#5414=AXIS2_PLACEMENT_3D('',#8233,#6272,#6273);
#5415=AXIS2_PLACEMENT_3D('',#8237,#6276,#6277);
#5416=AXIS2_PLACEMENT_3D('',#8239,#6279,#6280);
#5417=AXIS2_PLACEMENT_3D('',#8252,#6287,#6288);
#5418=AXIS2_PLACEMENT_3D('',#8256,#6290,#6291);
#5419=AXIS2_PLACEMENT_3D('',#8260,#6293,#6294);
#5420=AXIS2_PLACEMENT_3D('',#8264,#6296,#6297);
#5421=AXIS2_PLACEMENT_3D('',#8268,#6299,#6300);
#5422=AXIS2_PLACEMENT_3D('',#8269,#6301,#6302);
#5423=AXIS2_PLACEMENT_3D('',#8270,#6303,#6304);
#5424=AXIS2_PLACEMENT_3D('',#8271,#6305,#6306);
#5425=AXIS2_PLACEMENT_3D('',#8272,#6307,#6308);
#5426=AXIS2_PLACEMENT_3D('',#8323,#6311,#6312);
#5427=AXIS2_PLACEMENT_3D('',#8336,#6313,#6314);
#5428=AXIS2_PLACEMENT_3D('',#8337,#6315,#6316);
#5429=AXIS2_PLACEMENT_3D('',#8343,#6317,#6318);
#5430=AXIS2_PLACEMENT_3D('',#8349,#6319,#6320);
#5431=AXIS2_PLACEMENT_3D('',#8354,#6321,#6322);
#5432=AXIS2_PLACEMENT_3D('',#8359,#6323,#6324);
#5433=AXIS2_PLACEMENT_3D('',#8360,#6325,#6326);
#5434=AXIS2_PLACEMENT_3D('',#8361,#6327,#6328);
#5435=AXIS2_PLACEMENT_3D('',#8362,#6329,#6330);
#5436=AXIS2_PLACEMENT_3D('',#8368,#6331,#6332);
#5437=AXIS2_PLACEMENT_3D('',#8369,#6333,#6334);
#5438=AXIS2_PLACEMENT_3D('',#8370,#6335,#6336);
#5439=AXIS2_PLACEMENT_3D('',#8376,#6337,#6338);
#5440=AXIS2_PLACEMENT_3D('',#8377,#6339,#6340);
#5441=AXIS2_PLACEMENT_3D('',#8384,#6341,#6342);
#5442=AXIS2_PLACEMENT_3D('',#8385,#6343,#6344);
#5443=AXIS2_PLACEMENT_3D('',#8386,#6345,#6346);
#5444=AXIS2_PLACEMENT_3D('',#8387,#6347,#6348);
#5445=AXIS2_PLACEMENT_3D('',#8423,#6349,#6350);
#5446=AXIS2_PLACEMENT_3D('',#8424,#6351,#6352);
#5447=AXIS2_PLACEMENT_3D('',#8425,#6353,#6354);
#5448=AXIS2_PLACEMENT_3D('',#8426,#6355,#6356);
#5449=AXIS2_PLACEMENT_3D('',#8427,#6357,#6358);
#5450=AXIS2_PLACEMENT_3D('',#8428,#6359,#6360);
#5451=AXIS2_PLACEMENT_3D('',#8429,#6361,#6362);
#5452=AXIS2_PLACEMENT_3D('',#8430,#6363,#6364);
#5453=AXIS2_PLACEMENT_3D('',#8431,#6365,#6366);
#5454=AXIS2_PLACEMENT_3D('',#8432,#6367,#6368);
#5455=AXIS2_PLACEMENT_3D('',#8433,#6369,#6370);
#5456=AXIS2_PLACEMENT_3D('',#8470,#6371,#6372);
#5457=AXIS2_PLACEMENT_3D('',#8471,#6373,#6374);
#5458=AXIS2_PLACEMENT_3D('',#8474,#6375,#6376);
#5459=AXIS2_PLACEMENT_3D('',#8478,#6378,#6379);
#5460=AXIS2_PLACEMENT_3D('',#8480,#6380,#6381);
#5461=AXIS2_PLACEMENT_3D('',#8482,#6382,#6383);
#5462=AXIS2_PLACEMENT_3D('',#8486,#6385,#6386);
#5463=AXIS2_PLACEMENT_3D('',#8487,#6387,#6388);
#5464=AXIS2_PLACEMENT_3D('',#8496,#6390,#6391);
#5465=AXIS2_PLACEMENT_3D('',#8497,#6392,#6393);
#5466=AXIS2_PLACEMENT_3D('',#8500,#6396,#6397);
#5467=AXIS2_PLACEMENT_3D('',#8592,#6402,#6403);
#5468=AXIS2_PLACEMENT_3D('',#8618,#6404,#6405);
#5469=AXIS2_PLACEMENT_3D('',#8623,#6406,#6407);
#5470=AXIS2_PLACEMENT_3D('',#8626,#6409,#6410);
#5471=AXIS2_PLACEMENT_3D('',#8627,#6411,#6412);
#5472=AXIS2_PLACEMENT_3D('',#8628,#6413,#6414);
#5473=AXIS2_PLACEMENT_3D('',#8631,#6416,#6417);
#5474=AXIS2_PLACEMENT_3D('',#8637,#6421,#6422);
#5475=AXIS2_PLACEMENT_3D('',#8641,#6425,#6426);
#5476=AXIS2_PLACEMENT_3D('',#8645,#6429,#6430);
#5477=AXIS2_PLACEMENT_3D('',#8649,#6433,#6434);
#5478=AXIS2_PLACEMENT_3D('',#8653,#6437,#6438);
#5479=AXIS2_PLACEMENT_3D('',#8655,#6440,#6441);
#5480=AXIS2_PLACEMENT_3D('',#8716,#6448,#6449);
#5481=AXIS2_PLACEMENT_3D('',#8729,#6450,#6451);
#5482=AXIS2_PLACEMENT_3D('',#8730,#6452,#6453);
#5483=AXIS2_PLACEMENT_3D('',#8736,#6454,#6455);
#5484=AXIS2_PLACEMENT_3D('',#8742,#6456,#6457);
#5485=AXIS2_PLACEMENT_3D('',#8747,#6458,#6459);
#5486=AXIS2_PLACEMENT_3D('',#8752,#6460,#6461);
#5487=AXIS2_PLACEMENT_3D('',#8753,#6462,#6463);
#5488=AXIS2_PLACEMENT_3D('',#8754,#6464,#6465);
#5489=AXIS2_PLACEMENT_3D('',#8755,#6466,#6467);
#5490=AXIS2_PLACEMENT_3D('',#8761,#6468,#6469);
#5491=AXIS2_PLACEMENT_3D('',#8762,#6470,#6471);
#5492=AXIS2_PLACEMENT_3D('',#8763,#6472,#6473);
#5493=AXIS2_PLACEMENT_3D('',#8769,#6474,#6475);
#5494=AXIS2_PLACEMENT_3D('',#8770,#6476,#6477);
#5495=AXIS2_PLACEMENT_3D('',#8771,#6478,#6479);
#5496=AXIS2_PLACEMENT_3D('',#8778,#6480,#6481);
#5497=AXIS2_PLACEMENT_3D('',#8779,#6482,#6483);
#5498=AXIS2_PLACEMENT_3D('',#8780,#6484,#6485);
#5499=AXIS2_PLACEMENT_3D('',#8816,#6486,#6487);
#5500=AXIS2_PLACEMENT_3D('',#8817,#6488,#6489);
#5501=AXIS2_PLACEMENT_3D('',#8818,#6490,#6491);
#5502=AXIS2_PLACEMENT_3D('',#8819,#6492,#6493);
#5503=AXIS2_PLACEMENT_3D('',#8820,#6494,#6495);
#5504=AXIS2_PLACEMENT_3D('',#8821,#6496,#6497);
#5505=AXIS2_PLACEMENT_3D('',#8822,#6498,#6499);
#5506=AXIS2_PLACEMENT_3D('',#8823,#6500,#6501);
#5507=AXIS2_PLACEMENT_3D('',#8824,#6502,#6503);
#5508=AXIS2_PLACEMENT_3D('',#8825,#6504,#6505);
#5509=AXIS2_PLACEMENT_3D('',#8826,#6506,#6507);
#5510=AXIS2_PLACEMENT_3D('',#8863,#6508,#6509);
#5511=AXIS2_PLACEMENT_3D('',#8864,#6510,#6511);
#5512=AXIS2_PLACEMENT_3D('',#8880,#6513,#6514);
#5513=AXIS2_PLACEMENT_3D('',#8893,#6516,#6517);
#5514=AXIS2_PLACEMENT_3D('',#8911,#6519,#6520);
#5515=AXIS2_PLACEMENT_3D('',#8924,#6522,#6523);
#5516=AXIS2_PLACEMENT_3D('',#8925,#6524,#6525);
#5517=AXIS2_PLACEMENT_3D('',#8928,#6526,#6527);
#5518=AXIS2_PLACEMENT_3D('',#8932,#6529,#6530);
#5519=AXIS2_PLACEMENT_3D('',#8934,#6531,#6532);
#5520=AXIS2_PLACEMENT_3D('',#8936,#6533,#6534);
#5521=AXIS2_PLACEMENT_3D('',#8940,#6536,#6537);
#5522=AXIS2_PLACEMENT_3D('',#8941,#6538,#6539);
#5523=AXIS2_PLACEMENT_3D('',#8950,#6541,#6542);
#5524=AXIS2_PLACEMENT_3D('',#8951,#6543,#6544);
#5525=AXIS2_PLACEMENT_3D('',#8954,#6547,#6548);
#5526=AXIS2_PLACEMENT_3D('',#8955,#6549,#6550);
#5527=AXIS2_PLACEMENT_3D('',#8965,#6551,#6552);
#5528=AXIS2_PLACEMENT_3D('',#8977,#6553,#6554);
#5529=AXIS2_PLACEMENT_3D('',#9069,#6559,#6560);
#5530=AXIS2_PLACEMENT_3D('',#9095,#6561,#6562);
#5531=AXIS2_PLACEMENT_3D('',#9100,#6563,#6564);
#5532=AXIS2_PLACEMENT_3D('',#9101,#6565,#6566);
#5533=AXIS2_PLACEMENT_3D('',#9102,#6567,#6568);
#5534=AXIS2_PLACEMENT_3D('',#9108,#6572,#6573);
#5535=AXIS2_PLACEMENT_3D('',#9112,#6576,#6577);
#5536=AXIS2_PLACEMENT_3D('',#9116,#6580,#6581);
#5537=AXIS2_PLACEMENT_3D('',#9120,#6584,#6585);
#5538=AXIS2_PLACEMENT_3D('',#9124,#6588,#6589);
#5539=AXIS2_PLACEMENT_3D('',#9126,#6591,#6592);
#5540=AXIS2_PLACEMENT_3D('',#9139,#6599,#6600);
#5541=AXIS2_PLACEMENT_3D('',#9143,#6602,#6603);
#5542=AXIS2_PLACEMENT_3D('',#9147,#6605,#6606);
#5543=AXIS2_PLACEMENT_3D('',#9151,#6608,#6609);
#5544=AXIS2_PLACEMENT_3D('',#9155,#6611,#6612);
#5545=AXIS2_PLACEMENT_3D('',#9156,#6613,#6614);
#5546=AXIS2_PLACEMENT_3D('',#9157,#6615,#6616);
#5547=AXIS2_PLACEMENT_3D('',#9158,#6617,#6618);
#5548=AXIS2_PLACEMENT_3D('',#9159,#6619,#6620);
#5549=AXIS2_PLACEMENT_3D('',#9210,#6623,#6624);
#5550=AXIS2_PLACEMENT_3D('',#9223,#6625,#6626);
#5551=AXIS2_PLACEMENT_3D('',#9224,#6627,#6628);
#5552=AXIS2_PLACEMENT_3D('',#9230,#6629,#6630);
#5553=AXIS2_PLACEMENT_3D('',#9236,#6631,#6632);
#5554=AXIS2_PLACEMENT_3D('',#9241,#6633,#6634);
#5555=AXIS2_PLACEMENT_3D('',#9246,#6635,#6636);
#5556=AXIS2_PLACEMENT_3D('',#9252,#6637,#6638);
#5557=AXIS2_PLACEMENT_3D('',#9253,#6639,#6640);
#5558=AXIS2_PLACEMENT_3D('',#9254,#6641,#6642);
#5559=AXIS2_PLACEMENT_3D('',#9260,#6643,#6644);
#5560=AXIS2_PLACEMENT_3D('',#9261,#6645,#6646);
#5561=AXIS2_PLACEMENT_3D('',#9262,#6647,#6648);
#5562=AXIS2_PLACEMENT_3D('',#9269,#6649,#6650);
#5563=AXIS2_PLACEMENT_3D('',#9270,#6651,#6652);
#5564=AXIS2_PLACEMENT_3D('',#9271,#6653,#6654);
#5565=AXIS2_PLACEMENT_3D('',#9307,#6655,#6656);
#5566=AXIS2_PLACEMENT_3D('',#9308,#6657,#6658);
#5567=AXIS2_PLACEMENT_3D('',#9309,#6659,#6660);
#5568=AXIS2_PLACEMENT_3D('',#9310,#6661,#6662);
#5569=AXIS2_PLACEMENT_3D('',#9311,#6663,#6664);
#5570=AXIS2_PLACEMENT_3D('',#9312,#6665,#6666);
#5571=AXIS2_PLACEMENT_3D('',#9313,#6667,#6668);
#5572=AXIS2_PLACEMENT_3D('',#9314,#6669,#6670);
#5573=AXIS2_PLACEMENT_3D('',#9315,#6671,#6672);
#5574=AXIS2_PLACEMENT_3D('',#9316,#6673,#6674);
#5575=AXIS2_PLACEMENT_3D('',#9317,#6675,#6676);
#5576=AXIS2_PLACEMENT_3D('',#9354,#6677,#6678);
#5577=AXIS2_PLACEMENT_3D('',#9355,#6679,#6680);
#5578=AXIS2_PLACEMENT_3D('',#9358,#6681,#6682);
#5579=AXIS2_PLACEMENT_3D('',#9362,#6684,#6685);
#5580=AXIS2_PLACEMENT_3D('',#9364,#6686,#6687);
#5581=AXIS2_PLACEMENT_3D('',#9366,#6688,#6689);
#5582=AXIS2_PLACEMENT_3D('',#9370,#6691,#6692);
#5583=AXIS2_PLACEMENT_3D('',#9371,#6693,#6694);
#5584=AXIS2_PLACEMENT_3D('',#9372,#6695,#6696);
#5585=AXIS2_PLACEMENT_3D('',#9381,#6698,#6699);
#5586=AXIS2_PLACEMENT_3D('',#9384,#6702,#6703);
#5587=AXIS2_PLACEMENT_3D('',#9476,#6708,#6709);
#5588=AXIS2_PLACEMENT_3D('',#9506,#6710,#6711);
#5589=AXIS2_PLACEMENT_3D('',#9507,#6712,#6713);
#5590=AXIS2_PLACEMENT_3D('',#9508,#6714,#6715);
#5591=AXIS2_PLACEMENT_3D('',#9509,#6716,#6717);
#5592=AXIS2_PLACEMENT_3D('',#9515,#6721,#6722);
#5593=AXIS2_PLACEMENT_3D('',#9519,#6725,#6726);
#5594=AXIS2_PLACEMENT_3D('',#9523,#6729,#6730);
#5595=AXIS2_PLACEMENT_3D('',#9527,#6733,#6734);
#5596=AXIS2_PLACEMENT_3D('',#9531,#6737,#6738);
#5597=AXIS2_PLACEMENT_3D('',#9533,#6740,#6741);
#5598=AXIS2_PLACEMENT_3D('',#9594,#6748,#6749);
#5599=AXIS2_PLACEMENT_3D('',#9607,#6750,#6751);
#5600=AXIS2_PLACEMENT_3D('',#9608,#6752,#6753);
#5601=AXIS2_PLACEMENT_3D('',#9614,#6754,#6755);
#5602=AXIS2_PLACEMENT_3D('',#9620,#6756,#6757);
#5603=AXIS2_PLACEMENT_3D('',#9625,#6758,#6759);
#5604=AXIS2_PLACEMENT_3D('',#9630,#6760,#6761);
#5605=AXIS2_PLACEMENT_3D('',#9636,#6762,#6763);
#5606=AXIS2_PLACEMENT_3D('',#9637,#6764,#6765);
#5607=AXIS2_PLACEMENT_3D('',#9638,#6766,#6767);
#5608=AXIS2_PLACEMENT_3D('',#9644,#6768,#6769);
#5609=AXIS2_PLACEMENT_3D('',#9645,#6770,#6771);
#5610=AXIS2_PLACEMENT_3D('',#9652,#6772,#6773);
#5611=AXIS2_PLACEMENT_3D('',#9653,#6774,#6775);
#5612=AXIS2_PLACEMENT_3D('',#9654,#6776,#6777);
#5613=AXIS2_PLACEMENT_3D('',#9655,#6778,#6779);
#5614=AXIS2_PLACEMENT_3D('',#9691,#6780,#6781);
#5615=AXIS2_PLACEMENT_3D('',#9692,#6782,#6783);
#5616=AXIS2_PLACEMENT_3D('',#9693,#6784,#6785);
#5617=AXIS2_PLACEMENT_3D('',#9694,#6786,#6787);
#5618=AXIS2_PLACEMENT_3D('',#9695,#6788,#6789);
#5619=AXIS2_PLACEMENT_3D('',#9696,#6790,#6791);
#5620=AXIS2_PLACEMENT_3D('',#9697,#6792,#6793);
#5621=AXIS2_PLACEMENT_3D('',#9698,#6794,#6795);
#5622=AXIS2_PLACEMENT_3D('',#9699,#6796,#6797);
#5623=AXIS2_PLACEMENT_3D('',#9700,#6798,#6799);
#5624=AXIS2_PLACEMENT_3D('',#9701,#6800,#6801);
#5625=AXIS2_PLACEMENT_3D('',#9738,#6802,#6803);
#5626=AXIS2_PLACEMENT_3D('',#9749,#6807,#6808);
#5627=AXIS2_PLACEMENT_3D('',#9761,#6812,#6813);
#5628=AXIS2_PLACEMENT_3D('',#9762,#6814,#6815);
#5629=AXIS2_PLACEMENT_3D('',#9769,#6820,#6821);
#5630=AXIS2_PLACEMENT_3D('',#9770,#6822,#6823);
#5631=AXIS2_PLACEMENT_3D('',#9771,#6824,#6825);
#5632=AXIS2_PLACEMENT_3D('',#9772,#6826,#6827);
#5633=AXIS2_PLACEMENT_3D('',#9776,#6829,#6830);
#5634=AXIS2_PLACEMENT_3D('',#9781,#6833,#6834);
#5635=AXIS2_PLACEMENT_3D('',#9794,#6838,#6839);
#5636=AXIS2_PLACEMENT_3D('',#9801,#6843,#6844);
#5637=AXIS2_PLACEMENT_3D('',#9805,#6846,#6847);
#5638=AXIS2_PLACEMENT_3D('',#9821,#6853,#6854);
#5639=AXIS2_PLACEMENT_3D('',#9830,#6859,#6860);
#5640=AXIS2_PLACEMENT_3D('',#9837,#6861,#6862);
#5641=AXIS2_PLACEMENT_3D('',#9838,#6863,#6864);
#5642=AXIS2_PLACEMENT_3D('',#9845,#6865,#6866);
#5643=AXIS2_PLACEMENT_3D('',#9846,#6867,#6868);
#5644=AXIS2_PLACEMENT_3D('',#9855,#6873,#6874);
#5645=AXIS2_PLACEMENT_3D('',#9864,#6879,#6880);
#5646=AXIS2_PLACEMENT_3D('',#9868,#6882,#6883);
#5647=AXIS2_PLACEMENT_3D('',#9870,#6884,#6885);
#5648=AXIS2_PLACEMENT_3D('',#9872,#6886,#6887);
#5649=AXIS2_PLACEMENT_3D('',#9885,#6894,#6895);
#5650=AXIS2_PLACEMENT_3D('',#9889,#6897,#6898);
#5651=AXIS2_PLACEMENT_3D('',#9894,#6901,#6902);
#5652=AXIS2_PLACEMENT_3D('',#9895,#6903,#6904);
#5653=AXIS2_PLACEMENT_3D('',#9896,#6905,#6906);
#5654=AXIS2_PLACEMENT_3D('',#9897,#6907,#6908);
#5655=AXIS2_PLACEMENT_3D('',#9898,#6909,#6910);
#5656=AXIS2_PLACEMENT_3D('',#9899,#6911,#6912);
#5657=AXIS2_PLACEMENT_3D('',#9900,#6913,#6914);
#5658=AXIS2_PLACEMENT_3D('',#9909,#6919,#6920);
#5659=AXIS2_PLACEMENT_3D('',#9918,#6925,#6926);
#5660=AXIS2_PLACEMENT_3D('',#9919,#6927,#6928);
#5661=AXIS2_PLACEMENT_3D('',#9920,#6929,#6930);
#5662=AXIS2_PLACEMENT_3D('',#9921,#6931,#6932);
#5663=AXIS2_PLACEMENT_3D('',#9922,#6933,#6934);
#5664=AXIS2_PLACEMENT_3D('',#9923,#6935,#6936);
#5665=AXIS2_PLACEMENT_3D('',#9924,#6937,#6938);
#5666=AXIS2_PLACEMENT_3D('',#9929,#6939,#6940);
#5667=AXIS2_PLACEMENT_3D('',#9930,#6941,#6942);
#5668=AXIS2_PLACEMENT_3D('',#9931,#6943,#6944);
#5669=AXIS2_PLACEMENT_3D('',#9932,#6945,#6946);
#5670=AXIS2_PLACEMENT_3D('',#9933,#6947,#6948);
#5671=AXIS2_PLACEMENT_3D('',#9934,#6949,#6950);
#5672=AXIS2_PLACEMENT_3D('',#9935,#6951,#6952);
#5673=AXIS2_PLACEMENT_3D('',#9936,#6953,#6954);
#5674=AXIS2_PLACEMENT_3D('',#9937,#6955,#6956);
#5675=AXIS2_PLACEMENT_3D('',#9938,#6957,#6958);
#5676=AXIS2_PLACEMENT_3D('',#9939,#6959,#6960);
#5677=AXIS2_PLACEMENT_3D('',#9940,#6961,#6962);
#5678=AXIS2_PLACEMENT_3D('',#9941,#6963,#6964);
#5679=AXIS2_PLACEMENT_3D('',#9942,#6965,#6966);
#5680=AXIS2_PLACEMENT_3D('',#9943,#6967,#6968);
#5681=AXIS2_PLACEMENT_3D('',#9944,#6969,#6970);
#5682=AXIS2_PLACEMENT_3D('',#9945,#6971,#6972);
#5683=AXIS2_PLACEMENT_3D('',#9946,#6973,#6974);
#5684=AXIS2_PLACEMENT_3D('',#9947,#6975,#6976);
#5685=AXIS2_PLACEMENT_3D('',#9948,#6977,#6978);
#5686=AXIS2_PLACEMENT_3D('',#9949,#6979,#6980);
#5687=AXIS2_PLACEMENT_3D('',#9950,#6981,#6982);
#5688=AXIS2_PLACEMENT_3D('',#9951,#6983,#6984);
#5689=AXIS2_PLACEMENT_3D('',#9952,#6985,#6986);
#5690=AXIS2_PLACEMENT_3D('',#9957,#6987,#6988);
#5691=AXIS2_PLACEMENT_3D('',#9958,#6989,#6990);
#5692=AXIS2_PLACEMENT_3D('',#9959,#6991,#6992);
#5693=AXIS2_PLACEMENT_3D('',#9960,#6993,#6994);
#5694=AXIS2_PLACEMENT_3D('',#9961,#6995,#6996);
#5695=AXIS2_PLACEMENT_3D('',#9966,#6997,#6998);
#5696=AXIS2_PLACEMENT_3D('',#9971,#6999,#7000);
#5697=AXIS2_PLACEMENT_3D('',#9976,#7001,#7002);
#5698=AXIS2_PLACEMENT_3D('',#9981,#7003,#7004);
#5699=AXIS2_PLACEMENT_3D('',#9986,#7005,#7006);
#5700=AXIS2_PLACEMENT_3D('',#9991,#7007,#7008);
#5701=AXIS2_PLACEMENT_3D('',#9996,#7009,#7010);
#5702=AXIS2_PLACEMENT_3D('',#10037,#7011,#7012);
#5703=AXIS2_PLACEMENT_3D('',#10038,#7013,#7014);
#5704=AXIS2_PLACEMENT_3D('',#10039,#7015,#7016);
#5705=AXIS2_PLACEMENT_3D('',#10040,#7017,#7018);
#5706=AXIS2_PLACEMENT_3D('',#10041,#7019,#7020);
#5707=AXIS2_PLACEMENT_3D('',#10042,#7021,#7022);
#5708=AXIS2_PLACEMENT_3D('',#10043,#7023,#7024);
#5709=AXIS2_PLACEMENT_3D('',#10048,#7025,#7026);
#5710=AXIS2_PLACEMENT_3D('',#10049,#7027,#7028);
#5711=AXIS2_PLACEMENT_3D('',#10050,#7029,#7030);
#5712=AXIS2_PLACEMENT_3D('',#10051,#7031,#7032);
#5713=AXIS2_PLACEMENT_3D('',#10056,#7033,#7034);
#5714=AXIS2_PLACEMENT_3D('',#10061,#7035,#7036);
#5715=AXIS2_PLACEMENT_3D('',#10066,#7037,#7038);
#5716=AXIS2_PLACEMENT_3D('',#10071,#7039,#7040);
#5717=AXIS2_PLACEMENT_3D('',#10072,#7041,#7042);
#5718=AXIS2_PLACEMENT_3D('',#10073,#7043,#7044);
#5719=AXIS2_PLACEMENT_3D('',#10076,#7047,#7048);
#5720=AXIS2_PLACEMENT_3D('',#10078,#7050,#7051);
#5721=AXIS2_PLACEMENT_3D('',#10080,#7053,#7054);
#5722=AXIS2_PLACEMENT_3D('',#10082,#7056,#7057);
#5723=AXIS2_PLACEMENT_3D('',#10084,#7059,#7060);
#5724=AXIS2_PLACEMENT_3D('',#10085,#7061,#7062);
#5725=AXIS2_PLACEMENT_3D('',#10088,#7065,#7066);
#5726=AXIS2_PLACEMENT_3D('',#10090,#7068,#7069);
#5727=AXIS2_PLACEMENT_3D('',#10092,#7071,#7072);
#5728=AXIS2_PLACEMENT_3D('',#10094,#7074,#7075);
#5729=AXIS2_PLACEMENT_3D('',#10096,#7077,#7078);
#5730=AXIS2_PLACEMENT_3D('',#10097,#7079,#7080);
#5731=AXIS2_PLACEMENT_3D('',#10100,#7083,#7084);
#5732=AXIS2_PLACEMENT_3D('',#10102,#7086,#7087);
#5733=AXIS2_PLACEMENT_3D('',#10104,#7089,#7090);
#5734=AXIS2_PLACEMENT_3D('',#10106,#7092,#7093);
#5735=AXIS2_PLACEMENT_3D('',#10108,#7095,#7096);
#5736=AXIS2_PLACEMENT_3D('',#10109,#7097,#7098);
#5737=AXIS2_PLACEMENT_3D('',#10112,#7101,#7102);
#5738=AXIS2_PLACEMENT_3D('',#10114,#7104,#7105);
#5739=AXIS2_PLACEMENT_3D('',#10116,#7107,#7108);
#5740=AXIS2_PLACEMENT_3D('',#10118,#7110,#7111);
#5741=AXIS2_PLACEMENT_3D('',#10120,#7113,#7114);
#5742=AXIS2_PLACEMENT_3D('',#10121,#7115,#7116);
#5743=AXIS2_PLACEMENT_3D('',#10126,#7117,#7118);
#5744=AXIS2_PLACEMENT_3D('',#10127,#7119,#7120);
#5745=AXIS2_PLACEMENT_3D('',#10128,#7121,#7122);
#5746=AXIS2_PLACEMENT_3D('',#10129,#7123,#7124);
#5747=AXIS2_PLACEMENT_3D('',#10130,#7125,#7126);
#5748=AXIS2_PLACEMENT_3D('',#10131,#7127,#7128);
#5749=AXIS2_PLACEMENT_3D('',#10132,#7129,#7130);
#5750=AXIS2_PLACEMENT_3D('',#10133,#7131,#7132);
#5751=AXIS2_PLACEMENT_3D('',#10134,#7133,#7134);
#5752=AXIS2_PLACEMENT_3D('',#10135,#7135,#7136);
#5753=AXIS2_PLACEMENT_3D('',#10136,#7137,#7138);
#5754=AXIS2_PLACEMENT_3D('',#10137,#7139,#7140);
#5755=AXIS2_PLACEMENT_3D('',#10138,#7141,#7142);
#5756=AXIS2_PLACEMENT_3D('',#10139,#7143,#7144);
#5757=AXIS2_PLACEMENT_3D('',#10140,#7145,#7146);
#5758=AXIS2_PLACEMENT_3D('',#10141,#7147,#7148);
#5759=AXIS2_PLACEMENT_3D('',#10142,#7149,#7150);
#5760=AXIS2_PLACEMENT_3D('',#10143,#7151,#7152);
#5761=AXIS2_PLACEMENT_3D('',#10144,#7153,#7154);
#5762=AXIS2_PLACEMENT_3D('',#10149,#7155,#7156);
#5763=AXIS2_PLACEMENT_3D('',#10151,#7158,#7159);
#5764=AXIS2_PLACEMENT_3D('',#10153,#7161,#7162);
#5765=AXIS2_PLACEMENT_3D('',#10154,#7163,#7164);
#5766=AXIS2_PLACEMENT_3D('',#10157,#7167,#7168);
#5767=AXIS2_PLACEMENT_3D('',#10159,#7170,#7171);
#5768=AXIS2_PLACEMENT_3D('',#10161,#7173,#7174);
#5769=AXIS2_PLACEMENT_3D('',#10174,#7175,#7176);
#5770=AXIS2_PLACEMENT_3D('',#10175,#7177,#7178);
#5771=AXIS2_PLACEMENT_3D('',#10188,#7179,#7180);
#5772=AXIS2_PLACEMENT_3D('',#10189,#7181,#7182);
#5773=AXIS2_PLACEMENT_3D('',#10190,#7183,#7184);
#5774=AXIS2_PLACEMENT_3D('',#10203,#7185,#7186);
#5775=AXIS2_PLACEMENT_3D('',#10204,#7187,#7188);
#5776=AXIS2_PLACEMENT_3D('',#10205,#7189,#7190);
#5777=AXIS2_PLACEMENT_3D('',#10206,#7191,#7192);
#5778=AXIS2_PLACEMENT_3D('',#10207,#7193,#7194);
#5779=AXIS2_PLACEMENT_3D('',#10208,#7195,#7196);
#5780=AXIS2_PLACEMENT_3D('',#10209,#7197,#7198);
#5781=AXIS2_PLACEMENT_3D('',#10222,#7199,#7200);
#5782=AXIS2_PLACEMENT_3D('',#10223,#7201,#7202);
#5783=AXIS2_PLACEMENT_3D('',#10224,#7203,#7204);
#5784=AXIS2_PLACEMENT_3D('',#10225,#7205,#7206);
#5785=AXIS2_PLACEMENT_3D('',#10230,#7207,#7208);
#5786=AXIS2_PLACEMENT_3D('',#10231,#7209,#7210);
#5787=AXIS2_PLACEMENT_3D('',#10232,#7211,#7212);
#5788=AXIS2_PLACEMENT_3D('',#10233,#7213,#7214);
#5789=AXIS2_PLACEMENT_3D('',#10246,#7215,#7216);
#5790=AXIS2_PLACEMENT_3D('',#10262,#7217,#7218);
#5791=AXIS2_PLACEMENT_3D('',#10275,#7219,#7220);
#5792=AXIS2_PLACEMENT_3D('',#10276,#7221,#7222);
#5793=AXIS2_PLACEMENT_3D('',#10277,#7223,#7224);
#5794=AXIS2_PLACEMENT_3D('',#10290,#7225,#7226);
#5795=AXIS2_PLACEMENT_3D('',#10306,#7227,#7228);
#5796=AXIS2_PLACEMENT_3D('',#10307,#7229,#7230);
#5797=AXIS2_PLACEMENT_3D('',#10308,#7231,#7232);
#5798=AXIS2_PLACEMENT_3D('',#10309,#7233,#7234);
#5799=AXIS2_PLACEMENT_3D('',#10326,#7235,#7236);
#5800=AXIS2_PLACEMENT_3D('',#10327,#7237,#7238);
#5801=DIRECTION('',(0.,0.,1.));
#5802=DIRECTION('',(1.,0.,0.));
#5803=DIRECTION('',(-1.,0.,0.));
#5804=DIRECTION('',(0.,0.,1.));
#5805=DIRECTION('',(-1.,0.,0.));
#5806=DIRECTION('',(0.,0.,1.));
#5807=DIRECTION('',(-1.,0.,0.));
#5808=DIRECTION('',(0.,0.,1.));
#5809=DIRECTION('',(-1.,0.,0.));
#5810=DIRECTION('',(0.,0.,1.));
#5811=DIRECTION('',(-1.,0.,0.));
#5812=DIRECTION('',(0.,0.,1.));
#5813=DIRECTION('',(-1.,0.,0.));
#5814=DIRECTION('',(0.,0.,1.));
#5815=DIRECTION('',(0.269570444747594,0.934401353822792,0.232864521326711));
#5816=DIRECTION('',(-0.653706184243797,-5.55111512312578E-17,0.756748455354496));
#5817=DIRECTION('',(0.,0.442240316578283,-0.8968965951506));
#5818=DIRECTION('',(0.,0.896896595150601,0.442240316578283));
#5819=DIRECTION('',(0.,-0.863835505204395,-0.503773977045527));
#5820=DIRECTION('',(0.,0.503773977045527,-0.863835505204396));
#5821=DIRECTION('',(-1.,0.,0.));
#5822=DIRECTION('',(0.,0.,1.));
#5823=DIRECTION('',(0.,0.,1.));
#5824=DIRECTION('',(-1.,0.,0.));
#5825=DIRECTION('',(0.,0.,1.));
#5826=DIRECTION('',(0.,0.,1.));
#5827=DIRECTION('',(1.,0.,0.));
#5828=DIRECTION('',(0.,0.,-1.));
#5829=DIRECTION('',(0.,0.,1.));
#5830=DIRECTION('',(-1.,0.,0.));
#5831=DIRECTION('',(0.,0.,1.));
#5832=DIRECTION('',(1.,0.,0.));
#5833=DIRECTION('',(0.,0.,-1.));
#5834=DIRECTION('',(-1.,0.,0.));
#5835=DIRECTION('',(0.,0.,1.));
#5836=DIRECTION('',(1.,0.,0.));
#5837=DIRECTION('',(0.,0.,-1.));
#5838=DIRECTION('',(0.,0.,-1.));
#5839=DIRECTION('',(-1.,0.,0.));
#5840=DIRECTION('',(0.,0.,-1.));
#5841=DIRECTION('',(0.,0.,-1.));
#5842=DIRECTION('',(-1.,0.,0.));
#5843=DIRECTION('',(0.,0.,-1.));
#5844=DIRECTION('',(0.,0.,1.));
#5845=DIRECTION('',(1.,0.,0.));
#5846=DIRECTION('',(0.,0.,-1.));
#5847=DIRECTION('',(0.,0.,-1.));
#5848=DIRECTION('',(-1.,0.,0.));
#5849=DIRECTION('',(0.,0.,-1.));
#5850=DIRECTION('',(-1.,0.,0.));
#5851=DIRECTION('',(-1.,0.,0.));
#5852=DIRECTION('',(0.,0.,-1.));
#5853=DIRECTION('',(-1.,0.,0.));
#5854=DIRECTION('',(0.,0.,1.));
#5855=DIRECTION('',(-1.,0.,0.));
#5856=DIRECTION('',(0.,0.,1.));
#5857=DIRECTION('',(0.,0.,1.));
#5858=DIRECTION('',(-1.,0.,0.));
#5859=DIRECTION('',(0.,0.,1.));
#5860=DIRECTION('',(0.,0.,-1.));
#5861=DIRECTION('',(-1.,0.,0.));
#5862=DIRECTION('',(0.,0.,1.));
#5863=DIRECTION('',(0.,0.,1.));
#5864=DIRECTION('',(-1.,0.,0.));
#5865=DIRECTION('',(0.,0.,1.));
#5866=DIRECTION('',(1.,0.,0.));
#5867=DIRECTION('',(0.,0.,-1.));
#5868=DIRECTION('',(-1.,0.,0.));
#5869=DIRECTION('',(0.,0.,-1.));
#5870=DIRECTION('',(-1.,0.,0.));
#5871=DIRECTION('',(0.,-8.60193459162053E-16,-1.));
#5872=DIRECTION('',(0.,0.,-1.));
#5873=DIRECTION('',(-1.,0.,0.));
#5874=DIRECTION('',(0.,0.,-1.));
#5875=DIRECTION('',(1.,0.,0.));
#5876=DIRECTION('',(0.,0.,-1.));
#5877=DIRECTION('',(1.,0.,0.));
#5878=DIRECTION('',(0.,0.,-1.));
#5879=DIRECTION('',(-1.,0.,0.));
#5880=DIRECTION('',(0.,0.,1.));
#5881=DIRECTION('',(-1.,0.,0.));
#5882=DIRECTION('',(0.,0.,1.));
#5883=DIRECTION('',(1.,0.,0.));
#5884=DIRECTION('',(0.,0.,-1.));
#5885=DIRECTION('',(-1.,0.,0.));
#5886=DIRECTION('',(0.,0.,1.));
#5887=DIRECTION('',(0.,0.,-1.));
#5888=DIRECTION('',(-1.,0.,0.));
#5889=DIRECTION('',(0.,0.,-1.));
#5890=DIRECTION('',(0.,0.,-1.));
#5891=DIRECTION('',(-1.,0.,0.));
#5892=DIRECTION('',(0.,0.,-1.));
#5893=DIRECTION('',(0.,0.,-1.));
#5894=DIRECTION('',(-1.,0.,0.));
#5895=DIRECTION('',(0.,0.,-1.));
#5896=DIRECTION('',(-1.,0.,0.));
#5897=DIRECTION('',(1.,0.,0.));
#5898=DIRECTION('',(0.,0.,-1.));
#5899=DIRECTION('',(1.,0.,0.));
#5900=DIRECTION('',(0.,0.,-1.));
#5901=DIRECTION('',(0.,-0.664343380438278,0.747427503419456));
#5902=DIRECTION('',(0.,-0.747427503419456,-0.664343380438278));
#5903=DIRECTION('',(1.,0.,0.));
#5904=DIRECTION('',(0.,0.,-1.));
#5905=DIRECTION('',(0.,-0.442240316578282,-0.896896595150601));
#5906=DIRECTION('',(0.,0.896896595150601,-0.442240316578282));
#5907=DIRECTION('',(1.,0.,0.));
#5908=DIRECTION('',(0.,0.,-1.));
#5909=DIRECTION('',(1.,0.,0.));
#5910=DIRECTION('',(0.,0.,-1.));
#5911=DIRECTION('',(1.,0.,0.));
#5912=DIRECTION('',(0.,0.,-1.));
#5913=DIRECTION('',(1.,0.,0.));
#5914=DIRECTION('',(0.,0.,-1.));
#5915=DIRECTION('',(1.,0.,0.));
#5916=DIRECTION('',(0.,0.,-1.));
#5917=DIRECTION('',(1.,0.,0.));
#5918=DIRECTION('',(0.,0.,-1.));
#5919=DIRECTION('',(1.,0.,0.));
#5920=DIRECTION('',(0.,0.,-1.));
#5921=DIRECTION('',(1.,0.,0.));
#5922=DIRECTION('',(0.,0.,-1.));
#5923=DIRECTION('',(1.,0.,0.));
#5924=DIRECTION('',(0.,0.,-1.));
#5925=DIRECTION('',(1.,0.,0.));
#5926=DIRECTION('',(0.,0.,-1.));
#5927=DIRECTION('',(1.,0.,0.));
#5928=DIRECTION('',(0.,0.,-1.));
#5929=DIRECTION('',(1.,0.,0.));
#5930=DIRECTION('',(0.,0.,-1.));
#5931=DIRECTION('',(1.,0.,0.));
#5932=DIRECTION('',(0.,0.,-1.));
#5933=DIRECTION('',(1.,0.,0.));
#5934=DIRECTION('',(0.,0.,-1.));
#5935=DIRECTION('',(1.,0.,0.));
#5936=DIRECTION('',(0.,0.,-1.));
#5937=DIRECTION('',(1.,0.,0.));
#5938=DIRECTION('',(0.,0.,-1.));
#5939=DIRECTION('',(1.,0.,0.));
#5940=DIRECTION('',(0.,0.,-1.));
#5941=DIRECTION('',(1.,0.,0.));
#5942=DIRECTION('',(0.,0.,-1.));
#5943=DIRECTION('',(1.,0.,0.));
#5944=DIRECTION('',(0.,0.,-1.));
#5945=DIRECTION('',(1.,0.,0.));
#5946=DIRECTION('',(0.,0.,-1.));
#5947=DIRECTION('',(1.,0.,0.));
#5948=DIRECTION('',(0.,0.,-1.));
#5949=DIRECTION('',(1.,0.,0.));
#5950=DIRECTION('',(0.,0.,-1.));
#5951=DIRECTION('',(1.,0.,0.));
#5952=DIRECTION('',(0.,0.,-1.));
#5953=DIRECTION('',(1.,0.,0.));
#5954=DIRECTION('',(0.,0.,-1.));
#5955=DIRECTION('',(1.,0.,0.));
#5956=DIRECTION('',(0.,0.,-1.));
#5957=DIRECTION('',(1.,0.,0.));
#5958=DIRECTION('',(0.,0.,-1.));
#5959=DIRECTION('',(1.,0.,0.));
#5960=DIRECTION('',(0.,0.,-1.));
#5961=DIRECTION('',(1.,0.,0.));
#5962=DIRECTION('',(0.,0.,-1.));
#5963=DIRECTION('',(1.,0.,0.));
#5964=DIRECTION('',(0.,0.,-1.));
#5965=DIRECTION('',(1.,0.,0.));
#5966=DIRECTION('',(0.,0.,-1.));
#5967=DIRECTION('',(1.,0.,0.));
#5968=DIRECTION('',(0.,0.,-1.));
#5969=DIRECTION('',(1.,0.,0.));
#5970=DIRECTION('',(0.,0.,-1.));
#5971=DIRECTION('',(1.,0.,0.));
#5972=DIRECTION('',(0.,0.,-1.));
#5973=DIRECTION('',(1.,0.,0.));
#5974=DIRECTION('',(0.,0.,-1.));
#5975=DIRECTION('',(1.,0.,0.));
#5976=DIRECTION('',(0.,0.,-1.));
#5977=DIRECTION('',(1.,0.,0.));
#5978=DIRECTION('',(0.,0.,-1.));
#5979=DIRECTION('',(1.,0.,0.));
#5980=DIRECTION('',(0.,0.,-1.));
#5981=DIRECTION('',(1.,0.,0.));
#5982=DIRECTION('',(0.,0.,-1.));
#5983=DIRECTION('',(1.,0.,0.));
#5984=DIRECTION('',(0.,0.,-1.));
#5985=DIRECTION('',(1.,0.,0.));
#5986=DIRECTION('',(0.,0.,-1.));
#5987=DIRECTION('',(1.,0.,0.));
#5988=DIRECTION('',(0.,0.,-1.));
#5989=DIRECTION('',(1.,0.,0.));
#5990=DIRECTION('',(0.,0.,-1.));
#5991=DIRECTION('',(1.,0.,0.));
#5992=DIRECTION('',(0.,0.,-1.));
#5993=DIRECTION('',(1.,0.,0.));
#5994=DIRECTION('',(0.,0.,-1.));
#5995=DIRECTION('',(1.,0.,0.));
#5996=DIRECTION('',(0.,0.,-1.));
#5997=DIRECTION('',(1.,0.,0.));
#5998=DIRECTION('',(0.,0.,-1.));
#5999=DIRECTION('',(1.,0.,0.));
#6000=DIRECTION('',(0.,0.,-1.));
#6001=DIRECTION('',(1.,0.,0.));
#6002=DIRECTION('',(0.,0.,-1.));
#6003=DIRECTION('',(1.,0.,0.));
#6004=DIRECTION('',(0.,0.,-1.));
#6005=DIRECTION('',(1.,0.,0.));
#6006=DIRECTION('',(0.,0.,-1.));
#6007=DIRECTION('',(1.,0.,0.));
#6008=DIRECTION('',(0.,0.,-1.));
#6009=DIRECTION('',(1.,0.,0.));
#6010=DIRECTION('',(0.,0.,-1.));
#6011=DIRECTION('',(1.,0.,0.));
#6012=DIRECTION('',(0.,0.,-1.));
#6013=DIRECTION('',(1.,0.,0.));
#6014=DIRECTION('',(0.,0.,-1.));
#6015=DIRECTION('',(1.,0.,0.));
#6016=DIRECTION('',(0.,0.,-1.));
#6017=DIRECTION('',(1.,0.,0.));
#6018=DIRECTION('',(0.,0.,-1.));
#6019=DIRECTION('',(1.,0.,0.));
#6020=DIRECTION('',(0.,0.,-1.));
#6021=DIRECTION('',(1.,0.,0.));
#6022=DIRECTION('',(0.,0.,-1.));
#6023=DIRECTION('',(1.,0.,0.));
#6024=DIRECTION('',(0.,0.,-1.));
#6025=DIRECTION('',(1.,0.,0.));
#6026=DIRECTION('',(0.,0.,-1.));
#6027=DIRECTION('',(1.,0.,0.));
#6028=DIRECTION('',(0.,0.,-1.));
#6029=DIRECTION('',(1.,0.,0.));
#6030=DIRECTION('',(0.,0.,-1.));
#6031=DIRECTION('',(1.,0.,0.));
#6032=DIRECTION('',(0.,0.,-1.));
#6033=DIRECTION('',(-1.,0.,0.));
#6034=DIRECTION('',(0.,0.,1.));
#6035=DIRECTION('',(-1.,0.,0.));
#6036=DIRECTION('',(0.,0.,1.));
#6037=DIRECTION('',(0.,-0.656397961974171,-0.754414816606988));
#6038=DIRECTION('',(0.,0.754414816606988,-0.656397961974171));
#6039=DIRECTION('',(1.,0.,0.));
#6040=DIRECTION('',(0.,0.,-1.));
#6041=DIRECTION('',(-1.,0.,0.));
#6042=DIRECTION('',(0.,0.,1.));
#6043=DIRECTION('',(-1.,0.,0.));
#6044=DIRECTION('',(0.985034858688035,-0.172355235398995,0.));
#6045=DIRECTION('',(-0.172355235398995,-0.985034858688035,0.));
#6046=DIRECTION('',(-1.,0.,0.));
#6047=DIRECTION('',(-1.,0.,0.));
#6048=DIRECTION('',(0.,0.,1.));
#6049=DIRECTION('',(-1.,0.,0.));
#6050=DIRECTION('',(0.985034858688035,-0.172355235398995,0.));
#6051=DIRECTION('',(-0.172355235398995,-0.985034858688035,0.));
#6052=DIRECTION('',(-1.,0.,0.));
#6053=DIRECTION('',(-1.,0.,0.));
#6054=DIRECTION('',(-1.,0.,0.));
#6055=DIRECTION('',(0.,0.,1.));
#6056=DIRECTION('',(-1.,0.,0.));
#6057=DIRECTION('',(-1.,0.,0.));
#6058=DIRECTION('',(0.,0.,1.));
#6059=DIRECTION('',(-1.,0.,0.));
#6060=DIRECTION('',(0.,0.,1.));
#6061=DIRECTION('',(-1.,0.,0.));
#6062=DIRECTION('',(0.,0.,1.));
#6063=DIRECTION('',(-1.,0.,0.));
#6064=DIRECTION('',(0.,0.,1.));
#6065=DIRECTION('',(1.,0.,0.));
#6066=DIRECTION('',(0.,0.,-1.));
#6067=DIRECTION('',(1.,0.,0.));
#6068=DIRECTION('',(0.,0.,-1.));
#6069=DIRECTION('',(0.70281302704462,0.711374619322603,0.));
#6070=DIRECTION('',(1.,0.,0.));
#6071=DIRECTION('',(0.,0.,-1.));
#6072=DIRECTION('',(1.,0.,0.));
#6073=DIRECTION('',(0.,0.,-1.));
#6074=DIRECTION('',(-0.702813027033581,-0.711374619333509,0.));
#6075=DIRECTION('',(1.,0.,0.));
#6076=DIRECTION('',(0.,0.,-1.));
#6077=DIRECTION('',(1.,0.,0.));
#6078=DIRECTION('',(0.,0.,-1.));
#6079=DIRECTION('',(-1.,0.,0.));
#6080=DIRECTION('',(0.,0.,1.));
#6081=DIRECTION('',(0.,0.65639796197417,-0.754414816606989));
#6082=DIRECTION('',(0.,0.754414816606989,0.65639796197417));
#6083=DIRECTION('',(-0.707106781186548,-0.707106781186548,1.78581400333511E-16));
#6084=DIRECTION('',(-0.707106781186548,0.707106781186548,-1.78581400333511E-16));
#6085=DIRECTION('',(0.707106781186541,-0.707106781186555,0.));
#6086=DIRECTION('',(0.,0.,-1.));
#6087=DIRECTION('',(-0.707106781186541,0.707106781186555,0.));
#6088=DIRECTION('',(0.,-2.52552238339231E-16,-1.));
#6089=DIRECTION('',(0.,-2.52552238339231E-16,-1.));
#6090=DIRECTION('',(0.,-2.52552238339231E-16,-1.));
#6091=DIRECTION('',(1.,0.,0.));
#6092=DIRECTION('',(0.,0.,-1.));
#6093=DIRECTION('',(1.,0.,0.));
#6094=DIRECTION('',(0.,0.,-1.));
#6095=DIRECTION('',(0.,1.,0.));
#6096=DIRECTION('',(0.,0.,-1.));
#6097=DIRECTION('',(1.,0.,0.));
#6098=DIRECTION('',(0.,0.,-1.));
#6099=DIRECTION('',(0.,0.,-1.));
#6100=DIRECTION('',(0.,1.,0.));
#6101=DIRECTION('',(1.,0.,0.));
#6102=DIRECTION('',(0.,0.,-1.));
#6103=DIRECTION('',(0.,-2.52552238339231E-16,-1.));
#6104=DIRECTION('',(0.,1.,-2.52552238339231E-16));
#6105=DIRECTION('',(0.,-2.52552238339231E-16,-1.));
#6106=DIRECTION('',(0.,1.,-2.52552238339231E-16));
#6107=DIRECTION('',(0.,-2.52552238339231E-16,-1.));
#6108=DIRECTION('',(0.,1.,-2.52552238339231E-16));
#6109=DIRECTION('',(0.,-2.52552238339231E-16,-1.));
#6110=DIRECTION('',(0.,1.,-2.52552238339231E-16));
#6111=DIRECTION('',(1.,0.,0.));
#6112=DIRECTION('',(0.,0.,-1.));
#6113=DIRECTION('',(0.,0.608157364198474,0.793816490362328));
#6114=DIRECTION('',(0.,-0.793816490362328,0.608157364198474));
#6115=DIRECTION('',(1.,0.,0.));
#6116=DIRECTION('',(0.,0.,-1.));
#6117=DIRECTION('',(0.,-0.608157364198472,0.79381649036233));
#6118=DIRECTION('',(0.,-0.79381649036233,-0.608157364198472));
#6119=DIRECTION('',(-1.,0.,0.));
#6120=DIRECTION('',(0.,0.,1.));
#6121=DIRECTION('',(-1.,0.,0.));
#6122=DIRECTION('',(0.,0.,1.));
#6123=DIRECTION('',(-1.,0.,0.));
#6124=DIRECTION('',(0.,0.,1.));
#6125=DIRECTION('',(-1.,0.,0.));
#6126=DIRECTION('',(0.,0.,1.));
#6127=DIRECTION('',(1.,0.,0.));
#6128=DIRECTION('',(0.,0.,-1.));
#6129=DIRECTION('',(0.,0.664343380438278,0.747427503419456));
#6130=DIRECTION('',(0.,-0.747427503419456,0.664343380438278));
#6131=DIRECTION('',(1.,0.,0.));
#6132=DIRECTION('',(0.,0.,-1.));
#6133=DIRECTION('',(0.,0.,-1.));
#6134=DIRECTION('',(-1.,0.,0.));
#6135=DIRECTION('',(0.,0.,-1.));
#6136=DIRECTION('',(-1.,0.,0.));
#6137=DIRECTION('',(0.,0.,-1.));
#6138=DIRECTION('',(0.,0.,-1.));
#6139=DIRECTION('',(0.,0.,-1.));
#6140=DIRECTION('',(0.,0.,-1.));
#6141=DIRECTION('',(-1.,0.,0.));
#6142=DIRECTION('',(0.,0.,-1.));
#6143=DIRECTION('',(0.,0.,1.));
#6144=DIRECTION('',(1.,0.,0.));
#6145=DIRECTION('',(0.,0.,1.));
#6146=DIRECTION('',(1.,0.,0.));
#6147=DIRECTION('',(0.,0.,1.));
#6148=DIRECTION('',(1.,0.,0.));
#6149=DIRECTION('',(1.,0.,0.));
#6150=DIRECTION('',(0.,0.,1.));
#6151=DIRECTION('',(1.,0.,0.));
#6152=DIRECTION('',(0.,0.,1.));
#6153=DIRECTION('',(1.,0.,0.));
#6154=DIRECTION('',(0.,0.,1.));
#6155=DIRECTION('',(1.,0.,0.));
#6156=DIRECTION('',(1.,0.,0.));
#6157=DIRECTION('',(0.,0.,1.));
#6158=DIRECTION('',(1.,0.,0.));
#6159=DIRECTION('',(1.,0.,0.));
#6160=DIRECTION('',(0.,0.,-1.));
#6161=DIRECTION('',(0.,0.,-1.));
#6162=DIRECTION('',(0.,-0.863835505204395,0.503773977045527));
#6163=DIRECTION('',(1.,0.,0.));
#6164=DIRECTION('',(0.,0.,-1.));
#6165=DIRECTION('',(0.,0.863835505204395,0.503773977045527));
#6166=DIRECTION('',(0.,0.5,0.866025403784438));
#6167=DIRECTION('',(0.,1.,0.));
#6168=DIRECTION('',(0.,0.5,-0.866025403784438));
#6169=DIRECTION('',(0.,-0.5,-0.866025403784439));
#6170=DIRECTION('',(0.,-1.,0.));
#6171=DIRECTION('',(0.,-0.5,0.866025403784438));
#6172=DIRECTION('',(0.,0.5,-0.866025403784438));
#6173=DIRECTION('',(0.,-0.5,-0.866025403784438));
#6174=DIRECTION('',(0.,-1.,0.));
#6175=DIRECTION('',(0.,-0.5,0.866025403784439));
#6176=DIRECTION('',(0.,0.5,0.866025403784438));
#6177=DIRECTION('',(0.,1.,0.));
#6178=DIRECTION('',(0.,-0.5,0.866025403784438));
#6179=DIRECTION('',(0.,0.5,0.866025403784438));
#6180=DIRECTION('',(0.,1.,0.));
#6181=DIRECTION('',(0.,0.5,-0.866025403784439));
#6182=DIRECTION('',(0.,-0.5,-0.866025403784438));
#6183=DIRECTION('',(0.,-1.,0.));
#6184=DIRECTION('',(0.,-0.5,-0.866025403784438));
#6185=DIRECTION('',(0.,-1.,0.));
#6186=DIRECTION('',(0.,-0.5,0.866025403784438));
#6187=DIRECTION('',(0.,0.5,0.866025403784439));
#6188=DIRECTION('',(0.,1.,0.));
#6189=DIRECTION('',(0.,0.5,-0.866025403784438));
#6190=DIRECTION('',(1.,0.,0.));
#6191=DIRECTION('',(0.,0.,-1.));
#6192=DIRECTION('',(1.,0.,0.));
#6193=DIRECTION('',(1.,0.,0.));
#6194=DIRECTION('',(1.,0.,0.));
#6195=DIRECTION('',(0.,0.,-1.));
#6196=DIRECTION('',(1.,0.,0.));
#6197=DIRECTION('',(0.,0.,-1.));
#6198=DIRECTION('',(0.,0.,-1.));
#6199=DIRECTION('',(0.,1.,0.));
#6200=DIRECTION('',(0.,-1.,0.));
#6201=DIRECTION('',(0.,0.,-1.));
#6202=DIRECTION('',(0.,0.984807753012208,-0.173648177666932));
#6203=DIRECTION('',(1.,0.,0.));
#6204=DIRECTION('',(0.,0.,-1.));
#6205=DIRECTION('',(1.,0.,0.));
#6206=DIRECTION('',(0.,0.,-1.));
#6207=DIRECTION('',(1.,0.,0.));
#6208=DIRECTION('',(0.,0.,-1.));
#6209=DIRECTION('',(0.,0.984807753012208,0.17364817766693));
#6210=DIRECTION('',(0.,-0.984807753012208,0.173648177666932));
#6211=DIRECTION('',(1.,0.,0.));
#6212=DIRECTION('',(0.,0.,-1.));
#6213=DIRECTION('',(1.,0.,0.));
#6214=DIRECTION('',(0.,0.,-1.));
#6215=DIRECTION('',(1.,0.,0.));
#6216=DIRECTION('',(0.,0.,-1.));
#6217=DIRECTION('',(0.,-0.984807753012208,-0.17364817766693));
#6218=DIRECTION('',(1.,0.,0.));
#6219=DIRECTION('',(0.,0.,-1.));
#6220=DIRECTION('',(1.,0.,0.));
#6221=DIRECTION('',(0.,0.,-1.));
#6222=DIRECTION('',(1.,0.,0.));
#6223=DIRECTION('',(1.,0.,0.));
#6224=DIRECTION('',(0.,0.,-1.));
#6225=DIRECTION('',(-0.89212245253583,-0.444929919254802,0.0784531492890606));
#6226=DIRECTION('',(0.285714285714336,-0.690122215168008,-0.664905012065895));
#6227=DIRECTION('',(-1.,0.,0.));
#6228=DIRECTION('',(0.,0.,1.));
#6229=DIRECTION('',(0.,0.984807753012208,-0.173648177666929));
#6230=DIRECTION('',(0.,0.,1.));
#6231=DIRECTION('',(0.,0.984807753012208,0.17364817766693));
#6232=DIRECTION('',(0.,-0.984807753012208,0.173648177666929));
#6233=DIRECTION('',(0.,0.,-1.));
#6234=DIRECTION('',(0.,-0.984807753012208,-0.17364817766693));
#6235=DIRECTION('',(0.,0.17364817766693,0.984807753012208));
#6236=DIRECTION('',(0.,-0.984807753012208,0.17364817766693));
#6237=DIRECTION('',(0.,-0.984807753012208,0.17364817766693));
#6238=DIRECTION('',(1.,0.,0.));
#6239=DIRECTION('',(0.,-0.984807753012208,0.17364817766693));
#6240=DIRECTION('',(0.,0.,-1.));
#6241=DIRECTION('',(-1.,0.,0.));
#6242=DIRECTION('',(0.,0.,-1.));
#6243=DIRECTION('',(-1.,0.,0.));
#6244=DIRECTION('',(0.,0.,-1.));
#6245=DIRECTION('',(-1.,0.,0.));
#6246=DIRECTION('',(0.,-1.,0.));
#6247=DIRECTION('',(0.,0.,-1.));
#6248=DIRECTION('',(0.,0.,-1.));
#6249=DIRECTION('',(1.,0.,0.));
#6250=DIRECTION('',(1.,0.,0.));
#6251=DIRECTION('',(0.,0.,-1.));
#6252=DIRECTION('',(-1.,0.,0.));
#6253=DIRECTION('',(0.,0.,-1.));
#6254=DIRECTION('',(-1.,0.,0.));
#6255=DIRECTION('',(0.0871557427476583,0.86272991566282,-0.498097349045873));
#6256=DIRECTION('',(1.38777878078145E-17,0.5,0.866025403784438));
#6257=DIRECTION('',(0.994935885120892,-0.100511613750393,-6.01686143000435E-18));
#6258=DIRECTION('',(2.52308994626052E-17,-0.5,-0.866025403784438));
#6259=DIRECTION('',(0.994935885120892,-0.0502558068751962,0.0870456108832093));
#6260=DIRECTION('',(0.0871557427476583,0.86272991566282,0.498097349045874));
#6261=DIRECTION('',(0.,-0.5,0.866025403784438));
#6262=DIRECTION('',(0.994935885120892,-0.0502558068751961,-0.0870456108832093));
#6263=DIRECTION('',(4.45796838142524E-16,0.5,-0.866025403784438));
#6264=DIRECTION('',(0.0871557427476584,0.,0.996194698091746));
#6265=DIRECTION('',(0.996194698091746,0.,-0.0871557427476584));
#6266=DIRECTION('',(0.994935885120892,0.0502558068751963,-0.0870456108832093));
#6267=DIRECTION('',(0.,1.,0.));
#6268=DIRECTION('',(0.0871557427476584,-0.862729915662821,0.498097349045873));
#6269=DIRECTION('',(0.,-0.5,-0.866025403784439));
#6270=DIRECTION('',(0.994935885120892,0.100511613750393,1.02570347580106E-16));
#6271=DIRECTION('',(3.39249391199358E-16,0.5,0.866025403784439));
#6272=DIRECTION('',(0.0871557427476584,-0.86272991566282,-0.498097349045874));
#6273=DIRECTION('',(0.,0.5,-0.866025403784438));
#6274=DIRECTION('',(0.994935885120892,0.0502558068751963,0.0870456108832093));
#6275=DIRECTION('',(4.20565938679919E-16,-0.5,0.866025403784438));
#6276=DIRECTION('',(0.0871557427476584,0.,-0.996194698091746));
#6277=DIRECTION('',(-0.996194698091746,0.,-0.0871557427476584));
#6278=DIRECTION('',(0.,-1.,0.));
#6279=DIRECTION('',(-1.,0.,0.));
#6280=DIRECTION('',(0.,0.,1.));
#6281=DIRECTION('',(0.,-0.5,-0.866025403784438));
#6282=DIRECTION('',(0.,0.5,-0.866025403784438));
#6283=DIRECTION('',(0.,1.,0.));
#6284=DIRECTION('',(0.,0.5,0.866025403784438));
#6285=DIRECTION('',(0.,-0.5,0.866025403784438));
#6286=DIRECTION('',(0.,1.,0.));
#6287=DIRECTION('',(0.,0.,-1.));
#6288=DIRECTION('',(-1.,0.,0.));
#6289=DIRECTION('',(0.,0.,-1.));
#6290=DIRECTION('',(0.,0.,-1.));
#6291=DIRECTION('',(-1.,0.,0.));
#6292=DIRECTION('',(0.,0.,-1.));
#6293=DIRECTION('',(0.,0.,-1.));
#6294=DIRECTION('',(-1.,0.,0.));
#6295=DIRECTION('',(0.,-8.60193459162053E-16,-1.));
#6296=DIRECTION('',(0.,0.,-1.));
#6297=DIRECTION('',(-1.,0.,0.));
#6298=DIRECTION('',(0.,0.,-1.));
#6299=DIRECTION('',(0.,0.,-1.));
#6300=DIRECTION('',(-1.,0.,0.));
#6301=DIRECTION('',(0.,0.,1.));
#6302=DIRECTION('',(1.,0.,0.));
#6303=DIRECTION('',(0.,0.,1.));
#6304=DIRECTION('',(1.,0.,0.));
#6305=DIRECTION('',(0.,0.,1.));
#6306=DIRECTION('',(1.,0.,0.));
#6307=DIRECTION('',(-3.08305327993825E-32,-1.,8.60193459162053E-16));
#6308=DIRECTION('',(0.,-8.60193459162053E-16,-1.));
#6309=DIRECTION('',(1.,-3.08305327993825E-32,2.65202226565099E-47));
#6310=DIRECTION('',(-1.,3.08305327993825E-32,0.));
#6311=DIRECTION('',(3.10062709370302E-15,0.870373746845781,-0.492391653870814));
#6312=DIRECTION('',(-0.166666666666944,0.485504718138661,0.858200087909125));
#6313=DIRECTION('',(0.,0.984807753012208,-0.17364817766693));
#6314=DIRECTION('',(0.,0.17364817766693,0.984807753012208));
#6315=DIRECTION('',(0.,0.984807753012208,-0.17364817766693));
#6316=DIRECTION('',(0.,0.17364817766693,0.984807753012208));
#6317=DIRECTION('',(-7.08327662742119E-6,0.173647404076082,0.98480788939136));
#6318=DIRECTION('',(0.,-0.984807889416065,0.173647404080437));
#6319=DIRECTION('',(0.000363774755549058,0.173340495886487,0.984861888872625));
#6320=DIRECTION('',(0.,-0.984861954037039,0.173340507355741));
#6321=DIRECTION('',(1.,0.,0.));
#6322=DIRECTION('',(0.,0.,-1.));
#6323=DIRECTION('',(1.,0.,0.));
#6324=DIRECTION('',(0.,0.,-1.));
#6325=DIRECTION('',(0.,0.684971687850497,0.728569685646638));
#6326=DIRECTION('',(0.,-0.728569685646638,0.684971687850497));
#6327=DIRECTION('',(0.,-0.684971687850497,0.728569685646639));
#6328=DIRECTION('',(0.,-0.728569685646639,-0.684971687850497));
#6329=DIRECTION('',(-0.000155665064119262,0.173448237467743,0.984842974634902));
#6330=DIRECTION('',(0.,-0.984842986567068,0.173448239569207));
#6331=DIRECTION('',(1.,0.,0.));
#6332=DIRECTION('',(0.,0.,-1.));
#6333=DIRECTION('',(0.,0.984807753012208,-0.17364817766693));
#6334=DIRECTION('',(0.,0.17364817766693,0.984807753012208));
#6335=DIRECTION('',(-3.04760063752177E-7,0.17364812822892,0.984807761729415));
#6336=DIRECTION('',(0.,-0.984807761729461,0.173648128228928));
#6337=DIRECTION('',(0.,0.984807753012208,-0.17364817766693));
#6338=DIRECTION('',(0.,0.17364817766693,0.984807753012208));
#6339=DIRECTION('',(0.,0.,1.));
#6340=DIRECTION('',(1.,0.,0.));
#6341=DIRECTION('',(-1.,3.08305327993825E-32,0.));
#6342=DIRECTION('',(-3.08305327993825E-32,-1.,0.));
#6343=DIRECTION('',(-1.,3.08305327993825E-32,0.));
#6344=DIRECTION('',(-3.08305327993825E-32,-1.,0.));
#6345=DIRECTION('',(1.,3.82856869892695E-16,0.));
#6346=DIRECTION('',(-3.82856869892695E-16,1.,0.));
#6347=DIRECTION('',(0.,0.,1.));
#6348=DIRECTION('',(1.,0.,0.));
#6349=DIRECTION('',(0.071699256738718,-0.997426296316232,0.));
#6350=DIRECTION('',(0.997426296316232,0.071699256738718,0.));
#6351=DIRECTION('',(0.,0.,1.));
#6352=DIRECTION('',(1.,0.,0.));
#6353=DIRECTION('',(-0.21212121212121,0.977243363430128,0.));
#6354=DIRECTION('',(-0.977243363430128,-0.21212121212121,0.));
#6355=DIRECTION('',(0.,0.,1.));
#6356=DIRECTION('',(1.,0.,0.));
#6357=DIRECTION('',(-1.,0.,0.));
#6358=DIRECTION('',(0.,0.,1.));
#6359=DIRECTION('',(-1.,0.,0.));
#6360=DIRECTION('',(0.,0.,1.));
#6361=DIRECTION('',(1.,3.82856869892695E-16,0.));
#6362=DIRECTION('',(-3.82856869892695E-16,1.,0.));
#6363=DIRECTION('',(0.,0.,1.));
#6364=DIRECTION('',(1.,0.,0.));
#6365=DIRECTION('',(0.202820180044082,-0.979215999954497,0.));
#6366=DIRECTION('',(0.979215999954497,0.202820180044082,0.));
#6367=DIRECTION('',(0.,0.,1.));
#6368=DIRECTION('',(1.,0.,0.));
#6369=DIRECTION('',(0.131050851293182,-0.991375647459293,0.));
#6370=DIRECTION('',(0.991375647459293,0.131050851293182,0.));
#6371=DIRECTION('',(0.,0.,-1.));
#6372=DIRECTION('',(1.,0.,0.));
#6373=DIRECTION('',(0.,0.,-1.));
#6374=DIRECTION('',(-1.,0.,0.));
#6375=DIRECTION('',(0.,0.,-1.));
#6376=DIRECTION('',(-1.,0.,0.));
#6377=DIRECTION('',(-1.,0.,0.));
#6378=DIRECTION('',(0.,0.,-1.));
#6379=DIRECTION('',(-1.,0.,0.));
#6380=DIRECTION('',(0.,0.,-1.));
#6381=DIRECTION('',(-1.,0.,0.));
#6382=DIRECTION('',(0.,0.,-1.));
#6383=DIRECTION('',(-1.,0.,0.));
#6384=DIRECTION('',(-1.,3.08305327993825E-32,0.));
#6385=DIRECTION('',(0.,0.,-1.));
#6386=DIRECTION('',(-1.,0.,0.));
#6387=DIRECTION('',(0.,0.,1.));
#6388=DIRECTION('',(-1.,0.,0.));
#6389=DIRECTION('',(0.,0.,1.));
#6390=DIRECTION('',(0.,0.,-1.));
#6391=DIRECTION('',(-1.,0.,0.));
#6392=DIRECTION('',(0.,-1.,0.));
#6393=DIRECTION('',(0.,0.,1.));
#6394=DIRECTION('',(1.,0.,0.));
#6395=DIRECTION('',(-1.,0.,0.));
#6396=DIRECTION('',(0.,0.17364817766693,-0.984807753012208));
#6397=DIRECTION('',(0.,-0.984807753012208,-0.17364817766693));
#6398=DIRECTION('',(1.,0.,0.));
#6399=DIRECTION('',(0.,0.984807753012208,0.17364817766693));
#6400=DIRECTION('',(1.,0.,0.));
#6401=DIRECTION('',(0.,0.984807753012208,0.17364817766693));
#6402=DIRECTION('',(0.892122452535865,0.444929919254734,0.078453149289046));
#6403=DIRECTION('',(0.102585456571824,-0.368602718204501,0.923909227268677));
#6404=DIRECTION('',(1.,0.,0.));
#6405=DIRECTION('',(0.,0.,-1.));
#6406=DIRECTION('',(1.,0.,0.));
#6407=DIRECTION('',(0.,0.,1.));
#6408=DIRECTION('',(1.,0.,0.));
#6409=DIRECTION('',(1.,0.,0.));
#6410=DIRECTION('',(0.,0.,-1.));
#6411=DIRECTION('',(1.,0.,0.));
#6412=DIRECTION('',(0.,0.,1.));
#6413=DIRECTION('',(1.,0.,0.));
#6414=DIRECTION('',(0.,0.,-1.));
#6415=DIRECTION('',(1.,0.,0.));
#6416=DIRECTION('',(0.0871557427476583,0.86272991566282,0.498097349045873));
#6417=DIRECTION('',(1.38777878078145E-17,0.5,-0.866025403784438));
#6418=DIRECTION('',(0.994935885120892,-0.0502558068751962,-0.0870456108832093));
#6419=DIRECTION('',(3.68639018674754E-16,0.5,-0.866025403784438));
#6420=DIRECTION('',(0.994935885120892,-0.100511613750393,-6.01686143000437E-18));
#6421=DIRECTION('',(0.0871557427476583,0.86272991566282,-0.498097349045874));
#6422=DIRECTION('',(0.,-0.5,-0.866025403784438));
#6423=DIRECTION('',(-2.17393984369531E-16,-0.5,-0.866025403784438));
#6424=DIRECTION('',(0.994935885120892,-0.0502558068751961,0.0870456108832093));
#6425=DIRECTION('',(0.0871557427476584,0.,-0.996194698091746));
#6426=DIRECTION('',(0.996194698091746,0.,0.0871557427476584));
#6427=DIRECTION('',(0.,-1.,0.));
#6428=DIRECTION('',(0.994935885120892,0.0502558068751963,0.0870456108832093));
#6429=DIRECTION('',(0.0871557427476584,-0.862729915662821,-0.498097349045873));
#6430=DIRECTION('',(0.,-0.5,0.866025403784439));
#6431=DIRECTION('',(-2.74949949274017E-16,-0.5,0.866025403784439));
#6432=DIRECTION('',(0.994935885120892,0.100511613750393,-1.04555706106436E-16));
#6433=DIRECTION('',(0.0871557427476584,-0.86272991566282,0.498097349045874));
#6434=DIRECTION('',(0.,0.5,0.866025403784438));
#6435=DIRECTION('',(-2.89858645826041E-16,0.5,0.866025403784438));
#6436=DIRECTION('',(0.994935885120892,0.0502558068751963,-0.0870456108832093));
#6437=DIRECTION('',(0.0871557427476584,0.,0.996194698091746));
#6438=DIRECTION('',(-0.996194698091746,0.,0.0871557427476584));
#6439=DIRECTION('',(0.,1.,0.));
#6440=DIRECTION('',(-1.,0.,0.));
#6441=DIRECTION('',(0.,0.,-1.));
#6442=DIRECTION('',(0.,0.5,0.866025403784438));
#6443=DIRECTION('',(0.,-0.5,0.866025403784438));
#6444=DIRECTION('',(0.,-1.,0.));
#6445=DIRECTION('',(0.,-0.5,-0.866025403784438));
#6446=DIRECTION('',(0.,0.5,-0.866025403784439));
#6447=DIRECTION('',(0.,-1.,0.));
#6448=DIRECTION('',(-5.11133678476662E-15,-0.870373746845695,-0.492391653870967));
#6449=DIRECTION('',(-1.,3.4694469519536E-15,3.4694469519536E-15));
#6450=DIRECTION('',(0.,0.984807753012208,0.17364817766693));
#6451=DIRECTION('',(0.,-0.17364817766693,0.984807753012208));
#6452=DIRECTION('',(0.,0.984807753012208,0.17364817766693));
#6453=DIRECTION('',(0.,0.17364817766693,-0.984807753012208));
#6454=DIRECTION('',(7.08327662833312E-6,-0.173647404076082,0.98480788939136));
#6455=DIRECTION('',(0.,-0.984807889416065,-0.173647404080437));
#6456=DIRECTION('',(-0.000363774755519273,-0.173340495886503,0.984861888872621));
#6457=DIRECTION('',(0.,-0.984861954037036,-0.173340507355759));
#6458=DIRECTION('',(1.,0.,0.));
#6459=DIRECTION('',(0.,0.,1.));
#6460=DIRECTION('',(1.,0.,0.));
#6461=DIRECTION('',(0.,0.,1.));
#6462=DIRECTION('',(0.,0.684971687850497,-0.728569685646639));
#6463=DIRECTION('',(0.,0.728569685646639,0.684971687850497));
#6464=DIRECTION('',(0.,-0.684971687850497,-0.728569685646639));
#6465=DIRECTION('',(0.,0.728569685646639,-0.684971687850497));
#6466=DIRECTION('',(0.000155665060780819,-0.173448237471053,0.984842974634319));
#6467=DIRECTION('',(0.,-0.984842986566485,-0.173448239572518));
#6468=DIRECTION('',(1.,0.,0.));
#6469=DIRECTION('',(0.,0.,1.));
#6470=DIRECTION('',(0.,0.984807753012208,0.173648177666931));
#6471=DIRECTION('',(0.,-0.173648177666931,0.984807753012208));
#6472=DIRECTION('',(3.0476007693261E-7,-0.173648128228918,0.984807761729415));
#6473=DIRECTION('',(0.,-0.984807761729461,-0.173648128228926));
#6474=DIRECTION('',(0.,0.984807753012208,0.17364817766693));
#6475=DIRECTION('',(0.,0.17364817766693,-0.984807753012208));
#6476=DIRECTION('',(0.,0.,-1.));
#6477=DIRECTION('',(1.,0.,0.));
#6478=DIRECTION('',(1.,-3.82856869892695E-16,0.));
#6479=DIRECTION('',(3.82856869892695E-16,1.,0.));
#6480=DIRECTION('',(-1.,3.08305327993825E-32,0.));
#6481=DIRECTION('',(-3.08305327993825E-32,-1.,0.));
#6482=DIRECTION('',(-1.,3.08305327993825E-32,0.));
#6483=DIRECTION('',(-3.08305327993825E-32,-1.,0.));
#6484=DIRECTION('',(0.,0.,-1.));
#6485=DIRECTION('',(1.,0.,0.));
#6486=DIRECTION('',(-0.0716992567387179,0.997426296316232,0.));
#6487=DIRECTION('',(-0.997426296316232,-0.0716992567387179,0.));
#6488=DIRECTION('',(0.,0.,-1.));
#6489=DIRECTION('',(1.,0.,0.));
#6490=DIRECTION('',(-0.212121212121213,0.977243363430127,0.));
#6491=DIRECTION('',(-0.977243363430127,-0.212121212121213,0.));
#6492=DIRECTION('',(0.,0.,-1.));
#6493=DIRECTION('',(1.,0.,0.));
#6494=DIRECTION('',(-1.,-1.83697019872103E-16,0.));
#6495=DIRECTION('',(1.83697019872103E-16,-1.,0.));
#6496=DIRECTION('',(-1.,0.,0.));
#6497=DIRECTION('',(0.,0.,-1.));
#6498=DIRECTION('',(-1.,0.,0.));
#6499=DIRECTION('',(0.,0.,1.));
#6500=DIRECTION('',(0.,0.,-1.));
#6501=DIRECTION('',(1.,0.,0.));
#6502=DIRECTION('',(-0.202820180044082,0.979215999954497,0.));
#6503=DIRECTION('',(-0.979215999954497,-0.202820180044082,0.));
#6504=DIRECTION('',(0.,0.,-1.));
#6505=DIRECTION('',(1.,0.,0.));
#6506=DIRECTION('',(-0.131050851293182,0.991375647459293,0.));
#6507=DIRECTION('',(-0.991375647459293,-0.131050851293182,0.));
#6508=DIRECTION('',(0.,0.,-1.));
#6509=DIRECTION('',(-1.,0.,0.));
#6510=DIRECTION('',(0.,0.,-1.));
#6511=DIRECTION('',(-1.,0.,0.));
#6512=DIRECTION('',(0.,0.,-1.));
#6513=DIRECTION('',(0.,0.,1.));
#6514=DIRECTION('',(1.,0.,0.));
#6515=DIRECTION('',(0.,0.,-1.));
#6516=DIRECTION('',(0.,0.,1.));
#6517=DIRECTION('',(1.,0.,0.));
#6518=DIRECTION('',(0.,0.,1.));
#6519=DIRECTION('',(0.,0.,-1.));
#6520=DIRECTION('',(-1.,0.,0.));
#6521=DIRECTION('',(0.,0.,1.));
#6522=DIRECTION('',(0.,0.,1.));
#6523=DIRECTION('',(1.,0.,0.));
#6524=DIRECTION('',(0.,0.,1.));
#6525=DIRECTION('',(1.,0.,0.));
#6526=DIRECTION('',(0.,0.,1.));
#6527=DIRECTION('',(1.,0.,0.));
#6528=DIRECTION('',(-1.,0.,0.));
#6529=DIRECTION('',(0.,0.,1.));
#6530=DIRECTION('',(1.,0.,0.));
#6531=DIRECTION('',(0.,0.,1.));
#6532=DIRECTION('',(1.,0.,0.));
#6533=DIRECTION('',(0.,0.,1.));
#6534=DIRECTION('',(1.,0.,0.));
#6535=DIRECTION('',(-1.,-3.08305327993825E-32,0.));
#6536=DIRECTION('',(0.,0.,1.));
#6537=DIRECTION('',(1.,0.,0.));
#6538=DIRECTION('',(0.,0.,-1.));
#6539=DIRECTION('',(-1.,0.,0.));
#6540=DIRECTION('',(0.,0.,-1.));
#6541=DIRECTION('',(0.,0.,1.));
#6542=DIRECTION('',(1.,0.,0.));
#6543=DIRECTION('',(0.,1.,0.));
#6544=DIRECTION('',(0.,0.,-1.));
#6545=DIRECTION('',(1.,0.,0.));
#6546=DIRECTION('',(-1.,0.,0.));
#6547=DIRECTION('',(0.,0.,-1.));
#6548=DIRECTION('',(-1.,0.,0.));
#6549=DIRECTION('',(0.,0.,1.));
#6550=DIRECTION('',(1.,0.,0.));
#6551=DIRECTION('',(0.,0.,-1.));
#6552=DIRECTION('',(-1.,0.,0.));
#6553=DIRECTION('',(0.,-0.17364817766693,0.984807753012208));
#6554=DIRECTION('',(0.,0.984807753012208,0.17364817766693));
#6555=DIRECTION('',(1.,0.,0.));
#6556=DIRECTION('',(0.,-0.984807753012208,-0.17364817766693));
#6557=DIRECTION('',(1.,0.,0.));
#6558=DIRECTION('',(0.,-0.984807753012208,-0.17364817766693));
#6559=DIRECTION('',(0.892122452535865,-0.444929919254734,-0.078453149289046));
#6560=DIRECTION('',(0.102585456571824,0.368602718204501,-0.923909227268677));
#6561=DIRECTION('',(1.,0.,0.));
#6562=DIRECTION('',(0.,0.,-1.));
#6563=DIRECTION('',(1.,0.,0.));
#6564=DIRECTION('',(0.,0.,-1.));
#6565=DIRECTION('',(1.,0.,0.));
#6566=DIRECTION('',(0.,0.,-1.));
#6567=DIRECTION('',(0.0871557427476583,-0.86272991566282,-0.498097349045873));
#6568=DIRECTION('',(1.38777878078145E-17,-0.5,0.866025403784438));
#6569=DIRECTION('',(0.994935885120892,0.0502558068751962,0.0870456108832093));
#6570=DIRECTION('',(3.68639018674754E-16,-0.5,0.866025403784438));
#6571=DIRECTION('',(0.994935885120892,0.100511613750393,6.01686143000437E-18));
#6572=DIRECTION('',(0.0871557427476583,-0.86272991566282,0.498097349045874));
#6573=DIRECTION('',(0.,0.5,0.866025403784438));
#6574=DIRECTION('',(-2.17393984369531E-16,0.5,0.866025403784438));
#6575=DIRECTION('',(0.994935885120892,0.0502558068751961,-0.0870456108832093));
#6576=DIRECTION('',(0.0871557427476584,0.,0.996194698091746));
#6577=DIRECTION('',(0.996194698091746,0.,-0.0871557427476584));
#6578=DIRECTION('',(0.,1.,0.));
#6579=DIRECTION('',(0.994935885120892,-0.0502558068751963,-0.0870456108832093));
#6580=DIRECTION('',(0.0871557427476584,0.862729915662821,0.498097349045873));
#6581=DIRECTION('',(0.,0.5,-0.866025403784439));
#6582=DIRECTION('',(-2.74949949274017E-16,0.5,-0.866025403784439));
#6583=DIRECTION('',(0.994935885120892,-0.100511613750393,1.04555706106436E-16));
#6584=DIRECTION('',(0.0871557427476584,0.86272991566282,-0.498097349045874));
#6585=DIRECTION('',(0.,-0.5,-0.866025403784438));
#6586=DIRECTION('',(-2.89858645826041E-16,-0.5,-0.866025403784438));
#6587=DIRECTION('',(0.994935885120892,-0.0502558068751963,0.0870456108832093));
#6588=DIRECTION('',(0.0871557427476584,0.,-0.996194698091746));
#6589=DIRECTION('',(-0.996194698091746,0.,-0.0871557427476584));
#6590=DIRECTION('',(0.,-1.,0.));
#6591=DIRECTION('',(-1.,0.,0.));
#6592=DIRECTION('',(0.,0.,1.));
#6593=DIRECTION('',(0.,-0.5,-0.866025403784438));
#6594=DIRECTION('',(0.,0.5,-0.866025403784438));
#6595=DIRECTION('',(0.,1.,0.));
#6596=DIRECTION('',(0.,0.5,0.866025403784438));
#6597=DIRECTION('',(0.,-0.5,0.866025403784439));
#6598=DIRECTION('',(0.,1.,0.));
#6599=DIRECTION('',(0.,0.,-1.));
#6600=DIRECTION('',(-1.,0.,0.));
#6601=DIRECTION('',(0.,0.,-1.));
#6602=DIRECTION('',(0.,0.,-1.));
#6603=DIRECTION('',(-1.,0.,0.));
#6604=DIRECTION('',(0.,0.,-1.));
#6605=DIRECTION('',(0.,0.,-1.));
#6606=DIRECTION('',(-1.,0.,0.));
#6607=DIRECTION('',(0.,0.,-1.));
#6608=DIRECTION('',(0.,0.,-1.));
#6609=DIRECTION('',(-1.,0.,0.));
#6610=DIRECTION('',(0.,0.,1.));
#6611=DIRECTION('',(0.,0.,1.));
#6612=DIRECTION('',(1.,0.,0.));
#6613=DIRECTION('',(0.,0.,1.));
#6614=DIRECTION('',(1.,0.,0.));
#6615=DIRECTION('',(0.,0.,1.));
#6616=DIRECTION('',(1.,0.,0.));
#6617=DIRECTION('',(0.,0.,1.));
#6618=DIRECTION('',(1.,0.,0.));
#6619=DIRECTION('',(-3.08305327993825E-32,1.,8.60193459162053E-16));
#6620=DIRECTION('',(0.,8.60193459162053E-16,-1.));
#6621=DIRECTION('',(-1.,-3.08305327993825E-32,-2.65202226565099E-47));
#6622=DIRECTION('',(-1.,-3.08305327993825E-32,0.));
#6623=DIRECTION('',(-5.11133678476662E-15,0.870373746845695,0.492391653870967));
#6624=DIRECTION('',(-1.,-3.4694469519536E-15,-3.4694469519536E-15));
#6625=DIRECTION('',(0.,-0.984807753012208,-0.17364817766693));
#6626=DIRECTION('',(0.,0.17364817766693,-0.984807753012208));
#6627=DIRECTION('',(0.,-0.984807753012208,-0.17364817766693));
#6628=DIRECTION('',(0.,-0.17364817766693,0.984807753012208));
#6629=DIRECTION('',(-7.083277110025E-6,-0.173647404076036,0.984807889391368));
#6630=DIRECTION('',(0.,-0.984807889416073,-0.173647404080392));
#6631=DIRECTION('',(0.000363774881528054,-0.173340495803809,0.98486188888713));
#6632=DIRECTION('',(0.,-0.984861954051589,-0.173340507273072));
#6633=DIRECTION('',(1.,0.,0.));
#6634=DIRECTION('',(0.,0.,-1.));
#6635=DIRECTION('',(-0.000155665070043562,-0.173448237460732,0.984842974636135));
#6636=DIRECTION('',(0.,-0.984842986568303,-0.173448239562197));
#6637=DIRECTION('',(1.,0.,0.));
#6638=DIRECTION('',(0.,0.,-1.));
#6639=DIRECTION('',(0.,-0.984807753012208,-0.173648177666931));
#6640=DIRECTION('',(0.,0.173648177666931,-0.984807753012208));
#6641=DIRECTION('',(-3.04760072437228E-7,-0.173648128228918,0.984807761729415));
#6642=DIRECTION('',(0.,-0.984807761729461,-0.173648128228926));
#6643=DIRECTION('',(0.,-0.984807753012208,-0.17364817766693));
#6644=DIRECTION('',(0.,-0.17364817766693,0.984807753012208));
#6645=DIRECTION('',(0.,0.,1.));
#6646=DIRECTION('',(1.,0.,0.));
#6647=DIRECTION('',(1.,3.82856869892695E-16,0.));
#6648=DIRECTION('',(-3.82856869892695E-16,1.,0.));
#6649=DIRECTION('',(-1.,-3.08305327993825E-32,0.));
#6650=DIRECTION('',(-3.08305327993825E-32,1.,0.));
#6651=DIRECTION('',(-1.,-3.08305327993825E-32,0.));
#6652=DIRECTION('',(3.08305327993825E-32,-1.,0.));
#6653=DIRECTION('',(0.,0.,1.));
#6654=DIRECTION('',(1.,0.,0.));
#6655=DIRECTION('',(-0.0716992567387179,-0.997426296316232,0.));
#6656=DIRECTION('',(0.997426296316232,-0.0716992567387179,0.));
#6657=DIRECTION('',(0.,0.,1.));
#6658=DIRECTION('',(1.,0.,0.));
#6659=DIRECTION('',(-0.212121212121213,-0.977243363430127,0.));
#6660=DIRECTION('',(0.977243363430127,-0.212121212121213,0.));
#6661=DIRECTION('',(0.,0.,1.));
#6662=DIRECTION('',(1.,0.,0.));
#6663=DIRECTION('',(-1.,1.83697019872103E-16,0.));
#6664=DIRECTION('',(-1.83697019872103E-16,-1.,0.));
#6665=DIRECTION('',(-1.,0.,0.));
#6666=DIRECTION('',(0.,0.,1.));
#6667=DIRECTION('',(-1.,0.,0.));
#6668=DIRECTION('',(0.,0.,1.));
#6669=DIRECTION('',(0.,0.,1.));
#6670=DIRECTION('',(1.,0.,0.));
#6671=DIRECTION('',(-0.202820180044082,-0.979215999954497,0.));
#6672=DIRECTION('',(0.979215999954497,-0.202820180044082,0.));
#6673=DIRECTION('',(0.,0.,1.));
#6674=DIRECTION('',(1.,0.,0.));
#6675=DIRECTION('',(-0.131050851293182,-0.991375647459293,0.));
#6676=DIRECTION('',(0.991375647459293,-0.131050851293182,0.));
#6677=DIRECTION('',(0.,0.,-1.));
#6678=DIRECTION('',(1.,0.,0.));
#6679=DIRECTION('',(0.,0.,-1.));
#6680=DIRECTION('',(-1.,0.,0.));
#6681=DIRECTION('',(0.,0.,-1.));
#6682=DIRECTION('',(-1.,0.,0.));
#6683=DIRECTION('',(1.,0.,0.));
#6684=DIRECTION('',(0.,0.,-1.));
#6685=DIRECTION('',(-1.,0.,0.));
#6686=DIRECTION('',(0.,0.,-1.));
#6687=DIRECTION('',(-1.,0.,0.));
#6688=DIRECTION('',(0.,0.,-1.));
#6689=DIRECTION('',(-1.,0.,0.));
#6690=DIRECTION('',(1.,0.,0.));
#6691=DIRECTION('',(0.,0.,-1.));
#6692=DIRECTION('',(-1.,0.,0.));
#6693=DIRECTION('',(0.,0.,1.));
#6694=DIRECTION('',(-1.,0.,0.));
#6695=DIRECTION('',(0.,0.,1.));
#6696=DIRECTION('',(1.,0.,0.));
#6697=DIRECTION('',(0.,0.,1.));
#6698=DIRECTION('',(0.,1.,0.));
#6699=DIRECTION('',(0.,0.,1.));
#6700=DIRECTION('',(1.,0.,0.));
#6701=DIRECTION('',(1.,0.,0.));
#6702=DIRECTION('',(0.,-0.17364817766693,-0.984807753012208));
#6703=DIRECTION('',(0.,0.984807753012208,-0.17364817766693));
#6704=DIRECTION('',(1.,0.,0.));
#6705=DIRECTION('',(0.,0.984807753012208,-0.17364817766693));
#6706=DIRECTION('',(1.,0.,0.));
#6707=DIRECTION('',(0.,0.984807753012208,-0.17364817766693));
#6708=DIRECTION('',(-0.89212245253583,0.444929919254802,-0.0784531492890606));
#6709=DIRECTION('',(0.285714285714336,0.690122215168008,0.664905012065895));
#6710=DIRECTION('',(1.,0.,0.));
#6711=DIRECTION('',(0.,0.,-1.));
#6712=DIRECTION('',(1.,0.,0.));
#6713=DIRECTION('',(0.,0.,1.));
#6714=DIRECTION('',(1.,0.,0.));
#6715=DIRECTION('',(0.,0.,-1.));
#6716=DIRECTION('',(0.0871557427476583,-0.86272991566282,0.498097349045873));
#6717=DIRECTION('',(1.38777878078145E-17,-0.5,-0.866025403784438));
#6718=DIRECTION('',(0.994935885120892,0.100511613750393,6.01686143000435E-18));
#6719=DIRECTION('',(2.52308994626052E-17,0.5,0.866025403784438));
#6720=DIRECTION('',(0.994935885120892,0.0502558068751962,-0.0870456108832093));
#6721=DIRECTION('',(0.0871557427476583,-0.86272991566282,-0.498097349045874));
#6722=DIRECTION('',(0.,0.5,-0.866025403784438));
#6723=DIRECTION('',(0.994935885120892,0.0502558068751961,0.0870456108832093));
#6724=DIRECTION('',(4.45796838142524E-16,-0.5,0.866025403784438));
#6725=DIRECTION('',(0.0871557427476584,0.,-0.996194698091746));
#6726=DIRECTION('',(0.996194698091746,0.,0.0871557427476584));
#6727=DIRECTION('',(0.994935885120892,-0.0502558068751963,0.0870456108832093));
#6728=DIRECTION('',(0.,-1.,0.));
#6729=DIRECTION('',(0.0871557427476584,0.862729915662821,-0.498097349045873));
#6730=DIRECTION('',(0.,0.5,0.866025403784439));
#6731=DIRECTION('',(0.994935885120892,-0.100511613750393,-1.02570347580106E-16));
#6732=DIRECTION('',(3.39249391199358E-16,-0.5,-0.866025403784439));
#6733=DIRECTION('',(0.0871557427476584,0.86272991566282,0.498097349045874));
#6734=DIRECTION('',(0.,-0.5,0.866025403784438));
#6735=DIRECTION('',(0.994935885120892,-0.0502558068751963,-0.0870456108832093));
#6736=DIRECTION('',(4.20565938679919E-16,0.5,-0.866025403784438));
#6737=DIRECTION('',(0.0871557427476584,0.,0.996194698091746));
#6738=DIRECTION('',(-0.996194698091746,0.,0.0871557427476584));
#6739=DIRECTION('',(0.,1.,0.));
#6740=DIRECTION('',(-1.,0.,0.));
#6741=DIRECTION('',(0.,0.,-1.));
#6742=DIRECTION('',(0.,0.5,0.866025403784438));
#6743=DIRECTION('',(0.,-0.5,0.866025403784438));
#6744=DIRECTION('',(0.,-1.,0.));
#6745=DIRECTION('',(0.,-0.5,-0.866025403784438));
#6746=DIRECTION('',(0.,0.5,-0.866025403784438));
#6747=DIRECTION('',(0.,-1.,0.));
#6748=DIRECTION('',(3.10062709370302E-15,-0.870373746845781,0.492391653870814));
#6749=DIRECTION('',(-0.166666666666944,-0.485504718138661,-0.858200087909125));
#6750=DIRECTION('',(0.,-0.984807753012208,0.17364817766693));
#6751=DIRECTION('',(0.,-0.17364817766693,-0.984807753012208));
#6752=DIRECTION('',(0.,-0.984807753012208,0.17364817766693));
#6753=DIRECTION('',(0.,-0.17364817766693,-0.984807753012208));
#6754=DIRECTION('',(7.08327710249618E-6,0.173647404076037,0.984807889391368));
#6755=DIRECTION('',(0.,-0.984807889416073,0.173647404080393));
#6756=DIRECTION('',(-0.000363774881558411,0.173340495803792,0.984861888887133));
#6757=DIRECTION('',(0.,-0.984861954051592,0.173340507273055));
#6758=DIRECTION('',(1.,0.,0.));
#6759=DIRECTION('',(0.,0.,1.));
#6760=DIRECTION('',(0.000155665060782463,0.173448237471051,0.984842974634319));
#6761=DIRECTION('',(0.,-0.984842986566486,0.173448239572516));
#6762=DIRECTION('',(1.,0.,0.));
#6763=DIRECTION('',(0.,0.,1.));
#6764=DIRECTION('',(0.,-0.984807753012208,0.17364817766693));
#6765=DIRECTION('',(0.,-0.17364817766693,-0.984807753012208));
#6766=DIRECTION('',(3.04760067531533E-7,0.173648128228919,0.984807761729415));
#6767=DIRECTION('',(0.,-0.984807761729461,0.173648128228927));
#6768=DIRECTION('',(0.,-0.984807753012208,0.17364817766693));
#6769=DIRECTION('',(0.,-0.17364817766693,-0.984807753012208));
#6770=DIRECTION('',(0.,0.,-1.));
#6771=DIRECTION('',(1.,0.,0.));
#6772=DIRECTION('',(-1.,-3.08305327993825E-32,0.));
#6773=DIRECTION('',(3.08305327993825E-32,-1.,0.));
#6774=DIRECTION('',(-1.,-3.08305327993825E-32,0.));
#6775=DIRECTION('',(-3.08305327993825E-32,1.,0.));
#6776=DIRECTION('',(1.,-3.82856869892695E-16,0.));
#6777=DIRECTION('',(3.82856869892695E-16,1.,0.));
#6778=DIRECTION('',(0.,0.,-1.));
#6779=DIRECTION('',(1.,0.,0.));
#6780=DIRECTION('',(0.071699256738718,0.997426296316232,0.));
#6781=DIRECTION('',(-0.997426296316232,0.071699256738718,0.));
#6782=DIRECTION('',(0.,0.,-1.));
#6783=DIRECTION('',(1.,0.,0.));
#6784=DIRECTION('',(-0.21212121212121,-0.977243363430128,0.));
#6785=DIRECTION('',(0.977243363430128,-0.21212121212121,0.));
#6786=DIRECTION('',(0.,0.,-1.));
#6787=DIRECTION('',(1.,0.,0.));
#6788=DIRECTION('',(-1.,0.,0.));
#6789=DIRECTION('',(0.,0.,1.));
#6790=DIRECTION('',(-1.,0.,0.));
#6791=DIRECTION('',(0.,0.,-1.));
#6792=DIRECTION('',(1.,-3.82856869892695E-16,0.));
#6793=DIRECTION('',(3.82856869892695E-16,1.,0.));
#6794=DIRECTION('',(0.,0.,-1.));
#6795=DIRECTION('',(1.,0.,0.));
#6796=DIRECTION('',(0.202820180044082,0.979215999954497,0.));
#6797=DIRECTION('',(-0.979215999954497,0.202820180044082,0.));
#6798=DIRECTION('',(0.,0.,-1.));
#6799=DIRECTION('',(1.,0.,0.));
#6800=DIRECTION('',(0.131050851293182,0.991375647459293,0.));
#6801=DIRECTION('',(-0.991375647459293,0.131050851293182,0.));
#6802=DIRECTION('',(-0.707106781186547,0.356221995354209,-0.610823943559736));
#6803=DIRECTION('',(-0.707106781186548,-0.356221995354208,0.610823943559735));
#6804=DIRECTION('',(8.32667268468867E-17,0.863835505204396,0.503773977045527));
#6805=DIRECTION('',(-0.707106781186548,-0.356221995354208,0.610823943559735));
#6806=DIRECTION('',(8.32667268468867E-17,0.863835505204396,0.503773977045527));
#6807=DIRECTION('',(-0.707106781186547,0.356221995354209,0.610823943559736));
#6808=DIRECTION('',(-0.707106781186548,-0.356221995354208,-0.610823943559735));
#6809=DIRECTION('',(-0.707106781186548,-0.356221995354208,-0.610823943559735));
#6810=DIRECTION('',(-8.32667268468867E-17,-0.863835505204396,0.503773977045527));
#6811=DIRECTION('',(-8.32667268468867E-17,-0.863835505204396,0.503773977045527));
#6812=DIRECTION('',(-1.,0.,0.));
#6813=DIRECTION('',(0.,0.,1.));
#6814=DIRECTION('',(-1.,0.,0.));
#6815=DIRECTION('',(0.,0.,1.));
#6816=DIRECTION('',(0.,0.863835505204395,-0.503773977045527));
#6817=DIRECTION('',(0.,1.,0.));
#6818=DIRECTION('',(0.,1.,0.));
#6819=DIRECTION('',(0.,-0.863835505204396,-0.503773977045527));
#6820=DIRECTION('',(-1.,0.,0.));
#6821=DIRECTION('',(0.,0.,-1.));
#6822=DIRECTION('',(-1.,0.,0.));
#6823=DIRECTION('',(0.,0.,1.));
#6824=DIRECTION('',(-1.,0.,0.));
#6825=DIRECTION('',(0.,0.,1.));
#6826=DIRECTION('',(-0.984807753012208,0.17364817766693,0.));
#6827=DIRECTION('',(-0.17364817766693,-0.984807753012208,0.));
#6828=DIRECTION('',(-0.17364817766693,-0.984807753012208,0.));
#6829=DIRECTION('',(-0.984807753012208,0.17364817766693,0.));
#6830=DIRECTION('',(-0.17364817766693,-0.984807753012208,0.));
#6831=DIRECTION('',(-0.17364817766693,-0.984807753012208,0.));
#6832=DIRECTION('',(0.,0.,1.));
#6833=DIRECTION('',(0.,0.,1.));
#6834=DIRECTION('',(-1.,0.,0.));
#6835=DIRECTION('',(-0.173648177666923,-0.984807753012209,0.));
#6836=DIRECTION('',(-1.,0.,0.));
#6837=DIRECTION('',(0.,1.,0.));
#6838=DIRECTION('',(0.,0.,1.));
#6839=DIRECTION('',(1.,0.,0.));
#6840=DIRECTION('',(0.707106781186556,0.70710678118654,0.));
#6841=DIRECTION('',(0.,-1.,0.));
#6842=DIRECTION('',(-1.,0.,0.));
#6843=DIRECTION('',(0.,0.,-1.));
#6844=DIRECTION('',(-1.,0.,0.));
#6845=DIRECTION('',(-0.707106781186554,-0.707106781186542,0.));
#6846=DIRECTION('',(0.,0.,-1.));
#6847=DIRECTION('',(-1.,0.,0.));
#6848=DIRECTION('',(0.,-1.,0.));
#6849=DIRECTION('',(-1.,0.,0.));
#6850=DIRECTION('',(0.173648177666927,0.984807753012209,0.));
#6851=DIRECTION('',(-1.,0.,0.));
#6852=DIRECTION('',(0.,1.,0.));
#6853=DIRECTION('',(0.707106781186549,-0.707106781186547,0.));
#6854=DIRECTION('',(0.,0.,-1.));
#6855=DIRECTION('',(0.707106781186547,0.707106781186549,0.));
#6856=DIRECTION('',(0.,0.,1.));
#6857=DIRECTION('',(0.707106781186547,0.707106781186549,0.));
#6858=DIRECTION('',(0.,0.,-1.));
#6859=DIRECTION('',(0.707106781186547,0.707106781186549,0.));
#6860=DIRECTION('',(-0.707106781186549,0.707106781186547,0.));
#6861=DIRECTION('',(0.707106781186547,0.707106781186549,0.));
#6862=DIRECTION('',(-0.707106781186549,0.707106781186547,0.));
#6863=DIRECTION('',(-0.707106781186547,-0.707106781186549,0.));
#6864=DIRECTION('',(0.707106781186549,-0.707106781186547,0.));
#6865=DIRECTION('',(-0.707106781186547,-0.707106781186549,0.));
#6866=DIRECTION('',(0.707106781186549,-0.707106781186547,0.));
#6867=DIRECTION('',(0.,0.,-1.));
#6868=DIRECTION('',(1.,0.,0.));
#6869=DIRECTION('',(0.,-1.,0.));
#6870=DIRECTION('',(-1.,0.,0.));
#6871=DIRECTION('',(0.173648177666927,0.984807753012209,0.));
#6872=DIRECTION('',(1.,0.,0.));
#6873=DIRECTION('',(0.,1.,0.));
#6874=DIRECTION('',(0.,0.,-1.));
#6875=DIRECTION('',(0.,0.,1.));
#6876=DIRECTION('',(-1.,0.,0.));
#6877=DIRECTION('',(0.,0.,1.));
#6878=DIRECTION('',(-1.,0.,0.));
#6879=DIRECTION('',(-1.,0.,0.));
#6880=DIRECTION('',(0.,0.,-1.));
#6881=DIRECTION('',(0.,-1.,0.));
#6882=DIRECTION('',(-1.,0.,0.));
#6883=DIRECTION('',(0.,0.,1.));
#6884=DIRECTION('',(-1.,0.,0.));
#6885=DIRECTION('',(0.,0.,1.));
#6886=DIRECTION('',(-1.,0.,0.));
#6887=DIRECTION('',(0.,0.,1.));
#6888=DIRECTION('',(0.,-1.,0.));
#6889=DIRECTION('',(0.,0.,1.));
#6890=DIRECTION('',(0.,-1.,0.));
#6891=DIRECTION('',(0.,0.,-1.));
#6892=DIRECTION('',(0.,-1.,0.));
#6893=DIRECTION('',(0.,0.,-1.));
#6894=DIRECTION('',(-0.984807753012208,0.17364817766693,0.));
#6895=DIRECTION('',(-0.17364817766693,-0.984807753012208,0.));
#6896=DIRECTION('',(-0.17364817766693,-0.984807753012208,0.));
#6897=DIRECTION('',(-0.984807753012208,0.17364817766693,0.));
#6898=DIRECTION('',(-0.17364817766693,-0.984807753012208,0.));
#6899=DIRECTION('',(-0.17364817766693,-0.984807753012208,0.));
#6900=DIRECTION('',(0.,0.,1.));
#6901=DIRECTION('',(0.,0.,1.));
#6902=DIRECTION('',(-1.,0.,0.));
#6903=DIRECTION('',(0.,0.,1.));
#6904=DIRECTION('',(1.,0.,0.));
#6905=DIRECTION('',(0.,0.,1.));
#6906=DIRECTION('',(1.,0.,0.));
#6907=DIRECTION('',(0.,0.,1.));
#6908=DIRECTION('',(-1.,0.,0.));
#6909=DIRECTION('',(0.,0.,1.));
#6910=DIRECTION('',(1.,0.,0.));
#6911=DIRECTION('',(0.,0.,1.));
#6912=DIRECTION('',(1.,0.,0.));
#6913=DIRECTION('',(0.,0.,1.));
#6914=DIRECTION('',(1.,0.,0.));
#6915=DIRECTION('',(-0.173648177666931,-0.984807753012208,0.));
#6916=DIRECTION('',(-1.,0.,0.));
#6917=DIRECTION('',(0.,1.,0.));
#6918=DIRECTION('',(1.,0.,0.));
#6919=DIRECTION('',(0.,1.,0.));
#6920=DIRECTION('',(0.,0.,1.));
#6921=DIRECTION('',(0.,0.,1.));
#6922=DIRECTION('',(1.,0.,0.));
#6923=DIRECTION('',(0.,0.,1.));
#6924=DIRECTION('',(1.,0.,0.));
#6925=DIRECTION('',(0.,0.,-1.));
#6926=DIRECTION('',(-1.,0.,0.));
#6927=DIRECTION('',(0.,0.,-1.));
#6928=DIRECTION('',(-1.,0.,0.));
#6929=DIRECTION('',(0.,0.,-1.));
#6930=DIRECTION('',(-1.,0.,0.));
#6931=DIRECTION('',(0.,0.,-1.));
#6932=DIRECTION('',(-1.,0.,0.));
#6933=DIRECTION('',(0.,0.,-1.));
#6934=DIRECTION('',(-1.,0.,0.));
#6935=DIRECTION('',(0.,0.,-1.));
#6936=DIRECTION('',(-1.,0.,0.));
#6937=DIRECTION('',(-0.17364817766693,-0.984807753012208,0.));
#6938=DIRECTION('',(0.984807753012208,-0.17364817766693,0.));
#6939=DIRECTION('',(-0.17364817766693,-0.984807753012208,0.));
#6940=DIRECTION('',(0.984807753012208,-0.17364817766693,0.));
#6941=DIRECTION('',(0.,1.,0.));
#6942=DIRECTION('',(1.,0.,0.));
#6943=DIRECTION('',(1.,0.,0.));
#6944=DIRECTION('',(0.,0.,-1.));
#6945=DIRECTION('',(1.,0.,0.));
#6946=DIRECTION('',(0.,0.,-1.));
#6947=DIRECTION('',(-1.,0.,-1.83697019872103E-16));
#6948=DIRECTION('',(-1.83697019872103E-16,0.,1.));
#6949=DIRECTION('',(0.,1.,0.));
#6950=DIRECTION('',(1.,0.,0.));
#6951=DIRECTION('',(0.,-1.,0.));
#6952=DIRECTION('',(0.,0.,-1.));
#6953=DIRECTION('',(0.,-1.,0.));
#6954=DIRECTION('',(0.,0.,-1.));
#6955=DIRECTION('',(0.,1.,0.));
#6956=DIRECTION('',(0.,0.,1.));
#6957=DIRECTION('',(0.,1.,0.));
#6958=DIRECTION('',(1.,0.,0.));
#6959=DIRECTION('',(0.,0.,1.));
#6960=DIRECTION('',(1.,0.,0.));
#6961=DIRECTION('',(0.,0.,1.));
#6962=DIRECTION('',(1.,0.,0.));
#6963=DIRECTION('',(-1.22464679914735E-16,0.,1.));
#6964=DIRECTION('',(1.,0.,1.22464679914735E-16));
#6965=DIRECTION('',(0.,1.,0.));
#6966=DIRECTION('',(-1.,0.,0.));
#6967=DIRECTION('',(0.,-1.,0.));
#6968=DIRECTION('',(0.,0.,-1.));
#6969=DIRECTION('',(0.,-1.,0.));
#6970=DIRECTION('',(0.,0.,-1.));
#6971=DIRECTION('',(0.,1.,0.));
#6972=DIRECTION('',(0.,0.,1.));
#6973=DIRECTION('',(0.,1.,0.));
#6974=DIRECTION('',(-1.,0.,0.));
#6975=DIRECTION('',(1.,0.,0.));
#6976=DIRECTION('',(0.,0.,-1.));
#6977=DIRECTION('',(1.,0.,0.));
#6978=DIRECTION('',(0.,0.,-1.));
#6979=DIRECTION('',(1.,0.,1.83697019872103E-16));
#6980=DIRECTION('',(1.83697019872103E-16,0.,-1.));
#6981=DIRECTION('',(0.,1.,0.));
#6982=DIRECTION('',(-1.,0.,0.));
#6983=DIRECTION('',(-0.17364817766693,-0.984807753012208,0.));
#6984=DIRECTION('',(0.984807753012208,-0.17364817766693,0.));
#6985=DIRECTION('',(-0.17364817766693,-0.984807753012208,0.));
#6986=DIRECTION('',(0.984807753012208,-0.17364817766693,0.));
#6987=DIRECTION('',(-1.,0.,0.));
#6988=DIRECTION('',(0.,0.,1.));
#6989=DIRECTION('',(0.,2.52552238339231E-16,1.));
#6990=DIRECTION('',(0.,-1.,2.52552238339231E-16));
#6991=DIRECTION('',(1.26276119169615E-16,1.26276119169616E-16,1.));
#6992=DIRECTION('',(0.,-1.,1.26276119169616E-16));
#6993=DIRECTION('',(1.26276119169615E-16,1.26276119169616E-16,1.));
#6994=DIRECTION('',(0.,-1.,1.26276119169616E-16));
#6995=DIRECTION('',(1.26276119169615E-16,1.26276119169616E-16,1.));
#6996=DIRECTION('',(0.707106781186549,-0.707106781186546,0.));
#6997=DIRECTION('',(1.26276119169615E-16,1.26276119169616E-16,1.));
#6998=DIRECTION('',(0.707106781186549,-0.707106781186546,0.));
#6999=DIRECTION('',(-0.68322965983046,0.68322697019034,-0.25767836372595));
#7000=DIRECTION('',(-0.707105389364372,-0.707108173005983,0.));
#7001=DIRECTION('',(-0.683229659830394,0.683226970192687,0.2576783637199));
#7002=DIRECTION('',(-0.70710538936562,-0.707108173004735,0.));
#7003=DIRECTION('',(1.26276119169615E-16,1.26276119169616E-16,1.));
#7004=DIRECTION('',(0.707106781186549,-0.707106781186546,0.));
#7005=DIRECTION('',(1.26276119169615E-16,1.26276119169616E-16,1.));
#7006=DIRECTION('',(0.707106781186549,-0.707106781186546,0.));
#7007=DIRECTION('',(0.707109654661988,0.707103907682384,4.90987908837388E-6));
#7008=DIRECTION('',(-0.707103907690907,0.707109654670511,0.));
#7009=DIRECTION('',(0.707109654724243,0.707103907620128,-4.90998567657044E-6));
#7010=DIRECTION('',(-0.707103907628651,0.707109654732766,0.));
#7011=DIRECTION('',(1.,0.,0.));
#7012=DIRECTION('',(0.,0.,-1.));
#7013=DIRECTION('',(0.,0.863835505204395,-0.503773977045527));
#7014=DIRECTION('',(0.,0.503773977045527,0.863835505204396));
#7015=DIRECTION('',(0.,-0.863835505204395,-0.503773977045527));
#7016=DIRECTION('',(0.,0.503773977045527,-0.863835505204396));
#7017=DIRECTION('',(0.,-0.863835505204395,-0.503773977045527));
#7018=DIRECTION('',(0.,0.503773977045527,-0.863835505204395));
#7019=DIRECTION('',(0.,0.863835505204395,-0.503773977045527));
#7020=DIRECTION('',(0.,0.503773977045527,0.863835505204395));
#7021=DIRECTION('',(0.,0.863835505204395,-0.503773977045527));
#7022=DIRECTION('',(0.,0.503773977045527,0.863835505204396));
#7023=DIRECTION('',(0.269570444747594,0.934401353822792,-0.232864521326711));
#7024=DIRECTION('',(0.653706184243797,5.55111512312578E-17,0.756748455354496));
#7025=DIRECTION('',(-1.,0.,0.));
#7026=DIRECTION('',(0.,0.,1.));
#7027=DIRECTION('',(0.,-0.863835505204395,0.503773977045527));
#7028=DIRECTION('',(0.,-0.503773977045527,-0.863835505204396));
#7029=DIRECTION('',(0.,0.863835505204395,0.503773977045527));
#7030=DIRECTION('',(0.,-0.503773977045527,0.863835505204396));
#7031=DIRECTION('',(0.,0.863835505204395,0.503773977045527));
#7032=DIRECTION('',(0.,-0.503773977045527,0.863835505204395));
#7033=DIRECTION('',(0.591355178907554,0.7715242183217,-0.234626155665358));
#7034=DIRECTION('',(-0.7936792353664,0.608336478725554,0.));
#7035=DIRECTION('',(0.591355178907515,0.771524218321862,0.234626155664923));
#7036=DIRECTION('',(-0.793679235366481,0.608336478725448,0.));
#7037=DIRECTION('',(0.,-0.863835505204395,0.503773977045527));
#7038=DIRECTION('',(0.,-0.503773977045527,-0.863835505204395));
#7039=DIRECTION('',(0.712135178320768,-0.638887342390574,-0.291009366741274));
#7040=DIRECTION('',(0.667789119341977,0.74435051695318,0.));
#7041=DIRECTION('',(0.712131758453231,-0.638889415424209,0.291013184342604));
#7042=DIRECTION('',(0.667792096690323,0.744347845834152,0.));
#7043=DIRECTION('',(0.707106781186547,-0.612372435695796,-0.353553390593275));
#7044=DIRECTION('',(-8.32667268468867E-17,-0.5,0.866025403784438));
#7045=DIRECTION('',(0.654653670707981,0.377964473009223,0.654653670707976));
#7046=DIRECTION('',(-0.654653670707979,-0.755928946018453,0.));
#7047=DIRECTION('',(0.707106781186548,-0.612372435695794,0.353553390593275));
#7048=DIRECTION('',(5.55111512312578E-17,0.5,0.866025403784438));
#7049=DIRECTION('',(-0.654653670707976,-0.377964473009228,0.654653670707978));
#7050=DIRECTION('',(0.707106781186546,0.,-0.707106781186549));
#7051=DIRECTION('',(0.,-1.,0.));
#7052=DIRECTION('',(0.654653670707978,-0.377964473009231,0.654653670707974));
#7053=DIRECTION('',(0.707106781186548,0.,0.707106781186548));
#7054=DIRECTION('',(0.,1.,0.));
#7055=DIRECTION('',(-0.65465367070798,0.377964473009226,0.654653670707976));
#7056=DIRECTION('',(0.707106781186549,0.612372435695793,-0.353553390593274));
#7057=DIRECTION('',(0.,-0.5,-0.866025403784438));
#7058=DIRECTION('',(0.654653670707977,-0.755928946018454,7.40999392502434E-15));
#7059=DIRECTION('',(0.707106781186545,0.612372435695797,0.353553390593276));
#7060=DIRECTION('',(-2.77555756156289E-17,0.5,-0.866025403784438));
#7061=DIRECTION('',(0.642787609686544,0.663413948168934,0.383022221559488));
#7062=DIRECTION('',(2.77555756156289E-17,-0.5,0.866025403784438));
#7063=DIRECTION('',(-0.718183226839557,0.695854045534206,0.));
#7064=DIRECTION('',(0.718183226839558,-0.347927022767105,-0.602627280758794));
#7065=DIRECTION('',(0.642787609686546,0.,0.766044443118973));
#7066=DIRECTION('',(0.,-1.,0.));
#7067=DIRECTION('',(0.718183226839562,0.347927022767097,-0.602627280758794));
#7068=DIRECTION('',(0.642787609686547,0.663413948168933,-0.383022221559487));
#7069=DIRECTION('',(-1.38777878078144E-16,0.5,0.866025403784438));
#7070=DIRECTION('',(-0.71818322683956,0.347927022767105,-0.602627280758791));
#7071=DIRECTION('',(0.642787609686544,-0.663413948168935,0.383022221559488));
#7072=DIRECTION('',(2.77555756156289E-17,-0.5,-0.866025403784439));
#7073=DIRECTION('',(0.718183226839561,0.695854045534203,2.50121649118951E-15));
#7074=DIRECTION('',(0.642787609686544,0.,-0.766044443118974));
#7075=DIRECTION('',(0.,1.,0.));
#7076=DIRECTION('',(-0.718183226839561,-0.347927022767102,-0.602627280758792));
#7077=DIRECTION('',(0.642787609686545,-0.663413948168934,-0.383022221559488));
#7078=DIRECTION('',(1.38777878078144E-16,0.5,-0.866025403784438));
#7079=DIRECTION('',(0.642787609686544,-0.663413948168934,-0.383022221559488));
#7080=DIRECTION('',(2.77555756156289E-17,0.5,-0.866025403784438));
#7081=DIRECTION('',(-0.718183226839557,-0.695854045534206,0.));
#7082=DIRECTION('',(0.718183226839558,0.347927022767105,0.602627280758794));
#7083=DIRECTION('',(0.642787609686546,0.,-0.766044443118973));
#7084=DIRECTION('',(0.,1.,0.));
#7085=DIRECTION('',(0.718183226839562,-0.347927022767097,0.602627280758794));
#7086=DIRECTION('',(0.642787609686547,-0.663413948168933,0.383022221559487));
#7087=DIRECTION('',(-1.38777878078144E-16,-0.5,-0.866025403784438));
#7088=DIRECTION('',(-0.71818322683956,-0.347927022767105,0.602627280758791));
#7089=DIRECTION('',(0.642787609686544,0.663413948168935,-0.383022221559488));
#7090=DIRECTION('',(2.77555756156289E-17,0.5,0.866025403784439));
#7091=DIRECTION('',(0.718183226839562,-0.695854045534202,-2.50121649118951E-15));
#7092=DIRECTION('',(0.642787609686544,0.,0.766044443118974));
#7093=DIRECTION('',(0.,-1.,0.));
#7094=DIRECTION('',(-0.718183226839561,0.347927022767103,0.602627280758792));
#7095=DIRECTION('',(0.642787609686545,0.663413948168934,0.383022221559488));
#7096=DIRECTION('',(1.38777878078144E-16,-0.5,0.866025403784438));
#7097=DIRECTION('',(0.707106781186547,0.612372435695796,0.353553390593275));
#7098=DIRECTION('',(-8.32667268468867E-17,0.5,-0.866025403784438));
#7099=DIRECTION('',(0.654653670707981,-0.377964473009223,-0.654653670707976));
#7100=DIRECTION('',(-0.654653670707979,0.755928946018453,0.));
#7101=DIRECTION('',(0.707106781186548,0.612372435695794,-0.353553390593275));
#7102=DIRECTION('',(5.55111512312578E-17,-0.5,-0.866025403784438));
#7103=DIRECTION('',(-0.654653670707976,0.377964473009228,-0.654653670707978));
#7104=DIRECTION('',(0.707106781186546,0.,0.707106781186549));
#7105=DIRECTION('',(0.,1.,0.));
#7106=DIRECTION('',(0.654653670707978,0.377964473009231,-0.654653670707974));
#7107=DIRECTION('',(0.707106781186548,0.,-0.707106781186548));
#7108=DIRECTION('',(0.,-1.,0.));
#7109=DIRECTION('',(-0.65465367070798,-0.377964473009226,-0.654653670707976));
#7110=DIRECTION('',(0.707106781186549,-0.612372435695793,0.353553390593274));
#7111=DIRECTION('',(0.,0.5,0.866025403784438));
#7112=DIRECTION('',(0.654653670707977,0.755928946018454,-7.40999392502434E-15));
#7113=DIRECTION('',(0.707106781186545,-0.612372435695797,-0.353553390593276));
#7114=DIRECTION('',(-2.77555756156289E-17,-0.5,0.866025403784438));
#7115=DIRECTION('',(0.17364817766693,0.984807753012208,0.));
#7116=DIRECTION('',(-0.984807753012208,0.17364817766693,0.));
#7117=DIRECTION('',(0.17364817766693,0.984807753012208,0.));
#7118=DIRECTION('',(-0.984807753012208,0.17364817766693,0.));
#7119=DIRECTION('',(0.,1.,0.));
#7120=DIRECTION('',(-1.,0.,0.));
#7121=DIRECTION('',(1.,0.,0.));
#7122=DIRECTION('',(0.,0.,-1.));
#7123=DIRECTION('',(1.,0.,0.));
#7124=DIRECTION('',(0.,0.,-1.));
#7125=DIRECTION('',(1.,0.,1.83697019872103E-16));
#7126=DIRECTION('',(1.83697019872103E-16,0.,-1.));
#7127=DIRECTION('',(0.,1.,0.));
#7128=DIRECTION('',(-1.,0.,0.));
#7129=DIRECTION('',(0.,1.,0.));
#7130=DIRECTION('',(0.,0.,1.));
#7131=DIRECTION('',(0.,1.,0.));
#7132=DIRECTION('',(0.,0.,1.));
#7133=DIRECTION('',(0.,1.,0.));
#7134=DIRECTION('',(0.,0.,1.));
#7135=DIRECTION('',(0.,1.,0.));
#7136=DIRECTION('',(0.,0.,1.));
#7137=DIRECTION('',(0.,1.,0.));
#7138=DIRECTION('',(0.,0.,1.));
#7139=DIRECTION('',(0.,1.,0.));
#7140=DIRECTION('',(0.,0.,1.));
#7141=DIRECTION('',(0.,1.,0.));
#7142=DIRECTION('',(1.,0.,0.));
#7143=DIRECTION('',(1.,0.,0.));
#7144=DIRECTION('',(0.,0.,-1.));
#7145=DIRECTION('',(1.,0.,0.));
#7146=DIRECTION('',(0.,0.,-1.));
#7147=DIRECTION('',(-1.,0.,-1.83697019872103E-16));
#7148=DIRECTION('',(-1.83697019872103E-16,0.,1.));
#7149=DIRECTION('',(0.,1.,0.));
#7150=DIRECTION('',(1.,0.,0.));
#7151=DIRECTION('',(0.17364817766693,0.984807753012208,0.));
#7152=DIRECTION('',(-0.984807753012208,0.17364817766693,0.));
#7153=DIRECTION('',(0.17364817766693,0.984807753012208,0.));
#7154=DIRECTION('',(-0.984807753012208,0.17364817766693,0.));
#7155=DIRECTION('',(0.,-1.13114211992085E-16,1.));
#7156=DIRECTION('',(0.,-1.,-1.13114211992085E-16));
#7157=DIRECTION('',(0.,-1.,-1.13114211992085E-16));
#7158=DIRECTION('',(0.,1.24425633191293E-16,-1.));
#7159=DIRECTION('',(0.,1.,1.24425633191293E-16));
#7160=DIRECTION('',(0.,1.,1.24425633191293E-16));
#7161=DIRECTION('',(1.,0.,0.));
#7162=DIRECTION('',(0.,0.,-1.));
#7163=DIRECTION('',(1.,0.,0.));
#7164=DIRECTION('',(0.,0.,-1.));
#7165=DIRECTION('',(0.,1.,1.24425633191293E-16));
#7166=DIRECTION('',(0.,-1.,-1.13114211992085E-16));
#7167=DIRECTION('',(0.,1.24425633191293E-16,-1.));
#7168=DIRECTION('',(0.,1.,1.24425633191293E-16));
#7169=DIRECTION('',(0.,1.,0.));
#7170=DIRECTION('',(0.,-1.13114211992085E-16,1.));
#7171=DIRECTION('',(0.,-1.,-1.13114211992085E-16));
#7172=DIRECTION('',(0.,1.,0.));
#7173=DIRECTION('',(1.,0.,0.));
#7174=DIRECTION('',(0.,0.,-1.));
#7175=DIRECTION('',(-1.,5.45725894557987E-16,-1.0842021724855E-14));
#7176=DIRECTION('',(-1.0842021724855E-14,0.,1.));
#7177=DIRECTION('',(-0.0115907088649369,-0.0657341764621906,0.997769849971849));
#7178=DIRECTION('',(0.,-0.997836879187446,-0.0657385924207268));
#7179=DIRECTION('',(-0.0241986651609014,-0.137237449786044,0.990242549570889));
#7180=DIRECTION('',(0.,-0.990532607801666,-0.137277648878578));
#7181=DIRECTION('',(-1.,0.,0.));
#7182=DIRECTION('',(0.,0.,1.));
#7183=DIRECTION('',(-1.,0.,0.));
#7184=DIRECTION('',(0.,0.,1.));
#7185=DIRECTION('',(-1.,0.,0.));
#7186=DIRECTION('',(0.,0.,1.));
#7187=DIRECTION('',(-1.,0.,0.));
#7188=DIRECTION('',(0.,0.,1.));
#7189=DIRECTION('',(0.,0.0502706883217329,-0.998735629631615));
#7190=DIRECTION('',(0.,0.998735629631615,0.0502706883217329));
#7191=DIRECTION('',(-1.,0.,0.));
#7192=DIRECTION('',(0.,0.,1.));
#7193=DIRECTION('',(-1.,0.,0.));
#7194=DIRECTION('',(0.,0.,1.));
#7195=DIRECTION('',(-1.,0.,0.));
#7196=DIRECTION('',(0.,0.,1.));
#7197=DIRECTION('',(0.,0.0502706883217329,0.998735629631615));
#7198=DIRECTION('',(0.,-0.998735629631615,0.0502706883217329));
#7199=DIRECTION('',(1.73472347597681E-14,1.,-1.73472347597681E-14));
#7200=DIRECTION('',(0.,1.73472347597681E-14,1.));
#7201=DIRECTION('',(-1.,0.,0.));
#7202=DIRECTION('',(0.,0.,1.));
#7203=DIRECTION('',(-1.,0.,0.));
#7204=DIRECTION('',(0.,0.,1.));
#7205=DIRECTION('',(0.,1.,0.));
#7206=DIRECTION('',(0.,0.,1.));
#7207=DIRECTION('',(-1.,0.,0.));
#7208=DIRECTION('',(0.,0.,1.));
#7209=DIRECTION('',(1.,1.73691958563316E-14,0.));
#7210=DIRECTION('',(-1.73691958563316E-14,1.,0.));
#7211=DIRECTION('',(0.,0.,-1.));
#7212=DIRECTION('',(-1.,0.,0.));
#7213=DIRECTION('',(0.0324469875733271,0.999473457875404,2.81432755340891E-16));
#7214=DIRECTION('',(-0.999473457875404,0.0324469875733271,0.));
#7215=DIRECTION('',(-0.0115907088649351,-0.0657341764621928,-0.997769849971849));
#7216=DIRECTION('',(0.,0.997836879187446,-0.0657385924207291));
#7217=DIRECTION('',(0.,0.,-1.));
#7218=DIRECTION('',(-1.,0.,0.));
#7219=DIRECTION('',(-0.0241986651609033,-0.137237449786043,-0.990242549570889));
#7220=DIRECTION('',(0.,0.990532607801666,-0.137277648878578));
#7221=DIRECTION('',(0.,0.,-1.));
#7222=DIRECTION('',(-1.,0.,0.));
#7223=DIRECTION('',(0.,0.,-1.));
#7224=DIRECTION('',(-1.,0.,0.));
#7225=DIRECTION('',(-1.,-2.5292983928756E-15,-2.16840434497101E-15));
#7226=DIRECTION('',(2.5292983928756E-15,-1.,0.));
#7227=DIRECTION('',(-0.0324469875733271,-0.999473457875404,-2.81432755340891E-16));
#7228=DIRECTION('',(0.999473457875404,-0.0324469875733271,0.));
#7229=DIRECTION('',(-1.,0.,0.));
#7230=DIRECTION('',(0.,0.,1.));
#7231=DIRECTION('',(-1.,0.,0.));
#7232=DIRECTION('',(0.,0.,1.));
#7233=DIRECTION('',(0.,0.,1.));
#7234=DIRECTION('',(1.,0.,0.));
#7235=DIRECTION('',(0.,1.,0.));
#7236=DIRECTION('',(0.,0.,1.));
#7237=DIRECTION('',(0.,-1.,0.));
#7238=DIRECTION('',(0.,0.,-1.));
#7239=CARTESIAN_POINT('',(0.,0.,0.));
#7240=CARTESIAN_POINT('',(-0.003,0.0158,0.));
#7241=CARTESIAN_POINT('',(-0.00335355339059328,0.0158,0.));
#7242=CARTESIAN_POINT('',(-0.00335355339059328,0.0158,0.00735355339059327));
#7243=CARTESIAN_POINT('',(-0.0035,0.0158,0.));
#7244=CARTESIAN_POINT('',(-0.0035,0.0158,0.00770710678118655));
#7245=CARTESIAN_POINT('',(-0.003,0.0158,0.));
#7246=CARTESIAN_POINT('',(-0.00264644660940672,0.0158,0.));
#7247=CARTESIAN_POINT('',(-0.00264644660940672,0.0158,0.00664644660940672));
#7248=CARTESIAN_POINT('',(-0.0025,0.0158,0.));
#7249=CARTESIAN_POINT('',(-0.0025,0.0158,0.00629289321881345));
#7250=CARTESIAN_POINT('',(0.0005,0.0222904753075953,0.0109909513649743));
#7251=CARTESIAN_POINT('',(0.0005,0.0222904753075953,0.0109909513649743));
#7252=CARTESIAN_POINT('',(-2.71050543121376E-20,0.0222904753075953,0.0109909513649743));
#7253=CARTESIAN_POINT('',(0.00014644670893256,0.0226075762439202,0.0111473069422884));
#7254=CARTESIAN_POINT('',(0.0005,0.0222904753075953,0.0109909513649743));
#7255=CARTESIAN_POINT('',(0.000146446674278237,0.0224685862955857,0.0106855393124483));
#7256=CARTESIAN_POINT('',(0.000146318222678873,0.0226076918176889,0.011147363725898));
#7257=CARTESIAN_POINT('',(8.11237568170716E-5,0.0226111432327079,0.0109928208214236));
#7258=CARTESIAN_POINT('',(8.1136227832159E-5,0.0225567598671111,0.0108124475739238));
#7259=CARTESIAN_POINT('',(0.00014644627444991,0.0224685864438553,0.0106855390036451));
#7260=CARTESIAN_POINT('',(-0.0035,0.0158,0.));
#7261=CARTESIAN_POINT('',(-0.0012509690068058,-0.0325,-0.0151));
#7262=CARTESIAN_POINT('',(-0.00418269909709619,-0.0318636363636364,-0.0146883597159948));
#7263=CARTESIAN_POINT('',(-0.00422803895792898,-0.0320725173032398,-0.0146634245874097));
#7264=CARTESIAN_POINT('',(-0.00425096900680581,-0.0322862549417883,-0.0146384894588247));
#7265=CARTESIAN_POINT('',(-0.0042509690068058,-0.0325,-0.0146135543302397));
#7266=CARTESIAN_POINT('',(-0.00418269909638675,-0.031863636360368,-0.0146883595917956));
#7267=CARTESIAN_POINT('',(-0.00425082077193239,-0.0324999999895287,-0.0146135540860081));
#7268=CARTESIAN_POINT('',(-0.00425096900680581,-0.0325,-0.0146135543302397));
#7269=CARTESIAN_POINT('',(-0.00425096900680581,-0.0328535533905933,-0.0145719936623179));
#7270=CARTESIAN_POINT('',(-0.00412282876680771,-0.0336173412648876,-0.0144822093891339));
#7271=CARTESIAN_POINT('',(-0.00343564926592289,-0.0346846802591171,-0.0143567422809707));
#7272=CARTESIAN_POINT('',(-0.00236831027169345,-0.0353718597600019,-0.0142759634232401));
#7273=CARTESIAN_POINT('',(-0.00160452239739905,-0.0355,-0.0142609003688227));
#7274=CARTESIAN_POINT('',(-0.00125096900680581,-0.0355,-0.0142609003688227));
#7275=CARTESIAN_POINT('',(-0.00125096888218086,-0.0355,-0.0142609002439658));
#7276=CARTESIAN_POINT('',(-0.0012509690068058,-0.0355,-0.0151));
#7277=CARTESIAN_POINT('',(-0.0012509690068058,-0.0355,-0.0126));
#7278=CARTESIAN_POINT('',(-0.0012509690068058,-0.0325,-0.0126));
#7279=CARTESIAN_POINT('',(-0.00418269909709619,-0.0318636363636364,-0.0126));
#7280=CARTESIAN_POINT('',(-0.00418269909709619,-0.0318636363636364,0.0151));
#7281=CARTESIAN_POINT('',(-0.00045,-0.032,-0.0151));
#7282=CARTESIAN_POINT('',(-0.00045,-0.032,-0.0121));
#7283=CARTESIAN_POINT('',(5.E-5,-0.032,-0.0121));
#7284=CARTESIAN_POINT('',(4.99999999999982E-5,-0.032,-0.0157171444324796));
#7285=CARTESIAN_POINT('',(4.99999999999981E-5,-0.0319166666666666,-0.0157318383475387));
#7286=CARTESIAN_POINT('',(2.14285714285687E-5,-0.0316916666666667,-0.0157715119181981));
#7287=CARTESIAN_POINT('',(-0.000450000000000001,-0.0314041666666666,-0.0158222059251518));
#7288=CARTESIAN_POINT('',(-0.000921428571428572,-0.0316916666666667,-0.0157715119181981));
#7289=CARTESIAN_POINT('',(-0.00095,-0.0319166666666666,-0.0157318383475387));
#7290=CARTESIAN_POINT('',(-0.00095,-0.032,-0.0157171444324796));
#7291=CARTESIAN_POINT('',(-0.00095,-0.032,-0.0157171444324796));
#7292=CARTESIAN_POINT('',(4.99999999999985E-5,-0.032,-0.0157171444324796));
#7293=CARTESIAN_POINT('',(-0.00095,-0.032,-0.0157171444324796));
#7294=CARTESIAN_POINT('',(-0.00095,-0.0320833333333333,-0.0157024505174206));
#7295=CARTESIAN_POINT('',(-0.000921428571428572,-0.0323083333333333,-0.0156627769467612));
#7296=CARTESIAN_POINT('',(-0.000450000000000005,-0.0325958333333333,-0.0156120829398075));
#7297=CARTESIAN_POINT('',(2.14285714285695E-5,-0.0323083333333333,-0.0156627769467612));
#7298=CARTESIAN_POINT('',(4.99999999999981E-5,-0.0320833333333333,-0.0157024505174206));
#7299=CARTESIAN_POINT('',(4.99999999999982E-5,-0.032,-0.0157171444324796));
#7300=CARTESIAN_POINT('',(-0.00200396850395275,-0.026,0.0151));
#7301=CARTESIAN_POINT('',(-0.00200396850395275,-0.026,0.0116));
#7302=CARTESIAN_POINT('',(-0.00350377952757406,-0.0259761904761905,0.0116));
#7303=CARTESIAN_POINT('',(-0.00200396850395275,-0.0275,0.0116));
#7304=CARTESIAN_POINT('',(-0.00350377952757406,-0.0259761904761905,0.0151));
#7305=CARTESIAN_POINT('',(-0.00350377952757406,-0.0259761904761905,-0.0116));
#7306=CARTESIAN_POINT('',(-0.00200396850395275,-0.026,-0.0116));
#7307=CARTESIAN_POINT('',(-0.00200396850395275,-0.0275,-0.0116));
#7308=CARTESIAN_POINT('',(-0.00200396850395275,-0.0275,0.0151));
#7309=CARTESIAN_POINT('',(-0.0012509690068058,-0.0325,0.0151));
#7310=CARTESIAN_POINT('',(-0.0012509690068058,-0.0355,0.0142609003688227));
#7311=CARTESIAN_POINT('',(-0.00160452239739909,-0.0355,0.0142609003688227));
#7312=CARTESIAN_POINT('',(-0.00236831027169343,-0.0353718597600019,0.0142759634232401));
#7313=CARTESIAN_POINT('',(-0.00343564926592289,-0.0346846802591171,0.0143567422809707));
#7314=CARTESIAN_POINT('',(-0.00412282876680772,-0.0336173412648876,0.0144822093891339));
#7315=CARTESIAN_POINT('',(-0.00425096900680581,-0.0328535533905933,0.0145719936623179));
#7316=CARTESIAN_POINT('',(-0.00425096900680581,-0.0325,0.0146135543302397));
#7317=CARTESIAN_POINT('',(-0.00425082077193239,-0.0324999999895287,0.0146135540860081));
#7318=CARTESIAN_POINT('',(-0.00125096888218086,-0.0355,0.0142609002439658));
#7319=CARTESIAN_POINT('',(-0.0042509690068058,-0.0325,0.0146135543302397));
#7320=CARTESIAN_POINT('',(-0.0042509690068058,-0.0322862549417883,0.0146384894588247));
#7321=CARTESIAN_POINT('',(-0.00422803895792898,-0.0320725173032398,0.0146634245874097));
#7322=CARTESIAN_POINT('',(-0.00418269909709619,-0.0318636363636364,0.0146883597159948));
#7323=CARTESIAN_POINT('',(-0.00418269909638675,-0.031863636360368,0.0146883595917956));
#7324=CARTESIAN_POINT('',(-0.00418269909709619,-0.0318636363636364,0.0151));
#7325=CARTESIAN_POINT('',(-0.00418269909709619,-0.0318636363636364,0.0126));
#7326=CARTESIAN_POINT('',(-0.0012509690068058,-0.0325,0.0126));
#7327=CARTESIAN_POINT('',(-0.0012509690068058,-0.0355,0.0126));
#7328=CARTESIAN_POINT('',(-0.0012509690068058,-0.0355,0.0151));
#7329=CARTESIAN_POINT('',(-0.00045,-0.032,0.0151));
#7330=CARTESIAN_POINT('',(-0.00045,-0.032,0.0121));
#7331=CARTESIAN_POINT('',(-0.00095,-0.032,0.0121));
#7332=CARTESIAN_POINT('',(4.99999999999982E-5,-0.032,0.0157171444324796));
#7333=CARTESIAN_POINT('',(4.99999999999981E-5,-0.0320833333333333,0.0157024505174206));
#7334=CARTESIAN_POINT('',(2.14285714285699E-5,-0.0323083333333333,0.0156627769467612));
#7335=CARTESIAN_POINT('',(-0.000449999999999998,-0.0325958333333333,0.0156120829398075));
#7336=CARTESIAN_POINT('',(-0.000921428571428571,-0.0323083333333333,0.0156627769467612));
#7337=CARTESIAN_POINT('',(-0.00095,-0.0320833333333333,0.0157024505174206));
#7338=CARTESIAN_POINT('',(-0.00095,-0.032,0.0157171444324796));
#7339=CARTESIAN_POINT('',(4.99999999999985E-5,-0.032,0.0157171444324796));
#7340=CARTESIAN_POINT('',(-0.00095,-0.032,0.0157171444324796));
#7341=CARTESIAN_POINT('',(-0.00095,-0.032,0.0157171444324796));
#7342=CARTESIAN_POINT('',(-0.00095,-0.0319166666666666,0.0157318383475387));
#7343=CARTESIAN_POINT('',(-0.000921428571428572,-0.0316916666666667,0.0157715119181981));
#7344=CARTESIAN_POINT('',(-0.000450000000000001,-0.0314041666666666,0.0158222059251518));
#7345=CARTESIAN_POINT('',(2.14285714285693E-5,-0.0316916666666667,0.0157715119181981));
#7346=CARTESIAN_POINT('',(4.99999999999981E-5,-0.0319166666666666,0.0157318383475387));
#7347=CARTESIAN_POINT('',(4.99999999999982E-5,-0.032,0.0157171444324796));
#7348=CARTESIAN_POINT('',(-0.0015,0.,0.));
#7349=CARTESIAN_POINT('',(-0.0015,0.,0.));
#7350=CARTESIAN_POINT('',(-0.0015,0.0200356663552825,-0.0188367214158887));
#7351=CARTESIAN_POINT('',(-0.0015,-0.0200356663552825,-0.0188367214158887));
#7352=CARTESIAN_POINT('',(-0.0015,-0.0200356663552825,-0.0188367214158887));
#7353=CARTESIAN_POINT('',(-0.00173382613913782,-0.0200356663552825,-0.0188367214158887));
#7354=CARTESIAN_POINT('',(-0.00192867721222812,-0.0198952969298296,-0.0189265576146192));
#7355=CARTESIAN_POINT('',(-0.00207142857142857,-0.0197438506425274,-0.0190224064102919));
#7356=CARTESIAN_POINT('',(-0.00207142857142856,-0.0197438506425275,-0.0190224064102919));
#7357=CARTESIAN_POINT('',(-0.00207142857142857,-0.0197438506425274,-0.0190224064102919));
#7358=CARTESIAN_POINT('',(-0.00221866752967399,-0.0195876434183204,-0.0191212683539046));
#7359=CARTESIAN_POINT('',(-0.00253804857740822,-0.0192702285358118,-0.019259280211623));
#7360=CARTESIAN_POINT('',(-0.00323074374889045,-0.0185850292164491,-0.0191433499418299));
#7361=CARTESIAN_POINT('',(-0.0035,-0.0181306729023149,-0.0185837110185798));
#7362=CARTESIAN_POINT('',(-0.0035,-0.0178480980591394,-0.0182125065729938));
#7363=CARTESIAN_POINT('',(-0.0035,-0.0178480980591394,-0.0182125065729939));
#7364=CARTESIAN_POINT('',(-0.0035,0.,0.));
#7365=CARTESIAN_POINT('',(-0.0035,0.0178480980591394,-0.0182125065729939));
#7366=CARTESIAN_POINT('',(-0.0035,0.0178480980591394,-0.0182125065729939));
#7367=CARTESIAN_POINT('',(-0.0035,0.0181306729023153,-0.0185837110185794));
#7368=CARTESIAN_POINT('',(-0.00323074374889045,0.0185850292164491,-0.0191433499418299));
#7369=CARTESIAN_POINT('',(-0.00253804857740822,0.0192702285358117,-0.0192592802116231));
#7370=CARTESIAN_POINT('',(-0.00221866752967399,0.0195876434183204,-0.0191212683539046));
#7371=CARTESIAN_POINT('',(-0.00207142857142857,0.0197438506425275,-0.0190224064102919));
#7372=CARTESIAN_POINT('',(-0.00207142857142856,0.0197438506425275,-0.0190224064102919));
#7373=CARTESIAN_POINT('',(-0.00207142857142857,0.0197438506425275,-0.0190224064102919));
#7374=CARTESIAN_POINT('',(-0.00192867721222812,0.0198952969298295,-0.0189265576146193));
#7375=CARTESIAN_POINT('',(-0.00173382613913782,0.0200356663552826,-0.0188367214158886));
#7376=CARTESIAN_POINT('',(-0.0015,0.0200356663552826,-0.0188367214158886));
#7377=CARTESIAN_POINT('',(-0.0012509690068058,0.0325,-0.0151));
#7378=CARTESIAN_POINT('',(-0.0012509690068058,0.0355,-0.0142609003688227));
#7379=CARTESIAN_POINT('',(-0.00160452239739909,0.0355,-0.0142609003688227));
#7380=CARTESIAN_POINT('',(-0.00236831027169343,0.0353718597600019,-0.0142759634232401));
#7381=CARTESIAN_POINT('',(-0.00343564926592289,0.0346846802591171,-0.0143567422809707));
#7382=CARTESIAN_POINT('',(-0.00412282876680772,0.0336173412648876,-0.0144822093891339));
#7383=CARTESIAN_POINT('',(-0.00425096900680581,0.0328535533905933,-0.0145719936623179));
#7384=CARTESIAN_POINT('',(-0.00425096900680581,0.0325,-0.0146135543302397));
#7385=CARTESIAN_POINT('',(-0.00425082077193239,0.0324999999895287,-0.0146135540860081));
#7386=CARTESIAN_POINT('',(-0.00125096888218086,0.0355,-0.0142609002439658));
#7387=CARTESIAN_POINT('',(-0.0042509690068058,0.0325,-0.0146135543302397));
#7388=CARTESIAN_POINT('',(-0.0042509690068058,0.0322862549417883,-0.0146384894588247));
#7389=CARTESIAN_POINT('',(-0.00422803895792898,0.0320725173032398,-0.0146634245874097));
#7390=CARTESIAN_POINT('',(-0.00418269909709619,0.0318636363636364,-0.0146883597159948));
#7391=CARTESIAN_POINT('',(-0.00418269909638675,0.031863636360368,-0.0146883595917956));
#7392=CARTESIAN_POINT('',(-0.00418269909709619,0.0318636363636364,-0.0151));
#7393=CARTESIAN_POINT('',(-0.00418269909709619,0.0318636363636364,-0.0126));
#7394=CARTESIAN_POINT('',(-0.0012509690068058,0.0325,-0.0126));
#7395=CARTESIAN_POINT('',(-0.0012509690068058,0.0355,-0.0126));
#7396=CARTESIAN_POINT('',(-0.0012509690068058,0.0355,-0.0151));
#7397=CARTESIAN_POINT('',(-0.00045,0.032,-0.0151));
#7398=CARTESIAN_POINT('',(-0.00045,0.032,-0.0121));
#7399=CARTESIAN_POINT('',(5.E-5,0.032,-0.0121));
#7400=CARTESIAN_POINT('',(4.99999999999982E-5,0.032,-0.0157171444324796));
#7401=CARTESIAN_POINT('',(4.99999999999981E-5,0.0320833333333333,-0.0157024505174206));
#7402=CARTESIAN_POINT('',(2.14285714285699E-5,0.0323083333333333,-0.0156627769467612));
#7403=CARTESIAN_POINT('',(-0.000449999999999998,0.0325958333333333,-0.0156120829398075));
#7404=CARTESIAN_POINT('',(-0.000921428571428571,0.0323083333333333,-0.0156627769467612));
#7405=CARTESIAN_POINT('',(-0.00095,0.0320833333333333,-0.0157024505174206));
#7406=CARTESIAN_POINT('',(-0.00095,0.032,-0.0157171444324796));
#7407=CARTESIAN_POINT('',(4.99999999999985E-5,0.032,-0.0157171444324796));
#7408=CARTESIAN_POINT('',(-0.00095,0.032,-0.0157171444324796));
#7409=CARTESIAN_POINT('',(-0.00095,0.032,-0.0157171444324796));
#7410=CARTESIAN_POINT('',(-0.00095,0.0319166666666666,-0.0157318383475387));
#7411=CARTESIAN_POINT('',(-0.000921428571428572,0.0316916666666667,-0.0157715119181981));
#7412=CARTESIAN_POINT('',(-0.000450000000000001,0.0314041666666666,-0.0158222059251518));
#7413=CARTESIAN_POINT('',(2.14285714285693E-5,0.0316916666666667,-0.0157715119181981));
#7414=CARTESIAN_POINT('',(4.99999999999981E-5,0.0319166666666666,-0.0157318383475387));
#7415=CARTESIAN_POINT('',(4.99999999999982E-5,0.032,-0.0157171444324796));
#7416=CARTESIAN_POINT('',(-0.00200396850395275,0.026,0.0151));
#7417=CARTESIAN_POINT('',(-0.00200396850395275,0.026,0.0116));
#7418=CARTESIAN_POINT('',(-0.00350377952757406,0.0259761904761905,0.0116));
#7419=CARTESIAN_POINT('',(-0.00200396850395275,0.0275,0.0116));
#7420=CARTESIAN_POINT('',(-0.00200396850395276,0.0275,0.0121));
#7421=CARTESIAN_POINT('',(-0.00200396850395276,0.0275,-0.0116));
#7422=CARTESIAN_POINT('',(-0.00200396850395275,0.026,-0.0116));
#7423=CARTESIAN_POINT('',(-0.00350377952757406,0.0259761904761905,-0.0116));
#7424=CARTESIAN_POINT('',(-0.00350377952757406,0.0259761904761905,0.0151));
#7425=CARTESIAN_POINT('',(0.0038,0.,0.));
#7426=CARTESIAN_POINT('',(0.004,0.,0.));
#7427=CARTESIAN_POINT('',(0.004,-0.0259612230066305,0.00395));
#7428=CARTESIAN_POINT('',(0.004,-0.0259612230066305,-0.00395));
#7429=CARTESIAN_POINT('',(0.004,-0.0259612230066305,0.00395));
#7430=CARTESIAN_POINT('',(0.00400000000000001,-0.0258543209864842,0.00396554540170128));
#7431=CARTESIAN_POINT('',(0.00390816263260207,-0.0257542002162393,0.00398054911059552));
#7432=CARTESIAN_POINT('',(0.0038,-0.0257542002162393,0.00398054911059552));
#7433=CARTESIAN_POINT('',(0.0038,-0.0257542002162393,0.00398054911059552));
#7434=CARTESIAN_POINT('',(0.0038,0.,0.));
#7435=CARTESIAN_POINT('',(0.0038,-0.0257542002162393,-0.00398054911059552));
#7436=CARTESIAN_POINT('',(0.0038,-0.0257542002162393,-0.00398054911059552));
#7437=CARTESIAN_POINT('',(0.00390816263260207,-0.0257542002162393,-0.00398054911059552));
#7438=CARTESIAN_POINT('',(0.00400000000000001,-0.0258543209864842,-0.00396554540170128));
#7439=CARTESIAN_POINT('',(0.004,-0.0259612230066305,-0.00395));
#7440=CARTESIAN_POINT('',(-0.0015,0.,0.));
#7441=CARTESIAN_POINT('',(-0.0015,0.,0.));
#7442=CARTESIAN_POINT('',(-0.0015,0.0200356663552825,0.0188367214158887));
#7443=CARTESIAN_POINT('',(-0.0015,-0.0200356663552825,0.0188367214158887));
#7444=CARTESIAN_POINT('',(-0.0015,0.0200356663552826,0.0188367214158887));
#7445=CARTESIAN_POINT('',(-0.00173382613913782,0.0200356663552826,0.0188367214158887));
#7446=CARTESIAN_POINT('',(-0.00192867721222812,0.0198952969298296,0.0189265576146192));
#7447=CARTESIAN_POINT('',(-0.00207142857142857,0.0197438506425275,0.0190224064102919));
#7448=CARTESIAN_POINT('',(-0.00207142857142856,0.0197438506425275,0.0190224064102919));
#7449=CARTESIAN_POINT('',(-0.00207142857142857,0.0197438506425275,0.0190224064102919));
#7450=CARTESIAN_POINT('',(-0.00221866752967399,0.0195876434183203,0.0191212683539046));
#7451=CARTESIAN_POINT('',(-0.00253804857740822,0.0192702285358118,0.0192592802116229));
#7452=CARTESIAN_POINT('',(-0.00323074374889045,0.0185850292164491,0.0191433499418299));
#7453=CARTESIAN_POINT('',(-0.0035,0.0181306729023149,0.0185837110185798));
#7454=CARTESIAN_POINT('',(-0.0035,0.0178480980591394,0.0182125065729938));
#7455=CARTESIAN_POINT('',(-0.0035,0.0178480980591394,0.0182125065729939));
#7456=CARTESIAN_POINT('',(-0.0035,0.,0.));
#7457=CARTESIAN_POINT('',(-0.0035,-0.0178480980591394,0.0182125065729939));
#7458=CARTESIAN_POINT('',(-0.0035,-0.0178480980591394,0.0182125065729939));
#7459=CARTESIAN_POINT('',(-0.0035,-0.0181306729023153,0.0185837110185794));
#7460=CARTESIAN_POINT('',(-0.00323074374889045,-0.0185850292164491,0.0191433499418299));
#7461=CARTESIAN_POINT('',(-0.00253804857740822,-0.0192702285358117,0.0192592802116231));
#7462=CARTESIAN_POINT('',(-0.00221866752967399,-0.0195876434183204,0.0191212683539046));
#7463=CARTESIAN_POINT('',(-0.00207142857142857,-0.0197438506425275,0.0190224064102919));
#7464=CARTESIAN_POINT('',(-0.00207142857142856,-0.0197438506425275,0.0190224064102919));
#7465=CARTESIAN_POINT('',(-0.00207142857142857,-0.0197438506425275,0.0190224064102919));
#7466=CARTESIAN_POINT('',(-0.00192867721222812,-0.0198952969298295,0.0189265576146193));
#7467=CARTESIAN_POINT('',(-0.00173382613913782,-0.0200356663552826,0.0188367214158886));
#7468=CARTESIAN_POINT('',(-0.0015,-0.0200356663552826,0.0188367214158886));
#7469=CARTESIAN_POINT('',(-0.0012509690068058,0.0325,0.0151));
#7470=CARTESIAN_POINT('',(-0.00418269909709619,0.0318636363636364,0.0146883597159948));
#7471=CARTESIAN_POINT('',(-0.00422803895792898,0.0320725173032398,0.0146634245874097));
#7472=CARTESIAN_POINT('',(-0.00425096900680581,0.0322862549417883,0.0146384894588247));
#7473=CARTESIAN_POINT('',(-0.0042509690068058,0.0325,0.0146135543302397));
#7474=CARTESIAN_POINT('',(-0.00418269909638676,0.031863636360368,0.0146883595917956));
#7475=CARTESIAN_POINT('',(-0.00425082077193239,0.0324999999895287,0.0146135540860081));
#7476=CARTESIAN_POINT('',(-0.00425096900680581,0.0325,0.0146135543302397));
#7477=CARTESIAN_POINT('',(-0.00425096900680581,0.0328535533905933,0.0145719936623179));
#7478=CARTESIAN_POINT('',(-0.00412282876680771,0.0336173412648876,0.0144822093891339));
#7479=CARTESIAN_POINT('',(-0.00343564926592289,0.0346846802591171,0.0143567422809707));
#7480=CARTESIAN_POINT('',(-0.00236831027169345,0.0353718597600019,0.0142759634232401));
#7481=CARTESIAN_POINT('',(-0.00160452239739905,0.0355,0.0142609003688227));
#7482=CARTESIAN_POINT('',(-0.00125096900680581,0.0355,0.0142609003688227));
#7483=CARTESIAN_POINT('',(-0.00125096888218086,0.0355,0.0142609002439658));
#7484=CARTESIAN_POINT('',(-0.0012509690068058,0.0355,0.0151));
#7485=CARTESIAN_POINT('',(-0.0012509690068058,0.0355,0.0126));
#7486=CARTESIAN_POINT('',(-0.0012509690068058,0.0325,0.0126));
#7487=CARTESIAN_POINT('',(-0.00418269909709619,0.0318636363636364,0.0126));
#7488=CARTESIAN_POINT('',(-0.00418269909709619,0.0318636363636364,0.0151));
#7489=CARTESIAN_POINT('',(-0.00045,0.032,0.0151));
#7490=CARTESIAN_POINT('',(-0.00045,0.032,0.0121));
#7491=CARTESIAN_POINT('',(-0.00095,0.032,0.0121));
#7492=CARTESIAN_POINT('',(4.99999999999982E-5,0.032,0.0157171444324796));
#7493=CARTESIAN_POINT('',(4.99999999999981E-5,0.0319166666666666,0.0157318383475387));
#7494=CARTESIAN_POINT('',(2.14285714285687E-5,0.0316916666666667,0.0157715119181981));
#7495=CARTESIAN_POINT('',(-0.000450000000000001,0.0314041666666666,0.0158222059251518));
#7496=CARTESIAN_POINT('',(-0.000921428571428572,0.0316916666666667,0.0157715119181981));
#7497=CARTESIAN_POINT('',(-0.00095,0.0319166666666666,0.0157318383475387));
#7498=CARTESIAN_POINT('',(-0.00095,0.032,0.0157171444324796));
#7499=CARTESIAN_POINT('',(-0.00095,0.032,0.0157171444324796));
#7500=CARTESIAN_POINT('',(4.99999999999985E-5,0.032,0.0157171444324796));
#7501=CARTESIAN_POINT('',(-0.00095,0.032,0.0157171444324796));
#7502=CARTESIAN_POINT('',(-0.00095,0.0320833333333333,0.0157024505174206));
#7503=CARTESIAN_POINT('',(-0.000921428571428572,0.0323083333333333,0.0156627769467612));
#7504=CARTESIAN_POINT('',(-0.000450000000000005,0.0325958333333333,0.0156120829398075));
#7505=CARTESIAN_POINT('',(2.14285714285695E-5,0.0323083333333333,0.0156627769467612));
#7506=CARTESIAN_POINT('',(4.99999999999981E-5,0.0320833333333333,0.0157024505174206));
#7507=CARTESIAN_POINT('',(4.99999999999982E-5,0.032,0.0157171444324796));
#7508=CARTESIAN_POINT('',(0.0005,0.,0.));
#7509=CARTESIAN_POINT('',(0.,0.,0.));
#7510=CARTESIAN_POINT('',(0.,-0.0185757359312881,-0.0165108550946581));
#7511=CARTESIAN_POINT('',(0.,0.0222904753075953,-0.0109909513649743));
#7512=CARTESIAN_POINT('',(0.0005,-0.0185757359312881,-0.0165108550946581));
#7513=CARTESIAN_POINT('',(0.000146446714534474,-0.0188399915478025,-0.0167457360080528));
#7514=CARTESIAN_POINT('',(0.00014644660940673,0.,0.));
#7515=CARTESIAN_POINT('',(0.000146446708933009,0.022607576244229,-0.0111473069416633));
#7516=CARTESIAN_POINT('',(0.0005,0.0222904753075953,-0.0109909513649743));
#7517=CARTESIAN_POINT('',(-0.00425096900680581,0.0188,0.0015));
#7518=CARTESIAN_POINT('',(0.0006,0.0188,0.0015));
#7519=CARTESIAN_POINT('',(0.0006,0.0188,0.0011));
#7520=CARTESIAN_POINT('',(-0.0025,0.0188,0.0015));
#7521=CARTESIAN_POINT('',(-0.0025,0.0188,0.0011));
#7522=CARTESIAN_POINT('',(-0.00425096900680581,0.0173,0.0015));
#7523=CARTESIAN_POINT('',(0.0006,0.0173,0.0015));
#7524=CARTESIAN_POINT('',(0.0006,0.0173,0.001));
#7525=CARTESIAN_POINT('',(-0.0025,0.0173,0.0015));
#7526=CARTESIAN_POINT('',(-0.0025,0.0173,0.001));
#7527=CARTESIAN_POINT('',(-0.00425096900680581,0.0128,0.0015));
#7528=CARTESIAN_POINT('',(0.0006,0.0128,0.0015));
#7529=CARTESIAN_POINT('',(0.0006,0.0128,0.0011));
#7530=CARTESIAN_POINT('',(-0.0025,0.0128,0.0015));
#7531=CARTESIAN_POINT('',(-0.0025,0.0128,0.0011));
#7532=CARTESIAN_POINT('',(-0.00425096900680581,0.0143,0.0015));
#7533=CARTESIAN_POINT('',(0.0006,0.0143,0.0015));
#7534=CARTESIAN_POINT('',(0.0006,0.0143,0.001));
#7535=CARTESIAN_POINT('',(-0.0025,0.0143,0.0015));
#7536=CARTESIAN_POINT('',(-0.0025,0.0143,0.001));
#7537=CARTESIAN_POINT('',(-0.00425096900680581,0.0188,-0.0015));
#7538=CARTESIAN_POINT('',(0.0006,0.0188,-0.0015));
#7539=CARTESIAN_POINT('',(0.0006,0.0188,-0.0019));
#7540=CARTESIAN_POINT('',(-0.0025,0.0188,-0.0015));
#7541=CARTESIAN_POINT('',(-0.0025,0.0188,-0.0019));
#7542=CARTESIAN_POINT('',(-0.00425096900680581,0.0173,-0.0015));
#7543=CARTESIAN_POINT('',(0.0006,0.0173,-0.0015));
#7544=CARTESIAN_POINT('',(0.0006,0.0173,-0.002));
#7545=CARTESIAN_POINT('',(-0.0025,0.0173,-0.0015));
#7546=CARTESIAN_POINT('',(-0.0025,0.0173,-0.002));
#7547=CARTESIAN_POINT('',(-0.00425096900680581,0.0128,-0.0015));
#7548=CARTESIAN_POINT('',(0.0006,0.0128,-0.0015));
#7549=CARTESIAN_POINT('',(0.0006,0.0128,-0.0019));
#7550=CARTESIAN_POINT('',(-0.0025,0.0128,-0.0015));
#7551=CARTESIAN_POINT('',(-0.0025,0.0128,-0.0019));
#7552=CARTESIAN_POINT('',(-0.00425096900680581,0.0143,-0.0015));
#7553=CARTESIAN_POINT('',(0.0006,0.0143,-0.0015));
#7554=CARTESIAN_POINT('',(0.0006,0.0143,-0.002));
#7555=CARTESIAN_POINT('',(-0.0025,0.0143,-0.0015));
#7556=CARTESIAN_POINT('',(-0.0025,0.0143,-0.002));
#7557=CARTESIAN_POINT('',(-0.00425096900680581,0.0158,0.0015));
#7558=CARTESIAN_POINT('',(0.0006,0.0158,0.0015));
#7559=CARTESIAN_POINT('',(0.0006,0.0158,0.001));
#7560=CARTESIAN_POINT('',(-0.0025,0.0158,0.0015));
#7561=CARTESIAN_POINT('',(-0.0025,0.0158,0.001));
#7562=CARTESIAN_POINT('',(-0.00425096900680581,0.0158,0.));
#7563=CARTESIAN_POINT('',(0.0006,0.0158,0.));
#7564=CARTESIAN_POINT('',(0.0006,0.0158,-0.0006));
#7565=CARTESIAN_POINT('',(-0.0025,0.0158,0.));
#7566=CARTESIAN_POINT('',(-0.0025,0.0158,-0.0006));
#7567=CARTESIAN_POINT('',(-0.00425096900680581,0.0188,-3.96294516026573E-19));
#7568=CARTESIAN_POINT('',(0.0006,0.0188,-3.96294516026573E-19));
#7569=CARTESIAN_POINT('',(0.0006,0.0188,-0.0004));
#7570=CARTESIAN_POINT('',(-0.0025,0.0188,-3.96294516026573E-19));
#7571=CARTESIAN_POINT('',(-0.0025,0.0188,-0.0004));
#7572=CARTESIAN_POINT('',(-0.00425096900680581,0.0173,-3.50237102781043E-20));
#7573=CARTESIAN_POINT('',(0.0006,0.0173,-3.50237102781043E-20));
#7574=CARTESIAN_POINT('',(0.0006,0.0173,-0.0005));
#7575=CARTESIAN_POINT('',(-0.0025,0.0173,-3.50237102781043E-20));
#7576=CARTESIAN_POINT('',(-0.0025,0.0173,-0.0005));
#7577=CARTESIAN_POINT('',(-0.00425096900680581,0.0158,-0.003));
#7578=CARTESIAN_POINT('',(0.0006,0.0158,-0.003));
#7579=CARTESIAN_POINT('',(0.0006,0.0158,-0.0034));
#7580=CARTESIAN_POINT('',(-0.0025,0.0158,-0.003));
#7581=CARTESIAN_POINT('',(-0.0025,0.0158,-0.0034));
#7582=CARTESIAN_POINT('',(-0.00425096900680581,0.0158,-0.0015));
#7583=CARTESIAN_POINT('',(0.0006,0.0158,-0.0015));
#7584=CARTESIAN_POINT('',(0.0006,0.0158,-0.002));
#7585=CARTESIAN_POINT('',(-0.0025,0.0158,-0.0015));
#7586=CARTESIAN_POINT('',(-0.0025,0.0158,-0.002));
#7587=CARTESIAN_POINT('',(-0.00425096900680581,0.0128,6.81394667223097E-19));
#7588=CARTESIAN_POINT('',(0.0006,0.0128,6.81394667223097E-19));
#7589=CARTESIAN_POINT('',(0.0006,0.0128,-0.000399999999999999));
#7590=CARTESIAN_POINT('',(-0.0025,0.0128,6.81394667223097E-19));
#7591=CARTESIAN_POINT('',(-0.0025,0.0128,-0.000399999999999999));
#7592=CARTESIAN_POINT('',(-0.00425096900680581,0.0143,5.03820881346731E-19));
#7593=CARTESIAN_POINT('',(0.0006,0.0143,5.03820881346731E-19));
#7594=CARTESIAN_POINT('',(0.0006,0.0143,-0.000499999999999999));
#7595=CARTESIAN_POINT('',(-0.0025,0.0143,5.03820881346731E-19));
#7596=CARTESIAN_POINT('',(-0.0025,0.0143,-0.000499999999999999));
#7597=CARTESIAN_POINT('',(-0.00425096900680581,0.0173,-0.003));
#7598=CARTESIAN_POINT('',(0.0006,0.0173,-0.003));
#7599=CARTESIAN_POINT('',(0.0006,0.0173,-0.0034));
#7600=CARTESIAN_POINT('',(-0.0025,0.0173,-0.003));
#7601=CARTESIAN_POINT('',(-0.0025,0.0173,-0.0034));
#7602=CARTESIAN_POINT('',(-0.00425096900680581,0.0173,0.003));
#7603=CARTESIAN_POINT('',(0.0006,0.0173,0.003));
#7604=CARTESIAN_POINT('',(0.0006,0.0173,0.0026));
#7605=CARTESIAN_POINT('',(-0.0025,0.0173,0.003));
#7606=CARTESIAN_POINT('',(-0.0025,0.0173,0.0026));
#7607=CARTESIAN_POINT('',(-0.00425096900680581,0.0143,-0.003));
#7608=CARTESIAN_POINT('',(0.0006,0.0143,-0.003));
#7609=CARTESIAN_POINT('',(0.0006,0.0143,-0.0034));
#7610=CARTESIAN_POINT('',(-0.0025,0.0143,-0.003));
#7611=CARTESIAN_POINT('',(-0.0025,0.0143,-0.0034));
#7612=CARTESIAN_POINT('',(-0.00425096900680581,0.0143,0.003));
#7613=CARTESIAN_POINT('',(0.0006,0.0143,0.003));
#7614=CARTESIAN_POINT('',(0.0006,0.0143,0.0026));
#7615=CARTESIAN_POINT('',(-0.0025,0.0143,0.003));
#7616=CARTESIAN_POINT('',(-0.0025,0.0143,0.0026));
#7617=CARTESIAN_POINT('',(-0.00425096900680581,0.0158,0.003));
#7618=CARTESIAN_POINT('',(0.0006,0.0158,0.003));
#7619=CARTESIAN_POINT('',(0.0006,0.0158,0.0026));
#7620=CARTESIAN_POINT('',(-0.0025,0.0158,0.003));
#7621=CARTESIAN_POINT('',(-0.0025,0.0158,0.0026));
#7622=CARTESIAN_POINT('',(0.00120710678118655,0.,0.));
#7623=CARTESIAN_POINT('',(0.00120710678118655,0.,0.));
#7624=CARTESIAN_POINT('',(0.00120710677764634,-0.0196600501223035,0.0171057308872938));
#7625=CARTESIAN_POINT('',(0.00120710678118655,0.0257511863804369,0.004));
#7626=CARTESIAN_POINT('',(0.00120710678118655,-0.0192828427124746,0.0167775319080598));
#7627=CARTESIAN_POINT('',(0.000853553285368404,-0.0195495685065781,0.0170096036132602));
#7628=CARTESIAN_POINT('',(0.000853553390593287,0.,0.));
#7629=CARTESIAN_POINT('',(0.000853553390593288,0.0256029734469871,0.004));
#7630=CARTESIAN_POINT('',(0.00120710678118655,0.0257511863804369,0.004));
#7631=CARTESIAN_POINT('',(0.00107482235986098,0.0257511863804369,0.004));
#7632=CARTESIAN_POINT('',(0.000946514328670802,0.025697062058886,0.004));
#7633=CARTESIAN_POINT('',(0.000853553390593286,0.0256029734469871,0.004));
#7634=CARTESIAN_POINT('',(0.004,0.,0.));
#7635=CARTESIAN_POINT('',(0.004,-0.0257542002162393,0.00398054911059552));
#7636=CARTESIAN_POINT('',(0.00310495105148927,-0.0257542002162393,0.00398054911059552));
#7637=CARTESIAN_POINT('',(0.00310495105148927,-0.0257542002162393,0.00398054911059552));
#7638=CARTESIAN_POINT('',(0.00288823415375839,-0.0257542002162393,0.00398054911059552));
#7639=CARTESIAN_POINT('',(0.00269364626932383,-0.0257835425469613,0.00379202562722833));
#7640=CARTESIAN_POINT('',(0.00268844303799696,-0.0258132797593114,0.00357745552977584));
#7641=CARTESIAN_POINT('',(0.00268844303799755,-0.0258132797593115,0.00357745552977571));
#7642=CARTESIAN_POINT('',(0.00720508919533448,0.,0.));
#7643=CARTESIAN_POINT('',(0.00265513690650134,-0.0260036290716248,0.00171314771848415));
#7644=CARTESIAN_POINT('',(0.00265513690650134,-0.0260036290716248,0.00171314771848415));
#7645=CARTESIAN_POINT('',(0.00265268419433782,-0.026017646672969,0.00150037651265392));
#7646=CARTESIAN_POINT('',(0.00284399568465594,-0.0260270505081999,0.00131005413766434));
#7647=CARTESIAN_POINT('',(0.00305720941485096,-0.0260270505081999,0.00131005413766435));
#7648=CARTESIAN_POINT('',(0.00305720941485096,-0.0260270505081999,0.00131005413766435));
#7649=CARTESIAN_POINT('',(0.004,-0.0260270505081999,0.00131005413766435));
#7650=CARTESIAN_POINT('',(0.0045,-0.0260270505081999,0.00131005413766435));
#7651=CARTESIAN_POINT('',(0.0045,0.,0.));
#7652=CARTESIAN_POINT('',(0.0045,-0.0260270505081999,-0.00131005413766435));
#7653=CARTESIAN_POINT('',(0.004,-0.0260270505081999,-0.00131005413766435));
#7654=CARTESIAN_POINT('',(0.00305720941485095,-0.0260270505081999,-0.00131005413766435));
#7655=CARTESIAN_POINT('',(0.00305720941485095,-0.0260270505081999,-0.00131005413766435));
#7656=CARTESIAN_POINT('',(0.00284399568465594,-0.0260270505081999,-0.00131005413766435));
#7657=CARTESIAN_POINT('',(0.00265268419433782,-0.026017646672969,-0.00150037651265393));
#7658=CARTESIAN_POINT('',(0.00265513690650134,-0.0260036290716248,-0.00171314771848415));
#7659=CARTESIAN_POINT('',(0.00265513690650134,-0.0260036290716248,-0.00171314771848415));
#7660=CARTESIAN_POINT('',(0.00720508919533448,0.,0.));
#7661=CARTESIAN_POINT('',(0.00268844303799755,-0.0258132797593115,-0.00357745552977571));
#7662=CARTESIAN_POINT('',(0.00268844303799755,-0.0258132797593115,-0.00357745552977571));
#7663=CARTESIAN_POINT('',(0.00269364626932434,-0.0257835425469614,-0.00379202562722791));
#7664=CARTESIAN_POINT('',(0.00288823415375837,-0.0257542002162393,-0.00398054911059552));
#7665=CARTESIAN_POINT('',(0.00310495105148927,-0.0257542002162393,-0.00398054911059552));
#7666=CARTESIAN_POINT('',(0.00310495105148927,-0.0257542002162393,-0.00398054911059552));
#7667=CARTESIAN_POINT('',(0.004,-0.0257542002162393,-0.00398054911059552));
#7668=CARTESIAN_POINT('',(0.00150710678118655,-0.0199659186653791,0.0167477070623852));
#7669=CARTESIAN_POINT('',(0.00140816838948165,-0.0198650448591259,0.0168679646118882));
#7670=CARTESIAN_POINT('',(0.00130816022316131,-0.0197630803551663,0.01698731562897));
#7671=CARTESIAN_POINT('',(0.00120710678120682,-0.0196600501207988,0.0171057308890231));
#7672=CARTESIAN_POINT('',(0.00150710682530223,-0.0199659187104539,0.0167477070086488));
#7673=CARTESIAN_POINT('',(0.004,0.0257511863804369,0.004));
#7674=CARTESIAN_POINT('',(0.0018,0.0257511863804369,0.004));
#7675=CARTESIAN_POINT('',(0.0018,0.,0.));
#7676=CARTESIAN_POINT('',(0.0018,0.0257511863804369,-0.004));
#7677=CARTESIAN_POINT('',(0.004,0.0257511863804369,-0.004));
#7678=CARTESIAN_POINT('',(0.00120710678118649,0.0257511863804369,-0.004));
#7679=CARTESIAN_POINT('',(0.00120710678118655,0.,0.));
#7680=CARTESIAN_POINT('',(0.00120710678118655,-0.0196600501207781,-0.0171057308890468));
#7681=CARTESIAN_POINT('',(0.00120710678118656,-0.0196600501207781,-0.0171057308890468));
#7682=CARTESIAN_POINT('',(0.00130815999675081,-0.0197630801206844,-0.0169873158984662));
#7683=CARTESIAN_POINT('',(0.00140816793432106,-0.019865044395062,-0.0168679651550831));
#7684=CARTESIAN_POINT('',(0.00150710610575864,-0.0199659179767385,-0.0167477078833538));
#7685=CARTESIAN_POINT('',(0.00150710610572483,-0.0199659179767523,-0.0167477078833374));
#7686=CARTESIAN_POINT('',(0.00150710678118655,-0.019965918665379,-0.0167477070623853));
#7687=CARTESIAN_POINT('',(0.00172323429620427,-0.0201862740269351,-0.0164850085801441));
#7688=CARTESIAN_POINT('',(0.0018,-0.020441461916277,-0.0161688915116659));
#7689=CARTESIAN_POINT('',(0.0018,-0.0206868577388422,-0.0158485809110123));
#7690=CARTESIAN_POINT('',(0.00179999999998252,-0.0206868577388423,-0.0158485809110122));
#7691=CARTESIAN_POINT('',(0.0018,0.,0.));
#7692=CARTESIAN_POINT('',(0.0018,-0.0257511863804369,-0.004));
#7693=CARTESIAN_POINT('',(0.0018,0.,0.));
#7694=CARTESIAN_POINT('',(0.0018,-0.0257511863804369,0.004));
#7695=CARTESIAN_POINT('',(0.0018,0.,0.));
#7696=CARTESIAN_POINT('',(0.00179999999999467,-0.0206868577388423,0.0158485809110122));
#7697=CARTESIAN_POINT('',(0.0018,-0.0206868577388423,0.0158485809110122));
#7698=CARTESIAN_POINT('',(0.0018,-0.0204412063914219,0.0161692250435042));
#7699=CARTESIAN_POINT('',(0.00172361524396355,-0.020186662426723,0.0164845455460974));
#7700=CARTESIAN_POINT('',(0.00150710678118655,-0.0199659186653791,0.0167477070623852));
#7701=CARTESIAN_POINT('',(0.,0.,0.));
#7702=CARTESIAN_POINT('',(0.000853441628412248,-0.0195496526045328,-0.0170096766858565));
#7703=CARTESIAN_POINT('',(0.00061645708378002,-0.0193114531641156,-0.0169216972312546));
#7704=CARTESIAN_POINT('',(0.000380757861714146,-0.0190749251385835,-0.0168337397836957));
#7705=CARTESIAN_POINT('',(0.000146334963877663,-0.0188400752993814,-0.0167458102478164));
#7706=CARTESIAN_POINT('',(0.000853553285368509,-0.0195495685065779,-0.0170096036132607));
#7707=CARTESIAN_POINT('',(0.000853553390593285,0.,0.));
#7708=CARTESIAN_POINT('',(0.000853553390593285,0.0256029734469871,-0.004));
#7709=CARTESIAN_POINT('',(0.000746446609405164,0.0254945619025755,-0.004));
#7710=CARTESIAN_POINT('',(0.000746446609406799,0.0254945619025738,-0.00399999999999986));
#7711=CARTESIAN_POINT('',(0.000746446609406776,0.,0.));
#7712=CARTESIAN_POINT('',(0.000746446609406621,0.0235663255788504,-0.0105167003054935));
#7713=CARTESIAN_POINT('',(0.000453308661212552,0.0230102305529685,-0.0110219438102654));
#7714=CARTESIAN_POINT('',(0.000478635090567904,0.0230432783097718,-0.0110115318276765));
#7715=CARTESIAN_POINT('',(0.000542415768217089,0.0231258852004554,-0.0109863749548523));
#7716=CARTESIAN_POINT('',(0.000719337790285892,0.0234061056005054,-0.0108039592152931));
#7717=CARTESIAN_POINT('',(0.000746461186934495,0.0235181925770888,-0.0106245240260434));
#7718=CARTESIAN_POINT('',(0.000746023861941993,0.0235667022135556,-0.0105168717397593));
#7719=CARTESIAN_POINT('',(0.000453553390676079,0.0230100092255216,-0.011021836601052));
#7720=CARTESIAN_POINT('',(0.000146318283594168,0.0226076919236412,-0.0111473636477585));
#7721=CARTESIAN_POINT('',(0.000248684386546204,0.0227418386320834,-0.0111055409970247));
#7722=CARTESIAN_POINT('',(0.000351053161174754,0.0228759829336558,-0.0110637171654825));
#7723=CARTESIAN_POINT('',(0.000453424617364478,0.0230101248279318,-0.0110218921766421));
#7724=CARTESIAN_POINT('',(0.,0.,0.));
#7725=CARTESIAN_POINT('',(0.000853553390593286,0.0256029734469871,0.004));
#7726=CARTESIAN_POINT('',(0.000746446609406727,0.0254945619025737,0.004));
#7727=CARTESIAN_POINT('',(0.000146334963972492,-0.0188400752994754,0.0167458102478514));
#7728=CARTESIAN_POINT('',(0.00038075786177577,-0.0190749251386451,0.0168337397837185));
#7729=CARTESIAN_POINT('',(0.000616457083809829,-0.0193114531641459,0.0169216972312659));
#7730=CARTESIAN_POINT('',(0.000853441628411651,-0.0195496526045333,0.0170096766858568));
#7731=CARTESIAN_POINT('',(0.000146446714534514,-0.018839991548151,0.0167457360076608));
#7732=CARTESIAN_POINT('',(0.00014644660940673,0.,0.));
#7733=CARTESIAN_POINT('',(0.000453419300807939,0.0230101178550431,0.0110218943620238));
#7734=CARTESIAN_POINT('',(0.000351049616839904,0.0228759782848626,0.0110637186223861));
#7735=CARTESIAN_POINT('',(0.000248682614320399,0.0227418363074866,0.0111055417254981));
#7736=CARTESIAN_POINT('',(0.000146318283365384,0.0226076919233418,0.0111473636478513));
#7737=CARTESIAN_POINT('',(0.000453548059986298,0.0230100022650882,0.0110218387925899));
#7738=CARTESIAN_POINT('',(0.000746024007970903,0.0235666964742574,0.0105168843041168));
#7739=CARTESIAN_POINT('',(0.0007464609770893,0.0235182125289451,0.0106244796641314));
#7740=CARTESIAN_POINT('',(0.000719543273205959,0.0234064895651821,0.0108036194530477));
#7741=CARTESIAN_POINT('',(0.000542394490739804,0.0231258322139973,0.010986438639384));
#7742=CARTESIAN_POINT('',(0.000478607670646829,0.0230432416711728,0.0110115431123241));
#7743=CARTESIAN_POINT('',(0.000453303852723274,0.0230102231222657,0.0110219457850358));
#7744=CARTESIAN_POINT('',(0.000746446609353196,0.0235663199152559,0.0105167129966168));
#7745=CARTESIAN_POINT('',(0.000746446609406728,0.,0.));
#7746=CARTESIAN_POINT('',(0.00120710678118655,0.,0.));
#7747=CARTESIAN_POINT('',(0.000853553390593286,0.0256029734469872,-0.004));
#7748=CARTESIAN_POINT('',(0.000946520898166058,0.0256970687080734,-0.004));
#7749=CARTESIAN_POINT('',(0.00107480864024415,0.0257511863804369,-0.004));
#7750=CARTESIAN_POINT('',(0.00120710678118643,0.0257511863804369,-0.004));
#7751=CARTESIAN_POINT('',(0.00120710678118655,-0.0192828427124747,-0.0167775319080598));
#7752=CARTESIAN_POINT('',(-0.00014142135623731,-0.0186414213562373,4.70793268934247E-18));
#7753=CARTESIAN_POINT('',(0.0006,-0.0193828427124746,0.004));
#7754=CARTESIAN_POINT('',(0.0006,-0.0193828427124746,0.004));
#7755=CARTESIAN_POINT('',(0.00115355339059327,-0.0199363961030679,0.004));
#7756=CARTESIAN_POINT('',(0.0006,-0.0193828427124746,0.));
#7757=CARTESIAN_POINT('',(0.0006,-0.0193828427124746,-0.004));
#7758=CARTESIAN_POINT('',(0.00115355339059327,-0.0199363961030679,-0.004));
#7759=CARTESIAN_POINT('',(0.00115355339059327,-0.0199363961030679,-0.004));
#7760=CARTESIAN_POINT('',(0.00115355339059327,-0.0199363961030679,5.03498146024732E-18));
#7761=CARTESIAN_POINT('',(0.00115355336251845,-0.0199363960749931,-0.0164263771718355));
#7762=CARTESIAN_POINT('',(0.00115355339059327,-0.0199363961030679,-0.0164263773029381));
#7763=CARTESIAN_POINT('',(0.00105461516729208,-0.0198374578797667,-0.0165443273310805));
#7764=CARTESIAN_POINT('',(0.000954607176575972,-0.0197374498890506,-0.0166613882230224));
#7765=CARTESIAN_POINT('',(0.000853553906624807,-0.0196363966190994,-0.0167775313149717));
#7766=CARTESIAN_POINT('',(0.00085355390663819,-0.0196363966191128,-0.0167775313149951));
#7767=CARTESIAN_POINT('',(0.000853553390593283,-0.0196363961030679,-0.0167775319080598));
#7768=CARTESIAN_POINT('',(0.000617727226027937,-0.0194005699385025,-0.0166892997452123));
#7769=CARTESIAN_POINT('',(0.000382022224286637,-0.0191648649367612,-0.0166004170932274));
#7770=CARTESIAN_POINT('',(0.000146446825055153,-0.0189292895375298,-0.0165108551766441));
#7771=CARTESIAN_POINT('',(0.00014644682505227,-0.0189292895375269,-0.0165108551766593));
#7772=CARTESIAN_POINT('',(0.000146446609406733,-0.0189292893218813,4.78063438841204E-18));
#7773=CARTESIAN_POINT('',(0.000146446696225917,-0.0189292894087006,0.0165108550005132));
#7774=CARTESIAN_POINT('',(0.000146446609406732,-0.0189292893218813,0.0165108550946581));
#7775=CARTESIAN_POINT('',(0.000382021999555586,-0.0191648647120302,0.016600417008233));
#7776=CARTESIAN_POINT('',(0.000617726992206925,-0.0194005697046815,0.0166892996572526));
#7777=CARTESIAN_POINT('',(0.000853553147675949,-0.0196363958601506,0.0167775318171746));
#7778=CARTESIAN_POINT('',(0.00085355315895961,-0.0196363958714342,0.0167775317568568));
#7779=CARTESIAN_POINT('',(0.000853553390593285,-0.0196363961030679,0.0167775319080598));
#7780=CARTESIAN_POINT('',(0.000954606663640484,-0.0197374493761151,0.016661388819766));
#7781=CARTESIAN_POINT('',(0.00105461465750477,-0.0198374573699794,0.0165443279314398));
#7782=CARTESIAN_POINT('',(0.0011535528840048,-0.0199363955964794,0.0164263779068718));
#7783=CARTESIAN_POINT('',(0.00115355288401854,-0.0199363955964931,0.0164263779068949));
#7784=CARTESIAN_POINT('',(0.00115355339059327,-0.0199363961030679,5.03498146024732E-18));
#7785=CARTESIAN_POINT('',(0.0013,0.,0.));
#7786=CARTESIAN_POINT('',(0.0013,0.,0.));
#7787=CARTESIAN_POINT('',(0.0013,-0.0202899494936612,0.015544502228913));
#7788=CARTESIAN_POINT('',(0.0013,-0.025245070806001,0.004));
#7789=CARTESIAN_POINT('',(0.0013,0.,0.004));
#7790=CARTESIAN_POINT('',(0.0013,-0.0202899494936612,0.004));
#7791=CARTESIAN_POINT('',(0.0013,-0.0202899494936612,0.));
#7792=CARTESIAN_POINT('',(0.0013,0.,0.));
#7793=CARTESIAN_POINT('',(0.0013,-0.0202899494936612,0.));
#7794=CARTESIAN_POINT('',(0.0013,-0.0202899494938243,-0.015544502229038));
#7795=CARTESIAN_POINT('',(0.0013,-0.0202899494936612,-0.004));
#7796=CARTESIAN_POINT('',(0.0013,0.,-0.004));
#7797=CARTESIAN_POINT('',(0.0013,-0.025245070806001,-0.004));
#7798=CARTESIAN_POINT('',(0.0013,0.,0.));
#7799=CARTESIAN_POINT('',(0.0008,-0.0202899494936612,5.12427216041407E-18));
#7800=CARTESIAN_POINT('',(0.0008,-0.0202899494936612,0.004));
#7801=CARTESIAN_POINT('',(0.00115355339059327,-0.0199363961030679,0.0164263773029381));
#7802=CARTESIAN_POINT('',(0.00127037021454477,-0.0200532129270194,0.0161478490008757));
#7803=CARTESIAN_POINT('',(0.0013,-0.020174473478245,0.0158459596170002));
#7804=CARTESIAN_POINT('',(0.0013,-0.0202899494936611,0.015544502228913));
#7805=CARTESIAN_POINT('',(0.0008,-0.0202899494936612,5.12427216041407E-18));
#7806=CARTESIAN_POINT('',(0.0008,-0.0202899494936612,-0.004));
#7807=CARTESIAN_POINT('',(0.0013,-0.0202899494936612,-0.015544502228913));
#7808=CARTESIAN_POINT('',(0.0013,-0.0201745070479453,-0.01584587198119));
#7809=CARTESIAN_POINT('',(0.00127030549391021,-0.0200531482063848,-0.0161480033153641));
#7810=CARTESIAN_POINT('',(0.00115355339059327,-0.0199363961030679,-0.0164263773029381));
#7811=CARTESIAN_POINT('',(0.0018,0.,0.));
#7812=CARTESIAN_POINT('',(0.0013,-0.025245070806001,0.004));
#7813=CARTESIAN_POINT('',(0.00130000000000002,-0.0255107843833373,0.004));
#7814=CARTESIAN_POINT('',(0.00153419295318546,-0.0257511863804369,0.004));
#7815=CARTESIAN_POINT('',(0.0018,-0.0257511863804369,0.004));
#7816=CARTESIAN_POINT('',(0.0018,-0.0202899494936611,0.015544502228913));
#7817=CARTESIAN_POINT('',(0.0018,0.,0.));
#7818=CARTESIAN_POINT('',(0.0018,-0.0257511863804369,-0.004));
#7819=CARTESIAN_POINT('',(0.00153425085842896,-0.0257511863804369,-0.004));
#7820=CARTESIAN_POINT('',(0.00130000000000002,-0.025510730283306,-0.004));
#7821=CARTESIAN_POINT('',(0.0013,-0.025245070806001,-0.004));
#7822=CARTESIAN_POINT('',(0.0018,-0.0202899494936612,-0.015544502228913));
#7823=CARTESIAN_POINT('',(0.0011,0.,0.));
#7824=CARTESIAN_POINT('',(0.000746446609406727,0.0254945619025737,0.004));
#7825=CARTESIAN_POINT('',(0.000652727113080274,0.0253996958998766,0.004));
#7826=CARTESIAN_POINT('',(0.0006,0.0252699509493364,0.004));
#7827=CARTESIAN_POINT('',(0.0006,0.0251366221519185,0.004));
#7828=CARTESIAN_POINT('',(0.0006,0.0251366221519185,0.004));
#7829=CARTESIAN_POINT('',(0.000746446609406725,0.0235663199492759,0.0105167129205146));
#7830=CARTESIAN_POINT('',(0.000653886548195093,0.0234817945572275,0.010478992594024));
#7831=CARTESIAN_POINT('',(0.0006,0.0233629936900047,0.0104259764838304));
#7832=CARTESIAN_POINT('',(0.0006,0.0232434567342049,0.0103726318865303));
#7833=CARTESIAN_POINT('',(0.000599999999999992,0.0232434566422701,0.010372631795192));
#7834=CARTESIAN_POINT('',(0.0006,0.,0.));
#7835=CARTESIAN_POINT('',(0.0011,0.,0.));
#7836=CARTESIAN_POINT('',(0.0006,0.0251366221519185,-0.004));
#7837=CARTESIAN_POINT('',(0.0006,0.0252699667974256,-0.004));
#7838=CARTESIAN_POINT('',(0.000652718433828303,0.0253996871144481,-0.004));
#7839=CARTESIAN_POINT('',(0.000746446609406822,0.0254945619025738,-0.004));
#7840=CARTESIAN_POINT('',(0.0006,0.0251366221519185,-0.004));
#7841=CARTESIAN_POINT('',(0.0006,0.,0.));
#7842=CARTESIAN_POINT('',(0.000599999999999991,0.0232434566422185,-0.0103726317953511));
#7843=CARTESIAN_POINT('',(0.0006,0.0232434567342049,-0.0103726318865302));
#7844=CARTESIAN_POINT('',(0.0006,0.0233629936900048,-0.0104259764838303));
#7845=CARTESIAN_POINT('',(0.000653886548195093,0.0234817945572275,-0.010478992594024));
#7846=CARTESIAN_POINT('',(0.000746446609406726,0.023566319949276,-0.0105167129205145));
#7847=CARTESIAN_POINT('',(0.0005,0.,0.));
#7848=CARTESIAN_POINT('',(0.0005,-0.0185757359312881,0.0165108550946581));
#7849=CARTESIAN_POINT('',(-2.71050543121376E-20,-0.018575735931288,0.0165108550946581));
#7850=CARTESIAN_POINT('',(0.,0.,0.));
#7851=CARTESIAN_POINT('',(-0.0335,0.0255,0.0151));
#7852=CARTESIAN_POINT('',(0.0038664621024898,0.0288162493789211,0.0116));
#7853=CARTESIAN_POINT('',(0.0038664621024898,0.0288162493789211,0.0117771992849158));
#7854=CARTESIAN_POINT('',(0.0038542078923032,0.028957093201891,0.0121163736788644));
#7855=CARTESIAN_POINT('',(0.00379734122990717,0.0295423677093924,0.0125306898631538));
#7856=CARTESIAN_POINT('',(0.00373567036726755,0.0300691740188328,0.0126));
#7857=CARTESIAN_POINT('',(0.00368980277259733,0.0304161539576495,0.0126));
#7858=CARTESIAN_POINT('',(0.00368980277259761,0.0304161539576473,0.0125999999999872));
#7859=CARTESIAN_POINT('',(0.00386646210248812,0.0288162493789399,0.0116000000003949));
#7860=CARTESIAN_POINT('',(-0.0335,0.0255,0.0126));
#7861=CARTESIAN_POINT('',(0.0032336538913467,0.0331084605401323,0.0126));
#7862=CARTESIAN_POINT('',(0.0032336538913467,0.0331084605401323,0.0151));
#7863=CARTESIAN_POINT('',(0.00323365389221571,0.0331084605359366,0.0145420288662067));
#7864=CARTESIAN_POINT('',(0.00323365389134669,0.0331084605401323,0.0145420289902918));
#7865=CARTESIAN_POINT('',(0.00368339723010499,0.0309370993220851,0.0149146923309971));
#7866=CARTESIAN_POINT('',(0.00394085456348865,0.028717062039453,0.0152957097791121));
#7867=CARTESIAN_POINT('',(0.00399998927763359,0.0265004020078785,0.0156761476011145));
#7868=CARTESIAN_POINT('',(0.00399998925990967,0.0265004020056843,0.015676147518156));
#7869=CARTESIAN_POINT('',(0.00399998927763359,0.0265004020078785,0.0156761476011145));
#7870=CARTESIAN_POINT('',(0.0039999964535939,0.0265001330175799,0.0156746215385743));
#7871=CARTESIAN_POINT('',(0.00400000000000001,0.0265,0.0156730658190051));
#7872=CARTESIAN_POINT('',(0.00400000000000001,0.0265,0.0156715162144904));
#7873=CARTESIAN_POINT('',(0.004,0.0265,0.0156715162144904));
#7874=CARTESIAN_POINT('',(0.004,0.0265,0.));
#7875=CARTESIAN_POINT('',(0.004,0.0265,-0.0156715162144904));
#7876=CARTESIAN_POINT('',(0.00399998927763357,0.0265004020078786,-0.0156761476011145));
#7877=CARTESIAN_POINT('',(0.00399999645359389,0.02650013301758,-0.0156746215385744));
#7878=CARTESIAN_POINT('',(0.004,0.0265000000000001,-0.0156730658190051));
#7879=CARTESIAN_POINT('',(0.004,0.0265000000000001,-0.0156715162144904));
#7880=CARTESIAN_POINT('',(0.00399998925552102,0.0265004021700897,-0.0156761484604778));
#7881=CARTESIAN_POINT('',(0.00399998927763359,0.0265004020078785,-0.0156761476011146));
#7882=CARTESIAN_POINT('',(0.00394085456348865,0.028717062039453,-0.0152957097791119));
#7883=CARTESIAN_POINT('',(0.00368339723010498,0.0309370993220852,-0.0149146923309972));
#7884=CARTESIAN_POINT('',(0.00323365389134669,0.0331084605401323,-0.0145420289902918));
#7885=CARTESIAN_POINT('',(0.00323365389221571,0.0331084605359366,-0.0145420288662067));
#7886=CARTESIAN_POINT('',(0.0032336538913467,0.0331084605401323,0.0151));
#7887=CARTESIAN_POINT('',(0.0032336538913467,0.0331084605401323,-0.0126));
#7888=CARTESIAN_POINT('',(-0.0335,0.0255,-0.0126));
#7889=CARTESIAN_POINT('',(0.00368980277259761,0.0304161539576473,-0.0125999999999872));
#7890=CARTESIAN_POINT('',(0.00368980277259733,0.0304161539576495,-0.0126));
#7891=CARTESIAN_POINT('',(0.00373567036726755,0.0300691740188328,-0.0126));
#7892=CARTESIAN_POINT('',(0.00379734122990718,0.0295423677093924,-0.0125306898631538));
#7893=CARTESIAN_POINT('',(0.0038542078923032,0.028957093201891,-0.0121163736788644));
#7894=CARTESIAN_POINT('',(0.0038664621024898,0.0288162493789211,-0.0117771992849158));
#7895=CARTESIAN_POINT('',(0.0038664621024898,0.0288162493789211,-0.0116));
#7896=CARTESIAN_POINT('',(0.00386646210248812,0.0288162493789399,-0.0116000000003949));
#7897=CARTESIAN_POINT('',(0.00386646210248979,0.028816249378921,0.0151));
#7898=CARTESIAN_POINT('',(-0.0335,0.0255,0.0121));
#7899=CARTESIAN_POINT('',(-0.0335,0.0255,0.0121));
#7900=CARTESIAN_POINT('',(0.00274404589136945,0.0330070504501102,0.0121));
#7901=CARTESIAN_POINT('',(0.0031941149488677,0.030350628532003,0.0121));
#7902=CARTESIAN_POINT('',(-0.00045,0.032,0.0121));
#7903=CARTESIAN_POINT('',(-0.00045,0.028,0.0121));
#7904=CARTESIAN_POINT('',(-0.0335,0.028,0.0121));
#7905=CARTESIAN_POINT('',(-0.00200396850395275,0.028,0.0121));
#7906=CARTESIAN_POINT('',(-0.00200396850395275,0.026,0.0121));
#7907=CARTESIAN_POINT('',(-0.00307849796236224,0.0276868273305163,0.0121));
#7908=CARTESIAN_POINT('',(-0.0335,0.0255,0.0121));
#7909=CARTESIAN_POINT('',(-0.00369407741538112,0.031969696969697,0.0121));
#7910=CARTESIAN_POINT('',(-0.0012509690068058,0.0325,0.0121));
#7911=CARTESIAN_POINT('',(-0.0012509690068058,0.035,0.0121));
#7912=CARTESIAN_POINT('',(-0.0335,0.035,0.0121));
#7913=CARTESIAN_POINT('',(0.000296005891483209,0.035,0.0121));
#7914=CARTESIAN_POINT('',(0.000296005891483209,0.0325,0.0121));
#7915=CARTESIAN_POINT('',(0.,0.,-0.02606));
#7916=CARTESIAN_POINT('',(0.,-0.018575735931288,-0.02606));
#7917=CARTESIAN_POINT('',(0.,0.0222904753075953,-0.0109909513649743));
#7918=CARTESIAN_POINT('',(0.,0.0125895664347757,-0.00533354852106112));
#7919=CARTESIAN_POINT('',(0.,0.0157,-1.3010426069826E-18));
#7920=CARTESIAN_POINT('',(0.,0.0125895664347757,0.00533354852106112));
#7921=CARTESIAN_POINT('',(0.,0.0125895664347757,0.00533354852106112));
#7922=CARTESIAN_POINT('',(0.,-0.00469445316905266,-0.0233496561991493));
#7923=CARTESIAN_POINT('',(0.,0.0144330730248977,0.00978019099187717));
#7924=CARTESIAN_POINT('',(0.,0.0161361460497954,0.01273));
#7925=CARTESIAN_POINT('',(0.,0.,0.00978019099187718));
#7926=CARTESIAN_POINT('',(0.,0.0110269269751023,0.00978019099187717));
#7927=CARTESIAN_POINT('',(0.,0.0237894531690526,-0.0123251528089734));
#7928=CARTESIAN_POINT('',(0.,0.0093238539502046,0.01273));
#7929=CARTESIAN_POINT('',(0.,-0.00980367224374575,-0.0203998471910266));
#7930=CARTESIAN_POINT('',(0.,0.0110269269751023,0.0156798090081228));
#7931=CARTESIAN_POINT('',(0.,0.,0.0156798090081228));
#7932=CARTESIAN_POINT('',(0.,0.0144330730248977,0.0156798090081228));
#7933=CARTESIAN_POINT('',(0.,0.0288986722437457,-0.00937534380085057));
#7934=CARTESIAN_POINT('',(0.,0.0144185841335621,-0.00975509549593858));
#7935=CARTESIAN_POINT('',(0.,0.0144330730248977,-0.00978019099187717));
#7936=CARTESIAN_POINT('',(-1.20370621524202E-35,0.0161361460497954,-0.01273));
#7937=CARTESIAN_POINT('',(0.,0.016150634941131,-0.0127049045040614));
#7938=CARTESIAN_POINT('',(-1.20370621524202E-35,0.0144330730248977,-0.0156798090081228));
#7939=CARTESIAN_POINT('',(0.,0.0144620508075689,-0.0156798090081228));
#7940=CARTESIAN_POINT('',(1.20370621524202E-35,0.0110269269751023,-0.0156798090081228));
#7941=CARTESIAN_POINT('',(0.,0.0110414158664379,-0.0157049045040614));
#7942=CARTESIAN_POINT('',(1.20370621524202E-35,0.0093238539502046,-0.01273));
#7943=CARTESIAN_POINT('',(0.,0.00930936505886902,-0.0127550954959386));
#7944=CARTESIAN_POINT('',(0.,0.0110269269751023,-0.00978019099187717));
#7945=CARTESIAN_POINT('',(0.,0.0109979491924311,-0.00978019099187717));
#7946=CARTESIAN_POINT('',(0.,-0.0144185841335621,0.00975509549593858));
#7947=CARTESIAN_POINT('',(-1.20370621524202E-35,-0.0144330730248977,0.00978019099187717));
#7948=CARTESIAN_POINT('',(0.,-0.0161361460497954,0.01273));
#7949=CARTESIAN_POINT('',(0.,-0.016150634941131,0.0127049045040614));
#7950=CARTESIAN_POINT('',(-1.20370621524202E-35,-0.0144330730248977,0.0156798090081228));
#7951=CARTESIAN_POINT('',(0.,-0.0144620508075689,0.0156798090081228));
#7952=CARTESIAN_POINT('',(1.20370621524202E-35,-0.0110269269751023,0.0156798090081228));
#7953=CARTESIAN_POINT('',(0.,-0.0110414158664379,0.0157049045040614));
#7954=CARTESIAN_POINT('',(1.20370621524202E-35,-0.0093238539502046,0.01273));
#7955=CARTESIAN_POINT('',(0.,-0.00930936505886902,0.0127550954959386));
#7956=CARTESIAN_POINT('',(0.,-0.0110269269751023,0.00978019099187717));
#7957=CARTESIAN_POINT('',(0.,-0.0109979491924311,0.00978019099187717));
#7958=CARTESIAN_POINT('',(0.,-0.0178741688535698,-0.0157403438008506));
#7959=CARTESIAN_POINT('',(0.,-0.0144330730248977,-0.00978019099187717));
#7960=CARTESIAN_POINT('',(0.,-0.0161361460497954,-0.01273));
#7961=CARTESIAN_POINT('',(0.,0.,-0.00978019099187717));
#7962=CARTESIAN_POINT('',(0.,-0.0110269269751023,-0.00978019099187717));
#7963=CARTESIAN_POINT('',(0.,-0.00122083114643015,-0.0267648471910266));
#7964=CARTESIAN_POINT('',(0.,-0.0093238539502046,-0.01273));
#7965=CARTESIAN_POINT('',(0.,-0.0127649497788767,-0.0186901528089734));
#7966=CARTESIAN_POINT('',(0.,-0.0110269269751023,-0.0156798090081228));
#7967=CARTESIAN_POINT('',(0.,0.,-0.0156798090081228));
#7968=CARTESIAN_POINT('',(0.,-0.0144330730248977,-0.0156798090081228));
#7969=CARTESIAN_POINT('',(0.,-0.00633005022112324,-0.0297146561991493));
#7970=CARTESIAN_POINT('',(-0.0035,0.,0.));
#7971=CARTESIAN_POINT('',(-0.0035,0.0200356663552825,0.0188367214158887));
#7972=CARTESIAN_POINT('',(0.003,0.0200356663552825,0.0188367214158887));
#7973=CARTESIAN_POINT('',(-0.0035,-0.0200356663552825,0.0188367214158887));
#7974=CARTESIAN_POINT('',(0.003,-0.0200356663552825,0.0188367214158887));
#7975=CARTESIAN_POINT('',(0.003,0.,0.));
#7976=CARTESIAN_POINT('',(0.004,0.,0.));
#7977=CARTESIAN_POINT('',(0.004,-0.0265,0.0151));
#7978=CARTESIAN_POINT('',(0.004,-0.0265,0.00395));
#7979=CARTESIAN_POINT('',(0.004,-0.0265,0.0156715162144904));
#7980=CARTESIAN_POINT('',(0.004,-0.0259908657031658,0.00395));
#7981=CARTESIAN_POINT('',(0.004,-0.0265000000000004,-0.00395));
#7982=CARTESIAN_POINT('',(0.004,-0.0265,-0.00395));
#7983=CARTESIAN_POINT('',(0.004,-0.0265,0.0151));
#7984=CARTESIAN_POINT('',(0.004,-0.0265,-0.0156715162144904));
#7985=CARTESIAN_POINT('',(0.004,-0.0265,-0.0156715162144904));
#7986=CARTESIAN_POINT('',(0.004,-0.0226366257175141,-0.0163527333370679));
#7987=CARTESIAN_POINT('',(0.004,-0.0236785147835158,-0.0222615798551411));
#7988=CARTESIAN_POINT('',(0.004,-0.0193070966696359,-0.0181517497280382));
#7989=CARTESIAN_POINT('',(0.004,0.,0.));
#7990=CARTESIAN_POINT('',(0.004,0.0193070966696359,-0.0181517497280381));
#7991=CARTESIAN_POINT('',(0.004,0.0236785147835158,-0.0222615798551411));
#7992=CARTESIAN_POINT('',(0.004,0.0226366257175141,-0.0163527333370679));
#7993=CARTESIAN_POINT('',(0.004,0.0353263518223331,-0.0141151922469878));
#7994=CARTESIAN_POINT('',(0.004,0.0265,0.0156715162144904));
#7995=CARTESIAN_POINT('',(0.004,0.0226366257175141,0.0163527333370679));
#7996=CARTESIAN_POINT('',(0.004,0.0236785147835158,0.0222615798551411));
#7997=CARTESIAN_POINT('',(0.004,0.0193070966696359,0.0181517497280382));
#7998=CARTESIAN_POINT('',(0.004,0.,0.));
#7999=CARTESIAN_POINT('',(0.004,-0.0193070966696359,0.0181517497280382));
#8000=CARTESIAN_POINT('',(0.004,-0.0236785147835158,0.0222615798551411));
#8001=CARTESIAN_POINT('',(0.004,-0.0226366257175141,0.0163527333370679));
#8002=CARTESIAN_POINT('',(0.004,-0.0353263518223331,0.0141151922469878));
#8003=CARTESIAN_POINT('',(-0.0035,0.0236785147835158,0.0222615798551411));
#8004=CARTESIAN_POINT('',(0.003,0.0236785147835158,0.0222615798551411));
#8005=CARTESIAN_POINT('',(0.003,0.0228102738951811,0.0173375410900801));
#8006=CARTESIAN_POINT('',(-0.0012509690068058,0.0228102738951811,0.0173375410900801));
#8007=CARTESIAN_POINT('',(-0.00150000154579619,0.0228102737242902,0.0173375411202128));
#8008=CARTESIAN_POINT('',(-0.0015,0.0236785147835158,0.0222615798551411));
#8009=CARTESIAN_POINT('',(-0.0015,0.0200356663552825,0.0188367214158887));
#8010=CARTESIAN_POINT('',(-0.0015,0.0211738571625338,0.0176260855117286));
#8011=CARTESIAN_POINT('',(-0.0015,0.0228102738951811,0.0173375410900801));
#8012=CARTESIAN_POINT('',(-0.00160015263860475,0.0200356663534543,0.0188367214178333));
#8013=CARTESIAN_POINT('',(-0.00171152536395634,0.02117385715923,0.0176260855123081));
#8014=CARTESIAN_POINT('',(-0.00185053423511251,0.0228102738913031,0.0173375410907639));
#8015=CARTESIAN_POINT('',(-0.00169786366937289,0.020010032883129,0.0188531391769102));
#8016=CARTESIAN_POINT('',(-0.00191810126315556,0.0211371550263996,0.0176325570885793));
#8017=CARTESIAN_POINT('',(-0.00219252284279917,0.02276732548353,0.0173451140538327));
#8018=CARTESIAN_POINT('',(-0.00188881705734751,0.0199117148612501,0.0189158630212225));
#8019=CARTESIAN_POINT('',(-0.00231834192305011,0.0209974928556794,0.0176571832974605));
#8020=CARTESIAN_POINT('',(-0.00286085970072222,0.0226035942867808,0.0173739842814034));
#8021=CARTESIAN_POINT('',(-0.00198277760008486,0.0198379013109795,0.0189628827099489));
#8022=CARTESIAN_POINT('',(-0.00251399687441636,0.0208925613008302,0.017675685561709));
#8023=CARTESIAN_POINT('',(-0.00318998119595982,0.0224808370998753,0.0173956296855306));
#8024=CARTESIAN_POINT('',(-0.00207142857142867,0.0197438506425274,0.019022406410292));
#8025=CARTESIAN_POINT('',(-0.00269500870178458,0.0207608149437579,0.0176989159990705));
#8026=CARTESIAN_POINT('',(-0.00350000000000036,0.0223262208300328,0.0174228927055604));
#8027=CARTESIAN_POINT('',(-0.0025,0.022691911272718,0.0173584116139278));
#8028=CARTESIAN_POINT('',(-0.00217431555973873,0.022769563412309,0.0173447194466081));
#8029=CARTESIAN_POINT('',(-0.00184123378756473,0.0228102738951811,0.0173375410900801));
#8030=CARTESIAN_POINT('',(-0.0015,0.0228102738951811,0.0173375410900801));
#8031=CARTESIAN_POINT('',(-0.00250000000001042,0.022691911272718,0.0173584116139278));
#8032=CARTESIAN_POINT('',(-0.00250000000000005,0.022691911272718,0.0173584116139278));
#8033=CARTESIAN_POINT('',(-0.00253129360528156,0.0220106822914655,0.0174785307586052));
#8034=CARTESIAN_POINT('',(-0.00257834001616684,0.0213702406063995,0.0177317727353865));
#8035=CARTESIAN_POINT('',(-0.00266666666667727,0.0207669381276924,0.0180559310310632));
#8036=CARTESIAN_POINT('',(-0.00266666666667283,0.02076693812768,0.0180559310310714));
#8037=CARTESIAN_POINT('',(-0.00350000000000037,0.0231944617183674,0.0223469314706214));
#8038=CARTESIAN_POINT('',(-0.00207142857142852,0.0197438506425275,0.0190224064102919));
#8039=CARTESIAN_POINT('',(-0.00247708339646672,0.020405411932895,0.0181614420448985));
#8040=CARTESIAN_POINT('',(-0.00298707271714487,0.0213514481273525,0.0177273853342746));
#8041=CARTESIAN_POINT('',(-0.00216823077829337,0.0196411522539234,0.0190874031621036));
#8042=CARTESIAN_POINT('',(-0.0025217186492044,0.0202937931324826,0.0182327040079079));
#8043=CARTESIAN_POINT('',(-0.00300486504945676,0.0212116952186966,0.017781163120473));
#8044=CARTESIAN_POINT('',(-0.00226370652924066,0.0195441326769333,0.0191345444092845));
#8045=CARTESIAN_POINT('',(-0.00256953555687979,0.0201867785700131,0.0182947665873067));
#8046=CARTESIAN_POINT('',(-0.00302495266695912,0.0210746179689811,0.0178309274640716));
#8047=CARTESIAN_POINT('',(-0.00245085586081858,0.0193567422494941,0.0191982097634735));
#8048=CARTESIAN_POINT('',(-0.00267158391977645,0.0199758474497064,0.0184016930374505));
#8049=CARTESIAN_POINT('',(-0.0030699887090966,0.020799147571696,0.0179231976007682));
#8050=CARTESIAN_POINT('',(-0.00254342158750158,0.0192655226066046,0.0192146585690623));
#8051=CARTESIAN_POINT('',(-0.00272637407155576,0.0198709334840801,0.0184468952139607));
#8052=CARTESIAN_POINT('',(-0.00309521357909901,0.0206594093112908,0.0179660585171322));
#8053=CARTESIAN_POINT('',(-0.00271860742867452,0.0190909829641946,0.0192191414007216));
#8054=CARTESIAN_POINT('',(-0.00283849124946605,0.0196641792538887,0.0185173654514238));
#8055=CARTESIAN_POINT('',(-0.0031487464449864,0.0203801907069966,0.018041995958123));
#8056=CARTESIAN_POINT('',(-0.00280126154741773,0.0190076393355213,0.0192075435649856));
#8057=CARTESIAN_POINT('',(-0.00289569533123474,0.019562383415796,0.01854289593169));
#8058=CARTESIAN_POINT('',(-0.00317696944523575,0.0202408417667594,0.0180751586402367));
#8059=CARTESIAN_POINT('',(-0.00295628445408481,0.0188451552659472,0.0191606009859537));
#8060=CARTESIAN_POINT('',(-0.00301010260905557,0.0193567670336763,0.0185750625177567));
#8061=CARTESIAN_POINT('',(-0.00323485722493187,0.0199572318124651,0.0181320964097543));
#8062=CARTESIAN_POINT('',(-0.0030291495553939,0.0187654069053819,0.0191247288290565));
#8063=CARTESIAN_POINT('',(-0.00306776757007433,0.0192520512276262,0.0185816349620193));
#8064=CARTESIAN_POINT('',(-0.00326476556154251,0.0198117245479171,0.018155993197109));
#8065=CARTESIAN_POINT('',(-0.00315929353313478,0.018612275561801,0.0190342359145626));
#8066=CARTESIAN_POINT('',(-0.0031761077268563,0.019043202632158,0.0185761336982598));
#8067=CARTESIAN_POINT('',(-0.0033219481409465,0.0195206169198582,0.0181932444140136));
#8068=CARTESIAN_POINT('',(-0.00321709234866785,0.0185384398139271,0.0189796564508693));
#8069=CARTESIAN_POINT('',(-0.0032271508330966,0.0189385141834774,0.0185643619524469));
#8070=CARTESIAN_POINT('',(-0.00334938646080471,0.0193742797295761,0.0182068563812958));
#8071=CARTESIAN_POINT('',(-0.00331806170215779,0.0183933454642902,0.0188547677199381));
#8072=CARTESIAN_POINT('',(-0.0033195299114711,0.0187254922353137,0.0185248899651974));
#8073=CARTESIAN_POINT('',(-0.00339960930917834,0.0190763199069827,0.0182254340507893));
#8074=CARTESIAN_POINT('',(-0.00336135861044958,0.0183216561049802,0.0187838416943447));
#8075=CARTESIAN_POINT('',(-0.00336107409731624,0.0186163483776826,0.0184968898278057));
#8076=CARTESIAN_POINT('',(-0.00342249694206405,0.0189235941984348,0.0182303714823518));
#8077=CARTESIAN_POINT('',(-0.003430120206007,0.0181829827363093,0.0186333810971439));
#8078=CARTESIAN_POINT('',(-0.00342848111924396,0.0183992507856854,0.0184298270205376));
#8079=CARTESIAN_POINT('',(-0.00345988128806749,0.018619797072435,0.0182333331526372));
#8080=CARTESIAN_POINT('',(-0.00345604947702682,0.0181154774395323,0.0185534600530038));
#8081=CARTESIAN_POINT('',(-0.00345481935998929,0.0182904597051179,0.018390695114864));
#8082=CARTESIAN_POINT('',(-0.00347462126857804,0.0184675970965403,0.0182314801410432));
#8083=CARTESIAN_POINT('',(-0.00349102497267655,0.0179813826208283,0.0183868744172102));
#8084=CARTESIAN_POINT('',(-0.00349059779675193,0.0180707310053228,0.0183054438916713));
#8085=CARTESIAN_POINT('',(-0.00349469575483168,0.0181600224422191,0.0182239878120749));
#8086=CARTESIAN_POINT('',(-0.0035,0.017914474299047,0.0182997164972583));
#8087=CARTESIAN_POINT('',(-0.00349999999999896,0.0179591032692668,0.0182590083766687));
#8088=CARTESIAN_POINT('',(-0.00349999999999931,0.0180037278931128,0.0182183009927791));
#8089=CARTESIAN_POINT('',(-0.0035,0.0178480980591394,0.0182125065729939));
#8090=CARTESIAN_POINT('',(-0.0035,0.0178480980591394,0.0182125065729939));
#8091=CARTESIAN_POINT('',(-0.0035,0.0178480980591394,0.0182125065729939));
#8092=CARTESIAN_POINT('',(-0.00266666666666665,0.020766938127674,0.0180559310310757));
#8093=CARTESIAN_POINT('',(-0.00279612346422831,0.0205590341159446,0.018148401783126));
#8094=CARTESIAN_POINT('',(-0.00307575925864787,0.0201284580018491,0.0182420857163934));
#8095=CARTESIAN_POINT('',(-0.00342359895264157,0.0191463743915521,0.0182597980590886));
#8096=CARTESIAN_POINT('',(-0.00349999999999769,0.0183627622813738,0.0182325112453034));
#8097=CARTESIAN_POINT('',(-0.0035,0.0178480980591394,0.0182125065729939));
#8098=CARTESIAN_POINT('',(-0.0035,0.,0.));
#8099=CARTESIAN_POINT('',(-0.0035,0.0178480980591394,0.0182125065729939));
#8100=CARTESIAN_POINT('',(-0.0035,0.0186747222800018,0.0179104588539548));
#8101=CARTESIAN_POINT('',(-0.0035,0.0195131052296034,0.0176323920815261));
#8102=CARTESIAN_POINT('',(-0.0035,0.0202814290402649,0.0171977334149671));
#8103=CARTESIAN_POINT('',(-0.0035,0.0202814290402638,0.0171977334149653));
#8104=CARTESIAN_POINT('',(-0.0035,0.0202814334095353,0.0171977309431668));
#8105=CARTESIAN_POINT('',(-0.0035,0.0209797098269087,0.0168026989454122));
#8106=CARTESIAN_POINT('',(-0.0035,0.0217266385315326,0.0165131886300555));
#8107=CARTESIAN_POINT('',(-0.0035,0.0225182630950511,0.0163736038609155));
#8108=CARTESIAN_POINT('',(-0.0035,0.0225182630950511,0.0163736038609155));
#8109=CARTESIAN_POINT('',(-0.0035,0.0225182630950511,0.0163736038609155));
#8110=CARTESIAN_POINT('',(-0.0035,0.0254999998797259,0.0158478430905726));
#8111=CARTESIAN_POINT('',(-0.0035,0.0255,0.));
#8112=CARTESIAN_POINT('',(-0.0035,0.0254999998797258,-0.0158478430905726));
#8113=CARTESIAN_POINT('',(-0.0035,0.003479059885492,-0.019730729077952));
#8114=CARTESIAN_POINT('',(-0.0035,0.0225182630950511,-0.0163736038609155));
#8115=CARTESIAN_POINT('',(-0.0035,0.0225182630950511,-0.0163736038609155));
#8116=CARTESIAN_POINT('',(-0.0035,0.0217266385315326,-0.0165131886300555));
#8117=CARTESIAN_POINT('',(-0.0035,0.0209797098269087,-0.0168026989454122));
#8118=CARTESIAN_POINT('',(-0.0035,0.0202814334095353,-0.0171977309431668));
#8119=CARTESIAN_POINT('',(-0.0035,0.0202814334095354,-0.0171977309431673));
#8120=CARTESIAN_POINT('',(-0.0035,0.0202814334095353,-0.0171977309431668));
#8121=CARTESIAN_POINT('',(-0.0035,0.0195131084451508,-0.0176323911121968));
#8122=CARTESIAN_POINT('',(-0.0035,0.018674723846939,-0.0179104582813975));
#8123=CARTESIAN_POINT('',(-0.0035,0.0178480980591394,-0.0182125065729939));
#8124=CARTESIAN_POINT('',(-0.0035,-0.0178480980591394,-0.0182125065729939));
#8125=CARTESIAN_POINT('',(-0.0035,-0.018674723846939,-0.0179104582813975));
#8126=CARTESIAN_POINT('',(-0.0035,-0.0195131084451508,-0.0176323911121968));
#8127=CARTESIAN_POINT('',(-0.0035,-0.0202814334095353,-0.0171977309431668));
#8128=CARTESIAN_POINT('',(-0.0035,-0.0202814334095354,-0.0171977309431673));
#8129=CARTESIAN_POINT('',(-0.0035,-0.0202814334095353,-0.0171977309431668));
#8130=CARTESIAN_POINT('',(-0.0035,-0.0209797098269087,-0.0168026989454122));
#8131=CARTESIAN_POINT('',(-0.0035,-0.0217266385315326,-0.0165131886300555));
#8132=CARTESIAN_POINT('',(-0.0035,-0.0225182630950511,-0.0163736038609155));
#8133=CARTESIAN_POINT('',(-0.0035,-0.0225182630950511,-0.0163736038609155));
#8134=CARTESIAN_POINT('',(-0.0035,-0.0225182630950511,-0.0163736038609155));
#8135=CARTESIAN_POINT('',(-0.0035,-0.0254999998797259,-0.0158478430905726));
#8136=CARTESIAN_POINT('',(-0.0035,-0.0255,0.0151));
#8137=CARTESIAN_POINT('',(-0.0035,-0.0254999998797259,0.0158478430905726));
#8138=CARTESIAN_POINT('',(-0.0035,-0.003479059885492,0.019730729077952));
#8139=CARTESIAN_POINT('',(-0.0035,-0.0225182630950511,0.0163736038609155));
#8140=CARTESIAN_POINT('',(-0.0035,-0.0225182630950511,0.0163736038609155));
#8141=CARTESIAN_POINT('',(-0.0035,-0.0217266385315326,0.0165131886300555));
#8142=CARTESIAN_POINT('',(-0.0035,-0.0209797098269087,0.0168026989454122));
#8143=CARTESIAN_POINT('',(-0.0035,-0.0202814334095353,0.0171977309431668));
#8144=CARTESIAN_POINT('',(-0.0035,-0.0202814334095354,0.0171977309431673));
#8145=CARTESIAN_POINT('',(-0.0035,-0.0202814334095353,0.0171977309431668));
#8146=CARTESIAN_POINT('',(-0.0035,-0.0195131084451508,0.0176323911121968));
#8147=CARTESIAN_POINT('',(-0.0035,-0.018674723846939,0.0179104582813975));
#8148=CARTESIAN_POINT('',(-0.0035,-0.0178480980591394,0.0182125065729939));
#8149=CARTESIAN_POINT('',(-0.0012509690068058,0.0355,0.0151));
#8150=CARTESIAN_POINT('',(0.003,0.0355,0.0151));
#8151=CARTESIAN_POINT('',(0.003,0.0266602271518953,0.016658690456455));
#8152=CARTESIAN_POINT('',(0.003,0.0266602271518953,0.016658690456455));
#8153=CARTESIAN_POINT('',(0.0029417976534843,0.0288135120923982,0.0162790082242911));
#8154=CARTESIAN_POINT('',(0.00269132703830065,0.0309699873687775,0.0158987634498347));
#8155=CARTESIAN_POINT('',(0.0022544378913922,0.0330792885377551,0.015526836743304));
#8156=CARTESIAN_POINT('',(0.00225443789221306,0.0330792885349864,0.0155268367437922));
#8157=CARTESIAN_POINT('',(0.0022544378913922,0.0330792885377551,0.015526836743304));
#8158=CARTESIAN_POINT('',(0.00216907226033188,0.0334914338763615,0.0154541644001345));
#8159=CARTESIAN_POINT('',(0.00167438521098096,0.0343667807054487,0.0152998171366888));
#8160=CARTESIAN_POINT('',(0.000716899074014493,0.0346736481776669,0.0152457081218349));
#8161=CARTESIAN_POINT('',(0.000296005891483206,0.0346736481776669,0.0152457081218349));
#8162=CARTESIAN_POINT('',(0.000296005808316558,0.0346736481778551,0.0152457081218017));
#8163=CARTESIAN_POINT('',(-0.0012509690068058,0.034673648177667,0.015245708121835));
#8164=CARTESIAN_POINT('',(-0.00125096863437629,0.0346736481778562,0.0152457081218015));
#8165=CARTESIAN_POINT('',(-0.0012509690068058,0.0346736481776669,0.0152457081218349));
#8166=CARTESIAN_POINT('',(-0.00151046865485965,0.0346736481776669,0.0152457081218349));
#8167=CARTESIAN_POINT('',(-0.00208371114596545,0.0345700518860061,0.0152639749431561));
#8168=CARTESIAN_POINT('',(-0.00287080775192503,0.0339796039250501,0.0153680868493769));
#8169=CARTESIAN_POINT('',(-0.00328085921710752,0.0330851724533252,0.0155257992502368));
#8170=CARTESIAN_POINT('',(-0.00326050111355627,0.0325030000622976,0.0156284519501985));
#8171=CARTESIAN_POINT('',(-0.00320545573366606,0.0322494057534245,0.015673167469007));
#8172=CARTESIAN_POINT('',(-0.00320545573339913,0.032249405751011,0.0156731674694326));
#8173=CARTESIAN_POINT('',(-0.00249999999999553,0.0256736480560187,0.0168326502583064));
#8174=CARTESIAN_POINT('',(-0.00250000000001053,0.0286314227449323,0.0163111171732818));
#8175=CARTESIAN_POINT('',(-0.00289584476852115,0.0308230267720885,0.0159246771882917));
#8176=CARTESIAN_POINT('',(-0.00320545573364538,0.0322494056747337,0.0156731670227058));
#8177=CARTESIAN_POINT('',(-0.0025,0.0256736481776669,0.0168326509482111));
#8178=CARTESIAN_POINT('',(-0.0025,0.0355,0.0151));
#8179=CARTESIAN_POINT('',(-0.0335,0.0255,0.0151));
#8180=CARTESIAN_POINT('',(-0.0335,0.0255,0.0126));
#8181=CARTESIAN_POINT('',(-0.00357721111051305,0.0276509777021615,0.0125999999999932));
#8182=CARTESIAN_POINT('',(-0.00357721111051305,0.0276509777021615,0.0126));
#8183=CARTESIAN_POINT('',(-0.00355290786934131,0.0273128892346793,0.0126));
#8184=CARTESIAN_POINT('',(-0.00351942932397562,0.0266790874770462,0.0123281701181703));
#8185=CARTESIAN_POINT('',(-0.00350745719406599,0.0262078542755146,0.0118393837191374));
#8186=CARTESIAN_POINT('',(-0.00350377952757406,0.0259761904761906,0.0116));
#8187=CARTESIAN_POINT('',(-0.00350377952757406,0.0259761904761906,-0.0116));
#8188=CARTESIAN_POINT('',(-0.00350745719406599,0.0262078542755146,-0.0118393837191374));
#8189=CARTESIAN_POINT('',(-0.00351942932397562,0.0266790874770462,-0.0123281701181703));
#8190=CARTESIAN_POINT('',(-0.00355290786934131,0.0273128892346793,-0.0126));
#8191=CARTESIAN_POINT('',(-0.00357721111051305,0.0276509777021615,-0.0126));
#8192=CARTESIAN_POINT('',(-0.00357721111051305,0.0276509777021615,-0.0125999999999932));
#8193=CARTESIAN_POINT('',(-0.0335,0.0255,-0.0126));
#8194=CARTESIAN_POINT('',(-0.00418269909709618,0.0318636363636363,-0.0146883597159947));
#8195=CARTESIAN_POINT('',(-0.00373016309597671,0.0297788010028309,-0.0150682261979213));
#8196=CARTESIAN_POINT('',(-0.0035,0.0276333840052775,-0.0154591309295119));
#8197=CARTESIAN_POINT('',(-0.0035,0.0254999999999999,-0.0158478431951989));
#8198=CARTESIAN_POINT('',(-0.0035,0.0254999999999999,0.0158478431951989));
#8199=CARTESIAN_POINT('',(-0.0035,0.0276333840052775,0.0154591309295118));
#8200=CARTESIAN_POINT('',(-0.0037301630959767,0.0297788010028309,0.0150682261979213));
#8201=CARTESIAN_POINT('',(-0.00418269909709618,0.0318636363636363,0.0146883597159948));
#8202=CARTESIAN_POINT('',(-0.0012509690068058,0.0355,0.0151));
#8203=CARTESIAN_POINT('',(0.000296005891483209,0.0355,0.0151));
#8204=CARTESIAN_POINT('',(0.000296005766858227,0.0355,0.0142609002439667));
#8205=CARTESIAN_POINT('',(0.000296005891483208,0.0355,0.0126));
#8206=CARTESIAN_POINT('',(-0.0012509690068058,0.0355,0.0126));
#8207=CARTESIAN_POINT('',(-0.0012509690068058,0.0355,0.0142609003688227));
#8208=CARTESIAN_POINT('',(0.000296005891483209,0.0325,0.0151));
#8209=CARTESIAN_POINT('',(0.000296005891483209,0.0325,0.0126));
#8210=CARTESIAN_POINT('',(0.000296005891483204,0.0355,0.0142609003688227));
#8211=CARTESIAN_POINT('',(0.000927345665280125,0.0355,0.0142609003688227));
#8212=CARTESIAN_POINT('',(0.00236357487072982,0.0350396987916727,0.0143150093836766));
#8213=CARTESIAN_POINT('',(0.00310560544475622,0.0337266785480418,0.0144693566471223));
#8214=CARTESIAN_POINT('',(0.0032336538913467,0.0331084605401323,0.0145420289902918));
#8215=CARTESIAN_POINT('',(-4.35778713738292E-6,0.0144189143117857,0.00975490486745229));
#8216=CARTESIAN_POINT('',(0.000167413895941033,0.0161192333611519,0.01273));
#8217=CARTESIAN_POINT('',(-0.00265607017299611,0.0164044707763577,0.01273));
#8218=CARTESIAN_POINT('',(-0.00265607017299611,0.0146198276784839,0.00963890748110533));
#8219=CARTESIAN_POINT('',(-0.00265607017299609,0.0145672353881789,0.00954781496221067));
#8220=CARTESIAN_POINT('',(0.000167413895941032,0.014424616680576,0.00979483780988872));
#8221=CARTESIAN_POINT('',(-4.35778713738292E-6,0.0161509651193546,0.0127050951325477));
#8222=CARTESIAN_POINT('',(0.000167413895941033,0.0144246166805759,0.0156651621901113));
#8223=CARTESIAN_POINT('',(-0.0026560701729961,0.0145672353881789,0.0159121850377893));
#8224=CARTESIAN_POINT('',(-0.00265607017299611,0.0163518784860527,0.0128210925188947));
#8225=CARTESIAN_POINT('',(-4.35778713738292E-6,0.0144620508075689,0.0156801902650954));
#8226=CARTESIAN_POINT('',(0.000167413895941033,0.011035383319424,0.0156651621901113));
#8227=CARTESIAN_POINT('',(-0.00265607017299609,0.0108927646118211,0.0159121850377894));
#8228=CARTESIAN_POINT('',(-0.00265607017299609,0.0144620508075689,0.0159121850377894));
#8229=CARTESIAN_POINT('',(-4.35778713738292E-6,0.0110410856882143,0.0157050951325477));
#8230=CARTESIAN_POINT('',(0.000167413895941033,0.00934076663884808,0.01273));
#8231=CARTESIAN_POINT('',(-0.00265607017299608,0.00905552922364226,0.01273));
#8232=CARTESIAN_POINT('',(-0.00265607017299608,0.0108401723215161,0.0158210925188946));
#8233=CARTESIAN_POINT('',(-4.35778713738292E-6,0.00930903488064539,0.0127549048674523));
#8234=CARTESIAN_POINT('',(0.000167413895941033,0.011035383319424,0.00979483780988872));
#8235=CARTESIAN_POINT('',(-0.00265607017299608,0.0108927646118211,0.00954781496221067));
#8236=CARTESIAN_POINT('',(-0.00265607017299609,0.00910812151394726,0.0126389074811053));
#8237=CARTESIAN_POINT('',(-4.35778713738292E-6,0.0109979491924311,0.00977980973490459));
#8238=CARTESIAN_POINT('',(-0.00265607017299608,0.0109979491924311,0.00954781496221067));
#8239=CARTESIAN_POINT('',(-0.0031,0.01273,0.01273));
#8240=CARTESIAN_POINT('',(-0.0031,0.0111078283688886,0.0155396836836817));
#8241=CARTESIAN_POINT('',(-0.0031,0.0111078283688886,0.0155396836836817));
#8242=CARTESIAN_POINT('',(-0.0031,0.0094856567377773,0.01273));
#8243=CARTESIAN_POINT('',(-0.0031,0.0094856567377773,0.01273));
#8244=CARTESIAN_POINT('',(-0.0031,0.0111078283688887,0.00992031631631826));
#8245=CARTESIAN_POINT('',(-0.0031,0.01273,0.00992031631631826));
#8246=CARTESIAN_POINT('',(-0.0031,0.0143521716311113,0.00992031631631826));
#8247=CARTESIAN_POINT('',(-0.0031,0.0143521716311113,0.00992031631631826));
#8248=CARTESIAN_POINT('',(-0.0031,0.0159743432622227,0.01273));
#8249=CARTESIAN_POINT('',(-0.0031,0.0159743432622227,0.01273));
#8250=CARTESIAN_POINT('',(-0.0031,0.0143521716311114,0.0155396836836817));
#8251=CARTESIAN_POINT('',(-0.0031,0.01273,0.0155396836836817));
#8252=CARTESIAN_POINT('',(-0.00045,0.032,0.0173123339795195));
#8253=CARTESIAN_POINT('',(0.0018,0.02810288568297,0.));
#8254=CARTESIAN_POINT('',(0.0018,0.02810288568297,0.004));
#8255=CARTESIAN_POINT('',(0.0018,0.02810288568297,-0.004));
#8256=CARTESIAN_POINT('',(-0.00045,0.032,0.004));
#8257=CARTESIAN_POINT('',(0.0006,0.0276242143562556,0.004));
#8258=CARTESIAN_POINT('',(0.0006,0.0276242143562556,0.0173123339795195));
#8259=CARTESIAN_POINT('',(0.0006,0.0276242143562556,-0.004));
#8260=CARTESIAN_POINT('',(-0.00045,0.032,-0.004));
#8261=CARTESIAN_POINT('',(-0.000450000000000009,0.0275,0.0121));
#8262=CARTESIAN_POINT('',(-0.00045,0.0275,0.0116));
#8263=CARTESIAN_POINT('',(-0.000450000000000006,0.0275,-0.0116));
#8264=CARTESIAN_POINT('',(-0.00045,0.032,0.0116));
#8265=CARTESIAN_POINT('',(0.00298657769227101,0.0290948435902717,0.0116000000000001));
#8266=CARTESIAN_POINT('',(0.00298657769227014,0.0290948435902707,0.0173123339795195));
#8267=CARTESIAN_POINT('',(0.00298657769227102,0.0290948435902717,-0.0116000000000001));
#8268=CARTESIAN_POINT('',(-0.00045,0.032,-0.0116));
#8269=CARTESIAN_POINT('',(0.00336841965807794,0.0287720484336342,0.0151));
#8270=CARTESIAN_POINT('',(0.00336841965807794,0.0287720484336342,0.0116));
#8271=CARTESIAN_POINT('',(0.00336841965807794,0.0287720484336342,-0.0116));
#8272=CARTESIAN_POINT('',(-0.0159208843727433,0.0275,0.0121));
#8273=CARTESIAN_POINT('',(-0.0159208843727433,0.0275,0.0116));
#8274=CARTESIAN_POINT('',(-0.0159208843727433,0.0275,-0.0116));
#8275=CARTESIAN_POINT('',(-0.0035,0.0178480980591394,0.0182125065729939));
#8276=CARTESIAN_POINT('',(-0.0035,0.0178480980591394,0.0182125065729939));
#8277=CARTESIAN_POINT('',(-0.0035,0.0178480980591394,0.0182125065729939));
#8278=CARTESIAN_POINT('',(-0.0035,0.0178480980591394,0.0182125065729939));
#8279=CARTESIAN_POINT('',(-0.0035,0.0178480980591394,0.0182125065729939));
#8280=CARTESIAN_POINT('',(-0.0035,0.0178480980591394,0.0182125065729939));
#8281=CARTESIAN_POINT('',(-0.0035,0.0183228134778165,0.018229464326526));
#8282=CARTESIAN_POINT('',(-0.00350000000000867,0.0183125244137245,0.018201292034006));
#8283=CARTESIAN_POINT('',(-0.00350000000001298,0.0183022312708681,0.0181731207300523));
#8284=CARTESIAN_POINT('',(-0.00350000000001287,0.0182816368276265,0.0181167800992773));
#8285=CARTESIAN_POINT('',(-0.00350000000000835,0.0182713354286912,0.0180886107963416));
#8286=CARTESIAN_POINT('',(-0.00349999999999968,0.0182610301499455,0.0180604424337517));
#8287=CARTESIAN_POINT('',(-0.0034579392745787,0.0187967687962429,0.0182482344509609));
#8288=CARTESIAN_POINT('',(-0.00347307308396134,0.018775781651028,0.0181907840131972));
#8289=CARTESIAN_POINT('',(-0.00348327314229021,0.0187551856517756,0.0181338309021327));
#8290=CARTESIAN_POINT('',(-0.00349675210743489,0.0187146102268027,0.0180210442019718));
#8291=CARTESIAN_POINT('',(-0.0035,0.018694577200505,0.0179650860089054));
#8292=CARTESIAN_POINT('',(-0.0035,0.0186744156527062,0.0179089082235552));
#8293=CARTESIAN_POINT('',(-0.00328439781280474,0.0195251078378686,0.0182518772178047));
#8294=CARTESIAN_POINT('',(-0.00335300246840073,0.0194918544234182,0.0181699297612453));
#8295=CARTESIAN_POINT('',(-0.00340848348273607,0.0194534627056571,0.0180752293472961));
#8296=CARTESIAN_POINT('',(-0.00348224850116466,0.0193719494465042,0.0178740829980381));
#8297=CARTESIAN_POINT('',(-0.0035,0.019328965133713,0.0177679787301643));
#8298=CARTESIAN_POINT('',(-0.0035,0.0192871049773771,0.0176646656200811));
#8299=CARTESIAN_POINT('',(-0.00320692395736563,0.019771506372128,0.0182502888175214));
#8300=CARTESIAN_POINT('',(-0.00329903316991113,0.0197345657984448,0.0181633190849571));
#8301=CARTESIAN_POINT('',(-0.00337491336728748,0.0196896010902884,0.0180566133071093));
#8302=CARTESIAN_POINT('',(-0.00347573876490444,0.019592392556263,0.0178249309248289));
#8303=CARTESIAN_POINT('',(-0.00349999999999998,0.0195403511154792,0.0177005105953641));
#8304=CARTESIAN_POINT('',(-0.0035,0.0194900441795861,0.0175804195618828));
#8305=CARTESIAN_POINT('',(-0.00297680419943348,0.0202754760063261,0.0182084081340353));
#8306=CARTESIAN_POINT('',(-0.00312894381356781,0.0202386963612929,0.0181318804382325));
#8307=CARTESIAN_POINT('',(-0.00326820629158693,0.0201815783126491,0.0180121860709359));
#8308=CARTESIAN_POINT('',(-0.00345506948898405,0.0200435237245363,0.0177220995799147));
#8309=CARTESIAN_POINT('',(-0.00350000000000001,0.0199639552841409,0.0175546342164831));
#8310=CARTESIAN_POINT('',(-0.0035,0.0198897062258339,0.0173984837372015));
#8311=CARTESIAN_POINT('',(-0.00281110261266801,0.0205349813212896,0.0181591044838474));
#8312=CARTESIAN_POINT('',(-0.00300078720099259,0.0205043004363385,0.0181026273219378));
#8313=CARTESIAN_POINT('',(-0.00318733168316308,0.0204422480692931,0.0179851462439257));
#8314=CARTESIAN_POINT('',(-0.00343941609354826,0.0202772721711113,0.0176687162353431));
#8315=CARTESIAN_POINT('',(-0.00349999999999997,0.0201771541366405,0.017475479505775));
#8316=CARTESIAN_POINT('',(-0.0035,0.0200859812682745,0.0172999159069538));
#8317=CARTESIAN_POINT('',(-0.00266666666666656,0.0207669381276745,0.0180559310310771));
#8318=CARTESIAN_POINT('',(-0.00288013665558034,0.0207491711527947,0.0180245253230911));
#8319=CARTESIAN_POINT('',(-0.00310906585137771,0.02069023898663,0.0179203541620422));
#8320=CARTESIAN_POINT('',(-0.00342429494430552,0.020504887221598,0.0175927180030067));
#8321=CARTESIAN_POINT('',(-0.0035,0.0203840990548937,0.0173792073790907));
#8322=CARTESIAN_POINT('',(-0.0035,0.0202774972056151,0.0171907731311746));
#8323=CARTESIAN_POINT('',(-0.0025,0.0202814334095353,0.0171977309431668));
#8324=CARTESIAN_POINT('',(-0.00266666666666695,0.0207669381276739,0.0180559310310759));
#8325=CARTESIAN_POINT('',(-0.0035,0.0206975803107969,0.0179333310185172));
#8326=CARTESIAN_POINT('',(-0.0035,0.0202814334095353,0.0171977309431668));
#8327=CARTESIAN_POINT('',(-0.00257496816492327,0.0213932843483776,0.0177193999985289));
#8328=CARTESIAN_POINT('',(-0.0035,0.0213940798993313,0.0176346386743199));
#8329=CARTESIAN_POINT('',(-0.0035,0.0209794148883738,0.0168028657888363));
#8330=CARTESIAN_POINT('',(-0.00253088592238769,0.022019557049467,0.0174769658040802));
#8331=CARTESIAN_POINT('',(-0.00349999999999948,0.0220257486109612,0.0174450463949686));
#8332=CARTESIAN_POINT('',(-0.0035,0.021721900801202,0.0165140240219969));
#8333=CARTESIAN_POINT('',(-0.0025,0.022691911272718,0.0173584116139277));
#8334=CARTESIAN_POINT('',(-0.0035,0.022691911272718,0.0173584116139277));
#8335=CARTESIAN_POINT('',(-0.0035,0.0225182630950511,0.0163736038609155));
#8336=CARTESIAN_POINT('',(-0.0025,0.0225182630950511,0.0163736038609155));
#8337=CARTESIAN_POINT('',(-0.0025,0.003479059885492,0.019730729077952));
#8338=CARTESIAN_POINT('',(-0.00250000000000001,0.0256736481776669,0.0168326509482111));
#8339=CARTESIAN_POINT('',(-0.00276179938779916,0.0256736481776669,0.0168326509482111));
#8340=CARTESIAN_POINT('',(-0.00328331386847353,0.0256360210258017,0.0166192567659136));
#8341=CARTESIAN_POINT('',(-0.0035,0.0255454609866056,0.0161056652620374));
#8342=CARTESIAN_POINT('',(-0.0035,0.0255,0.0158478431951989));
#8343=CARTESIAN_POINT('',(-0.0344739793772766,0.0254979525305648,0.0158479745048239));
#8344=CARTESIAN_POINT('',(-0.00320545573364538,0.0322494056747337,0.0156731670227058));
#8345=CARTESIAN_POINT('',(-0.00346747097443047,0.0321942595978778,0.0156828781219456));
#8346=CARTESIAN_POINT('',(-0.00398918287857318,0.0320449473291793,0.0154781467408426));
#8347=CARTESIAN_POINT('',(-0.0041923090230713,0.0319081341817848,0.0149523955307315));
#8348=CARTESIAN_POINT('',(-0.00418265276896462,0.0318636463910143,0.0146883595959905));
#8349=CARTESIAN_POINT('',(-0.0012270505536876,0.0325098172637336,0.0146110141342561));
#8350=CARTESIAN_POINT('',(-0.0012509690068058,0.0355,0.0142609003688227));
#8351=CARTESIAN_POINT('',(-0.0012509690068058,0.0355,0.0147263215026879));
#8352=CARTESIAN_POINT('',(-0.0012509690068058,0.0351319985187131,0.0151648885900916));
#8353=CARTESIAN_POINT('',(-0.0012509690068058,0.0346736481776669,0.0152457081218349));
#8354=CARTESIAN_POINT('',(-0.0012509690068058,0.0345,0.0142609003688227));
#8355=CARTESIAN_POINT('',(0.000296005891483206,0.0346736481776669,0.0152457081218349));
#8356=CARTESIAN_POINT('',(0.000296005891483206,0.0351319985187131,0.0151648885900916));
#8357=CARTESIAN_POINT('',(0.000296005891483206,0.0355,0.0147263215026879));
#8358=CARTESIAN_POINT('',(0.000296005891483206,0.0355,0.0142609003688227));
#8359=CARTESIAN_POINT('',(0.003,0.,0.));
#8360=CARTESIAN_POINT('',(0.003,-0.0193070966696359,0.0181517497280382));
#8361=CARTESIAN_POINT('',(0.003,0.0193070966696359,0.0181517497280382));
#8362=CARTESIAN_POINT('',(0.000282547987060473,0.0325237603980427,0.0146088990411085));
#8363=CARTESIAN_POINT('',(0.00225443776650589,0.0330792738957054,0.0155267537619172));
#8364=CARTESIAN_POINT('',(0.0025051598371039,0.0331285387362025,0.0155176836114336));
#8365=CARTESIAN_POINT('',(0.00300437243731984,0.0331915145866596,0.0152964676681904));
#8366=CARTESIAN_POINT('',(0.00322360474639659,0.0331496652390777,0.0147941695432253));
#8367=CARTESIAN_POINT('',(0.00323221077336396,0.033108168620635,0.0145420276525949));
#8368=CARTESIAN_POINT('',(0.003,0.0236785147835158,0.0222615798551411));
#8369=CARTESIAN_POINT('',(0.003,0.0226366257175141,0.0163527333370679));
#8370=CARTESIAN_POINT('',(-0.034637414540195,0.0254985845150069,0.0158480786180334));
#8371=CARTESIAN_POINT('',(0.00399998927763357,0.0265004020078786,0.0156761476011146));
#8372=CARTESIAN_POINT('',(0.0039987696637149,0.0265461191381051,0.0159355145754563));
#8373=CARTESIAN_POINT('',(0.00378207444898289,0.0266327755384458,0.0164433213216924));
#8374=CARTESIAN_POINT('',(0.00325965569715462,0.0266636290482548,0.0166580906103412));
#8375=CARTESIAN_POINT('',(0.003,0.0266602271518954,0.016658690456455));
#8376=CARTESIAN_POINT('',(0.003,0.0353263518223331,0.0141151922469878));
#8377=CARTESIAN_POINT('',(-0.00045,0.032,0.0116));
#8378=CARTESIAN_POINT('',(0.00319411494886747,0.0303506285320031,0.0121));
#8379=CARTESIAN_POINT('',(0.00316381898016486,0.0301065607639559,0.0121));
#8380=CARTESIAN_POINT('',(0.00310619413545083,0.0297391871142794,0.0120775398292));
#8381=CARTESIAN_POINT('',(0.00302258702193841,0.0292810925099609,0.0119237136187639));
#8382=CARTESIAN_POINT('',(0.0029865776922701,0.0290948435902707,0.0117252520515407));
#8383=CARTESIAN_POINT('',(0.00298657769227015,0.0290948435902707,0.0116000000000002));
#8384=CARTESIAN_POINT('',(-0.000450000000000009,0.028,0.0116));
#8385=CARTESIAN_POINT('',(-0.0159208843727433,0.028,0.0116));
#8386=CARTESIAN_POINT('',(-0.00200396850395275,0.028,0.0116));
#8387=CARTESIAN_POINT('',(-0.00200396850395275,0.026,0.0116));
#8388=CARTESIAN_POINT('',(-0.00350377952757405,0.0259761904761905,0.0116));
#8389=CARTESIAN_POINT('',(-0.00350842778426398,0.0262689937544058,0.0116992009202019));
#8390=CARTESIAN_POINT('',(-0.00339587654573993,0.0268438206560875,0.0118914574660241));
#8391=CARTESIAN_POINT('',(-0.00315733029713296,0.0273868743930322,0.0121));
#8392=CARTESIAN_POINT('',(-0.00307849796235494,0.0276868273305309,0.0121));
#8393=CARTESIAN_POINT('',(-0.00307849796235493,0.0276868273305309,0.0121));
#8394=CARTESIAN_POINT('',(-0.00357721111051305,0.0276509777021615,0.0121));
#8395=CARTESIAN_POINT('',(-0.00357721111051305,0.0276509777021615,0.0126));
#8396=CARTESIAN_POINT('',(-0.00310674210442799,0.0275793598379935,0.0121));
#8397=CARTESIAN_POINT('',(-0.00357013608339026,0.027552555265061,0.0121345879414341));
#8398=CARTESIAN_POINT('',(-0.00356512606997188,0.0274828596800775,0.0125999999617329));
#8399=CARTESIAN_POINT('',(-0.00314177798538984,0.0274688440858711,0.0120834337914739));
#8400=CARTESIAN_POINT('',(-0.0035619122966448,0.0274344075559536,0.0121537606479337));
#8401=CARTESIAN_POINT('',(-0.00355487276625918,0.0273205328484539,0.0125668675701346));
#8402=CARTESIAN_POINT('',(-0.00322700588373231,0.027225920551888,0.0120253103259423));
#8403=CARTESIAN_POINT('',(-0.00354545826133005,0.0271628798005424,0.012141389847659));
#8404=CARTESIAN_POINT('',(-0.00353735156199838,0.0270048865332458,0.0124506206646978));
#8405=CARTESIAN_POINT('',(-0.00327534902099173,0.0270991734363696,0.0119850745870481));
#8406=CARTESIAN_POINT('',(-0.00353770268874806,0.0270192108149112,0.0121130837168907));
#8407=CARTESIAN_POINT('',(-0.00353049673225354,0.0268593392911932,0.0123701491550737));
#8408=CARTESIAN_POINT('',(-0.00337182043296335,0.0268188247981279,0.0118903326033429));
#8409=CARTESIAN_POINT('',(-0.00352435272051023,0.0267243819666509,0.0120132989053944));
#8410=CARTESIAN_POINT('',(-0.00351928940218826,0.0265843991305355,0.0121806652257084));
#8411=CARTESIAN_POINT('',(-0.00341961033751519,0.0266643893799201,0.0118356545003659));
#8412=CARTESIAN_POINT('',(-0.00351856937893724,0.0265720060867667,0.0119433462269451));
#8413=CARTESIAN_POINT('',(-0.00351496273327783,0.0264552874896597,0.0120713089913609));
#8414=CARTESIAN_POINT('',(-0.00348738271882577,0.0263326626570728,0.011720885490656));
#8415=CARTESIAN_POINT('',(-0.00350959685033707,0.0262746755970462,0.0117829005759663));
#8416=CARTESIAN_POINT('',(-0.00350815587479265,0.0262101549435744,0.0118417709906829));
#8417=CARTESIAN_POINT('',(-0.0035066152900557,0.0261548210050654,0.0116605190569472));
#8418=CARTESIAN_POINT('',(-0.00350607924301861,0.0261238117355026,0.0116906177638278));
#8419=CARTESIAN_POINT('',(-0.00350563617478746,0.0260931445144113,0.0117208513972986));
#8420=CARTESIAN_POINT('',(-0.00350377952757406,0.0259761904761905,0.0116));
#8421=CARTESIAN_POINT('',(-0.00350377952757406,0.0259761904761905,0.0116));
#8422=CARTESIAN_POINT('',(-0.00350377952757406,0.0259761904761905,0.0116));
#8423=CARTESIAN_POINT('',(-0.00307849796235493,0.0276868273305309,0.0126));
#8424=CARTESIAN_POINT('',(-0.0335,0.0255,0.0126));
#8425=CARTESIAN_POINT('',(-0.00369407741538112,0.031969696969697,0.0126));
#8426=CARTESIAN_POINT('',(-0.0012509690068058,0.0325,0.0126));
#8427=CARTESIAN_POINT('',(-0.0012509690068058,0.035,0.0126));
#8428=CARTESIAN_POINT('',(-0.0012509690068058,0.035,0.0126));
#8429=CARTESIAN_POINT('',(0.000296005891483208,0.035,0.0126));
#8430=CARTESIAN_POINT('',(0.000296005891483209,0.0325,0.0126));
#8431=CARTESIAN_POINT('',(0.00274404589136945,0.0330070504501102,0.0126));
#8432=CARTESIAN_POINT('',(-0.0335,0.0255,0.0126));
#8433=CARTESIAN_POINT('',(0.00319411494886767,0.030350628532003,0.0126));
#8434=CARTESIAN_POINT('',(0.00298657769227014,0.0290948435902707,0.0116));
#8435=CARTESIAN_POINT('',(0.00308648738777033,0.0292130291136551,0.0116));
#8436=CARTESIAN_POINT('',(0.00331069992458989,0.029316669137126,0.0116));
#8437=CARTESIAN_POINT('',(0.003735704351615,0.0291783060270393,0.0116));
#8438=CARTESIAN_POINT('',(0.00385327690218057,0.028964816097335,0.0116));
#8439=CARTESIAN_POINT('',(0.00386695772388325,0.0288106648718773,0.0116));
#8440=CARTESIAN_POINT('',(0.00298657774493014,0.0290948436525635,0.0117757771614254));
#8441=CARTESIAN_POINT('',(0.0030865014095182,0.0292130456694682,0.0117215789220815));
#8442=CARTESIAN_POINT('',(0.00331071749833697,0.0293166962681271,0.0116799316188386));
#8443=CARTESIAN_POINT('',(0.0037357052640982,0.0291783382216782,0.0117667148206989));
#8444=CARTESIAN_POINT('',(0.00385327504982278,0.0289648369631099,0.0118774493104794));
#8445=CARTESIAN_POINT('',(0.00386695778153278,0.0288106642225264,0.0119543398695521));
#8446=CARTESIAN_POINT('',(0.00302439955130422,0.029287761361365,0.0119230623501681));
#8447=CARTESIAN_POINT('',(0.00314215948841925,0.0293513259357648,0.0118514231808155));
#8448=CARTESIAN_POINT('',(0.00336121178394356,0.0293940205591669,0.0118149951212323));
#8449=CARTESIAN_POINT('',(0.00373417724891401,0.0293036016172016,0.0119669715928136));
#8450=CARTESIAN_POINT('',(0.00383321939576634,0.0291834800080447,0.0121308980907141));
#8451=CARTESIAN_POINT('',(0.00384265995628237,0.0290881577126282,0.0122504559543932));
#8452=CARTESIAN_POINT('',(0.00310887015233093,0.0297613017516943,0.0120761229411733));
#8453=CARTESIAN_POINT('',(0.0032385960594435,0.0297813259734132,0.0120317407944818));
#8454=CARTESIAN_POINT('',(0.00342439796967535,0.0297926640151446,0.0120446924803052));
#8455=CARTESIAN_POINT('',(0.00370339733433777,0.0297743471660431,0.0122485466846503));
#8456=CARTESIAN_POINT('',(0.0037734319448893,0.029745106874111,0.0124205496006309));
#8457=CARTESIAN_POINT('',(0.003777177024137,0.0297144027702308,0.012557196267143));
#8458=CARTESIAN_POINT('',(0.00315634197638492,0.0300463252380288,0.0121));
#8459=CARTESIAN_POINT('',(0.00328309631807367,0.0300621214484046,0.012081702620494));
#8460=CARTESIAN_POINT('',(0.00344439640054628,0.0300774529135587,0.0121190108390454));
#8461=CARTESIAN_POINT('',(0.00367711281130553,0.030087232195182,0.0123230300374933));
#8462=CARTESIAN_POINT('',(0.00373413978710555,0.0300807525726068,0.012476934045131));
#8463=CARTESIAN_POINT('',(0.00373565357903293,0.0300693010189111,0.012604625980548));
#8464=CARTESIAN_POINT('',(0.00319411494886747,0.0303506285320031,0.0121));
#8465=CARTESIAN_POINT('',(0.00331165941222239,0.0303661668418526,0.0121));
#8466=CARTESIAN_POINT('',(0.00344949343908073,0.0303843872476122,0.0121495137122534));
#8467=CARTESIAN_POINT('',(0.0036432637249931,0.0304100019184882,0.0123469468485216));
#8468=CARTESIAN_POINT('',(0.00368980277259731,0.0304161539576496,0.0124857283547992));
#8469=CARTESIAN_POINT('',(0.00368980277259731,0.0304161539576496,0.0126042953819963));
#8470=CARTESIAN_POINT('',(-0.0335,0.0255,-0.0121));
#8471=CARTESIAN_POINT('',(-0.0335,0.0255,-0.0121));
#8472=CARTESIAN_POINT('',(0.00274404589136945,0.0330070504501102,-0.0121));
#8473=CARTESIAN_POINT('',(0.0031941149488677,0.030350628532003,-0.0121));
#8474=CARTESIAN_POINT('',(0.000296005891483209,0.0325,-0.0121));
#8475=CARTESIAN_POINT('',(0.000296005891483209,0.035,-0.0121));
#8476=CARTESIAN_POINT('',(-0.0012509690068058,0.035,-0.0121));
#8477=CARTESIAN_POINT('',(-0.0012509690068058,0.035,-0.0121));
#8478=CARTESIAN_POINT('',(-0.0012509690068058,0.0325,-0.0121));
#8479=CARTESIAN_POINT('',(-0.00369407741538112,0.0319696969696969,-0.0121));
#8480=CARTESIAN_POINT('',(-0.0335,0.0255,-0.0121));
#8481=CARTESIAN_POINT('',(-0.00307849796236224,0.0276868273305163,-0.0121));
#8482=CARTESIAN_POINT('',(-0.00200396850395275,0.026,-0.0121));
#8483=CARTESIAN_POINT('',(-0.00200396850395275,0.028,-0.0121));
#8484=CARTESIAN_POINT('',(-0.0159208843727433,0.028,-0.0121));
#8485=CARTESIAN_POINT('',(-0.00045,0.028,-0.0121));
#8486=CARTESIAN_POINT('',(-0.00045,0.032,-0.0121));
#8487=CARTESIAN_POINT('',(0.000296005891483209,0.0325,-0.0151));
#8488=CARTESIAN_POINT('',(0.0032336538913467,0.0331084605401323,-0.0145420289902918));
#8489=CARTESIAN_POINT('',(0.00310560544475622,0.0337266785480419,-0.0144693566471223));
#8490=CARTESIAN_POINT('',(0.00236357487072982,0.0350396987916727,-0.0143150093836766));
#8491=CARTESIAN_POINT('',(0.000927345665280127,0.0355,-0.0142609003688227));
#8492=CARTESIAN_POINT('',(0.000296005891483209,0.0355,-0.0142609003688227));
#8493=CARTESIAN_POINT('',(0.000296005766858227,0.0355,-0.0142609002439667));
#8494=CARTESIAN_POINT('',(0.00029600589148321,0.0355,-0.0151));
#8495=CARTESIAN_POINT('',(0.000296005891483209,0.0355,-0.0126));
#8496=CARTESIAN_POINT('',(0.000296005891483209,0.0325,-0.0126));
#8497=CARTESIAN_POINT('',(-0.0012509690068058,0.0355,-0.0151));
#8498=CARTESIAN_POINT('',(-0.0012509690068058,0.0355,-0.0142609003688227));
#8499=CARTESIAN_POINT('',(-0.0012509690068058,0.0355,-0.0126));
#8500=CARTESIAN_POINT('',(-0.0012509690068058,0.0355,-0.0151));
#8501=CARTESIAN_POINT('',(-0.0035,0.0228102738951811,-0.0173375410900801));
#8502=CARTESIAN_POINT('',(-0.00150000154579619,0.0228102737242902,-0.0173375411202128));
#8503=CARTESIAN_POINT('',(0.003,0.0228102738951811,-0.0173375410900801));
#8504=CARTESIAN_POINT('',(-0.0015,0.0228102738951811,-0.0173375410900801));
#8505=CARTESIAN_POINT('',(-0.00184123378756473,0.0228102738951811,-0.0173375410900801));
#8506=CARTESIAN_POINT('',(-0.00217431555973873,0.022769563412309,-0.0173447194466081));
#8507=CARTESIAN_POINT('',(-0.0025,0.022691911272718,-0.0173584116139278));
#8508=CARTESIAN_POINT('',(-0.00250000000001042,0.022691911272718,-0.0173584116139278));
#8509=CARTESIAN_POINT('',(-0.0025,0.00365270806315893,-0.0207155368309642));
#8510=CARTESIAN_POINT('',(-0.00249999999999778,0.0256736446097181,-0.0168326512216567));
#8511=CARTESIAN_POINT('',(-0.00320545567430922,0.0322494054013717,-0.0156731670709072));
#8512=CARTESIAN_POINT('',(-0.00289650766229448,0.0308260806642851,-0.0159241387023882));
#8513=CARTESIAN_POINT('',(-0.00250000033500299,0.0286345445626556,-0.0163105667151148));
#8514=CARTESIAN_POINT('',(-0.00249999999999575,0.0256736445488937,-0.0168326508767043));
#8515=CARTESIAN_POINT('',(-0.00320545567458348,0.032249405480009,-0.0156731675172175));
#8516=CARTESIAN_POINT('',(-0.00320545573366606,0.0322494057534245,-0.015673167469007));
#8517=CARTESIAN_POINT('',(-0.00326050111355627,0.0325030000622976,-0.0156284519501985));
#8518=CARTESIAN_POINT('',(-0.00328085921710752,0.0330851724533252,-0.0155257992502368));
#8519=CARTESIAN_POINT('',(-0.00287080775192504,0.0339796039250501,-0.0153680868493769));
#8520=CARTESIAN_POINT('',(-0.00208371114596545,0.0345700518860061,-0.0152639749431561));
#8521=CARTESIAN_POINT('',(-0.00151046865485965,0.0346736481776669,-0.0152457081218349));
#8522=CARTESIAN_POINT('',(-0.0012509690068058,0.0346736481776669,-0.0152457081218349));
#8523=CARTESIAN_POINT('',(-0.00125096892363919,0.0346736481778562,-0.0152457081218015));
#8524=CARTESIAN_POINT('',(-0.0012509690068058,0.034673648177667,-0.015245708121835));
#8525=CARTESIAN_POINT('',(0.00029600543803247,0.0346736481778551,-0.0152457081218017));
#8526=CARTESIAN_POINT('',(0.000296005891483206,0.0346736481776669,-0.0152457081218349));
#8527=CARTESIAN_POINT('',(0.000716899074014494,0.0346736481776669,-0.0152457081218349));
#8528=CARTESIAN_POINT('',(0.00167438521098094,0.0343667807054487,-0.0152998171366888));
#8529=CARTESIAN_POINT('',(0.00216907226033188,0.0334914338763615,-0.0154541644001345));
#8530=CARTESIAN_POINT('',(0.0022544378913922,0.0330792885377551,-0.015526836743304));
#8531=CARTESIAN_POINT('',(0.00225443789221307,0.0330792885349864,-0.0155268367437922));
#8532=CARTESIAN_POINT('',(0.0022544378913922,0.0330792885377551,-0.015526836743304));
#8533=CARTESIAN_POINT('',(0.00269132703830065,0.0309699873687776,-0.0158987634498347));
#8534=CARTESIAN_POINT('',(0.0029417976534843,0.0288135120923982,-0.0162790082242911));
#8535=CARTESIAN_POINT('',(0.003,0.0266602271518953,-0.016658690456455));
#8536=CARTESIAN_POINT('',(0.003,0.0266602271518953,-0.016658690456455));
#8537=CARTESIAN_POINT('',(0.003,0.0355,-0.0151));
#8538=CARTESIAN_POINT('',(-0.00298707271714088,0.0213514481273451,-0.017727385334278));
#8539=CARTESIAN_POINT('',(-0.00247708339646505,0.0204054119328923,-0.018161442044902));
#8540=CARTESIAN_POINT('',(-0.00207142857142853,0.0197438506425275,-0.0190224064102919));
#8541=CARTESIAN_POINT('',(-0.00300486504945279,0.0212116952186897,-0.0177811631204752));
#8542=CARTESIAN_POINT('',(-0.00252171864920282,0.0202937931324807,-0.0182327040079089));
#8543=CARTESIAN_POINT('',(-0.00216823077829409,0.0196411522539255,-0.0190874031621011));
#8544=CARTESIAN_POINT('',(-0.00302495266695536,0.0210746179689725,-0.0178309274640748));
#8545=CARTESIAN_POINT('',(-0.00256953555687836,0.0201867785700076,-0.01829476658731));
#8546=CARTESIAN_POINT('',(-0.00226370652924142,0.0195441326769311,-0.0191345444092862));
#8547=CARTESIAN_POINT('',(-0.00306998870909366,0.0207991475716912,-0.0179231976007723));
#8548=CARTESIAN_POINT('',(-0.00267158391977571,0.0199758474497067,-0.018401693037454));
#8549=CARTESIAN_POINT('',(-0.00245085586081782,0.0193567422494963,-0.0191982097634717));
#8550=CARTESIAN_POINT('',(-0.0030952135790958,0.0206594093112835,-0.0179660585171362));
#8551=CARTESIAN_POINT('',(-0.00272637407155458,0.0198709334840756,-0.0184468952139646));
#8552=CARTESIAN_POINT('',(-0.00254342158750157,0.0192655226066026,-0.0192146585690642));
#8553=CARTESIAN_POINT('',(-0.00314874644498426,0.0203801907069921,-0.0180419959581265));
#8554=CARTESIAN_POINT('',(-0.00283849124946599,0.0196641792538884,-0.0185173654514259));
#8555=CARTESIAN_POINT('',(-0.00271860742867452,0.0190909829641966,-0.0192191414007197));
#8556=CARTESIAN_POINT('',(-0.00317696944523312,0.0202408417667542,-0.0180751586402406));
#8557=CARTESIAN_POINT('',(-0.00289569533123362,0.0195623834157941,-0.0185428959316933));
#8558=CARTESIAN_POINT('',(-0.00280126154741668,0.019007639335521,-0.0192075435649873));
#8559=CARTESIAN_POINT('',(-0.00323485722493051,0.0199572318124601,-0.0181320964097575));
#8560=CARTESIAN_POINT('',(-0.00301010260905608,0.019356767033674,-0.0185750625177585));
#8561=CARTESIAN_POINT('',(-0.00295628445408585,0.0188451552659476,-0.019160600985952));
#8562=CARTESIAN_POINT('',(-0.00326476556154121,0.0198117245479124,-0.0181559931971123));
#8563=CARTESIAN_POINT('',(-0.00306776757007462,0.0192520512276239,-0.0185816349620213));
#8564=CARTESIAN_POINT('',(-0.00302914955539424,0.018765406905382,-0.0191247288290558));
#8565=CARTESIAN_POINT('',(-0.0033219481409451,0.0195206169198547,-0.0181932444140168));
#8566=CARTESIAN_POINT('',(-0.00317610772685579,0.0190432026321567,-0.0185761336982618));
#8567=CARTESIAN_POINT('',(-0.00315929353313444,0.018612275561801,-0.0190342359145633));
#8568=CARTESIAN_POINT('',(-0.0033493864608032,0.0193742797295727,-0.0182068563812987));
#8569=CARTESIAN_POINT('',(-0.00322715083309573,0.0189385141834758,-0.0185643619524488));
#8570=CARTESIAN_POINT('',(-0.00321709234866763,0.0185384398139271,-0.01897965645087));
#8571=CARTESIAN_POINT('',(-0.00339960930917824,0.0190763199069799,-0.0182254340507916));
#8572=CARTESIAN_POINT('',(-0.00331952991147193,0.0187254922353124,-0.0185248899651985));
#8573=CARTESIAN_POINT('',(-0.00331806170215802,0.0183933454642902,-0.0188547677199374));
#8574=CARTESIAN_POINT('',(-0.00342249694206365,0.0189235941984329,-0.0182303714823536));
#8575=CARTESIAN_POINT('',(-0.00336107409731633,0.0186163483776823,-0.0184968898278062));
#8576=CARTESIAN_POINT('',(-0.00336135861044941,0.0183216561049815,-0.0187838416943441));
#8577=CARTESIAN_POINT('',(-0.00345988128806714,0.0186197970724329,-0.0182333331526391));
#8578=CARTESIAN_POINT('',(-0.00342848111924384,0.0183992507856837,-0.0184298270205391));
#8579=CARTESIAN_POINT('',(-0.00343012020600717,0.0181829827363079,-0.0186333810971445));
#8580=CARTESIAN_POINT('',(-0.00347462126859024,0.0184675970965396,-0.0182314801410462));
#8581=CARTESIAN_POINT('',(-0.00345481936000769,0.0182904597051183,-0.018390695114869));
#8582=CARTESIAN_POINT('',(-0.00345604947702675,0.0181154774395316,-0.0185534600530051));
#8583=CARTESIAN_POINT('',(-0.00349469575481934,0.0181600224422176,-0.0182239878120728));
#8584=CARTESIAN_POINT('',(-0.00349059779673364,0.0180707310053213,-0.0183054438916673));
#8585=CARTESIAN_POINT('',(-0.00349102497267663,0.017981382620829,-0.0183868744172089));
#8586=CARTESIAN_POINT('',(-0.0034999999999993,0.0180037278931131,-0.01821830099278));
#8587=CARTESIAN_POINT('',(-0.00349999999999896,0.017959103269267,-0.0182590083766703));
#8588=CARTESIAN_POINT('',(-0.0035,0.0179144742990438,-0.0182997164972613));
#8589=CARTESIAN_POINT('',(-0.0035,0.0178480980591394,-0.0182125065729939));
#8590=CARTESIAN_POINT('',(-0.0035,0.0178480980591394,-0.0182125065729939));
#8591=CARTESIAN_POINT('',(-0.0035,0.0178480980591394,-0.0182125065729939));
#8592=CARTESIAN_POINT('',(-0.0035,0.0231944617183675,-0.0223469314706214));
#8593=CARTESIAN_POINT('',(-0.00266666666667288,0.0207669381276801,-0.0180559310310716));
#8594=CARTESIAN_POINT('',(-0.0035,0.0178480980591394,-0.0182125065729939));
#8595=CARTESIAN_POINT('',(-0.00349999999999767,0.0183627622810848,-0.0182325112452945));
#8596=CARTESIAN_POINT('',(-0.003423598952641,0.0191463743916172,-0.0182597980590896));
#8597=CARTESIAN_POINT('',(-0.00307575925864834,0.0201284580018367,-0.0182420857163944));
#8598=CARTESIAN_POINT('',(-0.00279612346422779,0.0205590341159431,-0.0181484017831234));
#8599=CARTESIAN_POINT('',(-0.00266666666666665,0.020766938127674,-0.0180559310310757));
#8600=CARTESIAN_POINT('',(-0.0015,0.0228102738951811,-0.0173375410900801));
#8601=CARTESIAN_POINT('',(-0.0015,0.0211738571625338,-0.0176260855117286));
#8602=CARTESIAN_POINT('',(-0.0015,0.0200356663552825,-0.0188367214158887));
#8603=CARTESIAN_POINT('',(-0.00185053423511251,0.0228102738913031,-0.0173375410907639));
#8604=CARTESIAN_POINT('',(-0.00171152536395634,0.02117385715923,-0.0176260855123081));
#8605=CARTESIAN_POINT('',(-0.00160015263860475,0.0200356663534543,-0.0188367214178333));
#8606=CARTESIAN_POINT('',(-0.00219252284279917,0.02276732548353,-0.0173451140538327));
#8607=CARTESIAN_POINT('',(-0.00191810126315556,0.0211371550263996,-0.0176325570885793));
#8608=CARTESIAN_POINT('',(-0.00169786366937289,0.020010032883129,-0.0188531391769102));
#8609=CARTESIAN_POINT('',(-0.00286085970072222,0.0226035942867808,-0.0173739842814034));
#8610=CARTESIAN_POINT('',(-0.00231834192305011,0.0209974928556794,-0.0176571832974605));
#8611=CARTESIAN_POINT('',(-0.00188881705734751,0.0199117148612501,-0.0189158630212225));
#8612=CARTESIAN_POINT('',(-0.00318998119595982,0.0224808370998753,-0.0173956296855306));
#8613=CARTESIAN_POINT('',(-0.00251399687441611,0.0208925613008302,-0.0176756855617108));
#8614=CARTESIAN_POINT('',(-0.00198277760008486,0.0198379013109795,-0.0189628827099489));
#8615=CARTESIAN_POINT('',(-0.00350000000000036,0.0223262208300328,-0.0174228927055604));
#8616=CARTESIAN_POINT('',(-0.00269500870178458,0.0207608149437579,-0.0176989159990705));
#8617=CARTESIAN_POINT('',(-0.00207142857142867,0.0197438506425274,-0.019022406410292));
#8618=CARTESIAN_POINT('',(-0.0015,0.0236785147835158,-0.0222615798551411));
#8619=CARTESIAN_POINT('',(-0.00266666666667727,0.0207669381276924,-0.0180559310310632));
#8620=CARTESIAN_POINT('',(-0.00257834001616701,0.0213702406064002,-0.0177317727353876));
#8621=CARTESIAN_POINT('',(-0.00253129360528156,0.0220106822914654,-0.0174785307586052));
#8622=CARTESIAN_POINT('',(-0.00250000000000005,0.022691911272718,-0.0173584116139278));
#8623=CARTESIAN_POINT('',(-0.0035,0.0236785147835158,-0.0222615798551411));
#8624=CARTESIAN_POINT('',(-0.0035,0.0200356663552825,-0.0188367214158887));
#8625=CARTESIAN_POINT('',(0.003,0.0200356663552825,-0.0188367214158887));
#8626=CARTESIAN_POINT('',(0.003,0.0236785147835158,-0.0222615798551411));
#8627=CARTESIAN_POINT('',(-0.0035,0.,0.));
#8628=CARTESIAN_POINT('',(0.003,0.,0.));
#8629=CARTESIAN_POINT('',(0.003,-0.0200356663552825,-0.0188367214158887));
#8630=CARTESIAN_POINT('',(-0.0035,-0.0200356663552825,-0.0188367214158887));
#8631=CARTESIAN_POINT('',(-4.35778713738292E-6,0.0144189143117857,-0.00975490486745229));
#8632=CARTESIAN_POINT('',(-5.79570787891627E-6,0.0144333657753957,-0.00977968393314065));
#8633=CARTESIAN_POINT('',(-0.00268637820953055,0.0145687662957013,-0.00954516335260017));
#8634=CARTESIAN_POINT('',(-0.00268637820953054,0.0146221240397675,-0.00963758167630009));
#8635=CARTESIAN_POINT('',(-0.00268637820953055,0.0164075325914026,-0.01273));
#8636=CARTESIAN_POINT('',(-5.79570787891605E-6,0.0161367315507914,-0.01273));
#8637=CARTESIAN_POINT('',(-4.35778713738292E-6,0.0161509651193546,-0.0127050951325477));
#8638=CARTESIAN_POINT('',(-0.00268637820953057,0.0163541748473363,-0.0128224183236999));
#8639=CARTESIAN_POINT('',(-0.00268637820953056,0.0145687662957013,-0.0159148366473998));
#8640=CARTESIAN_POINT('',(-5.79570787891675E-6,0.0144333657753957,-0.0156803160668594));
#8641=CARTESIAN_POINT('',(-4.35778713738292E-6,0.0144620508075689,-0.0156801902650954));
#8642=CARTESIAN_POINT('',(-0.00268637820953055,0.0144620508075689,-0.0159148366473999));
#8643=CARTESIAN_POINT('',(-0.00268637820953054,0.0108912337042987,-0.0159148366473999));
#8644=CARTESIAN_POINT('',(-5.79570787891627E-6,0.0110266342246043,-0.0156803160668594));
#8645=CARTESIAN_POINT('',(-4.35778713738292E-6,0.0110410856882143,-0.0157050951325477));
#8646=CARTESIAN_POINT('',(-0.00268637820953054,0.0108378759602325,-0.0158224183236999));
#8647=CARTESIAN_POINT('',(-0.00268637820953054,0.00905246740859745,-0.01273));
#8648=CARTESIAN_POINT('',(-5.79570787891584E-6,0.00932326844920856,-0.01273));
#8649=CARTESIAN_POINT('',(-4.35778713738292E-6,0.00930903488064539,-0.0127549048674523));
#8650=CARTESIAN_POINT('',(-0.00268637820953054,0.00910582515266365,-0.0126375816763001));
#8651=CARTESIAN_POINT('',(-0.00268637820953054,0.0108912337042987,-0.00954516335260017));
#8652=CARTESIAN_POINT('',(-5.79570787891593E-6,0.0110266342246043,-0.00977968393314065));
#8653=CARTESIAN_POINT('',(-4.35778713738292E-6,0.0109979491924311,-0.00977980973490459));
#8654=CARTESIAN_POINT('',(-0.00268637820953055,0.0109979491924311,-0.00954516335260018));
#8655=CARTESIAN_POINT('',(-0.0031,0.01273,-0.01273));
#8656=CARTESIAN_POINT('',(-0.0031,0.014329961643631,-0.0155012148569304));
#8657=CARTESIAN_POINT('',(-0.0031,0.014329961643631,-0.0155012148569304));
#8658=CARTESIAN_POINT('',(-0.0031,0.0159299232872621,-0.01273));
#8659=CARTESIAN_POINT('',(-0.0031,0.0159299232872621,-0.01273));
#8660=CARTESIAN_POINT('',(-0.0031,0.014329961643631,-0.00995878514306963));
#8661=CARTESIAN_POINT('',(-0.0031,0.01273,-0.00995878514306963));
#8662=CARTESIAN_POINT('',(-0.0031,0.011130038356369,-0.00995878514306963));
#8663=CARTESIAN_POINT('',(-0.0031,0.011130038356369,-0.00995878514306963));
#8664=CARTESIAN_POINT('',(-0.0031,0.00953007671273793,-0.01273));
#8665=CARTESIAN_POINT('',(-0.0031,0.00953007671273793,-0.01273));
#8666=CARTESIAN_POINT('',(-0.0031,0.011130038356369,-0.0155012148569304));
#8667=CARTESIAN_POINT('',(-0.0031,0.01273,-0.0155012148569304));
#8668=CARTESIAN_POINT('',(-0.0035,0.0178480980591394,-0.0182125065729939));
#8669=CARTESIAN_POINT('',(-0.0035,0.0178480980591394,-0.0182125065729939));
#8670=CARTESIAN_POINT('',(-0.0035,0.0178480980591394,-0.0182125065729939));
#8671=CARTESIAN_POINT('',(-0.0035,0.0178480980591394,-0.0182125065729939));
#8672=CARTESIAN_POINT('',(-0.0035,0.0178480980591394,-0.0182125065729939));
#8673=CARTESIAN_POINT('',(-0.0035,0.0178480980591394,-0.0182125065729939));
#8674=CARTESIAN_POINT('',(-0.00349999999999968,0.0182610301499455,-0.0180604424337517));
#8675=CARTESIAN_POINT('',(-0.00350000000000835,0.0182713354286912,-0.0180886107963416));
#8676=CARTESIAN_POINT('',(-0.00350000000001288,0.0182816368276265,-0.0181167800992773));
#8677=CARTESIAN_POINT('',(-0.00350000000001298,0.0183022312708681,-0.0181731207300523));
#8678=CARTESIAN_POINT('',(-0.00350000000000867,0.0183125244137245,-0.018201292034006));
#8679=CARTESIAN_POINT('',(-0.0035,0.0183228134778165,-0.018229464326526));
#8680=CARTESIAN_POINT('',(-0.0035,0.0186744156527062,-0.0179089082235552));
#8681=CARTESIAN_POINT('',(-0.0035,0.018694577200505,-0.0179650860089054));
#8682=CARTESIAN_POINT('',(-0.00349675210743489,0.0187146102268027,-0.0180210442019718));
#8683=CARTESIAN_POINT('',(-0.00348327314229021,0.0187551856517757,-0.0181338309021327));
#8684=CARTESIAN_POINT('',(-0.00347307308396135,0.018775781651028,-0.0181907840131972));
#8685=CARTESIAN_POINT('',(-0.00345793927457871,0.0187967687962429,-0.0182482344509609));
#8686=CARTESIAN_POINT('',(-0.0035,0.0192871049773772,-0.0176646656200812));
#8687=CARTESIAN_POINT('',(-0.0035,0.019328965133713,-0.0177679787301643));
#8688=CARTESIAN_POINT('',(-0.00348224850116465,0.0193719494465042,-0.0178740829980381));
#8689=CARTESIAN_POINT('',(-0.00340848348273606,0.0194534627056571,-0.0180752293472961));
#8690=CARTESIAN_POINT('',(-0.00335300246840073,0.0194918544234182,-0.0181699297612454));
#8691=CARTESIAN_POINT('',(-0.00328439781280474,0.0195251078378686,-0.0182518772178047));
#8692=CARTESIAN_POINT('',(-0.0035,0.0194900441795861,-0.0175804195618828));
#8693=CARTESIAN_POINT('',(-0.0035,0.0195403511154792,-0.0177005105953641));
#8694=CARTESIAN_POINT('',(-0.00347573876490445,0.019592392556263,-0.0178249309248289));
#8695=CARTESIAN_POINT('',(-0.00337491336728749,0.0196896010902884,-0.0180566133071094));
#8696=CARTESIAN_POINT('',(-0.00329903316991113,0.0197345657984448,-0.0181633190849571));
#8697=CARTESIAN_POINT('',(-0.00320692395736563,0.019771506372128,-0.0182502888175214));
#8698=CARTESIAN_POINT('',(-0.0035,0.0198897062258339,-0.0173984837372016));
#8699=CARTESIAN_POINT('',(-0.0035,0.0199639552841409,-0.0175546342164832));
#8700=CARTESIAN_POINT('',(-0.00345506948898401,0.0200435237245364,-0.0177220995799147));
#8701=CARTESIAN_POINT('',(-0.00326820629158688,0.0201815783126491,-0.0180121860709359));
#8702=CARTESIAN_POINT('',(-0.00312894381356779,0.0202386963612929,-0.0181318804382325));
#8703=CARTESIAN_POINT('',(-0.00297680419943348,0.0202754760063261,-0.0182084081340353));
#8704=CARTESIAN_POINT('',(-0.0035,0.0200859812682746,-0.0172999159069537));
#8705=CARTESIAN_POINT('',(-0.0035,0.0201771541366406,-0.0174754795057751));
#8706=CARTESIAN_POINT('',(-0.00343941609354832,0.0202772721711114,-0.0176687162353433));
#8707=CARTESIAN_POINT('',(-0.00318733168316325,0.0204422480692932,-0.0179851462439258));
#8708=CARTESIAN_POINT('',(-0.00300078720099282,0.0205043004363386,-0.0181026273219378));
#8709=CARTESIAN_POINT('',(-0.0028111026126683,0.0205349813212898,-0.0181591044838472));
#8710=CARTESIAN_POINT('',(-0.0035,0.0202774972056151,-0.0171907731311747));
#8711=CARTESIAN_POINT('',(-0.0035,0.0203840990548938,-0.0173792073790908));
#8712=CARTESIAN_POINT('',(-0.00342429494430548,0.020504887221598,-0.0175927180030068));
#8713=CARTESIAN_POINT('',(-0.00310906585137767,0.02069023898663,-0.0179203541620422));
#8714=CARTESIAN_POINT('',(-0.00288013665558033,0.0207491711527947,-0.0180245253230911));
#8715=CARTESIAN_POINT('',(-0.00266666666666656,0.0207669381276745,-0.0180559310310771));
#8716=CARTESIAN_POINT('',(-0.0025,0.0202814334095356,-0.0171977309431679));
#8717=CARTESIAN_POINT('',(-0.0035,0.0202814334095353,-0.0171977309431668));
#8718=CARTESIAN_POINT('',(-0.0035,0.0206975803107969,-0.0179333310185172));
#8719=CARTESIAN_POINT('',(-0.00266666666666695,0.0207669381276739,-0.0180559310310759));
#8720=CARTESIAN_POINT('',(-0.0035,0.0209794148883738,-0.0168028657888363));
#8721=CARTESIAN_POINT('',(-0.0035,0.0213940798993313,-0.0176346386743199));
#8722=CARTESIAN_POINT('',(-0.00257496816492327,0.0213932843483776,-0.0177193999985289));
#8723=CARTESIAN_POINT('',(-0.0035,0.021721900801202,-0.0165140240219969));
#8724=CARTESIAN_POINT('',(-0.00349999999999948,0.0220257486109612,-0.0174450463949686));
#8725=CARTESIAN_POINT('',(-0.00253088592238769,0.022019557049467,-0.0174769658040802));
#8726=CARTESIAN_POINT('',(-0.0035,0.0225182630950511,-0.0163736038609155));
#8727=CARTESIAN_POINT('',(-0.0035,0.022691911272718,-0.0173584116139277));
#8728=CARTESIAN_POINT('',(-0.0025,0.022691911272718,-0.0173584116139277));
#8729=CARTESIAN_POINT('',(-0.0025,0.0225182630950511,-0.0163736038609155));
#8730=CARTESIAN_POINT('',(-0.0025,0.003479059885492,-0.019730729077952));
#8731=CARTESIAN_POINT('',(-0.0035,0.0255,-0.0158478431951989));
#8732=CARTESIAN_POINT('',(-0.0035,0.0255454609866057,-0.0161056652620377));
#8733=CARTESIAN_POINT('',(-0.00328331386847288,0.0256360210258019,-0.0166192567659147));
#8734=CARTESIAN_POINT('',(-0.0027617993877973,0.025673648177667,-0.0168326509482117));
#8735=CARTESIAN_POINT('',(-0.00249999999999778,0.0256736481776669,-0.0168326509482111));
#8736=CARTESIAN_POINT('',(-0.0344739793772764,0.0254979525305648,-0.0158479745048239));
#8737=CARTESIAN_POINT('',(-0.00418265276896463,0.0318636463910144,-0.014688359595991));
#8738=CARTESIAN_POINT('',(-0.00419230902306963,0.0319081341817777,-0.0149523955306894));
#8739=CARTESIAN_POINT('',(-0.00398918287864406,0.0320449473291417,-0.015478146740717));
#8740=CARTESIAN_POINT('',(-0.00346747097464176,0.0321942595978213,-0.015682878121885));
#8741=CARTESIAN_POINT('',(-0.00320545573389902,0.0322494056746803,-0.0156731670227153));
#8742=CARTESIAN_POINT('',(-0.0012270505536875,0.0325098172637336,-0.0146110141342561));
#8743=CARTESIAN_POINT('',(-0.0012509690068058,0.0346736481776669,-0.0152457081218349));
#8744=CARTESIAN_POINT('',(-0.0012509690068058,0.0351319985187131,-0.0151648885900916));
#8745=CARTESIAN_POINT('',(-0.0012509690068058,0.0355,-0.0147263215026879));
#8746=CARTESIAN_POINT('',(-0.0012509690068058,0.0355,-0.0142609003688227));
#8747=CARTESIAN_POINT('',(-0.0012509690068058,0.0345,-0.0142609003688227));
#8748=CARTESIAN_POINT('',(0.000296005891483206,0.0355,-0.0142609003688227));
#8749=CARTESIAN_POINT('',(0.000296005891483206,0.0355,-0.0147263215026879));
#8750=CARTESIAN_POINT('',(0.000296005891483206,0.0351319985187131,-0.0151648885900916));
#8751=CARTESIAN_POINT('',(0.000296005891483206,0.0346736481776669,-0.0152457081218349));
#8752=CARTESIAN_POINT('',(0.003,0.,0.));
#8753=CARTESIAN_POINT('',(0.003,-0.0193070966696359,-0.0181517497280382));
#8754=CARTESIAN_POINT('',(0.003,0.0193070966696359,-0.0181517497280381));
#8755=CARTESIAN_POINT('',(0.000282547987065657,0.0325237603980489,-0.0146088990411161));
#8756=CARTESIAN_POINT('',(0.00323221077336366,0.0331081686206347,-0.0145420276525939));
#8757=CARTESIAN_POINT('',(0.00322360474639676,0.0331496652390772,-0.014794169543224));
#8758=CARTESIAN_POINT('',(0.00300437243732167,0.033191514586659,-0.0152964676681885));
#8759=CARTESIAN_POINT('',(0.00250515983710743,0.0331285387362029,-0.0155176836114332));
#8760=CARTESIAN_POINT('',(0.00225443776650982,0.0330792738957063,-0.0155267537619179));
#8761=CARTESIAN_POINT('',(0.003,0.0236785147835158,-0.0222615798551411));
#8762=CARTESIAN_POINT('',(0.003,0.0226366257175141,-0.0163527333370679));
#8763=CARTESIAN_POINT('',(-0.0346374145401954,0.0254985845150068,-0.0158480786180329));
#8764=CARTESIAN_POINT('',(0.003,0.0266602271518954,-0.016658690456455));
#8765=CARTESIAN_POINT('',(0.00325965555344802,0.026663629046372,-0.0166580906106732));
#8766=CARTESIAN_POINT('',(0.00378207402564945,0.0266327755774981,-0.0164433215753604));
#8767=CARTESIAN_POINT('',(0.0039987694301108,0.026546119257656,-0.0159355152709994));
#8768=CARTESIAN_POINT('',(0.00399998927358321,0.0265004021596917,-0.0156761484623954));
#8769=CARTESIAN_POINT('',(0.003,0.0353263518223331,-0.0141151922469878));
#8770=CARTESIAN_POINT('',(-0.00045,0.032,-0.0116));
#8771=CARTESIAN_POINT('',(-0.00045,0.028,-0.0116));
#8772=CARTESIAN_POINT('',(0.00298657769227015,0.0290948435902707,-0.0116000000000002));
#8773=CARTESIAN_POINT('',(0.0029865776922701,0.0290948435902708,-0.0117252520515407));
#8774=CARTESIAN_POINT('',(0.00302258702193843,0.0292810925099609,-0.0119237136187639));
#8775=CARTESIAN_POINT('',(0.00310619413545085,0.0297391871142794,-0.0120775398292));
#8776=CARTESIAN_POINT('',(0.0031638189801648,0.0301065607639558,-0.0121));
#8777=CARTESIAN_POINT('',(0.00319411494886748,0.0303506285320031,-0.0121));
#8778=CARTESIAN_POINT('',(-0.0159208843727433,0.028,-0.0116));
#8779=CARTESIAN_POINT('',(-0.00200396850395276,0.028,-0.0116));
#8780=CARTESIAN_POINT('',(-0.00200396850395275,0.026,-0.0116));
#8781=CARTESIAN_POINT('',(-0.00307849796235494,0.0276868273305309,-0.0121));
#8782=CARTESIAN_POINT('',(-0.00315733029713296,0.0273868743930322,-0.0121));
#8783=CARTESIAN_POINT('',(-0.00339587654573993,0.0268438206560875,-0.0118914574660241));
#8784=CARTESIAN_POINT('',(-0.00350842778426398,0.0262689937544058,-0.0116992009202019));
#8785=CARTESIAN_POINT('',(-0.00350377952757405,0.0259761904761905,-0.0116));
#8786=CARTESIAN_POINT('',(-0.00357721111051305,0.0276509777021615,-0.0126));
#8787=CARTESIAN_POINT('',(-0.00357721111051305,0.0276509777021615,-0.0121));
#8788=CARTESIAN_POINT('',(-0.00307849796235493,0.0276868273305309,-0.0121));
#8789=CARTESIAN_POINT('',(-0.00356512606997188,0.0274828596800775,-0.0125999999617329));
#8790=CARTESIAN_POINT('',(-0.00357013608339022,0.027552555265061,-0.0121345879414341));
#8791=CARTESIAN_POINT('',(-0.00310674210442799,0.0275793598379935,-0.0121));
#8792=CARTESIAN_POINT('',(-0.00355487276625918,0.0273205328484539,-0.0125668675701346));
#8793=CARTESIAN_POINT('',(-0.0035619122966448,0.0274344075559536,-0.0121537606479337));
#8794=CARTESIAN_POINT('',(-0.00314177798538984,0.0274688440858711,-0.0120834337914739));
#8795=CARTESIAN_POINT('',(-0.00353735156199838,0.0270048865332458,-0.0124506206646978));
#8796=CARTESIAN_POINT('',(-0.00354545826133005,0.0271628798005424,-0.012141389847659));
#8797=CARTESIAN_POINT('',(-0.00322700588373231,0.027225920551888,-0.0120253103259423));
#8798=CARTESIAN_POINT('',(-0.00353049673225354,0.0268593392911932,-0.0123701491550737));
#8799=CARTESIAN_POINT('',(-0.00353770268874806,0.0270192108149112,-0.0121130837168907));
#8800=CARTESIAN_POINT('',(-0.00327534902099173,0.0270991734363696,-0.0119850745870481));
#8801=CARTESIAN_POINT('',(-0.00351928940218826,0.0265843991305355,-0.0121806652257084));
#8802=CARTESIAN_POINT('',(-0.00352435272051023,0.0267243819666509,-0.0120132989053944));
#8803=CARTESIAN_POINT('',(-0.00337182043296335,0.0268188247981279,-0.0118903326033429));
#8804=CARTESIAN_POINT('',(-0.00351496273327783,0.0264552874896597,-0.0120713089913609));
#8805=CARTESIAN_POINT('',(-0.00351856937893724,0.0265720060867667,-0.0119433462269451));
#8806=CARTESIAN_POINT('',(-0.00341961033751519,0.0266643893799201,-0.0118356545003659));
#8807=CARTESIAN_POINT('',(-0.00350815587479265,0.0262101549435744,-0.0118417709906829));
#8808=CARTESIAN_POINT('',(-0.00350959685033707,0.0262746755970462,-0.0117829005759663));
#8809=CARTESIAN_POINT('',(-0.00348738271882577,0.0263326626570728,-0.011720885490656));
#8810=CARTESIAN_POINT('',(-0.00350563617478746,0.0260931445144113,-0.0117208513972986));
#8811=CARTESIAN_POINT('',(-0.00350607924301861,0.0261238117355026,-0.0116906177638278));
#8812=CARTESIAN_POINT('',(-0.0035066152900557,0.0261548210050654,-0.0116605190569472));
#8813=CARTESIAN_POINT('',(-0.00350377952757406,0.0259761904761905,-0.0116));
#8814=CARTESIAN_POINT('',(-0.00350377952757406,0.0259761904761905,-0.0116));
#8815=CARTESIAN_POINT('',(-0.00350377952757406,0.0259761904761905,-0.0116));
#8816=CARTESIAN_POINT('',(-0.00307849796235493,0.0276868273305309,-0.0126));
#8817=CARTESIAN_POINT('',(-0.0335,0.0255,-0.0126));
#8818=CARTESIAN_POINT('',(-0.00369407741538112,0.0319696969696969,-0.0126));
#8819=CARTESIAN_POINT('',(-0.0012509690068058,0.0325,-0.0126));
#8820=CARTESIAN_POINT('',(-0.0012509690068058,0.035,-0.0126));
#8821=CARTESIAN_POINT('',(-0.0012509690068058,0.035,-0.0126));
#8822=CARTESIAN_POINT('',(0.000296005891483209,0.035,-0.0126));
#8823=CARTESIAN_POINT('',(0.000296005891483209,0.0325,-0.0126));
#8824=CARTESIAN_POINT('',(0.00274404589136945,0.0330070504501102,-0.0126));
#8825=CARTESIAN_POINT('',(-0.0335,0.0255,-0.0126));
#8826=CARTESIAN_POINT('',(0.00319411494886767,0.030350628532003,-0.0126));
#8827=CARTESIAN_POINT('',(0.00386695772388325,0.0288106648718773,-0.0116));
#8828=CARTESIAN_POINT('',(0.00385327690218057,0.028964816097335,-0.0116));
#8829=CARTESIAN_POINT('',(0.003735704351615,0.0291783060270393,-0.0116));
#8830=CARTESIAN_POINT('',(0.00331069992458989,0.029316669137126,-0.0116));
#8831=CARTESIAN_POINT('',(0.00308648738777033,0.0292130291136551,-0.0116));
#8832=CARTESIAN_POINT('',(0.00298657769227014,0.0290948435902707,-0.0116));
#8833=CARTESIAN_POINT('',(0.00386695778153278,0.0288106642225264,-0.0119543398695521));
#8834=CARTESIAN_POINT('',(0.00385327504982273,0.0289648369631099,-0.0118774493104794));
#8835=CARTESIAN_POINT('',(0.00373570526409809,0.0291783382216782,-0.0117667148206989));
#8836=CARTESIAN_POINT('',(0.00331071749833686,0.0293166962681271,-0.0116799316188385));
#8837=CARTESIAN_POINT('',(0.00308650140951815,0.0292130456694682,-0.0117215789220815));
#8838=CARTESIAN_POINT('',(0.00298657774493014,0.0290948436525635,-0.0117757771614254));
#8839=CARTESIAN_POINT('',(0.00384265995628237,0.0290881577126282,-0.0122504559543932));
#8840=CARTESIAN_POINT('',(0.00383321939576634,0.0291834800080447,-0.0121308980907141));
#8841=CARTESIAN_POINT('',(0.00373417724891402,0.0293036016172016,-0.0119669715928136));
#8842=CARTESIAN_POINT('',(0.00336121178394356,0.0293940205591669,-0.0118149951212323));
#8843=CARTESIAN_POINT('',(0.00314215948841925,0.0293513259357648,-0.0118514231808155));
#8844=CARTESIAN_POINT('',(0.00302439955130422,0.029287761361365,-0.0119230623501681));
#8845=CARTESIAN_POINT('',(0.003777177024137,0.0297144027702308,-0.012557196267143));
#8846=CARTESIAN_POINT('',(0.0037734319448893,0.029745106874111,-0.0124205496006309));
#8847=CARTESIAN_POINT('',(0.00370339733433777,0.0297743471660431,-0.0122485466846503));
#8848=CARTESIAN_POINT('',(0.00342439796967535,0.0297926640151446,-0.0120446924803052));
#8849=CARTESIAN_POINT('',(0.0032385960594435,0.0297813259734132,-0.0120317407944818));
#8850=CARTESIAN_POINT('',(0.00310887015233093,0.0297613017516943,-0.0120761229411733));
#8851=CARTESIAN_POINT('',(0.00373565357903293,0.0300693010189111,-0.012604625980548));
#8852=CARTESIAN_POINT('',(0.00373413978710556,0.0300807525726068,-0.012476934045131));
#8853=CARTESIAN_POINT('',(0.00367711281130556,0.030087232195182,-0.0123230300374933));
#8854=CARTESIAN_POINT('',(0.00344439640054631,0.0300774529135587,-0.0121190108390454));
#8855=CARTESIAN_POINT('',(0.00328309631807368,0.0300621214484046,-0.012081702620494));
#8856=CARTESIAN_POINT('',(0.00315634197638492,0.0300463252380288,-0.0121));
#8857=CARTESIAN_POINT('',(0.00368980277259731,0.0304161539576496,-0.0126042953819963));
#8858=CARTESIAN_POINT('',(0.00368980277259731,0.0304161539576496,-0.0124857283547992));
#8859=CARTESIAN_POINT('',(0.00364326372499309,0.0304100019184882,-0.0123469468485216));
#8860=CARTESIAN_POINT('',(0.00344949343908073,0.0303843872476122,-0.0121495137122534));
#8861=CARTESIAN_POINT('',(0.00331165941222239,0.0303661668418526,-0.0121));
#8862=CARTESIAN_POINT('',(0.00319411494886747,0.0303506285320031,-0.0121));
#8863=CARTESIAN_POINT('',(-0.0335,-0.0255,0.0151));
#8864=CARTESIAN_POINT('',(-0.0335,-0.0255,-0.00395));
#8865=CARTESIAN_POINT('',(0.00399357861481904,-0.0267171945836166,-0.00395));
#8866=CARTESIAN_POINT('',(0.00399357861481904,-0.0267171945836166,-0.00395));
#8867=CARTESIAN_POINT('',(0.00398933212361086,-0.0268480004170421,-0.00395));
#8868=CARTESIAN_POINT('',(0.00397952135689605,-0.0271060318663062,-0.00389912008519223));
#8869=CARTESIAN_POINT('',(0.00396995285092559,-0.0273035058495648,-0.00368214752875432));
#8870=CARTESIAN_POINT('',(0.00396995285092559,-0.0273035058495648,-0.00355));
#8871=CARTESIAN_POINT('',(0.00396995285092559,-0.0273035058495648,-0.00355));
#8872=CARTESIAN_POINT('',(0.00396995285092559,-0.0273035058495648,0.0151));
#8873=CARTESIAN_POINT('',(0.00396995285092558,-0.0273035058495648,0.00355));
#8874=CARTESIAN_POINT('',(0.00396995285092559,-0.0273035058495648,0.00355));
#8875=CARTESIAN_POINT('',(0.00396995285092559,-0.0273035058495648,0.00368214752875432));
#8876=CARTESIAN_POINT('',(0.00397952135689604,-0.0271060318663062,0.00389912008519223));
#8877=CARTESIAN_POINT('',(0.00398933212361086,-0.0268480004170421,0.00395));
#8878=CARTESIAN_POINT('',(0.00399357861481904,-0.0267171945836166,0.00395));
#8879=CARTESIAN_POINT('',(0.00399357861481903,-0.0267171945836166,0.00395));
#8880=CARTESIAN_POINT('',(-0.0335,-0.0255,0.00395));
#8881=CARTESIAN_POINT('',(0.00399998927763357,-0.0265004020078786,0.0156761476011145));
#8882=CARTESIAN_POINT('',(0.00399999645359389,-0.02650013301758,0.0156746215385744));
#8883=CARTESIAN_POINT('',(0.004,-0.0265000000000001,0.0156730658190051));
#8884=CARTESIAN_POINT('',(0.004,-0.0265000000000001,0.0156715162144904));
#8885=CARTESIAN_POINT('',(0.00399998925552102,-0.0265004021700897,0.0156761484604778));
#8886=CARTESIAN_POINT('',(0.00399998927763358,-0.0265004020078786,0.0156761476011145));
#8887=CARTESIAN_POINT('',(0.00394085456348863,-0.0287170620394532,0.0152957097791121));
#8888=CARTESIAN_POINT('',(0.00368339723010499,-0.0309370993220851,0.0149146923309971));
#8889=CARTESIAN_POINT('',(0.00323365389134671,-0.0331084605401323,0.0145420289902918));
#8890=CARTESIAN_POINT('',(0.00323365389221571,-0.0331084605359366,0.0145420288662067));
#8891=CARTESIAN_POINT('',(0.00323365389134671,-0.0331084605401323,0.0151));
#8892=CARTESIAN_POINT('',(0.0032336538913467,-0.0331084605401323,0.0126));
#8893=CARTESIAN_POINT('',(-0.0335,-0.0255,0.0126));
#8894=CARTESIAN_POINT('',(0.00368980277259761,-0.0304161539576473,0.0125999999999872));
#8895=CARTESIAN_POINT('',(0.0036898027725973,-0.0304161539576497,0.0126));
#8896=CARTESIAN_POINT('',(0.00373567036726763,-0.0300691740188321,0.0126));
#8897=CARTESIAN_POINT('',(0.00379734122990719,-0.0295423677093922,0.0125306898631538));
#8898=CARTESIAN_POINT('',(0.00385420789230317,-0.0289570932018913,0.0121163736788644));
#8899=CARTESIAN_POINT('',(0.0038664621024898,-0.0288162493789211,0.0117771992849158));
#8900=CARTESIAN_POINT('',(0.0038664621024898,-0.0288162493789211,0.0116));
#8901=CARTESIAN_POINT('',(0.00386646210248812,-0.0288162493789399,0.0116000000003949));
#8902=CARTESIAN_POINT('',(0.0038664621024898,-0.028816249378921,0.0151));
#8903=CARTESIAN_POINT('',(0.00386646210248812,-0.0288162493789399,-0.0116000000003949));
#8904=CARTESIAN_POINT('',(0.0038664621024898,-0.0288162493789211,-0.0116));
#8905=CARTESIAN_POINT('',(0.0038664621024898,-0.0288162493789211,-0.0117771992849158));
#8906=CARTESIAN_POINT('',(0.00385420789230317,-0.0289570932018913,-0.0121163736788644));
#8907=CARTESIAN_POINT('',(0.00379734122990718,-0.0295423677093922,-0.0125306898631538));
#8908=CARTESIAN_POINT('',(0.00373567036726763,-0.0300691740188321,-0.0126));
#8909=CARTESIAN_POINT('',(0.0036898027725973,-0.0304161539576497,-0.0126));
#8910=CARTESIAN_POINT('',(0.00368980277259761,-0.0304161539576473,-0.0125999999999872));
#8911=CARTESIAN_POINT('',(-0.0335,-0.0255,-0.0126));
#8912=CARTESIAN_POINT('',(0.0032336538913467,-0.0331084605401323,-0.0126));
#8913=CARTESIAN_POINT('',(0.0032336538913467,-0.0331084605401323,-0.0151));
#8914=CARTESIAN_POINT('',(0.00323365389221571,-0.0331084605359366,-0.0145420288662067));
#8915=CARTESIAN_POINT('',(0.00323365389134671,-0.0331084605401323,-0.0145420289902918));
#8916=CARTESIAN_POINT('',(0.003683397230105,-0.0309370993220851,-0.0149146923309972));
#8917=CARTESIAN_POINT('',(0.00394085456348863,-0.0287170620394532,-0.0152957097791119));
#8918=CARTESIAN_POINT('',(0.00399998927763358,-0.0265004020078786,-0.0156761476011146));
#8919=CARTESIAN_POINT('',(0.00399998925990967,-0.0265004020056843,-0.015676147518156));
#8920=CARTESIAN_POINT('',(0.00399998927763358,-0.0265004020078786,-0.0156761476011145));
#8921=CARTESIAN_POINT('',(0.00399999645359389,-0.02650013301758,-0.0156746215385743));
#8922=CARTESIAN_POINT('',(0.00400000000000001,-0.0265000000000001,-0.015673065819005));
#8923=CARTESIAN_POINT('',(0.00400000000000001,-0.0265000000000001,-0.0156715162144904));
#8924=CARTESIAN_POINT('',(-0.0335,-0.0255,0.0121));
#8925=CARTESIAN_POINT('',(-0.0335,-0.0255,0.0121));
#8926=CARTESIAN_POINT('',(0.00274404589136945,-0.0330070504501102,0.0121));
#8927=CARTESIAN_POINT('',(0.0031941149488677,-0.030350628532003,0.0121));
#8928=CARTESIAN_POINT('',(0.000296005891483209,-0.0325,0.0121));
#8929=CARTESIAN_POINT('',(0.000296005891483209,-0.035,0.0121));
#8930=CARTESIAN_POINT('',(-0.0012509690068058,-0.035,0.0121));
#8931=CARTESIAN_POINT('',(-0.0012509690068058,-0.035,0.0121));
#8932=CARTESIAN_POINT('',(-0.0012509690068058,-0.0325,0.0121));
#8933=CARTESIAN_POINT('',(-0.00369407741538112,-0.0319696969696969,0.0121));
#8934=CARTESIAN_POINT('',(-0.0335,-0.0255,0.0121));
#8935=CARTESIAN_POINT('',(-0.00307849796236224,-0.0276868273305163,0.0121));
#8936=CARTESIAN_POINT('',(-0.00200396850395275,-0.026,0.0121));
#8937=CARTESIAN_POINT('',(-0.00200396850395275,-0.028,0.0121));
#8938=CARTESIAN_POINT('',(-0.0159208843727433,-0.028,0.0121));
#8939=CARTESIAN_POINT('',(-0.00045,-0.028,0.0121));
#8940=CARTESIAN_POINT('',(-0.00045,-0.032,0.0121));
#8941=CARTESIAN_POINT('',(0.000296005891483209,-0.0325,0.0151));
#8942=CARTESIAN_POINT('',(0.0032336538913467,-0.0331084605401323,0.0145420289902918));
#8943=CARTESIAN_POINT('',(0.00310560544475622,-0.0337266785480419,0.0144693566471223));
#8944=CARTESIAN_POINT('',(0.00236357487072982,-0.0350396987916727,0.0143150093836766));
#8945=CARTESIAN_POINT('',(0.000927345665280127,-0.0355,0.0142609003688227));
#8946=CARTESIAN_POINT('',(0.000296005891483209,-0.0355,0.0142609003688227));
#8947=CARTESIAN_POINT('',(0.000296005766858227,-0.0355,0.0142609002439667));
#8948=CARTESIAN_POINT('',(0.00029600589148321,-0.0355,0.0151));
#8949=CARTESIAN_POINT('',(0.000296005891483209,-0.0355,0.0126));
#8950=CARTESIAN_POINT('',(0.000296005891483209,-0.0325,0.0126));
#8951=CARTESIAN_POINT('',(-0.0012509690068058,-0.0355,0.0151));
#8952=CARTESIAN_POINT('',(-0.0012509690068058,-0.0355,0.0142609003688227));
#8953=CARTESIAN_POINT('',(-0.0012509690068058,-0.0355,0.0126));
#8954=CARTESIAN_POINT('',(-0.0335,-0.0255,0.0151));
#8955=CARTESIAN_POINT('',(-0.0335,-0.0255,0.0126));
#8956=CARTESIAN_POINT('',(-0.00357721111051305,-0.0276509777021615,0.0125999999999932));
#8957=CARTESIAN_POINT('',(-0.0041826990970962,-0.0318636363636364,0.0146883597159948));
#8958=CARTESIAN_POINT('',(-0.00373016309597673,-0.029778801002831,0.0150682261979213));
#8959=CARTESIAN_POINT('',(-0.00350000000000001,-0.0276333840052776,0.0154591309295118));
#8960=CARTESIAN_POINT('',(-0.0035,-0.0255000000000001,0.0158478431951989));
#8961=CARTESIAN_POINT('',(-0.0035,-0.0255000000000001,-0.0158478431951989));
#8962=CARTESIAN_POINT('',(-0.00350000000000001,-0.0276333840052775,-0.0154591309295119));
#8963=CARTESIAN_POINT('',(-0.00373016309597672,-0.029778801002831,-0.0150682261979213));
#8964=CARTESIAN_POINT('',(-0.0041826990970962,-0.0318636363636364,-0.0146883597159947));
#8965=CARTESIAN_POINT('',(-0.0335,-0.0255,-0.0126));
#8966=CARTESIAN_POINT('',(-0.00357721111051305,-0.0276509777021615,-0.0125999999999932));
#8967=CARTESIAN_POINT('',(-0.00357721111051305,-0.0276509777021616,-0.0126));
#8968=CARTESIAN_POINT('',(-0.00355290786934123,-0.0273128892346782,-0.0126));
#8969=CARTESIAN_POINT('',(-0.00351942932397567,-0.0266790874770469,-0.0123281701181703));
#8970=CARTESIAN_POINT('',(-0.00350745719406599,-0.0262078542755146,-0.0118393837191374));
#8971=CARTESIAN_POINT('',(-0.00350377952757406,-0.0259761904761905,-0.0116));
#8972=CARTESIAN_POINT('',(-0.00350377952757406,-0.0259761904761905,0.0116));
#8973=CARTESIAN_POINT('',(-0.00350745719406599,-0.0262078542755146,0.0118393837191374));
#8974=CARTESIAN_POINT('',(-0.00351942932397567,-0.0266790874770469,0.0123281701181703));
#8975=CARTESIAN_POINT('',(-0.00355290786934123,-0.0273128892346782,0.0126));
#8976=CARTESIAN_POINT('',(-0.00357721111051305,-0.0276509777021616,0.0126));
#8977=CARTESIAN_POINT('',(-0.0012509690068058,-0.0355,0.0151));
#8978=CARTESIAN_POINT('',(-0.0035,-0.0228102738951811,0.0173375410900801));
#8979=CARTESIAN_POINT('',(-0.00150000154579619,-0.0228102737242902,0.0173375411202128));
#8980=CARTESIAN_POINT('',(0.003,-0.0228102738951811,0.0173375410900801));
#8981=CARTESIAN_POINT('',(-0.0015,-0.0228102738951811,0.0173375410900801));
#8982=CARTESIAN_POINT('',(-0.00184123378756473,-0.0228102738951811,0.0173375410900801));
#8983=CARTESIAN_POINT('',(-0.00217431555973873,-0.022769563412309,0.0173447194466081));
#8984=CARTESIAN_POINT('',(-0.0025,-0.022691911272718,0.0173584116139278));
#8985=CARTESIAN_POINT('',(-0.00250000000001042,-0.022691911272718,0.0173584116139278));
#8986=CARTESIAN_POINT('',(-0.0025,-0.00365270806315893,0.0207155368309642));
#8987=CARTESIAN_POINT('',(-0.00249999999999777,-0.0256736446097181,0.0168326512216566));
#8988=CARTESIAN_POINT('',(-0.00320545567430922,-0.0322494054013716,0.0156731670709071));
#8989=CARTESIAN_POINT('',(-0.002896507662366,-0.0308260806646145,0.0159241387023301));
#8990=CARTESIAN_POINT('',(-0.00250000033500299,-0.0286345445629925,0.0163105667150555));
#8991=CARTESIAN_POINT('',(-0.00249999999999575,-0.0256736445488937,0.0168326508767043));
#8992=CARTESIAN_POINT('',(-0.00320545567458348,-0.032249405480009,0.0156731675172175));
#8993=CARTESIAN_POINT('',(-0.00320545573366606,-0.0322494057534245,0.015673167469007));
#8994=CARTESIAN_POINT('',(-0.00326050111355627,-0.0325030000622976,0.0156284519501985));
#8995=CARTESIAN_POINT('',(-0.00328085921710752,-0.0330851724533252,0.0155257992502368));
#8996=CARTESIAN_POINT('',(-0.00287080775192504,-0.0339796039250501,0.0153680868493769));
#8997=CARTESIAN_POINT('',(-0.00208371114596545,-0.0345700518860061,0.0152639749431561));
#8998=CARTESIAN_POINT('',(-0.00151046865485965,-0.0346736481776669,0.0152457081218349));
#8999=CARTESIAN_POINT('',(-0.0012509690068058,-0.0346736481776669,0.0152457081218349));
#9000=CARTESIAN_POINT('',(-0.00125096892363919,-0.0346736481778562,0.0152457081218015));
#9001=CARTESIAN_POINT('',(-0.0012509690068058,-0.034673648177667,0.015245708121835));
#9002=CARTESIAN_POINT('',(0.00029600543803247,-0.0346736481778551,0.0152457081218017));
#9003=CARTESIAN_POINT('',(0.000296005891483206,-0.0346736481776669,0.0152457081218349));
#9004=CARTESIAN_POINT('',(0.000716899074014494,-0.0346736481776669,0.0152457081218349));
#9005=CARTESIAN_POINT('',(0.00167438521098094,-0.0343667807054487,0.0152998171366888));
#9006=CARTESIAN_POINT('',(0.00216907226033188,-0.0334914338763615,0.0154541644001345));
#9007=CARTESIAN_POINT('',(0.0022544378913922,-0.0330792885377551,0.015526836743304));
#9008=CARTESIAN_POINT('',(0.00225443789221307,-0.0330792885349864,0.0155268367437922));
#9009=CARTESIAN_POINT('',(0.0022544378913922,-0.0330792885377551,0.015526836743304));
#9010=CARTESIAN_POINT('',(0.00269132703830065,-0.0309699873687776,0.0158987634498347));
#9011=CARTESIAN_POINT('',(0.0029417976534843,-0.0288135120923982,0.0162790082242911));
#9012=CARTESIAN_POINT('',(0.003,-0.0266602271518953,0.016658690456455));
#9013=CARTESIAN_POINT('',(0.003,-0.0266602271518953,0.016658690456455));
#9014=CARTESIAN_POINT('',(0.003,-0.0355,0.0151));
#9015=CARTESIAN_POINT('',(-0.00298707271714088,-0.0213514481273451,0.017727385334278));
#9016=CARTESIAN_POINT('',(-0.00247708339646505,-0.0204054119328923,0.018161442044902));
#9017=CARTESIAN_POINT('',(-0.00207142857142853,-0.0197438506425275,0.0190224064102919));
#9018=CARTESIAN_POINT('',(-0.00300486504945279,-0.0212116952186897,0.0177811631204752));
#9019=CARTESIAN_POINT('',(-0.00252171864920282,-0.0202937931324807,0.0182327040079089));
#9020=CARTESIAN_POINT('',(-0.00216823077829409,-0.0196411522539255,0.0190874031621011));
#9021=CARTESIAN_POINT('',(-0.00302495266695536,-0.0210746179689725,0.0178309274640748));
#9022=CARTESIAN_POINT('',(-0.00256953555687836,-0.0201867785700076,0.01829476658731));
#9023=CARTESIAN_POINT('',(-0.00226370652924142,-0.0195441326769311,0.0191345444092862));
#9024=CARTESIAN_POINT('',(-0.00306998870909366,-0.0207991475716912,0.0179231976007723));
#9025=CARTESIAN_POINT('',(-0.00267158391977571,-0.0199758474497067,0.018401693037454));
#9026=CARTESIAN_POINT('',(-0.00245085586081782,-0.0193567422494963,0.0191982097634717));
#9027=CARTESIAN_POINT('',(-0.0030952135790958,-0.0206594093112835,0.0179660585171362));
#9028=CARTESIAN_POINT('',(-0.00272637407155458,-0.0198709334840756,0.0184468952139646));
#9029=CARTESIAN_POINT('',(-0.00254342158750157,-0.0192655226066026,0.0192146585690642));
#9030=CARTESIAN_POINT('',(-0.00314874644498426,-0.0203801907069921,0.0180419959581265));
#9031=CARTESIAN_POINT('',(-0.00283849124946599,-0.0196641792538884,0.0185173654514259));
#9032=CARTESIAN_POINT('',(-0.00271860742867452,-0.0190909829641966,0.0192191414007197));
#9033=CARTESIAN_POINT('',(-0.00317696944523312,-0.0202408417667542,0.0180751586402406));
#9034=CARTESIAN_POINT('',(-0.00289569533123362,-0.0195623834157941,0.0185428959316933));
#9035=CARTESIAN_POINT('',(-0.00280126154741668,-0.019007639335521,0.0192075435649873));
#9036=CARTESIAN_POINT('',(-0.00323485722493051,-0.0199572318124601,0.0181320964097575));
#9037=CARTESIAN_POINT('',(-0.00301010260905608,-0.019356767033674,0.0185750625177585));
#9038=CARTESIAN_POINT('',(-0.00295628445408585,-0.0188451552659476,0.019160600985952));
#9039=CARTESIAN_POINT('',(-0.00326476556154121,-0.0198117245479124,0.0181559931971123));
#9040=CARTESIAN_POINT('',(-0.00306776757007462,-0.0192520512276239,0.0185816349620213));
#9041=CARTESIAN_POINT('',(-0.00302914955539424,-0.018765406905382,0.0191247288290558));
#9042=CARTESIAN_POINT('',(-0.0033219481409451,-0.0195206169198547,0.0181932444140168));
#9043=CARTESIAN_POINT('',(-0.00317610772685579,-0.0190432026321567,0.0185761336982618));
#9044=CARTESIAN_POINT('',(-0.00315929353313444,-0.018612275561801,0.0190342359145633));
#9045=CARTESIAN_POINT('',(-0.0033493864608032,-0.0193742797295727,0.0182068563812987));
#9046=CARTESIAN_POINT('',(-0.00322715083309573,-0.0189385141834758,0.0185643619524488));
#9047=CARTESIAN_POINT('',(-0.00321709234866763,-0.0185384398139271,0.01897965645087));
#9048=CARTESIAN_POINT('',(-0.00339960930917824,-0.0190763199069799,0.0182254340507916));
#9049=CARTESIAN_POINT('',(-0.00331952991147193,-0.0187254922353124,0.0185248899651985));
#9050=CARTESIAN_POINT('',(-0.00331806170215802,-0.0183933454642902,0.0188547677199374));
#9051=CARTESIAN_POINT('',(-0.00342249694206365,-0.0189235941984329,0.0182303714823536));
#9052=CARTESIAN_POINT('',(-0.00336107409731633,-0.0186163483776823,0.0184968898278062));
#9053=CARTESIAN_POINT('',(-0.00336135861044941,-0.0183216561049815,0.0187838416943441));
#9054=CARTESIAN_POINT('',(-0.00345988128806714,-0.0186197970724329,0.0182333331526391));
#9055=CARTESIAN_POINT('',(-0.00342848111924384,-0.0183992507856837,0.0184298270205391));
#9056=CARTESIAN_POINT('',(-0.00343012020600717,-0.0181829827363079,0.0186333810971445));
#9057=CARTESIAN_POINT('',(-0.00347462126859024,-0.0184675970965396,0.0182314801410472));
#9058=CARTESIAN_POINT('',(-0.00345481936000769,-0.0182904597051183,0.018390695114869));
#9059=CARTESIAN_POINT('',(-0.00345604947702675,-0.0181154774395316,0.0185534600530051));
#9060=CARTESIAN_POINT('',(-0.00349469575481934,-0.0181600224422176,0.0182239878120728));
#9061=CARTESIAN_POINT('',(-0.00349059779673364,-0.0180707310053213,0.0183054438916673));
#9062=CARTESIAN_POINT('',(-0.00349102497267663,-0.017981382620829,0.0183868744172089));
#9063=CARTESIAN_POINT('',(-0.0034999999999993,-0.0180037278931131,0.01821830099278));
#9064=CARTESIAN_POINT('',(-0.00349999999999896,-0.017959103269267,0.0182590083766703));
#9065=CARTESIAN_POINT('',(-0.0035,-0.0179144742990438,0.0182997164972613));
#9066=CARTESIAN_POINT('',(-0.0035,-0.0178480980591394,0.0182125065729939));
#9067=CARTESIAN_POINT('',(-0.0035,-0.0178480980591394,0.0182125065729939));
#9068=CARTESIAN_POINT('',(-0.0035,-0.0178480980591394,0.0182125065729939));
#9069=CARTESIAN_POINT('',(-0.0035,-0.0231944617183675,0.0223469314706214));
#9070=CARTESIAN_POINT('',(-0.00266666666667288,-0.0207669381276801,0.0180559310310716));
#9071=CARTESIAN_POINT('',(-0.0035,-0.0178480980591394,0.0182125065729939));
#9072=CARTESIAN_POINT('',(-0.00349999999999767,-0.0183627622810848,0.0182325112452945));
#9073=CARTESIAN_POINT('',(-0.003423598952641,-0.0191463743916172,0.0182597980590896));
#9074=CARTESIAN_POINT('',(-0.00307575925864834,-0.0201284580018367,0.0182420857163944));
#9075=CARTESIAN_POINT('',(-0.00279612346422779,-0.0205590341159431,0.0181484017831234));
#9076=CARTESIAN_POINT('',(-0.00266666666666665,-0.020766938127674,0.0180559310310757));
#9077=CARTESIAN_POINT('',(-0.0015,-0.0228102738951811,0.0173375410900801));
#9078=CARTESIAN_POINT('',(-0.0015,-0.0211738571625338,0.0176260855117286));
#9079=CARTESIAN_POINT('',(-0.0015,-0.0200356663552825,0.0188367214158887));
#9080=CARTESIAN_POINT('',(-0.00185053423511251,-0.0228102738913031,0.0173375410907639));
#9081=CARTESIAN_POINT('',(-0.00171152536395634,-0.02117385715923,0.0176260855123081));
#9082=CARTESIAN_POINT('',(-0.00160015263860475,-0.0200356663534543,0.0188367214178333));
#9083=CARTESIAN_POINT('',(-0.00219252284279917,-0.02276732548353,0.0173451140538327));
#9084=CARTESIAN_POINT('',(-0.00191810126315556,-0.0211371550263996,0.0176325570885793));
#9085=CARTESIAN_POINT('',(-0.00169786366937289,-0.020010032883129,0.0188531391769102));
#9086=CARTESIAN_POINT('',(-0.00286085970072222,-0.0226035942867808,0.0173739842814034));
#9087=CARTESIAN_POINT('',(-0.00231834192305011,-0.0209974928556794,0.0176571832974605));
#9088=CARTESIAN_POINT('',(-0.00188881705734751,-0.0199117148612501,0.0189158630212225));
#9089=CARTESIAN_POINT('',(-0.00318998119595982,-0.0224808370998753,0.0173956296855306));
#9090=CARTESIAN_POINT('',(-0.00251399687441611,-0.0208925613008302,0.0176756855617108));
#9091=CARTESIAN_POINT('',(-0.00198277760008486,-0.0198379013109795,0.0189628827099489));
#9092=CARTESIAN_POINT('',(-0.00350000000000036,-0.0223262208300328,0.0174228927055604));
#9093=CARTESIAN_POINT('',(-0.00269500870178458,-0.0207608149437579,0.0176989159990705));
#9094=CARTESIAN_POINT('',(-0.00207142857142867,-0.0197438506425274,0.019022406410292));
#9095=CARTESIAN_POINT('',(-0.0015,-0.0236785147835158,0.0222615798551411));
#9096=CARTESIAN_POINT('',(-0.00266666666667727,-0.0207669381276924,0.0180559310310632));
#9097=CARTESIAN_POINT('',(-0.00257834001616701,-0.0213702406064002,0.0177317727353876));
#9098=CARTESIAN_POINT('',(-0.00253129360528156,-0.0220106822914654,0.0174785307586052));
#9099=CARTESIAN_POINT('',(-0.00250000000000005,-0.022691911272718,0.0173584116139278));
#9100=CARTESIAN_POINT('',(-0.0035,-0.0236785147835158,0.0222615798551411));
#9101=CARTESIAN_POINT('',(0.003,-0.0236785147835158,0.0222615798551411));
#9102=CARTESIAN_POINT('',(-4.35778713738292E-6,-0.0144189143117857,0.00975490486745229));
#9103=CARTESIAN_POINT('',(-5.79570787891627E-6,-0.0144333657753957,0.00977968393314065));
#9104=CARTESIAN_POINT('',(-0.00268637820953055,-0.0145687662957013,0.00954516335260017));
#9105=CARTESIAN_POINT('',(-0.00268637820953054,-0.0146221240397675,0.00963758167630009));
#9106=CARTESIAN_POINT('',(-0.00268637820953055,-0.0164075325914026,0.01273));
#9107=CARTESIAN_POINT('',(-5.79570787891605E-6,-0.0161367315507914,0.01273));
#9108=CARTESIAN_POINT('',(-4.35778713738292E-6,-0.0161509651193546,0.0127050951325477));
#9109=CARTESIAN_POINT('',(-0.00268637820953057,-0.0163541748473363,0.0128224183236999));
#9110=CARTESIAN_POINT('',(-0.00268637820953056,-0.0145687662957013,0.0159148366473998));
#9111=CARTESIAN_POINT('',(-5.79570787891675E-6,-0.0144333657753957,0.0156803160668594));
#9112=CARTESIAN_POINT('',(-4.35778713738292E-6,-0.0144620508075689,0.0156801902650954));
#9113=CARTESIAN_POINT('',(-0.00268637820953055,-0.0144620508075689,0.0159148366473999));
#9114=CARTESIAN_POINT('',(-0.00268637820953054,-0.0108912337042987,0.0159148366473999));
#9115=CARTESIAN_POINT('',(-5.79570787891627E-6,-0.0110266342246043,0.0156803160668594));
#9116=CARTESIAN_POINT('',(-4.35778713738292E-6,-0.0110410856882143,0.0157050951325477));
#9117=CARTESIAN_POINT('',(-0.00268637820953054,-0.0108378759602325,0.0158224183236999));
#9118=CARTESIAN_POINT('',(-0.00268637820953054,-0.00905246740859745,0.01273));
#9119=CARTESIAN_POINT('',(-5.79570787891584E-6,-0.00932326844920856,0.01273));
#9120=CARTESIAN_POINT('',(-4.35778713738292E-6,-0.00930903488064539,0.0127549048674523));
#9121=CARTESIAN_POINT('',(-0.00268637820953054,-0.00910582515266365,0.0126375816763001));
#9122=CARTESIAN_POINT('',(-0.00268637820953054,-0.0108912337042987,0.00954516335260017));
#9123=CARTESIAN_POINT('',(-5.79570787891593E-6,-0.0110266342246043,0.00977968393314065));
#9124=CARTESIAN_POINT('',(-4.35778713738292E-6,-0.0109979491924311,0.00977980973490459));
#9125=CARTESIAN_POINT('',(-0.00268637820953055,-0.0109979491924311,0.00954516335260018));
#9126=CARTESIAN_POINT('',(-0.0031,-0.01273,0.01273));
#9127=CARTESIAN_POINT('',(-0.0031,-0.014329961643631,0.0155012148569304));
#9128=CARTESIAN_POINT('',(-0.0031,-0.014329961643631,0.0155012148569304));
#9129=CARTESIAN_POINT('',(-0.0031,-0.0159299232872621,0.01273));
#9130=CARTESIAN_POINT('',(-0.0031,-0.0159299232872621,0.01273));
#9131=CARTESIAN_POINT('',(-0.0031,-0.014329961643631,0.00995878514306963));
#9132=CARTESIAN_POINT('',(-0.0031,-0.01273,0.00995878514306963));
#9133=CARTESIAN_POINT('',(-0.0031,-0.011130038356369,0.00995878514306963));
#9134=CARTESIAN_POINT('',(-0.0031,-0.011130038356369,0.00995878514306963));
#9135=CARTESIAN_POINT('',(-0.0031,-0.00953007671273793,0.01273));
#9136=CARTESIAN_POINT('',(-0.0031,-0.00953007671273793,0.01273));
#9137=CARTESIAN_POINT('',(-0.0031,-0.011130038356369,0.0155012148569304));
#9138=CARTESIAN_POINT('',(-0.0031,-0.01273,0.0155012148569304));
#9139=CARTESIAN_POINT('',(-0.00045,-0.032,0.0173123339795195));
#9140=CARTESIAN_POINT('',(0.0018,-0.02810288568297,0.));
#9141=CARTESIAN_POINT('',(0.0018,-0.02810288568297,-0.004));
#9142=CARTESIAN_POINT('',(0.0018,-0.02810288568297,0.004));
#9143=CARTESIAN_POINT('',(-0.00045,-0.032,-0.004));
#9144=CARTESIAN_POINT('',(0.0006,-0.0276242143562556,-0.004));
#9145=CARTESIAN_POINT('',(0.0006,-0.0276242143562556,0.0173123339795195));
#9146=CARTESIAN_POINT('',(0.0006,-0.0276242143562556,0.004));
#9147=CARTESIAN_POINT('',(-0.00045,-0.032,0.004));
#9148=CARTESIAN_POINT('',(-0.00045,-0.0275,0.0173123339795195));
#9149=CARTESIAN_POINT('',(-0.00045,-0.0275,0.0116));
#9150=CARTESIAN_POINT('',(-0.00045,-0.0275,-0.0116));
#9151=CARTESIAN_POINT('',(-0.00045,-0.032,-0.0116));
#9152=CARTESIAN_POINT('',(0.00298657769227101,-0.0290948435902717,-0.0116000000000001));
#9153=CARTESIAN_POINT('',(0.00298657769227014,-0.0290948435902707,0.0151));
#9154=CARTESIAN_POINT('',(0.00298657769227102,-0.0290948435902717,0.0116000000000001));
#9155=CARTESIAN_POINT('',(-0.00045,-0.032,0.0116));
#9156=CARTESIAN_POINT('',(0.00336841965807794,-0.0287720484336342,0.0151));
#9157=CARTESIAN_POINT('',(0.00336841965807794,-0.0287720484336342,-0.0116));
#9158=CARTESIAN_POINT('',(0.00336841965807794,-0.0287720484336342,0.0116));
#9159=CARTESIAN_POINT('',(-0.0159208843727433,-0.0275,0.0121));
#9160=CARTESIAN_POINT('',(-0.0159208843727433,-0.0275,-0.0116));
#9161=CARTESIAN_POINT('',(-0.0159208843727433,-0.0275,0.0116));
#9162=CARTESIAN_POINT('',(-0.0035,-0.0178480980591394,0.0182125065729939));
#9163=CARTESIAN_POINT('',(-0.0035,-0.0178480980591394,0.0182125065729939));
#9164=CARTESIAN_POINT('',(-0.0035,-0.0178480980591394,0.0182125065729939));
#9165=CARTESIAN_POINT('',(-0.0035,-0.0178480980591394,0.0182125065729939));
#9166=CARTESIAN_POINT('',(-0.0035,-0.0178480980591394,0.0182125065729939));
#9167=CARTESIAN_POINT('',(-0.0035,-0.0178480980591394,0.0182125065729939));
#9168=CARTESIAN_POINT('',(-0.00349999999999968,-0.0182610301499455,0.0180604424337517));
#9169=CARTESIAN_POINT('',(-0.00350000000000835,-0.0182713354286912,0.0180886107963416));
#9170=CARTESIAN_POINT('',(-0.00350000000001288,-0.0182816368276265,0.0181167800992773));
#9171=CARTESIAN_POINT('',(-0.00350000000001298,-0.0183022312708681,0.0181731207300523));
#9172=CARTESIAN_POINT('',(-0.00350000000000867,-0.0183125244137245,0.018201292034006));
#9173=CARTESIAN_POINT('',(-0.0035,-0.0183228134778165,0.018229464326526));
#9174=CARTESIAN_POINT('',(-0.0035,-0.0186744156527062,0.0179089082235552));
#9175=CARTESIAN_POINT('',(-0.0035,-0.018694577200505,0.0179650860089054));
#9176=CARTESIAN_POINT('',(-0.00349675210743489,-0.0187146102268027,0.0180210442019718));
#9177=CARTESIAN_POINT('',(-0.00348327314229021,-0.0187551856517757,0.0181338309021327));
#9178=CARTESIAN_POINT('',(-0.00347307308396135,-0.018775781651028,0.0181907840131972));
#9179=CARTESIAN_POINT('',(-0.00345793927457871,-0.0187967687962429,0.0182482344509609));
#9180=CARTESIAN_POINT('',(-0.0035,-0.0192871049773772,0.0176646656200812));
#9181=CARTESIAN_POINT('',(-0.0035,-0.019328965133713,0.0177679787301643));
#9182=CARTESIAN_POINT('',(-0.00348224850116465,-0.0193719494465042,0.0178740829980381));
#9183=CARTESIAN_POINT('',(-0.00340848348273606,-0.0194534627056571,0.0180752293472961));
#9184=CARTESIAN_POINT('',(-0.00335300246840073,-0.0194918544234182,0.0181699297612454));
#9185=CARTESIAN_POINT('',(-0.00328439781280474,-0.0195251078378686,0.0182518772178047));
#9186=CARTESIAN_POINT('',(-0.0035,-0.0194900441795861,0.0175804195618828));
#9187=CARTESIAN_POINT('',(-0.0035,-0.0195403511154792,0.0177005105953641));
#9188=CARTESIAN_POINT('',(-0.00347573876490445,-0.019592392556263,0.0178249309248289));
#9189=CARTESIAN_POINT('',(-0.00337491336728749,-0.0196896010902884,0.0180566133071094));
#9190=CARTESIAN_POINT('',(-0.00329903316991113,-0.0197345657984448,0.0181633190849571));
#9191=CARTESIAN_POINT('',(-0.00320692395736563,-0.019771506372128,0.0182502888175214));
#9192=CARTESIAN_POINT('',(-0.0035,-0.0198897062258339,0.0173984837372016));
#9193=CARTESIAN_POINT('',(-0.0035,-0.0199639552841409,0.0175546342164832));
#9194=CARTESIAN_POINT('',(-0.00345506948898401,-0.0200435237245364,0.0177220995799147));
#9195=CARTESIAN_POINT('',(-0.00326820629158688,-0.0201815783126491,0.0180121860709359));
#9196=CARTESIAN_POINT('',(-0.00312894381356779,-0.0202386963612929,0.0181318804382325));
#9197=CARTESIAN_POINT('',(-0.00297680419943348,-0.0202754760063261,0.0182084081340353));
#9198=CARTESIAN_POINT('',(-0.0035,-0.0200859812682746,0.0172999159069537));
#9199=CARTESIAN_POINT('',(-0.0035,-0.0201771541366406,0.0174754795057751));
#9200=CARTESIAN_POINT('',(-0.00343941609354832,-0.0202772721711114,0.0176687162353433));
#9201=CARTESIAN_POINT('',(-0.00318733168316325,-0.0204422480692932,0.0179851462439258));
#9202=CARTESIAN_POINT('',(-0.00300078720099282,-0.0205043004363386,0.0181026273219378));
#9203=CARTESIAN_POINT('',(-0.0028111026126683,-0.0205349813212898,0.0181591044838472));
#9204=CARTESIAN_POINT('',(-0.0035,-0.0202774972056151,0.0171907731311747));
#9205=CARTESIAN_POINT('',(-0.0035,-0.0203840990548938,0.0173792073790908));
#9206=CARTESIAN_POINT('',(-0.00342429494430548,-0.020504887221598,0.0175927180030068));
#9207=CARTESIAN_POINT('',(-0.00310906585137767,-0.02069023898663,0.0179203541620422));
#9208=CARTESIAN_POINT('',(-0.00288013665558033,-0.0207491711527947,0.0180245253230911));
#9209=CARTESIAN_POINT('',(-0.00266666666666656,-0.0207669381276745,0.0180559310310771));
#9210=CARTESIAN_POINT('',(-0.0025,-0.0202814334095356,0.0171977309431679));
#9211=CARTESIAN_POINT('',(-0.0035,-0.0202814334095353,0.0171977309431668));
#9212=CARTESIAN_POINT('',(-0.0035,-0.0206975803107969,0.0179333310185172));
#9213=CARTESIAN_POINT('',(-0.00266666666666695,-0.0207669381276739,0.0180559310310759));
#9214=CARTESIAN_POINT('',(-0.0035,-0.0209794148883738,0.0168028657888363));
#9215=CARTESIAN_POINT('',(-0.0035,-0.0213940798993313,0.0176346386743199));
#9216=CARTESIAN_POINT('',(-0.00257496816492327,-0.0213932843483776,0.0177193999985289));
#9217=CARTESIAN_POINT('',(-0.0035,-0.021721900801202,0.0165140240219969));
#9218=CARTESIAN_POINT('',(-0.00349999999999948,-0.0220257486109612,0.0174450463949686));
#9219=CARTESIAN_POINT('',(-0.00253088592238769,-0.022019557049467,0.0174769658040802));
#9220=CARTESIAN_POINT('',(-0.0035,-0.0225182630950511,0.0163736038609155));
#9221=CARTESIAN_POINT('',(-0.0035,-0.022691911272718,0.0173584116139277));
#9222=CARTESIAN_POINT('',(-0.0025,-0.022691911272718,0.0173584116139277));
#9223=CARTESIAN_POINT('',(-0.0025,-0.0225182630950511,0.0163736038609155));
#9224=CARTESIAN_POINT('',(-0.0025,-0.003479059885492,0.019730729077952));
#9225=CARTESIAN_POINT('',(-0.0035,-0.0255,0.0158478431951989));
#9226=CARTESIAN_POINT('',(-0.0035,-0.0255454609866057,0.0161056652620377));
#9227=CARTESIAN_POINT('',(-0.00328331386847288,-0.0256360210258019,0.0166192567659147));
#9228=CARTESIAN_POINT('',(-0.00276179938779728,-0.025673648177667,0.0168326509482117));
#9229=CARTESIAN_POINT('',(-0.00249999999999776,-0.0256736481776669,0.0168326509482111));
#9230=CARTESIAN_POINT('',(-0.0344739793772601,-0.0254979525305636,0.0158479745048084));
#9231=CARTESIAN_POINT('',(-0.0041826527689647,-0.0318636463910143,0.014688359595991));
#9232=CARTESIAN_POINT('',(-0.00419230902306968,-0.0319081341817776,0.0149523955306893));
#9233=CARTESIAN_POINT('',(-0.00398918287864411,-0.0320449473291417,0.015478146740717));
#9234=CARTESIAN_POINT('',(-0.00346747097464175,-0.0321942595978213,0.015682878121885));
#9235=CARTESIAN_POINT('',(-0.00320545573389901,-0.0322494056746803,0.0156731670227152));
#9236=CARTESIAN_POINT('',(-0.00122705055345654,-0.0325098172635392,0.0146110141340197));
#9237=CARTESIAN_POINT('',(-0.0012509690068058,-0.0346736481776669,0.0152457081218349));
#9238=CARTESIAN_POINT('',(-0.0012509690068058,-0.0351319985187131,0.0151648885900916));
#9239=CARTESIAN_POINT('',(-0.0012509690068058,-0.0355,0.0147263215026879));
#9240=CARTESIAN_POINT('',(-0.0012509690068058,-0.0355,0.0142609003688227));
#9241=CARTESIAN_POINT('',(-0.0012509690068058,-0.0345,0.0142609003688227));
#9242=CARTESIAN_POINT('',(0.000296005891483206,-0.0355,0.0142609003688227));
#9243=CARTESIAN_POINT('',(0.000296005891483206,-0.0355,0.0147263215026879));
#9244=CARTESIAN_POINT('',(0.000296005891483206,-0.0351319985187131,0.0151648885900916));
#9245=CARTESIAN_POINT('',(0.000296005891483206,-0.0346736481776669,0.0152457081218349));
#9246=CARTESIAN_POINT('',(0.000282547987048288,-0.0325237603980254,0.014608899041094));
#9247=CARTESIAN_POINT('',(0.00323221077336652,-0.0331081686206353,0.0145420276525939));
#9248=CARTESIAN_POINT('',(0.00322360474639851,-0.0331496652390787,0.0147941695432237));
#9249=CARTESIAN_POINT('',(0.00300437243732158,-0.0331915145866612,0.0152964676681872));
#9250=CARTESIAN_POINT('',(0.00250515983710718,-0.0331285387362032,0.0155176836114304));
#9251=CARTESIAN_POINT('',(0.00225443776650981,-0.0330792738957057,0.0155267537619145));
#9252=CARTESIAN_POINT('',(0.003,-0.0236785147835158,0.0222615798551411));
#9253=CARTESIAN_POINT('',(0.003,-0.0226366257175141,0.0163527333370679));
#9254=CARTESIAN_POINT('',(-0.0346374145401947,-0.0254985845150069,0.015848078618033));
#9255=CARTESIAN_POINT('',(0.003,-0.0266602271518954,0.016658690456455));
#9256=CARTESIAN_POINT('',(0.00325965555344802,-0.026663629046372,0.0166580906106732));
#9257=CARTESIAN_POINT('',(0.00378207402564945,-0.0266327755774981,0.0164433215753604));
#9258=CARTESIAN_POINT('',(0.0039987694301108,-0.026546119257656,0.0159355152709994));
#9259=CARTESIAN_POINT('',(0.00399998927358321,-0.0265004021596917,0.0156761484623954));
#9260=CARTESIAN_POINT('',(0.003,-0.0353263518223331,0.0141151922469878));
#9261=CARTESIAN_POINT('',(-0.00045,-0.032,0.0116));
#9262=CARTESIAN_POINT('',(-0.00045,-0.028,0.0116));
#9263=CARTESIAN_POINT('',(0.00298657769227015,-0.0290948435902707,0.0116000000000002));
#9264=CARTESIAN_POINT('',(0.0029865776922701,-0.0290948435902708,0.0117252520515407));
#9265=CARTESIAN_POINT('',(0.00302258702193843,-0.0292810925099609,0.0119237136187639));
#9266=CARTESIAN_POINT('',(0.00310619413545085,-0.0297391871142794,0.0120775398292));
#9267=CARTESIAN_POINT('',(0.0031638189801648,-0.0301065607639558,0.0121));
#9268=CARTESIAN_POINT('',(0.00319411494886748,-0.0303506285320031,0.0121));
#9269=CARTESIAN_POINT('',(-0.0159208843727433,-0.028,0.0116));
#9270=CARTESIAN_POINT('',(-0.00200396850395276,-0.028,0.0116));
#9271=CARTESIAN_POINT('',(-0.00200396850395275,-0.026,0.0116));
#9272=CARTESIAN_POINT('',(-0.00307849796235494,-0.0276868273305309,0.0121));
#9273=CARTESIAN_POINT('',(-0.00315733029713296,-0.0273868743930322,0.0121));
#9274=CARTESIAN_POINT('',(-0.00339587654573993,-0.0268438206560875,0.0118914574660241));
#9275=CARTESIAN_POINT('',(-0.00350842778426398,-0.0262689937544058,0.0116992009202019));
#9276=CARTESIAN_POINT('',(-0.00350377952757405,-0.0259761904761905,0.0116));
#9277=CARTESIAN_POINT('',(-0.00357721111051305,-0.0276509777021615,0.0126));
#9278=CARTESIAN_POINT('',(-0.00357721111051305,-0.0276509777021615,0.0121));
#9279=CARTESIAN_POINT('',(-0.00307849796235493,-0.0276868273305309,0.0121));
#9280=CARTESIAN_POINT('',(-0.00356512606997188,-0.0274828596800775,0.0125999999617329));
#9281=CARTESIAN_POINT('',(-0.00357013608339022,-0.027552555265061,0.0121345879414341));
#9282=CARTESIAN_POINT('',(-0.00310674210442799,-0.0275793598379935,0.0121));
#9283=CARTESIAN_POINT('',(-0.00355487276625918,-0.0273205328484539,0.0125668675701346));
#9284=CARTESIAN_POINT('',(-0.0035619122966448,-0.0274344075559536,0.0121537606479337));
#9285=CARTESIAN_POINT('',(-0.00314177798538984,-0.0274688440858711,0.0120834337914739));
#9286=CARTESIAN_POINT('',(-0.00353735156199838,-0.0270048865332458,0.0124506206646978));
#9287=CARTESIAN_POINT('',(-0.00354545826133005,-0.0271628798005424,0.012141389847659));
#9288=CARTESIAN_POINT('',(-0.00322700588373231,-0.027225920551888,0.0120253103259423));
#9289=CARTESIAN_POINT('',(-0.00353049673225354,-0.0268593392911932,0.0123701491550737));
#9290=CARTESIAN_POINT('',(-0.00353770268874806,-0.0270192108149112,0.0121130837168907));
#9291=CARTESIAN_POINT('',(-0.00327534902099173,-0.0270991734363696,0.0119850745870481));
#9292=CARTESIAN_POINT('',(-0.00351928940218826,-0.0265843991305355,0.0121806652257084));
#9293=CARTESIAN_POINT('',(-0.00352435272051023,-0.0267243819666509,0.0120132989053944));
#9294=CARTESIAN_POINT('',(-0.00337182043296335,-0.0268188247981279,0.0118903326033429));
#9295=CARTESIAN_POINT('',(-0.00351496273327783,-0.0264552874896597,0.0120713089913609));
#9296=CARTESIAN_POINT('',(-0.00351856937893724,-0.0265720060867667,0.0119433462269451));
#9297=CARTESIAN_POINT('',(-0.00341961033751519,-0.0266643893799201,0.0118356545003659));
#9298=CARTESIAN_POINT('',(-0.00350815587479265,-0.0262101549435744,0.0118417709906829));
#9299=CARTESIAN_POINT('',(-0.00350959685033707,-0.0262746755970462,0.0117829005759663));
#9300=CARTESIAN_POINT('',(-0.00348738271882577,-0.0263326626570728,0.011720885490656));
#9301=CARTESIAN_POINT('',(-0.00350563617478746,-0.0260931445144113,0.0117208513972986));
#9302=CARTESIAN_POINT('',(-0.00350607924301861,-0.0261238117355026,0.0116906177638278));
#9303=CARTESIAN_POINT('',(-0.0035066152900557,-0.0261548210050654,0.0116605190569472));
#9304=CARTESIAN_POINT('',(-0.00350377952757406,-0.0259761904761905,0.0116));
#9305=CARTESIAN_POINT('',(-0.00350377952757406,-0.0259761904761905,0.0116));
#9306=CARTESIAN_POINT('',(-0.00350377952757406,-0.0259761904761905,0.0116));
#9307=CARTESIAN_POINT('',(-0.00307849796235493,-0.0276868273305309,0.0126));
#9308=CARTESIAN_POINT('',(-0.0335,-0.0255,0.0126));
#9309=CARTESIAN_POINT('',(-0.00369407741538112,-0.0319696969696969,0.0126));
#9310=CARTESIAN_POINT('',(-0.0012509690068058,-0.0325,0.0126));
#9311=CARTESIAN_POINT('',(-0.0012509690068058,-0.035,0.0126));
#9312=CARTESIAN_POINT('',(-0.0012509690068058,-0.035,0.0126));
#9313=CARTESIAN_POINT('',(0.000296005891483209,-0.035,0.0126));
#9314=CARTESIAN_POINT('',(0.000296005891483209,-0.0325,0.0126));
#9315=CARTESIAN_POINT('',(0.00274404589136945,-0.0330070504501102,0.0126));
#9316=CARTESIAN_POINT('',(-0.0335,-0.0255,0.0126));
#9317=CARTESIAN_POINT('',(0.00319411494886767,-0.030350628532003,0.0126));
#9318=CARTESIAN_POINT('',(0.00386695772388325,-0.0288106648718773,0.0116));
#9319=CARTESIAN_POINT('',(0.00385327690218057,-0.028964816097335,0.0116));
#9320=CARTESIAN_POINT('',(0.003735704351615,-0.0291783060270393,0.0116));
#9321=CARTESIAN_POINT('',(0.00331069992458989,-0.029316669137126,0.0116));
#9322=CARTESIAN_POINT('',(0.00308648738777033,-0.0292130291136551,0.0116));
#9323=CARTESIAN_POINT('',(0.00298657769227014,-0.0290948435902707,0.0116));
#9324=CARTESIAN_POINT('',(0.00386695778153278,-0.0288106642225264,0.0119543398695521));
#9325=CARTESIAN_POINT('',(0.00385327504982273,-0.0289648369631099,0.0118774493104794));
#9326=CARTESIAN_POINT('',(0.00373570526409809,-0.0291783382216782,0.0117667148206989));
#9327=CARTESIAN_POINT('',(0.00331071749833686,-0.0293166962681271,0.0116799316188386));
#9328=CARTESIAN_POINT('',(0.00308650140951815,-0.0292130456694682,0.0117215789220815));
#9329=CARTESIAN_POINT('',(0.00298657774493014,-0.0290948436525635,0.0117757771614254));
#9330=CARTESIAN_POINT('',(0.00384265995628237,-0.0290881577126282,0.0122504559543932));
#9331=CARTESIAN_POINT('',(0.00383321939576634,-0.0291834800080447,0.0121308980907141));
#9332=CARTESIAN_POINT('',(0.00373417724891401,-0.0293036016172016,0.0119669715928136));
#9333=CARTESIAN_POINT('',(0.00336121178394356,-0.0293940205591669,0.0118149951212323));
#9334=CARTESIAN_POINT('',(0.00314215948841925,-0.0293513259357648,0.0118514231808155));
#9335=CARTESIAN_POINT('',(0.00302439955130422,-0.029287761361365,0.0119230623501681));
#9336=CARTESIAN_POINT('',(0.003777177024137,-0.0297144027702308,0.012557196267143));
#9337=CARTESIAN_POINT('',(0.0037734319448893,-0.029745106874111,0.0124205496006309));
#9338=CARTESIAN_POINT('',(0.00370339733433777,-0.0297743471660431,0.0122485466846503));
#9339=CARTESIAN_POINT('',(0.00342439796967535,-0.0297926640151446,0.0120446924803052));
#9340=CARTESIAN_POINT('',(0.0032385960594435,-0.0297813259734132,0.0120317407944818));
#9341=CARTESIAN_POINT('',(0.00310887015233093,-0.0297613017516943,0.0120761229411733));
#9342=CARTESIAN_POINT('',(0.00373565357903293,-0.0300693010189111,0.012604625980548));
#9343=CARTESIAN_POINT('',(0.00373413978710556,-0.0300807525726068,0.012476934045131));
#9344=CARTESIAN_POINT('',(0.00367711281130556,-0.030087232195182,0.0123230300374933));
#9345=CARTESIAN_POINT('',(0.00344439640054631,-0.0300774529135587,0.0121190108390454));
#9346=CARTESIAN_POINT('',(0.00328309631807368,-0.0300621214484046,0.012081702620494));
#9347=CARTESIAN_POINT('',(0.00315634197638492,-0.0300463252380288,0.0121));
#9348=CARTESIAN_POINT('',(0.00368980277259731,-0.0304161539576496,0.0126042953819963));
#9349=CARTESIAN_POINT('',(0.00368980277259731,-0.0304161539576496,0.0124857283547992));
#9350=CARTESIAN_POINT('',(0.00364326372499309,-0.0304100019184882,0.0123469468485216));
#9351=CARTESIAN_POINT('',(0.00344949343908073,-0.0303843872476122,0.0121495137122534));
#9352=CARTESIAN_POINT('',(0.00331165941222239,-0.0303661668418526,0.0121));
#9353=CARTESIAN_POINT('',(0.00319411494886747,-0.0303506285320031,0.0121));
#9354=CARTESIAN_POINT('',(-0.0335,-0.0255,-0.0121));
#9355=CARTESIAN_POINT('',(-0.0335,-0.0255,-0.0121));
#9356=CARTESIAN_POINT('',(0.00274404589136945,-0.0330070504501102,-0.0121));
#9357=CARTESIAN_POINT('',(0.0031941149488677,-0.030350628532003,-0.0121));
#9358=CARTESIAN_POINT('',(-0.00045,-0.032,-0.0121));
#9359=CARTESIAN_POINT('',(-0.00045,-0.028,-0.0121));
#9360=CARTESIAN_POINT('',(-0.0335,-0.028,-0.0121));
#9361=CARTESIAN_POINT('',(-0.00200396850395275,-0.028,-0.0121));
#9362=CARTESIAN_POINT('',(-0.00200396850395275,-0.026,-0.0121));
#9363=CARTESIAN_POINT('',(-0.00307849796236224,-0.0276868273305163,-0.0121));
#9364=CARTESIAN_POINT('',(-0.0335,-0.0255,-0.0121));
#9365=CARTESIAN_POINT('',(-0.00369407741538112,-0.031969696969697,-0.0121));
#9366=CARTESIAN_POINT('',(-0.0012509690068058,-0.0325,-0.0121));
#9367=CARTESIAN_POINT('',(-0.0012509690068058,-0.035,-0.0121));
#9368=CARTESIAN_POINT('',(-0.0335,-0.035,-0.0121));
#9369=CARTESIAN_POINT('',(0.000296005891483209,-0.035,-0.0121));
#9370=CARTESIAN_POINT('',(0.000296005891483209,-0.0325,-0.0121));
#9371=CARTESIAN_POINT('',(0.000296005891483209,-0.0325,-0.0151));
#9372=CARTESIAN_POINT('',(0.000296005891483209,-0.0325,-0.0126));
#9373=CARTESIAN_POINT('',(0.000296005891483208,-0.0355,-0.0126));
#9374=CARTESIAN_POINT('',(0.000296005891483209,-0.0355,-0.0151));
#9375=CARTESIAN_POINT('',(0.000296005766858227,-0.0355,-0.0142609002439667));
#9376=CARTESIAN_POINT('',(0.000296005891483204,-0.0355,-0.0142609003688227));
#9377=CARTESIAN_POINT('',(0.000927345665280125,-0.0355,-0.0142609003688227));
#9378=CARTESIAN_POINT('',(0.00236357487072982,-0.0350396987916727,-0.0143150093836766));
#9379=CARTESIAN_POINT('',(0.00310560544475622,-0.0337266785480418,-0.0144693566471223));
#9380=CARTESIAN_POINT('',(0.0032336538913467,-0.0331084605401323,-0.0145420289902918));
#9381=CARTESIAN_POINT('',(-0.0012509690068058,-0.0355,-0.0151));
#9382=CARTESIAN_POINT('',(-0.0012509690068058,-0.0355,-0.0126));
#9383=CARTESIAN_POINT('',(-0.0012509690068058,-0.0355,-0.0142609003688227));
#9384=CARTESIAN_POINT('',(-0.0012509690068058,-0.0355,-0.0151));
#9385=CARTESIAN_POINT('',(-0.0012509690068058,-0.0228102738951811,-0.0173375410900801));
#9386=CARTESIAN_POINT('',(-0.00150000154579619,-0.0228102737242902,-0.0173375411202128));
#9387=CARTESIAN_POINT('',(0.003,-0.0228102738951811,-0.0173375410900801));
#9388=CARTESIAN_POINT('',(0.003,-0.0355,-0.0151));
#9389=CARTESIAN_POINT('',(0.003,-0.0266602271518953,-0.016658690456455));
#9390=CARTESIAN_POINT('',(0.003,-0.0266602271518953,-0.016658690456455));
#9391=CARTESIAN_POINT('',(0.0029417976534843,-0.0288135120923982,-0.0162790082242911));
#9392=CARTESIAN_POINT('',(0.00269132703830065,-0.0309699873687775,-0.0158987634498347));
#9393=CARTESIAN_POINT('',(0.0022544378913922,-0.0330792885377551,-0.015526836743304));
#9394=CARTESIAN_POINT('',(0.00225443789221306,-0.0330792885349864,-0.0155268367437922));
#9395=CARTESIAN_POINT('',(0.0022544378913922,-0.0330792885377551,-0.015526836743304));
#9396=CARTESIAN_POINT('',(0.00216907226033188,-0.0334914338763615,-0.0154541644001345));
#9397=CARTESIAN_POINT('',(0.00167438521098096,-0.0343667807054487,-0.0152998171366888));
#9398=CARTESIAN_POINT('',(0.000716899074014493,-0.0346736481776669,-0.0152457081218349));
#9399=CARTESIAN_POINT('',(0.000296005891483206,-0.0346736481776669,-0.0152457081218349));
#9400=CARTESIAN_POINT('',(0.000296005808316558,-0.0346736481778551,-0.0152457081218017));
#9401=CARTESIAN_POINT('',(-0.0012509690068058,-0.034673648177667,-0.015245708121835));
#9402=CARTESIAN_POINT('',(-0.00125096863437629,-0.0346736481778562,-0.0152457081218015));
#9403=CARTESIAN_POINT('',(-0.0012509690068058,-0.0346736481776669,-0.0152457081218349));
#9404=CARTESIAN_POINT('',(-0.00151046865485965,-0.0346736481776669,-0.0152457081218349));
#9405=CARTESIAN_POINT('',(-0.00208371114596545,-0.0345700518860061,-0.0152639749431561));
#9406=CARTESIAN_POINT('',(-0.00287080775192503,-0.0339796039250501,-0.0153680868493769));
#9407=CARTESIAN_POINT('',(-0.00328085921710752,-0.0330851724533252,-0.0155257992502368));
#9408=CARTESIAN_POINT('',(-0.00326050111355627,-0.0325030000622976,-0.0156284519501985));
#9409=CARTESIAN_POINT('',(-0.00320545573366606,-0.0322494057534245,-0.015673167469007));
#9410=CARTESIAN_POINT('',(-0.00320545573339913,-0.032249405751011,-0.0156731674694326));
#9411=CARTESIAN_POINT('',(-0.00249999999999555,-0.0256736480560187,-0.0168326502583064));
#9412=CARTESIAN_POINT('',(-0.00250000000001055,-0.0286314227453324,-0.0163111171732113));
#9413=CARTESIAN_POINT('',(-0.00289584476860607,-0.0308230267724798,-0.0159246771882228));
#9414=CARTESIAN_POINT('',(-0.00320545573364539,-0.0322494056747337,-0.0156731670227058));
#9415=CARTESIAN_POINT('',(-0.0025,-0.0256736481776669,-0.0168326509482111));
#9416=CARTESIAN_POINT('',(-0.0025,-0.0355,-0.0151));
#9417=CARTESIAN_POINT('',(-0.00250000000001042,-0.022691911272718,-0.0173584116139278));
#9418=CARTESIAN_POINT('',(-0.0025,-0.022691911272718,-0.0173584116139278));
#9419=CARTESIAN_POINT('',(-0.00217431555973873,-0.022769563412309,-0.0173447194466081));
#9420=CARTESIAN_POINT('',(-0.00184123378756473,-0.0228102738951811,-0.0173375410900801));
#9421=CARTESIAN_POINT('',(-0.0015,-0.0228102738951811,-0.0173375410900801));
#9422=CARTESIAN_POINT('',(-0.00207142857142852,-0.0197438506425275,-0.0190224064102919));
#9423=CARTESIAN_POINT('',(-0.00247708339646672,-0.020405411932895,-0.0181614420448985));
#9424=CARTESIAN_POINT('',(-0.00298707271714487,-0.0213514481273525,-0.0177273853342746));
#9425=CARTESIAN_POINT('',(-0.00216823077829337,-0.0196411522539234,-0.0190874031621036));
#9426=CARTESIAN_POINT('',(-0.0025217186492044,-0.0202937931324826,-0.0182327040079079));
#9427=CARTESIAN_POINT('',(-0.00300486504945676,-0.0212116952186966,-0.017781163120473));
#9428=CARTESIAN_POINT('',(-0.00226370652924066,-0.0195441326769333,-0.0191345444092845));
#9429=CARTESIAN_POINT('',(-0.00256953555687979,-0.0201867785700131,-0.0182947665873067));
#9430=CARTESIAN_POINT('',(-0.00302495266695912,-0.0210746179689811,-0.0178309274640716));
#9431=CARTESIAN_POINT('',(-0.00245085586081858,-0.0193567422494941,-0.0191982097634735));
#9432=CARTESIAN_POINT('',(-0.00267158391977645,-0.0199758474497064,-0.0184016930374505));
#9433=CARTESIAN_POINT('',(-0.0030699887090966,-0.020799147571696,-0.0179231976007682));
#9434=CARTESIAN_POINT('',(-0.00254342158750158,-0.0192655226066046,-0.0192146585690623));
#9435=CARTESIAN_POINT('',(-0.00272637407155576,-0.0198709334840801,-0.0184468952139607));
#9436=CARTESIAN_POINT('',(-0.00309521357909901,-0.0206594093112908,-0.0179660585171322));
#9437=CARTESIAN_POINT('',(-0.00271860742867452,-0.0190909829641946,-0.0192191414007216));
#9438=CARTESIAN_POINT('',(-0.00283849124946605,-0.0196641792538887,-0.0185173654514238));
#9439=CARTESIAN_POINT('',(-0.0031487464449864,-0.0203801907069966,-0.018041995958123));
#9440=CARTESIAN_POINT('',(-0.00280126154741773,-0.0190076393355213,-0.0192075435649856));
#9441=CARTESIAN_POINT('',(-0.00289569533123474,-0.019562383415796,-0.01854289593169));
#9442=CARTESIAN_POINT('',(-0.00317696944523575,-0.0202408417667594,-0.0180751586402367));
#9443=CARTESIAN_POINT('',(-0.00295628445408481,-0.0188451552659472,-0.0191606009859537));
#9444=CARTESIAN_POINT('',(-0.00301010260905557,-0.0193567670336763,-0.0185750625177567));
#9445=CARTESIAN_POINT('',(-0.00323485722493187,-0.0199572318124651,-0.0181320964097543));
#9446=CARTESIAN_POINT('',(-0.0030291495553939,-0.0187654069053819,-0.0191247288290565));
#9447=CARTESIAN_POINT('',(-0.00306776757007433,-0.0192520512276262,-0.0185816349620193));
#9448=CARTESIAN_POINT('',(-0.00326476556154251,-0.0198117245479171,-0.018155993197109));
#9449=CARTESIAN_POINT('',(-0.00315929353313478,-0.0186122755618,-0.0190342359145626));
#9450=CARTESIAN_POINT('',(-0.0031761077268563,-0.019043202632158,-0.0185761336982598));
#9451=CARTESIAN_POINT('',(-0.0033219481409465,-0.0195206169198582,-0.0181932444140136));
#9452=CARTESIAN_POINT('',(-0.00321709234866785,-0.0185384398139271,-0.0189796564508693));
#9453=CARTESIAN_POINT('',(-0.0032271508330966,-0.0189385141834774,-0.0185643619524469));
#9454=CARTESIAN_POINT('',(-0.00334938646080471,-0.0193742797295761,-0.0182068563812958));
#9455=CARTESIAN_POINT('',(-0.00331806170215779,-0.0183933454642902,-0.0188547677199381));
#9456=CARTESIAN_POINT('',(-0.0033195299114711,-0.0187254922353137,-0.0185248899651974));
#9457=CARTESIAN_POINT('',(-0.00339960930917834,-0.0190763199069827,-0.0182254340507893));
#9458=CARTESIAN_POINT('',(-0.00336135861044958,-0.0183216561049802,-0.0187838416943447));
#9459=CARTESIAN_POINT('',(-0.00336107409731624,-0.0186163483776826,-0.0184968898278057));
#9460=CARTESIAN_POINT('',(-0.00342249694206405,-0.0189235941984348,-0.0182303714823518));
#9461=CARTESIAN_POINT('',(-0.003430120206007,-0.0181829827363093,-0.0186333810971439));
#9462=CARTESIAN_POINT('',(-0.00342848111924396,-0.0183992507856854,-0.0184298270205376));
#9463=CARTESIAN_POINT('',(-0.00345988128806749,-0.018619797072435,-0.0182333331526372));
#9464=CARTESIAN_POINT('',(-0.00345604947702682,-0.0181154774395323,-0.0185534600530038));
#9465=CARTESIAN_POINT('',(-0.00345481935998929,-0.0182904597051179,-0.018390695114864));
#9466=CARTESIAN_POINT('',(-0.00347462126857804,-0.0184675970965403,-0.0182314801410432));
#9467=CARTESIAN_POINT('',(-0.00349102497267655,-0.0179813826208283,-0.0183868744172102));
#9468=CARTESIAN_POINT('',(-0.00349059779675193,-0.0180707310053228,-0.0183054438916713));
#9469=CARTESIAN_POINT('',(-0.00349469575483168,-0.0181600224422191,-0.0182239878120749));
#9470=CARTESIAN_POINT('',(-0.0035,-0.017914474299047,-0.0182997164972583));
#9471=CARTESIAN_POINT('',(-0.00349999999999896,-0.0179591032692668,-0.0182590083766687));
#9472=CARTESIAN_POINT('',(-0.00349999999999931,-0.0180037278931128,-0.0182183009927791));
#9473=CARTESIAN_POINT('',(-0.0035,-0.0178480980591394,-0.0182125065729939));
#9474=CARTESIAN_POINT('',(-0.0035,-0.0178480980591394,-0.0182125065729939));
#9475=CARTESIAN_POINT('',(-0.0035,-0.0178480980591394,-0.0182125065729939));
#9476=CARTESIAN_POINT('',(-0.00350000000000037,-0.0231944617183674,-0.0223469314706214));
#9477=CARTESIAN_POINT('',(-0.00266666666667196,-0.020766938127683,-0.0180559310310697));
#9478=CARTESIAN_POINT('',(-0.00266666666666665,-0.020766938127674,-0.0180559310310757));
#9479=CARTESIAN_POINT('',(-0.00279612346422831,-0.0205590341159446,-0.018148401783126));
#9480=CARTESIAN_POINT('',(-0.00307575925864787,-0.0201284580018491,-0.0182420857163934));
#9481=CARTESIAN_POINT('',(-0.00342359895264157,-0.0191463743915521,-0.0182597980590886));
#9482=CARTESIAN_POINT('',(-0.00349999999999769,-0.0183627622813738,-0.0182325112453034));
#9483=CARTESIAN_POINT('',(-0.0035,-0.0178480980591394,-0.0182125065729939));
#9484=CARTESIAN_POINT('',(-0.0015,-0.0200356663552825,-0.0188367214158887));
#9485=CARTESIAN_POINT('',(-0.0015,-0.0211738571625338,-0.0176260855117286));
#9486=CARTESIAN_POINT('',(-0.0015,-0.0228102738951811,-0.0173375410900801));
#9487=CARTESIAN_POINT('',(-0.00160015263860475,-0.0200356663534543,-0.0188367214178333));
#9488=CARTESIAN_POINT('',(-0.00171152536395634,-0.02117385715923,-0.0176260855123081));
#9489=CARTESIAN_POINT('',(-0.00185053423511251,-0.0228102738913031,-0.0173375410907639));
#9490=CARTESIAN_POINT('',(-0.00169786366937289,-0.020010032883129,-0.0188531391769102));
#9491=CARTESIAN_POINT('',(-0.00191810126315556,-0.0211371550263996,-0.0176325570885793));
#9492=CARTESIAN_POINT('',(-0.00219252284279917,-0.02276732548353,-0.0173451140538327));
#9493=CARTESIAN_POINT('',(-0.00188881705734751,-0.0199117148612501,-0.0189158630212225));
#9494=CARTESIAN_POINT('',(-0.00231834192305011,-0.0209974928556794,-0.0176571832974605));
#9495=CARTESIAN_POINT('',(-0.00286085970072222,-0.0226035942867808,-0.0173739842814034));
#9496=CARTESIAN_POINT('',(-0.00198277760008486,-0.0198379013109795,-0.0189628827099489));
#9497=CARTESIAN_POINT('',(-0.00251399687441636,-0.0208925613008302,-0.017675685561709));
#9498=CARTESIAN_POINT('',(-0.00318998119595982,-0.0224808370998753,-0.0173956296855306));
#9499=CARTESIAN_POINT('',(-0.00207142857142867,-0.0197438506425274,-0.019022406410292));
#9500=CARTESIAN_POINT('',(-0.00269500870178458,-0.0207608149437579,-0.0176989159990705));
#9501=CARTESIAN_POINT('',(-0.00350000000000036,-0.0223262208300328,-0.0174228927055604));
#9502=CARTESIAN_POINT('',(-0.00250000000000005,-0.022691911272718,-0.0173584116139278));
#9503=CARTESIAN_POINT('',(-0.00253129360528156,-0.0220106822914655,-0.0174785307586052));
#9504=CARTESIAN_POINT('',(-0.00257834001616684,-0.0213702406063995,-0.0177317727353865));
#9505=CARTESIAN_POINT('',(-0.00266666666667727,-0.0207669381276924,-0.0180559310310632));
#9506=CARTESIAN_POINT('',(-0.0015,-0.0236785147835158,-0.0222615798551411));
#9507=CARTESIAN_POINT('',(-0.0035,-0.0236785147835158,-0.0222615798551411));
#9508=CARTESIAN_POINT('',(0.003,-0.0236785147835158,-0.0222615798551411));
#9509=CARTESIAN_POINT('',(-4.35778713738292E-6,-0.0144189143117857,-0.00975490486745229));
#9510=CARTESIAN_POINT('',(0.000167413895941033,-0.0161192333611519,-0.01273));
#9511=CARTESIAN_POINT('',(-0.00265607017299611,-0.0164044707763577,-0.01273));
#9512=CARTESIAN_POINT('',(-0.00265607017299611,-0.0146198276784839,-0.00963890748110533));
#9513=CARTESIAN_POINT('',(-0.00265607017299609,-0.0145672353881789,-0.00954781496221067));
#9514=CARTESIAN_POINT('',(0.000167413895941032,-0.014424616680576,-0.00979483780988872));
#9515=CARTESIAN_POINT('',(-4.35778713738292E-6,-0.0161509651193546,-0.0127050951325477));
#9516=CARTESIAN_POINT('',(0.000167413895941033,-0.0144246166805759,-0.0156651621901113));
#9517=CARTESIAN_POINT('',(-0.0026560701729961,-0.0145672353881789,-0.0159121850377893));
#9518=CARTESIAN_POINT('',(-0.00265607017299611,-0.0163518784860527,-0.0128210925188947));
#9519=CARTESIAN_POINT('',(-4.35778713738292E-6,-0.0144620508075689,-0.0156801902650954));
#9520=CARTESIAN_POINT('',(0.000167413895941033,-0.011035383319424,-0.0156651621901113));
#9521=CARTESIAN_POINT('',(-0.00265607017299609,-0.0108927646118211,-0.0159121850377894));
#9522=CARTESIAN_POINT('',(-0.00265607017299609,-0.0144620508075689,-0.0159121850377894));
#9523=CARTESIAN_POINT('',(-4.35778713738292E-6,-0.0110410856882143,-0.0157050951325477));
#9524=CARTESIAN_POINT('',(0.000167413895941033,-0.00934076663884808,-0.01273));
#9525=CARTESIAN_POINT('',(-0.00265607017299608,-0.00905552922364226,-0.01273));
#9526=CARTESIAN_POINT('',(-0.00265607017299608,-0.0108401723215161,-0.0158210925188946));
#9527=CARTESIAN_POINT('',(-4.35778713738292E-6,-0.00930903488064539,-0.0127549048674523));
#9528=CARTESIAN_POINT('',(0.000167413895941033,-0.011035383319424,-0.00979483780988872));
#9529=CARTESIAN_POINT('',(-0.00265607017299608,-0.0108927646118211,-0.00954781496221067));
#9530=CARTESIAN_POINT('',(-0.00265607017299609,-0.00910812151394726,-0.0126389074811053));
#9531=CARTESIAN_POINT('',(-4.35778713738292E-6,-0.0109979491924311,-0.00977980973490459));
#9532=CARTESIAN_POINT('',(-0.00265607017299608,-0.0109979491924311,-0.00954781496221067));
#9533=CARTESIAN_POINT('',(-0.0031,-0.01273,-0.01273));
#9534=CARTESIAN_POINT('',(-0.0031,-0.0111078283688886,-0.0155396836836817));
#9535=CARTESIAN_POINT('',(-0.0031,-0.0111078283688886,-0.0155396836836817));
#9536=CARTESIAN_POINT('',(-0.0031,-0.0094856567377773,-0.01273));
#9537=CARTESIAN_POINT('',(-0.0031,-0.0094856567377773,-0.01273));
#9538=CARTESIAN_POINT('',(-0.0031,-0.0111078283688887,-0.00992031631631826));
#9539=CARTESIAN_POINT('',(-0.0031,-0.01273,-0.00992031631631826));
#9540=CARTESIAN_POINT('',(-0.0031,-0.0143521716311113,-0.00992031631631826));
#9541=CARTESIAN_POINT('',(-0.0031,-0.0143521716311113,-0.00992031631631826));
#9542=CARTESIAN_POINT('',(-0.0031,-0.0159743432622227,-0.01273));
#9543=CARTESIAN_POINT('',(-0.0031,-0.0159743432622227,-0.01273));
#9544=CARTESIAN_POINT('',(-0.0031,-0.0143521716311114,-0.0155396836836817));
#9545=CARTESIAN_POINT('',(-0.0031,-0.01273,-0.0155396836836817));
#9546=CARTESIAN_POINT('',(-0.0035,-0.0178480980591394,-0.0182125065729939));
#9547=CARTESIAN_POINT('',(-0.0035,-0.0178480980591394,-0.0182125065729939));
#9548=CARTESIAN_POINT('',(-0.0035,-0.0178480980591394,-0.0182125065729939));
#9549=CARTESIAN_POINT('',(-0.0035,-0.0178480980591394,-0.0182125065729939));
#9550=CARTESIAN_POINT('',(-0.0035,-0.0178480980591394,-0.0182125065729939));
#9551=CARTESIAN_POINT('',(-0.0035,-0.0178480980591394,-0.0182125065729939));
#9552=CARTESIAN_POINT('',(-0.0035,-0.0183228134778165,-0.018229464326526));
#9553=CARTESIAN_POINT('',(-0.00350000000000867,-0.0183125244137245,-0.018201292034006));
#9554=CARTESIAN_POINT('',(-0.00350000000001298,-0.0183022312708681,-0.0181731207300523));
#9555=CARTESIAN_POINT('',(-0.00350000000001288,-0.0182816368276265,-0.0181167800992773));
#9556=CARTESIAN_POINT('',(-0.00350000000000835,-0.0182713354286912,-0.0180886107963416));
#9557=CARTESIAN_POINT('',(-0.00349999999999968,-0.0182610301499455,-0.0180604424337517));
#9558=CARTESIAN_POINT('',(-0.0034579392745787,-0.0187967687962429,-0.0182482344509609));
#9559=CARTESIAN_POINT('',(-0.00347307308396134,-0.018775781651028,-0.0181907840131972));
#9560=CARTESIAN_POINT('',(-0.00348327314229021,-0.0187551856517756,-0.0181338309021327));
#9561=CARTESIAN_POINT('',(-0.00349675210743489,-0.0187146102268027,-0.0180210442019718));
#9562=CARTESIAN_POINT('',(-0.0035,-0.018694577200505,-0.0179650860089054));
#9563=CARTESIAN_POINT('',(-0.0035,-0.0186744156527062,-0.0179089082235552));
#9564=CARTESIAN_POINT('',(-0.00328439781280474,-0.0195251078378686,-0.0182518772178047));
#9565=CARTESIAN_POINT('',(-0.00335300246840073,-0.0194918544234182,-0.0181699297612453));
#9566=CARTESIAN_POINT('',(-0.00340848348273607,-0.0194534627056571,-0.0180752293472961));
#9567=CARTESIAN_POINT('',(-0.00348224850116466,-0.0193719494465042,-0.0178740829980381));
#9568=CARTESIAN_POINT('',(-0.0035,-0.019328965133713,-0.0177679787301643));
#9569=CARTESIAN_POINT('',(-0.0035,-0.0192871049773771,-0.0176646656200811));
#9570=CARTESIAN_POINT('',(-0.00320692395736563,-0.019771506372128,-0.0182502888175214));
#9571=CARTESIAN_POINT('',(-0.00329903316991112,-0.0197345657984448,-0.0181633190849571));
#9572=CARTESIAN_POINT('',(-0.00337491336728748,-0.0196896010902884,-0.0180566133071093));
#9573=CARTESIAN_POINT('',(-0.00347573876490444,-0.019592392556263,-0.0178249309248289));
#9574=CARTESIAN_POINT('',(-0.00349999999999998,-0.0195403511154792,-0.0177005105953641));
#9575=CARTESIAN_POINT('',(-0.0035,-0.0194900441795861,-0.0175804195618828));
#9576=CARTESIAN_POINT('',(-0.00297680419943348,-0.0202754760063261,-0.0182084081340353));
#9577=CARTESIAN_POINT('',(-0.00312894381356781,-0.0202386963612929,-0.0181318804382325));
#9578=CARTESIAN_POINT('',(-0.00326820629158693,-0.0201815783126491,-0.0180121860709359));
#9579=CARTESIAN_POINT('',(-0.00345506948898405,-0.0200435237245364,-0.0177220995799147));
#9580=CARTESIAN_POINT('',(-0.00350000000000001,-0.0199639552841409,-0.0175546342164831));
#9581=CARTESIAN_POINT('',(-0.0035,-0.0198897062258339,-0.0173984837372015));
#9582=CARTESIAN_POINT('',(-0.00281110261266801,-0.0205349813212896,-0.0181591044838474));
#9583=CARTESIAN_POINT('',(-0.00300078720099259,-0.0205043004363385,-0.0181026273219378));
#9584=CARTESIAN_POINT('',(-0.00318733168316308,-0.0204422480692931,-0.0179851462439257));
#9585=CARTESIAN_POINT('',(-0.00343941609354826,-0.0202772721711113,-0.0176687162353432));
#9586=CARTESIAN_POINT('',(-0.00349999999999997,-0.0201771541366405,-0.017475479505775));
#9587=CARTESIAN_POINT('',(-0.0035,-0.0200859812682745,-0.0172999159069538));
#9588=CARTESIAN_POINT('',(-0.00266666666666656,-0.0207669381276745,-0.0180559310310771));
#9589=CARTESIAN_POINT('',(-0.00288013665558034,-0.0207491711527947,-0.0180245253230911));
#9590=CARTESIAN_POINT('',(-0.00310906585137771,-0.02069023898663,-0.0179203541620422));
#9591=CARTESIAN_POINT('',(-0.00342429494430552,-0.020504887221598,-0.0175927180030067));
#9592=CARTESIAN_POINT('',(-0.0035,-0.0203840990548937,-0.0173792073790907));
#9593=CARTESIAN_POINT('',(-0.0035,-0.0202774972056151,-0.0171907731311746));
#9594=CARTESIAN_POINT('',(-0.0025,-0.0202814334095353,-0.0171977309431668));
#9595=CARTESIAN_POINT('',(-0.00266666666666695,-0.0207669381276739,-0.0180559310310759));
#9596=CARTESIAN_POINT('',(-0.0035,-0.0206975803107969,-0.0179333310185172));
#9597=CARTESIAN_POINT('',(-0.0035,-0.0202814334095353,-0.0171977309431668));
#9598=CARTESIAN_POINT('',(-0.00257496816492327,-0.0213932843483776,-0.0177193999985289));
#9599=CARTESIAN_POINT('',(-0.0035,-0.0213940798993313,-0.0176346386743199));
#9600=CARTESIAN_POINT('',(-0.0035,-0.0209794148883738,-0.0168028657888363));
#9601=CARTESIAN_POINT('',(-0.00253088592238769,-0.022019557049467,-0.0174769658040802));
#9602=CARTESIAN_POINT('',(-0.00349999999999948,-0.0220257486109612,-0.0174450463949686));
#9603=CARTESIAN_POINT('',(-0.0035,-0.021721900801202,-0.0165140240219969));
#9604=CARTESIAN_POINT('',(-0.0025,-0.022691911272718,-0.0173584116139277));
#9605=CARTESIAN_POINT('',(-0.0035,-0.022691911272718,-0.0173584116139277));
#9606=CARTESIAN_POINT('',(-0.0035,-0.0225182630950511,-0.0163736038609155));
#9607=CARTESIAN_POINT('',(-0.0025,-0.0225182630950511,-0.0163736038609155));
#9608=CARTESIAN_POINT('',(-0.0025,-0.003479059885492,-0.019730729077952));
#9609=CARTESIAN_POINT('',(-0.00250000000000001,-0.0256736481776669,-0.0168326509482111));
#9610=CARTESIAN_POINT('',(-0.00276179938779916,-0.0256736481776669,-0.0168326509482111));
#9611=CARTESIAN_POINT('',(-0.00328331386847353,-0.0256360210258017,-0.0166192567659136));
#9612=CARTESIAN_POINT('',(-0.0035,-0.0255454609866056,-0.0161056652620374));
#9613=CARTESIAN_POINT('',(-0.0035,-0.0255,-0.0158478431951989));
#9614=CARTESIAN_POINT('',(-0.0344739793772601,-0.0254979525305637,-0.0158479745048086));
#9615=CARTESIAN_POINT('',(-0.00320545573364539,-0.0322494056747337,-0.0156731670227058));
#9616=CARTESIAN_POINT('',(-0.00346747097443048,-0.0321942595978778,-0.0156828781219456));
#9617=CARTESIAN_POINT('',(-0.0039891828785732,-0.0320449473291792,-0.0154781467408426));
#9618=CARTESIAN_POINT('',(-0.00419230902307134,-0.0319081341817847,-0.0149523955307316));
#9619=CARTESIAN_POINT('',(-0.00418265276896468,-0.0318636463910142,-0.0146883595959906));
#9620=CARTESIAN_POINT('',(-0.00122705055345663,-0.0325098172635393,-0.0146110141340196));
#9621=CARTESIAN_POINT('',(-0.0012509690068058,-0.0355,-0.0142609003688227));
#9622=CARTESIAN_POINT('',(-0.0012509690068058,-0.0355,-0.0147263215026879));
#9623=CARTESIAN_POINT('',(-0.0012509690068058,-0.0351319985187131,-0.0151648885900916));
#9624=CARTESIAN_POINT('',(-0.0012509690068058,-0.0346736481776669,-0.0152457081218349));
#9625=CARTESIAN_POINT('',(-0.0012509690068058,-0.0345,-0.0142609003688227));
#9626=CARTESIAN_POINT('',(0.000296005891483206,-0.0346736481776669,-0.0152457081218349));
#9627=CARTESIAN_POINT('',(0.000296005891483206,-0.0351319985187131,-0.0151648885900916));
#9628=CARTESIAN_POINT('',(0.000296005891483206,-0.0355,-0.0147263215026879));
#9629=CARTESIAN_POINT('',(0.000296005891483206,-0.0355,-0.0142609003688227));
#9630=CARTESIAN_POINT('',(0.000282547987065657,-0.0325237603980489,-0.0146088990411161));
#9631=CARTESIAN_POINT('',(0.00225443776650589,-0.0330792738957055,-0.0155267537619181));
#9632=CARTESIAN_POINT('',(0.002505159837104,-0.0331285387362025,-0.0155176836114343));
#9633=CARTESIAN_POINT('',(0.00300437243732001,-0.0331915145866591,-0.0152964676681908));
#9634=CARTESIAN_POINT('',(0.00322360474639645,-0.0331496652390774,-0.0147941695432254));
#9635=CARTESIAN_POINT('',(0.00323221077336362,-0.0331081686206349,-0.0145420276525949));
#9636=CARTESIAN_POINT('',(0.003,-0.0236785147835158,-0.0222615798551411));
#9637=CARTESIAN_POINT('',(0.003,-0.0226366257175141,-0.0163527333370679));
#9638=CARTESIAN_POINT('',(-0.0346374145401949,-0.0254985845150069,-0.0158480786180333));
#9639=CARTESIAN_POINT('',(0.00399998927763357,-0.0265004020078786,-0.0156761476011146));
#9640=CARTESIAN_POINT('',(0.0039987696637149,-0.0265461191381051,-0.0159355145754563));
#9641=CARTESIAN_POINT('',(0.00378207444898289,-0.0266327755384458,-0.0164433213216924));
#9642=CARTESIAN_POINT('',(0.00325965569715462,-0.0266636290482548,-0.0166580906103412));
#9643=CARTESIAN_POINT('',(0.003,-0.0266602271518954,-0.016658690456455));
#9644=CARTESIAN_POINT('',(0.003,-0.0353263518223331,-0.0141151922469878));
#9645=CARTESIAN_POINT('',(-0.00045,-0.032,-0.0116));
#9646=CARTESIAN_POINT('',(0.00319411494886747,-0.0303506285320031,-0.0121));
#9647=CARTESIAN_POINT('',(0.00316381898016486,-0.0301065607639559,-0.0121));
#9648=CARTESIAN_POINT('',(0.00310619413545083,-0.0297391871142794,-0.0120775398292));
#9649=CARTESIAN_POINT('',(0.00302258702193841,-0.0292810925099609,-0.0119237136187639));
#9650=CARTESIAN_POINT('',(0.0029865776922701,-0.0290948435902707,-0.0117252520515407));
#9651=CARTESIAN_POINT('',(0.00298657769227015,-0.0290948435902707,-0.0116000000000002));
#9652=CARTESIAN_POINT('',(-0.000450000000000009,-0.028,-0.0116));
#9653=CARTESIAN_POINT('',(-0.0159208843727433,-0.028,-0.0116));
#9654=CARTESIAN_POINT('',(-0.00200396850395275,-0.028,-0.0116));
#9655=CARTESIAN_POINT('',(-0.00200396850395275,-0.026,-0.0116));
#9656=CARTESIAN_POINT('',(-0.00350377952757405,-0.0259761904761905,-0.0116));
#9657=CARTESIAN_POINT('',(-0.00350842778426398,-0.0262689937544058,-0.0116992009202019));
#9658=CARTESIAN_POINT('',(-0.00339587654573993,-0.0268438206560875,-0.0118914574660241));
#9659=CARTESIAN_POINT('',(-0.00315733029713296,-0.0273868743930322,-0.0121));
#9660=CARTESIAN_POINT('',(-0.00307849796235494,-0.0276868273305309,-0.0121));
#9661=CARTESIAN_POINT('',(-0.00307849796235493,-0.0276868273305309,-0.0121));
#9662=CARTESIAN_POINT('',(-0.00357721111051305,-0.0276509777021615,-0.0121));
#9663=CARTESIAN_POINT('',(-0.00357721111051305,-0.0276509777021615,-0.0126));
#9664=CARTESIAN_POINT('',(-0.00310674210442799,-0.0275793598379935,-0.0121));
#9665=CARTESIAN_POINT('',(-0.00357013608339026,-0.027552555265061,-0.0121345879414341));
#9666=CARTESIAN_POINT('',(-0.00356512606997188,-0.0274828596800775,-0.0125999999617329));
#9667=CARTESIAN_POINT('',(-0.00314177798538984,-0.0274688440858711,-0.0120834337914739));
#9668=CARTESIAN_POINT('',(-0.0035619122966448,-0.0274344075559536,-0.0121537606479337));
#9669=CARTESIAN_POINT('',(-0.00355487276625918,-0.0273205328484539,-0.0125668675701346));
#9670=CARTESIAN_POINT('',(-0.00322700588373231,-0.027225920551888,-0.0120253103259423));
#9671=CARTESIAN_POINT('',(-0.00354545826133005,-0.0271628798005424,-0.012141389847659));
#9672=CARTESIAN_POINT('',(-0.00353735156199838,-0.0270048865332458,-0.0124506206646978));
#9673=CARTESIAN_POINT('',(-0.00327534902099173,-0.0270991734363696,-0.0119850745870481));
#9674=CARTESIAN_POINT('',(-0.00353770268874806,-0.0270192108149112,-0.0121130837168907));
#9675=CARTESIAN_POINT('',(-0.00353049673225354,-0.0268593392911932,-0.0123701491550737));
#9676=CARTESIAN_POINT('',(-0.00337182043296335,-0.0268188247981279,-0.0118903326033429));
#9677=CARTESIAN_POINT('',(-0.00352435272051023,-0.0267243819666509,-0.0120132989053944));
#9678=CARTESIAN_POINT('',(-0.00351928940218826,-0.0265843991305355,-0.0121806652257084));
#9679=CARTESIAN_POINT('',(-0.00341961033751519,-0.0266643893799201,-0.0118356545003659));
#9680=CARTESIAN_POINT('',(-0.00351856937893724,-0.0265720060867667,-0.0119433462269451));
#9681=CARTESIAN_POINT('',(-0.00351496273327783,-0.0264552874896597,-0.0120713089913609));
#9682=CARTESIAN_POINT('',(-0.00348738271882577,-0.0263326626570728,-0.011720885490656));
#9683=CARTESIAN_POINT('',(-0.00350959685033707,-0.0262746755970462,-0.0117829005759663));
#9684=CARTESIAN_POINT('',(-0.00350815587479265,-0.0262101549435744,-0.0118417709906829));
#9685=CARTESIAN_POINT('',(-0.0035066152900557,-0.0261548210050654,-0.0116605190569472));
#9686=CARTESIAN_POINT('',(-0.00350607924301861,-0.0261238117355026,-0.0116906177638278));
#9687=CARTESIAN_POINT('',(-0.00350563617478746,-0.0260931445144113,-0.0117208513972986));
#9688=CARTESIAN_POINT('',(-0.00350377952757406,-0.0259761904761905,-0.0116));
#9689=CARTESIAN_POINT('',(-0.00350377952757406,-0.0259761904761905,-0.0116));
#9690=CARTESIAN_POINT('',(-0.00350377952757406,-0.0259761904761905,-0.0116));
#9691=CARTESIAN_POINT('',(-0.00307849796235493,-0.0276868273305309,-0.0126));
#9692=CARTESIAN_POINT('',(-0.0335,-0.0255,-0.0126));
#9693=CARTESIAN_POINT('',(-0.00369407741538112,-0.031969696969697,-0.0126));
#9694=CARTESIAN_POINT('',(-0.0012509690068058,-0.0325,-0.0126));
#9695=CARTESIAN_POINT('',(-0.0012509690068058,-0.035,-0.0126));
#9696=CARTESIAN_POINT('',(-0.0012509690068058,-0.035,-0.0126));
#9697=CARTESIAN_POINT('',(0.000296005891483208,-0.035,-0.0126));
#9698=CARTESIAN_POINT('',(0.000296005891483209,-0.0325,-0.0126));
#9699=CARTESIAN_POINT('',(0.00274404589136945,-0.0330070504501102,-0.0126));
#9700=CARTESIAN_POINT('',(-0.0335,-0.0255,-0.0126));
#9701=CARTESIAN_POINT('',(0.00319411494886767,-0.030350628532003,-0.0126));
#9702=CARTESIAN_POINT('',(0.00298657769227014,-0.0290948435902707,-0.0116));
#9703=CARTESIAN_POINT('',(0.00308648738777033,-0.0292130291136551,-0.0116));
#9704=CARTESIAN_POINT('',(0.00331069992458989,-0.029316669137126,-0.0116));
#9705=CARTESIAN_POINT('',(0.003735704351615,-0.0291783060270393,-0.0116));
#9706=CARTESIAN_POINT('',(0.00385327690218057,-0.028964816097335,-0.0116));
#9707=CARTESIAN_POINT('',(0.00386695772388325,-0.0288106648718773,-0.0116));
#9708=CARTESIAN_POINT('',(0.00298657774493014,-0.0290948436525635,-0.0117757771614254));
#9709=CARTESIAN_POINT('',(0.0030865014095182,-0.0292130456694682,-0.0117215789220815));
#9710=CARTESIAN_POINT('',(0.00331071749833697,-0.0293166962681271,-0.0116799316188386));
#9711=CARTESIAN_POINT('',(0.0037357052640982,-0.0291783382216782,-0.0117667148206989));
#9712=CARTESIAN_POINT('',(0.00385327504982278,-0.0289648369631099,-0.0118774493104794));
#9713=CARTESIAN_POINT('',(0.00386695778153278,-0.0288106642225264,-0.0119543398695521));
#9714=CARTESIAN_POINT('',(0.00302439955130422,-0.029287761361365,-0.0119230623501681));
#9715=CARTESIAN_POINT('',(0.00314215948841925,-0.0293513259357648,-0.0118514231808155));
#9716=CARTESIAN_POINT('',(0.00336121178394356,-0.0293940205591669,-0.0118149951212323));
#9717=CARTESIAN_POINT('',(0.00373417724891401,-0.0293036016172016,-0.0119669715928136));
#9718=CARTESIAN_POINT('',(0.00383321939576634,-0.0291834800080447,-0.0121308980907141));
#9719=CARTESIAN_POINT('',(0.00384265995628237,-0.0290881577126282,-0.0122504559543932));
#9720=CARTESIAN_POINT('',(0.00310887015233093,-0.0297613017516943,-0.0120761229411733));
#9721=CARTESIAN_POINT('',(0.0032385960594435,-0.0297813259734132,-0.0120317407944818));
#9722=CARTESIAN_POINT('',(0.00342439796967535,-0.0297926640151446,-0.0120446924803052));
#9723=CARTESIAN_POINT('',(0.00370339733433777,-0.0297743471660431,-0.0122485466846503));
#9724=CARTESIAN_POINT('',(0.0037734319448893,-0.029745106874111,-0.0124205496006309));
#9725=CARTESIAN_POINT('',(0.003777177024137,-0.0297144027702308,-0.012557196267143));
#9726=CARTESIAN_POINT('',(0.00315634197638492,-0.0300463252380288,-0.0121));
#9727=CARTESIAN_POINT('',(0.00328309631807367,-0.0300621214484046,-0.012081702620494));
#9728=CARTESIAN_POINT('',(0.00344439640054628,-0.0300774529135587,-0.0121190108390454));
#9729=CARTESIAN_POINT('',(0.00367711281130553,-0.030087232195182,-0.0123230300374933));
#9730=CARTESIAN_POINT('',(0.00373413978710555,-0.0300807525726068,-0.012476934045131));
#9731=CARTESIAN_POINT('',(0.00373565357903293,-0.0300693010189111,-0.012604625980548));
#9732=CARTESIAN_POINT('',(0.00319411494886747,-0.0303506285320031,-0.0121));
#9733=CARTESIAN_POINT('',(0.00331165941222239,-0.0303661668418526,-0.0121));
#9734=CARTESIAN_POINT('',(0.00344949343908073,-0.0303843872476122,-0.0121495137122534));
#9735=CARTESIAN_POINT('',(0.0036432637249931,-0.0304100019184882,-0.0123469468485216));
#9736=CARTESIAN_POINT('',(0.00368980277259731,-0.0304161539576496,-0.0124857283547992));
#9737=CARTESIAN_POINT('',(0.00368980277259731,-0.0304161539576496,-0.0126042953819963));
#9738=CARTESIAN_POINT('',(-0.00014142135623731,0.000907132095724087,-0.00155548509431268));
#9739=CARTESIAN_POINT('',(0.000453553288918542,0.0228692594972498,0.0105636898611254));
#9740=CARTESIAN_POINT('',(0.00035100974887014,0.0227359401552179,0.0106046475720353));
#9741=CARTESIAN_POINT('',(0.000248638750879185,0.0226023834170482,0.0106452670981263));
#9742=CARTESIAN_POINT('',(0.000146446609406729,0.0224685863052724,0.0106855393931945));
#9743=CARTESIAN_POINT('',(0.000453553327698787,0.0228692594441091,0.0105636897852415));
#9744=CARTESIAN_POINT('',(0.00014644660940673,0.00105215248564059,-0.00180415566384697));
#9745=CARTESIAN_POINT('',(0.000146446609406729,0.0127676774324528,0.00502813654928125));
#9746=CARTESIAN_POINT('',(-0.000141421356237308,0.0126226570425363,0.00527680711881554));
#9747=CARTESIAN_POINT('',(0.000453553390593275,0.0129223898369888,0.00476284680780328));
#9748=CARTESIAN_POINT('',(0.000453553390593277,0.00120686489017659,-0.00206944540532495));
#9749=CARTESIAN_POINT('',(-0.00014142135623731,0.000907132095724087,0.00155548509431268));
#9750=CARTESIAN_POINT('',(-0.000141421356237308,0.0126226570425363,-0.00527680711881554));
#9751=CARTESIAN_POINT('',(0.000453553390593275,0.0129223898369888,-0.00476284680780328));
#9752=CARTESIAN_POINT('',(0.000146446609406726,0.0127676774324528,-0.00502813654928126));
#9753=CARTESIAN_POINT('',(0.000146446609406727,0.00105215248564059,0.00180415566384697));
#9754=CARTESIAN_POINT('',(0.000146446690625808,0.0224685862930599,-0.0106855392920509));
#9755=CARTESIAN_POINT('',(0.000146446609408161,0.0224685863052742,-0.0106855393931939));
#9756=CARTESIAN_POINT('',(0.000248638750891078,0.0226023834170638,-0.0106452670981216));
#9757=CARTESIAN_POINT('',(0.000351009748892526,0.0227359401552471,-0.0106046475720264));
#9758=CARTESIAN_POINT('',(0.000453553288951455,0.0228692594972926,-0.0105636898611123));
#9759=CARTESIAN_POINT('',(0.00045355332775577,0.0228692594441189,-0.0105636897851813));
#9760=CARTESIAN_POINT('',(0.000453553390593273,0.00120686489017658,0.00206944540532494));
#9761=CARTESIAN_POINT('',(0.0006,0.,0.));
#9762=CARTESIAN_POINT('',(0.0006,0.0157,-1.3010426069826E-18));
#9763=CARTESIAN_POINT('',(0.0006,0.0131005008346659,0.00445743483602341));
#9764=CARTESIAN_POINT('',(0.0006,0.0131005008346659,-0.00445743483602341));
#9765=CARTESIAN_POINT('',(0.0006,0.0131005008346659,-0.00445743483602341));
#9766=CARTESIAN_POINT('',(0.0006,0.,-0.004));
#9767=CARTESIAN_POINT('',(0.0006,0.,0.004));
#9768=CARTESIAN_POINT('',(0.0006,0.0232434567342049,0.0103726318865303));
#9769=CARTESIAN_POINT('',(-0.00014142135623731,0.0157,-1.3010426069826E-18));
#9770=CARTESIAN_POINT('',(0.000146446609406726,0.0157,-1.3010426069826E-18));
#9771=CARTESIAN_POINT('',(0.000453553390593275,0.0157,-1.3010426069826E-18));
#9772=CARTESIAN_POINT('',(0.003,-0.025,0.));
#9773=CARTESIAN_POINT('',(0.003,-0.025,-0.00355));
#9774=CARTESIAN_POINT('',(0.00297085837563301,-0.0251652703644666,-0.00355));
#9775=CARTESIAN_POINT('',(0.00288540458859999,-0.0256499028732845,-0.00355));
#9776=CARTESIAN_POINT('',(0.00740205074593692,-3.47296355333861E-5,0.));
#9777=CARTESIAN_POINT('',(0.00285209845710378,-0.0258387913313208,-0.0017));
#9778=CARTESIAN_POINT('',(0.003,-0.025,-0.0017));
#9779=CARTESIAN_POINT('',(0.00297085837563301,-0.0251652703644666,-0.0017));
#9780=CARTESIAN_POINT('',(0.00297085837563301,-0.0251652703644666,0.));
#9781=CARTESIAN_POINT('',(-0.0027388736053509,-0.0265,0.00375));
#9782=CARTESIAN_POINT('',(0.00316781992623545,-0.0252,0.00375));
#9783=CARTESIAN_POINT('',(0.00316781992623545,-0.0252,0.00375));
#9784=CARTESIAN_POINT('',(0.00310495105148927,-0.0255565471063679,0.00375));
#9785=CARTESIAN_POINT('',(-0.0027388736053509,-0.0255565471063679,0.00375));
#9786=CARTESIAN_POINT('',(0.0038,-0.0255565471063679,0.00375));
#9787=CARTESIAN_POINT('',(0.0038,-0.0255565471063679,0.00375));
#9788=CARTESIAN_POINT('',(0.00401253526646588,-0.0255565471063679,0.00375));
#9789=CARTESIAN_POINT('',(0.00420000000000001,-0.025748756179689,0.00375));
#9790=CARTESIAN_POINT('',(0.0042,-0.0259612230066305,0.00375));
#9791=CARTESIAN_POINT('',(0.0042,-0.0259612230066305,0.00375));
#9792=CARTESIAN_POINT('',(0.0042,-0.0265000000000004,0.00375));
#9793=CARTESIAN_POINT('',(0.0042,-0.0265026626479144,0.00375));
#9794=CARTESIAN_POINT('',(-0.0335,-0.0255,0.00375));
#9795=CARTESIAN_POINT('',(0.00419347330639412,-0.0267236839811314,0.00375));
#9796=CARTESIAN_POINT('',(0.00419347330639411,-0.0267236839811314,0.00375));
#9797=CARTESIAN_POINT('',(0.0045,-0.0264171572875254,0.00375));
#9798=CARTESIAN_POINT('',(0.0045,-0.0265,0.00375));
#9799=CARTESIAN_POINT('',(0.0045,-0.0252,0.00375));
#9800=CARTESIAN_POINT('',(-0.0027388736053509,-0.0252,0.00375));
#9801=CARTESIAN_POINT('',(-0.0027388736053509,-0.0265,-0.00375));
#9802=CARTESIAN_POINT('',(0.0045,-0.0264171572875254,-0.00375));
#9803=CARTESIAN_POINT('',(0.0045,-0.0264171572875254,-0.00375));
#9804=CARTESIAN_POINT('',(0.00419347330639412,-0.0267236839811314,-0.00375));
#9805=CARTESIAN_POINT('',(-0.0335,-0.0255,-0.00375));
#9806=CARTESIAN_POINT('',(0.0042,-0.0265026626479144,-0.00375));
#9807=CARTESIAN_POINT('',(0.0042,-0.0259908657031658,-0.00375));
#9808=CARTESIAN_POINT('',(0.0042,-0.0259612230066305,-0.00375));
#9809=CARTESIAN_POINT('',(0.0042,-0.0259612230066305,-0.00375));
#9810=CARTESIAN_POINT('',(0.00420000000000001,-0.025748756179689,-0.00375));
#9811=CARTESIAN_POINT('',(0.00401253526646588,-0.0255565471063679,-0.00375));
#9812=CARTESIAN_POINT('',(0.0038,-0.0255565471063679,-0.00375));
#9813=CARTESIAN_POINT('',(0.0038,-0.0255565471063679,-0.00375));
#9814=CARTESIAN_POINT('',(-0.0027388736053509,-0.0255565471063679,-0.00375));
#9815=CARTESIAN_POINT('',(0.00310495105148927,-0.0255565471063679,-0.00375));
#9816=CARTESIAN_POINT('',(0.00310495105148927,-0.0255565471063679,-0.00375));
#9817=CARTESIAN_POINT('',(0.00316781992623545,-0.0252,-0.00375));
#9818=CARTESIAN_POINT('',(-0.0027388736053509,-0.0252,-0.00375));
#9819=CARTESIAN_POINT('',(0.0045,-0.0252,-0.00375));
#9820=CARTESIAN_POINT('',(0.0045,-0.0265,-0.00375));
#9821=CARTESIAN_POINT('',(0.0037,-0.0275,0.));
#9822=CARTESIAN_POINT('',(0.0037,-0.0275,0.00355));
#9823=CARTESIAN_POINT('',(0.00464142135623731,-0.0265585786437628,0.00355));
#9824=CARTESIAN_POINT('',(0.00402830022696682,-0.0271716997730332,0.00355));
#9825=CARTESIAN_POINT('',(0.00402830022696681,-0.0271716997730332,-0.00355));
#9826=CARTESIAN_POINT('',(0.00402830022696682,-0.0271716997730332,-0.00355));
#9827=CARTESIAN_POINT('',(0.0037,-0.0275,-0.00355));
#9828=CARTESIAN_POINT('',(0.00464142135623731,-0.0265585786437628,-0.00355));
#9829=CARTESIAN_POINT('',(0.00464142135623731,-0.0265585786437628,0.));
#9830=CARTESIAN_POINT('',(0.000839141841087249,-0.0300780154464382,0.00355));
#9831=CARTESIAN_POINT('',(0.00419347330639412,-0.0267236839811314,0.00375));
#9832=CARTESIAN_POINT('',(0.00416200647649167,-0.0268106374218602,0.00374999999999999));
#9833=CARTESIAN_POINT('',(0.00411409812214523,-0.0269415198629302,0.00373327099105925));
#9834=CARTESIAN_POINT('',(0.00405468323949356,-0.0271014200026588,0.00366862176506308));
#9835=CARTESIAN_POINT('',(0.00402830022696683,-0.0271716997730332,0.00359687766314541));
#9836=CARTESIAN_POINT('',(0.00402830022696683,-0.0271716997730332,0.00355));
#9837=CARTESIAN_POINT('',(0.0045,-0.0264171572875254,0.00355));
#9838=CARTESIAN_POINT('',(0.000839141841087249,-0.0300780154464382,-0.00355));
#9839=CARTESIAN_POINT('',(0.00402830022696684,-0.0271716997730332,-0.00355));
#9840=CARTESIAN_POINT('',(0.00402830022696684,-0.0271716997730332,-0.00359705839446478));
#9841=CARTESIAN_POINT('',(0.00405462751227296,-0.0271015690459177,-0.00366842713062007));
#9842=CARTESIAN_POINT('',(0.00411408373485111,-0.0269415596948543,-0.00373334559809128));
#9843=CARTESIAN_POINT('',(0.00416199702873584,-0.026810663529189,-0.00374999999999999));
#9844=CARTESIAN_POINT('',(0.00419347330639412,-0.0267236839811314,-0.00375));
#9845=CARTESIAN_POINT('',(0.0045,-0.0264171572875254,-0.00355));
#9846=CARTESIAN_POINT('',(-0.0027388736053509,-0.0265,0.0015));
#9847=CARTESIAN_POINT('',(0.0045,-0.0265,0.0015));
#9848=CARTESIAN_POINT('',(0.0045,-0.0252,0.0015));
#9849=CARTESIAN_POINT('',(0.0045,-0.0258273033822736,0.0015));
#9850=CARTESIAN_POINT('',(-0.0027388736053509,-0.0258273033822736,0.0015));
#9851=CARTESIAN_POINT('',(0.00305720941485096,-0.0258273033822736,0.0015));
#9852=CARTESIAN_POINT('',(0.00305720941485095,-0.0258273033822736,0.0015));
#9853=CARTESIAN_POINT('',(0.00316781992623546,-0.0252,0.0015));
#9854=CARTESIAN_POINT('',(-0.0027388736053509,-0.0252,0.0015));
#9855=CARTESIAN_POINT('',(-0.0027388736053509,-0.025,0.));
#9856=CARTESIAN_POINT('',(0.0045,-0.025,0.));
#9857=CARTESIAN_POINT('',(0.0045,-0.025,0.0017));
#9858=CARTESIAN_POINT('',(0.0045,-0.025,0.00355));
#9859=CARTESIAN_POINT('',(-0.0027388736053509,-0.025,0.0017));
#9860=CARTESIAN_POINT('',(0.00316781992623545,-0.025,0.0017));
#9861=CARTESIAN_POINT('',(0.00316781992623545,-0.025,0.));
#9862=CARTESIAN_POINT('',(0.00316781992623545,-0.025,0.00355));
#9863=CARTESIAN_POINT('',(-0.0027388736053509,-0.025,0.00355));
#9864=CARTESIAN_POINT('',(0.0047,0.,0.));
#9865=CARTESIAN_POINT('',(0.0047,0.,-0.0017));
#9866=CARTESIAN_POINT('',(0.0047,-0.0252,-0.0017));
#9867=CARTESIAN_POINT('',(0.0047,-0.0258273033822736,-0.0017));
#9868=CARTESIAN_POINT('',(0.0047,-0.0258273033822736,-0.0013));
#9869=CARTESIAN_POINT('',(0.0047,-0.0262267976341262,-0.00132010827532869));
#9870=CARTESIAN_POINT('',(0.0047,0.,0.));
#9871=CARTESIAN_POINT('',(0.0047,-0.0262267976341262,0.00132010827532869));
#9872=CARTESIAN_POINT('',(0.0047,-0.0258273033822736,0.0013));
#9873=CARTESIAN_POINT('',(0.0047,-0.0258273033822736,0.0017));
#9874=CARTESIAN_POINT('',(0.0047,0.,0.0017));
#9875=CARTESIAN_POINT('',(0.0047,-0.0252,0.0017));
#9876=CARTESIAN_POINT('',(0.0047,-0.0252,0.));
#9877=CARTESIAN_POINT('',(0.0047,-0.0252,0.00355));
#9878=CARTESIAN_POINT('',(0.0047,0.,0.00355));
#9879=CARTESIAN_POINT('',(0.0047,-0.0264171572875254,0.00355));
#9880=CARTESIAN_POINT('',(0.0047,-0.0264171572875254,0.));
#9881=CARTESIAN_POINT('',(0.0047,-0.0264171572875254,-0.00355));
#9882=CARTESIAN_POINT('',(0.0047,0.,-0.00355));
#9883=CARTESIAN_POINT('',(0.0047,-0.0252,-0.00355));
#9884=CARTESIAN_POINT('',(0.0047,-0.0252,0.));
#9885=CARTESIAN_POINT('',(0.003,-0.025,0.));
#9886=CARTESIAN_POINT('',(0.003,-0.025,0.0017));
#9887=CARTESIAN_POINT('',(0.00297085837563301,-0.0251652703644666,0.0017));
#9888=CARTESIAN_POINT('',(0.00285209845710378,-0.0258387913313208,0.0017));
#9889=CARTESIAN_POINT('',(0.00740205074593692,-3.47296355333861E-5,0.));
#9890=CARTESIAN_POINT('',(0.00288540458859999,-0.0256499028732845,0.00355));
#9891=CARTESIAN_POINT('',(0.003,-0.025,0.00355));
#9892=CARTESIAN_POINT('',(0.00297085837563301,-0.0251652703644666,0.00355));
#9893=CARTESIAN_POINT('',(0.00297085837563301,-0.0251652703644666,0.));
#9894=CARTESIAN_POINT('',(0.0045,-0.0252,0.));
#9895=CARTESIAN_POINT('',(0.0045,-0.0252,0.0017));
#9896=CARTESIAN_POINT('',(0.0045,-0.0252,0.00355));
#9897=CARTESIAN_POINT('',(0.00316781992623545,-0.0252,0.));
#9898=CARTESIAN_POINT('',(0.00316781992623545,-0.0252,0.0017));
#9899=CARTESIAN_POINT('',(0.00316781992623545,-0.0252,0.00355));
#9900=CARTESIAN_POINT('',(-0.0027388736053509,-0.0265,-0.0015));
#9901=CARTESIAN_POINT('',(0.00316781992623545,-0.0252,-0.0015));
#9902=CARTESIAN_POINT('',(0.00316781992623545,-0.0252,-0.0015));
#9903=CARTESIAN_POINT('',(0.00305720941485095,-0.0258273033822736,-0.0015));
#9904=CARTESIAN_POINT('',(-0.0027388736053509,-0.0258273033822736,-0.0015));
#9905=CARTESIAN_POINT('',(0.0045,-0.0258273033822736,-0.0015));
#9906=CARTESIAN_POINT('',(0.0045,-0.0265,-0.0015));
#9907=CARTESIAN_POINT('',(0.0045,-0.0252,-0.0015));
#9908=CARTESIAN_POINT('',(-0.0027388736053509,-0.0252,-0.0015));
#9909=CARTESIAN_POINT('',(-0.0027388736053509,-0.025,0.));
#9910=CARTESIAN_POINT('',(0.00316781992623545,-0.025,0.));
#9911=CARTESIAN_POINT('',(0.00316781992623545,-0.025,-0.00355));
#9912=CARTESIAN_POINT('',(0.00316781992623545,-0.025,-0.0017));
#9913=CARTESIAN_POINT('',(-0.0027388736053509,-0.025,-0.0017));
#9914=CARTESIAN_POINT('',(0.0045,-0.025,-0.0017));
#9915=CARTESIAN_POINT('',(0.0045,-0.025,0.));
#9916=CARTESIAN_POINT('',(0.0045,-0.025,-0.00355));
#9917=CARTESIAN_POINT('',(-0.0027388736053509,-0.025,-0.00355));
#9918=CARTESIAN_POINT('',(0.0045,-0.0252,0.));
#9919=CARTESIAN_POINT('',(0.0045,-0.0252,-0.0017));
#9920=CARTESIAN_POINT('',(0.0045,-0.0252,-0.00355));
#9921=CARTESIAN_POINT('',(0.00316781992623545,-0.0252,0.));
#9922=CARTESIAN_POINT('',(0.00316781992623545,-0.0252,-0.0017));
#9923=CARTESIAN_POINT('',(0.00316781992623545,-0.0252,-0.00355));
#9924=CARTESIAN_POINT('',(0.00276739822971836,-0.0274709042876379,0.00355));
#9925=CARTESIAN_POINT('',(0.00288540458859999,-0.0256499028732845,0.00355));
#9926=CARTESIAN_POINT('',(0.00289078900768513,-0.0256193663152178,0.00366016890492449));
#9927=CARTESIAN_POINT('',(0.00299207579546186,-0.0255752848984245,0.00375));
#9928=CARTESIAN_POINT('',(0.00310495105148927,-0.0255565471063679,0.00375));
#9929=CARTESIAN_POINT('',(0.00316781992623546,-0.0252,0.00355));
#9930=CARTESIAN_POINT('',(0.00316781992623545,-0.0252,0.00355));
#9931=CARTESIAN_POINT('',(0.00316781992623545,-0.0252,0.00355));
#9932=CARTESIAN_POINT('',(-0.0027388736053509,-0.0252,0.00355));
#9933=CARTESIAN_POINT('',(0.0045,-0.0252,0.00355));
#9934=CARTESIAN_POINT('',(0.0045,-0.0252,0.00355));
#9935=CARTESIAN_POINT('',(0.0045,-0.0252,0.00355));
#9936=CARTESIAN_POINT('',(0.0045,-0.0265,0.00355));
#9937=CARTESIAN_POINT('',(0.0045,-0.0264171572875254,0.00355));
#9938=CARTESIAN_POINT('',(0.0045,-0.0264171572875254,0.00355));
#9939=CARTESIAN_POINT('',(0.0045,-0.0264171572875254,0.00355));
#9940=CARTESIAN_POINT('',(0.0045,-0.0264171572875254,0.));
#9941=CARTESIAN_POINT('',(0.0045,-0.0264171572875254,-0.00355));
#9942=CARTESIAN_POINT('',(0.0045,-0.0264171572875254,-0.00355));
#9943=CARTESIAN_POINT('',(0.0045,-0.0264171572875254,-0.00355));
#9944=CARTESIAN_POINT('',(0.0045,0.,-0.00355));
#9945=CARTESIAN_POINT('',(0.0045,-0.0252,-0.00355));
#9946=CARTESIAN_POINT('',(0.0045,-0.0252,-0.00355));
#9947=CARTESIAN_POINT('',(0.0045,-0.0252,-0.00355));
#9948=CARTESIAN_POINT('',(-0.0027388736053509,-0.0252,-0.00355));
#9949=CARTESIAN_POINT('',(0.00316781992623545,-0.0252,-0.00355));
#9950=CARTESIAN_POINT('',(0.00316781992623545,-0.0252,-0.00355));
#9951=CARTESIAN_POINT('',(0.00316781992623546,-0.0252,-0.00355));
#9952=CARTESIAN_POINT('',(0.00319696155060244,-0.0250347296355334,-0.00355));
#9953=CARTESIAN_POINT('',(0.00310495105148927,-0.0255565471063679,-0.00375));
#9954=CARTESIAN_POINT('',(0.00299207579546186,-0.0255752848984245,-0.00375));
#9955=CARTESIAN_POINT('',(0.00289078900768513,-0.0256193663152178,-0.00366016890492449));
#9956=CARTESIAN_POINT('',(0.00288540458859999,-0.0256499028732845,-0.00355));
#9957=CARTESIAN_POINT('',(-0.0025,0.0158,0.));
#9958=CARTESIAN_POINT('',(0.0005,-0.018575735931288,4.69134368824528E-18));
#9959=CARTESIAN_POINT('',(0.0005,-0.0185757359312881,-0.0165108550946581));
#9960=CARTESIAN_POINT('',(0.0005,-0.018575735931288,0.0165108550946581));
#9961=CARTESIAN_POINT('',(0.0005,-0.018575735931288,0.0165108550946581));
#9962=CARTESIAN_POINT('',(0.000146445942406676,-0.0189292900341948,0.0165108549754722));
#9963=CARTESIAN_POINT('',(0.000130867050599196,-0.0189137879156395,0.0165926355906059));
#9964=CARTESIAN_POINT('',(0.000130833218293018,-0.0188827694050401,0.01667434003252));
#9965=CARTESIAN_POINT('',(0.000146334867600978,-0.0188400751866105,0.0167458102301041));
#9966=CARTESIAN_POINT('',(0.0005,-0.0185757359312881,-0.0165108550946581));
#9967=CARTESIAN_POINT('',(0.000146334867693257,-0.0188400751863555,-0.0167458102305322));
#9968=CARTESIAN_POINT('',(0.000130833225785403,-0.0188827693842742,-0.0166743400673939));
#9969=CARTESIAN_POINT('',(0.000130867050206315,-0.0189137878859062,-0.0165926356698469));
#9970=CARTESIAN_POINT('',(0.000146445919807239,-0.0189292900117054,-0.0165108550940698));
#9971=CARTESIAN_POINT('',(0.00085349202581061,-0.0189292146849624,0.0166445031035112));
#9972=CARTESIAN_POINT('',(0.000853441742531839,-0.0195496527022316,0.017009676747788));
#9973=CARTESIAN_POINT('',(0.000838370499812291,-0.0195911999660361,0.0169388594402816));
#9974=CARTESIAN_POINT('',(0.000838414088035855,-0.0196213327139135,0.0168582306932968));
#9975=CARTESIAN_POINT('',(0.000853554107109593,-0.0196363954088782,0.0167775318483728));
#9976=CARTESIAN_POINT('',(0.00085350972812272,-0.018929232387202,-0.016644509779893));
#9977=CARTESIAN_POINT('',(0.000853554233591813,-0.0196363955347148,-0.0167775311739773));
#9978=CARTESIAN_POINT('',(0.00083841409001903,-0.0196213328801709,-0.0168582302436262));
#9979=CARTESIAN_POINT('',(0.000838370457817301,-0.0195912000817563,-0.0169388592430092));
#9980=CARTESIAN_POINT('',(0.00085344174253251,-0.0195496527022309,-0.0170096767477881));
#9981=CARTESIAN_POINT('',(0.00120710678118655,-0.0192828427124746,0.0167775319080598));
#9982=CARTESIAN_POINT('',(0.00120710678118656,-0.0196600501207781,0.0171057308890469));
#9983=CARTESIAN_POINT('',(0.00106664354664367,-0.0197205698690463,0.0170361740082584));
#9984=CARTESIAN_POINT('',(0.000928483760480204,-0.0197113264729548,0.016907922088637));
#9985=CARTESIAN_POINT('',(0.000853553390593281,-0.0196363961030679,0.0167775319080598));
#9986=CARTESIAN_POINT('',(0.00120710678118655,-0.0192828427124747,-0.0167775319080598));
#9987=CARTESIAN_POINT('',(0.000853553390606716,-0.0196363961030814,-0.0167775319080832));
#9988=CARTESIAN_POINT('',(0.000928483760496314,-0.0197113264729566,-0.0169079220886525));
#9989=CARTESIAN_POINT('',(0.00106664354665206,-0.0197205698690427,-0.0170361740082625));
#9990=CARTESIAN_POINT('',(0.00120710678118655,-0.0196600501207781,-0.0171057308890469));
#9991=CARTESIAN_POINT('',(-0.0124590293709888,-0.0056164303306969,-0.00700543975023405));
#9992=CARTESIAN_POINT('',(0.00115355339060809,-0.0199363961030827,0.016426377302963));
#9993=CARTESIAN_POINT('',(0.00122627131753516,-0.020009114029995,0.0165483710422604));
#9994=CARTESIAN_POINT('',(0.00137287925046308,-0.0200213561465983,0.0166816168067511));
#9995=CARTESIAN_POINT('',(0.00150710678118654,-0.0199659186653791,0.0167477070623853));
#9996=CARTESIAN_POINT('',(-0.0124590293668265,-0.00561643032886967,0.00700543974823521));
#9997=CARTESIAN_POINT('',(0.00150710678118655,-0.0199659186653791,-0.0167477070623853));
#9998=CARTESIAN_POINT('',(0.00137287925045455,-0.0200213561466017,-0.0166816168067471));
#9999=CARTESIAN_POINT('',(0.00122627131751642,-0.020009114029991,-0.0165483710422411));
#10000=CARTESIAN_POINT('',(0.00115355339059327,-0.0199363961030679,-0.0164263773029381));
#10001=CARTESIAN_POINT('',(0.0018,-0.0206868577388423,0.0158485809110122));
#10002=CARTESIAN_POINT('',(0.00130000000000001,-0.0206868577388423,0.0158485809110122));
#10003=CARTESIAN_POINT('',(0.0013,-0.0202899494936612,0.015544502228913));
#10004=CARTESIAN_POINT('',(0.00179999999902293,-0.020563731752978,0.0160092949691245));
#10005=CARTESIAN_POINT('',(0.0013457629569495,-0.0205906255838569,0.0159741909534627));
#10006=CARTESIAN_POINT('',(0.0013,-0.0202295673732049,0.0157021335444649));
#10007=CARTESIAN_POINT('',(0.0017788786679769,-0.020440953843869,0.0161656666277452));
#10008=CARTESIAN_POINT('',(0.0013709520964893,-0.0204847008923423,0.0161101016829451));
#10009=CARTESIAN_POINT('',(0.00128943932970734,-0.0201693565643608,0.0158555041826728));
#10010=CARTESIAN_POINT('',(0.00168660825279128,-0.0201975744573787,0.0164687387982571));
#10011=CARTESIAN_POINT('',(0.00136661918082114,-0.0202717554758851,0.0163773769379025));
#10012=CARTESIAN_POINT('',(0.00124330413067675,-0.0200500016664433,0.0161527614615566));
#10013=CARTESIAN_POINT('',(0.00161409622188468,-0.0200750010787669,0.0166176635534194));
#10014=CARTESIAN_POINT('',(0.00133994458148066,-0.0201613862251019,0.0165131452681079));
#10015=CARTESIAN_POINT('',(0.001207056428905,-0.0199898991413796,0.0162988090805782));
#10016=CARTESIAN_POINT('',(0.00150710678118654,-0.0199659186653791,0.0167477070623853));
#10017=CARTESIAN_POINT('',(0.00127778742748347,-0.020060630139958,0.0166347959879869));
#10018=CARTESIAN_POINT('',(0.00115355339059327,-0.0199363961030679,0.0164263773029381));
#10019=CARTESIAN_POINT('',(0.0013,-0.0202899494936612,-0.015544502228913));
#10020=CARTESIAN_POINT('',(0.00130000000000002,-0.0206868577388423,-0.0158485809110122));
#10021=CARTESIAN_POINT('',(0.0018,-0.0206868577388423,-0.0158485809110122));
#10022=CARTESIAN_POINT('',(0.0013,-0.020230005024754,-0.0157009910278532));
#10023=CARTESIAN_POINT('',(0.00134544342504594,-0.020591297511568,-0.0159733138988567));
#10024=CARTESIAN_POINT('',(0.00180000000035279,-0.020564624108352,-0.0160081301942606));
#10025=CARTESIAN_POINT('',(0.00128961135078934,-0.020169924833984,-0.015854076561168));
#10026=CARTESIAN_POINT('',(0.00137087606722649,-0.0204857401997502,-0.0161087872210233));
#10027=CARTESIAN_POINT('',(0.00177922271101176,-0.0204421126154879,-0.0161642110793216));
#10028=CARTESIAN_POINT('',(0.00124338064229781,-0.0200500770279883,-0.0161525860325095));
#10029=CARTESIAN_POINT('',(0.00136671267757668,-0.0202719288154754,-0.0163771686231436));
#10030=CARTESIAN_POINT('',(0.00168676127516255,-0.0201977281292842,-0.0164685599375499));
#10031=CARTESIAN_POINT('',(0.00120713730380697,-0.0199899800162816,-0.0162986162446866));
#10032=CARTESIAN_POINT('',(0.00134004061051698,-0.0201615418964684,-0.016512957313552));
#10033=CARTESIAN_POINT('',(0.0016142591631378,-0.0200751672147341,-0.0166174654930405));
#10034=CARTESIAN_POINT('',(0.00115355339059327,-0.0199363961030679,-0.0164263773029381));
#10035=CARTESIAN_POINT('',(0.00127778742748347,-0.020060630139958,-0.0166347959879868));
#10036=CARTESIAN_POINT('',(0.00150710678118655,-0.0199659186653791,-0.0167477070623853));
#10037=CARTESIAN_POINT('',(0.0005,0.0157,-1.3010426069826E-18));
#10038=CARTESIAN_POINT('',(0.0005,0.0125895664347757,-0.00533354852106113));
#10039=CARTESIAN_POINT('',(0.0005,0.0125895664347757,0.00533354852106113));
#10040=CARTESIAN_POINT('',(0.0005,0.000874041487963484,-0.0014987436920671));
#10041=CARTESIAN_POINT('',(0.0005,0.000874041487963484,0.0014987436920671));
#10042=CARTESIAN_POINT('',(0.0005,0.0222904753075953,-0.0109909513649743));
#10043=CARTESIAN_POINT('',(0.0005,0.0222904753075953,-0.0109909513649743));
#10044=CARTESIAN_POINT('',(0.000146446283459046,0.0224685864317089,-0.0106855389861485));
#10045=CARTESIAN_POINT('',(8.11362284282258E-5,0.0225567598616741,-0.0108124475573703));
#10046=CARTESIAN_POINT('',(8.11237538107454E-5,0.0226111432327532,-0.0109928208139032));
#10047=CARTESIAN_POINT('',(0.000146318222453039,0.0226076918177011,-0.0111473637253619));
#10048=CARTESIAN_POINT('',(0.0001,0.0157,-1.3010426069826E-18));
#10049=CARTESIAN_POINT('',(0.0001,0.0131005008346659,-0.00445743483602342));
#10050=CARTESIAN_POINT('',(0.0001,0.0131005008346659,0.00445743483602342));
#10051=CARTESIAN_POINT('',(0.0001,0.00138497588785369,-0.00237485737710481));
#10052=CARTESIAN_POINT('',(0.0006,0.0232434567342049,0.0103726318865303));
#10053=CARTESIAN_POINT('',(0.000599999999999999,0.023193621254539,0.0105260957972335));
#10054=CARTESIAN_POINT('',(0.000522367742288223,0.0230135271627418,0.010568162752331));
#10055=CARTESIAN_POINT('',(0.000453553390593275,0.0228692596294396,0.0105636898205147));
#10056=CARTESIAN_POINT('',(0.000653501565802238,0.0224909659709685,0.0109301760716492));
#10057=CARTESIAN_POINT('',(0.000453553825443382,0.0228692593768479,0.0105636900870341));
#10058=CARTESIAN_POINT('',(0.000389114120367391,0.0229574086360976,0.0106895770188682));
#10059=CARTESIAN_POINT('',(0.000389027065773097,0.0230122731683987,0.0108682087103931));
#10060=CARTESIAN_POINT('',(0.000453424639700504,0.0230101248271506,0.0110218922300212));
#10061=CARTESIAN_POINT('',(0.000653501565802263,0.0224909659709688,-0.0109301760716491));
#10062=CARTESIAN_POINT('',(0.000453424617364479,0.0230101248279318,-0.0110218921766421));
#10063=CARTESIAN_POINT('',(0.000389027064539174,0.0230122731566525,-0.0108682086688904));
#10064=CARTESIAN_POINT('',(0.00038911412783687,0.022957408625891,-0.0106895770042487));
#10065=CARTESIAN_POINT('',(0.000453553825467501,0.0228692593768149,-0.010563690086987));
#10066=CARTESIAN_POINT('',(0.0001,0.00138497588785369,0.00237485737710481));
#10067=CARTESIAN_POINT('',(0.000453553390593273,0.0228692596294396,-0.0105636898205147));
#10068=CARTESIAN_POINT('',(0.000522383989071804,0.0230135612237092,-0.0105681638083716));
#10069=CARTESIAN_POINT('',(0.000599999999999999,0.0231934656123747,-0.0105265750833852));
#10070=CARTESIAN_POINT('',(0.0006,0.0232434567342049,-0.0103726318865303));
#10071=CARTESIAN_POINT('',(0.000519470105455239,0.0227276694350046,0.0100862648386736));
#10072=CARTESIAN_POINT('',(0.000519510082060264,0.0227276733911076,-0.0100862977222757));
#10073=CARTESIAN_POINT('',(-0.00264022509220568,-0.0107979061881654,0.0158454948823624));
#10074=CARTESIAN_POINT('',(-0.0031,-0.011130038356369,0.0155012148569304));
#10075=CARTESIAN_POINT('',(-0.00264022509220568,-0.00899917437917456,0.01273));
#10076=CARTESIAN_POINT('',(-0.00264022509220568,-0.00906585538059649,0.0126145051176377));
#10077=CARTESIAN_POINT('',(-0.00264022509220568,-0.0108645871895873,0.00949901023527531));
#10078=CARTESIAN_POINT('',(-0.00264022509220568,-0.0144620508075689,0.0159609897647247));
#10079=CARTESIAN_POINT('',(-0.0031,-0.014329961643631,0.0155012148569304));
#10080=CARTESIAN_POINT('',(-0.00264022509220568,-0.0109979491924311,0.00949901023527531));
#10081=CARTESIAN_POINT('',(-0.00264022509220568,-0.0145954128104127,0.00949901023527531));
#10082=CARTESIAN_POINT('',(-0.00264022509220568,-0.0163941446194036,0.0128454948823623));
#10083=CARTESIAN_POINT('',(-0.0031,-0.0159299232872621,0.01273));
#10084=CARTESIAN_POINT('',(-0.00264022509220568,-0.0146620938118346,0.00961450511763765));
#10085=CARTESIAN_POINT('',(-0.0031,-0.015163257446667,-0.0141348418418409));
#10086=CARTESIAN_POINT('',(-0.0026019026509541,-0.0164569541649149,-0.01273));
#10087=CARTESIAN_POINT('',(-0.0031,-0.0143521716311113,-0.0155396836836817));
#10088=CARTESIAN_POINT('',(-0.0031,-0.01273,-0.0155396836836817));
#10089=CARTESIAN_POINT('',(-0.0031,-0.0111078283688886,-0.0155396836836817));
#10090=CARTESIAN_POINT('',(-0.0031,-0.015163257446667,-0.0113251581581591));
#10091=CARTESIAN_POINT('',(-0.0026019026509541,-0.0145934770824575,-0.00950236301444346));
#10092=CARTESIAN_POINT('',(-0.0031,-0.010296742553333,-0.0141348418418409));
#10093=CARTESIAN_POINT('',(-0.0031,-0.0094856567377773,-0.01273));
#10094=CARTESIAN_POINT('',(-0.0031,-0.01273,-0.00992031631631826));
#10095=CARTESIAN_POINT('',(-0.00260190265095411,-0.0108665229175425,-0.00950236301444346));
#10096=CARTESIAN_POINT('',(-0.0031,-0.010296742553333,-0.0113251581581591));
#10097=CARTESIAN_POINT('',(-0.0031,0.015163257446667,0.0141348418418409));
#10098=CARTESIAN_POINT('',(-0.0026019026509541,0.0164569541649149,0.01273));
#10099=CARTESIAN_POINT('',(-0.0031,0.0143521716311113,0.0155396836836817));
#10100=CARTESIAN_POINT('',(-0.0031,0.01273,0.0155396836836817));
#10101=CARTESIAN_POINT('',(-0.0031,0.0111078283688886,0.0155396836836817));
#10102=CARTESIAN_POINT('',(-0.0031,0.015163257446667,0.0113251581581591));
#10103=CARTESIAN_POINT('',(-0.0026019026509541,0.0145934770824575,0.00950236301444346));
#10104=CARTESIAN_POINT('',(-0.0031,0.010296742553333,0.0141348418418409));
#10105=CARTESIAN_POINT('',(-0.0031,0.0094856567377773,0.01273));
#10106=CARTESIAN_POINT('',(-0.0031,0.01273,0.00992031631631826));
#10107=CARTESIAN_POINT('',(-0.00260190265095411,0.0108665229175425,0.00950236301444346));
#10108=CARTESIAN_POINT('',(-0.0031,0.010296742553333,0.0113251581581591));
#10109=CARTESIAN_POINT('',(-0.00264022509220568,0.0107979061881654,-0.0158454948823624));
#10110=CARTESIAN_POINT('',(-0.0031,0.011130038356369,-0.0155012148569304));
#10111=CARTESIAN_POINT('',(-0.00264022509220568,0.00899917437917456,-0.01273));
#10112=CARTESIAN_POINT('',(-0.00264022509220568,0.00906585538059649,-0.0126145051176377));
#10113=CARTESIAN_POINT('',(-0.00264022509220568,0.0108645871895873,-0.00949901023527531));
#10114=CARTESIAN_POINT('',(-0.00264022509220568,0.0144620508075689,-0.0159609897647247));
#10115=CARTESIAN_POINT('',(-0.0031,0.014329961643631,-0.0155012148569304));
#10116=CARTESIAN_POINT('',(-0.00264022509220568,0.0109979491924311,-0.00949901023527531));
#10117=CARTESIAN_POINT('',(-0.00264022509220568,0.0145954128104127,-0.00949901023527531));
#10118=CARTESIAN_POINT('',(-0.00264022509220568,0.0163941446194036,-0.0128454948823623));
#10119=CARTESIAN_POINT('',(-0.0031,0.0159299232872621,-0.01273));
#10120=CARTESIAN_POINT('',(-0.00264022509220568,0.0146620938118346,-0.00961450511763765));
#10121=CARTESIAN_POINT('',(0.00276739822971836,-0.0274709042876379,0.0017));
#10122=CARTESIAN_POINT('',(0.00305720941485096,-0.0258273033822736,0.0015));
#10123=CARTESIAN_POINT('',(0.00295080366516931,-0.0258449672076445,0.0015));
#10124=CARTESIAN_POINT('',(0.00284961114202483,-0.0258528975961077,0.00159294149210012));
#10125=CARTESIAN_POINT('',(0.00285209845710379,-0.0258387913313208,0.0017));
#10126=CARTESIAN_POINT('',(0.00316781992623545,-0.0252,0.0017));
#10127=CARTESIAN_POINT('',(0.00316781992623545,-0.0252,0.0017));
#10128=CARTESIAN_POINT('',(0.00316781992623545,-0.0252,0.0017));
#10129=CARTESIAN_POINT('',(-0.0027388736053509,-0.0252,0.0017));
#10130=CARTESIAN_POINT('',(0.0045,-0.0252,0.0017));
#10131=CARTESIAN_POINT('',(0.0045,-0.0252,0.0017));
#10132=CARTESIAN_POINT('',(0.0045,-0.0252,0.0017));
#10133=CARTESIAN_POINT('',(0.0045,-0.0265,0.0017));
#10134=CARTESIAN_POINT('',(0.0045,-0.0258273033822736,0.0017));
#10135=CARTESIAN_POINT('',(0.0045,0.,-0.0017));
#10136=CARTESIAN_POINT('',(0.0045,-0.0258273033822736,-0.0017));
#10137=CARTESIAN_POINT('',(0.0045,-0.0252,-0.0017));
#10138=CARTESIAN_POINT('',(0.0045,-0.0252,-0.0017));
#10139=CARTESIAN_POINT('',(0.0045,-0.0252,-0.0017));
#10140=CARTESIAN_POINT('',(-0.0027388736053509,-0.0252,-0.0017));
#10141=CARTESIAN_POINT('',(0.00316781992623545,-0.0252,-0.0017));
#10142=CARTESIAN_POINT('',(0.00316781992623545,-0.0252,-0.0017));
#10143=CARTESIAN_POINT('',(0.00316781992623545,-0.0252,-0.0017));
#10144=CARTESIAN_POINT('',(0.00319696155060244,-0.0250347296355334,-0.0017));
#10145=CARTESIAN_POINT('',(0.00285209845710378,-0.0258387913313208,-0.0017));
#10146=CARTESIAN_POINT('',(0.00284961114202482,-0.0258528975961077,-0.00159294149210013));
#10147=CARTESIAN_POINT('',(0.0029508036651693,-0.0258449672076445,-0.0015));
#10148=CARTESIAN_POINT('',(0.00305720941485095,-0.0258273033822736,-0.0015));
#10149=CARTESIAN_POINT('',(0.0018,0.0356094700203151,-0.004));
#10150=CARTESIAN_POINT('',(0.0018,0.0356094700203151,-0.004));
#10151=CARTESIAN_POINT('',(0.0018,0.0356094700203151,0.004));
#10152=CARTESIAN_POINT('',(0.0018,0.0356094700203151,0.004));
#10153=CARTESIAN_POINT('',(0.0018,0.,0.));
#10154=CARTESIAN_POINT('',(0.0018,0.,0.));
#10155=CARTESIAN_POINT('',(0.0018,0.0356094700203151,0.004));
#10156=CARTESIAN_POINT('',(0.0018,0.0356094700203151,-0.004));
#10157=CARTESIAN_POINT('',(0.0018,0.0356094700203151,0.004));
#10158=CARTESIAN_POINT('',(0.0006,0.,0.004));
#10159=CARTESIAN_POINT('',(0.0018,0.0356094700203151,-0.004));
#10160=CARTESIAN_POINT('',(0.0006,0.,-0.004));
#10161=CARTESIAN_POINT('',(0.0006,0.,0.));
#10162=CARTESIAN_POINT('',(0.00285209845710378,-0.0258387913313207,-0.0017));
#10163=CARTESIAN_POINT('',(0.00282301056011146,-0.0260037569927042,-0.00171120602235218));
#10164=CARTESIAN_POINT('',(0.00265513690650134,-0.0260036290716248,-0.00171314771848415));
#10165=CARTESIAN_POINT('',(0.00284963598987626,-0.0258527566769396,-0.00159401068878557));
#10166=CARTESIAN_POINT('',(0.00281565952362738,-0.0260117499539051,-0.00158964239046745));
#10167=CARTESIAN_POINT('',(0.00265267464432998,-0.0260177024643059,-0.00149952966377198));
#10168=CARTESIAN_POINT('',(0.00294781992966381,-0.0258454625141664,-0.0015));
#10169=CARTESIAN_POINT('',(0.00294762142662481,-0.0260183229205416,-0.00148344645121345));
#10170=CARTESIAN_POINT('',(0.00284483433550562,-0.0260270505011362,-0.00131005427800052));
#10171=CARTESIAN_POINT('',(0.00305720941485094,-0.0258273033822736,-0.0015));
#10172=CARTESIAN_POINT('',(0.00305720941485094,-0.0260174897105672,-0.0015));
#10173=CARTESIAN_POINT('',(0.00305720941485095,-0.0260270505081999,-0.00131005413766435));
#10174=CARTESIAN_POINT('',(0.00305720941485095,-0.0258273033822736,-0.0013));
#10175=CARTESIAN_POINT('',(0.00265513690650134,-0.0258040616957874,-0.0017));
#10176=CARTESIAN_POINT('',(0.00288540458859999,-0.0256499028732845,-0.00355));
#10177=CARTESIAN_POINT('',(0.00285649836884278,-0.0258138381918674,-0.00357342613634933));
#10178=CARTESIAN_POINT('',(0.00268844303799755,-0.0258132797593114,-0.00357745552977572));
#10179=CARTESIAN_POINT('',(0.00287039686943176,-0.0257350158781572,-0.00293586355928158));
#10180=CARTESIAN_POINT('',(0.00284141237579024,-0.0258993951100128,-0.00295537633576513));
#10181=CARTESIAN_POINT('',(0.00267343531882869,-0.0258990510240807,-0.00295856938727255));
#10182=CARTESIAN_POINT('',(0.00285928525219843,-0.0257980329909591,-0.00231866513487332));
#10183=CARTESIAN_POINT('',(0.00283023735802749,-0.0259627717850535,-0.00233402451695688));
#10184=CARTESIAN_POINT('',(0.0026623237015963,-0.0259625555082142,-0.00233659757984537));
#10185=CARTESIAN_POINT('',(0.00285209845710378,-0.0258387913313207,-0.00169999999999991));
#10186=CARTESIAN_POINT('',(0.00282301056011146,-0.0260037569927042,-0.00171120602235209));
#10187=CARTESIAN_POINT('',(0.00265513690650134,-0.0260036290716248,-0.00171314771848406));
#10188=CARTESIAN_POINT('',(0.00268844303799755,-0.0256151732377511,-0.00355));
#10189=CARTESIAN_POINT('',(0.004,-0.0258273033822736,-0.0013));
#10190=CARTESIAN_POINT('',(0.0045,-0.0258273033822736,-0.0013));
#10191=CARTESIAN_POINT('',(0.00310495105148928,-0.0255565471063679,-0.00375));
#10192=CARTESIAN_POINT('',(0.00310495105148928,-0.025789833707065,-0.00375));
#10193=CARTESIAN_POINT('',(0.00310495105148928,-0.0257542002162392,-0.00398054911059551));
#10194=CARTESIAN_POINT('',(0.00299376095487975,-0.0255750051924272,-0.00375));
#10195=CARTESIAN_POINT('',(0.00301734844124413,-0.0257866759759771,-0.00377043053804274));
#10196=CARTESIAN_POINT('',(0.0028890801685504,-0.0257542002555649,-0.00398054885615769));
#10197=CARTESIAN_POINT('',(0.00289062875028357,-0.0256202751801022,-0.00365688981856319));
#10198=CARTESIAN_POINT('',(0.00287278267656049,-0.0257959229513646,-0.00370294960637791));
#10199=CARTESIAN_POINT('',(0.00269366735823067,-0.0257834229576752,-0.00379288852871564));
#10200=CARTESIAN_POINT('',(0.00288540458859935,-0.0256499028732845,-0.00355000000000007));
#10201=CARTESIAN_POINT('',(0.00285649836884214,-0.0258138381918674,-0.00357342613634942));
#10202=CARTESIAN_POINT('',(0.0026884430379969,-0.0258132797593114,-0.00357745552977586));
#10203=CARTESIAN_POINT('',(0.00310495105148927,-0.0255565471063679,-0.00395));
#10204=CARTESIAN_POINT('',(0.0045,-0.0258273033822736,-0.0013));
#10205=CARTESIAN_POINT('',(0.0045,-0.0262267976341262,-0.00132010827532869));
#10206=CARTESIAN_POINT('',(0.004,-0.0255565471063679,-0.00395));
#10207=CARTESIAN_POINT('',(0.0038,-0.0255565471063679,-0.00395));
#10208=CARTESIAN_POINT('',(0.0045,0.,0.));
#10209=CARTESIAN_POINT('',(0.0045,-0.0262267976341262,0.00132010827532869));
#10210=CARTESIAN_POINT('',(0.0038,-0.0257542002162392,-0.00398054911059552));
#10211=CARTESIAN_POINT('',(0.0038,-0.025789833707065,-0.00375));
#10212=CARTESIAN_POINT('',(0.0038,-0.0255565471063679,-0.00375));
#10213=CARTESIAN_POINT('',(0.00390626761365741,-0.0257542002216318,-0.00398054907570545));
#10214=CARTESIAN_POINT('',(0.00388710917453794,-0.0257898337792865,-0.00374999999999986));
#10215=CARTESIAN_POINT('',(0.00401253522731486,-0.0255565473356875,-0.00375));
#10216=CARTESIAN_POINT('',(0.00400000000000001,-0.025852585981209,-0.0039657977017401));
#10217=CARTESIAN_POINT('',(0.00398355250007734,-0.0258481190348824,-0.00375000000000034));
#10218=CARTESIAN_POINT('',(0.00419999985560053,-0.0257487561963629,-0.00375));
#10219=CARTESIAN_POINT('',(0.004,-0.0259612230066305,-0.00395));
#10220=CARTESIAN_POINT('',(0.004,-0.0259612230066305,-0.00375));
#10221=CARTESIAN_POINT('',(0.0042,-0.0259612230066305,-0.00375));
#10222=CARTESIAN_POINT('',(0.0042,-0.0259612230066305,-0.00395));
#10223=CARTESIAN_POINT('',(0.0045,-0.0258273033822736,0.0013));
#10224=CARTESIAN_POINT('',(0.0045,-0.0258273033822736,0.0013));
#10225=CARTESIAN_POINT('',(0.0042,0.,-0.00395));
#10226=CARTESIAN_POINT('',(0.004,-0.0265,-0.00395));
#10227=CARTESIAN_POINT('',(0.004,-0.0265,-0.00384431738983349));
#10228=CARTESIAN_POINT('',(0.0040957284156518,-0.0265012761390928,-0.00375));
#10229=CARTESIAN_POINT('',(0.0042,-0.0265026626479144,-0.00375));
#10230=CARTESIAN_POINT('',(0.004,-0.0258273033822736,0.0013));
#10231=CARTESIAN_POINT('',(0.00305720941485096,-0.0258273033822736,0.0013));
#10232=CARTESIAN_POINT('',(-0.0335,-0.0255,-0.00395));
#10233=CARTESIAN_POINT('',(0.00419347330639412,-0.0267236839811314,-0.00395));
#10234=CARTESIAN_POINT('',(0.00265513690650134,-0.0260036290716248,0.00171314771848415));
#10235=CARTESIAN_POINT('',(0.00282301056011146,-0.0260037569927042,0.00171120602235218));
#10236=CARTESIAN_POINT('',(0.00285209845710378,-0.0258387913313207,0.0017));
#10237=CARTESIAN_POINT('',(0.00265267464433071,-0.0260177024643059,0.00149952966377202));
#10238=CARTESIAN_POINT('',(0.00281565952362823,-0.0260117499539051,0.00158964239046729));
#10239=CARTESIAN_POINT('',(0.00284963598987628,-0.0258527566769395,0.00159401068878554));
#10240=CARTESIAN_POINT('',(0.00284483433550563,-0.0260270505011362,0.00131005427800052));
#10241=CARTESIAN_POINT('',(0.0029476214266247,-0.0260183229205416,0.00148344645121345));
#10242=CARTESIAN_POINT('',(0.00294781992966381,-0.0258454625141664,0.0015));
#10243=CARTESIAN_POINT('',(0.00305720941485096,-0.0260270505081999,0.00131005413766435));
#10244=CARTESIAN_POINT('',(0.00305720941485095,-0.0260174897105672,0.0015));
#10245=CARTESIAN_POINT('',(0.00305720941485095,-0.0258273033822736,0.0015));
#10246=CARTESIAN_POINT('',(0.00265513690650134,-0.0258040616957874,0.0017));
#10247=CARTESIAN_POINT('',(0.00399357861481904,-0.0267171945836167,-0.00395));
#10248=CARTESIAN_POINT('',(0.00399357861481904,-0.0267171945836167,-0.00375000000000001));
#10249=CARTESIAN_POINT('',(0.00419347330639411,-0.0267236839811313,-0.00375));
#10250=CARTESIAN_POINT('',(0.00398934045238504,-0.0268477438635267,-0.0039499999654423));
#10251=CARTESIAN_POINT('',(0.00399058197359176,-0.0268095010270283,-0.00378027969877202));
#10252=CARTESIAN_POINT('',(0.00415746641360149,-0.026823183142253,-0.00375));
#10253=CARTESIAN_POINT('',(0.00397955953549457,-0.0271051624173887,-0.00389945408273218));
#10254=CARTESIAN_POINT('',(0.00398288334222044,-0.0270250058895277,-0.00379972669872722));
#10255=CARTESIAN_POINT('',(0.00408539384480313,-0.0270197346006402,-0.00372472703272667));
#10256=CARTESIAN_POINT('',(0.00396995286335787,-0.0273035055912695,-0.00368260760732739));
#10257=CARTESIAN_POINT('',(0.00397366736701889,-0.0272263324032547,-0.00364450843607586));
#10258=CARTESIAN_POINT('',(0.00402830036306835,-0.0271716996369317,-0.0036163038036637));
#10259=CARTESIAN_POINT('',(0.00396995285092559,-0.0273035058495648,-0.00355));
#10260=CARTESIAN_POINT('',(0.00397366735593448,-0.0272263326440656,-0.00355));
#10261=CARTESIAN_POINT('',(0.00402830022696684,-0.0271716997730332,-0.00355));
#10262=CARTESIAN_POINT('',(0.00416972158320414,-0.0273131211292706,-0.00355));
#10263=CARTESIAN_POINT('',(0.00285209845710378,-0.0258387913313207,0.0017));
#10264=CARTESIAN_POINT('',(0.00282301056011146,-0.0260037569927042,0.00171120602235218));
#10265=CARTESIAN_POINT('',(0.00265513690650134,-0.0260036290716248,0.00171314771848414));
#10266=CARTESIAN_POINT('',(0.00285928525219818,-0.0257980329909605,0.00231866513487354));
#10267=CARTESIAN_POINT('',(0.00283023735802884,-0.0259627717850578,0.00233402451696146));
#10268=CARTESIAN_POINT('',(0.00266232370159493,-0.0259625555082142,0.00233659757984549));
#10269=CARTESIAN_POINT('',(0.00287039686943175,-0.0257350158781573,0.00293586355928019));
#10270=CARTESIAN_POINT('',(0.00284141237579023,-0.0258993951100129,0.00295537633576292));
#10271=CARTESIAN_POINT('',(0.00267343531882868,-0.0258990510240809,0.00295856938727118));
#10272=CARTESIAN_POINT('',(0.00288540458859999,-0.0256499028732845,0.00355));
#10273=CARTESIAN_POINT('',(0.00285649836884278,-0.0258138381918674,0.00357342613634933));
#10274=CARTESIAN_POINT('',(0.00268844303799755,-0.0258132797593114,0.00357745552977571));
#10275=CARTESIAN_POINT('',(0.00268844303799755,-0.0256151732377511,0.00355));
#10276=CARTESIAN_POINT('',(0.00416972158320415,-0.0273131211292706,0.0151));
#10277=CARTESIAN_POINT('',(0.00416972158320413,-0.0273131211292705,0.00355));
#10278=CARTESIAN_POINT('',(0.00310495105148927,-0.0257542002162392,0.00398054911059552));
#10279=CARTESIAN_POINT('',(0.00310495105148927,-0.025789833707065,0.00375));
#10280=CARTESIAN_POINT('',(0.00310495105148927,-0.0255565471063679,0.00375));
#10281=CARTESIAN_POINT('',(0.0028890801685504,-0.0257542002555649,0.0039805488561577));
#10282=CARTESIAN_POINT('',(0.00301734844124411,-0.0257866759759778,0.0037704305380444));
#10283=CARTESIAN_POINT('',(0.00299376095487956,-0.0255750051924287,0.00375));
#10284=CARTESIAN_POINT('',(0.00269366735823141,-0.0257834229576752,0.00379288852871568));
#10285=CARTESIAN_POINT('',(0.00287278267656136,-0.0257959229513645,0.00370294960637784));
#10286=CARTESIAN_POINT('',(0.00289062875028359,-0.0256202751801021,0.00365688981856318));
#10287=CARTESIAN_POINT('',(0.00268844303799691,-0.0258132797593114,0.00357745552977586));
#10288=CARTESIAN_POINT('',(0.00285649836884214,-0.0258138381918675,0.00357342613634942));
#10289=CARTESIAN_POINT('',(0.00288540458859935,-0.0256499028732845,0.00355000000000007));
#10290=CARTESIAN_POINT('',(0.00310495105148927,-0.0255565471063679,0.00395));
#10291=CARTESIAN_POINT('',(0.00419347330639411,-0.0267236839811313,0.00375));
#10292=CARTESIAN_POINT('',(0.00399357861481903,-0.0267171945836167,0.00375));
#10293=CARTESIAN_POINT('',(0.00399357861481903,-0.0267171945836167,0.00395));
#10294=CARTESIAN_POINT('',(0.0041574664136024,-0.0268231831422512,0.00375));
#10295=CARTESIAN_POINT('',(0.00399058197359311,-0.0268095010270262,0.0037802796987724));
#10296=CARTESIAN_POINT('',(0.00398934045238504,-0.0268477438635264,0.0039499999654423));
#10297=CARTESIAN_POINT('',(0.00408539384480289,-0.0270197346006409,0.00372472703272667));
#10298=CARTESIAN_POINT('',(0.00398288334222006,-0.027025005889529,0.00379972669872703));
#10299=CARTESIAN_POINT('',(0.00397955953549459,-0.0271051624173884,0.00389945408273211));
#10300=CARTESIAN_POINT('',(0.00402830036306791,-0.0271716996369322,0.0036163038036637));
#10301=CARTESIAN_POINT('',(0.00397366736701848,-0.0272263324032543,0.00364450843607586));
#10302=CARTESIAN_POINT('',(0.00396995286335782,-0.0273035055912705,0.00368260760732754));
#10303=CARTESIAN_POINT('',(0.00402830022696683,-0.0271716997730332,0.00355));
#10304=CARTESIAN_POINT('',(0.00397366735593447,-0.0272263326440656,0.00355));
#10305=CARTESIAN_POINT('',(0.00396995285092559,-0.0273035058495648,0.00355));
#10306=CARTESIAN_POINT('',(0.00419347330639411,-0.0267236839811314,0.00395));
#10307=CARTESIAN_POINT('',(0.004,-0.0255565471063679,0.00395));
#10308=CARTESIAN_POINT('',(0.0038,-0.0255565471063679,0.00395));
#10309=CARTESIAN_POINT('',(-0.0335,-0.0255,0.00395));
#10310=CARTESIAN_POINT('',(0.004,-0.0265,0.00395));
#10311=CARTESIAN_POINT('',(0.004,-0.0265,0.00384431738983349));
#10312=CARTESIAN_POINT('',(0.0040957284156518,-0.0265012761390928,0.00375));
#10313=CARTESIAN_POINT('',(0.0042,-0.0265026626479144,0.00375));
#10314=CARTESIAN_POINT('',(0.0038,-0.0255565471063679,0.00375));
#10315=CARTESIAN_POINT('',(0.0038,-0.025789833707065,0.00375));
#10316=CARTESIAN_POINT('',(0.0038,-0.0257542002162392,0.00398054911059552));
#10317=CARTESIAN_POINT('',(0.00401253522731486,-0.0255565473356875,0.00375));
#10318=CARTESIAN_POINT('',(0.00388710917453794,-0.0257898337792865,0.00374999999999986));
#10319=CARTESIAN_POINT('',(0.00390626761365741,-0.0257542002216318,0.00398054907570545));
#10320=CARTESIAN_POINT('',(0.00419999985560053,-0.0257487561963629,0.00375));
#10321=CARTESIAN_POINT('',(0.00398355250007734,-0.0258481190348824,0.00375000000000007));
#10322=CARTESIAN_POINT('',(0.00400000000000001,-0.025852585981209,0.0039657977017401));
#10323=CARTESIAN_POINT('',(0.0042,-0.0259612230066305,0.00375));
#10324=CARTESIAN_POINT('',(0.004,-0.0259612230066305,0.00375));
#10325=CARTESIAN_POINT('',(0.004,-0.0259612230066305,0.00395));
#10326=CARTESIAN_POINT('',(0.0042,-0.0259612230066305,0.00395));
#10327=CARTESIAN_POINT('',(0.0042,0.,0.00395));
#10328=MECHANICAL_DESIGN_GEOMETRIC_PRESENTATION_REPRESENTATION('',(#5215),
#10329);
#10329=(
GEOMETRIC_REPRESENTATION_CONTEXT(3)
GLOBAL_UNCERTAINTY_ASSIGNED_CONTEXT((#10330))
GLOBAL_UNIT_ASSIGNED_CONTEXT((#10333,#10332,#10331))
REPRESENTATION_CONTEXT('BASEBAND','TOP_LEVEL_ASSEMBLY_PART')
);
#10330=UNCERTAINTY_MEASURE_WITH_UNIT(LENGTH_MEASURE(2.E-5),#10333,
'DISTANCE_ACCURACY_VALUE','Maximum Tolerance applied to model');
#10331=(
NAMED_UNIT(*)
SI_UNIT($,.STERADIAN.)
SOLID_ANGLE_UNIT()
);
#10332=(
NAMED_UNIT(*)
PLANE_ANGLE_UNIT()
SI_UNIT($,.RADIAN.)
);
#10333=(
LENGTH_UNIT()
NAMED_UNIT(*)
SI_UNIT($,.METRE.)
);
#10334=PRODUCT_DEFINITION_SHAPE('','',#10335);
#10335=PRODUCT_DEFINITION('','',#10337,#10336);
#10336=PRODUCT_DEFINITION_CONTEXT('',#10343,'design');
#10337=PRODUCT_DEFINITION_FORMATION_WITH_SPECIFIED_SOURCE('','',#10339,
 .NOT_KNOWN.);
#10338=PRODUCT_RELATED_PRODUCT_CATEGORY('','',(#10339));
#10339=PRODUCT('BASEBAND','BASEBAND','BASEBAND',(#10341));
#10340=PRODUCT_CATEGORY('','');
#10341=PRODUCT_CONTEXT('',#10343,'mechanical');
#10342=APPLICATION_PROTOCOL_DEFINITION('international standard',
'ap242_managed_model_based_3d_engineering',2020,#10343);
#10343=APPLICATION_CONTEXT('managed model based 3d engineering');
ENDSEC;
END-ISO-10303-21;
