ISO-10303-21;
HEADER;
/* Generated by software containing ST-Developer
 * from STEP Tools, Inc. (www.steptools.com) 
 */
/* OPTION: using custom renumber hook */

FILE_DESCRIPTION(
/* description */ ('STEP AP242 Edition 2',
'CAx-IF Rec.Pracs.---Representation and Presentation of Product Manufa
cturing Information (PMI)---4.0---2014-10-13',
'CAx-IF Rec.Pracs.---3D Tessellated Geometry---0.4---2014-09-14','2;1',
'CAx-IF Rec.Pracs.---User Defined Attributes---1.5---2016-08-15'),
/* implementation_level */ '2;1');

FILE_NAME(
/* name */ 'BANDBASE - BASE',
/* time_stamp */ '2026-08-18T11:45:18Z',
/* author */ (''),
/* organization */ (''),
/* preprocessor_version */ 'ST-DEVELOPER v20',
/* originating_system */ 'ONSHAPE BY PTC INC, 1.219',
/* authorisation */ '  ');

FILE_SCHEMA (('AP242_MANAGED_MODEL_BASED_3D_ENGINEERING_MIM_LF { 1 0 10303 442 3 1 4 }'));
ENDSEC;

DATA;
#10=SHAPE_REPRESENTATION_RELATIONSHIP('','',#2901,#11);
#11=ADVANCED_BREP_SHAPE_REPRESENTATION('',(#2899),#5247);
#12=(
BOUNDED_SURFACE()
B_SPLINE_SURFACE(3,2,((#4854,#4855,#4856),(#4857,#4858,#4859),(#4860,#4861,
#4862),(#4863,#4864,#4865),(#4866,#4867,#4868),(#4869,#4870,#4871)),
 .UNSPECIFIED.,.F.,.F.,.F.)
B_SPLINE_SURFACE_WITH_KNOTS((4,2,4),(3,3),(0.000911212489495571,0.00149839927142274,
0.00208558605334991),(0.,1.),.UNSPECIFIED.)
GEOMETRIC_REPRESENTATION_ITEM()
RATIONAL_B_SPLINE_SURFACE(((1.,0.707106781186556,1.),(1.,0.740982138684483,
1.),(1.,0.77180575799487,1.),(1.,0.828892546757291,1.),(1.,0.855507548477877,
1.),(1.,0.877995218670479,1.)))
REPRESENTATION_ITEM('')
SURFACE()
);
#13=(
BOUNDED_SURFACE()
B_SPLINE_SURFACE(3,2,((#4872,#4873,#4874),(#4875,#4876,#4877),(#4878,#4879,
#4880),(#4881,#4882,#4883),(#4884,#4885,#4886),(#4887,#4888,#4889)),
 .UNSPECIFIED.,.F.,.F.,.F.)
B_SPLINE_SURFACE_WITH_KNOTS((4,2,4),(3,3),(0.00012804008688043,0.000714989457123355,
0.00130193882736628),(0.,1.),.UNSPECIFIED.)
GEOMETRIC_REPRESENTATION_ITEM()
RATIONAL_B_SPLINE_SURFACE(((1.,0.707106781186561,1.),(1.,0.740737933357102,
1.),(1.,0.77152653843276,1.),(1.,0.828863881349296,1.),(1.,0.855473470721823,
1.),(1.,0.877995218670479,1.)))
REPRESENTATION_ITEM('')
SURFACE()
);
#14=(
BOUNDED_SURFACE()
B_SPLINE_SURFACE(3,2,((#5016,#5017,#5018),(#5019,#5020,#5021),(#5022,#5023,
#5024),(#5025,#5026,#5027)),.UNSPECIFIED.,.F.,.F.,.F.)
B_SPLINE_SURFACE_WITH_KNOTS((4,4),(3,3),(3.01118673025743,3.27199857692216),
(0.,1.),.PIECEWISE_BEZIER_KNOTS.)
GEOMETRIC_REPRESENTATION_ITEM()
RATIONAL_B_SPLINE_SURFACE(((1.,0.922253455459052,1.),(1.,0.924420393448879,
1.),(1.,0.924420393457645,1.),(1.,0.92225345545905,1.)))
REPRESENTATION_ITEM('')
SURFACE()
);
#15=(
BOUNDED_SURFACE()
B_SPLINE_SURFACE(3,2,((#5036,#5037,#5038),(#5039,#5040,#5041),(#5042,#5043,
#5044),(#5045,#5046,#5047),(#5048,#5049,#5050)),.UNSPECIFIED.,.F.,.F.,.F.)
B_SPLINE_SURFACE_WITH_KNOTS((4,1,4),(3,3),(2.46655994240452E-17,0.000510028446305786,
0.00102005689261155),(0.,1.),.UNSPECIFIED.)
GEOMETRIC_REPRESENTATION_ITEM()
RATIONAL_B_SPLINE_SURFACE(((1.,0.742586879630346,1.),(1.,0.819532637551842,
1.),(1.,0.955969487680059,1.),(1.,0.999999999950152,1.),(1.,1.,1.)))
REPRESENTATION_ITEM('')
SURFACE()
);
#16=(
BOUNDED_SURFACE()
B_SPLINE_SURFACE(3,2,((#5052,#5053,#5054),(#5055,#5056,#5057),(#5058,#5059,
#5060),(#5061,#5062,#5063)),.UNSPECIFIED.,.F.,.F.,.F.)
B_SPLINE_SURFACE_WITH_KNOTS((4,4),(3,3),(-7.37257477290143E-18,0.000954242090909045),
(0.,1.),.PIECEWISE_BEZIER_KNOTS.)
GEOMETRIC_REPRESENTATION_ITEM()
RATIONAL_B_SPLINE_SURFACE(((1.,0.742586879630346,1.),(1.,0.733745715752028,
1.),(1.,0.721117915498573,1.),(1.,0.707106781186548,1.)))
REPRESENTATION_ITEM('')
SURFACE()
);
#17=(
BOUNDED_SURFACE()
B_SPLINE_SURFACE(3,2,((#5067,#5068,#5069),(#5070,#5071,#5072),(#5073,#5074,
#5075),(#5076,#5077,#5078)),.UNSPECIFIED.,.F.,.F.,.F.)
B_SPLINE_SURFACE_WITH_KNOTS((4,4),(3,3),(-3.52365706057789E-19,0.0006285118163507),
(0.,1.),.PIECEWISE_BEZIER_KNOTS.)
GEOMETRIC_REPRESENTATION_ITEM()
RATIONAL_B_SPLINE_SURFACE(((1.,0.650866517429807,1.),(1.,0.650866551228078,
1.),(1.,0.679180126005073,1.),(1.,0.707106781186551,1.)))
REPRESENTATION_ITEM('')
SURFACE()
);
#18=(
BOUNDED_SURFACE()
B_SPLINE_SURFACE(3,2,((#5082,#5083,#5084),(#5085,#5086,#5087),(#5088,#5089,
#5090),(#5091,#5092,#5093)),.UNSPECIFIED.,.F.,.F.,.F.)
B_SPLINE_SURFACE_WITH_KNOTS((4,4),(3,3),(2.05998412772246E-18,0.000638252223397534),
(0.,1.),.PIECEWISE_BEZIER_KNOTS.)
GEOMETRIC_REPRESENTATION_ITEM()
RATIONAL_B_SPLINE_SURFACE(((1.,0.650866517429807,1.),(1.,0.685899585045497,
1.),(1.,0.741482206758972,1.),(1.,0.765507734207952,1.)))
REPRESENTATION_ITEM('')
SURFACE()
);
#19=(
BOUNDED_SURFACE()
B_SPLINE_SURFACE(3,2,((#5095,#5096,#5097),(#5098,#5099,#5100),(#5101,#5102,
#5103),(#5104,#5105,#5106)),.UNSPECIFIED.,.F.,.F.,.F.)
B_SPLINE_SURFACE_WITH_KNOTS((4,4),(3,3),(6.14547279058179,6.2173992735354),
(0.,1.),.PIECEWISE_BEZIER_KNOTS.)
GEOMETRIC_REPRESENTATION_ITEM()
RATIONAL_B_SPLINE_SURFACE(((1.,0.765507734207974,1.),(1.,0.765694384231094,
1.),(1.,0.765832515017362,1.),(1.,0.765921848389163,1.)))
REPRESENTATION_ITEM('')
SURFACE()
);
#20=(
BOUNDED_SURFACE()
B_SPLINE_SURFACE(3,2,((#5108,#5109,#5110),(#5111,#5112,#5113),(#5114,#5115,
#5116),(#5117,#5118,#5119)),.UNSPECIFIED.,.F.,.F.,.F.)
B_SPLINE_SURFACE_WITH_KNOTS((4,4),(3,3),(2.49366499671666E-18,0.000628336643403918),
(0.,1.),.PIECEWISE_BEZIER_KNOTS.)
GEOMETRIC_REPRESENTATION_ITEM()
RATIONAL_B_SPLINE_SURFACE(((1.,0.765921848389169,1.),(1.,0.77732366161221,
1.),(1.,0.755946066546031,1.),(1.,0.724662227634963,1.)))
REPRESENTATION_ITEM('')
SURFACE()
);
#21=(
BOUNDED_SURFACE()
B_SPLINE_SURFACE(3,2,((#5123,#5124,#5125),(#5126,#5127,#5128),(#5129,#5130,
#5131),(#5132,#5133,#5134),(#5135,#5136,#5137),(#5138,#5139,#5140)),
 .UNSPECIFIED.,.F.,.F.,.F.)
B_SPLINE_SURFACE_WITH_KNOTS((4,1,1,4),(3,3),(-4.00421613844777E-6,0.000369542239310717,
0.0005563154670353,0.000743088694759882),(0.,1.),.UNSPECIFIED.)
GEOMETRIC_REPRESENTATION_ITEM()
RATIONAL_B_SPLINE_SURFACE(((1.,1.,1.),(1.,1.00000000255787,1.),(1.,0.941919445772098,
1.),(1.,0.779684865879686,1.),(1.,0.724662210264307,1.),(1.,0.724662227634962,
1.)))
REPRESENTATION_ITEM('')
SURFACE()
);
#22=(
BOUNDED_SURFACE()
B_SPLINE_SURFACE(3,2,((#5141,#5142,#5143),(#5144,#5145,#5146),(#5147,#5148,
#5149),(#5150,#5151,#5152),(#5153,#5154,#5155)),.UNSPECIFIED.,.F.,.F.,.F.)
B_SPLINE_SURFACE_WITH_KNOTS((4,1,4),(3,3),(2.05456311686003E-17,0.000510028446305784,
0.00102005689261155),(0.,1.),.UNSPECIFIED.)
GEOMETRIC_REPRESENTATION_ITEM()
RATIONAL_B_SPLINE_SURFACE(((1.,0.742586879630346,1.),(1.,0.819532637553078,
1.),(1.,0.955969487679431,1.),(1.,0.999999999950161,1.),(1.,1.,1.)))
REPRESENTATION_ITEM('')
SURFACE()
);
#23=(
BOUNDED_SURFACE()
B_SPLINE_SURFACE(3,2,((#5157,#5158,#5159),(#5160,#5161,#5162),(#5163,#5164,
#5165),(#5166,#5167,#5168)),.UNSPECIFIED.,.F.,.F.,.F.)
B_SPLINE_SURFACE_WITH_KNOTS((4,4),(3,3),(-7.37257477290143E-18,0.000954242090909045),
(0.,1.),.PIECEWISE_BEZIER_KNOTS.)
GEOMETRIC_REPRESENTATION_ITEM()
RATIONAL_B_SPLINE_SURFACE(((1.,0.742586879630346,1.),(1.,0.733745715752028,
1.),(1.,0.721117915498573,1.),(1.,0.707106781186548,1.)))
REPRESENTATION_ITEM('')
SURFACE()
);
#24=(
BOUNDED_SURFACE()
B_SPLINE_SURFACE(3,2,((#5172,#5173,#5174),(#5175,#5176,#5177),(#5178,#5179,
#5180),(#5181,#5182,#5183)),.UNSPECIFIED.,.F.,.F.,.F.)
B_SPLINE_SURFACE_WITH_KNOTS((4,4),(3,3),(-3.52365706057789E-19,0.0006285118163507),
(0.,1.),.PIECEWISE_BEZIER_KNOTS.)
GEOMETRIC_REPRESENTATION_ITEM()
RATIONAL_B_SPLINE_SURFACE(((1.,0.650866517429807,1.),(1.,0.650866551228078,
1.),(1.,0.679180126005073,1.),(1.,0.707106781186551,1.)))
REPRESENTATION_ITEM('')
SURFACE()
);
#25=(
BOUNDED_SURFACE()
B_SPLINE_SURFACE(3,2,((#5187,#5188,#5189),(#5190,#5191,#5192),(#5193,#5194,
#5195),(#5196,#5197,#5198)),.UNSPECIFIED.,.F.,.F.,.F.)
B_SPLINE_SURFACE_WITH_KNOTS((4,4),(3,3),(9.48676900924816E-19,0.000638252223397522),
(0.,1.),.PIECEWISE_BEZIER_KNOTS.)
GEOMETRIC_REPRESENTATION_ITEM()
RATIONAL_B_SPLINE_SURFACE(((1.,0.650866517429807,1.),(1.,0.685899585048324,
1.),(1.,0.741482206758961,1.),(1.,0.765507734207953,1.)))
REPRESENTATION_ITEM('')
SURFACE()
);
#26=(
BOUNDED_SURFACE()
B_SPLINE_SURFACE(3,2,((#5200,#5201,#5202),(#5203,#5204,#5205),(#5206,#5207,
#5208),(#5209,#5210,#5211)),.UNSPECIFIED.,.F.,.F.,.F.)
B_SPLINE_SURFACE_WITH_KNOTS((4,4),(3,3),(0.0657860336441888,0.1377125165978),
(0.,1.),.PIECEWISE_BEZIER_KNOTS.)
GEOMETRIC_REPRESENTATION_ITEM()
RATIONAL_B_SPLINE_SURFACE(((1.,0.765921848389168,1.),(1.,0.765832515012479,
1.),(1.,0.765694384231094,1.),(1.,0.765507734207974,1.)))
REPRESENTATION_ITEM('')
SURFACE()
);
#27=(
BOUNDED_SURFACE()
B_SPLINE_SURFACE(3,2,((#5213,#5214,#5215),(#5216,#5217,#5218),(#5219,#5220,
#5221),(#5222,#5223,#5224)),.UNSPECIFIED.,.F.,.F.,.F.)
B_SPLINE_SURFACE_WITH_KNOTS((4,4),(3,3),(2.35813972515597E-18,0.000628336643403935),
(0.,1.),.PIECEWISE_BEZIER_KNOTS.)
GEOMETRIC_REPRESENTATION_ITEM()
RATIONAL_B_SPLINE_SURFACE(((1.,0.765921848389169,1.),(1.,0.777323661611927,
1.),(1.,0.755946066546031,1.),(1.,0.724662227634963,1.)))
REPRESENTATION_ITEM('')
SURFACE()
);
#28=(
BOUNDED_SURFACE()
B_SPLINE_SURFACE(3,2,((#5228,#5229,#5230),(#5231,#5232,#5233),(#5234,#5235,
#5236),(#5237,#5238,#5239),(#5240,#5241,#5242),(#5243,#5244,#5245)),
 .UNSPECIFIED.,.F.,.F.,.F.)
B_SPLINE_SURFACE_WITH_KNOTS((4,1,1,4),(3,3),(-4.00421613844777E-6,0.000369542239310717,
0.0005563154670353,0.000743088694759882),(0.,1.),.UNSPECIFIED.)
GEOMETRIC_REPRESENTATION_ITEM()
RATIONAL_B_SPLINE_SURFACE(((1.,1.,1.),(1.,1.00000000255793,1.),(1.,0.941919445772084,
1.),(1.,0.779684865879689,1.),(1.,0.724662210264307,1.),(1.,0.724662227634962,
1.)))
REPRESENTATION_ITEM('')
SURFACE()
);
#29=CONICAL_SURFACE('',#3002,0.0075,0.78539816339745);
#30=CONICAL_SURFACE('',#3055,0.02506,0.78539816339745);
#31=CONICAL_SURFACE('',#3105,0.00610857864376269,0.785398163397448);
#32=SPHERICAL_SURFACE('',#2926,0.0002);
#33=SPHERICAL_SURFACE('',#2927,0.0002);
#34=SPHERICAL_SURFACE('',#2938,0.0002);
#35=SPHERICAL_SURFACE('',#2940,0.0002);
#36=SPHERICAL_SURFACE('',#2942,0.0002);
#37=SPHERICAL_SURFACE('',#2944,0.0002);
#38=SPHERICAL_SURFACE('',#2999,0.0005);
#39=SPHERICAL_SURFACE('',#3120,0.0002);
#40=SPHERICAL_SURFACE('',#3121,0.0002);
#41=SPHERICAL_SURFACE('',#3128,0.0005);
#42=SPHERICAL_SURFACE('',#3129,0.0005);
#43=SPHERICAL_SURFACE('',#3132,0.0005);
#44=SPHERICAL_SURFACE('',#3133,0.0005);
#45=SPHERICAL_SURFACE('',#3142,0.0005);
#46=SPHERICAL_SURFACE('',#3178,0.0002);
#47=SPHERICAL_SURFACE('',#3179,0.0002);
#48=SPHERICAL_SURFACE('',#3186,0.0002);
#49=SPHERICAL_SURFACE('',#3189,0.0002);
#50=TOROIDAL_SURFACE('',#2915,0.02626,0.0002);
#51=TOROIDAL_SURFACE('',#2994,0.00770710678118655,0.0005);
#52=TOROIDAL_SURFACE('',#2996,0.00629289321881345,0.0005);
#53=TOROIDAL_SURFACE('',#3003,0.02626,0.0002);
#54=TOROIDAL_SURFACE('',#3004,0.0248528932188135,0.0005);
#55=TOROIDAL_SURFACE('',#3051,0.02556,0.0005);
#56=TOROIDAL_SURFACE('',#3062,0.02556,0.0005);
#57=TOROIDAL_SURFACE('',#3065,0.0254528932188135,0.0005);
#58=TOROIDAL_SURFACE('',#3066,0.0248528932188135,0.0005);
#59=TOROIDAL_SURFACE('',#3134,0.0306457789200905,0.000500000007907484);
#60=TOROIDAL_SURFACE('',#3135,0.0306457789174987,0.000500000007906098);
#61=TOROIDAL_SURFACE('',#3136,0.00617426406871193,0.0005);
#62=TOROIDAL_SURFACE('',#3143,0.00516005050633883,0.0005);
#63=TOROIDAL_SURFACE('',#3150,0.000832845735923665,0.000500024143516734);
#64=TOROIDAL_SURFACE('',#3151,0.000832816506793606,0.000500044843449079);
#65=TOROIDAL_SURFACE('',#3182,0.0255,0.002);
#66=TOROIDAL_SURFACE('',#3183,0.0265,0.001);
#67=B_SPLINE_CURVE_WITH_KNOTS('',3,(#4055,#4056,#4057,#4058),
 .UNSPECIFIED.,.F.,.F.,(4,4),(0.,0.000633193052659835),.UNSPECIFIED.);
#68=B_SPLINE_CURVE_WITH_KNOTS('',3,(#4070,#4071,#4072,#4073),
 .UNSPECIFIED.,.F.,.F.,(4,4),(0.,0.000954242090909047),.UNSPECIFIED.);
#69=B_SPLINE_CURVE_WITH_KNOTS('',3,(#4082,#4083,#4084,#4085),
 .UNSPECIFIED.,.F.,.F.,(4,4),(0.,0.000628511816350701),.UNSPECIFIED.);
#70=B_SPLINE_CURVE_WITH_KNOTS('',3,(#4089,#4090,#4091,#4092),
 .UNSPECIFIED.,.F.,.F.,(4,4),(0.,0.000966359738505557),.UNSPECIFIED.);
#71=B_SPLINE_CURVE_WITH_KNOTS('',3,(#4116,#4117,#4118,#4119,#4120),
 .UNSPECIFIED.,.F.,.F.,(4,1,4),(0.,0.000257264593497892,0.000514529186995785),
 .UNSPECIFIED.);
#72=B_SPLINE_CURVE_WITH_KNOTS('',3,(#4124,#4125,#4126,#4127,#4128),
 .UNSPECIFIED.,.F.,.F.,(4,1,4),(0.,0.000257264593497892,0.000514529186995785),
 .UNSPECIFIED.);
#73=B_SPLINE_CURVE_WITH_KNOTS('',3,(#4141,#4142,#4143,#4144,#4145),
 .UNSPECIFIED.,.F.,.F.,(4,1,4),(0.,0.000256736536098126,0.000513473072196252),
 .UNSPECIFIED.);
#74=B_SPLINE_CURVE_WITH_KNOTS('',3,(#4160,#4161,#4162,#4163,#4164),
 .UNSPECIFIED.,.F.,.F.,(4,1,4),(0.,0.000256736536098126,0.000513473072196252),
 .UNSPECIFIED.);
#75=B_SPLINE_CURVE_WITH_KNOTS('',3,(#4215,#4216,#4217,#4218),
 .UNSPECIFIED.,.F.,.F.,(4,4),(0.,0.000634841696532339),.UNSPECIFIED.);
#76=B_SPLINE_CURVE_WITH_KNOTS('',3,(#4222,#4223,#4224,#4225),
 .UNSPECIFIED.,.F.,.F.,(4,4),(0.,0.000647036454967938),.UNSPECIFIED.);
#77=B_SPLINE_CURVE_WITH_KNOTS('',3,(#4233,#4234,#4235,#4236),
 .UNSPECIFIED.,.F.,.F.,(4,4),(0.,0.000640610731577262),.UNSPECIFIED.);
#78=B_SPLINE_CURVE_WITH_KNOTS('',3,(#4240,#4241,#4242,#4243),
 .UNSPECIFIED.,.F.,.F.,(4,4),(0.,0.000630821257464944),.UNSPECIFIED.);
#79=B_SPLINE_CURVE_WITH_KNOTS('',3,(#4246,#4247,#4248,#4249),
 .UNSPECIFIED.,.F.,.F.,(4,4),(3.83955715546157,3.85762682522274),
 .UNSPECIFIED.);
#80=B_SPLINE_CURVE_WITH_KNOTS('',3,(#4254,#4255,#4256,#4257),
 .UNSPECIFIED.,.F.,.F.,(4,4),(2.42555848195564,2.44362811059897),
 .UNSPECIFIED.);
#81=B_SPLINE_CURVE_WITH_KNOTS('',3,(#4259,#4260,#4261,#4262),
 .UNSPECIFIED.,.F.,.F.,(4,4),(0.,0.00119743967258532),.UNSPECIFIED.);
#82=B_SPLINE_CURVE_WITH_KNOTS('',3,(#4266,#4267,#4268,#4269),
 .UNSPECIFIED.,.F.,.F.,(4,4),(0.,0.00121115034200834),.UNSPECIFIED.);
#83=B_SPLINE_CURVE_WITH_KNOTS('',3,(#4349,#4350,#4351,#4352),
 .UNSPECIFIED.,.F.,.F.,(4,4),(0.,1.),.UNSPECIFIED.);
#84=B_SPLINE_CURVE_WITH_KNOTS('',3,(#4355,#4356,#4357,#4358),
 .UNSPECIFIED.,.F.,.F.,(4,4),(0.,0.000319537171273623),.UNSPECIFIED.);
#85=B_SPLINE_CURVE_WITH_KNOTS('',3,(#4359,#4360,#4361,#4362),
 .UNSPECIFIED.,.F.,.F.,(4,4),(0.,0.00032207537820574),.UNSPECIFIED.);
#86=B_SPLINE_CURVE_WITH_KNOTS('',3,(#4442,#4443,#4444,#4445),
 .UNSPECIFIED.,.F.,.F.,(4,4),(0.,1.),.UNSPECIFIED.);
#87=B_SPLINE_CURVE_WITH_KNOTS('',3,(#4446,#4447,#4448,#4449),
 .UNSPECIFIED.,.F.,.F.,(4,4),(0.,1.),.UNSPECIFIED.);
#88=B_SPLINE_CURVE_WITH_KNOTS('',3,(#4452,#4453,#4454,#4455),
 .UNSPECIFIED.,.F.,.F.,(4,4),(0.,1.),.UNSPECIFIED.);
#89=B_SPLINE_CURVE_WITH_KNOTS('',3,(#4457,#4458,#4459,#4460,#4461,#4462),
 .UNSPECIFIED.,.F.,.F.,(4,1,1,4),(0.,0.5,0.75,1.),.UNSPECIFIED.);
#90=B_SPLINE_CURVE_WITH_KNOTS('',3,(#4466,#4467,#4468,#4469,#4470,#4471),
 .UNSPECIFIED.,.F.,.F.,(4,1,1,4),(0.,0.25,0.5,1.),.UNSPECIFIED.);
#91=B_SPLINE_CURVE_WITH_KNOTS('',3,(#4473,#4474,#4475,#4476),
 .UNSPECIFIED.,.F.,.F.,(4,4),(0.,1.),.UNSPECIFIED.);
#92=B_SPLINE_CURVE_WITH_KNOTS('',3,(#4478,#4479,#4480,#4481),
 .UNSPECIFIED.,.F.,.F.,(4,4),(2.42555848195564,2.44362812087766),
 .UNSPECIFIED.);
#93=B_SPLINE_CURVE_WITH_KNOTS('',3,(#4486,#4487,#4488,#4489),
 .UNSPECIFIED.,.F.,.F.,(4,4),(3.83955715546157,3.85762679446623),
 .UNSPECIFIED.);
#94=B_SPLINE_CURVE_WITH_KNOTS('',3,(#4491,#4492,#4493,#4494),
 .UNSPECIFIED.,.F.,.F.,(4,4),(5.42101086242752E-19,0.00103494727843089),
 .UNSPECIFIED.);
#95=B_SPLINE_CURVE_WITH_KNOTS('',3,(#4498,#4499,#4500,#4501),
 .UNSPECIFIED.,.F.,.F.,(4,4),(0.,0.00103494723887589),.UNSPECIFIED.);
#96=B_SPLINE_CURVE_WITH_KNOTS('',3,(#4508,#4509,#4510,#4511),
 .UNSPECIFIED.,.F.,.F.,(4,4),(0.,0.000963331652353599),.UNSPECIFIED.);
#97=B_SPLINE_CURVE_WITH_KNOTS('',3,(#4512,#4513,#4514,#4515),
 .UNSPECIFIED.,.F.,.F.,(4,4),(0.,0.000966377093689153),.UNSPECIFIED.);
#98=B_SPLINE_CURVE_WITH_KNOTS('',3,(#4520,#4521,#4522,#4523),
 .UNSPECIFIED.,.F.,.F.,(4,4),(90.,135.),.UNSPECIFIED.);
#99=B_SPLINE_CURVE_WITH_KNOTS('',3,(#4524,#4525,#4526,#4527),
 .UNSPECIFIED.,.F.,.F.,(4,4),(44.9999999999994,90.),.UNSPECIFIED.);
#100=B_SPLINE_CURVE_WITH_KNOTS('',3,(#4747,#4748,#4749,#4750),
 .UNSPECIFIED.,.F.,.F.,(4,4),(1.71642414722834E-10,0.000519327455573324),
 .UNSPECIFIED.);
#101=B_SPLINE_CURVE_WITH_KNOTS('',3,(#4763,#4764,#4765,#4766),
 .UNSPECIFIED.,.F.,.F.,(4,4),(0.,0.000519327283984047),.UNSPECIFIED.);
#102=B_SPLINE_CURVE_WITH_KNOTS('',3,(#4797,#4798,#4799,#4800),
 .UNSPECIFIED.,.F.,.F.,(4,4),(4.33680868994202E-19,0.000341696153870237),
 .UNSPECIFIED.);
#103=B_SPLINE_CURVE_WITH_KNOTS('',3,(#4806,#4807,#4808,#4809),
 .UNSPECIFIED.,.F.,.F.,(4,4),(0.,0.000338540232838689),.UNSPECIFIED.);
#104=B_SPLINE_CURVE_WITH_KNOTS('',3,(#4815,#4816,#4817,#4818),
 .UNSPECIFIED.,.F.,.F.,(4,4),(0.,1.),.UNSPECIFIED.);
#105=B_SPLINE_CURVE_WITH_KNOTS('',3,(#4820,#4821,#4822,#4823),
 .UNSPECIFIED.,.F.,.F.,(4,4),(0.,1.),.UNSPECIFIED.);
#106=B_SPLINE_CURVE_WITH_KNOTS('',3,(#4825,#4826,#4827,#4828),
 .UNSPECIFIED.,.F.,.F.,(4,4),(0.,1.),.UNSPECIFIED.);
#107=B_SPLINE_CURVE_WITH_KNOTS('',3,(#4830,#4831,#4832,#4833),
 .UNSPECIFIED.,.F.,.F.,(4,4),(0.,1.),.UNSPECIFIED.);
#108=B_SPLINE_CURVE_WITH_KNOTS('',3,(#4835,#4836,#4837,#4838),
 .UNSPECIFIED.,.F.,.F.,(4,4),(302.238979316117,360.),.UNSPECIFIED.);
#109=B_SPLINE_CURVE_WITH_KNOTS('',3,(#4840,#4841,#4842,#4843),
 .UNSPECIFIED.,.F.,.F.,(4,4),(180.000000003452,237.761020683884),
 .UNSPECIFIED.);
#110=B_SPLINE_CURVE_WITH_KNOTS('',3,(#4845,#4846,#4847,#4848),
 .UNSPECIFIED.,.F.,.F.,(4,4),(302.802930918624,360.),.UNSPECIFIED.);
#111=B_SPLINE_CURVE_WITH_KNOTS('',3,(#4850,#4851,#4852,#4853),
 .UNSPECIFIED.,.F.,.F.,(4,4),(180.,237.197069084984),.UNSPECIFIED.);
#112=B_SPLINE_CURVE_WITH_KNOTS('',3,(#4897,#4898,#4899,#4900),
 .UNSPECIFIED.,.F.,.F.,(4,4),(0.,1.),.UNSPECIFIED.);
#113=B_SPLINE_CURVE_WITH_KNOTS('',3,(#4905,#4906,#4907,#4908),
 .UNSPECIFIED.,.F.,.F.,(4,4),(0.,0.000475724055233446),.UNSPECIFIED.);
#114=B_SPLINE_CURVE_WITH_KNOTS('',3,(#4910,#4911,#4912,#4913),
 .UNSPECIFIED.,.F.,.F.,(4,4),(0.,1.),.UNSPECIFIED.);
#115=B_SPLINE_CURVE_WITH_KNOTS('',3,(#4915,#4916,#4917,#4918),
 .UNSPECIFIED.,.F.,.F.,(4,4),(0.,1.),.UNSPECIFIED.);
#116=B_SPLINE_CURVE_WITH_KNOTS('',3,(#4920,#4921,#4922,#4923),
 .UNSPECIFIED.,.F.,.F.,(4,4),(0.,0.000478771402695665),.UNSPECIFIED.);
#117=B_SPLINE_CURVE_WITH_KNOTS('',3,(#4975,#4976,#4977,#4978),
 .UNSPECIFIED.,.F.,.F.,(4,4),(0.,0.000321363295747651),.UNSPECIFIED.);
#118=B_SPLINE_CURVE_WITH_KNOTS('',3,(#4984,#4985,#4986,#4987),
 .UNSPECIFIED.,.F.,.F.,(4,4),(0.,0.000318988448920271),.UNSPECIFIED.);
#119=B_SPLINE_CURVE_WITH_KNOTS('',3,(#4990,#4991,#4992,#4993),
 .UNSPECIFIED.,.F.,.F.,(4,4),(0.,0.00080721839086927),.UNSPECIFIED.);
#120=B_SPLINE_CURVE_WITH_KNOTS('',3,(#4995,#4996,#4997,#4998),
 .UNSPECIFIED.,.F.,.F.,(4,4),(0.,0.00087819795589606),.UNSPECIFIED.);
#121=B_SPLINE_CURVE_WITH_KNOTS('',3,(#4999,#5000,#5001,#5002),
 .UNSPECIFIED.,.F.,.F.,(4,4),(0.,0.00087819795589606),.UNSPECIFIED.);
#122=B_SPLINE_CURVE_WITH_KNOTS('',3,(#5004,#5005,#5006,#5007),
 .UNSPECIFIED.,.F.,.F.,(4,4),(0.,0.000798243616097623),.UNSPECIFIED.);
#123=B_SPLINE_CURVE_WITH_KNOTS('',3,(#5009,#5010,#5011,#5012),
 .UNSPECIFIED.,.F.,.F.,(4,4),(0.,0.000889975157354941),.UNSPECIFIED.);
#124=B_SPLINE_CURVE_WITH_KNOTS('',3,(#5032,#5033,#5034,#5035),
 .UNSPECIFIED.,.F.,.F.,(4,4),(0.,0.000889975157354941),.UNSPECIFIED.);
#125=ELLIPSE('',#2910,0.0386080302527854,0.0273);
#126=ELLIPSE('',#2959,0.0264559165294,0.02606);
#127=ELLIPSE('',#2961,0.0264559165294,0.02606);
#128=ELLIPSE('',#3073,0.0387497096763317,0.0275);
#129=ELLIPSE('',#3109,0.0262589321833653,0.02586);
#130=ELLIPSE('',#3111,0.0262589321833653,0.02586);
#131=PLANE('',#2909);
#132=PLANE('',#2911);
#133=PLANE('',#2912);
#134=PLANE('',#2913);
#135=PLANE('',#2950);
#136=PLANE('',#2951);
#137=PLANE('',#2956);
#138=PLANE('',#2957);
#139=PLANE('',#2964);
#140=PLANE('',#2967);
#141=PLANE('',#2970);
#142=PLANE('',#3058);
#143=PLANE('',#3059);
#144=PLANE('',#3069);
#145=PLANE('',#3075);
#146=PLANE('',#3076);
#147=PLANE('',#3077);
#148=PLANE('',#3078);
#149=PLANE('',#3079);
#150=PLANE('',#3080);
#151=PLANE('',#3081);
#152=PLANE('',#3082);
#153=PLANE('',#3083);
#154=PLANE('',#3084);
#155=PLANE('',#3085);
#156=PLANE('',#3086);
#157=PLANE('',#3087);
#158=PLANE('',#3088);
#159=PLANE('',#3089);
#160=PLANE('',#3090);
#161=PLANE('',#3091);
#162=PLANE('',#3092);
#163=PLANE('',#3093);
#164=PLANE('',#3094);
#165=PLANE('',#3095);
#166=PLANE('',#3096);
#167=PLANE('',#3097);
#168=PLANE('',#3098);
#169=PLANE('',#3099);
#170=PLANE('',#3100);
#171=PLANE('',#3101);
#172=PLANE('',#3102);
#173=PLANE('',#3103);
#174=PLANE('',#3104);
#175=PLANE('',#3108);
#176=PLANE('',#3110);
#177=PLANE('',#3124);
#178=PLANE('',#3152);
#179=PLANE('',#3153);
#180=PLANE('',#3154);
#181=PLANE('',#3155);
#182=PLANE('',#3156);
#183=PLANE('',#3157);
#184=PLANE('',#3158);
#185=PLANE('',#3159);
#186=PLANE('',#3160);
#187=PLANE('',#3161);
#188=PLANE('',#3162);
#189=PLANE('',#3163);
#190=PLANE('',#3164);
#191=PLANE('',#3165);
#192=PLANE('',#3166);
#193=PLANE('',#3167);
#194=PLANE('',#3168);
#195=PLANE('',#3169);
#196=PLANE('',#3170);
#197=PLANE('',#3171);
#198=PLANE('',#3172);
#199=PLANE('',#3173);
#200=PLANE('',#3174);
#201=PLANE('',#3175);
#202=CIRCLE('',#2904,0.0002);
#203=CIRCLE('',#2905,0.0002);
#204=CIRCLE('',#2907,0.0002);
#205=CIRCLE('',#2908,0.0002);
#206=CIRCLE('',#2914,0.02626);
#207=CIRCLE('',#2916,0.02606);
#208=CIRCLE('',#2918,0.0002);
#209=CIRCLE('',#2919,0.0002);
#210=CIRCLE('',#2921,0.0002);
#211=CIRCLE('',#2922,0.0002);
#212=CIRCLE('',#2924,0.0002);
#213=CIRCLE('',#2925,0.0002);
#214=CIRCLE('',#2929,0.0002);
#215=CIRCLE('',#2931,0.0002);
#216=CIRCLE('',#2932,0.0002);
#217=CIRCLE('',#2934,0.0002);
#218=CIRCLE('',#2936,0.0002);
#219=CIRCLE('',#2937,0.0002);
#220=CIRCLE('',#2939,0.0002);
#221=CIRCLE('',#2941,0.0002);
#222=CIRCLE('',#2943,0.0002);
#223=CIRCLE('',#2945,0.0002);
#224=CIRCLE('',#2947,0.0002);
#225=CIRCLE('',#2949,0.0002);
#226=CIRCLE('',#2953,0.0002);
#227=CIRCLE('',#2955,0.0002);
#228=CIRCLE('',#2960,0.02606);
#229=CIRCLE('',#2962,0.02606);
#230=CIRCLE('',#2963,0.02606);
#231=CIRCLE('',#2965,0.02626);
#232=CIRCLE('',#2966,0.0265);
#233=CIRCLE('',#2968,0.0255);
#234=CIRCLE('',#2969,0.00770710678118655);
#235=CIRCLE('',#2971,0.0004);
#236=CIRCLE('',#2972,0.0004);
#237=CIRCLE('',#2973,0.0004);
#238=CIRCLE('',#2974,0.0004);
#239=CIRCLE('',#2975,0.0004);
#240=CIRCLE('',#2976,0.0005);
#241=CIRCLE('',#2977,0.0004);
#242=CIRCLE('',#2978,0.0005);
#243=CIRCLE('',#2979,0.0004);
#244=CIRCLE('',#2980,0.0005);
#245=CIRCLE('',#2981,0.0004);
#246=CIRCLE('',#2982,0.0006);
#247=CIRCLE('',#2983,0.0005);
#248=CIRCLE('',#2984,0.0005);
#249=CIRCLE('',#2985,0.0004);
#250=CIRCLE('',#2986,0.0005);
#251=CIRCLE('',#2987,0.0004);
#252=CIRCLE('',#2988,0.0005);
#253=CIRCLE('',#2989,0.0004);
#254=CIRCLE('',#2990,0.0005);
#255=CIRCLE('',#2991,0.0004);
#256=CIRCLE('',#2992,0.0254528932188135);
#257=CIRCLE('',#2993,0.00516005050633883);
#258=CIRCLE('',#2995,0.00735355339059327);
#259=CIRCLE('',#2997,0.00664644660940672);
#260=CIRCLE('',#2998,0.00629289321881345);
#261=CIRCLE('',#3000,0.0005);
#262=CIRCLE('',#3001,0.0005);
#263=CIRCLE('',#3005,0.0248528932188135);
#264=CIRCLE('',#3006,0.0005);
#265=CIRCLE('',#3007,0.0252064466094068);
#266=CIRCLE('',#3008,0.0005);
#267=CIRCLE('',#3010,0.0004);
#268=CIRCLE('',#3012,0.0005);
#269=CIRCLE('',#3014,0.0004);
#270=CIRCLE('',#3016,0.0005);
#271=CIRCLE('',#3018,0.0004);
#272=CIRCLE('',#3020,0.0005);
#273=CIRCLE('',#3022,0.0004);
#274=CIRCLE('',#3024,0.0005);
#275=CIRCLE('',#3026,0.0005);
#276=CIRCLE('',#3028,0.0006);
#277=CIRCLE('',#3030,0.0004);
#278=CIRCLE('',#3032,0.0005);
#279=CIRCLE('',#3034,0.0004);
#280=CIRCLE('',#3036,0.0005);
#281=CIRCLE('',#3038,0.0004);
#282=CIRCLE('',#3040,0.0005);
#283=CIRCLE('',#3042,0.0004);
#284=CIRCLE('',#3044,0.0004);
#285=CIRCLE('',#3046,0.0004);
#286=CIRCLE('',#3048,0.0004);
#287=CIRCLE('',#3050,0.0004);
#288=CIRCLE('',#3052,0.0005);
#289=CIRCLE('',#3053,0.0259135533905933);
#290=CIRCLE('',#3054,0.0005);
#291=CIRCLE('',#3056,0.0252064466094068);
#292=CIRCLE('',#3057,0.0258064466094068);
#293=CIRCLE('',#3060,0.02556);
#294=CIRCLE('',#3063,0.0005);
#295=CIRCLE('',#3064,0.0005);
#296=CIRCLE('',#3067,0.0005);
#297=CIRCLE('',#3068,0.0248528932188135);
#298=CIRCLE('',#3070,0.00617426406871193);
#299=CIRCLE('',#3072,0.0275);
#300=CIRCLE('',#3074,0.0275);
#301=CIRCLE('',#3106,0.00582071067811866);
#302=CIRCLE('',#3107,0.00551360389693211);
#303=CIRCLE('',#3113,0.0002);
#304=CIRCLE('',#3114,0.0002);
#305=CIRCLE('',#3116,0.0002);
#306=CIRCLE('',#3117,0.0002);
#307=CIRCLE('',#3119,0.0002);
#308=CIRCLE('',#3122,0.0002);
#309=CIRCLE('',#3126,0.0005);
#310=CIRCLE('',#3127,0.0005);
#311=CIRCLE('',#3137,0.0005);
#312=CIRCLE('',#3138,0.0005);
#313=CIRCLE('',#3141,0.0005);
#314=CIRCLE('',#3144,0.0005);
#315=CIRCLE('',#3145,0.0005);
#316=CIRCLE('',#3177,0.0002);
#317=CIRCLE('',#3180,0.0002);
#318=CIRCLE('',#3185,0.0002);
#319=CIRCLE('',#3187,0.0002);
#320=CIRCLE('',#3188,0.0002);
#321=CIRCLE('',#3190,0.0002);
#322=CIRCLE('',#3192,0.0002);
#323=CIRCLE('',#3193,0.0002);
#324=CIRCLE('',#3195,0.0002);
#325=CIRCLE('',#3196,0.0002);
#326=CIRCLE('',#3198,0.0002);
#327=CIRCLE('',#3199,0.0002);
#328=CIRCLE('',#3200,0.0002);
#329=CIRCLE('',#3201,0.0002);
#330=CIRCLE('',#3203,0.0002);
#331=CIRCLE('',#3204,0.0002);
#332=CIRCLE('',#3205,0.0002);
#333=CIRCLE('',#3207,0.0002);
#334=CIRCLE('',#3208,0.0002);
#335=CIRCLE('',#3210,0.0002);
#336=CIRCLE('',#3211,0.0002);
#337=CIRCLE('',#3212,0.0002);
#338=CIRCLE('',#3213,0.0002);
#339=CIRCLE('',#3215,0.0002);
#340=ORIENTED_EDGE('',*,*,#1120,.F.);
#341=ORIENTED_EDGE('',*,*,#1121,.T.);
#342=ORIENTED_EDGE('',*,*,#1122,.F.);
#343=ORIENTED_EDGE('',*,*,#1123,.F.);
#344=ORIENTED_EDGE('',*,*,#1124,.F.);
#345=ORIENTED_EDGE('',*,*,#1125,.T.);
#346=ORIENTED_EDGE('',*,*,#1126,.F.);
#347=ORIENTED_EDGE('',*,*,#1127,.F.);
#348=ORIENTED_EDGE('',*,*,#1126,.T.);
#349=ORIENTED_EDGE('',*,*,#1128,.T.);
#350=ORIENTED_EDGE('',*,*,#1120,.T.);
#351=ORIENTED_EDGE('',*,*,#1129,.T.);
#352=ORIENTED_EDGE('',*,*,#1130,.T.);
#353=ORIENTED_EDGE('',*,*,#1131,.T.);
#354=ORIENTED_EDGE('',*,*,#1132,.T.);
#355=ORIENTED_EDGE('',*,*,#1133,.T.);
#356=ORIENTED_EDGE('',*,*,#1134,.T.);
#357=ORIENTED_EDGE('',*,*,#1122,.T.);
#358=ORIENTED_EDGE('',*,*,#1135,.T.);
#359=ORIENTED_EDGE('',*,*,#1136,.T.);
#360=ORIENTED_EDGE('',*,*,#1137,.T.);
#361=ORIENTED_EDGE('',*,*,#1138,.T.);
#362=ORIENTED_EDGE('',*,*,#1139,.T.);
#363=ORIENTED_EDGE('',*,*,#1140,.T.);
#364=ORIENTED_EDGE('',*,*,#1141,.T.);
#365=ORIENTED_EDGE('',*,*,#1142,.T.);
#366=ORIENTED_EDGE('',*,*,#1143,.T.);
#367=ORIENTED_EDGE('',*,*,#1124,.T.);
#368=ORIENTED_EDGE('',*,*,#1144,.T.);
#369=ORIENTED_EDGE('',*,*,#1145,.T.);
#370=ORIENTED_EDGE('',*,*,#1146,.T.);
#371=ORIENTED_EDGE('',*,*,#1147,.T.);
#372=ORIENTED_EDGE('',*,*,#1148,.T.);
#373=ORIENTED_EDGE('',*,*,#1149,.T.);
#374=ORIENTED_EDGE('',*,*,#1150,.F.);
#375=ORIENTED_EDGE('',*,*,#1151,.T.);
#376=ORIENTED_EDGE('',*,*,#1152,.T.);
#377=ORIENTED_EDGE('',*,*,#1153,.T.);
#378=ORIENTED_EDGE('',*,*,#1148,.F.);
#379=ORIENTED_EDGE('',*,*,#1154,.T.);
#380=ORIENTED_EDGE('',*,*,#1155,.F.);
#381=ORIENTED_EDGE('',*,*,#1156,.T.);
#382=ORIENTED_EDGE('',*,*,#1157,.T.);
#383=ORIENTED_EDGE('',*,*,#1144,.F.);
#384=ORIENTED_EDGE('',*,*,#1158,.F.);
#385=ORIENTED_EDGE('',*,*,#1151,.F.);
#386=ORIENTED_EDGE('',*,*,#1159,.F.);
#387=ORIENTED_EDGE('',*,*,#1153,.F.);
#388=ORIENTED_EDGE('',*,*,#1160,.T.);
#389=ORIENTED_EDGE('',*,*,#1134,.F.);
#390=ORIENTED_EDGE('',*,*,#1161,.T.);
#391=ORIENTED_EDGE('',*,*,#1129,.F.);
#392=ORIENTED_EDGE('',*,*,#1162,.F.);
#393=ORIENTED_EDGE('',*,*,#1152,.F.);
#394=ORIENTED_EDGE('',*,*,#1158,.T.);
#395=ORIENTED_EDGE('',*,*,#1127,.T.);
#396=ORIENTED_EDGE('',*,*,#1161,.F.);
#397=ORIENTED_EDGE('',*,*,#1162,.T.);
#398=ORIENTED_EDGE('',*,*,#1123,.T.);
#399=ORIENTED_EDGE('',*,*,#1160,.F.);
#400=ORIENTED_EDGE('',*,*,#1149,.F.);
#401=ORIENTED_EDGE('',*,*,#1163,.T.);
#402=ORIENTED_EDGE('',*,*,#1164,.F.);
#403=ORIENTED_EDGE('',*,*,#1165,.T.);
#404=ORIENTED_EDGE('',*,*,#1150,.T.);
#405=ORIENTED_EDGE('',*,*,#1166,.T.);
#406=ORIENTED_EDGE('',*,*,#1167,.T.);
#407=ORIENTED_EDGE('',*,*,#1168,.T.);
#408=ORIENTED_EDGE('',*,*,#1169,.F.);
#409=ORIENTED_EDGE('',*,*,#1170,.T.);
#410=ORIENTED_EDGE('',*,*,#1147,.F.);
#411=ORIENTED_EDGE('',*,*,#1171,.F.);
#412=ORIENTED_EDGE('',*,*,#1172,.F.);
#413=ORIENTED_EDGE('',*,*,#1173,.T.);
#414=ORIENTED_EDGE('',*,*,#1146,.F.);
#415=ORIENTED_EDGE('',*,*,#1174,.T.);
#416=ORIENTED_EDGE('',*,*,#1168,.F.);
#417=ORIENTED_EDGE('',*,*,#1175,.T.);
#418=ORIENTED_EDGE('',*,*,#1157,.F.);
#419=ORIENTED_EDGE('',*,*,#1174,.F.);
#420=ORIENTED_EDGE('',*,*,#1159,.T.);
#421=ORIENTED_EDGE('',*,*,#1176,.F.);
#422=ORIENTED_EDGE('',*,*,#1177,.T.);
#423=ORIENTED_EDGE('',*,*,#1166,.F.);
#424=ORIENTED_EDGE('',*,*,#1165,.F.);
#425=ORIENTED_EDGE('',*,*,#1171,.T.);
#426=ORIENTED_EDGE('',*,*,#1173,.F.);
#427=ORIENTED_EDGE('',*,*,#1178,.F.);
#428=ORIENTED_EDGE('',*,*,#1179,.F.);
#429=ORIENTED_EDGE('',*,*,#1180,.F.);
#430=ORIENTED_EDGE('',*,*,#1181,.F.);
#431=ORIENTED_EDGE('',*,*,#1178,.T.);
#432=ORIENTED_EDGE('',*,*,#1133,.F.);
#433=ORIENTED_EDGE('',*,*,#1182,.F.);
#434=ORIENTED_EDGE('',*,*,#1183,.F.);
#435=ORIENTED_EDGE('',*,*,#1176,.T.);
#436=ORIENTED_EDGE('',*,*,#1183,.T.);
#437=ORIENTED_EDGE('',*,*,#1184,.T.);
#438=ORIENTED_EDGE('',*,*,#1179,.T.);
#439=ORIENTED_EDGE('',*,*,#1172,.T.);
#440=ORIENTED_EDGE('',*,*,#1185,.T.);
#441=ORIENTED_EDGE('',*,*,#1186,.T.);
#442=ORIENTED_EDGE('',*,*,#1169,.T.);
#443=ORIENTED_EDGE('',*,*,#1181,.T.);
#444=ORIENTED_EDGE('',*,*,#1187,.F.);
#445=ORIENTED_EDGE('',*,*,#1188,.T.);
#446=ORIENTED_EDGE('',*,*,#1145,.F.);
#447=ORIENTED_EDGE('',*,*,#1175,.F.);
#448=ORIENTED_EDGE('',*,*,#1189,.F.);
#449=ORIENTED_EDGE('',*,*,#1190,.T.);
#450=ORIENTED_EDGE('',*,*,#1191,.F.);
#451=ORIENTED_EDGE('',*,*,#1177,.F.);
#452=ORIENTED_EDGE('',*,*,#1191,.T.);
#453=ORIENTED_EDGE('',*,*,#1192,.F.);
#454=ORIENTED_EDGE('',*,*,#1187,.T.);
#455=ORIENTED_EDGE('',*,*,#1167,.F.);
#456=ORIENTED_EDGE('',*,*,#1164,.T.);
#457=ORIENTED_EDGE('',*,*,#1193,.T.);
#458=ORIENTED_EDGE('',*,*,#1194,.T.);
#459=ORIENTED_EDGE('',*,*,#1189,.T.);
#460=ORIENTED_EDGE('',*,*,#1155,.T.);
#461=ORIENTED_EDGE('',*,*,#1195,.T.);
#462=ORIENTED_EDGE('',*,*,#1196,.T.);
#463=ORIENTED_EDGE('',*,*,#1197,.T.);
#464=ORIENTED_EDGE('',*,*,#1198,.T.);
#465=ORIENTED_EDGE('',*,*,#1199,.T.);
#466=ORIENTED_EDGE('',*,*,#1200,.T.);
#467=ORIENTED_EDGE('',*,*,#1201,.T.);
#468=ORIENTED_EDGE('',*,*,#1202,.T.);
#469=ORIENTED_EDGE('',*,*,#1203,.T.);
#470=ORIENTED_EDGE('',*,*,#1204,.T.);
#471=ORIENTED_EDGE('',*,*,#1205,.T.);
#472=ORIENTED_EDGE('',*,*,#1206,.T.);
#473=ORIENTED_EDGE('',*,*,#1207,.T.);
#474=ORIENTED_EDGE('',*,*,#1208,.T.);
#475=ORIENTED_EDGE('',*,*,#1209,.F.);
#476=ORIENTED_EDGE('',*,*,#1210,.T.);
#477=ORIENTED_EDGE('',*,*,#1211,.F.);
#478=ORIENTED_EDGE('',*,*,#1212,.T.);
#479=ORIENTED_EDGE('',*,*,#1213,.T.);
#480=ORIENTED_EDGE('',*,*,#1214,.T.);
#481=ORIENTED_EDGE('',*,*,#1215,.T.);
#482=ORIENTED_EDGE('',*,*,#1216,.T.);
#483=ORIENTED_EDGE('',*,*,#1217,.T.);
#484=ORIENTED_EDGE('',*,*,#1218,.F.);
#485=ORIENTED_EDGE('',*,*,#1219,.F.);
#486=ORIENTED_EDGE('',*,*,#1220,.F.);
#487=ORIENTED_EDGE('',*,*,#1221,.F.);
#488=ORIENTED_EDGE('',*,*,#1222,.F.);
#489=ORIENTED_EDGE('',*,*,#1223,.F.);
#490=ORIENTED_EDGE('',*,*,#1224,.F.);
#491=ORIENTED_EDGE('',*,*,#1225,.F.);
#492=ORIENTED_EDGE('',*,*,#1226,.F.);
#493=ORIENTED_EDGE('',*,*,#1227,.F.);
#494=ORIENTED_EDGE('',*,*,#1228,.F.);
#495=ORIENTED_EDGE('',*,*,#1229,.F.);
#496=ORIENTED_EDGE('',*,*,#1230,.F.);
#497=ORIENTED_EDGE('',*,*,#1231,.F.);
#498=ORIENTED_EDGE('',*,*,#1232,.F.);
#499=ORIENTED_EDGE('',*,*,#1233,.F.);
#500=ORIENTED_EDGE('',*,*,#1234,.F.);
#501=ORIENTED_EDGE('',*,*,#1235,.F.);
#502=ORIENTED_EDGE('',*,*,#1236,.F.);
#503=ORIENTED_EDGE('',*,*,#1237,.F.);
#504=ORIENTED_EDGE('',*,*,#1238,.F.);
#505=ORIENTED_EDGE('',*,*,#1239,.T.);
#506=ORIENTED_EDGE('',*,*,#1240,.T.);
#507=ORIENTED_EDGE('',*,*,#1241,.T.);
#508=ORIENTED_EDGE('',*,*,#1242,.T.);
#509=ORIENTED_EDGE('',*,*,#1243,.F.);
#510=ORIENTED_EDGE('',*,*,#1217,.F.);
#511=ORIENTED_EDGE('',*,*,#1244,.F.);
#512=ORIENTED_EDGE('',*,*,#1245,.F.);
#513=ORIENTED_EDGE('',*,*,#1246,.F.);
#514=ORIENTED_EDGE('',*,*,#1247,.T.);
#515=ORIENTED_EDGE('',*,*,#1248,.F.);
#516=ORIENTED_EDGE('',*,*,#1243,.T.);
#517=ORIENTED_EDGE('',*,*,#1244,.T.);
#518=ORIENTED_EDGE('',*,*,#1200,.F.);
#519=ORIENTED_EDGE('',*,*,#1249,.T.);
#520=ORIENTED_EDGE('',*,*,#1212,.F.);
#521=ORIENTED_EDGE('',*,*,#1250,.T.);
#522=ORIENTED_EDGE('',*,*,#1251,.F.);
#523=ORIENTED_EDGE('',*,*,#1252,.T.);
#524=ORIENTED_EDGE('',*,*,#1253,.F.);
#525=ORIENTED_EDGE('',*,*,#1254,.T.);
#526=ORIENTED_EDGE('',*,*,#1238,.T.);
#527=ORIENTED_EDGE('',*,*,#1255,.F.);
#528=ORIENTED_EDGE('',*,*,#1237,.T.);
#529=ORIENTED_EDGE('',*,*,#1256,.F.);
#530=ORIENTED_EDGE('',*,*,#1236,.T.);
#531=ORIENTED_EDGE('',*,*,#1257,.F.);
#532=ORIENTED_EDGE('',*,*,#1235,.T.);
#533=ORIENTED_EDGE('',*,*,#1258,.F.);
#534=ORIENTED_EDGE('',*,*,#1234,.T.);
#535=ORIENTED_EDGE('',*,*,#1259,.F.);
#536=ORIENTED_EDGE('',*,*,#1233,.T.);
#537=ORIENTED_EDGE('',*,*,#1260,.F.);
#538=ORIENTED_EDGE('',*,*,#1232,.T.);
#539=ORIENTED_EDGE('',*,*,#1261,.F.);
#540=ORIENTED_EDGE('',*,*,#1231,.T.);
#541=ORIENTED_EDGE('',*,*,#1262,.F.);
#542=ORIENTED_EDGE('',*,*,#1230,.T.);
#543=ORIENTED_EDGE('',*,*,#1263,.F.);
#544=ORIENTED_EDGE('',*,*,#1229,.T.);
#545=ORIENTED_EDGE('',*,*,#1264,.F.);
#546=ORIENTED_EDGE('',*,*,#1228,.T.);
#547=ORIENTED_EDGE('',*,*,#1265,.F.);
#548=ORIENTED_EDGE('',*,*,#1227,.T.);
#549=ORIENTED_EDGE('',*,*,#1266,.F.);
#550=ORIENTED_EDGE('',*,*,#1226,.T.);
#551=ORIENTED_EDGE('',*,*,#1267,.F.);
#552=ORIENTED_EDGE('',*,*,#1225,.T.);
#553=ORIENTED_EDGE('',*,*,#1268,.F.);
#554=ORIENTED_EDGE('',*,*,#1224,.T.);
#555=ORIENTED_EDGE('',*,*,#1269,.F.);
#556=ORIENTED_EDGE('',*,*,#1223,.T.);
#557=ORIENTED_EDGE('',*,*,#1270,.F.);
#558=ORIENTED_EDGE('',*,*,#1222,.T.);
#559=ORIENTED_EDGE('',*,*,#1271,.F.);
#560=ORIENTED_EDGE('',*,*,#1221,.T.);
#561=ORIENTED_EDGE('',*,*,#1272,.F.);
#562=ORIENTED_EDGE('',*,*,#1220,.T.);
#563=ORIENTED_EDGE('',*,*,#1273,.F.);
#564=ORIENTED_EDGE('',*,*,#1219,.T.);
#565=ORIENTED_EDGE('',*,*,#1274,.F.);
#566=ORIENTED_EDGE('',*,*,#1218,.T.);
#567=ORIENTED_EDGE('',*,*,#1275,.F.);
#568=ORIENTED_EDGE('',*,*,#1207,.F.);
#569=ORIENTED_EDGE('',*,*,#1276,.T.);
#570=ORIENTED_EDGE('',*,*,#1277,.F.);
#571=ORIENTED_EDGE('',*,*,#1278,.T.);
#572=ORIENTED_EDGE('',*,*,#1253,.T.);
#573=ORIENTED_EDGE('',*,*,#1279,.T.);
#574=ORIENTED_EDGE('',*,*,#1277,.T.);
#575=ORIENTED_EDGE('',*,*,#1280,.T.);
#576=ORIENTED_EDGE('',*,*,#1281,.T.);
#577=ORIENTED_EDGE('',*,*,#1282,.T.);
#578=ORIENTED_EDGE('',*,*,#1283,.F.);
#579=ORIENTED_EDGE('',*,*,#1284,.T.);
#580=ORIENTED_EDGE('',*,*,#1285,.F.);
#581=ORIENTED_EDGE('',*,*,#1286,.T.);
#582=ORIENTED_EDGE('',*,*,#1287,.T.);
#583=ORIENTED_EDGE('',*,*,#1288,.T.);
#584=ORIENTED_EDGE('',*,*,#1289,.T.);
#585=ORIENTED_EDGE('',*,*,#1290,.T.);
#586=ORIENTED_EDGE('',*,*,#1291,.T.);
#587=ORIENTED_EDGE('',*,*,#1292,.T.);
#588=ORIENTED_EDGE('',*,*,#1293,.T.);
#589=ORIENTED_EDGE('',*,*,#1294,.T.);
#590=ORIENTED_EDGE('',*,*,#1288,.F.);
#591=ORIENTED_EDGE('',*,*,#1295,.F.);
#592=ORIENTED_EDGE('',*,*,#1294,.F.);
#593=ORIENTED_EDGE('',*,*,#1296,.F.);
#594=ORIENTED_EDGE('',*,*,#1297,.T.);
#595=ORIENTED_EDGE('',*,*,#1210,.F.);
#596=ORIENTED_EDGE('',*,*,#1298,.T.);
#597=ORIENTED_EDGE('',*,*,#1293,.F.);
#598=ORIENTED_EDGE('',*,*,#1240,.F.);
#599=ORIENTED_EDGE('',*,*,#1299,.T.);
#600=ORIENTED_EDGE('',*,*,#1284,.F.);
#601=ORIENTED_EDGE('',*,*,#1300,.T.);
#602=ORIENTED_EDGE('',*,*,#1281,.F.);
#603=ORIENTED_EDGE('',*,*,#1301,.T.);
#604=ORIENTED_EDGE('',*,*,#1302,.F.);
#605=ORIENTED_EDGE('',*,*,#1246,.T.);
#606=ORIENTED_EDGE('',*,*,#1302,.T.);
#607=ORIENTED_EDGE('',*,*,#1303,.T.);
#608=ORIENTED_EDGE('',*,*,#1251,.T.);
#609=ORIENTED_EDGE('',*,*,#1304,.T.);
#610=ORIENTED_EDGE('',*,*,#1305,.T.);
#611=ORIENTED_EDGE('',*,*,#1306,.T.);
#612=ORIENTED_EDGE('',*,*,#1307,.F.);
#613=ORIENTED_EDGE('',*,*,#1308,.F.);
#614=ORIENTED_EDGE('',*,*,#1309,.F.);
#615=ORIENTED_EDGE('',*,*,#1310,.F.);
#616=ORIENTED_EDGE('',*,*,#1311,.F.);
#617=ORIENTED_EDGE('',*,*,#1312,.F.);
#618=ORIENTED_EDGE('',*,*,#1313,.T.);
#619=ORIENTED_EDGE('',*,*,#1314,.T.);
#620=ORIENTED_EDGE('',*,*,#1315,.T.);
#621=ORIENTED_EDGE('',*,*,#1316,.T.);
#622=ORIENTED_EDGE('',*,*,#1317,.T.);
#623=ORIENTED_EDGE('',*,*,#1318,.T.);
#624=ORIENTED_EDGE('',*,*,#1319,.T.);
#625=ORIENTED_EDGE('',*,*,#1320,.T.);
#626=ORIENTED_EDGE('',*,*,#1321,.T.);
#627=ORIENTED_EDGE('',*,*,#1322,.T.);
#628=ORIENTED_EDGE('',*,*,#1323,.T.);
#629=ORIENTED_EDGE('',*,*,#1324,.T.);
#630=ORIENTED_EDGE('',*,*,#1325,.F.);
#631=ORIENTED_EDGE('',*,*,#1326,.F.);
#632=ORIENTED_EDGE('',*,*,#1327,.F.);
#633=ORIENTED_EDGE('',*,*,#1328,.F.);
#634=ORIENTED_EDGE('',*,*,#1329,.F.);
#635=ORIENTED_EDGE('',*,*,#1330,.F.);
#636=ORIENTED_EDGE('',*,*,#1331,.T.);
#637=ORIENTED_EDGE('',*,*,#1332,.T.);
#638=ORIENTED_EDGE('',*,*,#1333,.T.);
#639=ORIENTED_EDGE('',*,*,#1334,.T.);
#640=ORIENTED_EDGE('',*,*,#1335,.T.);
#641=ORIENTED_EDGE('',*,*,#1336,.F.);
#642=ORIENTED_EDGE('',*,*,#1337,.T.);
#643=ORIENTED_EDGE('',*,*,#1338,.T.);
#644=ORIENTED_EDGE('',*,*,#1307,.T.);
#645=ORIENTED_EDGE('',*,*,#1339,.F.);
#646=ORIENTED_EDGE('',*,*,#1340,.T.);
#647=ORIENTED_EDGE('',*,*,#1336,.T.);
#648=ORIENTED_EDGE('',*,*,#1312,.T.);
#649=ORIENTED_EDGE('',*,*,#1341,.F.);
#650=ORIENTED_EDGE('',*,*,#1342,.T.);
#651=ORIENTED_EDGE('',*,*,#1339,.T.);
#652=ORIENTED_EDGE('',*,*,#1311,.T.);
#653=ORIENTED_EDGE('',*,*,#1343,.F.);
#654=ORIENTED_EDGE('',*,*,#1344,.T.);
#655=ORIENTED_EDGE('',*,*,#1341,.T.);
#656=ORIENTED_EDGE('',*,*,#1310,.T.);
#657=ORIENTED_EDGE('',*,*,#1345,.F.);
#658=ORIENTED_EDGE('',*,*,#1346,.T.);
#659=ORIENTED_EDGE('',*,*,#1343,.T.);
#660=ORIENTED_EDGE('',*,*,#1309,.T.);
#661=ORIENTED_EDGE('',*,*,#1338,.F.);
#662=ORIENTED_EDGE('',*,*,#1347,.T.);
#663=ORIENTED_EDGE('',*,*,#1345,.T.);
#664=ORIENTED_EDGE('',*,*,#1308,.T.);
#665=ORIENTED_EDGE('',*,*,#1348,.T.);
#666=ORIENTED_EDGE('',*,*,#1349,.T.);
#667=ORIENTED_EDGE('',*,*,#1350,.T.);
#668=ORIENTED_EDGE('',*,*,#1351,.T.);
#669=ORIENTED_EDGE('',*,*,#1352,.T.);
#670=ORIENTED_EDGE('',*,*,#1353,.T.);
#671=ORIENTED_EDGE('',*,*,#1354,.F.);
#672=ORIENTED_EDGE('',*,*,#1355,.T.);
#673=ORIENTED_EDGE('',*,*,#1356,.T.);
#674=ORIENTED_EDGE('',*,*,#1313,.F.);
#675=ORIENTED_EDGE('',*,*,#1356,.F.);
#676=ORIENTED_EDGE('',*,*,#1357,.T.);
#677=ORIENTED_EDGE('',*,*,#1358,.T.);
#678=ORIENTED_EDGE('',*,*,#1314,.F.);
#679=ORIENTED_EDGE('',*,*,#1358,.F.);
#680=ORIENTED_EDGE('',*,*,#1359,.T.);
#681=ORIENTED_EDGE('',*,*,#1360,.T.);
#682=ORIENTED_EDGE('',*,*,#1315,.F.);
#683=ORIENTED_EDGE('',*,*,#1360,.F.);
#684=ORIENTED_EDGE('',*,*,#1361,.T.);
#685=ORIENTED_EDGE('',*,*,#1362,.T.);
#686=ORIENTED_EDGE('',*,*,#1316,.F.);
#687=ORIENTED_EDGE('',*,*,#1362,.F.);
#688=ORIENTED_EDGE('',*,*,#1363,.T.);
#689=ORIENTED_EDGE('',*,*,#1364,.T.);
#690=ORIENTED_EDGE('',*,*,#1317,.F.);
#691=ORIENTED_EDGE('',*,*,#1364,.F.);
#692=ORIENTED_EDGE('',*,*,#1365,.T.);
#693=ORIENTED_EDGE('',*,*,#1354,.T.);
#694=ORIENTED_EDGE('',*,*,#1318,.F.);
#695=ORIENTED_EDGE('',*,*,#1366,.T.);
#696=ORIENTED_EDGE('',*,*,#1367,.T.);
#697=ORIENTED_EDGE('',*,*,#1368,.T.);
#698=ORIENTED_EDGE('',*,*,#1369,.T.);
#699=ORIENTED_EDGE('',*,*,#1370,.T.);
#700=ORIENTED_EDGE('',*,*,#1371,.T.);
#701=ORIENTED_EDGE('',*,*,#1372,.F.);
#702=ORIENTED_EDGE('',*,*,#1373,.T.);
#703=ORIENTED_EDGE('',*,*,#1374,.T.);
#704=ORIENTED_EDGE('',*,*,#1319,.F.);
#705=ORIENTED_EDGE('',*,*,#1374,.F.);
#706=ORIENTED_EDGE('',*,*,#1375,.T.);
#707=ORIENTED_EDGE('',*,*,#1376,.T.);
#708=ORIENTED_EDGE('',*,*,#1320,.F.);
#709=ORIENTED_EDGE('',*,*,#1376,.F.);
#710=ORIENTED_EDGE('',*,*,#1377,.T.);
#711=ORIENTED_EDGE('',*,*,#1378,.T.);
#712=ORIENTED_EDGE('',*,*,#1321,.F.);
#713=ORIENTED_EDGE('',*,*,#1378,.F.);
#714=ORIENTED_EDGE('',*,*,#1379,.T.);
#715=ORIENTED_EDGE('',*,*,#1380,.T.);
#716=ORIENTED_EDGE('',*,*,#1322,.F.);
#717=ORIENTED_EDGE('',*,*,#1380,.F.);
#718=ORIENTED_EDGE('',*,*,#1381,.T.);
#719=ORIENTED_EDGE('',*,*,#1382,.T.);
#720=ORIENTED_EDGE('',*,*,#1323,.F.);
#721=ORIENTED_EDGE('',*,*,#1382,.F.);
#722=ORIENTED_EDGE('',*,*,#1383,.T.);
#723=ORIENTED_EDGE('',*,*,#1372,.T.);
#724=ORIENTED_EDGE('',*,*,#1324,.F.);
#725=ORIENTED_EDGE('',*,*,#1384,.T.);
#726=ORIENTED_EDGE('',*,*,#1385,.T.);
#727=ORIENTED_EDGE('',*,*,#1386,.T.);
#728=ORIENTED_EDGE('',*,*,#1387,.T.);
#729=ORIENTED_EDGE('',*,*,#1388,.T.);
#730=ORIENTED_EDGE('',*,*,#1389,.T.);
#731=ORIENTED_EDGE('',*,*,#1390,.F.);
#732=ORIENTED_EDGE('',*,*,#1391,.T.);
#733=ORIENTED_EDGE('',*,*,#1392,.T.);
#734=ORIENTED_EDGE('',*,*,#1325,.T.);
#735=ORIENTED_EDGE('',*,*,#1393,.F.);
#736=ORIENTED_EDGE('',*,*,#1394,.T.);
#737=ORIENTED_EDGE('',*,*,#1390,.T.);
#738=ORIENTED_EDGE('',*,*,#1330,.T.);
#739=ORIENTED_EDGE('',*,*,#1395,.F.);
#740=ORIENTED_EDGE('',*,*,#1396,.T.);
#741=ORIENTED_EDGE('',*,*,#1393,.T.);
#742=ORIENTED_EDGE('',*,*,#1329,.T.);
#743=ORIENTED_EDGE('',*,*,#1397,.F.);
#744=ORIENTED_EDGE('',*,*,#1398,.T.);
#745=ORIENTED_EDGE('',*,*,#1395,.T.);
#746=ORIENTED_EDGE('',*,*,#1328,.T.);
#747=ORIENTED_EDGE('',*,*,#1399,.F.);
#748=ORIENTED_EDGE('',*,*,#1400,.T.);
#749=ORIENTED_EDGE('',*,*,#1397,.T.);
#750=ORIENTED_EDGE('',*,*,#1327,.T.);
#751=ORIENTED_EDGE('',*,*,#1392,.F.);
#752=ORIENTED_EDGE('',*,*,#1401,.T.);
#753=ORIENTED_EDGE('',*,*,#1399,.T.);
#754=ORIENTED_EDGE('',*,*,#1326,.T.);
#755=ORIENTED_EDGE('',*,*,#1402,.T.);
#756=ORIENTED_EDGE('',*,*,#1403,.T.);
#757=ORIENTED_EDGE('',*,*,#1404,.T.);
#758=ORIENTED_EDGE('',*,*,#1405,.T.);
#759=ORIENTED_EDGE('',*,*,#1406,.T.);
#760=ORIENTED_EDGE('',*,*,#1407,.T.);
#761=ORIENTED_EDGE('',*,*,#1408,.T.);
#762=ORIENTED_EDGE('',*,*,#1409,.T.);
#763=ORIENTED_EDGE('',*,*,#1410,.T.);
#764=ORIENTED_EDGE('',*,*,#1411,.T.);
#765=ORIENTED_EDGE('',*,*,#1412,.T.);
#766=ORIENTED_EDGE('',*,*,#1413,.T.);
#767=ORIENTED_EDGE('',*,*,#1414,.T.);
#768=ORIENTED_EDGE('',*,*,#1415,.T.);
#769=ORIENTED_EDGE('',*,*,#1410,.F.);
#770=ORIENTED_EDGE('',*,*,#1416,.T.);
#771=ORIENTED_EDGE('',*,*,#1412,.F.);
#772=ORIENTED_EDGE('',*,*,#1417,.T.);
#773=ORIENTED_EDGE('',*,*,#1418,.T.);
#774=ORIENTED_EDGE('',*,*,#1419,.T.);
#775=ORIENTED_EDGE('',*,*,#1420,.T.);
#776=ORIENTED_EDGE('',*,*,#1421,.T.);
#777=ORIENTED_EDGE('',*,*,#1422,.T.);
#778=ORIENTED_EDGE('',*,*,#1423,.T.);
#779=ORIENTED_EDGE('',*,*,#1424,.T.);
#780=ORIENTED_EDGE('',*,*,#1425,.F.);
#781=ORIENTED_EDGE('',*,*,#1192,.T.);
#782=ORIENTED_EDGE('',*,*,#1426,.T.);
#783=ORIENTED_EDGE('',*,*,#1425,.T.);
#784=ORIENTED_EDGE('',*,*,#1427,.T.);
#785=ORIENTED_EDGE('',*,*,#1421,.F.);
#786=ORIENTED_EDGE('',*,*,#1428,.T.);
#787=ORIENTED_EDGE('',*,*,#1184,.F.);
#788=ORIENTED_EDGE('',*,*,#1429,.T.);
#789=ORIENTED_EDGE('',*,*,#1424,.F.);
#790=ORIENTED_EDGE('',*,*,#1430,.T.);
#791=ORIENTED_EDGE('',*,*,#1138,.F.);
#792=ORIENTED_EDGE('',*,*,#1431,.F.);
#793=ORIENTED_EDGE('',*,*,#1427,.F.);
#794=ORIENTED_EDGE('',*,*,#1431,.T.);
#795=ORIENTED_EDGE('',*,*,#1188,.F.);
#796=ORIENTED_EDGE('',*,*,#1429,.F.);
#797=ORIENTED_EDGE('',*,*,#1182,.T.);
#798=ORIENTED_EDGE('',*,*,#1432,.F.);
#799=ORIENTED_EDGE('',*,*,#1132,.F.);
#800=ORIENTED_EDGE('',*,*,#1433,.T.);
#801=ORIENTED_EDGE('',*,*,#1418,.F.);
#802=ORIENTED_EDGE('',*,*,#1432,.T.);
#803=ORIENTED_EDGE('',*,*,#1245,.T.);
#804=ORIENTED_EDGE('',*,*,#1255,.T.);
#805=ORIENTED_EDGE('',*,*,#1256,.T.);
#806=ORIENTED_EDGE('',*,*,#1257,.T.);
#807=ORIENTED_EDGE('',*,*,#1258,.T.);
#808=ORIENTED_EDGE('',*,*,#1259,.T.);
#809=ORIENTED_EDGE('',*,*,#1260,.T.);
#810=ORIENTED_EDGE('',*,*,#1261,.T.);
#811=ORIENTED_EDGE('',*,*,#1262,.T.);
#812=ORIENTED_EDGE('',*,*,#1263,.T.);
#813=ORIENTED_EDGE('',*,*,#1264,.T.);
#814=ORIENTED_EDGE('',*,*,#1265,.T.);
#815=ORIENTED_EDGE('',*,*,#1266,.T.);
#816=ORIENTED_EDGE('',*,*,#1267,.T.);
#817=ORIENTED_EDGE('',*,*,#1268,.T.);
#818=ORIENTED_EDGE('',*,*,#1269,.T.);
#819=ORIENTED_EDGE('',*,*,#1270,.T.);
#820=ORIENTED_EDGE('',*,*,#1271,.T.);
#821=ORIENTED_EDGE('',*,*,#1272,.T.);
#822=ORIENTED_EDGE('',*,*,#1273,.T.);
#823=ORIENTED_EDGE('',*,*,#1274,.T.);
#824=ORIENTED_EDGE('',*,*,#1275,.T.);
#825=ORIENTED_EDGE('',*,*,#1434,.F.);
#826=ORIENTED_EDGE('',*,*,#1303,.F.);
#827=ORIENTED_EDGE('',*,*,#1435,.F.);
#828=ORIENTED_EDGE('',*,*,#1291,.F.);
#829=ORIENTED_EDGE('',*,*,#1435,.T.);
#830=ORIENTED_EDGE('',*,*,#1301,.F.);
#831=ORIENTED_EDGE('',*,*,#1436,.F.);
#832=ORIENTED_EDGE('',*,*,#1252,.F.);
#833=ORIENTED_EDGE('',*,*,#1434,.T.);
#834=ORIENTED_EDGE('',*,*,#1437,.F.);
#835=ORIENTED_EDGE('',*,*,#1436,.T.);
#836=ORIENTED_EDGE('',*,*,#1280,.F.);
#837=ORIENTED_EDGE('',*,*,#1438,.F.);
#838=ORIENTED_EDGE('',*,*,#1292,.F.);
#839=ORIENTED_EDGE('',*,*,#1437,.T.);
#840=ORIENTED_EDGE('',*,*,#1290,.F.);
#841=ORIENTED_EDGE('',*,*,#1439,.F.);
#842=ORIENTED_EDGE('',*,*,#1279,.F.);
#843=ORIENTED_EDGE('',*,*,#1438,.T.);
#844=ORIENTED_EDGE('',*,*,#1276,.F.);
#845=ORIENTED_EDGE('',*,*,#1440,.F.);
#846=ORIENTED_EDGE('',*,*,#1278,.F.);
#847=ORIENTED_EDGE('',*,*,#1439,.T.);
#848=ORIENTED_EDGE('',*,*,#1441,.F.);
#849=ORIENTED_EDGE('',*,*,#1440,.T.);
#850=ORIENTED_EDGE('',*,*,#1206,.F.);
#851=ORIENTED_EDGE('',*,*,#1442,.F.);
#852=ORIENTED_EDGE('',*,*,#1287,.F.);
#853=ORIENTED_EDGE('',*,*,#1441,.T.);
#854=ORIENTED_EDGE('',*,*,#1289,.F.);
#855=ORIENTED_EDGE('',*,*,#1443,.F.);
#856=ORIENTED_EDGE('',*,*,#1208,.F.);
#857=ORIENTED_EDGE('',*,*,#1442,.T.);
#858=ORIENTED_EDGE('',*,*,#1211,.T.);
#859=ORIENTED_EDGE('',*,*,#1297,.F.);
#860=ORIENTED_EDGE('',*,*,#1295,.T.);
#861=ORIENTED_EDGE('',*,*,#1443,.T.);
#862=ORIENTED_EDGE('',*,*,#1296,.T.);
#863=ORIENTED_EDGE('',*,*,#1298,.F.);
#864=ORIENTED_EDGE('',*,*,#1209,.T.);
#865=ORIENTED_EDGE('',*,*,#1444,.F.);
#866=ORIENTED_EDGE('',*,*,#1416,.F.);
#867=ORIENTED_EDGE('',*,*,#1445,.F.);
#868=ORIENTED_EDGE('',*,*,#1305,.F.);
#869=ORIENTED_EDGE('',*,*,#1445,.T.);
#870=ORIENTED_EDGE('',*,*,#1409,.F.);
#871=ORIENTED_EDGE('',*,*,#1247,.F.);
#872=ORIENTED_EDGE('',*,*,#1306,.F.);
#873=ORIENTED_EDGE('',*,*,#1444,.T.);
#874=ORIENTED_EDGE('',*,*,#1304,.F.);
#875=ORIENTED_EDGE('',*,*,#1446,.F.);
#876=ORIENTED_EDGE('',*,*,#1413,.F.);
#877=ORIENTED_EDGE('',*,*,#1446,.T.);
#878=ORIENTED_EDGE('',*,*,#1254,.F.);
#879=ORIENTED_EDGE('',*,*,#1447,.F.);
#880=ORIENTED_EDGE('',*,*,#1448,.F.);
#881=ORIENTED_EDGE('',*,*,#1242,.F.);
#882=ORIENTED_EDGE('',*,*,#1449,.F.);
#883=ORIENTED_EDGE('',*,*,#1417,.F.);
#884=ORIENTED_EDGE('',*,*,#1449,.T.);
#885=ORIENTED_EDGE('',*,*,#1241,.F.);
#886=ORIENTED_EDGE('',*,*,#1450,.F.);
#887=ORIENTED_EDGE('',*,*,#1411,.F.);
#888=ORIENTED_EDGE('',*,*,#1248,.T.);
#889=ORIENTED_EDGE('',*,*,#1408,.F.);
#890=ORIENTED_EDGE('',*,*,#1451,.F.);
#891=ORIENTED_EDGE('',*,*,#1282,.F.);
#892=ORIENTED_EDGE('',*,*,#1447,.T.);
#893=ORIENTED_EDGE('',*,*,#1286,.F.);
#894=ORIENTED_EDGE('',*,*,#1452,.F.);
#895=ORIENTED_EDGE('',*,*,#1414,.F.);
#896=ORIENTED_EDGE('',*,*,#1448,.T.);
#897=ORIENTED_EDGE('',*,*,#1415,.F.);
#898=ORIENTED_EDGE('',*,*,#1453,.F.);
#899=ORIENTED_EDGE('',*,*,#1239,.F.);
#900=ORIENTED_EDGE('',*,*,#1451,.T.);
#901=ORIENTED_EDGE('',*,*,#1450,.T.);
#902=ORIENTED_EDGE('',*,*,#1300,.F.);
#903=ORIENTED_EDGE('',*,*,#1283,.T.);
#904=ORIENTED_EDGE('',*,*,#1452,.T.);
#905=ORIENTED_EDGE('',*,*,#1285,.T.);
#906=ORIENTED_EDGE('',*,*,#1299,.F.);
#907=ORIENTED_EDGE('',*,*,#1453,.T.);
#908=ORIENTED_EDGE('',*,*,#1454,.F.);
#909=ORIENTED_EDGE('',*,*,#1388,.F.);
#910=ORIENTED_EDGE('',*,*,#1455,.F.);
#911=ORIENTED_EDGE('',*,*,#1379,.F.);
#912=ORIENTED_EDGE('',*,*,#1455,.T.);
#913=ORIENTED_EDGE('',*,*,#1387,.F.);
#914=ORIENTED_EDGE('',*,*,#1456,.F.);
#915=ORIENTED_EDGE('',*,*,#1381,.F.);
#916=ORIENTED_EDGE('',*,*,#1454,.T.);
#917=ORIENTED_EDGE('',*,*,#1377,.F.);
#918=ORIENTED_EDGE('',*,*,#1457,.F.);
#919=ORIENTED_EDGE('',*,*,#1389,.F.);
#920=ORIENTED_EDGE('',*,*,#1456,.T.);
#921=ORIENTED_EDGE('',*,*,#1386,.F.);
#922=ORIENTED_EDGE('',*,*,#1458,.F.);
#923=ORIENTED_EDGE('',*,*,#1383,.F.);
#924=ORIENTED_EDGE('',*,*,#1457,.T.);
#925=ORIENTED_EDGE('',*,*,#1375,.F.);
#926=ORIENTED_EDGE('',*,*,#1459,.F.);
#927=ORIENTED_EDGE('',*,*,#1384,.F.);
#928=ORIENTED_EDGE('',*,*,#1458,.T.);
#929=ORIENTED_EDGE('',*,*,#1385,.F.);
#930=ORIENTED_EDGE('',*,*,#1459,.T.);
#931=ORIENTED_EDGE('',*,*,#1373,.F.);
#932=ORIENTED_EDGE('',*,*,#1460,.F.);
#933=ORIENTED_EDGE('',*,*,#1394,.F.);
#934=ORIENTED_EDGE('',*,*,#1461,.F.);
#935=ORIENTED_EDGE('',*,*,#1406,.F.);
#936=ORIENTED_EDGE('',*,*,#1461,.T.);
#937=ORIENTED_EDGE('',*,*,#1396,.F.);
#938=ORIENTED_EDGE('',*,*,#1462,.F.);
#939=ORIENTED_EDGE('',*,*,#1407,.F.);
#940=ORIENTED_EDGE('',*,*,#1460,.T.);
#941=ORIENTED_EDGE('',*,*,#1405,.F.);
#942=ORIENTED_EDGE('',*,*,#1463,.F.);
#943=ORIENTED_EDGE('',*,*,#1391,.F.);
#944=ORIENTED_EDGE('',*,*,#1462,.T.);
#945=ORIENTED_EDGE('',*,*,#1398,.F.);
#946=ORIENTED_EDGE('',*,*,#1464,.F.);
#947=ORIENTED_EDGE('',*,*,#1402,.F.);
#948=ORIENTED_EDGE('',*,*,#1463,.T.);
#949=ORIENTED_EDGE('',*,*,#1404,.F.);
#950=ORIENTED_EDGE('',*,*,#1465,.F.);
#951=ORIENTED_EDGE('',*,*,#1401,.F.);
#952=ORIENTED_EDGE('',*,*,#1464,.T.);
#953=ORIENTED_EDGE('',*,*,#1400,.F.);
#954=ORIENTED_EDGE('',*,*,#1465,.T.);
#955=ORIENTED_EDGE('',*,*,#1403,.F.);
#956=ORIENTED_EDGE('',*,*,#1466,.F.);
#957=ORIENTED_EDGE('',*,*,#1340,.F.);
#958=ORIENTED_EDGE('',*,*,#1467,.F.);
#959=ORIENTED_EDGE('',*,*,#1352,.F.);
#960=ORIENTED_EDGE('',*,*,#1467,.T.);
#961=ORIENTED_EDGE('',*,*,#1342,.F.);
#962=ORIENTED_EDGE('',*,*,#1468,.F.);
#963=ORIENTED_EDGE('',*,*,#1353,.F.);
#964=ORIENTED_EDGE('',*,*,#1466,.T.);
#965=ORIENTED_EDGE('',*,*,#1351,.F.);
#966=ORIENTED_EDGE('',*,*,#1469,.F.);
#967=ORIENTED_EDGE('',*,*,#1337,.F.);
#968=ORIENTED_EDGE('',*,*,#1468,.T.);
#969=ORIENTED_EDGE('',*,*,#1344,.F.);
#970=ORIENTED_EDGE('',*,*,#1470,.F.);
#971=ORIENTED_EDGE('',*,*,#1348,.F.);
#972=ORIENTED_EDGE('',*,*,#1469,.T.);
#973=ORIENTED_EDGE('',*,*,#1350,.F.);
#974=ORIENTED_EDGE('',*,*,#1471,.F.);
#975=ORIENTED_EDGE('',*,*,#1347,.F.);
#976=ORIENTED_EDGE('',*,*,#1470,.T.);
#977=ORIENTED_EDGE('',*,*,#1346,.F.);
#978=ORIENTED_EDGE('',*,*,#1471,.T.);
#979=ORIENTED_EDGE('',*,*,#1349,.F.);
#980=ORIENTED_EDGE('',*,*,#1472,.F.);
#981=ORIENTED_EDGE('',*,*,#1370,.F.);
#982=ORIENTED_EDGE('',*,*,#1473,.F.);
#983=ORIENTED_EDGE('',*,*,#1361,.F.);
#984=ORIENTED_EDGE('',*,*,#1473,.T.);
#985=ORIENTED_EDGE('',*,*,#1369,.F.);
#986=ORIENTED_EDGE('',*,*,#1474,.F.);
#987=ORIENTED_EDGE('',*,*,#1363,.F.);
#988=ORIENTED_EDGE('',*,*,#1472,.T.);
#989=ORIENTED_EDGE('',*,*,#1359,.F.);
#990=ORIENTED_EDGE('',*,*,#1475,.F.);
#991=ORIENTED_EDGE('',*,*,#1371,.F.);
#992=ORIENTED_EDGE('',*,*,#1474,.T.);
#993=ORIENTED_EDGE('',*,*,#1368,.F.);
#994=ORIENTED_EDGE('',*,*,#1476,.F.);
#995=ORIENTED_EDGE('',*,*,#1365,.F.);
#996=ORIENTED_EDGE('',*,*,#1475,.T.);
#997=ORIENTED_EDGE('',*,*,#1357,.F.);
#998=ORIENTED_EDGE('',*,*,#1477,.F.);
#999=ORIENTED_EDGE('',*,*,#1366,.F.);
#1000=ORIENTED_EDGE('',*,*,#1476,.T.);
#1001=ORIENTED_EDGE('',*,*,#1367,.F.);
#1002=ORIENTED_EDGE('',*,*,#1477,.T.);
#1003=ORIENTED_EDGE('',*,*,#1355,.F.);
#1004=ORIENTED_EDGE('',*,*,#1194,.F.);
#1005=ORIENTED_EDGE('',*,*,#1478,.T.);
#1006=ORIENTED_EDGE('',*,*,#1422,.F.);
#1007=ORIENTED_EDGE('',*,*,#1479,.F.);
#1008=ORIENTED_EDGE('',*,*,#1479,.T.);
#1009=ORIENTED_EDGE('',*,*,#1426,.F.);
#1010=ORIENTED_EDGE('',*,*,#1190,.F.);
#1011=ORIENTED_EDGE('',*,*,#1180,.T.);
#1012=ORIENTED_EDGE('',*,*,#1428,.F.);
#1013=ORIENTED_EDGE('',*,*,#1480,.F.);
#1014=ORIENTED_EDGE('',*,*,#1420,.F.);
#1015=ORIENTED_EDGE('',*,*,#1481,.T.);
#1016=ORIENTED_EDGE('',*,*,#1185,.F.);
#1017=ORIENTED_EDGE('',*,*,#1480,.T.);
#1018=ORIENTED_EDGE('',*,*,#1335,.F.);
#1019=ORIENTED_EDGE('',*,*,#1216,.F.);
#1020=ORIENTED_EDGE('',*,*,#1482,.T.);
#1021=ORIENTED_EDGE('',*,*,#1483,.T.);
#1022=ORIENTED_EDGE('',*,*,#1332,.F.);
#1023=ORIENTED_EDGE('',*,*,#1484,.T.);
#1024=ORIENTED_EDGE('',*,*,#1485,.T.);
#1025=ORIENTED_EDGE('',*,*,#1214,.F.);
#1026=ORIENTED_EDGE('',*,*,#1333,.F.);
#1027=ORIENTED_EDGE('',*,*,#1486,.T.);
#1028=ORIENTED_EDGE('',*,*,#1135,.F.);
#1029=ORIENTED_EDGE('',*,*,#1487,.F.);
#1030=ORIENTED_EDGE('',*,*,#1487,.T.);
#1031=ORIENTED_EDGE('',*,*,#1121,.F.);
#1032=ORIENTED_EDGE('',*,*,#1488,.F.);
#1033=ORIENTED_EDGE('',*,*,#1488,.T.);
#1034=ORIENTED_EDGE('',*,*,#1128,.F.);
#1035=ORIENTED_EDGE('',*,*,#1489,.F.);
#1036=ORIENTED_EDGE('',*,*,#1334,.F.);
#1037=ORIENTED_EDGE('',*,*,#1489,.T.);
#1038=ORIENTED_EDGE('',*,*,#1125,.F.);
#1039=ORIENTED_EDGE('',*,*,#1490,.F.);
#1040=ORIENTED_EDGE('',*,*,#1143,.F.);
#1041=ORIENTED_EDGE('',*,*,#1491,.T.);
#1042=ORIENTED_EDGE('',*,*,#1331,.F.);
#1043=ORIENTED_EDGE('',*,*,#1490,.T.);
#1044=ORIENTED_EDGE('',*,*,#1486,.F.);
#1045=ORIENTED_EDGE('',*,*,#1483,.F.);
#1046=ORIENTED_EDGE('',*,*,#1492,.F.);
#1047=ORIENTED_EDGE('',*,*,#1492,.T.);
#1048=ORIENTED_EDGE('',*,*,#1482,.F.);
#1049=ORIENTED_EDGE('',*,*,#1493,.F.);
#1050=ORIENTED_EDGE('',*,*,#1136,.F.);
#1051=ORIENTED_EDGE('',*,*,#1493,.T.);
#1052=ORIENTED_EDGE('',*,*,#1213,.F.);
#1053=ORIENTED_EDGE('',*,*,#1494,.F.);
#1054=ORIENTED_EDGE('',*,*,#1137,.F.);
#1055=ORIENTED_EDGE('',*,*,#1494,.T.);
#1056=ORIENTED_EDGE('',*,*,#1249,.F.);
#1057=ORIENTED_EDGE('',*,*,#1495,.F.);
#1058=ORIENTED_EDGE('',*,*,#1130,.F.);
#1059=ORIENTED_EDGE('',*,*,#1495,.T.);
#1060=ORIENTED_EDGE('',*,*,#1199,.F.);
#1061=ORIENTED_EDGE('',*,*,#1496,.F.);
#1062=ORIENTED_EDGE('',*,*,#1131,.F.);
#1063=ORIENTED_EDGE('',*,*,#1496,.T.);
#1064=ORIENTED_EDGE('',*,*,#1198,.F.);
#1065=ORIENTED_EDGE('',*,*,#1497,.F.);
#1066=ORIENTED_EDGE('',*,*,#1433,.F.);
#1067=ORIENTED_EDGE('',*,*,#1497,.T.);
#1068=ORIENTED_EDGE('',*,*,#1197,.F.);
#1069=ORIENTED_EDGE('',*,*,#1498,.F.);
#1070=ORIENTED_EDGE('',*,*,#1419,.F.);
#1071=ORIENTED_EDGE('',*,*,#1498,.T.);
#1072=ORIENTED_EDGE('',*,*,#1196,.F.);
#1073=ORIENTED_EDGE('',*,*,#1499,.F.);
#1074=ORIENTED_EDGE('',*,*,#1481,.F.);
#1075=ORIENTED_EDGE('',*,*,#1499,.T.);
#1076=ORIENTED_EDGE('',*,*,#1195,.F.);
#1077=ORIENTED_EDGE('',*,*,#1500,.F.);
#1078=ORIENTED_EDGE('',*,*,#1186,.F.);
#1079=ORIENTED_EDGE('',*,*,#1500,.T.);
#1080=ORIENTED_EDGE('',*,*,#1154,.F.);
#1081=ORIENTED_EDGE('',*,*,#1170,.F.);
#1082=ORIENTED_EDGE('',*,*,#1484,.F.);
#1083=ORIENTED_EDGE('',*,*,#1491,.F.);
#1084=ORIENTED_EDGE('',*,*,#1501,.F.);
#1085=ORIENTED_EDGE('',*,*,#1501,.T.);
#1086=ORIENTED_EDGE('',*,*,#1142,.F.);
#1087=ORIENTED_EDGE('',*,*,#1502,.F.);
#1088=ORIENTED_EDGE('',*,*,#1485,.F.);
#1089=ORIENTED_EDGE('',*,*,#1502,.T.);
#1090=ORIENTED_EDGE('',*,*,#1141,.F.);
#1091=ORIENTED_EDGE('',*,*,#1503,.F.);
#1092=ORIENTED_EDGE('',*,*,#1215,.F.);
#1093=ORIENTED_EDGE('',*,*,#1503,.T.);
#1094=ORIENTED_EDGE('',*,*,#1140,.F.);
#1095=ORIENTED_EDGE('',*,*,#1504,.F.);
#1096=ORIENTED_EDGE('',*,*,#1250,.F.);
#1097=ORIENTED_EDGE('',*,*,#1504,.T.);
#1098=ORIENTED_EDGE('',*,*,#1139,.F.);
#1099=ORIENTED_EDGE('',*,*,#1505,.F.);
#1100=ORIENTED_EDGE('',*,*,#1201,.F.);
#1101=ORIENTED_EDGE('',*,*,#1505,.T.);
#1102=ORIENTED_EDGE('',*,*,#1430,.F.);
#1103=ORIENTED_EDGE('',*,*,#1506,.F.);
#1104=ORIENTED_EDGE('',*,*,#1202,.F.);
#1105=ORIENTED_EDGE('',*,*,#1506,.T.);
#1106=ORIENTED_EDGE('',*,*,#1423,.F.);
#1107=ORIENTED_EDGE('',*,*,#1507,.F.);
#1108=ORIENTED_EDGE('',*,*,#1203,.F.);
#1109=ORIENTED_EDGE('',*,*,#1507,.T.);
#1110=ORIENTED_EDGE('',*,*,#1478,.F.);
#1111=ORIENTED_EDGE('',*,*,#1508,.F.);
#1112=ORIENTED_EDGE('',*,*,#1204,.F.);
#1113=ORIENTED_EDGE('',*,*,#1508,.T.);
#1114=ORIENTED_EDGE('',*,*,#1193,.F.);
#1115=ORIENTED_EDGE('',*,*,#1509,.F.);
#1116=ORIENTED_EDGE('',*,*,#1205,.F.);
#1117=ORIENTED_EDGE('',*,*,#1509,.T.);
#1118=ORIENTED_EDGE('',*,*,#1163,.F.);
#1119=ORIENTED_EDGE('',*,*,#1156,.F.);
#1120=EDGE_CURVE('',#1510,#1511,#1748,.T.);
#1121=EDGE_CURVE('',#1510,#1512,#202,.F.);
#1122=EDGE_CURVE('NONE',#1513,#1512,#1749,.T.);
#1123=EDGE_CURVE('NONE',#1511,#1513,#203,.F.);
#1124=EDGE_CURVE('',#1514,#1515,#1750,.T.);
#1125=EDGE_CURVE('',#1514,#1516,#204,.T.);
#1126=EDGE_CURVE('NONE',#1517,#1516,#1751,.F.);
#1127=EDGE_CURVE('NONE',#1515,#1517,#205,.T.);
#1128=EDGE_CURVE('',#1516,#1510,#125,.T.);
#1129=EDGE_CURVE('NONE',#1511,#1517,#1752,.F.);
#1130=EDGE_CURVE('',#1518,#1519,#67,.T.);
#1131=EDGE_CURVE('',#1519,#1520,#1753,.T.);
#1132=EDGE_CURVE('',#1520,#1521,#1754,.T.);
#1133=EDGE_CURVE('',#1521,#1522,#1755,.F.);
#1134=EDGE_CURVE('NONE',#1522,#1513,#1756,.F.);
#1135=EDGE_CURVE('',#1512,#1523,#1757,.F.);
#1136=EDGE_CURVE('',#1523,#1524,#68,.T.);
#1137=EDGE_CURVE('',#1524,#1518,#1758,.T.);
#1138=EDGE_CURVE('NONE',#1525,#1526,#1759,.T.);
#1139=EDGE_CURVE('',#1526,#1527,#1760,.F.);
#1140=EDGE_CURVE('',#1527,#1528,#69,.T.);
#1141=EDGE_CURVE('',#1528,#1529,#1761,.F.);
#1142=EDGE_CURVE('',#1529,#1530,#70,.T.);
#1143=EDGE_CURVE('',#1530,#1514,#1762,.T.);
#1144=EDGE_CURVE('NONE',#1515,#1531,#1763,.F.);
#1145=EDGE_CURVE('NONE',#1531,#1525,#1764,.T.);
#1146=EDGE_CURVE('NONE',#1532,#1533,#1765,.F.);
#1147=EDGE_CURVE('NONE',#1533,#1534,#1766,.T.);
#1148=EDGE_CURVE('NONE',#1534,#1535,#206,.T.);
#1149=EDGE_CURVE('NONE',#1535,#1536,#1767,.F.);
#1150=EDGE_CURVE('NONE',#1537,#1536,#1768,.F.);
#1151=EDGE_CURVE('NONE',#1537,#1538,#1769,.T.);
#1152=EDGE_CURVE('NONE',#1538,#1539,#1770,.T.);
#1153=EDGE_CURVE('NONE',#1539,#1532,#1771,.F.);
#1154=EDGE_CURVE('',#1534,#1540,#71,.F.);
#1155=EDGE_CURVE('',#1541,#1540,#207,.F.);
#1156=EDGE_CURVE('',#1541,#1535,#72,.T.);
#1157=EDGE_CURVE('NONE',#1537,#1531,#208,.T.);
#1158=EDGE_CURVE('NONE',#1538,#1515,#209,.F.);
#1159=EDGE_CURVE('NONE',#1532,#1522,#210,.T.);
#1160=EDGE_CURVE('NONE',#1539,#1513,#211,.F.);
#1161=EDGE_CURVE('NONE',#1538,#1517,#212,.F.);
#1162=EDGE_CURVE('NONE',#1539,#1511,#213,.F.);
#1163=EDGE_CURVE('',#1535,#1542,#73,.F.);
#1164=EDGE_CURVE('NONE',#1543,#1542,#1772,.T.);
#1165=EDGE_CURVE('NONE',#1543,#1536,#214,.F.);
#1166=EDGE_CURVE('NONE',#1536,#1544,#215,.T.);
#1167=EDGE_CURVE('NONE',#1544,#1545,#1773,.T.);
#1168=EDGE_CURVE('NONE',#1545,#1537,#216,.F.);
#1169=EDGE_CURVE('',#1546,#1547,#1774,.T.);
#1170=EDGE_CURVE('',#1546,#1534,#74,.T.);
#1171=EDGE_CURVE('NONE',#1547,#1533,#217,.T.);
#1172=EDGE_CURVE('NONE',#1548,#1549,#1775,.F.);
#1173=EDGE_CURVE('NONE',#1548,#1533,#218,.T.);
#1174=EDGE_CURVE('NONE',#1532,#1549,#219,.F.);
#1175=EDGE_CURVE('NONE',#1545,#1531,#220,.F.);
#1176=EDGE_CURVE('NONE',#1549,#1522,#221,.F.);
#1177=EDGE_CURVE('NONE',#1543,#1544,#222,.T.);
#1178=EDGE_CURVE('NONE',#1547,#1548,#223,.F.);
#1179=EDGE_CURVE('',#1550,#1548,#1776,.T.);
#1180=EDGE_CURVE('NONE',#1551,#1550,#224,.T.);
#1181=EDGE_CURVE('NONE',#1547,#1551,#1777,.F.);
#1182=EDGE_CURVE('NONE',#1552,#1521,#225,.F.);
#1183=EDGE_CURVE('NONE',#1549,#1552,#1778,.F.);
#1184=EDGE_CURVE('NONE',#1552,#1550,#1779,.T.);
#1185=EDGE_CURVE('NONE',#1551,#1553,#1780,.T.);
#1186=EDGE_CURVE('',#1553,#1546,#1781,.F.);
#1187=EDGE_CURVE('',#1554,#1545,#1782,.F.);
#1188=EDGE_CURVE('NONE',#1554,#1525,#226,.T.);
#1189=EDGE_CURVE('',#1555,#1543,#1783,.T.);
#1190=EDGE_CURVE('NONE',#1555,#1556,#227,.T.);
#1191=EDGE_CURVE('NONE',#1544,#1556,#1784,.T.);
#1192=EDGE_CURVE('NONE',#1554,#1556,#1785,.F.);
#1193=EDGE_CURVE('',#1542,#1557,#1786,.T.);
#1194=EDGE_CURVE('',#1557,#1555,#1787,.T.);
#1195=EDGE_CURVE('',#1540,#1558,#1788,.T.);
#1196=EDGE_CURVE('',#1558,#1559,#75,.T.);
#1197=EDGE_CURVE('',#1559,#1560,#126,.T.);
#1198=EDGE_CURVE('',#1560,#1561,#76,.T.);
#1199=EDGE_CURVE('',#1561,#1562,#1789,.F.);
#1200=EDGE_CURVE('',#1562,#1563,#228,.F.);
#1201=EDGE_CURVE('',#1563,#1564,#1790,.T.);
#1202=EDGE_CURVE('',#1564,#1565,#77,.T.);
#1203=EDGE_CURVE('',#1565,#1566,#127,.T.);
#1204=EDGE_CURVE('',#1566,#1567,#78,.T.);
#1205=EDGE_CURVE('',#1567,#1541,#1791,.F.);
#1206=EDGE_CURVE('NONE',#1568,#1569,#79,.T.);
#1207=EDGE_CURVE('NONE',#1569,#1570,#229,.T.);
#1208=EDGE_CURVE('NONE',#1570,#1571,#80,.T.);
#1209=EDGE_CURVE('NONE',#1572,#1571,#81,.F.);
#1210=EDGE_CURVE('NONE',#1572,#1573,#230,.T.);
#1211=EDGE_CURVE('NONE',#1568,#1573,#82,.F.);
#1212=EDGE_CURVE('',#1574,#1575,#231,.F.);
#1213=EDGE_CURVE('',#1575,#1576,#1792,.F.);
#1214=EDGE_CURVE('',#1576,#1577,#232,.T.);
#1215=EDGE_CURVE('',#1577,#1574,#1793,.T.);
#1216=EDGE_CURVE('',#1578,#1578,#233,.T.);
#1217=EDGE_CURVE('NONE',#1579,#1579,#234,.F.);
#1218=EDGE_CURVE('NONE',#1580,#1580,#235,.T.);
#1219=EDGE_CURVE('NONE',#1581,#1581,#236,.T.);
#1220=EDGE_CURVE('NONE',#1582,#1582,#237,.T.);
#1221=EDGE_CURVE('NONE',#1583,#1583,#238,.T.);
#1222=EDGE_CURVE('NONE',#1584,#1584,#239,.T.);
#1223=EDGE_CURVE('NONE',#1585,#1585,#240,.T.);
#1224=EDGE_CURVE('NONE',#1586,#1586,#241,.T.);
#1225=EDGE_CURVE('NONE',#1587,#1587,#242,.T.);
#1226=EDGE_CURVE('NONE',#1588,#1588,#243,.T.);
#1227=EDGE_CURVE('NONE',#1589,#1589,#244,.T.);
#1228=EDGE_CURVE('NONE',#1590,#1590,#245,.T.);
#1229=EDGE_CURVE('NONE',#1591,#1591,#246,.T.);
#1230=EDGE_CURVE('NONE',#1592,#1592,#247,.T.);
#1231=EDGE_CURVE('NONE',#1593,#1593,#248,.T.);
#1232=EDGE_CURVE('NONE',#1594,#1594,#249,.T.);
#1233=EDGE_CURVE('NONE',#1595,#1595,#250,.T.);
#1234=EDGE_CURVE('NONE',#1596,#1596,#251,.T.);
#1235=EDGE_CURVE('NONE',#1597,#1597,#252,.T.);
#1236=EDGE_CURVE('NONE',#1598,#1598,#253,.T.);
#1237=EDGE_CURVE('NONE',#1599,#1599,#254,.T.);
#1238=EDGE_CURVE('NONE',#1600,#1600,#255,.T.);
#1239=EDGE_CURVE('NONE',#1601,#1602,#1794,.T.);
#1240=EDGE_CURVE('NONE',#1602,#1603,#256,.F.);
#1241=EDGE_CURVE('NONE',#1603,#1604,#1795,.T.);
#1242=EDGE_CURVE('NONE',#1604,#1601,#257,.F.);
#1243=EDGE_CURVE('NONE',#1605,#1605,#258,.T.);
#1244=EDGE_CURVE('NONE',#1606,#1606,#259,.F.);
#1245=EDGE_CURVE('NONE',#1607,#1607,#260,.T.);
#1246=EDGE_CURVE('NONE',#1608,#1609,#261,.T.);
#1247=EDGE_CURVE('NONE',#1608,#1610,#262,.T.);
#1248=EDGE_CURVE('NONE',#1609,#1610,#83,.T.);
#1249=EDGE_CURVE('',#1562,#1575,#84,.T.);
#1250=EDGE_CURVE('',#1574,#1563,#85,.T.);
#1251=EDGE_CURVE('NONE',#1611,#1612,#263,.T.);
#1252=EDGE_CURVE('NONE',#1611,#1613,#264,.T.);
#1253=EDGE_CURVE('NONE',#1614,#1613,#265,.F.);
#1254=EDGE_CURVE('NONE',#1614,#1612,#266,.F.);
#1255=EDGE_CURVE('NONE',#1615,#1615,#267,.T.);
#1256=EDGE_CURVE('NONE',#1616,#1616,#268,.T.);
#1257=EDGE_CURVE('NONE',#1617,#1617,#269,.T.);
#1258=EDGE_CURVE('NONE',#1618,#1618,#270,.T.);
#1259=EDGE_CURVE('NONE',#1619,#1619,#271,.T.);
#1260=EDGE_CURVE('NONE',#1620,#1620,#272,.T.);
#1261=EDGE_CURVE('NONE',#1621,#1621,#273,.T.);
#1262=EDGE_CURVE('NONE',#1622,#1622,#274,.T.);
#1263=EDGE_CURVE('NONE',#1623,#1623,#275,.T.);
#1264=EDGE_CURVE('NONE',#1624,#1624,#276,.T.);
#1265=EDGE_CURVE('NONE',#1625,#1625,#277,.T.);
#1266=EDGE_CURVE('NONE',#1626,#1626,#278,.T.);
#1267=EDGE_CURVE('NONE',#1627,#1627,#279,.T.);
#1268=EDGE_CURVE('NONE',#1628,#1628,#280,.T.);
#1269=EDGE_CURVE('NONE',#1629,#1629,#281,.T.);
#1270=EDGE_CURVE('NONE',#1630,#1630,#282,.T.);
#1271=EDGE_CURVE('NONE',#1631,#1631,#283,.T.);
#1272=EDGE_CURVE('NONE',#1632,#1632,#284,.T.);
#1273=EDGE_CURVE('NONE',#1633,#1633,#285,.T.);
#1274=EDGE_CURVE('NONE',#1634,#1634,#286,.T.);
#1275=EDGE_CURVE('NONE',#1635,#1635,#287,.T.);
#1276=EDGE_CURVE('NONE',#1569,#1636,#288,.T.);
#1277=EDGE_CURVE('NONE',#1637,#1636,#289,.T.);
#1278=EDGE_CURVE('NONE',#1637,#1570,#290,.F.);
#1279=EDGE_CURVE('NONE',#1613,#1637,#86,.F.);
#1280=EDGE_CURVE('NONE',#1636,#1638,#87,.F.);
#1281=EDGE_CURVE('NONE',#1638,#1609,#291,.F.);
#1282=EDGE_CURVE('NONE',#1609,#1639,#88,.F.);
#1283=EDGE_CURVE('NONE',#1640,#1639,#89,.T.);
#1284=EDGE_CURVE('NONE',#1640,#1641,#292,.F.);
#1285=EDGE_CURVE('NONE',#1642,#1641,#90,.T.);
#1286=EDGE_CURVE('NONE',#1642,#1614,#91,.F.);
#1287=EDGE_CURVE('NONE',#1643,#1644,#92,.T.);
#1288=EDGE_CURVE('NONE',#1644,#1645,#1796,.T.);
#1289=EDGE_CURVE('NONE',#1645,#1646,#93,.T.);
#1290=EDGE_CURVE('NONE',#1646,#1647,#94,.T.);
#1291=EDGE_CURVE('NONE',#1647,#1648,#1797,.F.);
#1292=EDGE_CURVE('NONE',#1648,#1643,#95,.T.);
#1293=EDGE_CURVE('NONE',#1649,#1650,#293,.T.);
#1294=EDGE_CURVE('NONE',#1650,#1649,#1798,.F.);
#1295=EDGE_CURVE('NONE',#1649,#1644,#96,.F.);
#1296=EDGE_CURVE('NONE',#1645,#1650,#97,.F.);
#1297=EDGE_CURVE('NONE',#1649,#1573,#294,.T.);
#1298=EDGE_CURVE('NONE',#1572,#1650,#295,.F.);
#1299=EDGE_CURVE('NONE',#1602,#1641,#98,.T.);
#1300=EDGE_CURVE('NONE',#1640,#1603,#99,.T.);
#1301=EDGE_CURVE('NONE',#1638,#1651,#296,.F.);
#1302=EDGE_CURVE('NONE',#1608,#1651,#297,.T.);
#1303=EDGE_CURVE('NONE',#1651,#1611,#1799,.T.);
#1304=EDGE_CURVE('NONE',#1612,#1652,#1800,.T.);
#1305=EDGE_CURVE('NONE',#1652,#1653,#298,.F.);
#1306=EDGE_CURVE('NONE',#1653,#1608,#1801,.T.);
#1307=EDGE_CURVE('NONE',#1654,#1655,#1802,.T.);
#1308=EDGE_CURVE('NONE',#1656,#1654,#1803,.T.);
#1309=EDGE_CURVE('NONE',#1657,#1656,#1804,.T.);
#1310=EDGE_CURVE('NONE',#1658,#1657,#1805,.T.);
#1311=EDGE_CURVE('NONE',#1659,#1658,#1806,.T.);
#1312=EDGE_CURVE('NONE',#1655,#1659,#1807,.T.);
#1313=EDGE_CURVE('NONE',#1660,#1661,#1808,.T.);
#1314=EDGE_CURVE('NONE',#1661,#1662,#1809,.T.);
#1315=EDGE_CURVE('NONE',#1662,#1663,#1810,.T.);
#1316=EDGE_CURVE('NONE',#1663,#1664,#1811,.T.);
#1317=EDGE_CURVE('NONE',#1664,#1665,#1812,.T.);
#1318=EDGE_CURVE('NONE',#1665,#1660,#1813,.T.);
#1319=EDGE_CURVE('NONE',#1666,#1667,#1814,.T.);
#1320=EDGE_CURVE('NONE',#1667,#1668,#1815,.T.);
#1321=EDGE_CURVE('NONE',#1668,#1669,#1816,.T.);
#1322=EDGE_CURVE('NONE',#1669,#1670,#1817,.T.);
#1323=EDGE_CURVE('NONE',#1670,#1671,#1818,.T.);
#1324=EDGE_CURVE('NONE',#1671,#1666,#1819,.T.);
#1325=EDGE_CURVE('NONE',#1672,#1673,#1820,.T.);
#1326=EDGE_CURVE('NONE',#1674,#1672,#1821,.T.);
#1327=EDGE_CURVE('NONE',#1675,#1674,#1822,.T.);
#1328=EDGE_CURVE('NONE',#1676,#1675,#1823,.T.);
#1329=EDGE_CURVE('NONE',#1677,#1676,#1824,.T.);
#1330=EDGE_CURVE('NONE',#1673,#1677,#1825,.T.);
#1331=EDGE_CURVE('',#1678,#1679,#1826,.F.);
#1332=EDGE_CURVE('',#1679,#1680,#299,.F.);
#1333=EDGE_CURVE('',#1680,#1681,#1827,.T.);
#1334=EDGE_CURVE('',#1681,#1678,#128,.T.);
#1335=EDGE_CURVE('',#1682,#1682,#300,.F.);
#1336=EDGE_CURVE('NONE',#1683,#1655,#1828,.T.);
#1337=EDGE_CURVE('NONE',#1683,#1684,#1829,.T.);
#1338=EDGE_CURVE('NONE',#1684,#1654,#1830,.T.);
#1339=EDGE_CURVE('NONE',#1685,#1659,#1831,.T.);
#1340=EDGE_CURVE('NONE',#1685,#1683,#1832,.T.);
#1341=EDGE_CURVE('NONE',#1686,#1658,#1833,.T.);
#1342=EDGE_CURVE('NONE',#1686,#1685,#1834,.T.);
#1343=EDGE_CURVE('NONE',#1687,#1657,#1835,.T.);
#1344=EDGE_CURVE('NONE',#1687,#1686,#1836,.T.);
#1345=EDGE_CURVE('NONE',#1688,#1656,#1837,.T.);
#1346=EDGE_CURVE('NONE',#1688,#1687,#1838,.T.);
#1347=EDGE_CURVE('NONE',#1684,#1688,#1839,.T.);
#1348=EDGE_CURVE('NONE',#1689,#1690,#1840,.T.);
#1349=EDGE_CURVE('NONE',#1690,#1691,#1841,.T.);
#1350=EDGE_CURVE('NONE',#1691,#1692,#1842,.T.);
#1351=EDGE_CURVE('NONE',#1692,#1693,#1843,.T.);
#1352=EDGE_CURVE('NONE',#1693,#1694,#1844,.T.);
#1353=EDGE_CURVE('NONE',#1694,#1689,#1845,.F.);
#1354=EDGE_CURVE('NONE',#1695,#1660,#1846,.T.);
#1355=EDGE_CURVE('NONE',#1695,#1696,#1847,.T.);
#1356=EDGE_CURVE('NONE',#1696,#1661,#1848,.T.);
#1357=EDGE_CURVE('NONE',#1696,#1697,#1849,.T.);
#1358=EDGE_CURVE('NONE',#1697,#1662,#1850,.T.);
#1359=EDGE_CURVE('NONE',#1697,#1698,#1851,.T.);
#1360=EDGE_CURVE('NONE',#1698,#1663,#1852,.T.);
#1361=EDGE_CURVE('NONE',#1698,#1699,#1853,.T.);
#1362=EDGE_CURVE('NONE',#1699,#1664,#1854,.T.);
#1363=EDGE_CURVE('NONE',#1699,#1700,#1855,.T.);
#1364=EDGE_CURVE('NONE',#1700,#1665,#1856,.T.);
#1365=EDGE_CURVE('NONE',#1700,#1695,#1857,.T.);
#1366=EDGE_CURVE('NONE',#1701,#1702,#1858,.T.);
#1367=EDGE_CURVE('NONE',#1702,#1703,#1859,.T.);
#1368=EDGE_CURVE('NONE',#1703,#1704,#1860,.T.);
#1369=EDGE_CURVE('NONE',#1704,#1705,#1861,.T.);
#1370=EDGE_CURVE('NONE',#1705,#1706,#1862,.T.);
#1371=EDGE_CURVE('NONE',#1706,#1701,#1863,.F.);
#1372=EDGE_CURVE('NONE',#1707,#1666,#1864,.T.);
#1373=EDGE_CURVE('NONE',#1707,#1708,#1865,.T.);
#1374=EDGE_CURVE('NONE',#1708,#1667,#1866,.T.);
#1375=EDGE_CURVE('NONE',#1708,#1709,#1867,.T.);
#1376=EDGE_CURVE('NONE',#1709,#1668,#1868,.T.);
#1377=EDGE_CURVE('NONE',#1709,#1710,#1869,.T.);
#1378=EDGE_CURVE('NONE',#1710,#1669,#1870,.T.);
#1379=EDGE_CURVE('NONE',#1710,#1711,#1871,.T.);
#1380=EDGE_CURVE('NONE',#1711,#1670,#1872,.T.);
#1381=EDGE_CURVE('NONE',#1711,#1712,#1873,.T.);
#1382=EDGE_CURVE('NONE',#1712,#1671,#1874,.T.);
#1383=EDGE_CURVE('NONE',#1712,#1707,#1875,.T.);
#1384=EDGE_CURVE('NONE',#1713,#1714,#1876,.T.);
#1385=EDGE_CURVE('NONE',#1714,#1715,#1877,.T.);
#1386=EDGE_CURVE('NONE',#1715,#1716,#1878,.T.);
#1387=EDGE_CURVE('NONE',#1716,#1717,#1879,.T.);
#1388=EDGE_CURVE('NONE',#1717,#1718,#1880,.T.);
#1389=EDGE_CURVE('NONE',#1718,#1713,#1881,.F.);
#1390=EDGE_CURVE('NONE',#1719,#1673,#1882,.T.);
#1391=EDGE_CURVE('NONE',#1719,#1720,#1883,.T.);
#1392=EDGE_CURVE('NONE',#1720,#1672,#1884,.T.);
#1393=EDGE_CURVE('NONE',#1721,#1677,#1885,.T.);
#1394=EDGE_CURVE('NONE',#1721,#1719,#1886,.T.);
#1395=EDGE_CURVE('NONE',#1722,#1676,#1887,.T.);
#1396=EDGE_CURVE('NONE',#1722,#1721,#1888,.T.);
#1397=EDGE_CURVE('NONE',#1723,#1675,#1889,.T.);
#1398=EDGE_CURVE('NONE',#1723,#1722,#1890,.T.);
#1399=EDGE_CURVE('NONE',#1724,#1674,#1891,.T.);
#1400=EDGE_CURVE('NONE',#1724,#1723,#1892,.T.);
#1401=EDGE_CURVE('NONE',#1720,#1724,#1893,.T.);
#1402=EDGE_CURVE('NONE',#1725,#1726,#1894,.T.);
#1403=EDGE_CURVE('NONE',#1726,#1727,#1895,.T.);
#1404=EDGE_CURVE('NONE',#1727,#1728,#1896,.T.);
#1405=EDGE_CURVE('NONE',#1728,#1729,#1897,.T.);
#1406=EDGE_CURVE('NONE',#1729,#1730,#1898,.T.);
#1407=EDGE_CURVE('NONE',#1730,#1725,#1899,.F.);
#1408=EDGE_CURVE('NONE',#1731,#1610,#100,.T.);
#1409=EDGE_CURVE('NONE',#1610,#1732,#1900,.F.);
#1410=EDGE_CURVE('NONE',#1732,#1733,#1901,.F.);
#1411=EDGE_CURVE('NONE',#1733,#1731,#1902,.T.);
#1412=EDGE_CURVE('NONE',#1734,#1735,#1903,.T.);
#1413=EDGE_CURVE('NONE',#1735,#1736,#1904,.F.);
#1414=EDGE_CURVE('NONE',#1736,#1737,#101,.T.);
#1415=EDGE_CURVE('NONE',#1737,#1734,#1905,.T.);
#1416=EDGE_CURVE('NONE',#1732,#1735,#301,.F.);
#1417=EDGE_CURVE('NONE',#1734,#1733,#302,.T.);
#1418=EDGE_CURVE('NONE',#1738,#1739,#1906,.T.);
#1419=EDGE_CURVE('',#1739,#1740,#129,.T.);
#1420=EDGE_CURVE('',#1740,#1741,#1907,.F.);
#1421=EDGE_CURVE('NONE',#1741,#1738,#1908,.F.);
#1422=EDGE_CURVE('NONE',#1742,#1743,#1909,.T.);
#1423=EDGE_CURVE('',#1743,#1744,#130,.T.);
#1424=EDGE_CURVE('',#1744,#1745,#1910,.F.);
#1425=EDGE_CURVE('NONE',#1742,#1745,#1911,.T.);
#1426=EDGE_CURVE('NONE',#1556,#1742,#303,.T.);
#1427=EDGE_CURVE('NONE',#1745,#1554,#304,.F.);
#1428=EDGE_CURVE('NONE',#1741,#1550,#305,.T.);
#1429=EDGE_CURVE('NONE',#1552,#1738,#306,.F.);
#1430=EDGE_CURVE('',#1744,#1526,#102,.T.);
#1431=EDGE_CURVE('NONE',#1745,#1525,#307,.F.);
#1432=EDGE_CURVE('NONE',#1738,#1521,#308,.T.);
#1433=EDGE_CURVE('',#1520,#1739,#103,.T.);
#1434=EDGE_CURVE('NONE',#1611,#1647,#309,.T.);
#1435=EDGE_CURVE('NONE',#1648,#1651,#310,.F.);
#1436=EDGE_CURVE('NONE',#1648,#1638,#104,.T.);
#1437=EDGE_CURVE('NONE',#1613,#1647,#105,.T.);
#1438=EDGE_CURVE('NONE',#1643,#1636,#106,.F.);
#1439=EDGE_CURVE('NONE',#1637,#1646,#107,.F.);
#1440=EDGE_CURVE('NONE',#1643,#1569,#108,.F.);
#1441=EDGE_CURVE('NONE',#1570,#1646,#109,.F.);
#1442=EDGE_CURVE('NONE',#1644,#1568,#110,.T.);
#1443=EDGE_CURVE('NONE',#1571,#1645,#111,.T.);
#1444=EDGE_CURVE('NONE',#1735,#1652,#311,.F.);
#1445=EDGE_CURVE('NONE',#1653,#1732,#312,.T.);
#1446=EDGE_CURVE('NONE',#1736,#1612,#313,.F.);
#1447=EDGE_CURVE('NONE',#1736,#1614,#112,.T.);
#1448=EDGE_CURVE('NONE',#1601,#1734,#314,.F.);
#1449=EDGE_CURVE('NONE',#1733,#1604,#315,.T.);
#1450=EDGE_CURVE('NONE',#1731,#1603,#113,.F.);
#1451=EDGE_CURVE('NONE',#1639,#1731,#114,.F.);
#1452=EDGE_CURVE('NONE',#1737,#1642,#115,.F.);
#1453=EDGE_CURVE('NONE',#1602,#1737,#116,.F.);
#1454=EDGE_CURVE('NONE',#1718,#1710,#1912,.T.);
#1455=EDGE_CURVE('NONE',#1711,#1717,#1913,.T.);
#1456=EDGE_CURVE('NONE',#1712,#1716,#1914,.T.);
#1457=EDGE_CURVE('NONE',#1713,#1709,#1915,.T.);
#1458=EDGE_CURVE('NONE',#1707,#1715,#1916,.T.);
#1459=EDGE_CURVE('NONE',#1714,#1708,#1917,.T.);
#1460=EDGE_CURVE('NONE',#1719,#1729,#1918,.T.);
#1461=EDGE_CURVE('NONE',#1730,#1721,#1919,.T.);
#1462=EDGE_CURVE('NONE',#1725,#1722,#1920,.T.);
#1463=EDGE_CURVE('NONE',#1720,#1728,#1921,.T.);
#1464=EDGE_CURVE('NONE',#1726,#1723,#1922,.T.);
#1465=EDGE_CURVE('NONE',#1724,#1727,#1923,.T.);
#1466=EDGE_CURVE('NONE',#1683,#1693,#1924,.T.);
#1467=EDGE_CURVE('NONE',#1694,#1685,#1925,.T.);
#1468=EDGE_CURVE('NONE',#1689,#1686,#1926,.T.);
#1469=EDGE_CURVE('NONE',#1684,#1692,#1927,.T.);
#1470=EDGE_CURVE('NONE',#1690,#1687,#1928,.T.);
#1471=EDGE_CURVE('NONE',#1688,#1691,#1929,.T.);
#1472=EDGE_CURVE('NONE',#1706,#1698,#1930,.T.);
#1473=EDGE_CURVE('NONE',#1699,#1705,#1931,.T.);
#1474=EDGE_CURVE('NONE',#1700,#1704,#1932,.T.);
#1475=EDGE_CURVE('NONE',#1701,#1697,#1933,.T.);
#1476=EDGE_CURVE('NONE',#1695,#1703,#1934,.T.);
#1477=EDGE_CURVE('NONE',#1702,#1696,#1935,.T.);
#1478=EDGE_CURVE('',#1557,#1743,#117,.T.);
#1479=EDGE_CURVE('NONE',#1555,#1742,#316,.T.);
#1480=EDGE_CURVE('NONE',#1551,#1741,#317,.F.);
#1481=EDGE_CURVE('',#1740,#1553,#118,.T.);
#1482=EDGE_CURVE('',#1576,#1746,#119,.T.);
#1483=EDGE_CURVE('',#1746,#1680,#120,.T.);
#1484=EDGE_CURVE('',#1679,#1747,#121,.F.);
#1485=EDGE_CURVE('',#1747,#1577,#122,.T.);
#1486=EDGE_CURVE('',#1680,#1523,#123,.F.);
#1487=EDGE_CURVE('',#1681,#1512,#318,.T.);
#1488=EDGE_CURVE('',#1681,#1510,#319,.T.);
#1489=EDGE_CURVE('',#1678,#1516,#320,.T.);
#1490=EDGE_CURVE('',#1678,#1514,#321,.T.);
#1491=EDGE_CURVE('',#1530,#1679,#124,.T.);
#1492=EDGE_CURVE('',#1523,#1746,#322,.T.);
#1493=EDGE_CURVE('',#1524,#1576,#323,.T.);
#1494=EDGE_CURVE('',#1518,#1575,#324,.T.);
#1495=EDGE_CURVE('',#1519,#1562,#325,.T.);
#1496=EDGE_CURVE('',#1520,#1561,#326,.T.);
#1497=EDGE_CURVE('',#1739,#1560,#327,.T.);
#1498=EDGE_CURVE('',#1740,#1559,#328,.T.);
#1499=EDGE_CURVE('',#1553,#1558,#329,.T.);
#1500=EDGE_CURVE('',#1546,#1540,#330,.T.);
#1501=EDGE_CURVE('',#1747,#1530,#331,.T.);
#1502=EDGE_CURVE('',#1577,#1529,#332,.T.);
#1503=EDGE_CURVE('',#1574,#1528,#333,.T.);
#1504=EDGE_CURVE('',#1563,#1527,#334,.T.);
#1505=EDGE_CURVE('',#1564,#1526,#335,.T.);
#1506=EDGE_CURVE('',#1565,#1744,#336,.T.);
#1507=EDGE_CURVE('',#1566,#1743,#337,.T.);
#1508=EDGE_CURVE('',#1567,#1557,#338,.T.);
#1509=EDGE_CURVE('',#1541,#1542,#339,.T.);
#1510=VERTEX_POINT('',#4035);
#1511=VERTEX_POINT('',#4036);
#1512=VERTEX_POINT('',#4038);
#1513=VERTEX_POINT('',#4040);
#1514=VERTEX_POINT('',#4044);
#1515=VERTEX_POINT('',#4045);
#1516=VERTEX_POINT('',#4047);
#1517=VERTEX_POINT('',#4049);
#1518=VERTEX_POINT('',#4059);
#1519=VERTEX_POINT('',#4060);
#1520=VERTEX_POINT('',#4062);
#1521=VERTEX_POINT('',#4064);
#1522=VERTEX_POINT('',#4066);
#1523=VERTEX_POINT('',#4069);
#1524=VERTEX_POINT('',#4074);
#1525=VERTEX_POINT('',#4078);
#1526=VERTEX_POINT('',#4079);
#1527=VERTEX_POINT('',#4081);
#1528=VERTEX_POINT('',#4086);
#1529=VERTEX_POINT('',#4088);
#1530=VERTEX_POINT('',#4093);
#1531=VERTEX_POINT('',#4096);
#1532=VERTEX_POINT('',#4100);
#1533=VERTEX_POINT('',#4101);
#1534=VERTEX_POINT('',#4103);
#1535=VERTEX_POINT('',#4105);
#1536=VERTEX_POINT('',#4107);
#1537=VERTEX_POINT('',#4109);
#1538=VERTEX_POINT('',#4111);
#1539=VERTEX_POINT('',#4113);
#1540=VERTEX_POINT('',#4121);
#1541=VERTEX_POINT('',#4123);
#1542=VERTEX_POINT('',#4146);
#1543=VERTEX_POINT('',#4148);
#1544=VERTEX_POINT('',#4152);
#1545=VERTEX_POINT('',#4154);
#1546=VERTEX_POINT('',#4158);
#1547=VERTEX_POINT('',#4159);
#1548=VERTEX_POINT('',#4168);
#1549=VERTEX_POINT('',#4169);
#1550=VERTEX_POINT('',#4182);
#1551=VERTEX_POINT('',#4184);
#1552=VERTEX_POINT('',#4188);
#1553=VERTEX_POINT('',#4194);
#1554=VERTEX_POINT('',#4198);
#1555=VERTEX_POINT('',#4202);
#1556=VERTEX_POINT('',#4204);
#1557=VERTEX_POINT('',#4210);
#1558=VERTEX_POINT('',#4214);
#1559=VERTEX_POINT('',#4219);
#1560=VERTEX_POINT('',#4221);
#1561=VERTEX_POINT('',#4226);
#1562=VERTEX_POINT('',#4228);
#1563=VERTEX_POINT('',#4230);
#1564=VERTEX_POINT('',#4232);
#1565=VERTEX_POINT('',#4237);
#1566=VERTEX_POINT('',#4239);
#1567=VERTEX_POINT('',#4244);
#1568=VERTEX_POINT('',#4250);
#1569=VERTEX_POINT('',#4251);
#1570=VERTEX_POINT('',#4253);
#1571=VERTEX_POINT('',#4258);
#1572=VERTEX_POINT('',#4263);
#1573=VERTEX_POINT('',#4265);
#1574=VERTEX_POINT('',#4272);
#1575=VERTEX_POINT('',#4273);
#1576=VERTEX_POINT('',#4275);
#1577=VERTEX_POINT('',#4277);
#1578=VERTEX_POINT('',#4281);
#1579=VERTEX_POINT('',#4283);
#1580=VERTEX_POINT('',#4286);
#1581=VERTEX_POINT('',#4288);
#1582=VERTEX_POINT('',#4290);
#1583=VERTEX_POINT('',#4292);
#1584=VERTEX_POINT('',#4294);
#1585=VERTEX_POINT('',#4296);
#1586=VERTEX_POINT('',#4298);
#1587=VERTEX_POINT('',#4300);
#1588=VERTEX_POINT('',#4302);
#1589=VERTEX_POINT('',#4304);
#1590=VERTEX_POINT('',#4306);
#1591=VERTEX_POINT('',#4308);
#1592=VERTEX_POINT('',#4310);
#1593=VERTEX_POINT('',#4312);
#1594=VERTEX_POINT('',#4314);
#1595=VERTEX_POINT('',#4316);
#1596=VERTEX_POINT('',#4318);
#1597=VERTEX_POINT('',#4320);
#1598=VERTEX_POINT('',#4322);
#1599=VERTEX_POINT('',#4324);
#1600=VERTEX_POINT('',#4326);
#1601=VERTEX_POINT('',#4328);
#1602=VERTEX_POINT('',#4329);
#1603=VERTEX_POINT('',#4331);
#1604=VERTEX_POINT('',#4333);
#1605=VERTEX_POINT('',#4337);
#1606=VERTEX_POINT('',#4340);
#1607=VERTEX_POINT('',#4342);
#1608=VERTEX_POINT('',#4345);
#1609=VERTEX_POINT('',#4346);
#1610=VERTEX_POINT('',#4348);
#1611=VERTEX_POINT('',#4365);
#1612=VERTEX_POINT('',#4366);
#1613=VERTEX_POINT('',#4368);
#1614=VERTEX_POINT('',#4370);
#1615=VERTEX_POINT('',#4374);
#1616=VERTEX_POINT('',#4377);
#1617=VERTEX_POINT('',#4380);
#1618=VERTEX_POINT('',#4383);
#1619=VERTEX_POINT('',#4386);
#1620=VERTEX_POINT('',#4389);
#1621=VERTEX_POINT('',#4392);
#1622=VERTEX_POINT('',#4395);
#1623=VERTEX_POINT('',#4398);
#1624=VERTEX_POINT('',#4401);
#1625=VERTEX_POINT('',#4404);
#1626=VERTEX_POINT('',#4407);
#1627=VERTEX_POINT('',#4410);
#1628=VERTEX_POINT('',#4413);
#1629=VERTEX_POINT('',#4416);
#1630=VERTEX_POINT('',#4419);
#1631=VERTEX_POINT('',#4422);
#1632=VERTEX_POINT('',#4425);
#1633=VERTEX_POINT('',#4428);
#1634=VERTEX_POINT('',#4431);
#1635=VERTEX_POINT('',#4434);
#1636=VERTEX_POINT('',#4437);
#1637=VERTEX_POINT('',#4439);
#1638=VERTEX_POINT('',#4450);
#1639=VERTEX_POINT('',#4456);
#1640=VERTEX_POINT('',#4463);
#1641=VERTEX_POINT('',#4465);
#1642=VERTEX_POINT('',#4472);
#1643=VERTEX_POINT('',#4482);
#1644=VERTEX_POINT('',#4483);
#1645=VERTEX_POINT('',#4485);
#1646=VERTEX_POINT('',#4490);
#1647=VERTEX_POINT('',#4495);
#1648=VERTEX_POINT('',#4497);
#1649=VERTEX_POINT('',#4504);
#1650=VERTEX_POINT('',#4505);
#1651=VERTEX_POINT('',#4530);
#1652=VERTEX_POINT('',#4535);
#1653=VERTEX_POINT('',#4537);
#1654=VERTEX_POINT('',#4540);
#1655=VERTEX_POINT('',#4541);
#1656=VERTEX_POINT('',#4543);
#1657=VERTEX_POINT('',#4545);
#1658=VERTEX_POINT('',#4547);
#1659=VERTEX_POINT('',#4549);
#1660=VERTEX_POINT('',#4552);
#1661=VERTEX_POINT('',#4553);
#1662=VERTEX_POINT('',#4555);
#1663=VERTEX_POINT('',#4557);
#1664=VERTEX_POINT('',#4559);
#1665=VERTEX_POINT('',#4561);
#1666=VERTEX_POINT('',#4564);
#1667=VERTEX_POINT('',#4565);
#1668=VERTEX_POINT('',#4567);
#1669=VERTEX_POINT('',#4569);
#1670=VERTEX_POINT('',#4571);
#1671=VERTEX_POINT('',#4573);
#1672=VERTEX_POINT('',#4576);
#1673=VERTEX_POINT('',#4577);
#1674=VERTEX_POINT('',#4579);
#1675=VERTEX_POINT('',#4581);
#1676=VERTEX_POINT('',#4583);
#1677=VERTEX_POINT('',#4585);
#1678=VERTEX_POINT('',#4589);
#1679=VERTEX_POINT('',#4590);
#1680=VERTEX_POINT('',#4592);
#1681=VERTEX_POINT('',#4594);
#1682=VERTEX_POINT('',#4597);
#1683=VERTEX_POINT('',#4600);
#1684=VERTEX_POINT('',#4602);
#1685=VERTEX_POINT('',#4606);
#1686=VERTEX_POINT('',#4610);
#1687=VERTEX_POINT('',#4614);
#1688=VERTEX_POINT('',#4618);
#1689=VERTEX_POINT('',#4624);
#1690=VERTEX_POINT('',#4625);
#1691=VERTEX_POINT('',#4627);
#1692=VERTEX_POINT('',#4629);
#1693=VERTEX_POINT('',#4631);
#1694=VERTEX_POINT('',#4633);
#1695=VERTEX_POINT('',#4637);
#1696=VERTEX_POINT('',#4639);
#1697=VERTEX_POINT('',#4643);
#1698=VERTEX_POINT('',#4647);
#1699=VERTEX_POINT('',#4651);
#1700=VERTEX_POINT('',#4655);
#1701=VERTEX_POINT('',#4661);
#1702=VERTEX_POINT('',#4662);
#1703=VERTEX_POINT('',#4664);
#1704=VERTEX_POINT('',#4666);
#1705=VERTEX_POINT('',#4668);
#1706=VERTEX_POINT('',#4670);
#1707=VERTEX_POINT('',#4674);
#1708=VERTEX_POINT('',#4676);
#1709=VERTEX_POINT('',#4680);
#1710=VERTEX_POINT('',#4684);
#1711=VERTEX_POINT('',#4688);
#1712=VERTEX_POINT('',#4692);
#1713=VERTEX_POINT('',#4698);
#1714=VERTEX_POINT('',#4699);
#1715=VERTEX_POINT('',#4701);
#1716=VERTEX_POINT('',#4703);
#1717=VERTEX_POINT('',#4705);
#1718=VERTEX_POINT('',#4707);
#1719=VERTEX_POINT('',#4711);
#1720=VERTEX_POINT('',#4713);
#1721=VERTEX_POINT('',#4717);
#1722=VERTEX_POINT('',#4721);
#1723=VERTEX_POINT('',#4725);
#1724=VERTEX_POINT('',#4729);
#1725=VERTEX_POINT('',#4735);
#1726=VERTEX_POINT('',#4736);
#1727=VERTEX_POINT('',#4738);
#1728=VERTEX_POINT('',#4740);
#1729=VERTEX_POINT('',#4742);
#1730=VERTEX_POINT('',#4744);
#1731=VERTEX_POINT('',#4751);
#1732=VERTEX_POINT('',#4753);
#1733=VERTEX_POINT('',#4755);
#1734=VERTEX_POINT('',#4759);
#1735=VERTEX_POINT('',#4760);
#1736=VERTEX_POINT('',#4762);
#1737=VERTEX_POINT('',#4767);
#1738=VERTEX_POINT('',#4774);
#1739=VERTEX_POINT('',#4775);
#1740=VERTEX_POINT('',#4777);
#1741=VERTEX_POINT('',#4779);
#1742=VERTEX_POINT('',#4783);
#1743=VERTEX_POINT('',#4784);
#1744=VERTEX_POINT('',#4786);
#1745=VERTEX_POINT('',#4788);
#1746=VERTEX_POINT('',#4994);
#1747=VERTEX_POINT('',#5003);
#1748=LINE('',#4034,#1936);
#1749=LINE('',#4039,#1937);
#1750=LINE('',#4043,#1938);
#1751=LINE('',#4048,#1939);
#1752=LINE('',#4053,#1940);
#1753=LINE('',#4061,#1941);
#1754=LINE('',#4063,#1942);
#1755=LINE('',#4065,#1943);
#1756=LINE('',#4067,#1944);
#1757=LINE('',#4068,#1945);
#1758=LINE('',#4075,#1946);
#1759=LINE('',#4077,#1947);
#1760=LINE('',#4080,#1948);
#1761=LINE('',#4087,#1949);
#1762=LINE('',#4094,#1950);
#1763=LINE('',#4095,#1951);
#1764=LINE('',#4097,#1952);
#1765=LINE('',#4099,#1953);
#1766=LINE('',#4102,#1954);
#1767=LINE('',#4106,#1955);
#1768=LINE('',#4108,#1956);
#1769=LINE('',#4110,#1957);
#1770=LINE('',#4112,#1958);
#1771=LINE('',#4114,#1959);
#1772=LINE('',#4147,#1960);
#1773=LINE('',#4153,#1961);
#1774=LINE('',#4157,#1962);
#1775=LINE('',#4167,#1963);
#1776=LINE('',#4181,#1964);
#1777=LINE('',#4185,#1965);
#1778=LINE('',#4189,#1966);
#1779=LINE('',#4191,#1967);
#1780=LINE('',#4193,#1968);
#1781=LINE('',#4195,#1969);
#1782=LINE('',#4197,#1970);
#1783=LINE('',#4201,#1971);
#1784=LINE('',#4205,#1972);
#1785=LINE('',#4207,#1973);
#1786=LINE('',#4209,#1974);
#1787=LINE('',#4211,#1975);
#1788=LINE('',#4213,#1976);
#1789=LINE('',#4227,#1977);
#1790=LINE('',#4231,#1978);
#1791=LINE('',#4245,#1979);
#1792=LINE('',#4274,#1980);
#1793=LINE('',#4278,#1981);
#1794=LINE('',#4327,#1982);
#1795=LINE('',#4332,#1983);
#1796=LINE('',#4484,#1984);
#1797=LINE('',#4496,#1985);
#1798=LINE('',#4506,#1986);
#1799=LINE('',#4533,#1987);
#1800=LINE('',#4534,#1988);
#1801=LINE('',#4538,#1989);
#1802=LINE('',#4539,#1990);
#1803=LINE('',#4542,#1991);
#1804=LINE('',#4544,#1992);
#1805=LINE('',#4546,#1993);
#1806=LINE('',#4548,#1994);
#1807=LINE('',#4550,#1995);
#1808=LINE('',#4551,#1996);
#1809=LINE('',#4554,#1997);
#1810=LINE('',#4556,#1998);
#1811=LINE('',#4558,#1999);
#1812=LINE('',#4560,#2000);
#1813=LINE('',#4562,#2001);
#1814=LINE('',#4563,#2002);
#1815=LINE('',#4566,#2003);
#1816=LINE('',#4568,#2004);
#1817=LINE('',#4570,#2005);
#1818=LINE('',#4572,#2006);
#1819=LINE('',#4574,#2007);
#1820=LINE('',#4575,#2008);
#1821=LINE('',#4578,#2009);
#1822=LINE('',#4580,#2010);
#1823=LINE('',#4582,#2011);
#1824=LINE('',#4584,#2012);
#1825=LINE('',#4586,#2013);
#1826=LINE('',#4588,#2014);
#1827=LINE('',#4593,#2015);
#1828=LINE('',#4599,#2016);
#1829=LINE('',#4601,#2017);
#1830=LINE('',#4603,#2018);
#1831=LINE('',#4605,#2019);
#1832=LINE('',#4607,#2020);
#1833=LINE('',#4609,#2021);
#1834=LINE('',#4611,#2022);
#1835=LINE('',#4613,#2023);
#1836=LINE('',#4615,#2024);
#1837=LINE('',#4617,#2025);
#1838=LINE('',#4619,#2026);
#1839=LINE('',#4621,#2027);
#1840=LINE('',#4623,#2028);
#1841=LINE('',#4626,#2029);
#1842=LINE('',#4628,#2030);
#1843=LINE('',#4630,#2031);
#1844=LINE('',#4632,#2032);
#1845=LINE('',#4634,#2033);
#1846=LINE('',#4636,#2034);
#1847=LINE('',#4638,#2035);
#1848=LINE('',#4640,#2036);
#1849=LINE('',#4642,#2037);
#1850=LINE('',#4644,#2038);
#1851=LINE('',#4646,#2039);
#1852=LINE('',#4648,#2040);
#1853=LINE('',#4650,#2041);
#1854=LINE('',#4652,#2042);
#1855=LINE('',#4654,#2043);
#1856=LINE('',#4656,#2044);
#1857=LINE('',#4658,#2045);
#1858=LINE('',#4660,#2046);
#1859=LINE('',#4663,#2047);
#1860=LINE('',#4665,#2048);
#1861=LINE('',#4667,#2049);
#1862=LINE('',#4669,#2050);
#1863=LINE('',#4671,#2051);
#1864=LINE('',#4673,#2052);
#1865=LINE('',#4675,#2053);
#1866=LINE('',#4677,#2054);
#1867=LINE('',#4679,#2055);
#1868=LINE('',#4681,#2056);
#1869=LINE('',#4683,#2057);
#1870=LINE('',#4685,#2058);
#1871=LINE('',#4687,#2059);
#1872=LINE('',#4689,#2060);
#1873=LINE('',#4691,#2061);
#1874=LINE('',#4693,#2062);
#1875=LINE('',#4695,#2063);
#1876=LINE('',#4697,#2064);
#1877=LINE('',#4700,#2065);
#1878=LINE('',#4702,#2066);
#1879=LINE('',#4704,#2067);
#1880=LINE('',#4706,#2068);
#1881=LINE('',#4708,#2069);
#1882=LINE('',#4710,#2070);
#1883=LINE('',#4712,#2071);
#1884=LINE('',#4714,#2072);
#1885=LINE('',#4716,#2073);
#1886=LINE('',#4718,#2074);
#1887=LINE('',#4720,#2075);
#1888=LINE('',#4722,#2076);
#1889=LINE('',#4724,#2077);
#1890=LINE('',#4726,#2078);
#1891=LINE('',#4728,#2079);
#1892=LINE('',#4730,#2080);
#1893=LINE('',#4732,#2081);
#1894=LINE('',#4734,#2082);
#1895=LINE('',#4737,#2083);
#1896=LINE('',#4739,#2084);
#1897=LINE('',#4741,#2085);
#1898=LINE('',#4743,#2086);
#1899=LINE('',#4745,#2087);
#1900=LINE('',#4752,#2088);
#1901=LINE('',#4754,#2089);
#1902=LINE('',#4756,#2090);
#1903=LINE('',#4758,#2091);
#1904=LINE('',#4761,#2092);
#1905=LINE('',#4768,#2093);
#1906=LINE('',#4773,#2094);
#1907=LINE('',#4778,#2095);
#1908=LINE('',#4780,#2096);
#1909=LINE('',#4782,#2097);
#1910=LINE('',#4787,#2098);
#1911=LINE('',#4789,#2099);
#1912=LINE('',#4927,#2100);
#1913=LINE('',#4928,#2101);
#1914=LINE('',#4930,#2102);
#1915=LINE('',#4932,#2103);
#1916=LINE('',#4934,#2104);
#1917=LINE('',#4936,#2105);
#1918=LINE('',#4939,#2106);
#1919=LINE('',#4940,#2107);
#1920=LINE('',#4942,#2108);
#1921=LINE('',#4944,#2109);
#1922=LINE('',#4946,#2110);
#1923=LINE('',#4948,#2111);
#1924=LINE('',#4951,#2112);
#1925=LINE('',#4952,#2113);
#1926=LINE('',#4954,#2114);
#1927=LINE('',#4956,#2115);
#1928=LINE('',#4958,#2116);
#1929=LINE('',#4960,#2117);
#1930=LINE('',#4963,#2118);
#1931=LINE('',#4964,#2119);
#1932=LINE('',#4966,#2120);
#1933=LINE('',#4968,#2121);
#1934=LINE('',#4970,#2122);
#1935=LINE('',#4972,#2123);
#1936=VECTOR('',#3220,1.);
#1937=VECTOR('',#3223,1.);
#1938=VECTOR('',#3228,1.);
#1939=VECTOR('',#3231,1.);
#1940=VECTOR('',#3238,1.);
#1941=VECTOR('',#3241,1.);
#1942=VECTOR('',#3242,1.);
#1943=VECTOR('',#3243,1.);
#1944=VECTOR('',#3244,1.);
#1945=VECTOR('',#3245,1.);
#1946=VECTOR('',#3246,1.);
#1947=VECTOR('',#3249,1.);
#1948=VECTOR('',#3250,1.);
#1949=VECTOR('',#3251,1.);
#1950=VECTOR('',#3252,1.);
#1951=VECTOR('',#3253,1.);
#1952=VECTOR('',#3254,1.);
#1953=VECTOR('',#3257,1.);
#1954=VECTOR('',#3258,1.);
#1955=VECTOR('',#3261,1.);
#1956=VECTOR('',#3262,1.);
#1957=VECTOR('',#3263,1.);
#1958=VECTOR('',#3264,1.);
#1959=VECTOR('',#3265,1.);
#1960=VECTOR('',#3294,1.);
#1961=VECTOR('',#3301,1.);
#1962=VECTOR('',#3306,1.);
#1963=VECTOR('',#3311,1.);
#1964=VECTOR('',#3334,1.);
#1965=VECTOR('',#3337,1.);
#1966=VECTOR('',#3342,1.);
#1967=VECTOR('',#3345,1.);
#1968=VECTOR('',#3348,1.);
#1969=VECTOR('',#3349,1.);
#1970=VECTOR('',#3352,1.);
#1971=VECTOR('',#3357,1.);
#1972=VECTOR('',#3360,1.);
#1973=VECTOR('',#3363,1.);
#1974=VECTOR('',#3366,1.);
#1975=VECTOR('',#3367,1.);
#1976=VECTOR('',#3370,1.);
#1977=VECTOR('',#3373,1.);
#1978=VECTOR('',#3376,1.);
#1979=VECTOR('',#3379,1.);
#1980=VECTOR('',#3388,1.);
#1981=VECTOR('',#3391,1.);
#1982=VECTOR('',#3442,1.);
#1983=VECTOR('',#3445,1.);
#1984=VECTOR('',#3578,1.);
#1985=VECTOR('',#3579,1.);
#1986=VECTOR('',#3584,1.);
#1987=VECTOR('',#3603,1.);
#1988=VECTOR('',#3604,1.);
#1989=VECTOR('',#3607,1.);
#1990=VECTOR('',#3608,1.);
#1991=VECTOR('',#3609,1.);
#1992=VECTOR('',#3610,1.);
#1993=VECTOR('',#3611,1.);
#1994=VECTOR('',#3612,1.);
#1995=VECTOR('',#3613,1.);
#1996=VECTOR('',#3614,1.);
#1997=VECTOR('',#3615,1.);
#1998=VECTOR('',#3616,1.);
#1999=VECTOR('',#3617,1.);
#2000=VECTOR('',#3618,1.);
#2001=VECTOR('',#3619,1.);
#2002=VECTOR('',#3620,1.);
#2003=VECTOR('',#3621,1.);
#2004=VECTOR('',#3622,1.);
#2005=VECTOR('',#3623,1.);
#2006=VECTOR('',#3624,1.);
#2007=VECTOR('',#3625,1.);
#2008=VECTOR('',#3626,1.);
#2009=VECTOR('',#3627,1.);
#2010=VECTOR('',#3628,1.);
#2011=VECTOR('',#3629,1.);
#2012=VECTOR('',#3630,1.);
#2013=VECTOR('',#3631,1.);
#2014=VECTOR('',#3634,1.);
#2015=VECTOR('',#3637,1.);
#2016=VECTOR('',#3644,1.);
#2017=VECTOR('',#3645,1.);
#2018=VECTOR('',#3646,1.);
#2019=VECTOR('',#3649,1.);
#2020=VECTOR('',#3650,1.);
#2021=VECTOR('',#3653,1.);
#2022=VECTOR('',#3654,1.);
#2023=VECTOR('',#3657,1.);
#2024=VECTOR('',#3658,1.);
#2025=VECTOR('',#3661,1.);
#2026=VECTOR('',#3662,1.);
#2027=VECTOR('',#3665,1.);
#2028=VECTOR('',#3668,1.);
#2029=VECTOR('',#3669,1.);
#2030=VECTOR('',#3670,1.);
#2031=VECTOR('',#3671,1.);
#2032=VECTOR('',#3672,1.);
#2033=VECTOR('',#3673,1.);
#2034=VECTOR('',#3676,1.);
#2035=VECTOR('',#3677,1.);
#2036=VECTOR('',#3678,1.);
#2037=VECTOR('',#3681,1.);
#2038=VECTOR('',#3682,1.);
#2039=VECTOR('',#3685,1.);
#2040=VECTOR('',#3686,1.);
#2041=VECTOR('',#3689,1.);
#2042=VECTOR('',#3690,1.);
#2043=VECTOR('',#3693,1.);
#2044=VECTOR('',#3694,1.);
#2045=VECTOR('',#3697,1.);
#2046=VECTOR('',#3700,1.);
#2047=VECTOR('',#3701,1.);
#2048=VECTOR('',#3702,1.);
#2049=VECTOR('',#3703,1.);
#2050=VECTOR('',#3704,1.);
#2051=VECTOR('',#3705,1.);
#2052=VECTOR('',#3708,1.);
#2053=VECTOR('',#3709,1.);
#2054=VECTOR('',#3710,1.);
#2055=VECTOR('',#3713,1.);
#2056=VECTOR('',#3714,1.);
#2057=VECTOR('',#3717,1.);
#2058=VECTOR('',#3718,1.);
#2059=VECTOR('',#3721,1.);
#2060=VECTOR('',#3722,1.);
#2061=VECTOR('',#3725,1.);
#2062=VECTOR('',#3726,1.);
#2063=VECTOR('',#3729,1.);
#2064=VECTOR('',#3732,1.);
#2065=VECTOR('',#3733,1.);
#2066=VECTOR('',#3734,1.);
#2067=VECTOR('',#3735,1.);
#2068=VECTOR('',#3736,1.);
#2069=VECTOR('',#3737,1.);
#2070=VECTOR('',#3740,1.);
#2071=VECTOR('',#3741,1.);
#2072=VECTOR('',#3742,1.);
#2073=VECTOR('',#3745,1.);
#2074=VECTOR('',#3746,1.);
#2075=VECTOR('',#3749,1.);
#2076=VECTOR('',#3750,1.);
#2077=VECTOR('',#3753,1.);
#2078=VECTOR('',#3754,1.);
#2079=VECTOR('',#3757,1.);
#2080=VECTOR('',#3758,1.);
#2081=VECTOR('',#3761,1.);
#2082=VECTOR('',#3764,1.);
#2083=VECTOR('',#3765,1.);
#2084=VECTOR('',#3766,1.);
#2085=VECTOR('',#3767,1.);
#2086=VECTOR('',#3768,1.);
#2087=VECTOR('',#3769,1.);
#2088=VECTOR('',#3772,1.);
#2089=VECTOR('',#3773,1.);
#2090=VECTOR('',#3774,1.);
#2091=VECTOR('',#3777,1.);
#2092=VECTOR('',#3778,1.);
#2093=VECTOR('',#3779,1.);
#2094=VECTOR('',#3788,1.);
#2095=VECTOR('',#3791,1.);
#2096=VECTOR('',#3792,1.);
#2097=VECTOR('',#3795,1.);
#2098=VECTOR('',#3798,1.);
#2099=VECTOR('',#3799,1.);
#2100=VECTOR('',#3882,1.);
#2101=VECTOR('',#3883,1.);
#2102=VECTOR('',#3886,1.);
#2103=VECTOR('',#3889,1.);
#2104=VECTOR('',#3892,1.);
#2105=VECTOR('',#3895,1.);
#2106=VECTOR('',#3900,1.);
#2107=VECTOR('',#3901,1.);
#2108=VECTOR('',#3904,1.);
#2109=VECTOR('',#3907,1.);
#2110=VECTOR('',#3910,1.);
#2111=VECTOR('',#3913,1.);
#2112=VECTOR('',#3918,1.);
#2113=VECTOR('',#3919,1.);
#2114=VECTOR('',#3922,1.);
#2115=VECTOR('',#3925,1.);
#2116=VECTOR('',#3928,1.);
#2117=VECTOR('',#3931,1.);
#2118=VECTOR('',#3936,1.);
#2119=VECTOR('',#3937,1.);
#2120=VECTOR('',#3940,1.);
#2121=VECTOR('',#3943,1.);
#2122=VECTOR('',#3946,1.);
#2123=VECTOR('',#3949,1.);
#2124=EDGE_LOOP('',(#340,#341,#342,#343));
#2125=EDGE_LOOP('',(#344,#345,#346,#347));
#2126=EDGE_LOOP('',(#348,#349,#350,#351));
#2127=EDGE_LOOP('',(#352,#353,#354,#355,#356,#357,#358,#359,#360));
#2128=EDGE_LOOP('',(#361,#362,#363,#364,#365,#366,#367,#368,#369));
#2129=EDGE_LOOP('',(#370,#371,#372,#373,#374,#375,#376,#377));
#2130=EDGE_LOOP('',(#378,#379,#380,#381));
#2131=EDGE_LOOP('',(#382,#383,#384,#385));
#2132=EDGE_LOOP('',(#386,#387,#388,#389));
#2133=EDGE_LOOP('',(#390,#391,#392,#393));
#2134=EDGE_LOOP('',(#394,#395,#396));
#2135=EDGE_LOOP('',(#397,#398,#399));
#2136=EDGE_LOOP('',(#400,#401,#402,#403));
#2137=EDGE_LOOP('',(#404,#405,#406,#407));
#2138=EDGE_LOOP('',(#408,#409,#410,#411));
#2139=EDGE_LOOP('',(#412,#413,#414,#415));
#2140=EDGE_LOOP('',(#416,#417,#418));
#2141=EDGE_LOOP('',(#419,#420,#421));
#2142=EDGE_LOOP('',(#422,#423,#424));
#2143=EDGE_LOOP('',(#425,#426,#427));
#2144=EDGE_LOOP('',(#428,#429,#430,#431));
#2145=EDGE_LOOP('',(#432,#433,#434,#435));
#2146=EDGE_LOOP('',(#436,#437,#438,#439));
#2147=EDGE_LOOP('',(#440,#441,#442,#443));
#2148=EDGE_LOOP('',(#444,#445,#446,#447));
#2149=EDGE_LOOP('',(#448,#449,#450,#451));
#2150=EDGE_LOOP('',(#452,#453,#454,#455));
#2151=EDGE_LOOP('',(#456,#457,#458,#459));
#2152=EDGE_LOOP('',(#460,#461,#462,#463,#464,#465,#466,#467,#468,#469,#470,
#471));
#2153=EDGE_LOOP('',(#472,#473,#474,#475,#476,#477));
#2154=EDGE_LOOP('',(#478,#479,#480,#481));
#2155=EDGE_LOOP('',(#482));
#2156=EDGE_LOOP('',(#483));
#2157=EDGE_LOOP('',(#484));
#2158=EDGE_LOOP('',(#485));
#2159=EDGE_LOOP('',(#486));
#2160=EDGE_LOOP('',(#487));
#2161=EDGE_LOOP('',(#488));
#2162=EDGE_LOOP('',(#489));
#2163=EDGE_LOOP('',(#490));
#2164=EDGE_LOOP('',(#491));
#2165=EDGE_LOOP('',(#492));
#2166=EDGE_LOOP('',(#493));
#2167=EDGE_LOOP('',(#494));
#2168=EDGE_LOOP('',(#495));
#2169=EDGE_LOOP('',(#496));
#2170=EDGE_LOOP('',(#497));
#2171=EDGE_LOOP('',(#498));
#2172=EDGE_LOOP('',(#499));
#2173=EDGE_LOOP('',(#500));
#2174=EDGE_LOOP('',(#501));
#2175=EDGE_LOOP('',(#502));
#2176=EDGE_LOOP('',(#503));
#2177=EDGE_LOOP('',(#504));
#2178=EDGE_LOOP('',(#505,#506,#507,#508));
#2179=EDGE_LOOP('',(#509));
#2180=EDGE_LOOP('',(#510));
#2181=EDGE_LOOP('',(#511));
#2182=EDGE_LOOP('',(#512));
#2183=EDGE_LOOP('',(#513,#514,#515));
#2184=EDGE_LOOP('',(#516));
#2185=EDGE_LOOP('',(#517));
#2186=EDGE_LOOP('',(#518,#519,#520,#521));
#2187=EDGE_LOOP('',(#522,#523,#524,#525));
#2188=EDGE_LOOP('',(#526));
#2189=EDGE_LOOP('',(#527));
#2190=EDGE_LOOP('',(#528));
#2191=EDGE_LOOP('',(#529));
#2192=EDGE_LOOP('',(#530));
#2193=EDGE_LOOP('',(#531));
#2194=EDGE_LOOP('',(#532));
#2195=EDGE_LOOP('',(#533));
#2196=EDGE_LOOP('',(#534));
#2197=EDGE_LOOP('',(#535));
#2198=EDGE_LOOP('',(#536));
#2199=EDGE_LOOP('',(#537));
#2200=EDGE_LOOP('',(#538));
#2201=EDGE_LOOP('',(#539));
#2202=EDGE_LOOP('',(#540));
#2203=EDGE_LOOP('',(#541));
#2204=EDGE_LOOP('',(#542));
#2205=EDGE_LOOP('',(#543));
#2206=EDGE_LOOP('',(#544));
#2207=EDGE_LOOP('',(#545));
#2208=EDGE_LOOP('',(#546));
#2209=EDGE_LOOP('',(#547));
#2210=EDGE_LOOP('',(#548));
#2211=EDGE_LOOP('',(#549));
#2212=EDGE_LOOP('',(#550));
#2213=EDGE_LOOP('',(#551));
#2214=EDGE_LOOP('',(#552));
#2215=EDGE_LOOP('',(#553));
#2216=EDGE_LOOP('',(#554));
#2217=EDGE_LOOP('',(#555));
#2218=EDGE_LOOP('',(#556));
#2219=EDGE_LOOP('',(#557));
#2220=EDGE_LOOP('',(#558));
#2221=EDGE_LOOP('',(#559));
#2222=EDGE_LOOP('',(#560));
#2223=EDGE_LOOP('',(#561));
#2224=EDGE_LOOP('',(#562));
#2225=EDGE_LOOP('',(#563));
#2226=EDGE_LOOP('',(#564));
#2227=EDGE_LOOP('',(#565));
#2228=EDGE_LOOP('',(#566));
#2229=EDGE_LOOP('',(#567));
#2230=EDGE_LOOP('',(#568,#569,#570,#571));
#2231=EDGE_LOOP('',(#572,#573,#574,#575,#576,#577,#578,#579,#580,#581));
#2232=EDGE_LOOP('',(#582,#583,#584,#585,#586,#587));
#2233=EDGE_LOOP('',(#588,#589));
#2234=EDGE_LOOP('',(#590,#591,#592,#593));
#2235=EDGE_LOOP('',(#594,#595,#596,#597));
#2236=EDGE_LOOP('',(#598,#599,#600,#601));
#2237=EDGE_LOOP('',(#602,#603,#604,#605));
#2238=EDGE_LOOP('',(#606,#607,#608,#609,#610,#611));
#2239=EDGE_LOOP('',(#612,#613,#614,#615,#616,#617));
#2240=EDGE_LOOP('',(#618,#619,#620,#621,#622,#623));
#2241=EDGE_LOOP('',(#624,#625,#626,#627,#628,#629));
#2242=EDGE_LOOP('',(#630,#631,#632,#633,#634,#635));
#2243=EDGE_LOOP('',(#636,#637,#638,#639));
#2244=EDGE_LOOP('',(#640));
#2245=EDGE_LOOP('',(#641,#642,#643,#644));
#2246=EDGE_LOOP('',(#645,#646,#647,#648));
#2247=EDGE_LOOP('',(#649,#650,#651,#652));
#2248=EDGE_LOOP('',(#653,#654,#655,#656));
#2249=EDGE_LOOP('',(#657,#658,#659,#660));
#2250=EDGE_LOOP('',(#661,#662,#663,#664));
#2251=EDGE_LOOP('',(#665,#666,#667,#668,#669,#670));
#2252=EDGE_LOOP('',(#671,#672,#673,#674));
#2253=EDGE_LOOP('',(#675,#676,#677,#678));
#2254=EDGE_LOOP('',(#679,#680,#681,#682));
#2255=EDGE_LOOP('',(#683,#684,#685,#686));
#2256=EDGE_LOOP('',(#687,#688,#689,#690));
#2257=EDGE_LOOP('',(#691,#692,#693,#694));
#2258=EDGE_LOOP('',(#695,#696,#697,#698,#699,#700));
#2259=EDGE_LOOP('',(#701,#702,#703,#704));
#2260=EDGE_LOOP('',(#705,#706,#707,#708));
#2261=EDGE_LOOP('',(#709,#710,#711,#712));
#2262=EDGE_LOOP('',(#713,#714,#715,#716));
#2263=EDGE_LOOP('',(#717,#718,#719,#720));
#2264=EDGE_LOOP('',(#721,#722,#723,#724));
#2265=EDGE_LOOP('',(#725,#726,#727,#728,#729,#730));
#2266=EDGE_LOOP('',(#731,#732,#733,#734));
#2267=EDGE_LOOP('',(#735,#736,#737,#738));
#2268=EDGE_LOOP('',(#739,#740,#741,#742));
#2269=EDGE_LOOP('',(#743,#744,#745,#746));
#2270=EDGE_LOOP('',(#747,#748,#749,#750));
#2271=EDGE_LOOP('',(#751,#752,#753,#754));
#2272=EDGE_LOOP('',(#755,#756,#757,#758,#759,#760));
#2273=EDGE_LOOP('',(#761,#762,#763,#764));
#2274=EDGE_LOOP('',(#765,#766,#767,#768));
#2275=EDGE_LOOP('',(#769,#770,#771,#772));
#2276=EDGE_LOOP('',(#773,#774,#775,#776));
#2277=EDGE_LOOP('',(#777,#778,#779,#780));
#2278=EDGE_LOOP('',(#781,#782,#783,#784));
#2279=EDGE_LOOP('',(#785,#786,#787,#788));
#2280=EDGE_LOOP('',(#789,#790,#791,#792));
#2281=EDGE_LOOP('',(#793,#794,#795));
#2282=EDGE_LOOP('',(#796,#797,#798));
#2283=EDGE_LOOP('',(#799,#800,#801,#802));
#2284=EDGE_LOOP('',(#803));
#2285=EDGE_LOOP('',(#804));
#2286=EDGE_LOOP('',(#805));
#2287=EDGE_LOOP('',(#806));
#2288=EDGE_LOOP('',(#807));
#2289=EDGE_LOOP('',(#808));
#2290=EDGE_LOOP('',(#809));
#2291=EDGE_LOOP('',(#810));
#2292=EDGE_LOOP('',(#811));
#2293=EDGE_LOOP('',(#812));
#2294=EDGE_LOOP('',(#813));
#2295=EDGE_LOOP('',(#814));
#2296=EDGE_LOOP('',(#815));
#2297=EDGE_LOOP('',(#816));
#2298=EDGE_LOOP('',(#817));
#2299=EDGE_LOOP('',(#818));
#2300=EDGE_LOOP('',(#819));
#2301=EDGE_LOOP('',(#820));
#2302=EDGE_LOOP('',(#821));
#2303=EDGE_LOOP('',(#822));
#2304=EDGE_LOOP('',(#823));
#2305=EDGE_LOOP('',(#824));
#2306=EDGE_LOOP('',(#825,#826,#827,#828));
#2307=EDGE_LOOP('',(#829,#830,#831));
#2308=EDGE_LOOP('',(#832,#833,#834));
#2309=EDGE_LOOP('',(#835,#836,#837,#838));
#2310=EDGE_LOOP('',(#839,#840,#841,#842));
#2311=EDGE_LOOP('',(#843,#844,#845));
#2312=EDGE_LOOP('',(#846,#847,#848));
#2313=EDGE_LOOP('',(#849,#850,#851,#852));
#2314=EDGE_LOOP('',(#853,#854,#855,#856));
#2315=EDGE_LOOP('',(#857,#858,#859,#860));
#2316=EDGE_LOOP('',(#861,#862,#863,#864));
#2317=EDGE_LOOP('',(#865,#866,#867,#868));
#2318=EDGE_LOOP('',(#869,#870,#871,#872));
#2319=EDGE_LOOP('',(#873,#874,#875,#876));
#2320=EDGE_LOOP('',(#877,#878,#879));
#2321=EDGE_LOOP('',(#880,#881,#882,#883));
#2322=EDGE_LOOP('',(#884,#885,#886,#887));
#2323=EDGE_LOOP('',(#888,#889,#890,#891));
#2324=EDGE_LOOP('',(#892,#893,#894,#895));
#2325=EDGE_LOOP('',(#896,#897,#898,#899));
#2326=EDGE_LOOP('',(#900,#901,#902,#903));
#2327=EDGE_LOOP('',(#904,#905,#906,#907));
#2328=EDGE_LOOP('',(#908,#909,#910,#911));
#2329=EDGE_LOOP('',(#912,#913,#914,#915));
#2330=EDGE_LOOP('',(#916,#917,#918,#919));
#2331=EDGE_LOOP('',(#920,#921,#922,#923));
#2332=EDGE_LOOP('',(#924,#925,#926,#927));
#2333=EDGE_LOOP('',(#928,#929,#930,#931));
#2334=EDGE_LOOP('',(#932,#933,#934,#935));
#2335=EDGE_LOOP('',(#936,#937,#938,#939));
#2336=EDGE_LOOP('',(#940,#941,#942,#943));
#2337=EDGE_LOOP('',(#944,#945,#946,#947));
#2338=EDGE_LOOP('',(#948,#949,#950,#951));
#2339=EDGE_LOOP('',(#952,#953,#954,#955));
#2340=EDGE_LOOP('',(#956,#957,#958,#959));
#2341=EDGE_LOOP('',(#960,#961,#962,#963));
#2342=EDGE_LOOP('',(#964,#965,#966,#967));
#2343=EDGE_LOOP('',(#968,#969,#970,#971));
#2344=EDGE_LOOP('',(#972,#973,#974,#975));
#2345=EDGE_LOOP('',(#976,#977,#978,#979));
#2346=EDGE_LOOP('',(#980,#981,#982,#983));
#2347=EDGE_LOOP('',(#984,#985,#986,#987));
#2348=EDGE_LOOP('',(#988,#989,#990,#991));
#2349=EDGE_LOOP('',(#992,#993,#994,#995));
#2350=EDGE_LOOP('',(#996,#997,#998,#999));
#2351=EDGE_LOOP('',(#1000,#1001,#1002,#1003));
#2352=EDGE_LOOP('',(#1004,#1005,#1006,#1007));
#2353=EDGE_LOOP('',(#1008,#1009,#1010));
#2354=EDGE_LOOP('',(#1011,#1012,#1013));
#2355=EDGE_LOOP('',(#1014,#1015,#1016,#1017));
#2356=EDGE_LOOP('',(#1018));
#2357=EDGE_LOOP('',(#1019));
#2358=EDGE_LOOP('',(#1020,#1021,#1022,#1023,#1024,#1025));
#2359=EDGE_LOOP('',(#1026,#1027,#1028,#1029));
#2360=EDGE_LOOP('',(#1030,#1031,#1032));
#2361=EDGE_LOOP('',(#1033,#1034,#1035,#1036));
#2362=EDGE_LOOP('',(#1037,#1038,#1039));
#2363=EDGE_LOOP('',(#1040,#1041,#1042,#1043));
#2364=EDGE_LOOP('',(#1044,#1045,#1046));
#2365=EDGE_LOOP('',(#1047,#1048,#1049,#1050));
#2366=EDGE_LOOP('',(#1051,#1052,#1053,#1054));
#2367=EDGE_LOOP('',(#1055,#1056,#1057,#1058));
#2368=EDGE_LOOP('',(#1059,#1060,#1061,#1062));
#2369=EDGE_LOOP('',(#1063,#1064,#1065,#1066));
#2370=EDGE_LOOP('',(#1067,#1068,#1069,#1070));
#2371=EDGE_LOOP('',(#1071,#1072,#1073,#1074));
#2372=EDGE_LOOP('',(#1075,#1076,#1077,#1078));
#2373=EDGE_LOOP('',(#1079,#1080,#1081));
#2374=EDGE_LOOP('',(#1082,#1083,#1084));
#2375=EDGE_LOOP('',(#1085,#1086,#1087,#1088));
#2376=EDGE_LOOP('',(#1089,#1090,#1091,#1092));
#2377=EDGE_LOOP('',(#1093,#1094,#1095,#1096));
#2378=EDGE_LOOP('',(#1097,#1098,#1099,#1100));
#2379=EDGE_LOOP('',(#1101,#1102,#1103,#1104));
#2380=EDGE_LOOP('',(#1105,#1106,#1107,#1108));
#2381=EDGE_LOOP('',(#1109,#1110,#1111,#1112));
#2382=EDGE_LOOP('',(#1113,#1114,#1115,#1116));
#2383=EDGE_LOOP('',(#1117,#1118,#1119));
#2384=FACE_BOUND('',#2124,.T.);
#2385=FACE_BOUND('',#2125,.T.);
#2386=FACE_BOUND('',#2126,.T.);
#2387=FACE_BOUND('',#2127,.T.);
#2388=FACE_BOUND('',#2128,.T.);
#2389=FACE_BOUND('',#2129,.T.);
#2390=FACE_BOUND('',#2130,.T.);
#2391=FACE_BOUND('',#2131,.T.);
#2392=FACE_BOUND('',#2132,.T.);
#2393=FACE_BOUND('',#2133,.T.);
#2394=FACE_BOUND('',#2134,.T.);
#2395=FACE_BOUND('',#2135,.T.);
#2396=FACE_BOUND('',#2136,.T.);
#2397=FACE_BOUND('',#2137,.T.);
#2398=FACE_BOUND('',#2138,.T.);
#2399=FACE_BOUND('',#2139,.T.);
#2400=FACE_BOUND('',#2140,.T.);
#2401=FACE_BOUND('',#2141,.T.);
#2402=FACE_BOUND('',#2142,.T.);
#2403=FACE_BOUND('',#2143,.T.);
#2404=FACE_BOUND('',#2144,.T.);
#2405=FACE_BOUND('',#2145,.T.);
#2406=FACE_BOUND('',#2146,.T.);
#2407=FACE_BOUND('',#2147,.T.);
#2408=FACE_BOUND('',#2148,.T.);
#2409=FACE_BOUND('',#2149,.T.);
#2410=FACE_BOUND('',#2150,.T.);
#2411=FACE_BOUND('',#2151,.T.);
#2412=FACE_BOUND('',#2152,.T.);
#2413=FACE_BOUND('',#2153,.T.);
#2414=FACE_BOUND('',#2154,.T.);
#2415=FACE_BOUND('',#2155,.T.);
#2416=FACE_BOUND('',#2156,.T.);
#2417=FACE_BOUND('',#2157,.T.);
#2418=FACE_BOUND('',#2158,.T.);
#2419=FACE_BOUND('',#2159,.T.);
#2420=FACE_BOUND('',#2160,.T.);
#2421=FACE_BOUND('',#2161,.T.);
#2422=FACE_BOUND('',#2162,.T.);
#2423=FACE_BOUND('',#2163,.T.);
#2424=FACE_BOUND('',#2164,.T.);
#2425=FACE_BOUND('',#2165,.T.);
#2426=FACE_BOUND('',#2166,.T.);
#2427=FACE_BOUND('',#2167,.T.);
#2428=FACE_BOUND('',#2168,.T.);
#2429=FACE_BOUND('',#2169,.T.);
#2430=FACE_BOUND('',#2170,.T.);
#2431=FACE_BOUND('',#2171,.T.);
#2432=FACE_BOUND('',#2172,.T.);
#2433=FACE_BOUND('',#2173,.T.);
#2434=FACE_BOUND('',#2174,.T.);
#2435=FACE_BOUND('',#2175,.T.);
#2436=FACE_BOUND('',#2176,.T.);
#2437=FACE_BOUND('',#2177,.T.);
#2438=FACE_BOUND('',#2178,.T.);
#2439=FACE_BOUND('',#2179,.T.);
#2440=FACE_BOUND('',#2180,.T.);
#2441=FACE_BOUND('',#2181,.T.);
#2442=FACE_BOUND('',#2182,.T.);
#2443=FACE_BOUND('',#2183,.T.);
#2444=FACE_BOUND('',#2184,.T.);
#2445=FACE_BOUND('',#2185,.T.);
#2446=FACE_BOUND('',#2186,.T.);
#2447=FACE_BOUND('',#2187,.T.);
#2448=FACE_BOUND('',#2188,.T.);
#2449=FACE_BOUND('',#2189,.T.);
#2450=FACE_BOUND('',#2190,.T.);
#2451=FACE_BOUND('',#2191,.T.);
#2452=FACE_BOUND('',#2192,.T.);
#2453=FACE_BOUND('',#2193,.T.);
#2454=FACE_BOUND('',#2194,.T.);
#2455=FACE_BOUND('',#2195,.T.);
#2456=FACE_BOUND('',#2196,.T.);
#2457=FACE_BOUND('',#2197,.T.);
#2458=FACE_BOUND('',#2198,.T.);
#2459=FACE_BOUND('',#2199,.T.);
#2460=FACE_BOUND('',#2200,.T.);
#2461=FACE_BOUND('',#2201,.T.);
#2462=FACE_BOUND('',#2202,.T.);
#2463=FACE_BOUND('',#2203,.T.);
#2464=FACE_BOUND('',#2204,.T.);
#2465=FACE_BOUND('',#2205,.T.);
#2466=FACE_BOUND('',#2206,.T.);
#2467=FACE_BOUND('',#2207,.T.);
#2468=FACE_BOUND('',#2208,.T.);
#2469=FACE_BOUND('',#2209,.T.);
#2470=FACE_BOUND('',#2210,.T.);
#2471=FACE_BOUND('',#2211,.T.);
#2472=FACE_BOUND('',#2212,.T.);
#2473=FACE_BOUND('',#2213,.T.);
#2474=FACE_BOUND('',#2214,.T.);
#2475=FACE_BOUND('',#2215,.T.);
#2476=FACE_BOUND('',#2216,.T.);
#2477=FACE_BOUND('',#2217,.T.);
#2478=FACE_BOUND('',#2218,.T.);
#2479=FACE_BOUND('',#2219,.T.);
#2480=FACE_BOUND('',#2220,.T.);
#2481=FACE_BOUND('',#2221,.T.);
#2482=FACE_BOUND('',#2222,.T.);
#2483=FACE_BOUND('',#2223,.T.);
#2484=FACE_BOUND('',#2224,.T.);
#2485=FACE_BOUND('',#2225,.T.);
#2486=FACE_BOUND('',#2226,.T.);
#2487=FACE_BOUND('',#2227,.T.);
#2488=FACE_BOUND('',#2228,.T.);
#2489=FACE_BOUND('',#2229,.T.);
#2490=FACE_BOUND('',#2230,.T.);
#2491=FACE_BOUND('',#2231,.T.);
#2492=FACE_BOUND('',#2232,.T.);
#2493=FACE_BOUND('',#2233,.T.);
#2494=FACE_BOUND('',#2234,.T.);
#2495=FACE_BOUND('',#2235,.T.);
#2496=FACE_BOUND('',#2236,.T.);
#2497=FACE_BOUND('',#2237,.T.);
#2498=FACE_BOUND('',#2238,.T.);
#2499=FACE_BOUND('',#2239,.T.);
#2500=FACE_BOUND('',#2240,.T.);
#2501=FACE_BOUND('',#2241,.T.);
#2502=FACE_BOUND('',#2242,.T.);
#2503=FACE_BOUND('',#2243,.T.);
#2504=FACE_BOUND('',#2244,.T.);
#2505=FACE_BOUND('',#2245,.T.);
#2506=FACE_BOUND('',#2246,.T.);
#2507=FACE_BOUND('',#2247,.T.);
#2508=FACE_BOUND('',#2248,.T.);
#2509=FACE_BOUND('',#2249,.T.);
#2510=FACE_BOUND('',#2250,.T.);
#2511=FACE_BOUND('',#2251,.T.);
#2512=FACE_BOUND('',#2252,.T.);
#2513=FACE_BOUND('',#2253,.T.);
#2514=FACE_BOUND('',#2254,.T.);
#2515=FACE_BOUND('',#2255,.T.);
#2516=FACE_BOUND('',#2256,.T.);
#2517=FACE_BOUND('',#2257,.T.);
#2518=FACE_BOUND('',#2258,.T.);
#2519=FACE_BOUND('',#2259,.T.);
#2520=FACE_BOUND('',#2260,.T.);
#2521=FACE_BOUND('',#2261,.T.);
#2522=FACE_BOUND('',#2262,.T.);
#2523=FACE_BOUND('',#2263,.T.);
#2524=FACE_BOUND('',#2264,.T.);
#2525=FACE_BOUND('',#2265,.T.);
#2526=FACE_BOUND('',#2266,.T.);
#2527=FACE_BOUND('',#2267,.T.);
#2528=FACE_BOUND('',#2268,.T.);
#2529=FACE_BOUND('',#2269,.T.);
#2530=FACE_BOUND('',#2270,.T.);
#2531=FACE_BOUND('',#2271,.T.);
#2532=FACE_BOUND('',#2272,.T.);
#2533=FACE_BOUND('',#2273,.T.);
#2534=FACE_BOUND('',#2274,.T.);
#2535=FACE_BOUND('',#2275,.T.);
#2536=FACE_BOUND('',#2276,.T.);
#2537=FACE_BOUND('',#2277,.T.);
#2538=FACE_BOUND('',#2278,.T.);
#2539=FACE_BOUND('',#2279,.T.);
#2540=FACE_BOUND('',#2280,.T.);
#2541=FACE_BOUND('',#2281,.T.);
#2542=FACE_BOUND('',#2282,.T.);
#2543=FACE_BOUND('',#2283,.T.);
#2544=FACE_BOUND('',#2284,.T.);
#2545=FACE_BOUND('',#2285,.T.);
#2546=FACE_BOUND('',#2286,.T.);
#2547=FACE_BOUND('',#2287,.T.);
#2548=FACE_BOUND('',#2288,.T.);
#2549=FACE_BOUND('',#2289,.T.);
#2550=FACE_BOUND('',#2290,.T.);
#2551=FACE_BOUND('',#2291,.T.);
#2552=FACE_BOUND('',#2292,.T.);
#2553=FACE_BOUND('',#2293,.T.);
#2554=FACE_BOUND('',#2294,.T.);
#2555=FACE_BOUND('',#2295,.T.);
#2556=FACE_BOUND('',#2296,.T.);
#2557=FACE_BOUND('',#2297,.T.);
#2558=FACE_BOUND('',#2298,.T.);
#2559=FACE_BOUND('',#2299,.T.);
#2560=FACE_BOUND('',#2300,.T.);
#2561=FACE_BOUND('',#2301,.T.);
#2562=FACE_BOUND('',#2302,.T.);
#2563=FACE_BOUND('',#2303,.T.);
#2564=FACE_BOUND('',#2304,.T.);
#2565=FACE_BOUND('',#2305,.T.);
#2566=FACE_BOUND('',#2306,.T.);
#2567=FACE_BOUND('',#2307,.T.);
#2568=FACE_BOUND('',#2308,.T.);
#2569=FACE_BOUND('',#2309,.T.);
#2570=FACE_BOUND('',#2310,.T.);
#2571=FACE_BOUND('',#2311,.T.);
#2572=FACE_BOUND('',#2312,.T.);
#2573=FACE_BOUND('',#2313,.T.);
#2574=FACE_BOUND('',#2314,.T.);
#2575=FACE_BOUND('',#2315,.T.);
#2576=FACE_BOUND('',#2316,.T.);
#2577=FACE_BOUND('',#2317,.T.);
#2578=FACE_BOUND('',#2318,.T.);
#2579=FACE_BOUND('',#2319,.T.);
#2580=FACE_BOUND('',#2320,.T.);
#2581=FACE_BOUND('',#2321,.T.);
#2582=FACE_BOUND('',#2322,.T.);
#2583=FACE_BOUND('',#2323,.T.);
#2584=FACE_BOUND('',#2324,.T.);
#2585=FACE_BOUND('',#2325,.T.);
#2586=FACE_BOUND('',#2326,.T.);
#2587=FACE_BOUND('',#2327,.T.);
#2588=FACE_BOUND('',#2328,.T.);
#2589=FACE_BOUND('',#2329,.T.);
#2590=FACE_BOUND('',#2330,.T.);
#2591=FACE_BOUND('',#2331,.T.);
#2592=FACE_BOUND('',#2332,.T.);
#2593=FACE_BOUND('',#2333,.T.);
#2594=FACE_BOUND('',#2334,.T.);
#2595=FACE_BOUND('',#2335,.T.);
#2596=FACE_BOUND('',#2336,.T.);
#2597=FACE_BOUND('',#2337,.T.);
#2598=FACE_BOUND('',#2338,.T.);
#2599=FACE_BOUND('',#2339,.T.);
#2600=FACE_BOUND('',#2340,.T.);
#2601=FACE_BOUND('',#2341,.T.);
#2602=FACE_BOUND('',#2342,.T.);
#2603=FACE_BOUND('',#2343,.T.);
#2604=FACE_BOUND('',#2344,.T.);
#2605=FACE_BOUND('',#2345,.T.);
#2606=FACE_BOUND('',#2346,.T.);
#2607=FACE_BOUND('',#2347,.T.);
#2608=FACE_BOUND('',#2348,.T.);
#2609=FACE_BOUND('',#2349,.T.);
#2610=FACE_BOUND('',#2350,.T.);
#2611=FACE_BOUND('',#2351,.T.);
#2612=FACE_BOUND('',#2352,.T.);
#2613=FACE_BOUND('',#2353,.T.);
#2614=FACE_BOUND('',#2354,.T.);
#2615=FACE_BOUND('',#2355,.T.);
#2616=FACE_BOUND('',#2356,.T.);
#2617=FACE_BOUND('',#2357,.T.);
#2618=FACE_BOUND('',#2358,.T.);
#2619=FACE_BOUND('',#2359,.T.);
#2620=FACE_BOUND('',#2360,.T.);
#2621=FACE_BOUND('',#2361,.T.);
#2622=FACE_BOUND('',#2362,.T.);
#2623=FACE_BOUND('',#2363,.T.);
#2624=FACE_BOUND('',#2364,.T.);
#2625=FACE_BOUND('',#2365,.T.);
#2626=FACE_BOUND('',#2366,.T.);
#2627=FACE_BOUND('',#2367,.T.);
#2628=FACE_BOUND('',#2368,.T.);
#2629=FACE_BOUND('',#2369,.T.);
#2630=FACE_BOUND('',#2370,.T.);
#2631=FACE_BOUND('',#2371,.T.);
#2632=FACE_BOUND('',#2372,.T.);
#2633=FACE_BOUND('',#2373,.T.);
#2634=FACE_BOUND('',#2374,.T.);
#2635=FACE_BOUND('',#2375,.T.);
#2636=FACE_BOUND('',#2376,.T.);
#2637=FACE_BOUND('',#2377,.T.);
#2638=FACE_BOUND('',#2378,.T.);
#2639=FACE_BOUND('',#2379,.T.);
#2640=FACE_BOUND('',#2380,.T.);
#2641=FACE_BOUND('',#2381,.T.);
#2642=FACE_BOUND('',#2382,.T.);
#2643=FACE_BOUND('',#2383,.T.);
#2644=CYLINDRICAL_SURFACE('',#2903,0.0002);
#2645=CYLINDRICAL_SURFACE('',#2906,0.0002);
#2646=CYLINDRICAL_SURFACE('',#2917,0.0002);
#2647=CYLINDRICAL_SURFACE('',#2920,0.0002);
#2648=CYLINDRICAL_SURFACE('',#2923,0.0002);
#2649=CYLINDRICAL_SURFACE('',#2928,0.0002);
#2650=CYLINDRICAL_SURFACE('',#2930,0.0002);
#2651=CYLINDRICAL_SURFACE('',#2933,0.0002);
#2652=CYLINDRICAL_SURFACE('',#2935,0.0002);
#2653=CYLINDRICAL_SURFACE('',#2946,0.0002);
#2654=CYLINDRICAL_SURFACE('',#2948,0.0002);
#2655=CYLINDRICAL_SURFACE('',#2952,0.0002);
#2656=CYLINDRICAL_SURFACE('',#2954,0.0002);
#2657=CYLINDRICAL_SURFACE('',#2958,0.02606);
#2658=CYLINDRICAL_SURFACE('',#3009,0.0004);
#2659=CYLINDRICAL_SURFACE('',#3011,0.0005);
#2660=CYLINDRICAL_SURFACE('',#3013,0.0004);
#2661=CYLINDRICAL_SURFACE('',#3015,0.0005);
#2662=CYLINDRICAL_SURFACE('',#3017,0.0004);
#2663=CYLINDRICAL_SURFACE('',#3019,0.0005);
#2664=CYLINDRICAL_SURFACE('',#3021,0.0004);
#2665=CYLINDRICAL_SURFACE('',#3023,0.0005);
#2666=CYLINDRICAL_SURFACE('',#3025,0.0005);
#2667=CYLINDRICAL_SURFACE('',#3027,0.0006);
#2668=CYLINDRICAL_SURFACE('',#3029,0.0004);
#2669=CYLINDRICAL_SURFACE('',#3031,0.0005);
#2670=CYLINDRICAL_SURFACE('',#3033,0.0004);
#2671=CYLINDRICAL_SURFACE('',#3035,0.0005);
#2672=CYLINDRICAL_SURFACE('',#3037,0.0004);
#2673=CYLINDRICAL_SURFACE('',#3039,0.0005);
#2674=CYLINDRICAL_SURFACE('',#3041,0.0004);
#2675=CYLINDRICAL_SURFACE('',#3043,0.0004);
#2676=CYLINDRICAL_SURFACE('',#3045,0.0004);
#2677=CYLINDRICAL_SURFACE('',#3047,0.0004);
#2678=CYLINDRICAL_SURFACE('',#3049,0.0004);
#2679=CYLINDRICAL_SURFACE('',#3061,0.0005);
#2680=CYLINDRICAL_SURFACE('',#3071,0.0275);
#2681=CYLINDRICAL_SURFACE('',#3112,0.0002);
#2682=CYLINDRICAL_SURFACE('',#3115,0.0002);
#2683=CYLINDRICAL_SURFACE('',#3118,0.0002);
#2684=CYLINDRICAL_SURFACE('',#3123,0.0002);
#2685=CYLINDRICAL_SURFACE('',#3125,0.0005);
#2686=CYLINDRICAL_SURFACE('',#3130,0.000500009478741872);
#2687=CYLINDRICAL_SURFACE('',#3131,0.000500009478743876);
#2688=CYLINDRICAL_SURFACE('',#3139,0.0005);
#2689=CYLINDRICAL_SURFACE('',#3140,0.0005);
#2690=CYLINDRICAL_SURFACE('',#3146,0.0005);
#2691=CYLINDRICAL_SURFACE('',#3147,0.000499999837417114);
#2692=CYLINDRICAL_SURFACE('',#3148,0.00049999983741696);
#2693=CYLINDRICAL_SURFACE('',#3149,0.0005);
#2694=CYLINDRICAL_SURFACE('',#3176,0.0002);
#2695=CYLINDRICAL_SURFACE('',#3181,0.0002);
#2696=CYLINDRICAL_SURFACE('',#3184,0.0002);
#2697=CYLINDRICAL_SURFACE('',#3191,0.0002);
#2698=CYLINDRICAL_SURFACE('',#3194,0.0002);
#2699=CYLINDRICAL_SURFACE('',#3197,0.0002);
#2700=CYLINDRICAL_SURFACE('',#3202,0.0002);
#2701=CYLINDRICAL_SURFACE('',#3206,0.0002);
#2702=CYLINDRICAL_SURFACE('',#3209,0.0002);
#2703=CYLINDRICAL_SURFACE('',#3214,0.0002);
#2704=ADVANCED_FACE('NONE',(#2384),#2644,.T.);
#2705=ADVANCED_FACE('NONE',(#2385),#2645,.T.);
#2706=ADVANCED_FACE('NONE',(#2386),#131,.T.);
#2707=ADVANCED_FACE('NONE',(#2387),#132,.T.);
#2708=ADVANCED_FACE('NONE',(#2388),#133,.T.);
#2709=ADVANCED_FACE('NONE',(#2389),#134,.F.);
#2710=ADVANCED_FACE('NONE',(#2390),#50,.T.);
#2711=ADVANCED_FACE('NONE',(#2391),#2646,.T.);
#2712=ADVANCED_FACE('NONE',(#2392),#2647,.T.);
#2713=ADVANCED_FACE('NONE',(#2393),#2648,.T.);
#2714=ADVANCED_FACE('NONE',(#2394),#32,.T.);
#2715=ADVANCED_FACE('NONE',(#2395),#33,.T.);
#2716=ADVANCED_FACE('NONE',(#2396),#2649,.T.);
#2717=ADVANCED_FACE('NONE',(#2397),#2650,.T.);
#2718=ADVANCED_FACE('NONE',(#2398),#2651,.T.);
#2719=ADVANCED_FACE('NONE',(#2399),#2652,.T.);
#2720=ADVANCED_FACE('NONE',(#2400),#34,.T.);
#2721=ADVANCED_FACE('NONE',(#2401),#35,.T.);
#2722=ADVANCED_FACE('NONE',(#2402),#36,.T.);
#2723=ADVANCED_FACE('NONE',(#2403),#37,.T.);
#2724=ADVANCED_FACE('NONE',(#2404),#2653,.T.);
#2725=ADVANCED_FACE('NONE',(#2405),#2654,.T.);
#2726=ADVANCED_FACE('NONE',(#2406),#135,.T.);
#2727=ADVANCED_FACE('NONE',(#2407),#136,.T.);
#2728=ADVANCED_FACE('NONE',(#2408),#2655,.T.);
#2729=ADVANCED_FACE('NONE',(#2409),#2656,.T.);
#2730=ADVANCED_FACE('NONE',(#2410),#137,.T.);
#2731=ADVANCED_FACE('NONE',(#2411),#138,.T.);
#2732=ADVANCED_FACE('NONE',(#2412,#2413),#2657,.F.);
#2733=ADVANCED_FACE('NONE',(#2414),#139,.T.);
#2734=ADVANCED_FACE('NONE',(#2415,#2416),#140,.T.);
#2735=ADVANCED_FACE('NONE',(#2417,#2418,#2419,#2420,#2421,#2422,#2423,#2424,
#2425,#2426,#2427,#2428,#2429,#2430,#2431,#2432,#2433,#2434,#2435,#2436,
#2437,#2438),#141,.F.);
#2736=ADVANCED_FACE('NONE',(#2439,#2440),#51,.T.);
#2737=ADVANCED_FACE('NONE',(#2441,#2442),#52,.F.);
#2738=ADVANCED_FACE('NONE',(#2443),#38,.F.);
#2739=ADVANCED_FACE('NONE',(#2444,#2445),#29,.F.);
#2740=ADVANCED_FACE('NONE',(#2446),#53,.T.);
#2741=ADVANCED_FACE('NONE',(#2447),#54,.F.);
#2742=ADVANCED_FACE('NONE',(#2448,#2449),#2658,.F.);
#2743=ADVANCED_FACE('NONE',(#2450,#2451),#2659,.F.);
#2744=ADVANCED_FACE('NONE',(#2452,#2453),#2660,.F.);
#2745=ADVANCED_FACE('NONE',(#2454,#2455),#2661,.F.);
#2746=ADVANCED_FACE('NONE',(#2456,#2457),#2662,.F.);
#2747=ADVANCED_FACE('NONE',(#2458,#2459),#2663,.F.);
#2748=ADVANCED_FACE('NONE',(#2460,#2461),#2664,.F.);
#2749=ADVANCED_FACE('NONE',(#2462,#2463),#2665,.F.);
#2750=ADVANCED_FACE('NONE',(#2464,#2465),#2666,.F.);
#2751=ADVANCED_FACE('NONE',(#2466,#2467),#2667,.F.);
#2752=ADVANCED_FACE('NONE',(#2468,#2469),#2668,.F.);
#2753=ADVANCED_FACE('NONE',(#2470,#2471),#2669,.F.);
#2754=ADVANCED_FACE('NONE',(#2472,#2473),#2670,.F.);
#2755=ADVANCED_FACE('NONE',(#2474,#2475),#2671,.F.);
#2756=ADVANCED_FACE('NONE',(#2476,#2477),#2672,.F.);
#2757=ADVANCED_FACE('NONE',(#2478,#2479),#2673,.F.);
#2758=ADVANCED_FACE('NONE',(#2480,#2481),#2674,.F.);
#2759=ADVANCED_FACE('NONE',(#2482,#2483),#2675,.F.);
#2760=ADVANCED_FACE('NONE',(#2484,#2485),#2676,.F.);
#2761=ADVANCED_FACE('NONE',(#2486,#2487),#2677,.F.);
#2762=ADVANCED_FACE('NONE',(#2488,#2489),#2678,.F.);
#2763=ADVANCED_FACE('NONE',(#2490),#55,.F.);
#2764=ADVANCED_FACE('NONE',(#2491),#30,.F.);
#2765=ADVANCED_FACE('NONE',(#2492),#142,.F.);
#2766=ADVANCED_FACE('NONE',(#2493),#143,.T.);
#2767=ADVANCED_FACE('NONE',(#2494),#2679,.T.);
#2768=ADVANCED_FACE('NONE',(#2495),#56,.F.);
#2769=ADVANCED_FACE('NONE',(#2496),#57,.F.);
#2770=ADVANCED_FACE('NONE',(#2497),#58,.F.);
#2771=ADVANCED_FACE('NONE',(#2498,#2499,#2500,#2501,#2502),#144,.T.);
#2772=ADVANCED_FACE('NONE',(#2503,#2504),#2680,.T.);
#2773=ADVANCED_FACE('NONE',(#2505),#145,.F.);
#2774=ADVANCED_FACE('NONE',(#2506),#146,.F.);
#2775=ADVANCED_FACE('NONE',(#2507),#147,.F.);
#2776=ADVANCED_FACE('NONE',(#2508),#148,.F.);
#2777=ADVANCED_FACE('NONE',(#2509),#149,.F.);
#2778=ADVANCED_FACE('NONE',(#2510),#150,.F.);
#2779=ADVANCED_FACE('NONE',(#2511),#151,.F.);
#2780=ADVANCED_FACE('NONE',(#2512),#152,.F.);
#2781=ADVANCED_FACE('NONE',(#2513),#153,.F.);
#2782=ADVANCED_FACE('NONE',(#2514),#154,.F.);
#2783=ADVANCED_FACE('NONE',(#2515),#155,.F.);
#2784=ADVANCED_FACE('NONE',(#2516),#156,.F.);
#2785=ADVANCED_FACE('NONE',(#2517),#157,.F.);
#2786=ADVANCED_FACE('NONE',(#2518),#158,.F.);
#2787=ADVANCED_FACE('NONE',(#2519),#159,.F.);
#2788=ADVANCED_FACE('NONE',(#2520),#160,.F.);
#2789=ADVANCED_FACE('NONE',(#2521),#161,.F.);
#2790=ADVANCED_FACE('NONE',(#2522),#162,.F.);
#2791=ADVANCED_FACE('NONE',(#2523),#163,.F.);
#2792=ADVANCED_FACE('NONE',(#2524),#164,.F.);
#2793=ADVANCED_FACE('NONE',(#2525),#165,.F.);
#2794=ADVANCED_FACE('NONE',(#2526),#166,.F.);
#2795=ADVANCED_FACE('NONE',(#2527),#167,.F.);
#2796=ADVANCED_FACE('NONE',(#2528),#168,.F.);
#2797=ADVANCED_FACE('NONE',(#2529),#169,.F.);
#2798=ADVANCED_FACE('NONE',(#2530),#170,.F.);
#2799=ADVANCED_FACE('NONE',(#2531),#171,.F.);
#2800=ADVANCED_FACE('NONE',(#2532),#172,.F.);
#2801=ADVANCED_FACE('NONE',(#2533),#173,.F.);
#2802=ADVANCED_FACE('NONE',(#2534),#174,.F.);
#2803=ADVANCED_FACE('NONE',(#2535),#31,.T.);
#2804=ADVANCED_FACE('NONE',(#2536),#175,.T.);
#2805=ADVANCED_FACE('NONE',(#2537),#176,.T.);
#2806=ADVANCED_FACE('NONE',(#2538),#2681,.T.);
#2807=ADVANCED_FACE('NONE',(#2539),#2682,.T.);
#2808=ADVANCED_FACE('NONE',(#2540),#2683,.T.);
#2809=ADVANCED_FACE('NONE',(#2541),#39,.T.);
#2810=ADVANCED_FACE('NONE',(#2542),#40,.T.);
#2811=ADVANCED_FACE('NONE',(#2543),#2684,.T.);
#2812=ADVANCED_FACE('NONE',(#2544,#2545,#2546,#2547,#2548,#2549,#2550,#2551,
#2552,#2553,#2554,#2555,#2556,#2557,#2558,#2559,#2560,#2561,#2562,#2563,
#2564,#2565),#177,.T.);
#2813=ADVANCED_FACE('NONE',(#2566),#2685,.F.);
#2814=ADVANCED_FACE('NONE',(#2567),#41,.F.);
#2815=ADVANCED_FACE('NONE',(#2568),#42,.F.);
#2816=ADVANCED_FACE('NONE',(#2569),#2686,.F.);
#2817=ADVANCED_FACE('NONE',(#2570),#2687,.F.);
#2818=ADVANCED_FACE('NONE',(#2571),#43,.F.);
#2819=ADVANCED_FACE('NONE',(#2572),#44,.F.);
#2820=ADVANCED_FACE('NONE',(#2573),#59,.F.);
#2821=ADVANCED_FACE('NONE',(#2574),#60,.F.);
#2822=ADVANCED_FACE('NONE',(#2575),#12,.F.);
#2823=ADVANCED_FACE('NONE',(#2576),#13,.F.);
#2824=ADVANCED_FACE('NONE',(#2577),#61,.F.);
#2825=ADVANCED_FACE('NONE',(#2578),#2688,.F.);
#2826=ADVANCED_FACE('NONE',(#2579),#2689,.F.);
#2827=ADVANCED_FACE('NONE',(#2580),#45,.F.);
#2828=ADVANCED_FACE('NONE',(#2581),#62,.T.);
#2829=ADVANCED_FACE('NONE',(#2582),#2690,.T.);
#2830=ADVANCED_FACE('NONE',(#2583),#2691,.F.);
#2831=ADVANCED_FACE('NONE',(#2584),#2692,.F.);
#2832=ADVANCED_FACE('NONE',(#2585),#2693,.T.);
#2833=ADVANCED_FACE('NONE',(#2586),#63,.F.);
#2834=ADVANCED_FACE('NONE',(#2587),#64,.F.);
#2835=ADVANCED_FACE('NONE',(#2588),#178,.T.);
#2836=ADVANCED_FACE('NONE',(#2589),#179,.T.);
#2837=ADVANCED_FACE('NONE',(#2590),#180,.T.);
#2838=ADVANCED_FACE('NONE',(#2591),#181,.T.);
#2839=ADVANCED_FACE('NONE',(#2592),#182,.T.);
#2840=ADVANCED_FACE('NONE',(#2593),#183,.T.);
#2841=ADVANCED_FACE('NONE',(#2594),#184,.T.);
#2842=ADVANCED_FACE('NONE',(#2595),#185,.T.);
#2843=ADVANCED_FACE('NONE',(#2596),#186,.T.);
#2844=ADVANCED_FACE('NONE',(#2597),#187,.T.);
#2845=ADVANCED_FACE('NONE',(#2598),#188,.T.);
#2846=ADVANCED_FACE('NONE',(#2599),#189,.T.);
#2847=ADVANCED_FACE('NONE',(#2600),#190,.T.);
#2848=ADVANCED_FACE('NONE',(#2601),#191,.T.);
#2849=ADVANCED_FACE('NONE',(#2602),#192,.T.);
#2850=ADVANCED_FACE('NONE',(#2603),#193,.T.);
#2851=ADVANCED_FACE('NONE',(#2604),#194,.T.);
#2852=ADVANCED_FACE('NONE',(#2605),#195,.T.);
#2853=ADVANCED_FACE('NONE',(#2606),#196,.T.);
#2854=ADVANCED_FACE('NONE',(#2607),#197,.T.);
#2855=ADVANCED_FACE('NONE',(#2608),#198,.T.);
#2856=ADVANCED_FACE('NONE',(#2609),#199,.T.);
#2857=ADVANCED_FACE('NONE',(#2610),#200,.T.);
#2858=ADVANCED_FACE('NONE',(#2611),#201,.T.);
#2859=ADVANCED_FACE('NONE',(#2612),#2694,.T.);
#2860=ADVANCED_FACE('NONE',(#2613),#46,.T.);
#2861=ADVANCED_FACE('NONE',(#2614),#47,.T.);
#2862=ADVANCED_FACE('NONE',(#2615),#2695,.T.);
#2863=ADVANCED_FACE('',(#2616,#2617),#65,.T.);
#2864=ADVANCED_FACE('',(#2618),#66,.T.);
#2865=ADVANCED_FACE('',(#2619),#2696,.T.);
#2866=ADVANCED_FACE('',(#2620),#48,.T.);
#2867=ADVANCED_FACE('',(#2621),#14,.T.);
#2868=ADVANCED_FACE('',(#2622),#49,.T.);
#2869=ADVANCED_FACE('',(#2623),#2697,.T.);
#2870=ADVANCED_FACE('',(#2624),#15,.F.);
#2871=ADVANCED_FACE('',(#2625),#16,.F.);
#2872=ADVANCED_FACE('',(#2626),#2698,.F.);
#2873=ADVANCED_FACE('',(#2627),#17,.F.);
#2874=ADVANCED_FACE('',(#2628),#2699,.F.);
#2875=ADVANCED_FACE('',(#2629),#18,.F.);
#2876=ADVANCED_FACE('',(#2630),#19,.F.);
#2877=ADVANCED_FACE('',(#2631),#20,.F.);
#2878=ADVANCED_FACE('',(#2632),#2700,.F.);
#2879=ADVANCED_FACE('',(#2633),#21,.F.);
#2880=ADVANCED_FACE('',(#2634),#22,.F.);
#2881=ADVANCED_FACE('',(#2635),#23,.F.);
#2882=ADVANCED_FACE('',(#2636),#2701,.F.);
#2883=ADVANCED_FACE('',(#2637),#24,.F.);
#2884=ADVANCED_FACE('',(#2638),#2702,.F.);
#2885=ADVANCED_FACE('',(#2639),#25,.F.);
#2886=ADVANCED_FACE('',(#2640),#26,.F.);
#2887=ADVANCED_FACE('',(#2641),#27,.F.);
#2888=ADVANCED_FACE('',(#2642),#2703,.F.);
#2889=ADVANCED_FACE('',(#2643),#28,.F.);
#2890=CLOSED_SHELL('',(#2704,#2705,#2706,#2707,#2708,#2709,#2710,#2711,
#2712,#2713,#2714,#2715,#2716,#2717,#2718,#2719,#2720,#2721,#2722,#2723,
#2724,#2725,#2726,#2727,#2728,#2729,#2730,#2731,#2732,#2733,#2734,#2735,
#2736,#2737,#2738,#2739,#2740,#2741,#2742,#2743,#2744,#2745,#2746,#2747,
#2748,#2749,#2750,#2751,#2752,#2753,#2754,#2755,#2756,#2757,#2758,#2759,
#2760,#2761,#2762,#2763,#2764,#2765,#2766,#2767,#2768,#2769,#2770,#2771,
#2772,#2773,#2774,#2775,#2776,#2777,#2778,#2779,#2780,#2781,#2782,#2783,
#2784,#2785,#2786,#2787,#2788,#2789,#2790,#2791,#2792,#2793,#2794,#2795,
#2796,#2797,#2798,#2799,#2800,#2801,#2802,#2803,#2804,#2805,#2806,#2807,
#2808,#2809,#2810,#2811,#2812,#2813,#2814,#2815,#2816,#2817,#2818,#2819,
#2820,#2821,#2822,#2823,#2824,#2825,#2826,#2827,#2828,#2829,#2830,#2831,
#2832,#2833,#2834,#2835,#2836,#2837,#2838,#2839,#2840,#2841,#2842,#2843,
#2844,#2845,#2846,#2847,#2848,#2849,#2850,#2851,#2852,#2853,#2854,#2855,
#2856,#2857,#2858,#2859,#2860,#2861,#2862,#2863,#2864,#2865,#2866,#2867,
#2868,#2869,#2870,#2871,#2872,#2873,#2874,#2875,#2876,#2877,#2878,#2879,
#2880,#2881,#2882,#2883,#2884,#2885,#2886,#2887,#2888,#2889));
#2891=STYLED_ITEM('',(#2892),#2899);
#2892=PRESENTATION_STYLE_ASSIGNMENT((#2893));
#2893=SURFACE_STYLE_USAGE(.BOTH.,#2894);
#2894=SURFACE_SIDE_STYLE('',(#2895));
#2895=SURFACE_STYLE_FILL_AREA(#2896);
#2896=FILL_AREA_STYLE('',(#2897));
#2897=FILL_AREA_STYLE_COLOUR('',#2898);
#2898=COLOUR_RGB('',0.498039215686275,0.498039215686275,0.498039215686275);
#2899=MANIFOLD_SOLID_BREP('BASE',#2890);
#2900=SHAPE_DEFINITION_REPRESENTATION(#5252,#2901);
#2901=SHAPE_REPRESENTATION('BASE',(#2902),#5247);
#2902=AXIS2_PLACEMENT_3D('',#4032,#3216,#3217);
#2903=AXIS2_PLACEMENT_3D('',#4033,#3218,#3219);
#2904=AXIS2_PLACEMENT_3D('',#4037,#3221,#3222);
#2905=AXIS2_PLACEMENT_3D('',#4041,#3224,#3225);
#2906=AXIS2_PLACEMENT_3D('',#4042,#3226,#3227);
#2907=AXIS2_PLACEMENT_3D('',#4046,#3229,#3230);
#2908=AXIS2_PLACEMENT_3D('',#4050,#3232,#3233);
#2909=AXIS2_PLACEMENT_3D('',#4051,#3234,#3235);
#2910=AXIS2_PLACEMENT_3D('',#4052,#3236,#3237);
#2911=AXIS2_PLACEMENT_3D('',#4054,#3239,#3240);
#2912=AXIS2_PLACEMENT_3D('',#4076,#3247,#3248);
#2913=AXIS2_PLACEMENT_3D('',#4098,#3255,#3256);
#2914=AXIS2_PLACEMENT_3D('',#4104,#3259,#3260);
#2915=AXIS2_PLACEMENT_3D('',#4115,#3266,#3267);
#2916=AXIS2_PLACEMENT_3D('',#4122,#3268,#3269);
#2917=AXIS2_PLACEMENT_3D('',#4129,#3270,#3271);
#2918=AXIS2_PLACEMENT_3D('',#4130,#3272,#3273);
#2919=AXIS2_PLACEMENT_3D('',#4131,#3274,#3275);
#2920=AXIS2_PLACEMENT_3D('',#4132,#3276,#3277);
#2921=AXIS2_PLACEMENT_3D('',#4133,#3278,#3279);
#2922=AXIS2_PLACEMENT_3D('',#4134,#3280,#3281);
#2923=AXIS2_PLACEMENT_3D('',#4135,#3282,#3283);
#2924=AXIS2_PLACEMENT_3D('',#4136,#3284,#3285);
#2925=AXIS2_PLACEMENT_3D('',#4137,#3286,#3287);
#2926=AXIS2_PLACEMENT_3D('',#4138,#3288,#3289);
#2927=AXIS2_PLACEMENT_3D('',#4139,#3290,#3291);
#2928=AXIS2_PLACEMENT_3D('',#4140,#3292,#3293);
#2929=AXIS2_PLACEMENT_3D('',#4149,#3295,#3296);
#2930=AXIS2_PLACEMENT_3D('',#4150,#3297,#3298);
#2931=AXIS2_PLACEMENT_3D('',#4151,#3299,#3300);
#2932=AXIS2_PLACEMENT_3D('',#4155,#3302,#3303);
#2933=AXIS2_PLACEMENT_3D('',#4156,#3304,#3305);
#2934=AXIS2_PLACEMENT_3D('',#4165,#3307,#3308);
#2935=AXIS2_PLACEMENT_3D('',#4166,#3309,#3310);
#2936=AXIS2_PLACEMENT_3D('',#4170,#3312,#3313);
#2937=AXIS2_PLACEMENT_3D('',#4171,#3314,#3315);
#2938=AXIS2_PLACEMENT_3D('',#4172,#3316,#3317);
#2939=AXIS2_PLACEMENT_3D('',#4173,#3318,#3319);
#2940=AXIS2_PLACEMENT_3D('',#4174,#3320,#3321);
#2941=AXIS2_PLACEMENT_3D('',#4175,#3322,#3323);
#2942=AXIS2_PLACEMENT_3D('',#4176,#3324,#3325);
#2943=AXIS2_PLACEMENT_3D('',#4177,#3326,#3327);
#2944=AXIS2_PLACEMENT_3D('',#4178,#3328,#3329);
#2945=AXIS2_PLACEMENT_3D('',#4179,#3330,#3331);
#2946=AXIS2_PLACEMENT_3D('',#4180,#3332,#3333);
#2947=AXIS2_PLACEMENT_3D('',#4183,#3335,#3336);
#2948=AXIS2_PLACEMENT_3D('',#4186,#3338,#3339);
#2949=AXIS2_PLACEMENT_3D('',#4187,#3340,#3341);
#2950=AXIS2_PLACEMENT_3D('',#4190,#3343,#3344);
#2951=AXIS2_PLACEMENT_3D('',#4192,#3346,#3347);
#2952=AXIS2_PLACEMENT_3D('',#4196,#3350,#3351);
#2953=AXIS2_PLACEMENT_3D('',#4199,#3353,#3354);
#2954=AXIS2_PLACEMENT_3D('',#4200,#3355,#3356);
#2955=AXIS2_PLACEMENT_3D('',#4203,#3358,#3359);
#2956=AXIS2_PLACEMENT_3D('',#4206,#3361,#3362);
#2957=AXIS2_PLACEMENT_3D('',#4208,#3364,#3365);
#2958=AXIS2_PLACEMENT_3D('',#4212,#3368,#3369);
#2959=AXIS2_PLACEMENT_3D('',#4220,#3371,#3372);
#2960=AXIS2_PLACEMENT_3D('',#4229,#3374,#3375);
#2961=AXIS2_PLACEMENT_3D('',#4238,#3377,#3378);
#2962=AXIS2_PLACEMENT_3D('',#4252,#3380,#3381);
#2963=AXIS2_PLACEMENT_3D('',#4264,#3382,#3383);
#2964=AXIS2_PLACEMENT_3D('',#4270,#3384,#3385);
#2965=AXIS2_PLACEMENT_3D('',#4271,#3386,#3387);
#2966=AXIS2_PLACEMENT_3D('',#4276,#3389,#3390);
#2967=AXIS2_PLACEMENT_3D('',#4279,#3392,#3393);
#2968=AXIS2_PLACEMENT_3D('',#4280,#3394,#3395);
#2969=AXIS2_PLACEMENT_3D('',#4282,#3396,#3397);
#2970=AXIS2_PLACEMENT_3D('',#4284,#3398,#3399);
#2971=AXIS2_PLACEMENT_3D('',#4285,#3400,#3401);
#2972=AXIS2_PLACEMENT_3D('',#4287,#3402,#3403);
#2973=AXIS2_PLACEMENT_3D('',#4289,#3404,#3405);
#2974=AXIS2_PLACEMENT_3D('',#4291,#3406,#3407);
#2975=AXIS2_PLACEMENT_3D('',#4293,#3408,#3409);
#2976=AXIS2_PLACEMENT_3D('',#4295,#3410,#3411);
#2977=AXIS2_PLACEMENT_3D('',#4297,#3412,#3413);
#2978=AXIS2_PLACEMENT_3D('',#4299,#3414,#3415);
#2979=AXIS2_PLACEMENT_3D('',#4301,#3416,#3417);
#2980=AXIS2_PLACEMENT_3D('',#4303,#3418,#3419);
#2981=AXIS2_PLACEMENT_3D('',#4305,#3420,#3421);
#2982=AXIS2_PLACEMENT_3D('',#4307,#3422,#3423);
#2983=AXIS2_PLACEMENT_3D('',#4309,#3424,#3425);
#2984=AXIS2_PLACEMENT_3D('',#4311,#3426,#3427);
#2985=AXIS2_PLACEMENT_3D('',#4313,#3428,#3429);
#2986=AXIS2_PLACEMENT_3D('',#4315,#3430,#3431);
#2987=AXIS2_PLACEMENT_3D('',#4317,#3432,#3433);
#2988=AXIS2_PLACEMENT_3D('',#4319,#3434,#3435);
#2989=AXIS2_PLACEMENT_3D('',#4321,#3436,#3437);
#2990=AXIS2_PLACEMENT_3D('',#4323,#3438,#3439);
#2991=AXIS2_PLACEMENT_3D('',#4325,#3440,#3441);
#2992=AXIS2_PLACEMENT_3D('',#4330,#3443,#3444);
#2993=AXIS2_PLACEMENT_3D('',#4334,#3446,#3447);
#2994=AXIS2_PLACEMENT_3D('',#4335,#3448,#3449);
#2995=AXIS2_PLACEMENT_3D('',#4336,#3450,#3451);
#2996=AXIS2_PLACEMENT_3D('',#4338,#3452,#3453);
#2997=AXIS2_PLACEMENT_3D('',#4339,#3454,#3455);
#2998=AXIS2_PLACEMENT_3D('',#4341,#3456,#3457);
#2999=AXIS2_PLACEMENT_3D('',#4343,#3458,#3459);
#3000=AXIS2_PLACEMENT_3D('',#4344,#3460,#3461);
#3001=AXIS2_PLACEMENT_3D('',#4347,#3462,#3463);
#3002=AXIS2_PLACEMENT_3D('',#4353,#3464,#3465);
#3003=AXIS2_PLACEMENT_3D('',#4354,#3466,#3467);
#3004=AXIS2_PLACEMENT_3D('',#4363,#3468,#3469);
#3005=AXIS2_PLACEMENT_3D('',#4364,#3470,#3471);
#3006=AXIS2_PLACEMENT_3D('',#4367,#3472,#3473);
#3007=AXIS2_PLACEMENT_3D('',#4369,#3474,#3475);
#3008=AXIS2_PLACEMENT_3D('',#4371,#3476,#3477);
#3009=AXIS2_PLACEMENT_3D('',#4372,#3478,#3479);
#3010=AXIS2_PLACEMENT_3D('',#4373,#3480,#3481);
#3011=AXIS2_PLACEMENT_3D('',#4375,#3482,#3483);
#3012=AXIS2_PLACEMENT_3D('',#4376,#3484,#3485);
#3013=AXIS2_PLACEMENT_3D('',#4378,#3486,#3487);
#3014=AXIS2_PLACEMENT_3D('',#4379,#3488,#3489);
#3015=AXIS2_PLACEMENT_3D('',#4381,#3490,#3491);
#3016=AXIS2_PLACEMENT_3D('',#4382,#3492,#3493);
#3017=AXIS2_PLACEMENT_3D('',#4384,#3494,#3495);
#3018=AXIS2_PLACEMENT_3D('',#4385,#3496,#3497);
#3019=AXIS2_PLACEMENT_3D('',#4387,#3498,#3499);
#3020=AXIS2_PLACEMENT_3D('',#4388,#3500,#3501);
#3021=AXIS2_PLACEMENT_3D('',#4390,#3502,#3503);
#3022=AXIS2_PLACEMENT_3D('',#4391,#3504,#3505);
#3023=AXIS2_PLACEMENT_3D('',#4393,#3506,#3507);
#3024=AXIS2_PLACEMENT_3D('',#4394,#3508,#3509);
#3025=AXIS2_PLACEMENT_3D('',#4396,#3510,#3511);
#3026=AXIS2_PLACEMENT_3D('',#4397,#3512,#3513);
#3027=AXIS2_PLACEMENT_3D('',#4399,#3514,#3515);
#3028=AXIS2_PLACEMENT_3D('',#4400,#3516,#3517);
#3029=AXIS2_PLACEMENT_3D('',#4402,#3518,#3519);
#3030=AXIS2_PLACEMENT_3D('',#4403,#3520,#3521);
#3031=AXIS2_PLACEMENT_3D('',#4405,#3522,#3523);
#3032=AXIS2_PLACEMENT_3D('',#4406,#3524,#3525);
#3033=AXIS2_PLACEMENT_3D('',#4408,#3526,#3527);
#3034=AXIS2_PLACEMENT_3D('',#4409,#3528,#3529);
#3035=AXIS2_PLACEMENT_3D('',#4411,#3530,#3531);
#3036=AXIS2_PLACEMENT_3D('',#4412,#3532,#3533);
#3037=AXIS2_PLACEMENT_3D('',#4414,#3534,#3535);
#3038=AXIS2_PLACEMENT_3D('',#4415,#3536,#3537);
#3039=AXIS2_PLACEMENT_3D('',#4417,#3538,#3539);
#3040=AXIS2_PLACEMENT_3D('',#4418,#3540,#3541);
#3041=AXIS2_PLACEMENT_3D('',#4420,#3542,#3543);
#3042=AXIS2_PLACEMENT_3D('',#4421,#3544,#3545);
#3043=AXIS2_PLACEMENT_3D('',#4423,#3546,#3547);
#3044=AXIS2_PLACEMENT_3D('',#4424,#3548,#3549);
#3045=AXIS2_PLACEMENT_3D('',#4426,#3550,#3551);
#3046=AXIS2_PLACEMENT_3D('',#4427,#3552,#3553);
#3047=AXIS2_PLACEMENT_3D('',#4429,#3554,#3555);
#3048=AXIS2_PLACEMENT_3D('',#4430,#3556,#3557);
#3049=AXIS2_PLACEMENT_3D('',#4432,#3558,#3559);
#3050=AXIS2_PLACEMENT_3D('',#4433,#3560,#3561);
#3051=AXIS2_PLACEMENT_3D('',#4435,#3562,#3563);
#3052=AXIS2_PLACEMENT_3D('',#4436,#3564,#3565);
#3053=AXIS2_PLACEMENT_3D('',#4438,#3566,#3567);
#3054=AXIS2_PLACEMENT_3D('',#4440,#3568,#3569);
#3055=AXIS2_PLACEMENT_3D('',#4441,#3570,#3571);
#3056=AXIS2_PLACEMENT_3D('',#4451,#3572,#3573);
#3057=AXIS2_PLACEMENT_3D('',#4464,#3574,#3575);
#3058=AXIS2_PLACEMENT_3D('',#4477,#3576,#3577);
#3059=AXIS2_PLACEMENT_3D('',#4502,#3580,#3581);
#3060=AXIS2_PLACEMENT_3D('',#4503,#3582,#3583);
#3061=AXIS2_PLACEMENT_3D('',#4507,#3585,#3586);
#3062=AXIS2_PLACEMENT_3D('',#4516,#3587,#3588);
#3063=AXIS2_PLACEMENT_3D('',#4517,#3589,#3590);
#3064=AXIS2_PLACEMENT_3D('',#4518,#3591,#3592);
#3065=AXIS2_PLACEMENT_3D('',#4519,#3593,#3594);
#3066=AXIS2_PLACEMENT_3D('',#4528,#3595,#3596);
#3067=AXIS2_PLACEMENT_3D('',#4529,#3597,#3598);
#3068=AXIS2_PLACEMENT_3D('',#4531,#3599,#3600);
#3069=AXIS2_PLACEMENT_3D('',#4532,#3601,#3602);
#3070=AXIS2_PLACEMENT_3D('',#4536,#3605,#3606);
#3071=AXIS2_PLACEMENT_3D('',#4587,#3632,#3633);
#3072=AXIS2_PLACEMENT_3D('',#4591,#3635,#3636);
#3073=AXIS2_PLACEMENT_3D('',#4595,#3638,#3639);
#3074=AXIS2_PLACEMENT_3D('',#4596,#3640,#3641);
#3075=AXIS2_PLACEMENT_3D('',#4598,#3642,#3643);
#3076=AXIS2_PLACEMENT_3D('',#4604,#3647,#3648);
#3077=AXIS2_PLACEMENT_3D('',#4608,#3651,#3652);
#3078=AXIS2_PLACEMENT_3D('',#4612,#3655,#3656);
#3079=AXIS2_PLACEMENT_3D('',#4616,#3659,#3660);
#3080=AXIS2_PLACEMENT_3D('',#4620,#3663,#3664);
#3081=AXIS2_PLACEMENT_3D('',#4622,#3666,#3667);
#3082=AXIS2_PLACEMENT_3D('',#4635,#3674,#3675);
#3083=AXIS2_PLACEMENT_3D('',#4641,#3679,#3680);
#3084=AXIS2_PLACEMENT_3D('',#4645,#3683,#3684);
#3085=AXIS2_PLACEMENT_3D('',#4649,#3687,#3688);
#3086=AXIS2_PLACEMENT_3D('',#4653,#3691,#3692);
#3087=AXIS2_PLACEMENT_3D('',#4657,#3695,#3696);
#3088=AXIS2_PLACEMENT_3D('',#4659,#3698,#3699);
#3089=AXIS2_PLACEMENT_3D('',#4672,#3706,#3707);
#3090=AXIS2_PLACEMENT_3D('',#4678,#3711,#3712);
#3091=AXIS2_PLACEMENT_3D('',#4682,#3715,#3716);
#3092=AXIS2_PLACEMENT_3D('',#4686,#3719,#3720);
#3093=AXIS2_PLACEMENT_3D('',#4690,#3723,#3724);
#3094=AXIS2_PLACEMENT_3D('',#4694,#3727,#3728);
#3095=AXIS2_PLACEMENT_3D('',#4696,#3730,#3731);
#3096=AXIS2_PLACEMENT_3D('',#4709,#3738,#3739);
#3097=AXIS2_PLACEMENT_3D('',#4715,#3743,#3744);
#3098=AXIS2_PLACEMENT_3D('',#4719,#3747,#3748);
#3099=AXIS2_PLACEMENT_3D('',#4723,#3751,#3752);
#3100=AXIS2_PLACEMENT_3D('',#4727,#3755,#3756);
#3101=AXIS2_PLACEMENT_3D('',#4731,#3759,#3760);
#3102=AXIS2_PLACEMENT_3D('',#4733,#3762,#3763);
#3103=AXIS2_PLACEMENT_3D('',#4746,#3770,#3771);
#3104=AXIS2_PLACEMENT_3D('',#4757,#3775,#3776);
#3105=AXIS2_PLACEMENT_3D('',#4769,#3780,#3781);
#3106=AXIS2_PLACEMENT_3D('',#4770,#3782,#3783);
#3107=AXIS2_PLACEMENT_3D('',#4771,#3784,#3785);
#3108=AXIS2_PLACEMENT_3D('',#4772,#3786,#3787);
#3109=AXIS2_PLACEMENT_3D('',#4776,#3789,#3790);
#3110=AXIS2_PLACEMENT_3D('',#4781,#3793,#3794);
#3111=AXIS2_PLACEMENT_3D('',#4785,#3796,#3797);
#3112=AXIS2_PLACEMENT_3D('',#4790,#3800,#3801);
#3113=AXIS2_PLACEMENT_3D('',#4791,#3802,#3803);
#3114=AXIS2_PLACEMENT_3D('',#4792,#3804,#3805);
#3115=AXIS2_PLACEMENT_3D('',#4793,#3806,#3807);
#3116=AXIS2_PLACEMENT_3D('',#4794,#3808,#3809);
#3117=AXIS2_PLACEMENT_3D('',#4795,#3810,#3811);
#3118=AXIS2_PLACEMENT_3D('',#4796,#3812,#3813);
#3119=AXIS2_PLACEMENT_3D('',#4801,#3814,#3815);
#3120=AXIS2_PLACEMENT_3D('',#4802,#3816,#3817);
#3121=AXIS2_PLACEMENT_3D('',#4803,#3818,#3819);
#3122=AXIS2_PLACEMENT_3D('',#4804,#3820,#3821);
#3123=AXIS2_PLACEMENT_3D('',#4805,#3822,#3823);
#3124=AXIS2_PLACEMENT_3D('',#4810,#3824,#3825);
#3125=AXIS2_PLACEMENT_3D('',#4811,#3826,#3827);
#3126=AXIS2_PLACEMENT_3D('',#4812,#3828,#3829);
#3127=AXIS2_PLACEMENT_3D('',#4813,#3830,#3831);
#3128=AXIS2_PLACEMENT_3D('',#4814,#3832,#3833);
#3129=AXIS2_PLACEMENT_3D('',#4819,#3834,#3835);
#3130=AXIS2_PLACEMENT_3D('',#4824,#3836,#3837);
#3131=AXIS2_PLACEMENT_3D('',#4829,#3838,#3839);
#3132=AXIS2_PLACEMENT_3D('',#4834,#3840,#3841);
#3133=AXIS2_PLACEMENT_3D('',#4839,#3842,#3843);
#3134=AXIS2_PLACEMENT_3D('',#4844,#3844,#3845);
#3135=AXIS2_PLACEMENT_3D('',#4849,#3846,#3847);
#3136=AXIS2_PLACEMENT_3D('',#4890,#3848,#3849);
#3137=AXIS2_PLACEMENT_3D('',#4891,#3850,#3851);
#3138=AXIS2_PLACEMENT_3D('',#4892,#3852,#3853);
#3139=AXIS2_PLACEMENT_3D('',#4893,#3854,#3855);
#3140=AXIS2_PLACEMENT_3D('',#4894,#3856,#3857);
#3141=AXIS2_PLACEMENT_3D('',#4895,#3858,#3859);
#3142=AXIS2_PLACEMENT_3D('',#4896,#3860,#3861);
#3143=AXIS2_PLACEMENT_3D('',#4901,#3862,#3863);
#3144=AXIS2_PLACEMENT_3D('',#4902,#3864,#3865);
#3145=AXIS2_PLACEMENT_3D('',#4903,#3866,#3867);
#3146=AXIS2_PLACEMENT_3D('',#4904,#3868,#3869);
#3147=AXIS2_PLACEMENT_3D('',#4909,#3870,#3871);
#3148=AXIS2_PLACEMENT_3D('',#4914,#3872,#3873);
#3149=AXIS2_PLACEMENT_3D('',#4919,#3874,#3875);
#3150=AXIS2_PLACEMENT_3D('',#4924,#3876,#3877);
#3151=AXIS2_PLACEMENT_3D('',#4925,#3878,#3879);
#3152=AXIS2_PLACEMENT_3D('',#4926,#3880,#3881);
#3153=AXIS2_PLACEMENT_3D('',#4929,#3884,#3885);
#3154=AXIS2_PLACEMENT_3D('',#4931,#3887,#3888);
#3155=AXIS2_PLACEMENT_3D('',#4933,#3890,#3891);
#3156=AXIS2_PLACEMENT_3D('',#4935,#3893,#3894);
#3157=AXIS2_PLACEMENT_3D('',#4937,#3896,#3897);
#3158=AXIS2_PLACEMENT_3D('',#4938,#3898,#3899);
#3159=AXIS2_PLACEMENT_3D('',#4941,#3902,#3903);
#3160=AXIS2_PLACEMENT_3D('',#4943,#3905,#3906);
#3161=AXIS2_PLACEMENT_3D('',#4945,#3908,#3909);
#3162=AXIS2_PLACEMENT_3D('',#4947,#3911,#3912);
#3163=AXIS2_PLACEMENT_3D('',#4949,#3914,#3915);
#3164=AXIS2_PLACEMENT_3D('',#4950,#3916,#3917);
#3165=AXIS2_PLACEMENT_3D('',#4953,#3920,#3921);
#3166=AXIS2_PLACEMENT_3D('',#4955,#3923,#3924);
#3167=AXIS2_PLACEMENT_3D('',#4957,#3926,#3927);
#3168=AXIS2_PLACEMENT_3D('',#4959,#3929,#3930);
#3169=AXIS2_PLACEMENT_3D('',#4961,#3932,#3933);
#3170=AXIS2_PLACEMENT_3D('',#4962,#3934,#3935);
#3171=AXIS2_PLACEMENT_3D('',#4965,#3938,#3939);
#3172=AXIS2_PLACEMENT_3D('',#4967,#3941,#3942);
#3173=AXIS2_PLACEMENT_3D('',#4969,#3944,#3945);
#3174=AXIS2_PLACEMENT_3D('',#4971,#3947,#3948);
#3175=AXIS2_PLACEMENT_3D('',#4973,#3950,#3951);
#3176=AXIS2_PLACEMENT_3D('',#4974,#3952,#3953);
#3177=AXIS2_PLACEMENT_3D('',#4979,#3954,#3955);
#3178=AXIS2_PLACEMENT_3D('',#4980,#3956,#3957);
#3179=AXIS2_PLACEMENT_3D('',#4981,#3958,#3959);
#3180=AXIS2_PLACEMENT_3D('',#4982,#3960,#3961);
#3181=AXIS2_PLACEMENT_3D('',#4983,#3962,#3963);
#3182=AXIS2_PLACEMENT_3D('',#4988,#3964,#3965);
#3183=AXIS2_PLACEMENT_3D('',#4989,#3966,#3967);
#3184=AXIS2_PLACEMENT_3D('',#5008,#3968,#3969);
#3185=AXIS2_PLACEMENT_3D('',#5013,#3970,#3971);
#3186=AXIS2_PLACEMENT_3D('',#5014,#3972,#3973);
#3187=AXIS2_PLACEMENT_3D('',#5015,#3974,#3975);
#3188=AXIS2_PLACEMENT_3D('',#5028,#3976,#3977);
#3189=AXIS2_PLACEMENT_3D('',#5029,#3978,#3979);
#3190=AXIS2_PLACEMENT_3D('',#5030,#3980,#3981);
#3191=AXIS2_PLACEMENT_3D('',#5031,#3982,#3983);
#3192=AXIS2_PLACEMENT_3D('',#5051,#3984,#3985);
#3193=AXIS2_PLACEMENT_3D('',#5064,#3986,#3987);
#3194=AXIS2_PLACEMENT_3D('',#5065,#3988,#3989);
#3195=AXIS2_PLACEMENT_3D('',#5066,#3990,#3991);
#3196=AXIS2_PLACEMENT_3D('',#5079,#3992,#3993);
#3197=AXIS2_PLACEMENT_3D('',#5080,#3994,#3995);
#3198=AXIS2_PLACEMENT_3D('',#5081,#3996,#3997);
#3199=AXIS2_PLACEMENT_3D('',#5094,#3998,#3999);
#3200=AXIS2_PLACEMENT_3D('',#5107,#4000,#4001);
#3201=AXIS2_PLACEMENT_3D('',#5120,#4002,#4003);
#3202=AXIS2_PLACEMENT_3D('',#5121,#4004,#4005);
#3203=AXIS2_PLACEMENT_3D('',#5122,#4006,#4007);
#3204=AXIS2_PLACEMENT_3D('',#5156,#4008,#4009);
#3205=AXIS2_PLACEMENT_3D('',#5169,#4010,#4011);
#3206=AXIS2_PLACEMENT_3D('',#5170,#4012,#4013);
#3207=AXIS2_PLACEMENT_3D('',#5171,#4014,#4015);
#3208=AXIS2_PLACEMENT_3D('',#5184,#4016,#4017);
#3209=AXIS2_PLACEMENT_3D('',#5185,#4018,#4019);
#3210=AXIS2_PLACEMENT_3D('',#5186,#4020,#4021);
#3211=AXIS2_PLACEMENT_3D('',#5199,#4022,#4023);
#3212=AXIS2_PLACEMENT_3D('',#5212,#4024,#4025);
#3213=AXIS2_PLACEMENT_3D('',#5225,#4026,#4027);
#3214=AXIS2_PLACEMENT_3D('',#5226,#4028,#4029);
#3215=AXIS2_PLACEMENT_3D('',#5227,#4030,#4031);
#3216=DIRECTION('',(0.,0.,1.));
#3217=DIRECTION('',(1.,0.,0.));
#3218=DIRECTION('',(-0.707106781186547,-0.707106781186549,0.));
#3219=DIRECTION('',(0.707106781186549,-0.707106781186547,0.));
#3220=DIRECTION('',(0.707106781186547,0.707106781186549,0.));
#3221=DIRECTION('',(-0.707106781186547,-0.707106781186549,0.));
#3222=DIRECTION('',(0.707106781186549,-0.707106781186547,0.));
#3223=DIRECTION('',(-0.707106781186554,-0.707106781186542,0.));
#3224=DIRECTION('',(-0.707106781186547,-0.707106781186549,0.));
#3225=DIRECTION('',(0.707106781186549,-0.707106781186547,0.));
#3226=DIRECTION('',(0.707106781186547,0.707106781186549,0.));
#3227=DIRECTION('',(-0.707106781186549,0.707106781186547,0.));
#3228=DIRECTION('',(0.707106781186556,0.70710678118654,0.));
#3229=DIRECTION('',(0.707106781186547,0.707106781186549,0.));
#3230=DIRECTION('',(-0.707106781186549,0.707106781186547,0.));
#3231=DIRECTION('',(0.707106781186547,0.707106781186549,0.));
#3232=DIRECTION('',(0.707106781186547,0.707106781186549,0.));
#3233=DIRECTION('',(-0.707106781186549,0.707106781186547,0.));
#3234=DIRECTION('',(0.707106781186549,-0.707106781186547,0.));
#3235=DIRECTION('',(0.,0.,-1.));
#3236=DIRECTION('',(0.707106781186549,-0.707106781186547,0.));
#3237=DIRECTION('',(0.707106781186547,0.707106781186549,0.));
#3238=DIRECTION('',(0.,0.,-1.));
#3239=DIRECTION('',(0.,0.,-1.));
#3240=DIRECTION('',(-1.,0.,0.));
#3241=DIRECTION('',(-1.,0.,0.));
#3242=DIRECTION('',(0.173648177666927,0.984807753012209,0.));
#3243=DIRECTION('',(-1.,0.,0.));
#3244=DIRECTION('',(0.,1.,0.));
#3245=DIRECTION('',(1.,0.,0.));
#3246=DIRECTION('',(0.,1.,0.));
#3247=DIRECTION('',(0.,0.,1.));
#3248=DIRECTION('',(-1.,0.,0.));
#3249=DIRECTION('',(-0.173648177666923,-0.984807753012209,0.));
#3250=DIRECTION('',(-1.,0.,0.));
#3251=DIRECTION('',(0.,1.,0.));
#3252=DIRECTION('',(1.,0.,0.));
#3253=DIRECTION('',(0.,-1.,0.));
#3254=DIRECTION('',(-1.,0.,0.));
#3255=DIRECTION('',(-1.,0.,0.));
#3256=DIRECTION('',(0.,0.,-1.));
#3257=DIRECTION('',(0.,0.,-1.));
#3258=DIRECTION('',(0.,-1.,0.));
#3259=DIRECTION('',(-1.,0.,0.));
#3260=DIRECTION('',(0.,0.,1.));
#3261=DIRECTION('',(0.,-1.,0.));
#3262=DIRECTION('',(0.,0.,1.));
#3263=DIRECTION('',(0.,-1.,0.));
#3264=DIRECTION('',(0.,0.,-1.));
#3265=DIRECTION('',(0.,-1.,0.));
#3266=DIRECTION('',(-1.,0.,0.));
#3267=DIRECTION('',(0.,0.,1.));
#3268=DIRECTION('',(-1.,0.,0.));
#3269=DIRECTION('',(0.,0.,1.));
#3270=DIRECTION('',(0.,-1.,0.));
#3271=DIRECTION('',(0.,0.,-1.));
#3272=DIRECTION('',(0.,-1.,0.));
#3273=DIRECTION('',(0.,0.,-1.));
#3274=DIRECTION('',(0.,1.,0.));
#3275=DIRECTION('',(0.,0.,1.));
#3276=DIRECTION('',(0.,-1.,0.));
#3277=DIRECTION('',(0.,0.,-1.));
#3278=DIRECTION('',(0.,1.,0.));
#3279=DIRECTION('',(0.,0.,1.));
#3280=DIRECTION('',(0.,-1.,0.));
#3281=DIRECTION('',(0.,0.,-1.));
#3282=DIRECTION('',(0.,0.,1.));
#3283=DIRECTION('',(1.,0.,0.));
#3284=DIRECTION('',(0.,0.,1.));
#3285=DIRECTION('',(1.,0.,0.));
#3286=DIRECTION('',(-1.22464679914735E-16,0.,1.));
#3287=DIRECTION('',(1.,0.,1.22464679914735E-16));
#3288=DIRECTION('',(0.,1.,0.));
#3289=DIRECTION('',(1.,0.,0.));
#3290=DIRECTION('',(0.,1.,0.));
#3291=DIRECTION('',(-1.,0.,0.));
#3292=DIRECTION('',(0.,1.,0.));
#3293=DIRECTION('',(0.,0.,1.));
#3294=DIRECTION('',(0.,-1.,0.));
#3295=DIRECTION('',(0.,1.,0.));
#3296=DIRECTION('',(0.,0.,1.));
#3297=DIRECTION('',(0.,0.,1.));
#3298=DIRECTION('',(-1.,0.,0.));
#3299=DIRECTION('',(0.,0.,1.));
#3300=DIRECTION('',(1.,0.,0.));
#3301=DIRECTION('',(0.,0.,1.));
#3302=DIRECTION('',(0.,0.,1.));
#3303=DIRECTION('',(1.,0.,0.));
#3304=DIRECTION('',(0.,1.,0.));
#3305=DIRECTION('',(0.,0.,1.));
#3306=DIRECTION('',(0.,1.,0.));
#3307=DIRECTION('',(0.,1.,0.));
#3308=DIRECTION('',(0.,0.,1.));
#3309=DIRECTION('',(0.,0.,-1.));
#3310=DIRECTION('',(-1.,0.,0.));
#3311=DIRECTION('',(0.,0.,1.));
#3312=DIRECTION('',(0.,0.,-1.));
#3313=DIRECTION('',(-1.,0.,0.));
#3314=DIRECTION('',(0.,0.,-1.));
#3315=DIRECTION('',(-1.,0.,0.));
#3316=DIRECTION('',(0.,1.,0.));
#3317=DIRECTION('',(1.,0.,0.));
#3318=DIRECTION('',(-1.,0.,-1.83697019872103E-16));
#3319=DIRECTION('',(-1.83697019872103E-16,0.,1.));
#3320=DIRECTION('',(0.,1.,0.));
#3321=DIRECTION('',(-1.,0.,0.));
#3322=DIRECTION('',(1.,0.,0.));
#3323=DIRECTION('',(0.,0.,-1.));
#3324=DIRECTION('',(0.,1.,0.));
#3325=DIRECTION('',(-1.,0.,0.));
#3326=DIRECTION('',(1.,0.,1.83697019872103E-16));
#3327=DIRECTION('',(1.83697019872103E-16,0.,-1.));
#3328=DIRECTION('',(0.,1.,0.));
#3329=DIRECTION('',(1.,0.,0.));
#3330=DIRECTION('',(1.,0.,0.));
#3331=DIRECTION('',(0.,0.,-1.));
#3332=DIRECTION('',(1.,0.,0.));
#3333=DIRECTION('',(0.,0.,-1.));
#3334=DIRECTION('',(1.,0.,0.));
#3335=DIRECTION('',(-1.,0.,-1.83697019872103E-16));
#3336=DIRECTION('',(-1.83697019872103E-16,0.,1.));
#3337=DIRECTION('',(1.,0.,0.));
#3338=DIRECTION('',(1.,0.,0.));
#3339=DIRECTION('',(0.,0.,-1.));
#3340=DIRECTION('',(1.,0.,1.83697019872103E-16));
#3341=DIRECTION('',(1.83697019872103E-16,0.,-1.));
#3342=DIRECTION('',(1.,0.,0.));
#3343=DIRECTION('',(0.,1.,0.));
#3344=DIRECTION('',(0.,0.,1.));
#3345=DIRECTION('',(0.,0.,1.));
#3346=DIRECTION('',(0.,0.,1.));
#3347=DIRECTION('',(1.,0.,0.));
#3348=DIRECTION('',(-0.173648177666931,-0.984807753012208,0.));
#3349=DIRECTION('',(-1.,0.,0.));
#3350=DIRECTION('',(1.,0.,0.));
#3351=DIRECTION('',(0.,0.,-1.));
#3352=DIRECTION('',(-1.,0.,0.));
#3353=DIRECTION('',(1.,0.,0.));
#3354=DIRECTION('',(0.,0.,-1.));
#3355=DIRECTION('',(1.,0.,0.));
#3356=DIRECTION('',(0.,0.,-1.));
#3357=DIRECTION('',(1.,0.,0.));
#3358=DIRECTION('',(1.,0.,0.));
#3359=DIRECTION('',(0.,0.,-1.));
#3360=DIRECTION('',(-1.,0.,0.));
#3361=DIRECTION('',(0.,1.,0.));
#3362=DIRECTION('',(0.,0.,-1.));
#3363=DIRECTION('',(0.,0.,1.));
#3364=DIRECTION('',(0.,0.,-1.));
#3365=DIRECTION('',(1.,0.,0.));
#3366=DIRECTION('',(-1.,0.,0.));
#3367=DIRECTION('',(0.173648177666927,0.984807753012209,0.));
#3368=DIRECTION('',(-1.,0.,0.));
#3369=DIRECTION('',(0.,0.,1.));
#3370=DIRECTION('',(-1.,0.,0.));
#3371=DIRECTION('',(0.985034858688035,-0.172355235398995,0.));
#3372=DIRECTION('',(-0.172355235398995,-0.985034858688035,0.));
#3373=DIRECTION('',(-1.,0.,0.));
#3374=DIRECTION('',(-1.,0.,0.));
#3375=DIRECTION('',(0.,0.,1.));
#3376=DIRECTION('',(-1.,0.,0.));
#3377=DIRECTION('',(0.985034858688035,-0.172355235398995,0.));
#3378=DIRECTION('',(-0.172355235398995,-0.985034858688035,0.));
#3379=DIRECTION('',(-1.,0.,0.));
#3380=DIRECTION('',(-1.,0.,0.));
#3381=DIRECTION('',(0.,0.,1.));
#3382=DIRECTION('',(-1.,0.,0.));
#3383=DIRECTION('',(0.,0.,1.));
#3384=DIRECTION('',(1.,0.,0.));
#3385=DIRECTION('',(0.,0.,-1.));
#3386=DIRECTION('',(1.,0.,0.));
#3387=DIRECTION('',(0.,0.,-1.));
#3388=DIRECTION('',(0.,1.,0.));
#3389=DIRECTION('',(1.,0.,0.));
#3390=DIRECTION('',(0.,0.,-1.));
#3391=DIRECTION('',(0.,1.,0.));
#3392=DIRECTION('',(-1.,0.,0.));
#3393=DIRECTION('',(0.,0.,1.));
#3394=DIRECTION('',(-1.,0.,0.));
#3395=DIRECTION('',(0.,0.,1.));
#3396=DIRECTION('',(-1.,0.,0.));
#3397=DIRECTION('',(0.,0.,1.));
#3398=DIRECTION('',(-1.,0.,0.));
#3399=DIRECTION('',(0.,0.,1.));
#3400=DIRECTION('',(1.,0.,0.));
#3401=DIRECTION('',(0.,0.,-1.));
#3402=DIRECTION('',(1.,0.,0.));
#3403=DIRECTION('',(0.,0.,-1.));
#3404=DIRECTION('',(1.,0.,0.));
#3405=DIRECTION('',(0.,0.,-1.));
#3406=DIRECTION('',(1.,0.,0.));
#3407=DIRECTION('',(0.,0.,-1.));
#3408=DIRECTION('',(1.,0.,0.));
#3409=DIRECTION('',(0.,0.,-1.));
#3410=DIRECTION('',(1.,0.,0.));
#3411=DIRECTION('',(0.,0.,-1.));
#3412=DIRECTION('',(1.,0.,0.));
#3413=DIRECTION('',(0.,0.,-1.));
#3414=DIRECTION('',(1.,0.,0.));
#3415=DIRECTION('',(0.,0.,-1.));
#3416=DIRECTION('',(1.,0.,0.));
#3417=DIRECTION('',(0.,0.,-1.));
#3418=DIRECTION('',(1.,0.,0.));
#3419=DIRECTION('',(0.,0.,-1.));
#3420=DIRECTION('',(1.,0.,0.));
#3421=DIRECTION('',(0.,0.,-1.));
#3422=DIRECTION('',(1.,0.,0.));
#3423=DIRECTION('',(0.,0.,-1.));
#3424=DIRECTION('',(1.,0.,0.));
#3425=DIRECTION('',(0.,0.,-1.));
#3426=DIRECTION('',(1.,0.,0.));
#3427=DIRECTION('',(0.,0.,-1.));
#3428=DIRECTION('',(1.,0.,0.));
#3429=DIRECTION('',(0.,0.,-1.));
#3430=DIRECTION('',(1.,0.,0.));
#3431=DIRECTION('',(0.,0.,-1.));
#3432=DIRECTION('',(1.,0.,0.));
#3433=DIRECTION('',(0.,0.,-1.));
#3434=DIRECTION('',(1.,0.,0.));
#3435=DIRECTION('',(0.,0.,-1.));
#3436=DIRECTION('',(1.,0.,0.));
#3437=DIRECTION('',(0.,0.,-1.));
#3438=DIRECTION('',(1.,0.,0.));
#3439=DIRECTION('',(0.,0.,-1.));
#3440=DIRECTION('',(1.,0.,0.));
#3441=DIRECTION('',(0.,0.,-1.));
#3442=DIRECTION('',(0.,0.863835505204395,-0.503773977045527));
#3443=DIRECTION('',(-1.,0.,0.));
#3444=DIRECTION('',(0.,0.,1.));
#3445=DIRECTION('',(0.,-0.863835505204396,-0.503773977045527));
#3446=DIRECTION('',(-1.,0.,0.));
#3447=DIRECTION('',(0.,0.,1.));
#3448=DIRECTION('',(-1.,0.,0.));
#3449=DIRECTION('',(0.,0.,1.));
#3450=DIRECTION('',(-1.,0.,0.));
#3451=DIRECTION('',(0.,0.,1.));
#3452=DIRECTION('',(-1.,0.,0.));
#3453=DIRECTION('',(0.,0.,1.));
#3454=DIRECTION('',(-1.,0.,0.));
#3455=DIRECTION('',(0.,0.,1.));
#3456=DIRECTION('',(-1.,0.,0.));
#3457=DIRECTION('',(0.,0.,1.));
#3458=DIRECTION('',(0.269570444747594,0.934401353822792,0.232864521326711));
#3459=DIRECTION('',(-0.653706184243797,-5.55111512312578E-17,0.756748455354496));
#3460=DIRECTION('',(0.,0.442240316578283,-0.8968965951506));
#3461=DIRECTION('',(0.,0.896896595150601,0.442240316578283));
#3462=DIRECTION('',(0.,-0.863835505204395,-0.503773977045527));
#3463=DIRECTION('',(0.,0.503773977045527,-0.863835505204396));
#3464=DIRECTION('',(-1.,0.,0.));
#3465=DIRECTION('',(0.,0.,1.));
#3466=DIRECTION('',(1.,0.,0.));
#3467=DIRECTION('',(0.,0.,-1.));
#3468=DIRECTION('',(1.,0.,0.));
#3469=DIRECTION('',(0.,0.,-1.));
#3470=DIRECTION('',(1.,0.,0.));
#3471=DIRECTION('',(0.,0.,-1.));
#3472=DIRECTION('',(0.,-0.664343380438278,0.747427503419456));
#3473=DIRECTION('',(0.,-0.747427503419456,-0.664343380438278));
#3474=DIRECTION('',(1.,0.,0.));
#3475=DIRECTION('',(0.,0.,-1.));
#3476=DIRECTION('',(0.,-0.442240316578282,-0.896896595150601));
#3477=DIRECTION('',(0.,0.896896595150601,-0.442240316578282));
#3478=DIRECTION('',(1.,0.,0.));
#3479=DIRECTION('',(0.,0.,-1.));
#3480=DIRECTION('',(1.,0.,0.));
#3481=DIRECTION('',(0.,0.,-1.));
#3482=DIRECTION('',(1.,0.,0.));
#3483=DIRECTION('',(0.,0.,-1.));
#3484=DIRECTION('',(1.,0.,0.));
#3485=DIRECTION('',(0.,0.,-1.));
#3486=DIRECTION('',(1.,0.,0.));
#3487=DIRECTION('',(0.,0.,-1.));
#3488=DIRECTION('',(1.,0.,0.));
#3489=DIRECTION('',(0.,0.,-1.));
#3490=DIRECTION('',(1.,0.,0.));
#3491=DIRECTION('',(0.,0.,-1.));
#3492=DIRECTION('',(1.,0.,0.));
#3493=DIRECTION('',(0.,0.,-1.));
#3494=DIRECTION('',(1.,0.,0.));
#3495=DIRECTION('',(0.,0.,-1.));
#3496=DIRECTION('',(1.,0.,0.));
#3497=DIRECTION('',(0.,0.,-1.));
#3498=DIRECTION('',(1.,0.,0.));
#3499=DIRECTION('',(0.,0.,-1.));
#3500=DIRECTION('',(1.,0.,0.));
#3501=DIRECTION('',(0.,0.,-1.));
#3502=DIRECTION('',(1.,0.,0.));
#3503=DIRECTION('',(0.,0.,-1.));
#3504=DIRECTION('',(1.,0.,0.));
#3505=DIRECTION('',(0.,0.,-1.));
#3506=DIRECTION('',(1.,0.,0.));
#3507=DIRECTION('',(0.,0.,-1.));
#3508=DIRECTION('',(1.,0.,0.));
#3509=DIRECTION('',(0.,0.,-1.));
#3510=DIRECTION('',(1.,0.,0.));
#3511=DIRECTION('',(0.,0.,-1.));
#3512=DIRECTION('',(1.,0.,0.));
#3513=DIRECTION('',(0.,0.,-1.));
#3514=DIRECTION('',(1.,0.,0.));
#3515=DIRECTION('',(0.,0.,-1.));
#3516=DIRECTION('',(1.,0.,0.));
#3517=DIRECTION('',(0.,0.,-1.));
#3518=DIRECTION('',(1.,0.,0.));
#3519=DIRECTION('',(0.,0.,-1.));
#3520=DIRECTION('',(1.,0.,0.));
#3521=DIRECTION('',(0.,0.,-1.));
#3522=DIRECTION('',(1.,0.,0.));
#3523=DIRECTION('',(0.,0.,-1.));
#3524=DIRECTION('',(1.,0.,0.));
#3525=DIRECTION('',(0.,0.,-1.));
#3526=DIRECTION('',(1.,0.,0.));
#3527=DIRECTION('',(0.,0.,-1.));
#3528=DIRECTION('',(1.,0.,0.));
#3529=DIRECTION('',(0.,0.,-1.));
#3530=DIRECTION('',(1.,0.,0.));
#3531=DIRECTION('',(0.,0.,-1.));
#3532=DIRECTION('',(1.,0.,0.));
#3533=DIRECTION('',(0.,0.,-1.));
#3534=DIRECTION('',(1.,0.,0.));
#3535=DIRECTION('',(0.,0.,-1.));
#3536=DIRECTION('',(1.,0.,0.));
#3537=DIRECTION('',(0.,0.,-1.));
#3538=DIRECTION('',(1.,0.,0.));
#3539=DIRECTION('',(0.,0.,-1.));
#3540=DIRECTION('',(1.,0.,0.));
#3541=DIRECTION('',(0.,0.,-1.));
#3542=DIRECTION('',(1.,0.,0.));
#3543=DIRECTION('',(0.,0.,-1.));
#3544=DIRECTION('',(1.,0.,0.));
#3545=DIRECTION('',(0.,0.,-1.));
#3546=DIRECTION('',(1.,0.,0.));
#3547=DIRECTION('',(0.,0.,-1.));
#3548=DIRECTION('',(1.,0.,0.));
#3549=DIRECTION('',(0.,0.,-1.));
#3550=DIRECTION('',(1.,0.,0.));
#3551=DIRECTION('',(0.,0.,-1.));
#3552=DIRECTION('',(1.,0.,0.));
#3553=DIRECTION('',(0.,0.,-1.));
#3554=DIRECTION('',(1.,0.,0.));
#3555=DIRECTION('',(0.,0.,-1.));
#3556=DIRECTION('',(1.,0.,0.));
#3557=DIRECTION('',(0.,0.,-1.));
#3558=DIRECTION('',(1.,0.,0.));
#3559=DIRECTION('',(0.,0.,-1.));
#3560=DIRECTION('',(1.,0.,0.));
#3561=DIRECTION('',(0.,0.,-1.));
#3562=DIRECTION('',(-1.,0.,0.));
#3563=DIRECTION('',(0.,0.,1.));
#3564=DIRECTION('',(0.,-0.656397961974171,-0.754414816606988));
#3565=DIRECTION('',(0.,0.754414816606988,-0.656397961974171));
#3566=DIRECTION('',(1.,0.,0.));
#3567=DIRECTION('',(0.,0.,-1.));
#3568=DIRECTION('',(0.,0.65639796197417,-0.754414816606989));
#3569=DIRECTION('',(0.,0.754414816606989,0.65639796197417));
#3570=DIRECTION('',(1.,0.,0.));
#3571=DIRECTION('',(0.,0.,-1.));
#3572=DIRECTION('',(1.,0.,0.));
#3573=DIRECTION('',(0.,0.,-1.));
#3574=DIRECTION('',(1.,0.,0.));
#3575=DIRECTION('',(0.,0.,-1.));
#3576=DIRECTION('',(-0.707106781186548,-0.707106781186548,1.78581400333511E-16));
#3577=DIRECTION('',(-0.707106781186548,0.707106781186548,-1.78581400333511E-16));
#3578=DIRECTION('',(0.,-2.52552238339231E-16,-1.));
#3579=DIRECTION('',(0.,-2.52552238339231E-16,-1.));
#3580=DIRECTION('',(1.,0.,0.));
#3581=DIRECTION('',(0.,0.,-1.));
#3582=DIRECTION('',(1.,0.,0.));
#3583=DIRECTION('',(0.,0.,-1.));
#3584=DIRECTION('',(0.,0.,-1.));
#3585=DIRECTION('',(0.,-2.52552238339231E-16,-1.));
#3586=DIRECTION('',(0.,1.,-2.52552238339231E-16));
#3587=DIRECTION('',(1.,0.,0.));
#3588=DIRECTION('',(0.,0.,-1.));
#3589=DIRECTION('',(0.,0.608157364198474,0.793816490362328));
#3590=DIRECTION('',(0.,-0.793816490362328,0.608157364198474));
#3591=DIRECTION('',(0.,-0.608157364198472,0.79381649036233));
#3592=DIRECTION('',(0.,-0.79381649036233,-0.608157364198472));
#3593=DIRECTION('',(-1.,0.,0.));
#3594=DIRECTION('',(0.,0.,1.));
#3595=DIRECTION('',(1.,0.,0.));
#3596=DIRECTION('',(0.,0.,-1.));
#3597=DIRECTION('',(0.,0.664343380438278,0.747427503419456));
#3598=DIRECTION('',(0.,-0.747427503419456,0.664343380438278));
#3599=DIRECTION('',(1.,0.,0.));
#3600=DIRECTION('',(0.,0.,-1.));
#3601=DIRECTION('',(1.,0.,0.));
#3602=DIRECTION('',(0.,0.,-1.));
#3603=DIRECTION('',(0.,0.,-1.));
#3604=DIRECTION('',(0.,-0.863835505204395,0.503773977045527));
#3605=DIRECTION('',(1.,0.,0.));
#3606=DIRECTION('',(0.,0.,-1.));
#3607=DIRECTION('',(0.,0.863835505204395,0.503773977045527));
#3608=DIRECTION('',(0.,0.5,0.866025403784438));
#3609=DIRECTION('',(0.,1.,0.));
#3610=DIRECTION('',(0.,0.5,-0.866025403784438));
#3611=DIRECTION('',(0.,-0.5,-0.866025403784439));
#3612=DIRECTION('',(0.,-1.,0.));
#3613=DIRECTION('',(0.,-0.5,0.866025403784438));
#3614=DIRECTION('',(0.,0.5,-0.866025403784438));
#3615=DIRECTION('',(0.,-0.5,-0.866025403784438));
#3616=DIRECTION('',(0.,-1.,0.));
#3617=DIRECTION('',(0.,-0.5,0.866025403784439));
#3618=DIRECTION('',(0.,0.5,0.866025403784438));
#3619=DIRECTION('',(0.,1.,0.));
#3620=DIRECTION('',(0.,-0.5,0.866025403784438));
#3621=DIRECTION('',(0.,0.5,0.866025403784438));
#3622=DIRECTION('',(0.,1.,0.));
#3623=DIRECTION('',(0.,0.5,-0.866025403784439));
#3624=DIRECTION('',(0.,-0.5,-0.866025403784438));
#3625=DIRECTION('',(0.,-1.,0.));
#3626=DIRECTION('',(0.,-0.5,-0.866025403784438));
#3627=DIRECTION('',(0.,-1.,0.));
#3628=DIRECTION('',(0.,-0.5,0.866025403784438));
#3629=DIRECTION('',(0.,0.5,0.866025403784439));
#3630=DIRECTION('',(0.,1.,0.));
#3631=DIRECTION('',(0.,0.5,-0.866025403784438));
#3632=DIRECTION('',(1.,0.,0.));
#3633=DIRECTION('',(0.,0.,-1.));
#3634=DIRECTION('',(1.,0.,0.));
#3635=DIRECTION('',(1.,0.,0.));
#3636=DIRECTION('',(0.,0.,-1.));
#3637=DIRECTION('',(1.,0.,0.));
#3638=DIRECTION('',(-0.709682736456655,0.704521407464241,0.));
#3639=DIRECTION('',(0.70452140746424,0.709682736456655,0.));
#3640=DIRECTION('',(-1.,0.,0.));
#3641=DIRECTION('',(0.,0.,1.));
#3642=DIRECTION('',(0.0871557427476583,0.86272991566282,-0.498097349045873));
#3643=DIRECTION('',(1.38777878078145E-17,0.5,0.866025403784438));
#3644=DIRECTION('',(0.994935885120892,-0.100511613750393,-6.01686143000435E-18));
#3645=DIRECTION('',(2.52308994626052E-17,-0.5,-0.866025403784438));
#3646=DIRECTION('',(0.994935885120892,-0.0502558068751962,0.0870456108832093));
#3647=DIRECTION('',(0.0871557427476583,0.86272991566282,0.498097349045874));
#3648=DIRECTION('',(0.,-0.5,0.866025403784438));
#3649=DIRECTION('',(0.994935885120892,-0.0502558068751961,-0.0870456108832093));
#3650=DIRECTION('',(4.45796838142524E-16,0.5,-0.866025403784438));
#3651=DIRECTION('',(0.0871557427476584,0.,0.996194698091746));
#3652=DIRECTION('',(0.996194698091746,0.,-0.0871557427476584));
#3653=DIRECTION('',(0.994935885120892,0.0502558068751963,-0.0870456108832093));
#3654=DIRECTION('',(0.,1.,0.));
#3655=DIRECTION('',(0.0871557427476584,-0.862729915662821,0.498097349045873));
#3656=DIRECTION('',(0.,-0.5,-0.866025403784439));
#3657=DIRECTION('',(0.994935885120892,0.100511613750393,1.02570347580106E-16));
#3658=DIRECTION('',(3.39249391199358E-16,0.5,0.866025403784439));
#3659=DIRECTION('',(0.0871557427476584,-0.86272991566282,-0.498097349045874));
#3660=DIRECTION('',(0.,0.5,-0.866025403784438));
#3661=DIRECTION('',(0.994935885120892,0.0502558068751963,0.0870456108832093));
#3662=DIRECTION('',(4.20565938679919E-16,-0.5,0.866025403784438));
#3663=DIRECTION('',(0.0871557427476584,0.,-0.996194698091746));
#3664=DIRECTION('',(-0.996194698091746,0.,-0.0871557427476584));
#3665=DIRECTION('',(0.,-1.,0.));
#3666=DIRECTION('',(-1.,0.,0.));
#3667=DIRECTION('',(0.,0.,1.));
#3668=DIRECTION('',(0.,-0.5,-0.866025403784438));
#3669=DIRECTION('',(0.,0.5,-0.866025403784438));
#3670=DIRECTION('',(0.,1.,0.));
#3671=DIRECTION('',(0.,0.5,0.866025403784438));
#3672=DIRECTION('',(0.,-0.5,0.866025403784438));
#3673=DIRECTION('',(0.,1.,0.));
#3674=DIRECTION('',(0.0871557427476583,0.86272991566282,0.498097349045873));
#3675=DIRECTION('',(1.38777878078145E-17,0.5,-0.866025403784438));
#3676=DIRECTION('',(0.994935885120892,-0.0502558068751962,-0.0870456108832093));
#3677=DIRECTION('',(3.68639018674754E-16,0.5,-0.866025403784438));
#3678=DIRECTION('',(0.994935885120892,-0.100511613750393,-6.01686143000437E-18));
#3679=DIRECTION('',(0.0871557427476583,0.86272991566282,-0.498097349045874));
#3680=DIRECTION('',(0.,-0.5,-0.866025403784438));
#3681=DIRECTION('',(-2.17393984369531E-16,-0.5,-0.866025403784438));
#3682=DIRECTION('',(0.994935885120892,-0.0502558068751961,0.0870456108832093));
#3683=DIRECTION('',(0.0871557427476584,0.,-0.996194698091746));
#3684=DIRECTION('',(0.996194698091746,0.,0.0871557427476584));
#3685=DIRECTION('',(0.,-1.,0.));
#3686=DIRECTION('',(0.994935885120892,0.0502558068751963,0.0870456108832093));
#3687=DIRECTION('',(0.0871557427476584,-0.862729915662821,-0.498097349045873));
#3688=DIRECTION('',(0.,-0.5,0.866025403784439));
#3689=DIRECTION('',(-2.74949949274017E-16,-0.5,0.866025403784439));
#3690=DIRECTION('',(0.994935885120892,0.100511613750393,-1.04555706106436E-16));
#3691=DIRECTION('',(0.0871557427476584,-0.86272991566282,0.498097349045874));
#3692=DIRECTION('',(0.,0.5,0.866025403784438));
#3693=DIRECTION('',(-2.89858645826041E-16,0.5,0.866025403784438));
#3694=DIRECTION('',(0.994935885120892,0.0502558068751963,-0.0870456108832093));
#3695=DIRECTION('',(0.0871557427476584,0.,0.996194698091746));
#3696=DIRECTION('',(-0.996194698091746,0.,0.0871557427476584));
#3697=DIRECTION('',(0.,1.,0.));
#3698=DIRECTION('',(-1.,0.,0.));
#3699=DIRECTION('',(0.,0.,-1.));
#3700=DIRECTION('',(0.,0.5,0.866025403784438));
#3701=DIRECTION('',(0.,-0.5,0.866025403784438));
#3702=DIRECTION('',(0.,-1.,0.));
#3703=DIRECTION('',(0.,-0.5,-0.866025403784438));
#3704=DIRECTION('',(0.,0.5,-0.866025403784439));
#3705=DIRECTION('',(0.,-1.,0.));
#3706=DIRECTION('',(0.0871557427476583,-0.86272991566282,-0.498097349045873));
#3707=DIRECTION('',(1.38777878078145E-17,-0.5,0.866025403784438));
#3708=DIRECTION('',(0.994935885120892,0.0502558068751962,0.0870456108832093));
#3709=DIRECTION('',(3.68639018674754E-16,-0.5,0.866025403784438));
#3710=DIRECTION('',(0.994935885120892,0.100511613750393,6.01686143000437E-18));
#3711=DIRECTION('',(0.0871557427476583,-0.86272991566282,0.498097349045874));
#3712=DIRECTION('',(0.,0.5,0.866025403784438));
#3713=DIRECTION('',(-2.17393984369531E-16,0.5,0.866025403784438));
#3714=DIRECTION('',(0.994935885120892,0.0502558068751961,-0.0870456108832093));
#3715=DIRECTION('',(0.0871557427476584,0.,0.996194698091746));
#3716=DIRECTION('',(0.996194698091746,0.,-0.0871557427476584));
#3717=DIRECTION('',(0.,1.,0.));
#3718=DIRECTION('',(0.994935885120892,-0.0502558068751963,-0.0870456108832093));
#3719=DIRECTION('',(0.0871557427476584,0.862729915662821,0.498097349045873));
#3720=DIRECTION('',(0.,0.5,-0.866025403784439));
#3721=DIRECTION('',(-2.74949949274017E-16,0.5,-0.866025403784439));
#3722=DIRECTION('',(0.994935885120892,-0.100511613750393,1.04555706106436E-16));
#3723=DIRECTION('',(0.0871557427476584,0.86272991566282,-0.498097349045874));
#3724=DIRECTION('',(0.,-0.5,-0.866025403784438));
#3725=DIRECTION('',(-2.89858645826041E-16,-0.5,-0.866025403784438));
#3726=DIRECTION('',(0.994935885120892,-0.0502558068751963,0.0870456108832093));
#3727=DIRECTION('',(0.0871557427476584,0.,-0.996194698091746));
#3728=DIRECTION('',(-0.996194698091746,0.,-0.0871557427476584));
#3729=DIRECTION('',(0.,-1.,0.));
#3730=DIRECTION('',(-1.,0.,0.));
#3731=DIRECTION('',(0.,0.,1.));
#3732=DIRECTION('',(0.,-0.5,-0.866025403784438));
#3733=DIRECTION('',(0.,0.5,-0.866025403784438));
#3734=DIRECTION('',(0.,1.,0.));
#3735=DIRECTION('',(0.,0.5,0.866025403784438));
#3736=DIRECTION('',(0.,-0.5,0.866025403784439));
#3737=DIRECTION('',(0.,1.,0.));
#3738=DIRECTION('',(0.0871557427476583,-0.86272991566282,0.498097349045873));
#3739=DIRECTION('',(1.38777878078145E-17,-0.5,-0.866025403784438));
#3740=DIRECTION('',(0.994935885120892,0.100511613750393,6.01686143000435E-18));
#3741=DIRECTION('',(2.52308994626052E-17,0.5,0.866025403784438));
#3742=DIRECTION('',(0.994935885120892,0.0502558068751962,-0.0870456108832093));
#3743=DIRECTION('',(0.0871557427476583,-0.86272991566282,-0.498097349045874));
#3744=DIRECTION('',(0.,0.5,-0.866025403784438));
#3745=DIRECTION('',(0.994935885120892,0.0502558068751961,0.0870456108832093));
#3746=DIRECTION('',(4.45796838142524E-16,-0.5,0.866025403784438));
#3747=DIRECTION('',(0.0871557427476584,0.,-0.996194698091746));
#3748=DIRECTION('',(0.996194698091746,0.,0.0871557427476584));
#3749=DIRECTION('',(0.994935885120892,-0.0502558068751963,0.0870456108832093));
#3750=DIRECTION('',(0.,-1.,0.));
#3751=DIRECTION('',(0.0871557427476584,0.862729915662821,-0.498097349045873));
#3752=DIRECTION('',(0.,0.5,0.866025403784439));
#3753=DIRECTION('',(0.994935885120892,-0.100511613750393,-1.02570347580106E-16));
#3754=DIRECTION('',(3.39249391199358E-16,-0.5,-0.866025403784439));
#3755=DIRECTION('',(0.0871557427476584,0.86272991566282,0.498097349045874));
#3756=DIRECTION('',(0.,-0.5,0.866025403784438));
#3757=DIRECTION('',(0.994935885120892,-0.0502558068751963,-0.0870456108832093));
#3758=DIRECTION('',(4.20565938679919E-16,0.5,-0.866025403784438));
#3759=DIRECTION('',(0.0871557427476584,0.,0.996194698091746));
#3760=DIRECTION('',(-0.996194698091746,0.,0.0871557427476584));
#3761=DIRECTION('',(0.,1.,0.));
#3762=DIRECTION('',(-1.,0.,0.));
#3763=DIRECTION('',(0.,0.,-1.));
#3764=DIRECTION('',(0.,0.5,0.866025403784438));
#3765=DIRECTION('',(0.,-0.5,0.866025403784438));
#3766=DIRECTION('',(0.,-1.,0.));
#3767=DIRECTION('',(0.,-0.5,-0.866025403784438));
#3768=DIRECTION('',(0.,0.5,-0.866025403784438));
#3769=DIRECTION('',(0.,-1.,0.));
#3770=DIRECTION('',(-0.707106781186547,0.356221995354209,-0.610823943559736));
#3771=DIRECTION('',(-0.707106781186548,-0.356221995354208,0.610823943559735));
#3772=DIRECTION('',(8.32667268468867E-17,0.863835505204396,0.503773977045527));
#3773=DIRECTION('',(-0.707106781186548,-0.356221995354208,0.610823943559735));
#3774=DIRECTION('',(8.32667268468867E-17,0.863835505204396,0.503773977045527));
#3775=DIRECTION('',(-0.707106781186547,0.356221995354209,0.610823943559736));
#3776=DIRECTION('',(-0.707106781186548,-0.356221995354208,-0.610823943559735));
#3777=DIRECTION('',(-0.707106781186548,-0.356221995354208,-0.610823943559735));
#3778=DIRECTION('',(-8.32667268468867E-17,-0.863835505204396,0.503773977045527));
#3779=DIRECTION('',(-8.32667268468867E-17,-0.863835505204396,0.503773977045527));
#3780=DIRECTION('',(-1.,0.,0.));
#3781=DIRECTION('',(0.,0.,-1.));
#3782=DIRECTION('',(-1.,0.,0.));
#3783=DIRECTION('',(0.,0.,1.));
#3784=DIRECTION('',(-1.,0.,0.));
#3785=DIRECTION('',(0.,0.,1.));
#3786=DIRECTION('',(-0.984807753012208,0.17364817766693,0.));
#3787=DIRECTION('',(-0.17364817766693,-0.984807753012208,0.));
#3788=DIRECTION('',(-0.17364817766693,-0.984807753012208,0.));
#3789=DIRECTION('',(-0.984807753012208,0.17364817766693,0.));
#3790=DIRECTION('',(-0.17364817766693,-0.984807753012208,0.));
#3791=DIRECTION('',(-0.17364817766693,-0.984807753012208,0.));
#3792=DIRECTION('',(0.,0.,1.));
#3793=DIRECTION('',(-0.984807753012208,0.17364817766693,0.));
#3794=DIRECTION('',(-0.17364817766693,-0.984807753012208,0.));
#3795=DIRECTION('',(-0.17364817766693,-0.984807753012208,0.));
#3796=DIRECTION('',(-0.984807753012208,0.17364817766693,0.));
#3797=DIRECTION('',(-0.17364817766693,-0.984807753012208,0.));
#3798=DIRECTION('',(-0.17364817766693,-0.984807753012208,0.));
#3799=DIRECTION('',(0.,0.,1.));
#3800=DIRECTION('',(0.,0.,1.));
#3801=DIRECTION('',(-1.,0.,0.));
#3802=DIRECTION('',(0.,0.,1.));
#3803=DIRECTION('',(1.,0.,0.));
#3804=DIRECTION('',(0.,0.,1.));
#3805=DIRECTION('',(1.,0.,0.));
#3806=DIRECTION('',(0.,0.,-1.));
#3807=DIRECTION('',(-1.,0.,0.));
#3808=DIRECTION('',(0.,0.,-1.));
#3809=DIRECTION('',(-1.,0.,0.));
#3810=DIRECTION('',(0.,0.,-1.));
#3811=DIRECTION('',(-1.,0.,0.));
#3812=DIRECTION('',(-0.17364817766693,-0.984807753012208,0.));
#3813=DIRECTION('',(0.984807753012208,-0.17364817766693,0.));
#3814=DIRECTION('',(-0.17364817766693,-0.984807753012208,0.));
#3815=DIRECTION('',(0.984807753012208,-0.17364817766693,0.));
#3816=DIRECTION('',(0.,1.,0.));
#3817=DIRECTION('',(1.,0.,0.));
#3818=DIRECTION('',(0.,1.,0.));
#3819=DIRECTION('',(-1.,0.,0.));
#3820=DIRECTION('',(-0.17364817766693,-0.984807753012208,0.));
#3821=DIRECTION('',(0.984807753012208,-0.17364817766693,0.));
#3822=DIRECTION('',(-0.17364817766693,-0.984807753012208,0.));
#3823=DIRECTION('',(0.984807753012208,-0.17364817766693,0.));
#3824=DIRECTION('',(-1.,0.,0.));
#3825=DIRECTION('',(0.,0.,1.));
#3826=DIRECTION('',(0.,2.52552238339231E-16,1.));
#3827=DIRECTION('',(0.,-1.,2.52552238339231E-16));
#3828=DIRECTION('',(1.26276119169615E-16,1.26276119169616E-16,1.));
#3829=DIRECTION('',(0.,-1.,1.26276119169616E-16));
#3830=DIRECTION('',(1.26276119169615E-16,1.26276119169616E-16,1.));
#3831=DIRECTION('',(0.,-1.,1.26276119169616E-16));
#3832=DIRECTION('',(1.26276119169615E-16,1.26276119169616E-16,1.));
#3833=DIRECTION('',(0.707106781186549,-0.707106781186546,0.));
#3834=DIRECTION('',(1.26276119169615E-16,1.26276119169616E-16,1.));
#3835=DIRECTION('',(0.707106781186549,-0.707106781186546,0.));
#3836=DIRECTION('',(-0.68322965983046,0.68322697019034,-0.25767836372595));
#3837=DIRECTION('',(-0.707105389364372,-0.707108173005983,0.));
#3838=DIRECTION('',(-0.683229659830394,0.683226970192687,0.2576783637199));
#3839=DIRECTION('',(-0.70710538936562,-0.707108173004735,0.));
#3840=DIRECTION('',(1.26276119169615E-16,1.26276119169616E-16,1.));
#3841=DIRECTION('',(0.707106781186549,-0.707106781186546,0.));
#3842=DIRECTION('',(1.26276119169615E-16,1.26276119169616E-16,1.));
#3843=DIRECTION('',(0.707106781186549,-0.707106781186546,0.));
#3844=DIRECTION('',(0.707109654661988,0.707103907682384,4.90987908837388E-6));
#3845=DIRECTION('',(-0.707103907690907,0.707109654670511,0.));
#3846=DIRECTION('',(0.707109654724243,0.707103907620128,-4.90998567657044E-6));
#3847=DIRECTION('',(-0.707103907628651,0.707109654732766,0.));
#3848=DIRECTION('',(1.,0.,0.));
#3849=DIRECTION('',(0.,0.,-1.));
#3850=DIRECTION('',(0.,0.863835505204395,-0.503773977045527));
#3851=DIRECTION('',(0.,0.503773977045527,0.863835505204396));
#3852=DIRECTION('',(0.,-0.863835505204395,-0.503773977045527));
#3853=DIRECTION('',(0.,0.503773977045527,-0.863835505204396));
#3854=DIRECTION('',(0.,-0.863835505204395,-0.503773977045527));
#3855=DIRECTION('',(0.,0.503773977045527,-0.863835505204395));
#3856=DIRECTION('',(0.,0.863835505204395,-0.503773977045527));
#3857=DIRECTION('',(0.,0.503773977045527,0.863835505204395));
#3858=DIRECTION('',(0.,0.863835505204395,-0.503773977045527));
#3859=DIRECTION('',(0.,0.503773977045527,0.863835505204396));
#3860=DIRECTION('',(0.269570444747594,0.934401353822792,-0.232864521326711));
#3861=DIRECTION('',(0.653706184243797,5.55111512312578E-17,0.756748455354496));
#3862=DIRECTION('',(-1.,0.,0.));
#3863=DIRECTION('',(0.,0.,1.));
#3864=DIRECTION('',(0.,-0.863835505204395,0.503773977045527));
#3865=DIRECTION('',(0.,-0.503773977045527,-0.863835505204396));
#3866=DIRECTION('',(0.,0.863835505204395,0.503773977045527));
#3867=DIRECTION('',(0.,-0.503773977045527,0.863835505204396));
#3868=DIRECTION('',(0.,0.863835505204395,0.503773977045527));
#3869=DIRECTION('',(0.,-0.503773977045527,0.863835505204395));
#3870=DIRECTION('',(0.591355178907554,0.7715242183217,-0.234626155665358));
#3871=DIRECTION('',(-0.7936792353664,0.608336478725554,0.));
#3872=DIRECTION('',(0.591355178907515,0.771524218321862,0.234626155664923));
#3873=DIRECTION('',(-0.793679235366481,0.608336478725448,0.));
#3874=DIRECTION('',(0.,-0.863835505204395,0.503773977045527));
#3875=DIRECTION('',(0.,-0.503773977045527,-0.863835505204395));
#3876=DIRECTION('',(0.712135178320768,-0.638887342390574,-0.291009366741274));
#3877=DIRECTION('',(0.667789119341977,0.74435051695318,0.));
#3878=DIRECTION('',(0.712131758453231,-0.638889415424209,0.291013184342604));
#3879=DIRECTION('',(0.667792096690323,0.744347845834152,0.));
#3880=DIRECTION('',(0.707106781186547,-0.612372435695796,-0.353553390593275));
#3881=DIRECTION('',(-8.32667268468867E-17,-0.5,0.866025403784438));
#3882=DIRECTION('',(0.654653670707981,0.377964473009223,0.654653670707976));
#3883=DIRECTION('',(-0.654653670707979,-0.755928946018453,0.));
#3884=DIRECTION('',(0.707106781186548,-0.612372435695794,0.353553390593275));
#3885=DIRECTION('',(5.55111512312578E-17,0.5,0.866025403784438));
#3886=DIRECTION('',(-0.654653670707976,-0.377964473009228,0.654653670707978));
#3887=DIRECTION('',(0.707106781186546,0.,-0.707106781186549));
#3888=DIRECTION('',(0.,-1.,0.));
#3889=DIRECTION('',(0.654653670707978,-0.377964473009231,0.654653670707974));
#3890=DIRECTION('',(0.707106781186548,0.,0.707106781186548));
#3891=DIRECTION('',(0.,1.,0.));
#3892=DIRECTION('',(-0.65465367070798,0.377964473009226,0.654653670707976));
#3893=DIRECTION('',(0.707106781186549,0.612372435695793,-0.353553390593274));
#3894=DIRECTION('',(0.,-0.5,-0.866025403784438));
#3895=DIRECTION('',(0.654653670707977,-0.755928946018454,7.40999392502434E-15));
#3896=DIRECTION('',(0.707106781186545,0.612372435695797,0.353553390593276));
#3897=DIRECTION('',(-2.77555756156289E-17,0.5,-0.866025403784438));
#3898=DIRECTION('',(0.642787609686544,0.663413948168934,0.383022221559488));
#3899=DIRECTION('',(2.77555756156289E-17,-0.5,0.866025403784438));
#3900=DIRECTION('',(-0.718183226839557,0.695854045534206,0.));
#3901=DIRECTION('',(0.718183226839558,-0.347927022767105,-0.602627280758794));
#3902=DIRECTION('',(0.642787609686546,0.,0.766044443118973));
#3903=DIRECTION('',(0.,-1.,0.));
#3904=DIRECTION('',(0.718183226839562,0.347927022767097,-0.602627280758794));
#3905=DIRECTION('',(0.642787609686547,0.663413948168933,-0.383022221559487));
#3906=DIRECTION('',(-1.38777878078144E-16,0.5,0.866025403784438));
#3907=DIRECTION('',(-0.71818322683956,0.347927022767105,-0.602627280758791));
#3908=DIRECTION('',(0.642787609686544,-0.663413948168935,0.383022221559488));
#3909=DIRECTION('',(2.77555756156289E-17,-0.5,-0.866025403784439));
#3910=DIRECTION('',(0.718183226839561,0.695854045534203,2.50121649118951E-15));
#3911=DIRECTION('',(0.642787609686544,0.,-0.766044443118974));
#3912=DIRECTION('',(0.,1.,0.));
#3913=DIRECTION('',(-0.718183226839561,-0.347927022767102,-0.602627280758792));
#3914=DIRECTION('',(0.642787609686545,-0.663413948168934,-0.383022221559488));
#3915=DIRECTION('',(1.38777878078144E-16,0.5,-0.866025403784438));
#3916=DIRECTION('',(0.642787609686544,-0.663413948168934,-0.383022221559488));
#3917=DIRECTION('',(2.77555756156289E-17,0.5,-0.866025403784438));
#3918=DIRECTION('',(-0.718183226839557,-0.695854045534206,0.));
#3919=DIRECTION('',(0.718183226839558,0.347927022767105,0.602627280758794));
#3920=DIRECTION('',(0.642787609686546,0.,-0.766044443118973));
#3921=DIRECTION('',(0.,1.,0.));
#3922=DIRECTION('',(0.718183226839562,-0.347927022767097,0.602627280758794));
#3923=DIRECTION('',(0.642787609686547,-0.663413948168933,0.383022221559487));
#3924=DIRECTION('',(-1.38777878078144E-16,-0.5,-0.866025403784438));
#3925=DIRECTION('',(-0.71818322683956,-0.347927022767105,0.602627280758791));
#3926=DIRECTION('',(0.642787609686544,0.663413948168935,-0.383022221559488));
#3927=DIRECTION('',(2.77555756156289E-17,0.5,0.866025403784439));
#3928=DIRECTION('',(0.718183226839562,-0.695854045534202,-2.50121649118951E-15));
#3929=DIRECTION('',(0.642787609686544,0.,0.766044443118974));
#3930=DIRECTION('',(0.,-1.,0.));
#3931=DIRECTION('',(-0.718183226839561,0.347927022767103,0.602627280758792));
#3932=DIRECTION('',(0.642787609686545,0.663413948168934,0.383022221559488));
#3933=DIRECTION('',(1.38777878078144E-16,-0.5,0.866025403784438));
#3934=DIRECTION('',(0.707106781186547,0.612372435695796,0.353553390593275));
#3935=DIRECTION('',(-8.32667268468867E-17,0.5,-0.866025403784438));
#3936=DIRECTION('',(0.654653670707981,-0.377964473009223,-0.654653670707976));
#3937=DIRECTION('',(-0.654653670707979,0.755928946018453,0.));
#3938=DIRECTION('',(0.707106781186548,0.612372435695794,-0.353553390593275));
#3939=DIRECTION('',(5.55111512312578E-17,-0.5,-0.866025403784438));
#3940=DIRECTION('',(-0.654653670707976,0.377964473009228,-0.654653670707978));
#3941=DIRECTION('',(0.707106781186546,0.,0.707106781186549));
#3942=DIRECTION('',(0.,1.,0.));
#3943=DIRECTION('',(0.654653670707978,0.377964473009231,-0.654653670707974));
#3944=DIRECTION('',(0.707106781186548,0.,-0.707106781186548));
#3945=DIRECTION('',(0.,-1.,0.));
#3946=DIRECTION('',(-0.65465367070798,-0.377964473009226,-0.654653670707976));
#3947=DIRECTION('',(0.707106781186549,-0.612372435695793,0.353553390593274));
#3948=DIRECTION('',(0.,0.5,0.866025403784438));
#3949=DIRECTION('',(0.654653670707977,0.755928946018454,-7.40999392502434E-15));
#3950=DIRECTION('',(0.707106781186545,-0.612372435695797,-0.353553390593276));
#3951=DIRECTION('',(-2.77555756156289E-17,-0.5,0.866025403784438));
#3952=DIRECTION('',(0.17364817766693,0.984807753012208,0.));
#3953=DIRECTION('',(-0.984807753012208,0.17364817766693,0.));
#3954=DIRECTION('',(0.17364817766693,0.984807753012208,0.));
#3955=DIRECTION('',(-0.984807753012208,0.17364817766693,0.));
#3956=DIRECTION('',(0.,1.,0.));
#3957=DIRECTION('',(-1.,0.,0.));
#3958=DIRECTION('',(0.,1.,0.));
#3959=DIRECTION('',(1.,0.,0.));
#3960=DIRECTION('',(0.17364817766693,0.984807753012208,0.));
#3961=DIRECTION('',(-0.984807753012208,0.17364817766693,0.));
#3962=DIRECTION('',(0.17364817766693,0.984807753012208,0.));
#3963=DIRECTION('',(-0.984807753012208,0.17364817766693,0.));
#3964=DIRECTION('',(-1.,0.,0.));
#3965=DIRECTION('',(0.,0.,1.));
#3966=DIRECTION('',(1.,0.,0.));
#3967=DIRECTION('',(0.,0.,-1.));
#3968=DIRECTION('',(1.,0.,0.));
#3969=DIRECTION('',(0.,0.,-1.));
#3970=DIRECTION('',(1.,0.,0.));
#3971=DIRECTION('',(0.,0.,-1.));
#3972=DIRECTION('',(0.,-0.991509190501387,-0.13003663003663));
#3973=DIRECTION('',(0.,0.13003663003663,-0.991509190501387));
#3974=DIRECTION('',(-0.128950950705419,-0.128950950705419,0.9832310535293));
#3975=DIRECTION('',(0.,-0.991509190501388,-0.130036630036629));
#3976=DIRECTION('',(0.128950950705416,0.12895095070542,0.9832310535293));
#3977=DIRECTION('',(0.,-0.991509190501388,0.130036630036629));
#3978=DIRECTION('',(0.,-0.991509190501387,0.13003663003663));
#3979=DIRECTION('',(0.,-0.13003663003663,-0.991509190501387));
#3980=DIRECTION('',(-1.,2.84386666586749E-15,2.16840434497101E-14));
#3981=DIRECTION('',(2.16840434497101E-14,0.,1.));
#3982=DIRECTION('',(1.,0.,0.));
#3983=DIRECTION('',(0.,0.,-1.));
#3984=DIRECTION('',(-0.708701774890379,-0.705508181573557,0.));
#3985=DIRECTION('',(0.705508181573557,-0.708701774890379,0.));
#3986=DIRECTION('',(0.,-1.,0.));
#3987=DIRECTION('',(0.,0.,-1.));
#3988=DIRECTION('',(0.,-1.,0.));
#3989=DIRECTION('',(0.,0.,-1.));
#3990=DIRECTION('',(0.,-1.,0.));
#3991=DIRECTION('',(0.,0.,-1.));
#3992=DIRECTION('',(1.,0.,0.));
#3993=DIRECTION('',(0.,0.,-1.));
#3994=DIRECTION('',(-1.,0.,0.));
#3995=DIRECTION('',(0.,0.,1.));
#3996=DIRECTION('',(1.,2.85239695980181E-14,0.));
#3997=DIRECTION('',(-2.85239695980181E-14,1.,0.));
#3998=DIRECTION('',(0.0241986651609029,0.137237449786041,-0.990242549570889));
#3999=DIRECTION('',(0.,0.990532607801667,0.137277648878575));
#4000=DIRECTION('',(0.0115907088649357,0.0657341764621896,-0.997769849971849));
#4001=DIRECTION('',(0.,0.997836879187446,0.0657385924207258));
#4002=DIRECTION('',(-1.,-1.87763290859916E-14,-1.51788304147971E-14));
#4003=DIRECTION('',(1.87763290859916E-14,-1.,0.));
#4004=DIRECTION('',(-1.,0.,0.));
#4005=DIRECTION('',(0.,0.,1.));
#4006=DIRECTION('',(-1.,0.,0.));
#4007=DIRECTION('',(0.,0.,1.));
#4008=DIRECTION('',(-0.708701774890376,-0.70550818157356,4.61025602388288E-15));
#4009=DIRECTION('',(0.70550818157356,-0.708701774890376,0.));
#4010=DIRECTION('',(0.,-1.,0.));
#4011=DIRECTION('',(0.,0.,-1.));
#4012=DIRECTION('',(0.,-1.,0.));
#4013=DIRECTION('',(0.,0.,-1.));
#4014=DIRECTION('',(0.,-1.,0.));
#4015=DIRECTION('',(0.,0.,-1.));
#4016=DIRECTION('',(1.,0.,0.));
#4017=DIRECTION('',(0.,0.,-1.));
#4018=DIRECTION('',(-1.,0.,0.));
#4019=DIRECTION('',(0.,0.,1.));
#4020=DIRECTION('',(1.,3.35146885335744E-16,2.16840434497102E-15));
#4021=DIRECTION('',(2.16840434497102E-15,0.,-1.));
#4022=DIRECTION('',(0.0241986651609033,0.137237449786043,0.990242549570889));
#4023=DIRECTION('',(0.,-0.990532607801666,0.137277648878578));
#4024=DIRECTION('',(0.011590708864937,0.0657341764621906,0.997769849971849));
#4025=DIRECTION('',(0.,-0.997836879187446,0.0657385924207268));
#4026=DIRECTION('',(-1.,-2.18290357823194E-16,-4.33680868994202E-15));
#4027=DIRECTION('',(-4.33680868994202E-15,0.,1.));
#4028=DIRECTION('',(-1.,0.,0.));
#4029=DIRECTION('',(0.,0.,1.));
#4030=DIRECTION('',(-1.,0.,0.));
#4031=DIRECTION('',(0.,0.,1.));
#4032=CARTESIAN_POINT('',(0.,0.,0.));
#4033=CARTESIAN_POINT('',(0.000839141841087249,-0.0300780154464382,-0.00355));
#4034=CARTESIAN_POINT('',(0.0037,-0.0275,-0.00355));
#4035=CARTESIAN_POINT('',(0.00399037774307482,-0.0272096222569252,-0.00355));
#4036=CARTESIAN_POINT('',(0.00464142135623731,-0.0265585786437628,-0.00355));
#4037=CARTESIAN_POINT('',(0.00384895638683756,-0.0270682009006879,-0.00355));
#4038=CARTESIAN_POINT('',(0.00384895638683756,-0.0270682009006879,-0.00375));
#4039=CARTESIAN_POINT('',(0.0045,-0.0264171572875254,-0.00375));
#4040=CARTESIAN_POINT('',(0.0045,-0.0264171572875254,-0.00375));
#4041=CARTESIAN_POINT('',(0.0045,-0.0264171572875254,-0.00355));
#4042=CARTESIAN_POINT('',(0.000839141841087249,-0.0300780154464382,0.00355));
#4043=CARTESIAN_POINT('',(0.00419347330639411,-0.0267236839811314,0.00375));
#4044=CARTESIAN_POINT('',(0.00384895638683756,-0.0270682009006879,0.00375));
#4045=CARTESIAN_POINT('',(0.0045,-0.0264171572875254,0.00375));
#4046=CARTESIAN_POINT('',(0.00384895638683756,-0.0270682009006879,0.00355));
#4047=CARTESIAN_POINT('',(0.00399037774307482,-0.0272096222569252,0.00355));
#4048=CARTESIAN_POINT('',(0.0037,-0.0275,0.00355));
#4049=CARTESIAN_POINT('',(0.00464142135623731,-0.0265585786437628,0.00355));
#4050=CARTESIAN_POINT('',(0.0045,-0.0264171572875254,0.00355));
#4051=CARTESIAN_POINT('',(0.0037,-0.0275,0.));
#4052=CARTESIAN_POINT('',(0.0310585786437626,-0.000141421356237309,0.));
#4053=CARTESIAN_POINT('',(0.00464142135623731,-0.0265585786437628,0.));
#4054=CARTESIAN_POINT('',(-0.0027388736053509,-0.0265,-0.00375));
#4055=CARTESIAN_POINT('',(0.0042,-0.0259612230066305,-0.00375));
#4056=CARTESIAN_POINT('',(0.00420000000000001,-0.025748756179689,-0.00375));
#4057=CARTESIAN_POINT('',(0.00401253526646588,-0.0255565471063679,-0.00375));
#4058=CARTESIAN_POINT('',(0.0038,-0.0255565471063679,-0.00375));
#4059=CARTESIAN_POINT('',(0.0042,-0.0259612230066305,-0.00375));
#4060=CARTESIAN_POINT('',(0.0038,-0.0255565471063679,-0.00375));
#4061=CARTESIAN_POINT('',(-0.0027388736053509,-0.0255565471063679,-0.00375));
#4062=CARTESIAN_POINT('',(0.00310495105148927,-0.0255565471063679,-0.00375));
#4063=CARTESIAN_POINT('',(0.00310495105148927,-0.0255565471063679,-0.00375));
#4064=CARTESIAN_POINT('',(0.00316781992623545,-0.0252,-0.00375));
#4065=CARTESIAN_POINT('',(-0.0027388736053509,-0.0252,-0.00375));
#4066=CARTESIAN_POINT('',(0.0045,-0.0252,-0.00375));
#4067=CARTESIAN_POINT('',(0.0045,-0.0265,-0.00375));
#4068=CARTESIAN_POINT('',(-0.0027388736053509,-0.0270682009006879,-0.00375));
#4069=CARTESIAN_POINT('',(0.00384211834317729,-0.0270682009006879,-0.00375));
#4070=CARTESIAN_POINT('',(0.00384211834317729,-0.0270682009006879,-0.00375));
#4071=CARTESIAN_POINT('',(0.00407081612393188,-0.0268405336912259,-0.00375));
#4072=CARTESIAN_POINT('',(0.0042,-0.0265266063594862,-0.00375));
#4073=CARTESIAN_POINT('',(0.0042,-0.0262039596244537,-0.00375));
#4074=CARTESIAN_POINT('',(0.0042,-0.0262039596244537,-0.00375));
#4075=CARTESIAN_POINT('',(0.0042,-0.0259908657031658,-0.00375));
#4076=CARTESIAN_POINT('',(-0.0027388736053509,-0.0265,0.00375));
#4077=CARTESIAN_POINT('',(0.00316781992623545,-0.0252,0.00375));
#4078=CARTESIAN_POINT('',(0.00316781992623545,-0.0252,0.00375));
#4079=CARTESIAN_POINT('',(0.00310495105148927,-0.0255565471063679,0.00375));
#4080=CARTESIAN_POINT('',(-0.0027388736053509,-0.0255565471063679,0.00375));
#4081=CARTESIAN_POINT('',(0.0038,-0.0255565471063679,0.00375));
#4082=CARTESIAN_POINT('',(0.0038,-0.0255565471063679,0.00375));
#4083=CARTESIAN_POINT('',(0.00401253526646588,-0.0255565471063679,0.00375));
#4084=CARTESIAN_POINT('',(0.00420000000000001,-0.025748756179689,0.00375));
#4085=CARTESIAN_POINT('',(0.0042,-0.0259612230066305,0.00375));
#4086=CARTESIAN_POINT('',(0.0042,-0.0259612230066305,0.00375));
#4087=CARTESIAN_POINT('',(0.0042,-0.026233328038966,0.00375));
#4088=CARTESIAN_POINT('',(0.0042,-0.0262039596244537,0.00375));
#4089=CARTESIAN_POINT('',(0.0042,-0.0262039596244537,0.00375));
#4090=CARTESIAN_POINT('',(0.0042,-0.0265266063594862,0.00375));
#4091=CARTESIAN_POINT('',(0.00407081612393189,-0.0268405336912259,0.00375));
#4092=CARTESIAN_POINT('',(0.00384211834317729,-0.0270682009006879,0.00375));
#4093=CARTESIAN_POINT('',(0.00384211834317729,-0.0270682009006879,0.00375));
#4094=CARTESIAN_POINT('',(-0.0027388736053509,-0.0270682009006879,0.00375));
#4095=CARTESIAN_POINT('',(0.0045,-0.0265,0.00375));
#4096=CARTESIAN_POINT('',(0.0045,-0.0252,0.00375));
#4097=CARTESIAN_POINT('',(-0.0027388736053509,-0.0252,0.00375));
#4098=CARTESIAN_POINT('',(0.0047,0.,0.));
#4099=CARTESIAN_POINT('',(0.0047,-0.0252,0.));
#4100=CARTESIAN_POINT('',(0.0047,-0.0252,-0.00355));
#4101=CARTESIAN_POINT('',(0.0047,-0.0252,-0.0017));
#4102=CARTESIAN_POINT('',(0.0047,0.,-0.0017));
#4103=CARTESIAN_POINT('',(0.0047,-0.0262049155694118,-0.0017));
#4104=CARTESIAN_POINT('',(0.0047,0.,0.));
#4105=CARTESIAN_POINT('',(0.0047,-0.0262049155694118,0.0017));
#4106=CARTESIAN_POINT('',(0.0047,0.,0.0017));
#4107=CARTESIAN_POINT('',(0.0047,-0.0252,0.0017));
#4108=CARTESIAN_POINT('',(0.0047,-0.0252,0.));
#4109=CARTESIAN_POINT('',(0.0047,-0.0252,0.00355));
#4110=CARTESIAN_POINT('',(0.0047,0.,0.00355));
#4111=CARTESIAN_POINT('',(0.0047,-0.0264171572875254,0.00355));
#4112=CARTESIAN_POINT('',(0.0047,-0.0264171572875254,0.));
#4113=CARTESIAN_POINT('',(0.0047,-0.0264171572875254,-0.00355));
#4114=CARTESIAN_POINT('',(0.0047,0.,-0.00355));
#4115=CARTESIAN_POINT('',(0.0045,0.,0.));
#4116=CARTESIAN_POINT('',(0.0045,-0.0260270505081999,-0.00131005413766435));
#4117=CARTESIAN_POINT('',(0.00458642977061511,-0.0260270505081999,-0.00131005413766435));
#4118=CARTESIAN_POINT('',(0.00468050700118667,-0.0261038424452478,-0.00147734565360507));
#4119=CARTESIAN_POINT('',(0.0047,-0.0261695319794,-0.0016218851138051));
#4120=CARTESIAN_POINT('',(0.0047,-0.0262049155694118,-0.0017));
#4121=CARTESIAN_POINT('',(0.0045,-0.0260270505081999,-0.00131005413766435));
#4122=CARTESIAN_POINT('',(0.0045,0.,0.));
#4123=CARTESIAN_POINT('',(0.0045,-0.0260270505081999,0.00131005413766435));
#4124=CARTESIAN_POINT('',(0.0045,-0.0260270505081999,0.00131005413766435));
#4125=CARTESIAN_POINT('',(0.00458642977061511,-0.0260270505081999,0.00131005413766435));
#4126=CARTESIAN_POINT('',(0.00468050700118667,-0.0261038424452478,0.00147734565360507));
#4127=CARTESIAN_POINT('',(0.0047,-0.0261695319794,0.0016218851138051));
#4128=CARTESIAN_POINT('',(0.0047,-0.0262049155694118,0.0017));
#4129=CARTESIAN_POINT('',(0.0045,-0.0265,0.00355));
#4130=CARTESIAN_POINT('',(0.0045,-0.0252,0.00355));
#4131=CARTESIAN_POINT('',(0.0045,-0.0264171572875254,0.00355));
#4132=CARTESIAN_POINT('',(0.0045,0.,-0.00355));
#4133=CARTESIAN_POINT('',(0.0045,-0.0252,-0.00355));
#4134=CARTESIAN_POINT('',(0.0045,-0.0264171572875254,-0.00355));
#4135=CARTESIAN_POINT('',(0.0045,-0.0264171572875254,0.));
#4136=CARTESIAN_POINT('',(0.0045,-0.0264171572875254,0.00355));
#4137=CARTESIAN_POINT('',(0.0045,-0.0264171572875254,-0.00355));
#4138=CARTESIAN_POINT('',(0.0045,-0.0264171572875254,0.00355));
#4139=CARTESIAN_POINT('',(0.0045,-0.0264171572875254,-0.00355));
#4140=CARTESIAN_POINT('',(0.0045,-0.0265,0.0017));
#4141=CARTESIAN_POINT('',(0.0045,-0.0258273033822736,0.0015));
#4142=CARTESIAN_POINT('',(0.00458624433029399,-0.0258273033822736,0.0015));
#4143=CARTESIAN_POINT('',(0.00468066978914206,-0.0259893773547553,0.00158528067252761));
#4144=CARTESIAN_POINT('',(0.0047,-0.0261294083308583,0.00165972056784168));
#4145=CARTESIAN_POINT('',(0.0047,-0.0262049155694118,0.0017));
#4146=CARTESIAN_POINT('',(0.0045,-0.0258273033822736,0.0015));
#4147=CARTESIAN_POINT('',(0.0045,-0.0265,0.0015));
#4148=CARTESIAN_POINT('',(0.0045,-0.0252,0.0015));
#4149=CARTESIAN_POINT('',(0.0045,-0.0252,0.0017));
#4150=CARTESIAN_POINT('',(0.0045,-0.0252,0.));
#4151=CARTESIAN_POINT('',(0.0045,-0.0252,0.0017));
#4152=CARTESIAN_POINT('',(0.0045,-0.025,0.0017));
#4153=CARTESIAN_POINT('',(0.0045,-0.025,0.));
#4154=CARTESIAN_POINT('',(0.0045,-0.025,0.00355));
#4155=CARTESIAN_POINT('',(0.0045,-0.0252,0.00355));
#4156=CARTESIAN_POINT('',(0.0045,0.,-0.0017));
#4157=CARTESIAN_POINT('',(0.0045,-0.0265,-0.0015));
#4158=CARTESIAN_POINT('',(0.0045,-0.0258273033822736,-0.0015));
#4159=CARTESIAN_POINT('',(0.0045,-0.0252,-0.0015));
#4160=CARTESIAN_POINT('',(0.0045,-0.0258273033822736,-0.0015));
#4161=CARTESIAN_POINT('',(0.00458624433029399,-0.0258273033822736,-0.0015));
#4162=CARTESIAN_POINT('',(0.00468066978914206,-0.0259893773547553,-0.00158528067252761));
#4163=CARTESIAN_POINT('',(0.0047,-0.0261294083308583,-0.00165972056784168));
#4164=CARTESIAN_POINT('',(0.0047,-0.0262049155694118,-0.0017));
#4165=CARTESIAN_POINT('',(0.0045,-0.0252,-0.0017));
#4166=CARTESIAN_POINT('',(0.0045,-0.0252,0.));
#4167=CARTESIAN_POINT('',(0.0045,-0.025,0.));
#4168=CARTESIAN_POINT('',(0.0045,-0.025,-0.0017));
#4169=CARTESIAN_POINT('',(0.0045,-0.025,-0.00355));
#4170=CARTESIAN_POINT('',(0.0045,-0.0252,-0.0017));
#4171=CARTESIAN_POINT('',(0.0045,-0.0252,-0.00355));
#4172=CARTESIAN_POINT('',(0.0045,-0.0252,0.00355));
#4173=CARTESIAN_POINT('',(0.0045,-0.0252,0.00355));
#4174=CARTESIAN_POINT('',(0.0045,-0.0252,-0.00355));
#4175=CARTESIAN_POINT('',(0.0045,-0.0252,-0.00355));
#4176=CARTESIAN_POINT('',(0.0045,-0.0252,0.0017));
#4177=CARTESIAN_POINT('',(0.0045,-0.0252,0.0017));
#4178=CARTESIAN_POINT('',(0.0045,-0.0252,-0.0017));
#4179=CARTESIAN_POINT('',(0.0045,-0.0252,-0.0017));
#4180=CARTESIAN_POINT('',(-0.0027388736053509,-0.0252,-0.0017));
#4181=CARTESIAN_POINT('',(-0.0027388736053509,-0.025,-0.0017));
#4182=CARTESIAN_POINT('',(0.00316781992623545,-0.025,-0.0017));
#4183=CARTESIAN_POINT('',(0.00316781992623545,-0.0252,-0.0017));
#4184=CARTESIAN_POINT('',(0.00316781992623545,-0.0252,-0.0015));
#4185=CARTESIAN_POINT('',(-0.0027388736053509,-0.0252,-0.0015));
#4186=CARTESIAN_POINT('',(-0.0027388736053509,-0.0252,-0.00355));
#4187=CARTESIAN_POINT('',(0.00316781992623545,-0.0252,-0.00355));
#4188=CARTESIAN_POINT('',(0.00316781992623545,-0.025,-0.00355));
#4189=CARTESIAN_POINT('',(-0.0027388736053509,-0.025,-0.00355));
#4190=CARTESIAN_POINT('',(-0.0027388736053509,-0.025,0.));
#4191=CARTESIAN_POINT('',(0.00316781992623545,-0.025,0.));
#4192=CARTESIAN_POINT('',(-0.0027388736053509,-0.0265,-0.0015));
#4193=CARTESIAN_POINT('',(0.00316781992623545,-0.0252,-0.0015));
#4194=CARTESIAN_POINT('',(0.00305720941485095,-0.0258273033822736,-0.0015));
#4195=CARTESIAN_POINT('',(-0.0027388736053509,-0.0258273033822736,-0.0015));
#4196=CARTESIAN_POINT('',(-0.0027388736053509,-0.0252,0.00355));
#4197=CARTESIAN_POINT('',(-0.0027388736053509,-0.025,0.00355));
#4198=CARTESIAN_POINT('',(0.00316781992623545,-0.025,0.00355));
#4199=CARTESIAN_POINT('',(0.00316781992623545,-0.0252,0.00355));
#4200=CARTESIAN_POINT('',(-0.0027388736053509,-0.0252,0.0017));
#4201=CARTESIAN_POINT('',(-0.0027388736053509,-0.0252,0.0015));
#4202=CARTESIAN_POINT('',(0.00316781992623546,-0.0252,0.0015));
#4203=CARTESIAN_POINT('',(0.00316781992623545,-0.0252,0.0017));
#4204=CARTESIAN_POINT('',(0.00316781992623545,-0.025,0.0017));
#4205=CARTESIAN_POINT('',(-0.0027388736053509,-0.025,0.0017));
#4206=CARTESIAN_POINT('',(-0.0027388736053509,-0.025,0.));
#4207=CARTESIAN_POINT('',(0.00316781992623545,-0.025,0.));
#4208=CARTESIAN_POINT('',(-0.0027388736053509,-0.0265,0.0015));
#4209=CARTESIAN_POINT('',(-0.0027388736053509,-0.0258273033822736,0.0015));
#4210=CARTESIAN_POINT('',(0.00305720941485096,-0.0258273033822736,0.0015));
#4211=CARTESIAN_POINT('',(0.00305720941485095,-0.0258273033822736,0.0015));
#4212=CARTESIAN_POINT('',(0.004,0.,0.));
#4213=CARTESIAN_POINT('',(0.004,-0.0260270505081999,-0.00131005413766435));
#4214=CARTESIAN_POINT('',(0.00305720941485095,-0.0260270505081999,-0.00131005413766435));
#4215=CARTESIAN_POINT('',(0.00305720941485095,-0.0260270505081999,-0.00131005413766435));
#4216=CARTESIAN_POINT('',(0.00284399568465594,-0.0260270505081999,-0.00131005413766435));
#4217=CARTESIAN_POINT('',(0.00265268419433782,-0.026017646672969,-0.00150037651265393));
#4218=CARTESIAN_POINT('',(0.00265513690650134,-0.0260036290716248,-0.00171314771848415));
#4219=CARTESIAN_POINT('',(0.00265513690650134,-0.0260036290716248,-0.00171314771848415));
#4220=CARTESIAN_POINT('',(0.00720508919533448,0.,0.));
#4221=CARTESIAN_POINT('',(0.00268844303799755,-0.0258132797593115,-0.00357745552977571));
#4222=CARTESIAN_POINT('',(0.00268844303799755,-0.0258132797593115,-0.00357745552977571));
#4223=CARTESIAN_POINT('',(0.00269364626932434,-0.0257835425469614,-0.00379202562722791));
#4224=CARTESIAN_POINT('',(0.00288823415375838,-0.0257542002162393,-0.00398054911059552));
#4225=CARTESIAN_POINT('',(0.00310495105148928,-0.0257542002162393,-0.00398054911059552));
#4226=CARTESIAN_POINT('',(0.00310495105148928,-0.0257542002162393,-0.00398054911059552));
#4227=CARTESIAN_POINT('',(0.004,-0.0257542002162393,-0.00398054911059552));
#4228=CARTESIAN_POINT('',(0.0038,-0.0257542002162393,-0.00398054911059552));
#4229=CARTESIAN_POINT('',(0.0038,0.,0.));
#4230=CARTESIAN_POINT('',(0.0038,-0.0257542002162393,0.00398054911059552));
#4231=CARTESIAN_POINT('',(0.004,-0.0257542002162393,0.00398054911059552));
#4232=CARTESIAN_POINT('',(0.00310495105148927,-0.0257542002162393,0.00398054911059552));
#4233=CARTESIAN_POINT('',(0.00310495105148927,-0.0257542002162393,0.00398054911059552));
#4234=CARTESIAN_POINT('',(0.00288823415375839,-0.0257542002162393,0.00398054911059552));
#4235=CARTESIAN_POINT('',(0.00269364626932383,-0.0257835425469613,0.00379202562722833));
#4236=CARTESIAN_POINT('',(0.00268844303799696,-0.0258132797593114,0.00357745552977584));
#4237=CARTESIAN_POINT('',(0.00268844303799755,-0.0258132797593115,0.00357745552977571));
#4238=CARTESIAN_POINT('',(0.00720508919533448,0.,0.));
#4239=CARTESIAN_POINT('',(0.00265513690650134,-0.0260036290716248,0.00171314771848415));
#4240=CARTESIAN_POINT('',(0.00265513690650134,-0.0260036290716248,0.00171314771848415));
#4241=CARTESIAN_POINT('',(0.00265268419433782,-0.026017646672969,0.00150037651265392));
#4242=CARTESIAN_POINT('',(0.00284399568465594,-0.0260270505081999,0.00131005413766434));
#4243=CARTESIAN_POINT('',(0.00305720941485096,-0.0260270505081999,0.00131005413766435));
#4244=CARTESIAN_POINT('',(0.00305720941485096,-0.0260270505081999,0.00131005413766435));
#4245=CARTESIAN_POINT('',(0.004,-0.0260270505081999,0.00131005413766435));
#4246=CARTESIAN_POINT('',(0.00150710678118655,-0.0199659186653791,0.0167477070623852));
#4247=CARTESIAN_POINT('',(0.00140816838948165,-0.0198650448591259,0.0168679646118882));
#4248=CARTESIAN_POINT('',(0.00130816022316131,-0.0197630803551663,0.01698731562897));
#4249=CARTESIAN_POINT('',(0.00120710678120682,-0.0196600501207988,0.0171057308890231));
#4250=CARTESIAN_POINT('',(0.00150710682530223,-0.0199659187104539,0.0167477070086488));
#4251=CARTESIAN_POINT('',(0.00120710677764634,-0.0196600501223035,0.0171057308872938));
#4252=CARTESIAN_POINT('',(0.00120710678118655,0.,0.));
#4253=CARTESIAN_POINT('',(0.00120710678118655,-0.0196600501207781,-0.0171057308890468));
#4254=CARTESIAN_POINT('',(0.00120710678118656,-0.0196600501207781,-0.0171057308890468));
#4255=CARTESIAN_POINT('',(0.00130815999675081,-0.0197630801206844,-0.0169873158984662));
#4256=CARTESIAN_POINT('',(0.00140816793432106,-0.019865044395062,-0.0168679651550831));
#4257=CARTESIAN_POINT('',(0.00150710610575864,-0.0199659179767385,-0.0167477078833538));
#4258=CARTESIAN_POINT('',(0.00150710610572483,-0.0199659179767523,-0.0167477078833374));
#4259=CARTESIAN_POINT('',(0.00150710678118655,-0.019965918665379,-0.0167477070623853));
#4260=CARTESIAN_POINT('',(0.00172323429620427,-0.0201862740269351,-0.0164850085801441));
#4261=CARTESIAN_POINT('',(0.0018,-0.020441461916277,-0.0161688915116659));
#4262=CARTESIAN_POINT('',(0.0018,-0.0206868577388422,-0.0158485809110123));
#4263=CARTESIAN_POINT('',(0.00179999999998252,-0.0206868577388423,-0.0158485809110122));
#4264=CARTESIAN_POINT('',(0.0018,0.,0.));
#4265=CARTESIAN_POINT('',(0.00179999999999467,-0.0206868577388423,0.0158485809110122));
#4266=CARTESIAN_POINT('',(0.0018,-0.0206868577388423,0.0158485809110122));
#4267=CARTESIAN_POINT('',(0.0018,-0.0204412063914219,0.0161692250435042));
#4268=CARTESIAN_POINT('',(0.00172361524396355,-0.020186662426723,0.0164845455460974));
#4269=CARTESIAN_POINT('',(0.00150710678118655,-0.0199659186653791,0.0167477070623852));
#4270=CARTESIAN_POINT('',(0.004,0.,0.));
#4271=CARTESIAN_POINT('',(0.004,0.,0.));
#4272=CARTESIAN_POINT('',(0.004,-0.0259612230066305,0.00395));
#4273=CARTESIAN_POINT('',(0.004,-0.0259612230066305,-0.00395));
#4274=CARTESIAN_POINT('',(0.004,-0.026233328038966,-0.00395));
#4275=CARTESIAN_POINT('',(0.004,-0.0262039596244537,-0.00395));
#4276=CARTESIAN_POINT('',(0.004,0.,0.));
#4277=CARTESIAN_POINT('',(0.004,-0.0262039596244537,0.00395));
#4278=CARTESIAN_POINT('',(0.004,-0.0259908657031658,0.00395));
#4279=CARTESIAN_POINT('',(-0.0035,0.,0.));
#4280=CARTESIAN_POINT('',(-0.0035,0.,0.));
#4281=CARTESIAN_POINT('',(-0.0035,0.,0.0255));
#4282=CARTESIAN_POINT('',(-0.0035,0.0158,0.));
#4283=CARTESIAN_POINT('',(-0.0035,0.0158,0.00770710678118655));
#4284=CARTESIAN_POINT('',(0.0006,0.,0.));
#4285=CARTESIAN_POINT('',(0.0006,0.0158,0.003));
#4286=CARTESIAN_POINT('',(0.0006,0.0158,0.0026));
#4287=CARTESIAN_POINT('',(0.0006,0.0143,0.003));
#4288=CARTESIAN_POINT('',(0.0006,0.0143,0.0026));
#4289=CARTESIAN_POINT('',(0.0006,0.0143,-0.003));
#4290=CARTESIAN_POINT('',(0.0006,0.0143,-0.0034));
#4291=CARTESIAN_POINT('',(0.0006,0.0173,0.003));
#4292=CARTESIAN_POINT('',(0.0006,0.0173,0.0026));
#4293=CARTESIAN_POINT('',(0.0006,0.0173,-0.003));
#4294=CARTESIAN_POINT('',(0.0006,0.0173,-0.0034));
#4295=CARTESIAN_POINT('',(0.0006,0.0143,5.03820881346731E-19));
#4296=CARTESIAN_POINT('',(0.0006,0.0143,-0.000499999999999999));
#4297=CARTESIAN_POINT('',(0.0006,0.0128,6.81394667223097E-19));
#4298=CARTESIAN_POINT('',(0.0006,0.0128,-0.000399999999999999));
#4299=CARTESIAN_POINT('',(0.0006,0.0158,-0.0015));
#4300=CARTESIAN_POINT('',(0.0006,0.0158,-0.002));
#4301=CARTESIAN_POINT('',(0.0006,0.0158,-0.003));
#4302=CARTESIAN_POINT('',(0.0006,0.0158,-0.0034));
#4303=CARTESIAN_POINT('',(0.0006,0.0173,-3.50237102781043E-20));
#4304=CARTESIAN_POINT('',(0.0006,0.0173,-0.0005));
#4305=CARTESIAN_POINT('',(0.0006,0.0188,-3.96294516026573E-19));
#4306=CARTESIAN_POINT('',(0.0006,0.0188,-0.0004));
#4307=CARTESIAN_POINT('',(0.0006,0.0158,0.));
#4308=CARTESIAN_POINT('',(0.0006,0.0158,-0.0006));
#4309=CARTESIAN_POINT('',(0.0006,0.0158,0.0015));
#4310=CARTESIAN_POINT('',(0.0006,0.0158,0.001));
#4311=CARTESIAN_POINT('',(0.0006,0.0143,-0.0015));
#4312=CARTESIAN_POINT('',(0.0006,0.0143,-0.002));
#4313=CARTESIAN_POINT('',(0.0006,0.0128,-0.0015));
#4314=CARTESIAN_POINT('',(0.0006,0.0128,-0.0019));
#4315=CARTESIAN_POINT('',(0.0006,0.0173,-0.0015));
#4316=CARTESIAN_POINT('',(0.0006,0.0173,-0.002));
#4317=CARTESIAN_POINT('',(0.0006,0.0188,-0.0015));
#4318=CARTESIAN_POINT('',(0.0006,0.0188,-0.0019));
#4319=CARTESIAN_POINT('',(0.0006,0.0143,0.0015));
#4320=CARTESIAN_POINT('',(0.0006,0.0143,0.001));
#4321=CARTESIAN_POINT('',(0.0006,0.0128,0.0015));
#4322=CARTESIAN_POINT('',(0.0006,0.0128,0.0011));
#4323=CARTESIAN_POINT('',(0.0006,0.0173,0.0015));
#4324=CARTESIAN_POINT('',(0.0006,0.0173,0.001));
#4325=CARTESIAN_POINT('',(0.0006,0.0188,0.0015));
#4326=CARTESIAN_POINT('',(0.0006,0.0188,0.0011));
#4327=CARTESIAN_POINT('',(0.0006,0.0131005008346659,-0.00445743483602341));
#4328=CARTESIAN_POINT('',(0.0006,0.0131005008346659,-0.00445743483602341));
#4329=CARTESIAN_POINT('',(0.000599999999999991,0.0232434566422185,-0.0103726317953511));
#4330=CARTESIAN_POINT('',(0.0006,0.,0.));
#4331=CARTESIAN_POINT('',(0.000599999999999992,0.0232434566422701,0.010372631795192));
#4332=CARTESIAN_POINT('',(0.0006,0.0232434567342049,0.0103726318865303));
#4333=CARTESIAN_POINT('',(0.0006,0.0131005008346659,0.00445743483602341));
#4334=CARTESIAN_POINT('',(0.0006,0.0157,-1.3010426069826E-18));
#4335=CARTESIAN_POINT('',(-0.003,0.0158,0.));
#4336=CARTESIAN_POINT('',(-0.00335355339059328,0.0158,0.));
#4337=CARTESIAN_POINT('',(-0.00335355339059328,0.0158,0.00735355339059327));
#4338=CARTESIAN_POINT('',(-0.003,0.0158,0.));
#4339=CARTESIAN_POINT('',(-0.00264644660940672,0.0158,0.));
#4340=CARTESIAN_POINT('',(-0.00264644660940672,0.0158,0.00664644660940672));
#4341=CARTESIAN_POINT('',(-0.0025,0.0158,0.));
#4342=CARTESIAN_POINT('',(-0.0025,0.0158,0.00629289321881345));
#4343=CARTESIAN_POINT('',(0.0005,0.0222904753075953,0.0109909513649743));
#4344=CARTESIAN_POINT('',(0.0005,0.0222904753075953,0.0109909513649743));
#4345=CARTESIAN_POINT('',(-2.71050543121376E-20,0.0222904753075953,0.0109909513649743));
#4346=CARTESIAN_POINT('',(0.00014644670893256,0.0226075762439202,0.0111473069422884));
#4347=CARTESIAN_POINT('',(0.0005,0.0222904753075953,0.0109909513649743));
#4348=CARTESIAN_POINT('',(0.000146446674278237,0.0224685862955857,0.0106855393124483));
#4349=CARTESIAN_POINT('',(0.000146318222678873,0.0226076918176889,0.011147363725898));
#4350=CARTESIAN_POINT('',(8.11237568170716E-5,0.0226111432327079,0.0109928208214236));
#4351=CARTESIAN_POINT('',(8.1136227832159E-5,0.0225567598671111,0.0108124475739238));
#4352=CARTESIAN_POINT('',(0.00014644627444991,0.0224685864438553,0.0106855390036451));
#4353=CARTESIAN_POINT('',(-0.0035,0.0158,0.));
#4354=CARTESIAN_POINT('',(0.0038,0.,0.));
#4355=CARTESIAN_POINT('',(0.0038,-0.0257542002162393,-0.00398054911059552));
#4356=CARTESIAN_POINT('',(0.00390816263260207,-0.0257542002162393,-0.00398054911059552));
#4357=CARTESIAN_POINT('',(0.00400000000000001,-0.0258543209864842,-0.00396554540170128));
#4358=CARTESIAN_POINT('',(0.004,-0.0259612230066305,-0.00395));
#4359=CARTESIAN_POINT('',(0.004,-0.0259612230066305,0.00395));
#4360=CARTESIAN_POINT('',(0.00400000000000001,-0.0258543209864842,0.00396554540170128));
#4361=CARTESIAN_POINT('',(0.00390816263260207,-0.0257542002162393,0.00398054911059552));
#4362=CARTESIAN_POINT('',(0.0038,-0.0257542002162393,0.00398054911059552));
#4363=CARTESIAN_POINT('',(0.0005,0.,0.));
#4364=CARTESIAN_POINT('',(0.,0.,0.));
#4365=CARTESIAN_POINT('',(0.,-0.0185757359312881,-0.0165108550946581));
#4366=CARTESIAN_POINT('',(0.,0.0222904753075953,-0.0109909513649743));
#4367=CARTESIAN_POINT('',(0.0005,-0.0185757359312881,-0.0165108550946581));
#4368=CARTESIAN_POINT('',(0.000146446714534474,-0.0188399915478025,-0.0167457360080528));
#4369=CARTESIAN_POINT('',(0.00014644660940673,0.,0.));
#4370=CARTESIAN_POINT('',(0.000146446708933009,0.022607576244229,-0.0111473069416633));
#4371=CARTESIAN_POINT('',(0.0005,0.0222904753075953,-0.0109909513649743));
#4372=CARTESIAN_POINT('',(-0.00425096900680581,0.0188,0.0015));
#4373=CARTESIAN_POINT('',(-0.0025,0.0188,0.0015));
#4374=CARTESIAN_POINT('',(-0.0025,0.0188,0.0011));
#4375=CARTESIAN_POINT('',(-0.00425096900680581,0.0173,0.0015));
#4376=CARTESIAN_POINT('',(-0.0025,0.0173,0.0015));
#4377=CARTESIAN_POINT('',(-0.0025,0.0173,0.001));
#4378=CARTESIAN_POINT('',(-0.00425096900680581,0.0128,0.0015));
#4379=CARTESIAN_POINT('',(-0.0025,0.0128,0.0015));
#4380=CARTESIAN_POINT('',(-0.0025,0.0128,0.0011));
#4381=CARTESIAN_POINT('',(-0.00425096900680581,0.0143,0.0015));
#4382=CARTESIAN_POINT('',(-0.0025,0.0143,0.0015));
#4383=CARTESIAN_POINT('',(-0.0025,0.0143,0.001));
#4384=CARTESIAN_POINT('',(-0.00425096900680581,0.0188,-0.0015));
#4385=CARTESIAN_POINT('',(-0.0025,0.0188,-0.0015));
#4386=CARTESIAN_POINT('',(-0.0025,0.0188,-0.0019));
#4387=CARTESIAN_POINT('',(-0.00425096900680581,0.0173,-0.0015));
#4388=CARTESIAN_POINT('',(-0.0025,0.0173,-0.0015));
#4389=CARTESIAN_POINT('',(-0.0025,0.0173,-0.002));
#4390=CARTESIAN_POINT('',(-0.00425096900680581,0.0128,-0.0015));
#4391=CARTESIAN_POINT('',(-0.0025,0.0128,-0.0015));
#4392=CARTESIAN_POINT('',(-0.0025,0.0128,-0.0019));
#4393=CARTESIAN_POINT('',(-0.00425096900680581,0.0143,-0.0015));
#4394=CARTESIAN_POINT('',(-0.0025,0.0143,-0.0015));
#4395=CARTESIAN_POINT('',(-0.0025,0.0143,-0.002));
#4396=CARTESIAN_POINT('',(-0.00425096900680581,0.0158,0.0015));
#4397=CARTESIAN_POINT('',(-0.0025,0.0158,0.0015));
#4398=CARTESIAN_POINT('',(-0.0025,0.0158,0.001));
#4399=CARTESIAN_POINT('',(-0.00425096900680581,0.0158,0.));
#4400=CARTESIAN_POINT('',(-0.0025,0.0158,0.));
#4401=CARTESIAN_POINT('',(-0.0025,0.0158,-0.0006));
#4402=CARTESIAN_POINT('',(-0.00425096900680581,0.0188,-3.96294516026573E-19));
#4403=CARTESIAN_POINT('',(-0.0025,0.0188,-3.96294516026573E-19));
#4404=CARTESIAN_POINT('',(-0.0025,0.0188,-0.0004));
#4405=CARTESIAN_POINT('',(-0.00425096900680581,0.0173,-3.50237102781043E-20));
#4406=CARTESIAN_POINT('',(-0.0025,0.0173,-3.50237102781043E-20));
#4407=CARTESIAN_POINT('',(-0.0025,0.0173,-0.0005));
#4408=CARTESIAN_POINT('',(-0.00425096900680581,0.0158,-0.003));
#4409=CARTESIAN_POINT('',(-0.0025,0.0158,-0.003));
#4410=CARTESIAN_POINT('',(-0.0025,0.0158,-0.0034));
#4411=CARTESIAN_POINT('',(-0.00425096900680581,0.0158,-0.0015));
#4412=CARTESIAN_POINT('',(-0.0025,0.0158,-0.0015));
#4413=CARTESIAN_POINT('',(-0.0025,0.0158,-0.002));
#4414=CARTESIAN_POINT('',(-0.00425096900680581,0.0128,6.81394667223097E-19));
#4415=CARTESIAN_POINT('',(-0.0025,0.0128,6.81394667223097E-19));
#4416=CARTESIAN_POINT('',(-0.0025,0.0128,-0.000399999999999999));
#4417=CARTESIAN_POINT('',(-0.00425096900680581,0.0143,5.03820881346731E-19));
#4418=CARTESIAN_POINT('',(-0.0025,0.0143,5.03820881346731E-19));
#4419=CARTESIAN_POINT('',(-0.0025,0.0143,-0.000499999999999999));
#4420=CARTESIAN_POINT('',(-0.00425096900680581,0.0173,-0.003));
#4421=CARTESIAN_POINT('',(-0.0025,0.0173,-0.003));
#4422=CARTESIAN_POINT('',(-0.0025,0.0173,-0.0034));
#4423=CARTESIAN_POINT('',(-0.00425096900680581,0.0173,0.003));
#4424=CARTESIAN_POINT('',(-0.0025,0.0173,0.003));
#4425=CARTESIAN_POINT('',(-0.0025,0.0173,0.0026));
#4426=CARTESIAN_POINT('',(-0.00425096900680581,0.0143,-0.003));
#4427=CARTESIAN_POINT('',(-0.0025,0.0143,-0.003));
#4428=CARTESIAN_POINT('',(-0.0025,0.0143,-0.0034));
#4429=CARTESIAN_POINT('',(-0.00425096900680581,0.0143,0.003));
#4430=CARTESIAN_POINT('',(-0.0025,0.0143,0.003));
#4431=CARTESIAN_POINT('',(-0.0025,0.0143,0.0026));
#4432=CARTESIAN_POINT('',(-0.00425096900680581,0.0158,0.003));
#4433=CARTESIAN_POINT('',(-0.0025,0.0158,0.003));
#4434=CARTESIAN_POINT('',(-0.0025,0.0158,0.0026));
#4435=CARTESIAN_POINT('',(0.00120710678118655,0.,0.));
#4436=CARTESIAN_POINT('',(0.00120710678118655,-0.0192828427124746,0.0167775319080598));
#4437=CARTESIAN_POINT('',(0.000853553285368404,-0.0195495685065781,0.0170096036132602));
#4438=CARTESIAN_POINT('',(0.000853553390593285,0.,0.));
#4439=CARTESIAN_POINT('',(0.000853553285368509,-0.0195495685065779,-0.0170096036132607));
#4440=CARTESIAN_POINT('',(0.00120710678118655,-0.0192828427124747,-0.0167775319080598));
#4441=CARTESIAN_POINT('',(0.,0.,0.));
#4442=CARTESIAN_POINT('',(0.000853441628412248,-0.0195496526045328,-0.0170096766858565));
#4443=CARTESIAN_POINT('',(0.00061645708378002,-0.0193114531641156,-0.0169216972312546));
#4444=CARTESIAN_POINT('',(0.000380757861714146,-0.0190749251385835,-0.0168337397836957));
#4445=CARTESIAN_POINT('',(0.000146334963877663,-0.0188400752993814,-0.0167458102478164));
#4446=CARTESIAN_POINT('',(0.000146334963972492,-0.0188400752994754,0.0167458102478514));
#4447=CARTESIAN_POINT('',(0.00038075786177577,-0.0190749251386451,0.0168337397837185));
#4448=CARTESIAN_POINT('',(0.000616457083809829,-0.0193114531641459,0.0169216972312659));
#4449=CARTESIAN_POINT('',(0.000853441628411651,-0.0195496526045333,0.0170096766858568));
#4450=CARTESIAN_POINT('',(0.000146446714534514,-0.018839991548151,0.0167457360076608));
#4451=CARTESIAN_POINT('',(0.00014644660940673,0.,0.));
#4452=CARTESIAN_POINT('',(0.000453419300807939,0.0230101178550431,0.0110218943620238));
#4453=CARTESIAN_POINT('',(0.000351049616839904,0.0228759782848626,0.0110637186223861));
#4454=CARTESIAN_POINT('',(0.000248682614320399,0.0227418363074866,0.0111055417254981));
#4455=CARTESIAN_POINT('',(0.000146318283365384,0.0226076919233418,0.0111473636478513));
#4456=CARTESIAN_POINT('',(0.000453548059986298,0.0230100022650882,0.0110218387925899));
#4457=CARTESIAN_POINT('',(0.000746024007970903,0.0235666964742574,0.0105168843041168));
#4458=CARTESIAN_POINT('',(0.0007464609770893,0.0235182125289451,0.0106244796641314));
#4459=CARTESIAN_POINT('',(0.000719543273205959,0.0234064895651821,0.0108036194530477));
#4460=CARTESIAN_POINT('',(0.000542394490739804,0.0231258322139973,0.010986438639384));
#4461=CARTESIAN_POINT('',(0.000478607670646829,0.0230432416711728,0.0110115431123241));
#4462=CARTESIAN_POINT('',(0.000453303852723274,0.0230102231222657,0.0110219457850358));
#4463=CARTESIAN_POINT('',(0.000746446609353196,0.0235663199152559,0.0105167129966168));
#4464=CARTESIAN_POINT('',(0.000746446609406776,0.,0.));
#4465=CARTESIAN_POINT('',(0.000746446609406621,0.0235663255788504,-0.0105167003054935));
#4466=CARTESIAN_POINT('',(0.000453308661212552,0.0230102305529685,-0.0110219438102654));
#4467=CARTESIAN_POINT('',(0.000478635090567904,0.0230432783097718,-0.0110115318276765));
#4468=CARTESIAN_POINT('',(0.000542415768217089,0.0231258852004554,-0.0109863749548523));
#4469=CARTESIAN_POINT('',(0.000719337790285892,0.0234061056005054,-0.0108039592152931));
#4470=CARTESIAN_POINT('',(0.000746461186934495,0.0235181925770888,-0.0106245240260434));
#4471=CARTESIAN_POINT('',(0.000746023861941993,0.0235667022135556,-0.0105168717397593));
#4472=CARTESIAN_POINT('',(0.000453553390676079,0.0230100092255216,-0.011021836601052));
#4473=CARTESIAN_POINT('',(0.000146318283594168,0.0226076919236412,-0.0111473636477585));
#4474=CARTESIAN_POINT('',(0.000248684386546204,0.0227418386320834,-0.0111055409970247));
#4475=CARTESIAN_POINT('',(0.000351053161174754,0.0228759829336558,-0.0110637171654825));
#4476=CARTESIAN_POINT('',(0.000453424617364478,0.0230101248279318,-0.0110218921766421));
#4477=CARTESIAN_POINT('',(-0.00014142135623731,-0.0186414213562373,4.70793268934247E-18));
#4478=CARTESIAN_POINT('',(0.000853553390593285,-0.0196363961030679,0.0167775319080598));
#4479=CARTESIAN_POINT('',(0.000954606663640484,-0.0197374493761151,0.016661388819766));
#4480=CARTESIAN_POINT('',(0.00105461465750477,-0.0198374573699794,0.0165443279314398));
#4481=CARTESIAN_POINT('',(0.0011535528840048,-0.0199363955964794,0.0164263779068718));
#4482=CARTESIAN_POINT('',(0.00085355315895961,-0.0196363958714342,0.0167775317568568));
#4483=CARTESIAN_POINT('',(0.00115355288401854,-0.0199363955964931,0.0164263779068949));
#4484=CARTESIAN_POINT('',(0.00115355339059327,-0.0199363961030679,5.03498146024732E-18));
#4485=CARTESIAN_POINT('',(0.00115355336251845,-0.0199363960749931,-0.0164263771718355));
#4486=CARTESIAN_POINT('',(0.00115355339059327,-0.0199363961030679,-0.0164263773029381));
#4487=CARTESIAN_POINT('',(0.00105461516729208,-0.0198374578797667,-0.0165443273310805));
#4488=CARTESIAN_POINT('',(0.000954607176575972,-0.0197374498890506,-0.0166613882230224));
#4489=CARTESIAN_POINT('',(0.000853553906624807,-0.0196363966190994,-0.0167775313149717));
#4490=CARTESIAN_POINT('',(0.00085355390663819,-0.0196363966191128,-0.0167775313149951));
#4491=CARTESIAN_POINT('',(0.000853553390593283,-0.0196363961030679,-0.0167775319080598));
#4492=CARTESIAN_POINT('',(0.000617727226027937,-0.0194005699385025,-0.0166892997452123));
#4493=CARTESIAN_POINT('',(0.000382022224286637,-0.0191648649367612,-0.0166004170932274));
#4494=CARTESIAN_POINT('',(0.000146446825055153,-0.0189292895375298,-0.0165108551766441));
#4495=CARTESIAN_POINT('',(0.00014644682505227,-0.0189292895375269,-0.0165108551766593));
#4496=CARTESIAN_POINT('',(0.000146446609406733,-0.0189292893218813,4.78063438841204E-18));
#4497=CARTESIAN_POINT('',(0.000146446696225917,-0.0189292894087006,0.0165108550005132));
#4498=CARTESIAN_POINT('',(0.000146446609406732,-0.0189292893218813,0.0165108550946581));
#4499=CARTESIAN_POINT('',(0.000382021999555586,-0.0191648647120302,0.016600417008233));
#4500=CARTESIAN_POINT('',(0.000617726992206925,-0.0194005697046815,0.0166892996572526));
#4501=CARTESIAN_POINT('',(0.000853553147675949,-0.0196363958601506,0.0167775318171746));
#4502=CARTESIAN_POINT('',(0.0013,0.,0.));
#4503=CARTESIAN_POINT('',(0.0013,0.,0.));
#4504=CARTESIAN_POINT('',(0.0013,-0.0202899494936612,0.015544502228913));
#4505=CARTESIAN_POINT('',(0.0013,-0.0202899494938243,-0.015544502229038));
#4506=CARTESIAN_POINT('',(0.0013,-0.0202899494936612,0.));
#4507=CARTESIAN_POINT('',(0.0008,-0.0202899494936612,5.12427216041407E-18));
#4508=CARTESIAN_POINT('',(0.00115355339059327,-0.0199363961030679,0.0164263773029381));
#4509=CARTESIAN_POINT('',(0.00127037021454477,-0.0200532129270194,0.0161478490008757));
#4510=CARTESIAN_POINT('',(0.0013,-0.020174473478245,0.0158459596170002));
#4511=CARTESIAN_POINT('',(0.0013,-0.0202899494936611,0.015544502228913));
#4512=CARTESIAN_POINT('',(0.0013,-0.0202899494936612,-0.015544502228913));
#4513=CARTESIAN_POINT('',(0.0013,-0.0201745070479453,-0.01584587198119));
#4514=CARTESIAN_POINT('',(0.00127030549391021,-0.0200531482063848,-0.0161480033153641));
#4515=CARTESIAN_POINT('',(0.00115355339059327,-0.0199363961030679,-0.0164263773029381));
#4516=CARTESIAN_POINT('',(0.0018,0.,0.));
#4517=CARTESIAN_POINT('',(0.0018,-0.0202899494936611,0.015544502228913));
#4518=CARTESIAN_POINT('',(0.0018,-0.0202899494936612,-0.015544502228913));
#4519=CARTESIAN_POINT('',(0.0011,0.,0.));
#4520=CARTESIAN_POINT('',(0.0006,0.0232434567342049,-0.0103726318865302));
#4521=CARTESIAN_POINT('',(0.0006,0.0233629936900048,-0.0104259764838303));
#4522=CARTESIAN_POINT('',(0.000653886548195093,0.0234817945572275,-0.010478992594024));
#4523=CARTESIAN_POINT('',(0.000746446609406726,0.023566319949276,-0.0105167129205145));
#4524=CARTESIAN_POINT('',(0.000746446609406725,0.0235663199492759,0.0105167129205146));
#4525=CARTESIAN_POINT('',(0.000653886548195093,0.0234817945572275,0.010478992594024));
#4526=CARTESIAN_POINT('',(0.0006,0.0233629936900047,0.0104259764838304));
#4527=CARTESIAN_POINT('',(0.0006,0.0232434567342049,0.0103726318865303));
#4528=CARTESIAN_POINT('',(0.0005,0.,0.));
#4529=CARTESIAN_POINT('',(0.0005,-0.0185757359312881,0.0165108550946581));
#4530=CARTESIAN_POINT('',(-2.71050543121376E-20,-0.018575735931288,0.0165108550946581));
#4531=CARTESIAN_POINT('',(0.,0.,0.));
#4532=CARTESIAN_POINT('',(0.,0.,-0.02606));
#4533=CARTESIAN_POINT('',(0.,-0.018575735931288,-0.02606));
#4534=CARTESIAN_POINT('',(0.,0.0222904753075953,-0.0109909513649743));
#4535=CARTESIAN_POINT('',(0.,0.0125895664347757,-0.00533354852106112));
#4536=CARTESIAN_POINT('',(0.,0.0157,-1.3010426069826E-18));
#4537=CARTESIAN_POINT('',(0.,0.0125895664347757,0.00533354852106112));
#4538=CARTESIAN_POINT('',(0.,0.0125895664347757,0.00533354852106112));
#4539=CARTESIAN_POINT('',(0.,-0.00469445316905266,-0.0233496561991493));
#4540=CARTESIAN_POINT('',(0.,0.0144330730248977,0.00978019099187717));
#4541=CARTESIAN_POINT('',(0.,0.0161361460497954,0.01273));
#4542=CARTESIAN_POINT('',(0.,0.,0.00978019099187718));
#4543=CARTESIAN_POINT('',(0.,0.0110269269751023,0.00978019099187717));
#4544=CARTESIAN_POINT('',(0.,0.0237894531690526,-0.0123251528089734));
#4545=CARTESIAN_POINT('',(0.,0.0093238539502046,0.01273));
#4546=CARTESIAN_POINT('',(0.,-0.00980367224374575,-0.0203998471910266));
#4547=CARTESIAN_POINT('',(0.,0.0110269269751023,0.0156798090081228));
#4548=CARTESIAN_POINT('',(0.,0.,0.0156798090081228));
#4549=CARTESIAN_POINT('',(0.,0.0144330730248977,0.0156798090081228));
#4550=CARTESIAN_POINT('',(0.,0.0288986722437457,-0.00937534380085057));
#4551=CARTESIAN_POINT('',(0.,0.0144185841335621,-0.00975509549593858));
#4552=CARTESIAN_POINT('',(0.,0.0144330730248977,-0.00978019099187717));
#4553=CARTESIAN_POINT('',(-1.20370621524202E-35,0.0161361460497954,-0.01273));
#4554=CARTESIAN_POINT('',(0.,0.016150634941131,-0.0127049045040614));
#4555=CARTESIAN_POINT('',(-1.20370621524202E-35,0.0144330730248977,-0.0156798090081228));
#4556=CARTESIAN_POINT('',(0.,0.0144620508075689,-0.0156798090081228));
#4557=CARTESIAN_POINT('',(1.20370621524202E-35,0.0110269269751023,-0.0156798090081228));
#4558=CARTESIAN_POINT('',(0.,0.0110414158664379,-0.0157049045040614));
#4559=CARTESIAN_POINT('',(1.20370621524202E-35,0.0093238539502046,-0.01273));
#4560=CARTESIAN_POINT('',(0.,0.00930936505886902,-0.0127550954959386));
#4561=CARTESIAN_POINT('',(0.,0.0110269269751023,-0.00978019099187717));
#4562=CARTESIAN_POINT('',(0.,0.0109979491924311,-0.00978019099187717));
#4563=CARTESIAN_POINT('',(0.,-0.0144185841335621,0.00975509549593858));
#4564=CARTESIAN_POINT('',(-1.20370621524202E-35,-0.0144330730248977,0.00978019099187717));
#4565=CARTESIAN_POINT('',(0.,-0.0161361460497954,0.01273));
#4566=CARTESIAN_POINT('',(0.,-0.016150634941131,0.0127049045040614));
#4567=CARTESIAN_POINT('',(-1.20370621524202E-35,-0.0144330730248977,0.0156798090081228));
#4568=CARTESIAN_POINT('',(0.,-0.0144620508075689,0.0156798090081228));
#4569=CARTESIAN_POINT('',(1.20370621524202E-35,-0.0110269269751023,0.0156798090081228));
#4570=CARTESIAN_POINT('',(0.,-0.0110414158664379,0.0157049045040614));
#4571=CARTESIAN_POINT('',(1.20370621524202E-35,-0.0093238539502046,0.01273));
#4572=CARTESIAN_POINT('',(0.,-0.00930936505886902,0.0127550954959386));
#4573=CARTESIAN_POINT('',(0.,-0.0110269269751023,0.00978019099187717));
#4574=CARTESIAN_POINT('',(0.,-0.0109979491924311,0.00978019099187717));
#4575=CARTESIAN_POINT('',(0.,-0.0178741688535698,-0.0157403438008506));
#4576=CARTESIAN_POINT('',(0.,-0.0144330730248977,-0.00978019099187717));
#4577=CARTESIAN_POINT('',(0.,-0.0161361460497954,-0.01273));
#4578=CARTESIAN_POINT('',(0.,0.,-0.00978019099187717));
#4579=CARTESIAN_POINT('',(0.,-0.0110269269751023,-0.00978019099187717));
#4580=CARTESIAN_POINT('',(0.,-0.00122083114643015,-0.0267648471910266));
#4581=CARTESIAN_POINT('',(0.,-0.0093238539502046,-0.01273));
#4582=CARTESIAN_POINT('',(0.,-0.0127649497788767,-0.0186901528089734));
#4583=CARTESIAN_POINT('',(0.,-0.0110269269751023,-0.0156798090081228));
#4584=CARTESIAN_POINT('',(0.,0.,-0.0156798090081228));
#4585=CARTESIAN_POINT('',(0.,-0.0144330730248977,-0.0156798090081228));
#4586=CARTESIAN_POINT('',(0.,-0.00633005022112324,-0.0297146561991493));
#4587=CARTESIAN_POINT('',(-0.0035,0.,0.));
#4588=CARTESIAN_POINT('',(-0.0035,-0.0272665027387882,0.00357600732600732));
#4589=CARTESIAN_POINT('',(0.0038489563868375,-0.0272665027387882,0.00357600732600733));
#4590=CARTESIAN_POINT('',(0.003,-0.0272665027387882,0.00357600732600732));
#4591=CARTESIAN_POINT('',(0.003,0.,0.));
#4592=CARTESIAN_POINT('',(0.003,-0.0272665027387882,-0.00357600732600732));
#4593=CARTESIAN_POINT('',(-0.0035,-0.0272665027387882,-0.00357600732600732));
#4594=CARTESIAN_POINT('',(0.0038489563868375,-0.0272665027387882,-0.00357600732600733));
#4595=CARTESIAN_POINT('',(0.0309171572875253,0.,0.));
#4596=CARTESIAN_POINT('',(-0.0015,0.,0.));
#4597=CARTESIAN_POINT('',(-0.0015,0.,0.0275));
#4598=CARTESIAN_POINT('',(-4.35778713738292E-6,0.0144189143117857,0.00975490486745229));
#4599=CARTESIAN_POINT('',(0.000167413895941033,0.0161192333611519,0.01273));
#4600=CARTESIAN_POINT('',(-0.00265607017299611,0.0164044707763577,0.01273));
#4601=CARTESIAN_POINT('',(-0.00265607017299611,0.0146198276784839,0.00963890748110533));
#4602=CARTESIAN_POINT('',(-0.00265607017299609,0.0145672353881789,0.00954781496221067));
#4603=CARTESIAN_POINT('',(0.000167413895941032,0.014424616680576,0.00979483780988872));
#4604=CARTESIAN_POINT('',(-4.35778713738292E-6,0.0161509651193546,0.0127050951325477));
#4605=CARTESIAN_POINT('',(0.000167413895941033,0.0144246166805759,0.0156651621901113));
#4606=CARTESIAN_POINT('',(-0.0026560701729961,0.0145672353881789,0.0159121850377893));
#4607=CARTESIAN_POINT('',(-0.00265607017299611,0.0163518784860527,0.0128210925188947));
#4608=CARTESIAN_POINT('',(-4.35778713738292E-6,0.0144620508075689,0.0156801902650954));
#4609=CARTESIAN_POINT('',(0.000167413895941033,0.011035383319424,0.0156651621901113));
#4610=CARTESIAN_POINT('',(-0.00265607017299609,0.0108927646118211,0.0159121850377894));
#4611=CARTESIAN_POINT('',(-0.00265607017299609,0.0144620508075689,0.0159121850377894));
#4612=CARTESIAN_POINT('',(-4.35778713738292E-6,0.0110410856882143,0.0157050951325477));
#4613=CARTESIAN_POINT('',(0.000167413895941033,0.00934076663884808,0.01273));
#4614=CARTESIAN_POINT('',(-0.00265607017299608,0.00905552922364226,0.01273));
#4615=CARTESIAN_POINT('',(-0.00265607017299608,0.0108401723215161,0.0158210925188946));
#4616=CARTESIAN_POINT('',(-4.35778713738292E-6,0.00930903488064539,0.0127549048674523));
#4617=CARTESIAN_POINT('',(0.000167413895941033,0.011035383319424,0.00979483780988872));
#4618=CARTESIAN_POINT('',(-0.00265607017299608,0.0108927646118211,0.00954781496221067));
#4619=CARTESIAN_POINT('',(-0.00265607017299609,0.00910812151394726,0.0126389074811053));
#4620=CARTESIAN_POINT('',(-4.35778713738292E-6,0.0109979491924311,0.00977980973490459));
#4621=CARTESIAN_POINT('',(-0.00265607017299608,0.0109979491924311,0.00954781496221067));
#4622=CARTESIAN_POINT('',(-0.0031,0.01273,0.01273));
#4623=CARTESIAN_POINT('',(-0.0031,0.0111078283688886,0.0155396836836817));
#4624=CARTESIAN_POINT('',(-0.0031,0.0111078283688886,0.0155396836836817));
#4625=CARTESIAN_POINT('',(-0.0031,0.0094856567377773,0.01273));
#4626=CARTESIAN_POINT('',(-0.0031,0.0094856567377773,0.01273));
#4627=CARTESIAN_POINT('',(-0.0031,0.0111078283688887,0.00992031631631826));
#4628=CARTESIAN_POINT('',(-0.0031,0.01273,0.00992031631631826));
#4629=CARTESIAN_POINT('',(-0.0031,0.0143521716311113,0.00992031631631826));
#4630=CARTESIAN_POINT('',(-0.0031,0.0143521716311113,0.00992031631631826));
#4631=CARTESIAN_POINT('',(-0.0031,0.0159743432622227,0.01273));
#4632=CARTESIAN_POINT('',(-0.0031,0.0159743432622227,0.01273));
#4633=CARTESIAN_POINT('',(-0.0031,0.0143521716311114,0.0155396836836817));
#4634=CARTESIAN_POINT('',(-0.0031,0.01273,0.0155396836836817));
#4635=CARTESIAN_POINT('',(-4.35778713738292E-6,0.0144189143117857,-0.00975490486745229));
#4636=CARTESIAN_POINT('',(-5.79570787891627E-6,0.0144333657753957,-0.00977968393314065));
#4637=CARTESIAN_POINT('',(-0.00268637820953055,0.0145687662957013,-0.00954516335260017));
#4638=CARTESIAN_POINT('',(-0.00268637820953054,0.0146221240397675,-0.00963758167630009));
#4639=CARTESIAN_POINT('',(-0.00268637820953055,0.0164075325914026,-0.01273));
#4640=CARTESIAN_POINT('',(-5.79570787891605E-6,0.0161367315507914,-0.01273));
#4641=CARTESIAN_POINT('',(-4.35778713738292E-6,0.0161509651193546,-0.0127050951325477));
#4642=CARTESIAN_POINT('',(-0.00268637820953057,0.0163541748473363,-0.0128224183236999));
#4643=CARTESIAN_POINT('',(-0.00268637820953056,0.0145687662957013,-0.0159148366473998));
#4644=CARTESIAN_POINT('',(-5.79570787891675E-6,0.0144333657753957,-0.0156803160668594));
#4645=CARTESIAN_POINT('',(-4.35778713738292E-6,0.0144620508075689,-0.0156801902650954));
#4646=CARTESIAN_POINT('',(-0.00268637820953055,0.0144620508075689,-0.0159148366473999));
#4647=CARTESIAN_POINT('',(-0.00268637820953054,0.0108912337042987,-0.0159148366473999));
#4648=CARTESIAN_POINT('',(-5.79570787891627E-6,0.0110266342246043,-0.0156803160668594));
#4649=CARTESIAN_POINT('',(-4.35778713738292E-6,0.0110410856882143,-0.0157050951325477));
#4650=CARTESIAN_POINT('',(-0.00268637820953054,0.0108378759602325,-0.0158224183236999));
#4651=CARTESIAN_POINT('',(-0.00268637820953054,0.00905246740859745,-0.01273));
#4652=CARTESIAN_POINT('',(-5.79570787891584E-6,0.00932326844920856,-0.01273));
#4653=CARTESIAN_POINT('',(-4.35778713738292E-6,0.00930903488064539,-0.0127549048674523));
#4654=CARTESIAN_POINT('',(-0.00268637820953054,0.00910582515266365,-0.0126375816763001));
#4655=CARTESIAN_POINT('',(-0.00268637820953054,0.0108912337042987,-0.00954516335260017));
#4656=CARTESIAN_POINT('',(-5.79570787891593E-6,0.0110266342246043,-0.00977968393314065));
#4657=CARTESIAN_POINT('',(-4.35778713738292E-6,0.0109979491924311,-0.00977980973490459));
#4658=CARTESIAN_POINT('',(-0.00268637820953055,0.0109979491924311,-0.00954516335260018));
#4659=CARTESIAN_POINT('',(-0.0031,0.01273,-0.01273));
#4660=CARTESIAN_POINT('',(-0.0031,0.014329961643631,-0.0155012148569304));
#4661=CARTESIAN_POINT('',(-0.0031,0.014329961643631,-0.0155012148569304));
#4662=CARTESIAN_POINT('',(-0.0031,0.0159299232872621,-0.01273));
#4663=CARTESIAN_POINT('',(-0.0031,0.0159299232872621,-0.01273));
#4664=CARTESIAN_POINT('',(-0.0031,0.014329961643631,-0.00995878514306963));
#4665=CARTESIAN_POINT('',(-0.0031,0.01273,-0.00995878514306963));
#4666=CARTESIAN_POINT('',(-0.0031,0.011130038356369,-0.00995878514306963));
#4667=CARTESIAN_POINT('',(-0.0031,0.011130038356369,-0.00995878514306963));
#4668=CARTESIAN_POINT('',(-0.0031,0.00953007671273793,-0.01273));
#4669=CARTESIAN_POINT('',(-0.0031,0.00953007671273793,-0.01273));
#4670=CARTESIAN_POINT('',(-0.0031,0.011130038356369,-0.0155012148569304));
#4671=CARTESIAN_POINT('',(-0.0031,0.01273,-0.0155012148569304));
#4672=CARTESIAN_POINT('',(-4.35778713738292E-6,-0.0144189143117857,0.00975490486745229));
#4673=CARTESIAN_POINT('',(-5.79570787891627E-6,-0.0144333657753957,0.00977968393314065));
#4674=CARTESIAN_POINT('',(-0.00268637820953055,-0.0145687662957013,0.00954516335260017));
#4675=CARTESIAN_POINT('',(-0.00268637820953054,-0.0146221240397675,0.00963758167630009));
#4676=CARTESIAN_POINT('',(-0.00268637820953055,-0.0164075325914026,0.01273));
#4677=CARTESIAN_POINT('',(-5.79570787891605E-6,-0.0161367315507914,0.01273));
#4678=CARTESIAN_POINT('',(-4.35778713738292E-6,-0.0161509651193546,0.0127050951325477));
#4679=CARTESIAN_POINT('',(-0.00268637820953057,-0.0163541748473363,0.0128224183236999));
#4680=CARTESIAN_POINT('',(-0.00268637820953056,-0.0145687662957013,0.0159148366473998));
#4681=CARTESIAN_POINT('',(-5.79570787891675E-6,-0.0144333657753957,0.0156803160668594));
#4682=CARTESIAN_POINT('',(-4.35778713738292E-6,-0.0144620508075689,0.0156801902650954));
#4683=CARTESIAN_POINT('',(-0.00268637820953055,-0.0144620508075689,0.0159148366473999));
#4684=CARTESIAN_POINT('',(-0.00268637820953054,-0.0108912337042987,0.0159148366473999));
#4685=CARTESIAN_POINT('',(-5.79570787891627E-6,-0.0110266342246043,0.0156803160668594));
#4686=CARTESIAN_POINT('',(-4.35778713738292E-6,-0.0110410856882143,0.0157050951325477));
#4687=CARTESIAN_POINT('',(-0.00268637820953054,-0.0108378759602325,0.0158224183236999));
#4688=CARTESIAN_POINT('',(-0.00268637820953054,-0.00905246740859745,0.01273));
#4689=CARTESIAN_POINT('',(-5.79570787891584E-6,-0.00932326844920856,0.01273));
#4690=CARTESIAN_POINT('',(-4.35778713738292E-6,-0.00930903488064539,0.0127549048674523));
#4691=CARTESIAN_POINT('',(-0.00268637820953054,-0.00910582515266365,0.0126375816763001));
#4692=CARTESIAN_POINT('',(-0.00268637820953054,-0.0108912337042987,0.00954516335260017));
#4693=CARTESIAN_POINT('',(-5.79570787891593E-6,-0.0110266342246043,0.00977968393314065));
#4694=CARTESIAN_POINT('',(-4.35778713738292E-6,-0.0109979491924311,0.00977980973490459));
#4695=CARTESIAN_POINT('',(-0.00268637820953055,-0.0109979491924311,0.00954516335260018));
#4696=CARTESIAN_POINT('',(-0.0031,-0.01273,0.01273));
#4697=CARTESIAN_POINT('',(-0.0031,-0.014329961643631,0.0155012148569304));
#4698=CARTESIAN_POINT('',(-0.0031,-0.014329961643631,0.0155012148569304));
#4699=CARTESIAN_POINT('',(-0.0031,-0.0159299232872621,0.01273));
#4700=CARTESIAN_POINT('',(-0.0031,-0.0159299232872621,0.01273));
#4701=CARTESIAN_POINT('',(-0.0031,-0.014329961643631,0.00995878514306963));
#4702=CARTESIAN_POINT('',(-0.0031,-0.01273,0.00995878514306963));
#4703=CARTESIAN_POINT('',(-0.0031,-0.011130038356369,0.00995878514306963));
#4704=CARTESIAN_POINT('',(-0.0031,-0.011130038356369,0.00995878514306963));
#4705=CARTESIAN_POINT('',(-0.0031,-0.00953007671273793,0.01273));
#4706=CARTESIAN_POINT('',(-0.0031,-0.00953007671273793,0.01273));
#4707=CARTESIAN_POINT('',(-0.0031,-0.011130038356369,0.0155012148569304));
#4708=CARTESIAN_POINT('',(-0.0031,-0.01273,0.0155012148569304));
#4709=CARTESIAN_POINT('',(-4.35778713738292E-6,-0.0144189143117857,-0.00975490486745229));
#4710=CARTESIAN_POINT('',(0.000167413895941033,-0.0161192333611519,-0.01273));
#4711=CARTESIAN_POINT('',(-0.00265607017299611,-0.0164044707763577,-0.01273));
#4712=CARTESIAN_POINT('',(-0.00265607017299611,-0.0146198276784839,-0.00963890748110533));
#4713=CARTESIAN_POINT('',(-0.00265607017299609,-0.0145672353881789,-0.00954781496221067));
#4714=CARTESIAN_POINT('',(0.000167413895941032,-0.014424616680576,-0.00979483780988872));
#4715=CARTESIAN_POINT('',(-4.35778713738292E-6,-0.0161509651193546,-0.0127050951325477));
#4716=CARTESIAN_POINT('',(0.000167413895941033,-0.0144246166805759,-0.0156651621901113));
#4717=CARTESIAN_POINT('',(-0.0026560701729961,-0.0145672353881789,-0.0159121850377893));
#4718=CARTESIAN_POINT('',(-0.00265607017299611,-0.0163518784860527,-0.0128210925188947));
#4719=CARTESIAN_POINT('',(-4.35778713738292E-6,-0.0144620508075689,-0.0156801902650954));
#4720=CARTESIAN_POINT('',(0.000167413895941033,-0.011035383319424,-0.0156651621901113));
#4721=CARTESIAN_POINT('',(-0.00265607017299609,-0.0108927646118211,-0.0159121850377894));
#4722=CARTESIAN_POINT('',(-0.00265607017299609,-0.0144620508075689,-0.0159121850377894));
#4723=CARTESIAN_POINT('',(-4.35778713738292E-6,-0.0110410856882143,-0.0157050951325477));
#4724=CARTESIAN_POINT('',(0.000167413895941033,-0.00934076663884808,-0.01273));
#4725=CARTESIAN_POINT('',(-0.00265607017299608,-0.00905552922364226,-0.01273));
#4726=CARTESIAN_POINT('',(-0.00265607017299608,-0.0108401723215161,-0.0158210925188946));
#4727=CARTESIAN_POINT('',(-4.35778713738292E-6,-0.00930903488064539,-0.0127549048674523));
#4728=CARTESIAN_POINT('',(0.000167413895941033,-0.011035383319424,-0.00979483780988872));
#4729=CARTESIAN_POINT('',(-0.00265607017299608,-0.0108927646118211,-0.00954781496221067));
#4730=CARTESIAN_POINT('',(-0.00265607017299609,-0.00910812151394726,-0.0126389074811053));
#4731=CARTESIAN_POINT('',(-4.35778713738292E-6,-0.0109979491924311,-0.00977980973490459));
#4732=CARTESIAN_POINT('',(-0.00265607017299608,-0.0109979491924311,-0.00954781496221067));
#4733=CARTESIAN_POINT('',(-0.0031,-0.01273,-0.01273));
#4734=CARTESIAN_POINT('',(-0.0031,-0.0111078283688886,-0.0155396836836817));
#4735=CARTESIAN_POINT('',(-0.0031,-0.0111078283688886,-0.0155396836836817));
#4736=CARTESIAN_POINT('',(-0.0031,-0.0094856567377773,-0.01273));
#4737=CARTESIAN_POINT('',(-0.0031,-0.0094856567377773,-0.01273));
#4738=CARTESIAN_POINT('',(-0.0031,-0.0111078283688887,-0.00992031631631826));
#4739=CARTESIAN_POINT('',(-0.0031,-0.01273,-0.00992031631631826));
#4740=CARTESIAN_POINT('',(-0.0031,-0.0143521716311113,-0.00992031631631826));
#4741=CARTESIAN_POINT('',(-0.0031,-0.0143521716311113,-0.00992031631631826));
#4742=CARTESIAN_POINT('',(-0.0031,-0.0159743432622227,-0.01273));
#4743=CARTESIAN_POINT('',(-0.0031,-0.0159743432622227,-0.01273));
#4744=CARTESIAN_POINT('',(-0.0031,-0.0143521716311114,-0.0155396836836817));
#4745=CARTESIAN_POINT('',(-0.0031,-0.01273,-0.0155396836836817));
#4746=CARTESIAN_POINT('',(-0.00014142135623731,0.000907132095724087,-0.00155548509431268));
#4747=CARTESIAN_POINT('',(0.000453553288918542,0.0228692594972498,0.0105636898611254));
#4748=CARTESIAN_POINT('',(0.00035100974887014,0.0227359401552179,0.0106046475720353));
#4749=CARTESIAN_POINT('',(0.000248638750879185,0.0226023834170482,0.0106452670981263));
#4750=CARTESIAN_POINT('',(0.000146446609406729,0.0224685863052724,0.0106855393931945));
#4751=CARTESIAN_POINT('',(0.000453553327698787,0.0228692594441091,0.0105636897852415));
#4752=CARTESIAN_POINT('',(0.00014644660940673,0.00105215248564059,-0.00180415566384697));
#4753=CARTESIAN_POINT('',(0.000146446609406729,0.0127676774324528,0.00502813654928125));
#4754=CARTESIAN_POINT('',(-0.000141421356237308,0.0126226570425363,0.00527680711881554));
#4755=CARTESIAN_POINT('',(0.000453553390593275,0.0129223898369888,0.00476284680780328));
#4756=CARTESIAN_POINT('',(0.000453553390593277,0.00120686489017659,-0.00206944540532495));
#4757=CARTESIAN_POINT('',(-0.00014142135623731,0.000907132095724087,0.00155548509431268));
#4758=CARTESIAN_POINT('',(-0.000141421356237308,0.0126226570425363,-0.00527680711881554));
#4759=CARTESIAN_POINT('',(0.000453553390593275,0.0129223898369888,-0.00476284680780328));
#4760=CARTESIAN_POINT('',(0.000146446609406726,0.0127676774324528,-0.00502813654928126));
#4761=CARTESIAN_POINT('',(0.000146446609406727,0.00105215248564059,0.00180415566384697));
#4762=CARTESIAN_POINT('',(0.000146446690625808,0.0224685862930599,-0.0106855392920509));
#4763=CARTESIAN_POINT('',(0.000146446609408161,0.0224685863052742,-0.0106855393931939));
#4764=CARTESIAN_POINT('',(0.000248638750891078,0.0226023834170638,-0.0106452670981216));
#4765=CARTESIAN_POINT('',(0.000351009748892526,0.0227359401552471,-0.0106046475720264));
#4766=CARTESIAN_POINT('',(0.000453553288951455,0.0228692594972926,-0.0105636898611123));
#4767=CARTESIAN_POINT('',(0.00045355332775577,0.0228692594441189,-0.0105636897851813));
#4768=CARTESIAN_POINT('',(0.000453553390593273,0.00120686489017658,0.00206944540532494));
#4769=CARTESIAN_POINT('',(-0.00014142135623731,0.0157,-1.3010426069826E-18));
#4770=CARTESIAN_POINT('',(0.000146446609406726,0.0157,-1.3010426069826E-18));
#4771=CARTESIAN_POINT('',(0.000453553390593275,0.0157,-1.3010426069826E-18));
#4772=CARTESIAN_POINT('',(0.003,-0.025,0.));
#4773=CARTESIAN_POINT('',(0.003,-0.025,-0.00355));
#4774=CARTESIAN_POINT('',(0.00297085837563301,-0.0251652703644666,-0.00355));
#4775=CARTESIAN_POINT('',(0.00288540458859999,-0.0256499028732845,-0.00355));
#4776=CARTESIAN_POINT('',(0.00740205074593692,-3.47296355333861E-5,0.));
#4777=CARTESIAN_POINT('',(0.00285209845710378,-0.0258387913313208,-0.0017));
#4778=CARTESIAN_POINT('',(0.003,-0.025,-0.0017));
#4779=CARTESIAN_POINT('',(0.00297085837563301,-0.0251652703644666,-0.0017));
#4780=CARTESIAN_POINT('',(0.00297085837563301,-0.0251652703644666,0.));
#4781=CARTESIAN_POINT('',(0.003,-0.025,0.));
#4782=CARTESIAN_POINT('',(0.003,-0.025,0.0017));
#4783=CARTESIAN_POINT('',(0.00297085837563301,-0.0251652703644666,0.0017));
#4784=CARTESIAN_POINT('',(0.00285209845710378,-0.0258387913313208,0.0017));
#4785=CARTESIAN_POINT('',(0.00740205074593692,-3.47296355333861E-5,0.));
#4786=CARTESIAN_POINT('',(0.00288540458859999,-0.0256499028732845,0.00355));
#4787=CARTESIAN_POINT('',(0.003,-0.025,0.00355));
#4788=CARTESIAN_POINT('',(0.00297085837563301,-0.0251652703644666,0.00355));
#4789=CARTESIAN_POINT('',(0.00297085837563301,-0.0251652703644666,0.));
#4790=CARTESIAN_POINT('',(0.00316781992623545,-0.0252,0.));
#4791=CARTESIAN_POINT('',(0.00316781992623545,-0.0252,0.0017));
#4792=CARTESIAN_POINT('',(0.00316781992623545,-0.0252,0.00355));
#4793=CARTESIAN_POINT('',(0.00316781992623545,-0.0252,0.));
#4794=CARTESIAN_POINT('',(0.00316781992623545,-0.0252,-0.0017));
#4795=CARTESIAN_POINT('',(0.00316781992623545,-0.0252,-0.00355));
#4796=CARTESIAN_POINT('',(0.00276739822971836,-0.0274709042876379,0.00355));
#4797=CARTESIAN_POINT('',(0.00288540458859999,-0.0256499028732845,0.00355));
#4798=CARTESIAN_POINT('',(0.00289078900768513,-0.0256193663152178,0.00366016890492449));
#4799=CARTESIAN_POINT('',(0.00299207579546186,-0.0255752848984245,0.00375));
#4800=CARTESIAN_POINT('',(0.00310495105148927,-0.0255565471063679,0.00375));
#4801=CARTESIAN_POINT('',(0.00316781992623546,-0.0252,0.00355));
#4802=CARTESIAN_POINT('',(0.00316781992623545,-0.0252,0.00355));
#4803=CARTESIAN_POINT('',(0.00316781992623545,-0.0252,-0.00355));
#4804=CARTESIAN_POINT('',(0.00316781992623546,-0.0252,-0.00355));
#4805=CARTESIAN_POINT('',(0.00319696155060244,-0.0250347296355334,-0.00355));
#4806=CARTESIAN_POINT('',(0.00310495105148927,-0.0255565471063679,-0.00375));
#4807=CARTESIAN_POINT('',(0.00299207579546186,-0.0255752848984245,-0.00375));
#4808=CARTESIAN_POINT('',(0.00289078900768513,-0.0256193663152178,-0.00366016890492449));
#4809=CARTESIAN_POINT('',(0.00288540458859999,-0.0256499028732845,-0.00355));
#4810=CARTESIAN_POINT('',(-0.0025,0.0158,0.));
#4811=CARTESIAN_POINT('',(0.0005,-0.018575735931288,4.69134368824528E-18));
#4812=CARTESIAN_POINT('',(0.0005,-0.0185757359312881,-0.0165108550946581));
#4813=CARTESIAN_POINT('',(0.0005,-0.018575735931288,0.0165108550946581));
#4814=CARTESIAN_POINT('',(0.0005,-0.018575735931288,0.0165108550946581));
#4815=CARTESIAN_POINT('',(0.000146445942406676,-0.0189292900341948,0.0165108549754722));
#4816=CARTESIAN_POINT('',(0.000130867050599196,-0.0189137879156395,0.0165926355906059));
#4817=CARTESIAN_POINT('',(0.000130833218293018,-0.0188827694050401,0.01667434003252));
#4818=CARTESIAN_POINT('',(0.000146334867600978,-0.0188400751866105,0.0167458102301041));
#4819=CARTESIAN_POINT('',(0.0005,-0.0185757359312881,-0.0165108550946581));
#4820=CARTESIAN_POINT('',(0.000146334867693257,-0.0188400751863555,-0.0167458102305322));
#4821=CARTESIAN_POINT('',(0.000130833225785403,-0.0188827693842742,-0.0166743400673939));
#4822=CARTESIAN_POINT('',(0.000130867050206315,-0.0189137878859062,-0.0165926356698469));
#4823=CARTESIAN_POINT('',(0.000146445919807239,-0.0189292900117054,-0.0165108550940698));
#4824=CARTESIAN_POINT('',(0.00085349202581061,-0.0189292146849624,0.0166445031035112));
#4825=CARTESIAN_POINT('',(0.000853441742531839,-0.0195496527022316,0.017009676747788));
#4826=CARTESIAN_POINT('',(0.000838370499812291,-0.0195911999660361,0.0169388594402816));
#4827=CARTESIAN_POINT('',(0.000838414088035855,-0.0196213327139135,0.0168582306932968));
#4828=CARTESIAN_POINT('',(0.000853554107109593,-0.0196363954088782,0.0167775318483728));
#4829=CARTESIAN_POINT('',(0.00085350972812272,-0.018929232387202,-0.016644509779893));
#4830=CARTESIAN_POINT('',(0.000853554233591813,-0.0196363955347148,-0.0167775311739773));
#4831=CARTESIAN_POINT('',(0.00083841409001903,-0.0196213328801709,-0.0168582302436262));
#4832=CARTESIAN_POINT('',(0.000838370457817301,-0.0195912000817563,-0.0169388592430092));
#4833=CARTESIAN_POINT('',(0.00085344174253251,-0.0195496527022309,-0.0170096767477881));
#4834=CARTESIAN_POINT('',(0.00120710678118655,-0.0192828427124746,0.0167775319080598));
#4835=CARTESIAN_POINT('',(0.00120710678118656,-0.0196600501207781,0.0171057308890469));
#4836=CARTESIAN_POINT('',(0.00106664354664367,-0.0197205698690463,0.0170361740082584));
#4837=CARTESIAN_POINT('',(0.000928483760480204,-0.0197113264729548,0.016907922088637));
#4838=CARTESIAN_POINT('',(0.000853553390593281,-0.0196363961030679,0.0167775319080598));
#4839=CARTESIAN_POINT('',(0.00120710678118655,-0.0192828427124747,-0.0167775319080598));
#4840=CARTESIAN_POINT('',(0.000853553390606716,-0.0196363961030814,-0.0167775319080832));
#4841=CARTESIAN_POINT('',(0.000928483760496314,-0.0197113264729566,-0.0169079220886525));
#4842=CARTESIAN_POINT('',(0.00106664354665206,-0.0197205698690427,-0.0170361740082625));
#4843=CARTESIAN_POINT('',(0.00120710678118655,-0.0196600501207781,-0.0171057308890469));
#4844=CARTESIAN_POINT('',(-0.0124590293709888,-0.0056164303306969,-0.00700543975023405));
#4845=CARTESIAN_POINT('',(0.00115355339060809,-0.0199363961030827,0.016426377302963));
#4846=CARTESIAN_POINT('',(0.00122627131753516,-0.020009114029995,0.0165483710422604));
#4847=CARTESIAN_POINT('',(0.00137287925046308,-0.0200213561465983,0.0166816168067511));
#4848=CARTESIAN_POINT('',(0.00150710678118654,-0.0199659186653791,0.0167477070623853));
#4849=CARTESIAN_POINT('',(-0.0124590293668265,-0.00561643032886967,0.00700543974823521));
#4850=CARTESIAN_POINT('',(0.00150710678118655,-0.0199659186653791,-0.0167477070623853));
#4851=CARTESIAN_POINT('',(0.00137287925045455,-0.0200213561466017,-0.0166816168067471));
#4852=CARTESIAN_POINT('',(0.00122627131751642,-0.020009114029991,-0.0165483710422411));
#4853=CARTESIAN_POINT('',(0.00115355339059327,-0.0199363961030679,-0.0164263773029381));
#4854=CARTESIAN_POINT('',(0.0018,-0.0206868577388423,0.0158485809110122));
#4855=CARTESIAN_POINT('',(0.00130000000000001,-0.0206868577388423,0.0158485809110122));
#4856=CARTESIAN_POINT('',(0.0013,-0.0202899494936612,0.015544502228913));
#4857=CARTESIAN_POINT('',(0.00179999999902293,-0.020563731752978,0.0160092949691245));
#4858=CARTESIAN_POINT('',(0.0013457629569495,-0.0205906255838569,0.0159741909534627));
#4859=CARTESIAN_POINT('',(0.0013,-0.0202295673732049,0.0157021335444649));
#4860=CARTESIAN_POINT('',(0.0017788786679769,-0.020440953843869,0.0161656666277452));
#4861=CARTESIAN_POINT('',(0.0013709520964893,-0.0204847008923423,0.0161101016829451));
#4862=CARTESIAN_POINT('',(0.00128943932970734,-0.0201693565643608,0.0158555041826728));
#4863=CARTESIAN_POINT('',(0.00168660825279128,-0.0201975744573787,0.0164687387982571));
#4864=CARTESIAN_POINT('',(0.00136661918082114,-0.0202717554758851,0.0163773769379025));
#4865=CARTESIAN_POINT('',(0.00124330413067675,-0.0200500016664433,0.0161527614615566));
#4866=CARTESIAN_POINT('',(0.00161409622188468,-0.0200750010787669,0.0166176635534194));
#4867=CARTESIAN_POINT('',(0.00133994458148066,-0.0201613862251019,0.0165131452681079));
#4868=CARTESIAN_POINT('',(0.001207056428905,-0.0199898991413796,0.0162988090805782));
#4869=CARTESIAN_POINT('',(0.00150710678118654,-0.0199659186653791,0.0167477070623853));
#4870=CARTESIAN_POINT('',(0.00127778742748347,-0.020060630139958,0.0166347959879869));
#4871=CARTESIAN_POINT('',(0.00115355339059327,-0.0199363961030679,0.0164263773029381));
#4872=CARTESIAN_POINT('',(0.0013,-0.0202899494936612,-0.015544502228913));
#4873=CARTESIAN_POINT('',(0.00130000000000002,-0.0206868577388423,-0.0158485809110122));
#4874=CARTESIAN_POINT('',(0.0018,-0.0206868577388423,-0.0158485809110122));
#4875=CARTESIAN_POINT('',(0.0013,-0.020230005024754,-0.0157009910278532));
#4876=CARTESIAN_POINT('',(0.00134544342504594,-0.020591297511568,-0.0159733138988567));
#4877=CARTESIAN_POINT('',(0.00180000000035279,-0.020564624108352,-0.0160081301942606));
#4878=CARTESIAN_POINT('',(0.00128961135078934,-0.020169924833984,-0.015854076561168));
#4879=CARTESIAN_POINT('',(0.00137087606722649,-0.0204857401997502,-0.0161087872210233));
#4880=CARTESIAN_POINT('',(0.00177922271101176,-0.0204421126154879,-0.0161642110793216));
#4881=CARTESIAN_POINT('',(0.00124338064229781,-0.0200500770279883,-0.0161525860325095));
#4882=CARTESIAN_POINT('',(0.00136671267757668,-0.0202719288154754,-0.0163771686231436));
#4883=CARTESIAN_POINT('',(0.00168676127516255,-0.0201977281292842,-0.0164685599375499));
#4884=CARTESIAN_POINT('',(0.00120713730380697,-0.0199899800162816,-0.0162986162446866));
#4885=CARTESIAN_POINT('',(0.00134004061051698,-0.0201615418964684,-0.016512957313552));
#4886=CARTESIAN_POINT('',(0.0016142591631378,-0.0200751672147341,-0.0166174654930405));
#4887=CARTESIAN_POINT('',(0.00115355339059327,-0.0199363961030679,-0.0164263773029381));
#4888=CARTESIAN_POINT('',(0.00127778742748347,-0.020060630139958,-0.0166347959879868));
#4889=CARTESIAN_POINT('',(0.00150710678118655,-0.0199659186653791,-0.0167477070623853));
#4890=CARTESIAN_POINT('',(0.0005,0.0157,-1.3010426069826E-18));
#4891=CARTESIAN_POINT('',(0.0005,0.0125895664347757,-0.00533354852106113));
#4892=CARTESIAN_POINT('',(0.0005,0.0125895664347757,0.00533354852106113));
#4893=CARTESIAN_POINT('',(0.0005,0.000874041487963484,-0.0014987436920671));
#4894=CARTESIAN_POINT('',(0.0005,0.000874041487963484,0.0014987436920671));
#4895=CARTESIAN_POINT('',(0.0005,0.0222904753075953,-0.0109909513649743));
#4896=CARTESIAN_POINT('',(0.0005,0.0222904753075953,-0.0109909513649743));
#4897=CARTESIAN_POINT('',(0.000146446283459046,0.0224685864317089,-0.0106855389861485));
#4898=CARTESIAN_POINT('',(8.11362284282258E-5,0.0225567598616741,-0.0108124475573703));
#4899=CARTESIAN_POINT('',(8.11237538107454E-5,0.0226111432327532,-0.0109928208139032));
#4900=CARTESIAN_POINT('',(0.000146318222453039,0.0226076918177011,-0.0111473637253619));
#4901=CARTESIAN_POINT('',(0.0001,0.0157,-1.3010426069826E-18));
#4902=CARTESIAN_POINT('',(0.0001,0.0131005008346659,-0.00445743483602342));
#4903=CARTESIAN_POINT('',(0.0001,0.0131005008346659,0.00445743483602342));
#4904=CARTESIAN_POINT('',(0.0001,0.00138497588785369,-0.00237485737710481));
#4905=CARTESIAN_POINT('',(0.0006,0.0232434567342049,0.0103726318865303));
#4906=CARTESIAN_POINT('',(0.000599999999999999,0.023193621254539,0.0105260957972335));
#4907=CARTESIAN_POINT('',(0.000522367742288223,0.0230135271627418,0.010568162752331));
#4908=CARTESIAN_POINT('',(0.000453553390593275,0.0228692596294396,0.0105636898205147));
#4909=CARTESIAN_POINT('',(0.000653501565802238,0.0224909659709685,0.0109301760716492));
#4910=CARTESIAN_POINT('',(0.000453553825443382,0.0228692593768479,0.0105636900870341));
#4911=CARTESIAN_POINT('',(0.000389114120367391,0.0229574086360976,0.0106895770188682));
#4912=CARTESIAN_POINT('',(0.000389027065773097,0.0230122731683987,0.0108682087103931));
#4913=CARTESIAN_POINT('',(0.000453424639700504,0.0230101248271506,0.0110218922300212));
#4914=CARTESIAN_POINT('',(0.000653501565802263,0.0224909659709688,-0.0109301760716491));
#4915=CARTESIAN_POINT('',(0.000453424617364479,0.0230101248279318,-0.0110218921766421));
#4916=CARTESIAN_POINT('',(0.000389027064539174,0.0230122731566525,-0.0108682086688904));
#4917=CARTESIAN_POINT('',(0.00038911412783687,0.022957408625891,-0.0106895770042487));
#4918=CARTESIAN_POINT('',(0.000453553825467501,0.0228692593768149,-0.010563690086987));
#4919=CARTESIAN_POINT('',(0.0001,0.00138497588785369,0.00237485737710481));
#4920=CARTESIAN_POINT('',(0.000453553390593273,0.0228692596294396,-0.0105636898205147));
#4921=CARTESIAN_POINT('',(0.000522383989071804,0.0230135612237092,-0.0105681638083716));
#4922=CARTESIAN_POINT('',(0.000599999999999999,0.0231934656123747,-0.0105265750833852));
#4923=CARTESIAN_POINT('',(0.0006,0.0232434567342049,-0.0103726318865303));
#4924=CARTESIAN_POINT('',(0.000519470105455239,0.0227276694350046,0.0100862648386736));
#4925=CARTESIAN_POINT('',(0.000519510082060264,0.0227276733911076,-0.0100862977222757));
#4926=CARTESIAN_POINT('',(-0.00264022509220568,-0.0107979061881654,0.0158454948823624));
#4927=CARTESIAN_POINT('',(-0.0031,-0.011130038356369,0.0155012148569304));
#4928=CARTESIAN_POINT('',(-0.00264022509220568,-0.00899917437917456,0.01273));
#4929=CARTESIAN_POINT('',(-0.00264022509220568,-0.00906585538059649,0.0126145051176377));
#4930=CARTESIAN_POINT('',(-0.00264022509220568,-0.0108645871895873,0.00949901023527531));
#4931=CARTESIAN_POINT('',(-0.00264022509220568,-0.0144620508075689,0.0159609897647247));
#4932=CARTESIAN_POINT('',(-0.0031,-0.014329961643631,0.0155012148569304));
#4933=CARTESIAN_POINT('',(-0.00264022509220568,-0.0109979491924311,0.00949901023527531));
#4934=CARTESIAN_POINT('',(-0.00264022509220568,-0.0145954128104127,0.00949901023527531));
#4935=CARTESIAN_POINT('',(-0.00264022509220568,-0.0163941446194036,0.0128454948823623));
#4936=CARTESIAN_POINT('',(-0.0031,-0.0159299232872621,0.01273));
#4937=CARTESIAN_POINT('',(-0.00264022509220568,-0.0146620938118346,0.00961450511763765));
#4938=CARTESIAN_POINT('',(-0.0031,-0.015163257446667,-0.0141348418418409));
#4939=CARTESIAN_POINT('',(-0.0026019026509541,-0.0164569541649149,-0.01273));
#4940=CARTESIAN_POINT('',(-0.0031,-0.0143521716311113,-0.0155396836836817));
#4941=CARTESIAN_POINT('',(-0.0031,-0.01273,-0.0155396836836817));
#4942=CARTESIAN_POINT('',(-0.0031,-0.0111078283688886,-0.0155396836836817));
#4943=CARTESIAN_POINT('',(-0.0031,-0.015163257446667,-0.0113251581581591));
#4944=CARTESIAN_POINT('',(-0.0026019026509541,-0.0145934770824575,-0.00950236301444346));
#4945=CARTESIAN_POINT('',(-0.0031,-0.010296742553333,-0.0141348418418409));
#4946=CARTESIAN_POINT('',(-0.0031,-0.0094856567377773,-0.01273));
#4947=CARTESIAN_POINT('',(-0.0031,-0.01273,-0.00992031631631826));
#4948=CARTESIAN_POINT('',(-0.00260190265095411,-0.0108665229175425,-0.00950236301444346));
#4949=CARTESIAN_POINT('',(-0.0031,-0.010296742553333,-0.0113251581581591));
#4950=CARTESIAN_POINT('',(-0.0031,0.015163257446667,0.0141348418418409));
#4951=CARTESIAN_POINT('',(-0.0026019026509541,0.0164569541649149,0.01273));
#4952=CARTESIAN_POINT('',(-0.0031,0.0143521716311113,0.0155396836836817));
#4953=CARTESIAN_POINT('',(-0.0031,0.01273,0.0155396836836817));
#4954=CARTESIAN_POINT('',(-0.0031,0.0111078283688886,0.0155396836836817));
#4955=CARTESIAN_POINT('',(-0.0031,0.015163257446667,0.0113251581581591));
#4956=CARTESIAN_POINT('',(-0.0026019026509541,0.0145934770824575,0.00950236301444346));
#4957=CARTESIAN_POINT('',(-0.0031,0.010296742553333,0.0141348418418409));
#4958=CARTESIAN_POINT('',(-0.0031,0.0094856567377773,0.01273));
#4959=CARTESIAN_POINT('',(-0.0031,0.01273,0.00992031631631826));
#4960=CARTESIAN_POINT('',(-0.00260190265095411,0.0108665229175425,0.00950236301444346));
#4961=CARTESIAN_POINT('',(-0.0031,0.010296742553333,0.0113251581581591));
#4962=CARTESIAN_POINT('',(-0.00264022509220568,0.0107979061881654,-0.0158454948823624));
#4963=CARTESIAN_POINT('',(-0.0031,0.011130038356369,-0.0155012148569304));
#4964=CARTESIAN_POINT('',(-0.00264022509220568,0.00899917437917456,-0.01273));
#4965=CARTESIAN_POINT('',(-0.00264022509220568,0.00906585538059649,-0.0126145051176377));
#4966=CARTESIAN_POINT('',(-0.00264022509220568,0.0108645871895873,-0.00949901023527531));
#4967=CARTESIAN_POINT('',(-0.00264022509220568,0.0144620508075689,-0.0159609897647247));
#4968=CARTESIAN_POINT('',(-0.0031,0.014329961643631,-0.0155012148569304));
#4969=CARTESIAN_POINT('',(-0.00264022509220568,0.0109979491924311,-0.00949901023527531));
#4970=CARTESIAN_POINT('',(-0.00264022509220568,0.0145954128104127,-0.00949901023527531));
#4971=CARTESIAN_POINT('',(-0.00264022509220568,0.0163941446194036,-0.0128454948823623));
#4972=CARTESIAN_POINT('',(-0.0031,0.0159299232872621,-0.01273));
#4973=CARTESIAN_POINT('',(-0.00264022509220568,0.0146620938118346,-0.00961450511763765));
#4974=CARTESIAN_POINT('',(0.00276739822971836,-0.0274709042876379,0.0017));
#4975=CARTESIAN_POINT('',(0.00305720941485096,-0.0258273033822736,0.0015));
#4976=CARTESIAN_POINT('',(0.00295080366516931,-0.0258449672076445,0.0015));
#4977=CARTESIAN_POINT('',(0.00284961114202483,-0.0258528975961077,0.00159294149210012));
#4978=CARTESIAN_POINT('',(0.00285209845710379,-0.0258387913313208,0.0017));
#4979=CARTESIAN_POINT('',(0.00316781992623545,-0.0252,0.0017));
#4980=CARTESIAN_POINT('',(0.00316781992623545,-0.0252,0.0017));
#4981=CARTESIAN_POINT('',(0.00316781992623545,-0.0252,-0.0017));
#4982=CARTESIAN_POINT('',(0.00316781992623545,-0.0252,-0.0017));
#4983=CARTESIAN_POINT('',(0.00319696155060244,-0.0250347296355334,-0.0017));
#4984=CARTESIAN_POINT('',(0.00285209845710378,-0.0258387913313208,-0.0017));
#4985=CARTESIAN_POINT('',(0.00284961114202482,-0.0258528975961077,-0.00159294149210013));
#4986=CARTESIAN_POINT('',(0.0029508036651693,-0.0258449672076445,-0.0015));
#4987=CARTESIAN_POINT('',(0.00305720941485095,-0.0258273033822736,-0.0015));
#4988=CARTESIAN_POINT('',(-0.0015,0.,0.));
#4989=CARTESIAN_POINT('',(0.003,0.,0.));
#4990=CARTESIAN_POINT('',(0.004,-0.0262039596244537,-0.00395));
#4991=CARTESIAN_POINT('',(0.004,-0.0264733522770418,-0.00394209389702104));
#4992=CARTESIAN_POINT('',(0.00389238194245286,-0.0267366882323871,-0.00393467912544051));
#4993=CARTESIAN_POINT('',(0.00370176528598107,-0.0269272125133889,-0.00392942589048035));
#4994=CARTESIAN_POINT('',(0.00370176528598107,-0.0269272125133889,-0.00392942589048035));
#4995=CARTESIAN_POINT('',(0.00370176528598108,-0.026927212513389,-0.00392942589048035));
#4996=CARTESIAN_POINT('',(0.00349100003594822,-0.0271378756236646,-0.00392361737720376));
#4997=CARTESIAN_POINT('',(0.00324062379696902,-0.0272448240297597,-0.00374130412917621));
#4998=CARTESIAN_POINT('',(0.003,-0.0272665027387882,-0.00357600732600733));
#4999=CARTESIAN_POINT('',(0.00370176528598108,-0.026927212513389,0.00392942589048035));
#5000=CARTESIAN_POINT('',(0.00349100003594822,-0.0271378756236646,0.00392361737720376));
#5001=CARTESIAN_POINT('',(0.00324062379696902,-0.0272448240297597,0.00374130412917621));
#5002=CARTESIAN_POINT('',(0.003,-0.0272665027387882,0.00357600732600733));
#5003=CARTESIAN_POINT('',(0.00370176528598107,-0.0269272125133889,0.00392942589048035));
#5004=CARTESIAN_POINT('',(0.00370176528598107,-0.0269272125133889,0.00392942589048035));
#5005=CARTESIAN_POINT('',(0.00389265248317421,-0.0267364178227735,0.00393468658131557));
#5006=CARTESIAN_POINT('',(0.004,-0.0264737214666908,0.00394208306208789));
#5007=CARTESIAN_POINT('',(0.004,-0.0262039596244537,0.00395));
#5008=CARTESIAN_POINT('',(-0.0035,-0.0270682009006879,-0.00355));
#5009=CARTESIAN_POINT('',(0.00384211834317729,-0.0270682009006879,-0.00375));
#5010=CARTESIAN_POINT('',(0.00357487287823618,-0.0272012214945996,-0.00375));
#5011=CARTESIAN_POINT('',(0.00328486010676487,-0.0272557315920342,-0.00365813565396967));
#5012=CARTESIAN_POINT('',(0.003,-0.0272665027387882,-0.00357600732600732));
#5013=CARTESIAN_POINT('',(0.00384895638683756,-0.0270682009006879,-0.00355));
#5014=CARTESIAN_POINT('',(0.00384895638683756,-0.0270682009006879,-0.00355));
#5015=CARTESIAN_POINT('',(0.00384895638683756,-0.0270682009006879,-0.00355));
#5016=CARTESIAN_POINT('',(0.00384895638683751,-0.0272665027387881,0.00357600732600733));
#5017=CARTESIAN_POINT('',(0.00393209148615892,-0.0272679085138411,0.00356528850866821));
#5018=CARTESIAN_POINT('',(0.00399037774307482,-0.0272096222569252,0.00355000000000001));
#5019=CARTESIAN_POINT('',(0.00354032903482132,-0.0275773910970522,0.00120553168116888));
#5020=CARTESIAN_POINT('',(0.00362379783402036,-0.0275762021659781,0.00120738649977411));
#5021=CARTESIAN_POINT('',(0.00368175039105863,-0.0275182496089414,0.00119676417803148));
#5022=CARTESIAN_POINT('',(0.00354032903480887,-0.0275773910970527,-0.00120553168116525));
#5023=CARTESIAN_POINT('',(0.00362379783400789,-0.0275762021659995,-0.00120738649979467));
#5024=CARTESIAN_POINT('',(0.00368175039104618,-0.0275182496089538,-0.00119676417803098));
#5025=CARTESIAN_POINT('',(0.00384895638683751,-0.0272665027387881,-0.00357600732600735));
#5026=CARTESIAN_POINT('',(0.00393209148615893,-0.0272679085138411,-0.00356528850866823));
#5027=CARTESIAN_POINT('',(0.00399037774307482,-0.0272096222569252,-0.00355000000000002));
#5028=CARTESIAN_POINT('',(0.0038489563868375,-0.0270682009006879,0.00355));
#5029=CARTESIAN_POINT('',(0.00384895638683756,-0.0270682009006879,0.00355));
#5030=CARTESIAN_POINT('',(0.00384895638683756,-0.0270682009006879,0.00355));
#5031=CARTESIAN_POINT('',(-0.0035,-0.0270682009006879,0.00355));
#5032=CARTESIAN_POINT('',(0.00384211834317729,-0.0270682009006879,0.00375));
#5033=CARTESIAN_POINT('',(0.00357487287823618,-0.0272012214945996,0.00375));
#5034=CARTESIAN_POINT('',(0.00328486010676487,-0.0272557315920342,0.00365813565396967));
#5035=CARTESIAN_POINT('',(0.003,-0.0272665027387882,0.00357600732600732));
#5036=CARTESIAN_POINT('',(0.00370176528598107,-0.026927212513389,-0.00392942589048035));
#5037=CARTESIAN_POINT('',(0.00371485675522223,-0.0269403632432167,-0.00375));
#5038=CARTESIAN_POINT('',(0.00384211834317729,-0.0270682009006879,-0.00375));
#5039=CARTESIAN_POINT('',(0.0035998722874474,-0.0270290561619804,-0.0039266176075557));
#5040=CARTESIAN_POINT('',(0.00364470520788816,-0.0270083278470037,-0.00378524887275224));
#5041=CARTESIAN_POINT('',(0.00371984670905702,-0.0271290612024403,-0.00375));
#5042=CARTESIAN_POINT('',(0.00336929775240467,-0.027188254839446,-0.00382340562450721));
#5043=CARTESIAN_POINT('',(0.00342666277092722,-0.0271792141604682,-0.00376887188227159));
#5044=CARTESIAN_POINT('',(0.00344315732082546,-0.0272228361420648,-0.00370005128931607));
#5045=CARTESIAN_POINT('',(0.003122470171439,-0.0272554689335905,-0.00366013838397612));
#5046=CARTESIAN_POINT('',(0.00313471725774087,-0.0272582073190978,-0.00363925861758285));
#5047=CARTESIAN_POINT('',(0.00314696420572694,-0.0272609457132413,-0.00361837878626452));
#5048=CARTESIAN_POINT('',(0.003,-0.0272665027387882,-0.00357600732600732));
#5049=CARTESIAN_POINT('',(0.003,-0.0272665027387882,-0.00357600732600732));
#5050=CARTESIAN_POINT('',(0.003,-0.0272665027387882,-0.00357600732600732));
#5051=CARTESIAN_POINT('',(0.00384211834317729,-0.0270682009006879,-0.00395));
#5052=CARTESIAN_POINT('',(0.00384211834317729,-0.0270682009006879,-0.00375));
#5053=CARTESIAN_POINT('',(0.00371485675522223,-0.0269403632432167,-0.00375));
#5054=CARTESIAN_POINT('',(0.00370176528598107,-0.026927212513389,-0.00392942589048035));
#5055=CARTESIAN_POINT('',(0.00407081609074379,-0.0268405336676188,-0.00375));
#5056=CARTESIAN_POINT('',(0.00390826589976871,-0.0267409885080022,-0.00375000000000159));
#5057=CARTESIAN_POINT('',(0.00389234676563103,-0.0267367233915933,-0.00393467815989234));
#5058=CARTESIAN_POINT('',(0.00419999999086187,-0.0265266063589643,-0.00375));
#5059=CARTESIAN_POINT('',(0.00400777190772075,-0.0264687793301803,-0.00374999999999985));
#5060=CARTESIAN_POINT('',(0.004,-0.0264740266571295,-0.00394207410544422));
#5061=CARTESIAN_POINT('',(0.0042,-0.0262039596244537,-0.00375));
#5062=CARTESIAN_POINT('',(0.004,-0.0262039596244537,-0.00375));
#5063=CARTESIAN_POINT('',(0.004,-0.0262039596244537,-0.00395));
#5064=CARTESIAN_POINT('',(0.0042,-0.0262039596244537,-0.00395));
#5065=CARTESIAN_POINT('',(0.0042,-0.0265,-0.00395));
#5066=CARTESIAN_POINT('',(0.0042,-0.0259612230066305,-0.00395));
#5067=CARTESIAN_POINT('',(0.0038,-0.0257542002162392,-0.00398054911059552));
#5068=CARTESIAN_POINT('',(0.0038,-0.025789833707065,-0.00375));
#5069=CARTESIAN_POINT('',(0.0038,-0.0255565471063679,-0.00375));
#5070=CARTESIAN_POINT('',(0.00390626761365741,-0.0257542002216318,-0.00398054907570545));
#5071=CARTESIAN_POINT('',(0.00388710917453794,-0.0257898337792865,-0.00374999999999986));
#5072=CARTESIAN_POINT('',(0.00401253522731486,-0.0255565473356875,-0.00375));
#5073=CARTESIAN_POINT('',(0.00400000000000001,-0.025852585981209,-0.0039657977017401));
#5074=CARTESIAN_POINT('',(0.00398355250007734,-0.0258481190348824,-0.00375000000000034));
#5075=CARTESIAN_POINT('',(0.00419999985560053,-0.0257487561963629,-0.00375));
#5076=CARTESIAN_POINT('',(0.004,-0.0259612230066305,-0.00395));
#5077=CARTESIAN_POINT('',(0.004,-0.0259612230066305,-0.00375));
#5078=CARTESIAN_POINT('',(0.0042,-0.0259612230066305,-0.00375));
#5079=CARTESIAN_POINT('',(0.0038,-0.0255565471063679,-0.00395));
#5080=CARTESIAN_POINT('',(0.004,-0.0255565471063679,-0.00395));
#5081=CARTESIAN_POINT('',(0.00310495105148927,-0.0255565471063679,-0.00395));
#5082=CARTESIAN_POINT('',(0.00310495105148928,-0.0255565471063679,-0.00375));
#5083=CARTESIAN_POINT('',(0.00310495105148928,-0.025789833707065,-0.00375));
#5084=CARTESIAN_POINT('',(0.00310495105148928,-0.0257542002162392,-0.00398054911059551));
#5085=CARTESIAN_POINT('',(0.00299376095487975,-0.0255750051924272,-0.00375));
#5086=CARTESIAN_POINT('',(0.00301734844124413,-0.0257866759759771,-0.00377043053804274));
#5087=CARTESIAN_POINT('',(0.0028890801685504,-0.0257542002555649,-0.00398054885615769));
#5088=CARTESIAN_POINT('',(0.00289062875028357,-0.0256202751801022,-0.00365688981856319));
#5089=CARTESIAN_POINT('',(0.00287278267656049,-0.0257959229513646,-0.00370294960637791));
#5090=CARTESIAN_POINT('',(0.00269366735823067,-0.0257834229576752,-0.00379288852871564));
#5091=CARTESIAN_POINT('',(0.00288540458859935,-0.0256499028732845,-0.00355000000000007));
#5092=CARTESIAN_POINT('',(0.00285649836884214,-0.0258138381918674,-0.00357342613634942));
#5093=CARTESIAN_POINT('',(0.0026884430379969,-0.0258132797593114,-0.00357745552977586));
#5094=CARTESIAN_POINT('',(0.00268844303799755,-0.0256151732377511,-0.00355));
#5095=CARTESIAN_POINT('',(0.00288540458859999,-0.0256499028732845,-0.00355));
#5096=CARTESIAN_POINT('',(0.00285649836884278,-0.0258138381918674,-0.00357342613634933));
#5097=CARTESIAN_POINT('',(0.00268844303799755,-0.0258132797593114,-0.00357745552977572));
#5098=CARTESIAN_POINT('',(0.00287039686943176,-0.0257350158781572,-0.00293586355928158));
#5099=CARTESIAN_POINT('',(0.00284141237579024,-0.0258993951100128,-0.00295537633576513));
#5100=CARTESIAN_POINT('',(0.00267343531882869,-0.0258990510240807,-0.00295856938727255));
#5101=CARTESIAN_POINT('',(0.00285928525219843,-0.0257980329909591,-0.00231866513487332));
#5102=CARTESIAN_POINT('',(0.00283023735802749,-0.0259627717850535,-0.00233402451695688));
#5103=CARTESIAN_POINT('',(0.0026623237015963,-0.0259625555082142,-0.00233659757984537));
#5104=CARTESIAN_POINT('',(0.00285209845710378,-0.0258387913313207,-0.00169999999999991));
#5105=CARTESIAN_POINT('',(0.00282301056011146,-0.0260037569927042,-0.00171120602235209));
#5106=CARTESIAN_POINT('',(0.00265513690650134,-0.0260036290716248,-0.00171314771848406));
#5107=CARTESIAN_POINT('',(0.00265513690650134,-0.0258040616957874,-0.0017));
#5108=CARTESIAN_POINT('',(0.00285209845710378,-0.0258387913313207,-0.0017));
#5109=CARTESIAN_POINT('',(0.00282301056011146,-0.0260037569927042,-0.00171120602235218));
#5110=CARTESIAN_POINT('',(0.00265513690650134,-0.0260036290716248,-0.00171314771848415));
#5111=CARTESIAN_POINT('',(0.00284963598987626,-0.0258527566769396,-0.00159401068878557));
#5112=CARTESIAN_POINT('',(0.00281565952362738,-0.0260117499539051,-0.00158964239046745));
#5113=CARTESIAN_POINT('',(0.00265267464432998,-0.0260177024643059,-0.00149952966377198));
#5114=CARTESIAN_POINT('',(0.00294781992966381,-0.0258454625141664,-0.0015));
#5115=CARTESIAN_POINT('',(0.00294762142662481,-0.0260183229205416,-0.00148344645121345));
#5116=CARTESIAN_POINT('',(0.00284483433550562,-0.0260270505011362,-0.00131005427800052));
#5117=CARTESIAN_POINT('',(0.00305720941485094,-0.0258273033822736,-0.0015));
#5118=CARTESIAN_POINT('',(0.00305720941485094,-0.0260174897105672,-0.0015));
#5119=CARTESIAN_POINT('',(0.00305720941485095,-0.0260270505081999,-0.00131005413766435));
#5120=CARTESIAN_POINT('',(0.00305720941485095,-0.0258273033822736,-0.0013));
#5121=CARTESIAN_POINT('',(0.004,-0.0258273033822736,-0.0013));
#5122=CARTESIAN_POINT('',(0.0045,-0.0258273033822736,-0.0013));
#5123=CARTESIAN_POINT('',(0.0047,-0.0262049155694118,-0.0017));
#5124=CARTESIAN_POINT('',(0.0047,-0.0262049155694118,-0.0017));
#5125=CARTESIAN_POINT('',(0.0047,-0.0262049155694118,-0.0017));
#5126=CARTESIAN_POINT('',(0.0047,-0.0261650962231269,-0.00161209172598407));
#5127=CARTESIAN_POINT('',(0.0047000774986105,-0.0261424302506213,-0.00163333333963365));
#5128=CARTESIAN_POINT('',(0.0047,-0.0261197647543807,-0.00165457546142913));
#5129=CARTESIAN_POINT('',(0.00467729804314607,-0.0261036554699621,-0.00147713572080544));
#5130=CARTESIAN_POINT('',(0.00464263470635753,-0.0260385851719818,-0.00152302039792935));
#5131=CARTESIAN_POINT('',(0.00467729804314607,-0.0259890752313255,-0.0015852259685901));
#5132=CARTESIAN_POINT('',(0.0045932253376269,-0.0260412913635081,-0.00134103888307859));
#5133=CARTESIAN_POINT('',(0.00451882560526428,-0.0260023598795433,-0.00148430845187913));
#5134=CARTESIAN_POINT('',(0.0045932253376269,-0.0258573007084189,-0.0015157640686487));
#5135=CARTESIAN_POINT('',(0.00453114631904844,-0.026027050508774,-0.00131005412625757));
#5136=CARTESIAN_POINT('',(0.0045029809136682,-0.0260174897115542,-0.00150000000095999));
#5137=CARTESIAN_POINT('',(0.00453114631904844,-0.0258273033709396,-0.00149999999999994));
#5138=CARTESIAN_POINT('',(0.0045,-0.0260270505081998,-0.00131005413766429));
#5139=CARTESIAN_POINT('',(0.0045,-0.0260174897105671,-0.00149999999999994));
#5140=CARTESIAN_POINT('',(0.0045,-0.0258273033822735,-0.00149999999999994));
#5141=CARTESIAN_POINT('',(0.00384211834317729,-0.0270682009006879,0.00375));
#5142=CARTESIAN_POINT('',(0.00371485675522223,-0.0269403632432167,0.00375));
#5143=CARTESIAN_POINT('',(0.00370176528598107,-0.026927212513389,0.00392942589048035));
#5144=CARTESIAN_POINT('',(0.00371984670905732,-0.0271290612024394,0.00375));
#5145=CARTESIAN_POINT('',(0.00364470520788887,-0.0270083278470013,0.00378524887275279));
#5146=CARTESIAN_POINT('',(0.0035998722874481,-0.0270290561619797,0.00392661760755577));
#5147=CARTESIAN_POINT('',(0.0034431573208253,-0.0272228361420653,0.00370005128931573));
#5148=CARTESIAN_POINT('',(0.00342666277092673,-0.0271792141605171,0.00376887188227741));
#5149=CARTESIAN_POINT('',(0.00336929775240427,-0.0271882548394463,0.00382340562450721));
#5150=CARTESIAN_POINT('',(0.00314696420572694,-0.0272609457132412,0.00361837878626522));
#5151=CARTESIAN_POINT('',(0.00313471725774095,-0.0272582073190064,0.00363925861757128));
#5152=CARTESIAN_POINT('',(0.00312247017143907,-0.0272554689335905,0.00366013838397606));
#5153=CARTESIAN_POINT('',(0.003,-0.0272665027387882,0.00357600732600732));
#5154=CARTESIAN_POINT('',(0.003,-0.0272665027387882,0.00357600732600732));
#5155=CARTESIAN_POINT('',(0.003,-0.0272665027387882,0.00357600732600732));
#5156=CARTESIAN_POINT('',(0.00384211834317729,-0.0270682009006879,0.00395));
#5157=CARTESIAN_POINT('',(0.00370176528598107,-0.026927212513389,0.00392942589048035));
#5158=CARTESIAN_POINT('',(0.00371485675522223,-0.0269403632432167,0.00375));
#5159=CARTESIAN_POINT('',(0.00384211834317729,-0.0270682009006879,0.00375));
#5160=CARTESIAN_POINT('',(0.00389234676563103,-0.0267367233915933,0.00393467815989234));
#5161=CARTESIAN_POINT('',(0.00390826589976871,-0.0267409885080022,0.00375000000000187));
#5162=CARTESIAN_POINT('',(0.00407081609074379,-0.0268405336676188,0.00375));
#5163=CARTESIAN_POINT('',(0.004,-0.0264740266571295,0.00394207410544422));
#5164=CARTESIAN_POINT('',(0.00400777190772075,-0.0264687793301803,0.00374999999999956));
#5165=CARTESIAN_POINT('',(0.00419999999086187,-0.0265266063589643,0.00375));
#5166=CARTESIAN_POINT('',(0.004,-0.0262039596244537,0.00395));
#5167=CARTESIAN_POINT('',(0.004,-0.0262039596244537,0.00375));
#5168=CARTESIAN_POINT('',(0.0042,-0.0262039596244537,0.00375));
#5169=CARTESIAN_POINT('',(0.0042,-0.0262039596244537,0.00395));
#5170=CARTESIAN_POINT('',(0.0042,0.,0.00395));
#5171=CARTESIAN_POINT('',(0.0042,-0.0259612230066305,0.00395));
#5172=CARTESIAN_POINT('',(0.0038,-0.0255565471063679,0.00375));
#5173=CARTESIAN_POINT('',(0.0038,-0.025789833707065,0.00375));
#5174=CARTESIAN_POINT('',(0.0038,-0.0257542002162392,0.00398054911059552));
#5175=CARTESIAN_POINT('',(0.00401253522731486,-0.0255565473356875,0.00375));
#5176=CARTESIAN_POINT('',(0.00388710917453794,-0.0257898337792865,0.00374999999999986));
#5177=CARTESIAN_POINT('',(0.00390626761365741,-0.0257542002216318,0.00398054907570545));
#5178=CARTESIAN_POINT('',(0.00419999985560053,-0.0257487561963629,0.00375));
#5179=CARTESIAN_POINT('',(0.00398355250007734,-0.0258481190348824,0.00375000000000007));
#5180=CARTESIAN_POINT('',(0.00400000000000001,-0.025852585981209,0.0039657977017401));
#5181=CARTESIAN_POINT('',(0.0042,-0.0259612230066305,0.00375));
#5182=CARTESIAN_POINT('',(0.004,-0.0259612230066305,0.00375));
#5183=CARTESIAN_POINT('',(0.004,-0.0259612230066305,0.00395));
#5184=CARTESIAN_POINT('',(0.0038,-0.0255565471063679,0.00395));
#5185=CARTESIAN_POINT('',(0.004,-0.0255565471063679,0.00395));
#5186=CARTESIAN_POINT('',(0.00310495105148927,-0.0255565471063679,0.00395));
#5187=CARTESIAN_POINT('',(0.00310495105148927,-0.0257542002162392,0.00398054911059552));
#5188=CARTESIAN_POINT('',(0.00310495105148927,-0.025789833707065,0.00375));
#5189=CARTESIAN_POINT('',(0.00310495105148927,-0.0255565471063679,0.00375));
#5190=CARTESIAN_POINT('',(0.0028890801685504,-0.0257542002555649,0.0039805488561577));
#5191=CARTESIAN_POINT('',(0.00301734844124411,-0.0257866759759778,0.0037704305380444));
#5192=CARTESIAN_POINT('',(0.00299376095487956,-0.0255750051924287,0.00375));
#5193=CARTESIAN_POINT('',(0.00269366735823141,-0.0257834229576752,0.00379288852871568));
#5194=CARTESIAN_POINT('',(0.00287278267656136,-0.0257959229513645,0.00370294960637784));
#5195=CARTESIAN_POINT('',(0.00289062875028359,-0.0256202751801021,0.00365688981856318));
#5196=CARTESIAN_POINT('',(0.00268844303799691,-0.0258132797593114,0.00357745552977586));
#5197=CARTESIAN_POINT('',(0.00285649836884214,-0.0258138381918675,0.00357342613634942));
#5198=CARTESIAN_POINT('',(0.00288540458859935,-0.0256499028732845,0.00355000000000007));
#5199=CARTESIAN_POINT('',(0.00268844303799755,-0.0256151732377511,0.00355));
#5200=CARTESIAN_POINT('',(0.00285209845710378,-0.0258387913313207,0.0017));
#5201=CARTESIAN_POINT('',(0.00282301056011146,-0.0260037569927042,0.00171120602235218));
#5202=CARTESIAN_POINT('',(0.00265513690650134,-0.0260036290716248,0.00171314771848414));
#5203=CARTESIAN_POINT('',(0.00285928525219818,-0.0257980329909605,0.00231866513487354));
#5204=CARTESIAN_POINT('',(0.00283023735802884,-0.0259627717850578,0.00233402451696146));
#5205=CARTESIAN_POINT('',(0.00266232370159493,-0.0259625555082142,0.00233659757984549));
#5206=CARTESIAN_POINT('',(0.00287039686943175,-0.0257350158781573,0.00293586355928019));
#5207=CARTESIAN_POINT('',(0.00284141237579023,-0.0258993951100129,0.00295537633576292));
#5208=CARTESIAN_POINT('',(0.00267343531882868,-0.0258990510240809,0.00295856938727118));
#5209=CARTESIAN_POINT('',(0.00288540458859999,-0.0256499028732845,0.00355));
#5210=CARTESIAN_POINT('',(0.00285649836884278,-0.0258138381918674,0.00357342613634933));
#5211=CARTESIAN_POINT('',(0.00268844303799755,-0.0258132797593114,0.00357745552977571));
#5212=CARTESIAN_POINT('',(0.00265513690650134,-0.0258040616957874,0.0017));
#5213=CARTESIAN_POINT('',(0.00265513690650134,-0.0260036290716248,0.00171314771848415));
#5214=CARTESIAN_POINT('',(0.00282301056011146,-0.0260037569927042,0.00171120602235218));
#5215=CARTESIAN_POINT('',(0.00285209845710378,-0.0258387913313207,0.0017));
#5216=CARTESIAN_POINT('',(0.00265267464433071,-0.0260177024643059,0.00149952966377202));
#5217=CARTESIAN_POINT('',(0.00281565952362823,-0.0260117499539051,0.00158964239046729));
#5218=CARTESIAN_POINT('',(0.00284963598987628,-0.0258527566769395,0.00159401068878554));
#5219=CARTESIAN_POINT('',(0.00284483433550563,-0.0260270505011362,0.00131005427800052));
#5220=CARTESIAN_POINT('',(0.0029476214266247,-0.0260183229205416,0.00148344645121345));
#5221=CARTESIAN_POINT('',(0.00294781992966381,-0.0258454625141664,0.0015));
#5222=CARTESIAN_POINT('',(0.00305720941485096,-0.0260270505081999,0.00131005413766435));
#5223=CARTESIAN_POINT('',(0.00305720941485095,-0.0260174897105672,0.0015));
#5224=CARTESIAN_POINT('',(0.00305720941485095,-0.0258273033822736,0.0015));
#5225=CARTESIAN_POINT('',(0.00305720941485096,-0.0258273033822736,0.0013));
#5226=CARTESIAN_POINT('',(0.004,-0.0258273033822736,0.0013));
#5227=CARTESIAN_POINT('',(0.0045,-0.0258273033822736,0.0013));
#5228=CARTESIAN_POINT('',(0.0047,-0.0262049155694118,0.0017));
#5229=CARTESIAN_POINT('',(0.0047,-0.0262049155694118,0.0017));
#5230=CARTESIAN_POINT('',(0.0047,-0.0262049155694118,0.0017));
#5231=CARTESIAN_POINT('',(0.0047,-0.0261197647543885,0.00165457546142936));
#5232=CARTESIAN_POINT('',(0.00470007749453666,-0.0261424302506172,0.00163333333964513));
#5233=CARTESIAN_POINT('',(0.0047,-0.0261650962231269,0.00161209172599142));
#5234=CARTESIAN_POINT('',(0.00467729804314613,-0.0259890752313239,0.00158522596859005));
#5235=CARTESIAN_POINT('',(0.00464263470734051,-0.0260385851719828,0.00152302039792657));
#5236=CARTESIAN_POINT('',(0.00467729804314613,-0.0261036554699621,0.00147713572080374));
#5237=CARTESIAN_POINT('',(0.00459322533762679,-0.0258573007084191,0.00151576406864871));
#5238=CARTESIAN_POINT('',(0.00451882560502676,-0.0260023598795428,0.00148430845187983));
#5239=CARTESIAN_POINT('',(0.00459322533762679,-0.0260412913635081,0.00134103888307896));
#5240=CARTESIAN_POINT('',(0.00453114631904868,-0.0258273033709399,0.00149999999999994));
#5241=CARTESIAN_POINT('',(0.00450298091366825,-0.0260174897115546,0.00150000000095991));
#5242=CARTESIAN_POINT('',(0.00453114631904868,-0.026027050508774,0.00131005412625748));
#5243=CARTESIAN_POINT('',(0.0045,-0.0258273033822735,0.00149999999999994));
#5244=CARTESIAN_POINT('',(0.0045,-0.0260174897105671,0.00149999999999994));
#5245=CARTESIAN_POINT('',(0.0045,-0.0260270505081998,0.00131005413766429));
#5246=MECHANICAL_DESIGN_GEOMETRIC_PRESENTATION_REPRESENTATION('',(#2891),
#5247);
#5247=(
GEOMETRIC_REPRESENTATION_CONTEXT(3)
GLOBAL_UNCERTAINTY_ASSIGNED_CONTEXT((#5248))
GLOBAL_UNIT_ASSIGNED_CONTEXT((#5251,#5250,#5249))
REPRESENTATION_CONTEXT('BASE','TOP_LEVEL_ASSEMBLY_PART')
);
#5248=UNCERTAINTY_MEASURE_WITH_UNIT(LENGTH_MEASURE(2.E-5),#5251,
'DISTANCE_ACCURACY_VALUE','Maximum Tolerance applied to model');
#5249=(
NAMED_UNIT(*)
SI_UNIT($,.STERADIAN.)
SOLID_ANGLE_UNIT()
);
#5250=(
NAMED_UNIT(*)
PLANE_ANGLE_UNIT()
SI_UNIT($,.RADIAN.)
);
#5251=(
LENGTH_UNIT()
NAMED_UNIT(*)
SI_UNIT($,.METRE.)
);
#5252=PRODUCT_DEFINITION_SHAPE('','',#5253);
#5253=PRODUCT_DEFINITION('','',#5255,#5254);
#5254=PRODUCT_DEFINITION_CONTEXT('',#5261,'design');
#5255=PRODUCT_DEFINITION_FORMATION_WITH_SPECIFIED_SOURCE('','',#5257,
 .NOT_KNOWN.);
#5256=PRODUCT_RELATED_PRODUCT_CATEGORY('','',(#5257));
#5257=PRODUCT('BASE','BASE','BASE',(#5259));
#5258=PRODUCT_CATEGORY('','');
#5259=PRODUCT_CONTEXT('',#5261,'mechanical');
#5260=APPLICATION_PROTOCOL_DEFINITION('international standard',
'ap242_managed_model_based_3d_engineering',2020,#5261);
#5261=APPLICATION_CONTEXT('managed model based 3d engineering');
ENDSEC;
END-ISO-10303-21;
