ISO-10303-21;
HEADER;
/* Generated by software containing ST-Developer
 * from STEP Tools, Inc. (www.steptools.com) 
 */
/* OPTION: using custom renumber hook */

FILE_DESCRIPTION(
/* description */ ('STEP AP242 Edition 2',
'CAx-IF Rec.Pracs.---Representation and Presentation of Product Manufa
cturing Information (PMI)---4.0---2014-10-13',
'CAx-IF Rec.Pracs.---3D Tessellated Geometry---0.4---2014-09-14','2;1',
'CAx-IF Rec.Pracs.---User Defined Attributes---1.5---2016-08-15'),
/* implementation_level */ '2;1');

FILE_NAME(
/* name */ 'StopWatch',
/* time_stamp */ '2026-08-18T11:43:52Z',
/* author */ (''),
/* organization */ (''),
/* preprocessor_version */ 'ST-DEVELOPER v20',
/* originating_system */ 'ONSHAPE BY PTC INC, 1.219',
/* authorisation */ '  ');

FILE_SCHEMA (('AP242_MANAGED_MODEL_BASED_3D_ENGINEERING_MIM_LF { 1 0 10303 442 3 1 4 }'));
ENDSEC;

DATA;
#10=B_SPLINE_SURFACE_WITH_KNOTS('',1,3,((#10834,#10835,#10836,#10837),(#10838,
#10839,#10840,#10841)),.RULED_SURF.,.F.,.F.,.F.,(2,2),(4,4),(0.,1.),(0.,
0.00211763050540399),.PIECEWISE_BEZIER_KNOTS.);
#11=B_SPLINE_SURFACE_WITH_KNOTS('',1,3,((#10846,#10847,#10848,#10849),(#10850,
#10851,#10852,#10853)),.RULED_SURF.,.F.,.F.,.F.,(2,2),(4,4),(0.,1.),(0.,
0.00212158792752524),.PIECEWISE_BEZIER_KNOTS.);
#12=B_SPLINE_SURFACE_WITH_KNOTS('',1,3,((#10868,#10869,#10870,#10871,#10872,
#10873),(#10874,#10875,#10876,#10877,#10878,#10879)),.RULED_SURF.,.F.,.F.,
 .F.,(2,2),(4,2,4),(0.,1.),(0.,0.00105882022796183,0.00211764045592367),
 .UNSPECIFIED.);
#13=B_SPLINE_SURFACE_WITH_KNOTS('',1,3,((#10884,#10885,#10886,#10887),(#10888,
#10889,#10890,#10891)),.RULED_SURF.,.F.,.F.,.F.,(2,2),(4,4),(0.,1.),(0.,
0.00212160747377181),.PIECEWISE_BEZIER_KNOTS.);
#14=ELLIPSE('',#6340,0.033587572106361,0.02375);
#15=ELLIPSE('',#6341,0.033587572106361,0.02375);
#16=ELLIPSE('',#6365,0.0371528226059497,0.0262670103832148);
#17=ELLIPSE('',#6366,0.0360231309902318,0.0254683194811905);
#18=ELLIPSE('',#6470,0.03592004894103,0.0253954405700665);
#19=ELLIPSE('',#6475,0.03592004894103,0.0253954405700665);
#20=ELLIPSE('',#6802,0.00113578166916005,0.0009);
#21=ELLIPSE('',#6804,0.00113578166916005,0.0009);
#22=ELLIPSE('',#6806,0.00113578166916006,0.0009);
#23=ELLIPSE('',#6808,0.00113578166916006,0.0009);
#24=ELLIPSE('',#6810,0.0008,0.0004);
#25=ELLIPSE('',#6811,0.0008,0.0004);
#26=ELLIPSE('',#6813,0.0008,0.0004);
#27=ELLIPSE('',#6814,0.0008,0.0004);
#28=ELLIPSE('',#6886,0.00113578166916005,0.0009);
#29=ELLIPSE('',#6888,0.00113578166916005,0.0009);
#30=ELLIPSE('',#6890,0.00113578166916006,0.0009);
#31=ELLIPSE('',#6892,0.00113578166916006,0.0009);
#32=ELLIPSE('',#6894,0.0008,0.0004);
#33=ELLIPSE('',#6895,0.0008,0.0004);
#34=ELLIPSE('',#6897,0.0008,0.0004);
#35=ELLIPSE('',#6898,0.0008,0.0004);
#36=COLOUR_RGB('',0.301960784313725,0.301960784313725,0.301960784313725);
#37=COLOUR_RGB('',0.972549019607843,0.529411764705882,0.00392156862745098);
#38=COLOUR_RGB('',0.231372549019608,0.380392156862745,0.705882352941177);
#39=SHAPE_REPRESENTATION_RELATIONSHIP('','',#6197,#44);
#40=SHAPE_REPRESENTATION_RELATIONSHIP('','',#6198,#45);
#41=SHAPE_REPRESENTATION_RELATIONSHIP('','',#6199,#46);
#42=SHAPE_REPRESENTATION_RELATIONSHIP('','',#6200,#47);
#43=SHAPE_REPRESENTATION_RELATIONSHIP('','',#6201,#48);
#44=ADVANCED_BREP_SHAPE_REPRESENTATION('',(#6187),#11542);
#45=ADVANCED_BREP_SHAPE_REPRESENTATION('',(#6188),#11543);
#46=ADVANCED_BREP_SHAPE_REPRESENTATION('',(#6189),#11544);
#47=ADVANCED_BREP_SHAPE_REPRESENTATION('',(#6190),#11545);
#48=ADVANCED_BREP_SHAPE_REPRESENTATION('',(#6191),#11546);
#49=SPHERICAL_SURFACE('',#6229,0.001);
#50=TOROIDAL_SURFACE('',#6223,0.0255388047951468,0.0005);
#51=TOROIDAL_SURFACE('',#6225,0.0255876789769457,0.0005);
#52=TOROIDAL_SURFACE('',#6233,0.024,0.0005);
#53=TOROIDAL_SURFACE('',#6400,0.0249573926070279,0.001);
#54=TOROIDAL_SURFACE('',#6486,0.0236495097735338,0.0021);
#55=TOROIDAL_SURFACE('',#6754,0.00637426406871193,0.0003);
#56=TOROIDAL_SURFACE('',#6821,0.001,0.0005);
#57=TOROIDAL_SURFACE('',#6824,0.0272,0.0005);
#58=TOROIDAL_SURFACE('',#6828,0.001,0.0005);
#59=TOROIDAL_SURFACE('',#6842,0.001,0.0005);
#60=TOROIDAL_SURFACE('',#6846,0.0272,0.0005);
#61=TOROIDAL_SURFACE('',#6848,0.001,0.0005);
#62=TOROIDAL_SURFACE('',#6905,0.001,0.0005);
#63=TOROIDAL_SURFACE('',#6908,0.0272,0.0005);
#64=TOROIDAL_SURFACE('',#6912,0.001,0.0005);
#65=TOROIDAL_SURFACE('',#6926,0.001,0.0005);
#66=TOROIDAL_SURFACE('',#6930,0.0272,0.0005);
#67=TOROIDAL_SURFACE('',#6932,0.001,0.0005);
#68=(
BOUNDED_SURFACE()
B_SPLINE_SURFACE(3,2,((#8888,#8889,#8890),(#8891,#8892,#8893),(#8894,#8895,
#8896),(#8897,#8898,#8899)),.UNSPECIFIED.,.F.,.F.,.F.)
B_SPLINE_SURFACE_WITH_KNOTS((4,4),(3,3),(-1.99493199737333E-17,0.00210032731257566),
(0.,1.),.PIECEWISE_BEZIER_KNOTS.)
GEOMETRIC_REPRESENTATION_ITEM()
RATIONAL_B_SPLINE_SURFACE(((1.,0.758444478033768,1.),(1.,0.758468168626024,
1.),(1.,0.758491892054822,1.),(1.,0.758515648456577,1.)))
REPRESENTATION_ITEM('')
SURFACE()
);
#69=(
BOUNDED_SURFACE()
B_SPLINE_SURFACE(3,2,((#8902,#8903,#8904),(#8905,#8906,#8907),(#8908,#8909,
#8910),(#8911,#8912,#8913),(#8914,#8915,#8916)),.UNSPECIFIED.,.F.,.F.,.F.)
B_SPLINE_SURFACE_WITH_KNOTS((4,1,4),(3,3),(6.7762635780344E-20,0.000274595422469773,
0.000549190844939546),(0.,1.),.UNSPECIFIED.)
GEOMETRIC_REPRESENTATION_ITEM()
RATIONAL_B_SPLINE_SURFACE(((1.,0.758515648456552,1.),(1.,0.760044564125846,
1.),(1.,0.750945242860243,1.),(1.,0.7258684930411,1.),(1.,0.713250449154156,
1.)))
REPRESENTATION_ITEM('')
SURFACE()
);
#70=(
BOUNDED_SURFACE()
B_SPLINE_SURFACE(3,2,((#8918,#8919,#8920),(#8921,#8922,#8923),(#8924,#8925,
#8926),(#8927,#8928,#8929),(#8930,#8931,#8932)),.UNSPECIFIED.,.F.,.F.,.F.)
B_SPLINE_SURFACE_WITH_KNOTS((4,1,4),(3,3),(-2.40015255933979E-17,0.000275036921348434,
0.000550073842696892),(0.,1.),.UNSPECIFIED.)
GEOMETRIC_REPRESENTATION_ITEM()
RATIONAL_B_SPLINE_SURFACE(((1.,0.700909264299853,1.),(1.,0.71374898035628,
1.),(1.,0.741743391031252,1.),(1.,0.756912594835852,1.),(1.,0.758444478033783,
1.)))
REPRESENTATION_ITEM('')
SURFACE()
);
#71=(
BOUNDED_SURFACE()
B_SPLINE_SURFACE(3,2,((#8938,#8939,#8940),(#8941,#8942,#8943),(#8944,#8945,
#8946),(#8947,#8948,#8949),(#8950,#8951,#8952)),.UNSPECIFIED.,.F.,.F.,.F.)
B_SPLINE_SURFACE_WITH_KNOTS((4,1,4),(3,3),(1.38371302263463E-17,0.000274595459198484,
0.000549190918396954),(0.,1.),.UNSPECIFIED.)
GEOMETRIC_REPRESENTATION_ITEM()
RATIONAL_B_SPLINE_SURFACE(((1.,0.713250449154184,1.),(1.,0.725870687043491,
1.),(1.,0.750896667816545,1.),(1.,0.760044865786965,1.),(1.,0.758515648456594,
1.)))
REPRESENTATION_ITEM('')
SURFACE()
);
#72=(
BOUNDED_SURFACE()
B_SPLINE_SURFACE(3,2,((#8954,#8955,#8956),(#8957,#8958,#8959),(#8960,#8961,
#8962),(#8963,#8964,#8965),(#8966,#8967,#8968)),.UNSPECIFIED.,.F.,.F.,.F.)
B_SPLINE_SURFACE_WITH_KNOTS((4,1,4),(3,3),(9.43255890062389E-18,0.000275034306890382,
0.000550068613780755),(0.,1.),.UNSPECIFIED.)
GEOMETRIC_REPRESENTATION_ITEM()
RATIONAL_B_SPLINE_SURFACE(((1.,0.75844447803377,1.),(1.,0.756912854722576,
1.),(1.,0.74180211268646,1.),(1.,0.71374650203538,1.),(1.,0.700909264299849,
1.)))
REPRESENTATION_ITEM('')
SURFACE()
);
#73=(
BOUNDED_SURFACE()
B_SPLINE_SURFACE(3,2,((#8970,#8971,#8972),(#8973,#8974,#8975),(#8976,#8977,
#8978),(#8979,#8980,#8981)),.UNSPECIFIED.,.F.,.F.,.F.)
B_SPLINE_SURFACE_WITH_KNOTS((4,4),(3,3),(-2.60208521396521E-18,0.00210032731257568),
(0.,1.),.PIECEWISE_BEZIER_KNOTS.)
GEOMETRIC_REPRESENTATION_ITEM()
RATIONAL_B_SPLINE_SURFACE(((1.,0.758515648456577,1.),(1.,0.75849189205521,
1.),(1.,0.758468168625829,1.),(1.,0.758444478033768,1.)))
REPRESENTATION_ITEM('')
SURFACE()
);
#74=(
BOUNDED_SURFACE()
B_SPLINE_SURFACE(3,2,((#8995,#8996,#8997),(#8998,#8999,#9000),(#9001,#9002,
#9003),(#9004,#9005,#9006),(#9007,#9008,#9009),(#9010,#9011,#9012),(#9013,
#9014,#9015),(#9016,#9017,#9018),(#9019,#9020,#9021),(#9022,#9023,#9024),
(#9025,#9026,#9027)),.UNSPECIFIED.,.T.,.F.,.F.)
B_SPLINE_SURFACE_WITH_KNOTS((1,3,1,1,1,1,1,1,1,3,1),(3,3),(-0.000835363535133772,
0.,0.000835363535133772,0.00167072707026754,0.00250609060540132,0.00334145414053509,
0.00417681767566886,0.00501218121080263,0.00584754474593641,0.00668290828107018,
0.00751827181620395),(0.,1.),.UNSPECIFIED.)
GEOMETRIC_REPRESENTATION_ITEM()
RATIONAL_B_SPLINE_SURFACE(((1.,0.9243161378712,1.),(1.,0.924302608710234,
1.),(1.,0.926134044701861,1.),(1.,0.929072549973302,1.),(1.,0.926225040016789,
1.),(1.,0.923382531391214,1.),(1.,0.926141710002094,1.),(1.,0.929073301721208,
1.),(1.,0.926215219667658,1.),(1.,0.924329667032167,1.),(1.,0.9243161378712,
1.)))
REPRESENTATION_ITEM('')
SURFACE()
);
#75=(
BOUNDED_SURFACE()
B_SPLINE_SURFACE(3,2,((#10909,#10910,#10911),(#10912,#10913,#10914),(#10915,
#10916,#10917),(#10918,#10919,#10920),(#10921,#10922,#10923),(#10924,#10925,
#10926),(#10927,#10928,#10929),(#10930,#10931,#10932),(#10933,#10934,#10935),
(#10936,#10937,#10938)),.UNSPECIFIED.,.F.,.F.,.F.)
B_SPLINE_SURFACE_WITH_KNOTS((4,1,1,1,1,1,1,4),(3,3),(-1.47451495458029E-17,
0.000462046433701985,0.000924092867403985,0.00138613930110598,0.00184818573480798,
0.00231023216850998,0.00277227860221198,0.00369637146961598),(0.,1.),
 .UNSPECIFIED.)
GEOMETRIC_REPRESENTATION_ITEM()
RATIONAL_B_SPLINE_SURFACE(((1.,0.923879532511288,1.),(1.,0.931949088680482,
1.),(1.,0.947017448357772,1.),(1.,0.965320913797061,1.),(1.,0.973936545240379,
1.),(1.,0.967017675626607,1.),(1.,0.950415088897969,1.),(1.,0.922812043013529,
1.),(1.,0.898739606871044,1.),(1.,0.882269240288904,1.)))
REPRESENTATION_ITEM('')
SURFACE()
);
#76=(
BOUNDED_SURFACE()
B_SPLINE_SURFACE(3,2,((#10942,#10943,#10944),(#10945,#10946,#10947),(#10948,
#10949,#10950),(#10951,#10952,#10953),(#10954,#10955,#10956),(#10957,#10958,
#10959),(#10960,#10961,#10962),(#10963,#10964,#10965),(#10966,#10967,#10968),
(#10969,#10970,#10971)),.UNSPECIFIED.,.F.,.F.,.F.)
B_SPLINE_SURFACE_WITH_KNOTS((4,1,1,1,1,1,1,4),(3,3),(-1.56125112837913E-17,
0.000462024315236282,0.00092404863047258,0.00138607294570888,0.00184809726094518,
0.00231012157618147,0.00277214589141777,0.00369619452189037),(0.,1.),
 .UNSPECIFIED.)
GEOMETRIC_REPRESENTATION_ITEM()
RATIONAL_B_SPLINE_SURFACE(((1.,0.923879532511285,1.),(1.,0.931948702386078,
1.),(1.,0.947016390409628,1.),(1.,0.965319331754172,1.),(1.,0.973936162186914,
1.),(1.,0.967020053479373,1.),(1.,0.950419642616761,1.),(1.,0.922818879944938,
1.),(1.,0.898748030784395,1.),(1.,0.882278701584336,1.)))
REPRESENTATION_ITEM('')
SURFACE()
);
#77=(
BOUNDED_SURFACE()
B_SPLINE_SURFACE(3,2,((#10972,#10973,#10974),(#10975,#10976,#10977),(#10978,
#10979,#10980),(#10981,#10982,#10983)),.UNSPECIFIED.,.F.,.F.,.F.)
B_SPLINE_SURFACE_WITH_KNOTS((4,4),(3,3),(4.82523875095223,4.8453974587984),
(0.,1.),.PIECEWISE_BEZIER_KNOTS.)
GEOMETRIC_REPRESENTATION_ITEM()
RATIONAL_B_SPLINE_SURFACE(((1.,0.74300621863937,1.),(1.,0.744587825683256,
1.),(1.,0.746162023705718,1.),(1.,0.747728639996615,1.)))
REPRESENTATION_ITEM('')
SURFACE()
);
#78=(
BOUNDED_SURFACE()
B_SPLINE_SURFACE(3,2,((#10985,#10986,#10987),(#10988,#10989,#10990),(#10991,
#10992,#10993),(#10994,#10995,#10996),(#10997,#10998,#10999),(#11000,#11001,
#11002)),.UNSPECIFIED.,.F.,.F.,.F.)
B_SPLINE_SURFACE_WITH_KNOTS((4,1,1,4),(3,3),(8.67361737988404E-19,0.00166147686908463,
0.00249221530362694,0.00332295373816926),(0.,1.),.UNSPECIFIED.)
GEOMETRIC_REPRESENTATION_ITEM()
RATIONAL_B_SPLINE_SURFACE(((1.,0.743006218639368,1.),(1.,0.791324249887355,
1.),(1.,0.855235068757873,1.),(1.,0.914999324729821,1.),(1.,0.925821588496875,
1.),(1.,0.923879532511286,1.)))
REPRESENTATION_ITEM('')
SURFACE()
);
#79=(
BOUNDED_SURFACE()
B_SPLINE_SURFACE(3,2,((#11010,#11011,#11012),(#11013,#11014,#11015),(#11016,
#11017,#11018),(#11019,#11020,#11021),(#11022,#11023,#11024),(#11025,#11026,
#11027)),.UNSPECIFIED.,.F.,.F.,.F.)
B_SPLINE_SURFACE_WITH_KNOTS((4,1,1,4),(3,3),(-6.07153216591882E-18,0.000832343078166432,
0.00166468615633287,0.00332937231266575),(0.,1.),.UNSPECIFIED.)
GEOMETRIC_REPRESENTATION_ITEM()
RATIONAL_B_SPLINE_SURFACE(((1.,0.923879532511286,1.),(1.,0.925821674371211,
1.),(1.,0.91493957582795,1.),(1.,0.855082315072967,1.),(1.,0.791318087229379,
1.),(1.,0.743006218639208,1.)))
REPRESENTATION_ITEM('')
SURFACE()
);
#80=(
BOUNDED_SURFACE()
B_SPLINE_SURFACE(3,2,((#11029,#11030,#11031),(#11032,#11033,#11034),(#11035,
#11036,#11037),(#11038,#11039,#11040)),.UNSPECIFIED.,.F.,.F.,.F.)
B_SPLINE_SURFACE_WITH_KNOTS((4,4),(3,3),(1.43779245541976,1.45794655622735),
(0.,1.),.PIECEWISE_BEZIER_KNOTS.)
GEOMETRIC_REPRESENTATION_ITEM()
RATIONAL_B_SPLINE_SURFACE(((1.,0.747727565899554,1.),(1.,0.746161304174876,
1.),(1.,0.744587464226883,1.),(1.,0.74300621863937,1.)))
REPRESENTATION_ITEM('')
SURFACE()
);
#81=(
BOUNDED_SURFACE()
B_SPLINE_SURFACE(3,2,((#11214,#11215,#11216),(#11217,#11218,#11219),(#11220,
#11221,#11222),(#11223,#11224,#11225),(#11226,#11227,#11228)),
 .UNSPECIFIED.,.F.,.F.,.F.)
B_SPLINE_SURFACE_WITH_KNOTS((4,1,4),(3,3),(3.14159265358979,3.92699081698724,
4.71238898038469),(0.,1.),.UNSPECIFIED.)
GEOMETRIC_REPRESENTATION_ITEM()
RATIONAL_B_SPLINE_SURFACE(((1.,0.965925826289069,1.),(1.,0.965925826219404,
1.),(1.,0.919161469505262,1.),(1.,0.7872661638169,1.),(1.,0.70710678118654,
1.)))
REPRESENTATION_ITEM('')
SURFACE()
);
#82=(
BOUNDED_SURFACE()
B_SPLINE_SURFACE(3,2,((#11234,#11235,#11236),(#11237,#11238,#11239),(#11240,
#11241,#11242),(#11243,#11244,#11245),(#11246,#11247,#11248)),
 .UNSPECIFIED.,.F.,.F.,.F.)
B_SPLINE_SURFACE_WITH_KNOTS((4,1,4),(3,3),(4.71238898038469,5.49778714378214,
6.28318530717959),(0.,1.),.UNSPECIFIED.)
GEOMETRIC_REPRESENTATION_ITEM()
RATIONAL_B_SPLINE_SURFACE(((1.,0.707106781186536,1.),(1.,0.787266163816419,
1.),(1.,0.919161469505489,1.),(1.,0.965925826219427,1.),(1.,0.965925826289068,
1.)))
REPRESENTATION_ITEM('')
SURFACE()
);
#83=(
BOUNDED_SURFACE()
B_SPLINE_SURFACE(3,2,((#11250,#11251,#11252),(#11253,#11254,#11255),(#11256,
#11257,#11258),(#11259,#11260,#11261),(#11262,#11263,#11264)),
 .UNSPECIFIED.,.F.,.F.,.F.)
B_SPLINE_SURFACE_WITH_KNOTS((4,1,4),(3,3),(4.71238898038469,5.49778714378214,
6.28318530717959),(0.,1.),.UNSPECIFIED.)
GEOMETRIC_REPRESENTATION_ITEM()
RATIONAL_B_SPLINE_SURFACE(((1.,0.707106781186535,1.),(1.,0.787266163817698,
1.),(1.,0.919161469504874,1.),(1.,0.965925826219374,1.),(1.,0.965925826289068,
1.)))
REPRESENTATION_ITEM('')
SURFACE()
);
#84=(
BOUNDED_SURFACE()
B_SPLINE_SURFACE(3,2,((#11270,#11271,#11272),(#11273,#11274,#11275),(#11276,
#11277,#11278),(#11279,#11280,#11281),(#11282,#11283,#11284)),
 .UNSPECIFIED.,.F.,.F.,.F.)
B_SPLINE_SURFACE_WITH_KNOTS((4,1,4),(3,3),(3.14159265358979,3.92699081698724,
4.71238898038469),(0.,1.),.UNSPECIFIED.)
GEOMETRIC_REPRESENTATION_ITEM()
RATIONAL_B_SPLINE_SURFACE(((1.,0.965925826289058,1.),(1.,0.965925826219539,
1.),(1.,0.919161469505609,1.),(1.,0.787266163816041,1.),(1.,0.707106781186529,
1.)))
REPRESENTATION_ITEM('')
SURFACE()
);
#85=(
BOUNDED_SURFACE()
B_SPLINE_SURFACE(3,2,((#11458,#11459,#11460),(#11461,#11462,#11463),(#11464,
#11465,#11466),(#11467,#11468,#11469),(#11470,#11471,#11472)),
 .UNSPECIFIED.,.F.,.F.,.F.)
B_SPLINE_SURFACE_WITH_KNOTS((4,1,4),(3,3),(3.14159265358979,3.92699081698724,
4.71238898038469),(0.,1.),.UNSPECIFIED.)
GEOMETRIC_REPRESENTATION_ITEM()
RATIONAL_B_SPLINE_SURFACE(((1.,0.965925826289069,1.),(1.,0.965925826219404,
1.),(1.,0.919161469505262,1.),(1.,0.7872661638169,1.),(1.,0.70710678118654,
1.)))
REPRESENTATION_ITEM('')
SURFACE()
);
#86=(
BOUNDED_SURFACE()
B_SPLINE_SURFACE(3,2,((#11478,#11479,#11480),(#11481,#11482,#11483),(#11484,
#11485,#11486),(#11487,#11488,#11489),(#11490,#11491,#11492)),
 .UNSPECIFIED.,.F.,.F.,.F.)
B_SPLINE_SURFACE_WITH_KNOTS((4,1,4),(3,3),(4.71238898038469,5.49778714378214,
6.28318530717959),(0.,1.),.UNSPECIFIED.)
GEOMETRIC_REPRESENTATION_ITEM()
RATIONAL_B_SPLINE_SURFACE(((1.,0.707106781186536,1.),(1.,0.787266163816419,
1.),(1.,0.919161469505489,1.),(1.,0.965925826219427,1.),(1.,0.965925826289068,
1.)))
REPRESENTATION_ITEM('')
SURFACE()
);
#87=(
BOUNDED_SURFACE()
B_SPLINE_SURFACE(3,2,((#11494,#11495,#11496),(#11497,#11498,#11499),(#11500,
#11501,#11502),(#11503,#11504,#11505),(#11506,#11507,#11508)),
 .UNSPECIFIED.,.F.,.F.,.F.)
B_SPLINE_SURFACE_WITH_KNOTS((4,1,4),(3,3),(4.71238898038469,5.49778714378214,
6.28318530717959),(0.,1.),.UNSPECIFIED.)
GEOMETRIC_REPRESENTATION_ITEM()
RATIONAL_B_SPLINE_SURFACE(((1.,0.707106781186535,1.),(1.,0.787266163817698,
1.),(1.,0.919161469504874,1.),(1.,0.965925826219374,1.),(1.,0.965925826289068,
1.)))
REPRESENTATION_ITEM('')
SURFACE()
);
#88=(
BOUNDED_SURFACE()
B_SPLINE_SURFACE(3,2,((#11514,#11515,#11516),(#11517,#11518,#11519),(#11520,
#11521,#11522),(#11523,#11524,#11525),(#11526,#11527,#11528)),
 .UNSPECIFIED.,.F.,.F.,.F.)
B_SPLINE_SURFACE_WITH_KNOTS((4,1,4),(3,3),(3.14159265358979,3.92699081698724,
4.71238898038469),(0.,1.),.UNSPECIFIED.)
GEOMETRIC_REPRESENTATION_ITEM()
RATIONAL_B_SPLINE_SURFACE(((1.,0.965925826289058,1.),(1.,0.965925826219539,
1.),(1.,0.919161469505609,1.),(1.,0.787266163816041,1.),(1.,0.707106781186529,
1.)))
REPRESENTATION_ITEM('')
SURFACE()
);
#89=PLANE('',#6209);
#90=PLANE('',#6211);
#91=PLANE('',#6213);
#92=PLANE('',#6214);
#93=PLANE('',#6231);
#94=PLANE('',#6237);
#95=PLANE('',#6239);
#96=PLANE('',#6243);
#97=PLANE('',#6247);
#98=PLANE('',#6251);
#99=PLANE('',#6255);
#100=PLANE('',#6259);
#101=PLANE('',#6263);
#102=PLANE('',#6267);
#103=PLANE('',#6271);
#104=PLANE('',#6275);
#105=PLANE('',#6279);
#106=PLANE('',#6283);
#107=PLANE('',#6287);
#108=PLANE('',#6291);
#109=PLANE('',#6295);
#110=PLANE('',#6299);
#111=PLANE('',#6303);
#112=PLANE('',#6307);
#113=PLANE('',#6311);
#114=PLANE('',#6315);
#115=PLANE('',#6316);
#116=PLANE('',#6317);
#117=PLANE('',#6320);
#118=PLANE('',#6321);
#119=PLANE('',#6322);
#120=PLANE('',#6325);
#121=PLANE('',#6328);
#122=PLANE('',#6329);
#123=PLANE('',#6330);
#124=PLANE('',#6333);
#125=PLANE('',#6334);
#126=PLANE('',#6335);
#127=PLANE('',#6343);
#128=PLANE('',#6368);
#129=PLANE('',#6370);
#130=PLANE('',#6371);
#131=PLANE('',#6372);
#132=PLANE('',#6384);
#133=PLANE('',#6386);
#134=PLANE('',#6390);
#135=PLANE('',#6398);
#136=PLANE('',#6402);
#137=PLANE('',#6405);
#138=PLANE('',#6407);
#139=PLANE('',#6408);
#140=PLANE('',#6409);
#141=PLANE('',#6410);
#142=PLANE('',#6413);
#143=PLANE('',#6450);
#144=PLANE('',#6469);
#145=PLANE('',#6474);
#146=PLANE('',#6476);
#147=PLANE('',#6481);
#148=PLANE('',#6482);
#149=PLANE('',#6489);
#150=PLANE('',#6493);
#151=PLANE('',#6495);
#152=PLANE('',#6496);
#153=PLANE('',#6499);
#154=PLANE('',#6502);
#155=PLANE('',#6505);
#156=PLANE('',#6506);
#157=PLANE('',#6541);
#158=PLANE('',#6542);
#159=PLANE('',#6544);
#160=PLANE('',#6546);
#161=PLANE('',#6553);
#162=PLANE('',#6561);
#163=PLANE('',#6569);
#164=PLANE('',#6577);
#165=PLANE('',#6589);
#166=PLANE('',#6592);
#167=PLANE('',#6595);
#168=PLANE('',#6598);
#169=PLANE('',#6631);
#170=PLANE('',#6634);
#171=PLANE('',#6646);
#172=PLANE('',#6648);
#173=PLANE('',#6650);
#174=PLANE('',#6652);
#175=PLANE('',#6657);
#176=PLANE('',#6661);
#177=PLANE('',#6664);
#178=PLANE('',#6669);
#179=PLANE('',#6670);
#180=PLANE('',#6671);
#181=PLANE('',#6672);
#182=PLANE('',#6673);
#183=PLANE('',#6674);
#184=PLANE('',#6675);
#185=PLANE('',#6676);
#186=PLANE('',#6677);
#187=PLANE('',#6678);
#188=PLANE('',#6679);
#189=PLANE('',#6680);
#190=PLANE('',#6681);
#191=PLANE('',#6682);
#192=PLANE('',#6683);
#193=PLANE('',#6684);
#194=PLANE('',#6685);
#195=PLANE('',#6686);
#196=PLANE('',#6688);
#197=PLANE('',#6689);
#198=PLANE('',#6695);
#199=PLANE('',#6697);
#200=PLANE('',#6698);
#201=PLANE('',#6703);
#202=PLANE('',#6705);
#203=PLANE('',#6706);
#204=PLANE('',#6711);
#205=PLANE('',#6718);
#206=PLANE('',#6719);
#207=PLANE('',#6720);
#208=PLANE('',#6722);
#209=PLANE('',#6731);
#210=PLANE('',#6734);
#211=PLANE('',#6735);
#212=PLANE('',#6737);
#213=PLANE('',#6739);
#214=PLANE('',#6761);
#215=PLANE('',#6764);
#216=PLANE('',#6766);
#217=PLANE('',#6775);
#218=PLANE('',#6776);
#219=PLANE('',#6777);
#220=PLANE('',#6778);
#221=PLANE('',#6779);
#222=PLANE('',#6788);
#223=PLANE('',#6789);
#224=PLANE('',#6793);
#225=PLANE('',#6797);
#226=PLANE('',#6809);
#227=PLANE('',#6812);
#228=PLANE('',#6850);
#229=PLANE('',#6859);
#230=PLANE('',#6860);
#231=PLANE('',#6861);
#232=PLANE('',#6862);
#233=PLANE('',#6863);
#234=PLANE('',#6872);
#235=PLANE('',#6873);
#236=PLANE('',#6877);
#237=PLANE('',#6881);
#238=PLANE('',#6893);
#239=PLANE('',#6896);
#240=LINE('',#8802,#598);
#241=LINE('',#8819,#599);
#242=LINE('',#8835,#600);
#243=LINE('',#8839,#601);
#244=LINE('',#8841,#602);
#245=LINE('',#8845,#603);
#246=LINE('',#8847,#604);
#247=LINE('',#8854,#605);
#248=LINE('',#8856,#606);
#249=LINE('',#8863,#607);
#250=LINE('',#9155,#608);
#251=LINE('',#9158,#609);
#252=LINE('',#9160,#610);
#253=LINE('',#9167,#611);
#254=LINE('',#9170,#612);
#255=LINE('',#9177,#613);
#256=LINE('',#9179,#614);
#257=LINE('',#9184,#615);
#258=LINE('',#9188,#616);
#259=LINE('',#9191,#617);
#260=LINE('',#9198,#618);
#261=LINE('',#9200,#619);
#262=LINE('',#9203,#620);
#263=LINE('',#9205,#621);
#264=LINE('',#9207,#622);
#265=LINE('',#9209,#623);
#266=LINE('',#9214,#624);
#267=LINE('',#9218,#625);
#268=LINE('',#9223,#626);
#269=LINE('',#9227,#627);
#270=LINE('',#9230,#628);
#271=LINE('',#9237,#629);
#272=LINE('',#9239,#630);
#273=LINE('',#9242,#631);
#274=LINE('',#9244,#632);
#275=LINE('',#9254,#633);
#276=LINE('',#9258,#634);
#277=LINE('',#9260,#635);
#278=LINE('',#9263,#636);
#279=LINE('',#9269,#637);
#280=LINE('',#9271,#638);
#281=LINE('',#9281,#639);
#282=LINE('',#9286,#640);
#283=LINE('',#9295,#641);
#284=LINE('',#9303,#642);
#285=LINE('',#9312,#643);
#286=LINE('',#9321,#644);
#287=LINE('',#9322,#645);
#288=LINE('',#9328,#646);
#289=LINE('',#9332,#647);
#290=LINE('',#9549,#648);
#291=LINE('',#9551,#649);
#292=LINE('',#9553,#650);
#293=LINE('',#9561,#651);
#294=LINE('',#9564,#652);
#295=LINE('',#9566,#653);
#296=LINE('',#9568,#654);
#297=LINE('',#9570,#655);
#298=LINE('',#9573,#656);
#299=LINE('',#9575,#657);
#300=LINE('',#9577,#658);
#301=LINE('',#9579,#659);
#302=LINE('',#9580,#660);
#303=LINE('',#9584,#661);
#304=LINE('',#9588,#662);
#305=LINE('',#9592,#663);
#306=LINE('',#9593,#664);
#307=LINE('',#9598,#665);
#308=LINE('',#9602,#666);
#309=LINE('',#9604,#667);
#310=LINE('',#9606,#668);
#311=LINE('',#9610,#669);
#312=LINE('',#9612,#670);
#313=LINE('',#9614,#671);
#314=LINE('',#9618,#672);
#315=LINE('',#9622,#673);
#316=LINE('',#9624,#674);
#317=LINE('',#9626,#675);
#318=LINE('',#9630,#676);
#319=LINE('',#9632,#677);
#320=LINE('',#9634,#678);
#321=LINE('',#9638,#679);
#322=LINE('',#9642,#680);
#323=LINE('',#9644,#681);
#324=LINE('',#9646,#682);
#325=LINE('',#9650,#683);
#326=LINE('',#9652,#684);
#327=LINE('',#9656,#685);
#328=LINE('',#9658,#686);
#329=LINE('',#9664,#687);
#330=LINE('',#9665,#688);
#331=LINE('',#9666,#689);
#332=LINE('',#9667,#690);
#333=LINE('',#9675,#691);
#334=LINE('',#9691,#692);
#335=LINE('',#9700,#693);
#336=LINE('',#9717,#694);
#337=LINE('',#9737,#695);
#338=LINE('',#9738,#696);
#339=LINE('',#9740,#697);
#340=LINE('',#9742,#698);
#341=LINE('',#9744,#699);
#342=LINE('',#9745,#700);
#343=LINE('',#9747,#701);
#344=LINE('',#9749,#702);
#345=LINE('',#9751,#703);
#346=LINE('',#9753,#704);
#347=LINE('',#9755,#705);
#348=LINE('',#9757,#706);
#349=LINE('',#9759,#707);
#350=LINE('',#9761,#708);
#351=LINE('',#9769,#709);
#352=LINE('',#9773,#710);
#353=LINE('',#9778,#711);
#354=LINE('',#9782,#712);
#355=LINE('',#9787,#713);
#356=LINE('',#9791,#714);
#357=LINE('',#9796,#715);
#358=LINE('',#9800,#716);
#359=LINE('',#9805,#717);
#360=LINE('',#9809,#718);
#361=LINE('',#9814,#719);
#362=LINE('',#9818,#720);
#363=LINE('',#9823,#721);
#364=LINE('',#9827,#722);
#365=LINE('',#9832,#723);
#366=LINE('',#9836,#724);
#367=LINE('',#9841,#725);
#368=LINE('',#9845,#726);
#369=LINE('',#9850,#727);
#370=LINE('',#9854,#728);
#371=LINE('',#9859,#729);
#372=LINE('',#9863,#730);
#373=LINE('',#9868,#731);
#374=LINE('',#9872,#732);
#375=LINE('',#9874,#733);
#376=LINE('',#9877,#734);
#377=LINE('',#9881,#735);
#378=LINE('',#9883,#736);
#379=LINE('',#9891,#737);
#380=LINE('',#9899,#738);
#381=LINE('',#9901,#739);
#382=LINE('',#9905,#740);
#383=LINE('',#9907,#741);
#384=LINE('',#9915,#742);
#385=LINE('',#9919,#743);
#386=LINE('',#9929,#744);
#387=LINE('',#9933,#745);
#388=LINE('',#9937,#746);
#389=LINE('',#9954,#747);
#390=LINE('',#9956,#748);
#391=LINE('',#9958,#749);
#392=LINE('',#9962,#750);
#393=LINE('',#9981,#751);
#394=LINE('',#9982,#752);
#395=LINE('',#10017,#753);
#396=LINE('',#10034,#754);
#397=LINE('',#10084,#755);
#398=LINE('',#10085,#756);
#399=LINE('',#10089,#757);
#400=LINE('',#10091,#758);
#401=LINE('',#10093,#759);
#402=LINE('',#10098,#760);
#403=LINE('',#10099,#761);
#404=LINE('',#10103,#762);
#405=LINE('',#10105,#763);
#406=LINE('',#10107,#764);
#407=LINE('',#10109,#765);
#408=LINE('',#10111,#766);
#409=LINE('',#10113,#767);
#410=LINE('',#10115,#768);
#411=LINE('',#10116,#769);
#412=LINE('',#10118,#770);
#413=LINE('',#10120,#771);
#414=LINE('',#10121,#772);
#415=LINE('',#10123,#773);
#416=LINE('',#10127,#774);
#417=LINE('',#10129,#775);
#418=LINE('',#10131,#776);
#419=LINE('',#10133,#777);
#420=LINE('',#10135,#778);
#421=LINE('',#10139,#779);
#422=LINE('',#10142,#780);
#423=LINE('',#10143,#781);
#424=LINE('',#10148,#782);
#425=LINE('',#10149,#783);
#426=LINE('',#10152,#784);
#427=LINE('',#10155,#785);
#428=LINE('',#10163,#786);
#429=LINE('',#10165,#787);
#430=LINE('',#10166,#788);
#431=LINE('',#10168,#789);
#432=LINE('',#10177,#790);
#433=LINE('',#10211,#791);
#434=LINE('',#10213,#792);
#435=LINE('',#10214,#793);
#436=LINE('',#10215,#794);
#437=LINE('',#10216,#795);
#438=LINE('',#10217,#796);
#439=LINE('',#10218,#797);
#440=LINE('',#10220,#798);
#441=LINE('',#10221,#799);
#442=LINE('',#10223,#800);
#443=LINE('',#10225,#801);
#444=LINE('',#10226,#802);
#445=LINE('',#10233,#803);
#446=LINE('',#10237,#804);
#447=LINE('',#10246,#805);
#448=LINE('',#10250,#806);
#449=LINE('',#10259,#807);
#450=LINE('',#10263,#808);
#451=LINE('',#10272,#809);
#452=LINE('',#10276,#810);
#453=LINE('',#10451,#811);
#454=LINE('',#10452,#812);
#455=LINE('',#10456,#813);
#456=LINE('',#10457,#814);
#457=LINE('',#10463,#815);
#458=LINE('',#10467,#816);
#459=LINE('',#10471,#817);
#460=LINE('',#10475,#818);
#461=LINE('',#10479,#819);
#462=LINE('',#10483,#820);
#463=LINE('',#10499,#821);
#464=LINE('',#10503,#822);
#465=LINE('',#10524,#823);
#466=LINE('',#10526,#824);
#467=LINE('',#10528,#825);
#468=LINE('',#10530,#826);
#469=LINE('',#10532,#827);
#470=LINE('',#10534,#828);
#471=LINE('',#10536,#829);
#472=LINE('',#10538,#830);
#473=LINE('',#10540,#831);
#474=LINE('',#10542,#832);
#475=LINE('',#10547,#833);
#476=LINE('',#10551,#834);
#477=LINE('',#10553,#835);
#478=LINE('',#10555,#836);
#479=LINE('',#10557,#837);
#480=LINE('',#10562,#838);
#481=LINE('',#10563,#839);
#482=LINE('',#10589,#840);
#483=LINE('',#10593,#841);
#484=LINE('',#10595,#842);
#485=LINE('',#10598,#843);
#486=LINE('',#10599,#844);
#487=LINE('',#10601,#845);
#488=LINE('',#10603,#846);
#489=LINE('',#10605,#847);
#490=LINE('',#10627,#848);
#491=LINE('',#10631,#849);
#492=LINE('',#10633,#850);
#493=LINE('',#10636,#851);
#494=LINE('',#10637,#852);
#495=LINE('',#10639,#853);
#496=LINE('',#10641,#854);
#497=LINE('',#10643,#855);
#498=LINE('',#10665,#856);
#499=LINE('',#10670,#857);
#500=LINE('',#10718,#858);
#501=LINE('',#10720,#859);
#502=LINE('',#10722,#860);
#503=LINE('',#10724,#861);
#504=LINE('',#10726,#862);
#505=LINE('',#10728,#863);
#506=LINE('',#10730,#864);
#507=LINE('',#10734,#865);
#508=LINE('',#10736,#866);
#509=LINE('',#10740,#867);
#510=LINE('',#11051,#868);
#511=LINE('',#11056,#869);
#512=LINE('',#11060,#870);
#513=LINE('',#11064,#871);
#514=LINE('',#11067,#872);
#515=LINE('',#11072,#873);
#516=LINE('',#11076,#874);
#517=LINE('',#11080,#875);
#518=LINE('',#11084,#876);
#519=LINE('',#11087,#877);
#520=LINE('',#11088,#878);
#521=LINE('',#11090,#879);
#522=LINE('',#11092,#880);
#523=LINE('',#11094,#881);
#524=LINE('',#11096,#882);
#525=LINE('',#11099,#883);
#526=LINE('',#11100,#884);
#527=LINE('',#11102,#885);
#528=LINE('',#11104,#886);
#529=LINE('',#11106,#887);
#530=LINE('',#11117,#888);
#531=LINE('',#11119,#889);
#532=LINE('',#11121,#890);
#533=LINE('',#11123,#891);
#534=LINE('',#11125,#892);
#535=LINE('',#11127,#893);
#536=LINE('',#11129,#894);
#537=LINE('',#11134,#895);
#538=LINE('',#11141,#896);
#539=LINE('',#11143,#897);
#540=LINE('',#11144,#898);
#541=LINE('',#11146,#899);
#542=LINE('',#11152,#900);
#543=LINE('',#11154,#901);
#544=LINE('',#11162,#902);
#545=LINE('',#11164,#903);
#546=LINE('',#11174,#904);
#547=LINE('',#11177,#905);
#548=LINE('',#11181,#906);
#549=LINE('',#11185,#907);
#550=LINE('',#11187,#908);
#551=LINE('',#11190,#909);
#552=LINE('',#11194,#910);
#553=LINE('',#11198,#911);
#554=LINE('',#11295,#912);
#555=LINE('',#11300,#913);
#556=LINE('',#11304,#914);
#557=LINE('',#11308,#915);
#558=LINE('',#11311,#916);
#559=LINE('',#11316,#917);
#560=LINE('',#11320,#918);
#561=LINE('',#11324,#919);
#562=LINE('',#11328,#920);
#563=LINE('',#11331,#921);
#564=LINE('',#11332,#922);
#565=LINE('',#11334,#923);
#566=LINE('',#11336,#924);
#567=LINE('',#11338,#925);
#568=LINE('',#11340,#926);
#569=LINE('',#11343,#927);
#570=LINE('',#11344,#928);
#571=LINE('',#11346,#929);
#572=LINE('',#11348,#930);
#573=LINE('',#11350,#931);
#574=LINE('',#11361,#932);
#575=LINE('',#11363,#933);
#576=LINE('',#11365,#934);
#577=LINE('',#11367,#935);
#578=LINE('',#11369,#936);
#579=LINE('',#11371,#937);
#580=LINE('',#11373,#938);
#581=LINE('',#11378,#939);
#582=LINE('',#11389,#940);
#583=LINE('',#11391,#941);
#584=LINE('',#11392,#942);
#585=LINE('',#11394,#943);
#586=LINE('',#11396,#944);
#587=LINE('',#11398,#945);
#588=LINE('',#11400,#946);
#589=LINE('',#11408,#947);
#590=LINE('',#11418,#948);
#591=LINE('',#11421,#949);
#592=LINE('',#11425,#950);
#593=LINE('',#11429,#951);
#594=LINE('',#11431,#952);
#595=LINE('',#11434,#953);
#596=LINE('',#11438,#954);
#597=LINE('',#11442,#955);
#598=VECTOR('',#6943,1.);
#599=VECTOR('',#6946,1.);
#600=VECTOR('',#6951,1.);
#601=VECTOR('',#6954,1.);
#602=VECTOR('',#6957,1.);
#603=VECTOR('',#6960,1.);
#604=VECTOR('',#6963,1.);
#605=VECTOR('',#6964,1.);
#606=VECTOR('',#6967,1.);
#607=VECTOR('',#6968,1.);
#608=VECTOR('',#7171,1.);
#609=VECTOR('',#7172,1.);
#610=VECTOR('',#7173,1.);
#611=VECTOR('',#7176,1.);
#612=VECTOR('',#7177,1.);
#613=VECTOR('',#7178,1.);
#614=VECTOR('',#7181,1.);
#615=VECTOR('',#7184,1.);
#616=VECTOR('',#7189,1.);
#617=VECTOR('',#7190,1.);
#618=VECTOR('',#7191,1.);
#619=VECTOR('',#7194,1.);
#620=VECTOR('',#7195,1.);
#621=VECTOR('',#7196,1.);
#622=VECTOR('',#7197,1.);
#623=VECTOR('',#7200,1.);
#624=VECTOR('',#7203,1.);
#625=VECTOR('',#7208,1.);
#626=VECTOR('',#7211,1.);
#627=VECTOR('',#7216,1.);
#628=VECTOR('',#7217,1.);
#629=VECTOR('',#7218,1.);
#630=VECTOR('',#7221,1.);
#631=VECTOR('',#7222,1.);
#632=VECTOR('',#7223,1.);
#633=VECTOR('',#7228,1.);
#634=VECTOR('',#7231,1.);
#635=VECTOR('',#7234,1.);
#636=VECTOR('',#7235,1.);
#637=VECTOR('',#7238,1.);
#638=VECTOR('',#7239,1.);
#639=VECTOR('',#7244,1.);
#640=VECTOR('',#7249,1.);
#641=VECTOR('',#7258,1.);
#642=VECTOR('',#7261,1.);
#643=VECTOR('',#7264,1.);
#644=VECTOR('',#7267,1.);
#645=VECTOR('',#7268,1.);
#646=VECTOR('',#7273,1.);
#647=VECTOR('',#7276,1.);
#648=VECTOR('',#7315,1.);
#649=VECTOR('',#7318,1.);
#650=VECTOR('',#7319,1.);
#651=VECTOR('',#7324,1.);
#652=VECTOR('',#7325,1.);
#653=VECTOR('',#7326,1.);
#654=VECTOR('',#7327,1.);
#655=VECTOR('',#7330,1.);
#656=VECTOR('',#7331,1.);
#657=VECTOR('',#7332,1.);
#658=VECTOR('',#7333,1.);
#659=VECTOR('',#7336,1.);
#660=VECTOR('',#7337,1.);
#661=VECTOR('',#7340,1.);
#662=VECTOR('',#7343,1.);
#663=VECTOR('',#7346,1.);
#664=VECTOR('',#7347,1.);
#665=VECTOR('',#7350,1.);
#666=VECTOR('',#7353,1.);
#667=VECTOR('',#7354,1.);
#668=VECTOR('',#7355,1.);
#669=VECTOR('',#7358,1.);
#670=VECTOR('',#7359,1.);
#671=VECTOR('',#7360,1.);
#672=VECTOR('',#7363,1.);
#673=VECTOR('',#7366,1.);
#674=VECTOR('',#7367,1.);
#675=VECTOR('',#7368,1.);
#676=VECTOR('',#7371,1.);
#677=VECTOR('',#7372,1.);
#678=VECTOR('',#7375,1.);
#679=VECTOR('',#7378,1.);
#680=VECTOR('',#7383,1.);
#681=VECTOR('',#7386,1.);
#682=VECTOR('',#7387,1.);
#683=VECTOR('',#7392,1.);
#684=VECTOR('',#7393,1.);
#685=VECTOR('',#7398,1.);
#686=VECTOR('',#7399,1.);
#687=VECTOR('',#7406,1.);
#688=VECTOR('',#7407,1.);
#689=VECTOR('',#7408,1.);
#690=VECTOR('',#7409,1.);
#691=VECTOR('',#7410,1.);
#692=VECTOR('',#7413,1.);
#693=VECTOR('',#7416,1.);
#694=VECTOR('',#7419,1.);
#695=VECTOR('',#7430,1.);
#696=VECTOR('',#7431,1.);
#697=VECTOR('',#7434,1.);
#698=VECTOR('',#7437,1.);
#699=VECTOR('',#7440,1.);
#700=VECTOR('',#7441,1.);
#701=VECTOR('',#7444,1.);
#702=VECTOR('',#7447,1.);
#703=VECTOR('',#7450,1.);
#704=VECTOR('',#7453,1.);
#705=VECTOR('',#7456,1.);
#706=VECTOR('',#7459,1.);
#707=VECTOR('',#7462,1.);
#708=VECTOR('',#7463,1.);
#709=VECTOR('',#7472,1.);
#710=VECTOR('',#7475,1.);
#711=VECTOR('',#7480,1.);
#712=VECTOR('',#7483,1.);
#713=VECTOR('',#7488,1.);
#714=VECTOR('',#7491,1.);
#715=VECTOR('',#7496,1.);
#716=VECTOR('',#7499,1.);
#717=VECTOR('',#7504,1.);
#718=VECTOR('',#7507,1.);
#719=VECTOR('',#7512,1.);
#720=VECTOR('',#7515,1.);
#721=VECTOR('',#7520,1.);
#722=VECTOR('',#7523,1.);
#723=VECTOR('',#7528,1.);
#724=VECTOR('',#7531,1.);
#725=VECTOR('',#7536,1.);
#726=VECTOR('',#7539,1.);
#727=VECTOR('',#7544,1.);
#728=VECTOR('',#7547,1.);
#729=VECTOR('',#7552,1.);
#730=VECTOR('',#7555,1.);
#731=VECTOR('',#7560,1.);
#732=VECTOR('',#7563,1.);
#733=VECTOR('',#7566,1.);
#734=VECTOR('',#7567,1.);
#735=VECTOR('',#7570,1.);
#736=VECTOR('',#7571,1.);
#737=VECTOR('',#7578,1.);
#738=VECTOR('',#7585,1.);
#739=VECTOR('',#7586,1.);
#740=VECTOR('',#7589,1.);
#741=VECTOR('',#7590,1.);
#742=VECTOR('',#7597,1.);
#743=VECTOR('',#7600,1.);
#744=VECTOR('',#7609,1.);
#745=VECTOR('',#7612,1.);
#746=VECTOR('',#7615,1.);
#747=VECTOR('',#7620,1.);
#748=VECTOR('',#7621,1.);
#749=VECTOR('',#7622,1.);
#750=VECTOR('',#7627,1.);
#751=VECTOR('',#7634,1.);
#752=VECTOR('',#7635,1.);
#753=VECTOR('',#7648,1.);
#754=VECTOR('',#7649,1.);
#755=VECTOR('',#7664,1.);
#756=VECTOR('',#7665,1.);
#757=VECTOR('',#7670,1.);
#758=VECTOR('',#7671,1.);
#759=VECTOR('',#7672,1.);
#760=VECTOR('',#7677,1.);
#761=VECTOR('',#7678,1.);
#762=VECTOR('',#7683,1.);
#763=VECTOR('',#7684,1.);
#764=VECTOR('',#7685,1.);
#765=VECTOR('',#7688,1.);
#766=VECTOR('',#7691,1.);
#767=VECTOR('',#7692,1.);
#768=VECTOR('',#7693,1.);
#769=VECTOR('',#7694,1.);
#770=VECTOR('',#7695,1.);
#771=VECTOR('',#7696,1.);
#772=VECTOR('',#7697,1.);
#773=VECTOR('',#7700,1.);
#774=VECTOR('',#7703,1.);
#775=VECTOR('',#7706,1.);
#776=VECTOR('',#7707,1.);
#777=VECTOR('',#7708,1.);
#778=VECTOR('',#7711,1.);
#779=VECTOR('',#7716,1.);
#780=VECTOR('',#7717,1.);
#781=VECTOR('',#7718,1.);
#782=VECTOR('',#7723,1.);
#783=VECTOR('',#7724,1.);
#784=VECTOR('',#7729,1.);
#785=VECTOR('',#7734,1.);
#786=VECTOR('',#7741,1.);
#787=VECTOR('',#7742,1.);
#788=VECTOR('',#7743,1.);
#789=VECTOR('',#7744,1.);
#790=VECTOR('',#7755,1.);
#791=VECTOR('',#7806,1.);
#792=VECTOR('',#7809,1.);
#793=VECTOR('',#7810,1.);
#794=VECTOR('',#7811,1.);
#795=VECTOR('',#7812,1.);
#796=VECTOR('',#7813,1.);
#797=VECTOR('',#7814,1.);
#798=VECTOR('',#7817,1.);
#799=VECTOR('',#7818,1.);
#800=VECTOR('',#7821,1.);
#801=VECTOR('',#7824,1.);
#802=VECTOR('',#7825,1.);
#803=VECTOR('',#7838,1.);
#804=VECTOR('',#7841,1.);
#805=VECTOR('',#7856,1.);
#806=VECTOR('',#7859,1.);
#807=VECTOR('',#7874,1.);
#808=VECTOR('',#7877,1.);
#809=VECTOR('',#7892,1.);
#810=VECTOR('',#7895,1.);
#811=VECTOR('',#8006,1.);
#812=VECTOR('',#8007,1.);
#813=VECTOR('',#8014,1.);
#814=VECTOR('',#8015,1.);
#815=VECTOR('',#8024,1.);
#816=VECTOR('',#8027,1.);
#817=VECTOR('',#8032,1.);
#818=VECTOR('',#8035,1.);
#819=VECTOR('',#8040,1.);
#820=VECTOR('',#8043,1.);
#821=VECTOR('',#8064,1.);
#822=VECTOR('',#8067,1.);
#823=VECTOR('',#8102,1.);
#824=VECTOR('',#8105,1.);
#825=VECTOR('',#8108,1.);
#826=VECTOR('',#8111,1.);
#827=VECTOR('',#8114,1.);
#828=VECTOR('',#8117,1.);
#829=VECTOR('',#8120,1.);
#830=VECTOR('',#8123,1.);
#831=VECTOR('',#8126,1.);
#832=VECTOR('',#8129,1.);
#833=VECTOR('',#8138,1.);
#834=VECTOR('',#8141,1.);
#835=VECTOR('',#8144,1.);
#836=VECTOR('',#8145,1.);
#837=VECTOR('',#8146,1.);
#838=VECTOR('',#8151,1.);
#839=VECTOR('',#8152,1.);
#840=VECTOR('',#8163,1.);
#841=VECTOR('',#8166,1.);
#842=VECTOR('',#8169,1.);
#843=VECTOR('',#8170,1.);
#844=VECTOR('',#8171,1.);
#845=VECTOR('',#8174,1.);
#846=VECTOR('',#8175,1.);
#847=VECTOR('',#8176,1.);
#848=VECTOR('',#8187,1.);
#849=VECTOR('',#8190,1.);
#850=VECTOR('',#8193,1.);
#851=VECTOR('',#8194,1.);
#852=VECTOR('',#8195,1.);
#853=VECTOR('',#8198,1.);
#854=VECTOR('',#8199,1.);
#855=VECTOR('',#8200,1.);
#856=VECTOR('',#8211,1.);
#857=VECTOR('',#8214,1.);
#858=VECTOR('',#8227,1.);
#859=VECTOR('',#8228,1.);
#860=VECTOR('',#8229,1.);
#861=VECTOR('',#8232,1.);
#862=VECTOR('',#8233,1.);
#863=VECTOR('',#8234,1.);
#864=VECTOR('',#8237,1.);
#865=VECTOR('',#8240,1.);
#866=VECTOR('',#8243,1.);
#867=VECTOR('',#8246,1.);
#868=VECTOR('',#8333,1.);
#869=VECTOR('',#8336,1.);
#870=VECTOR('',#8339,1.);
#871=VECTOR('',#8342,1.);
#872=VECTOR('',#8345,1.);
#873=VECTOR('',#8348,1.);
#874=VECTOR('',#8351,1.);
#875=VECTOR('',#8354,1.);
#876=VECTOR('',#8359,1.);
#877=VECTOR('',#8360,1.);
#878=VECTOR('',#8361,1.);
#879=VECTOR('',#8364,1.);
#880=VECTOR('',#8365,1.);
#881=VECTOR('',#8366,1.);
#882=VECTOR('',#8369,1.);
#883=VECTOR('',#8370,1.);
#884=VECTOR('',#8371,1.);
#885=VECTOR('',#8374,1.);
#886=VECTOR('',#8375,1.);
#887=VECTOR('',#8376,1.);
#888=VECTOR('',#8397,1.);
#889=VECTOR('',#8398,1.);
#890=VECTOR('',#8399,1.);
#891=VECTOR('',#8402,1.);
#892=VECTOR('',#8403,1.);
#893=VECTOR('',#8404,1.);
#894=VECTOR('',#8407,1.);
#895=VECTOR('',#8410,1.);
#896=VECTOR('',#8417,1.);
#897=VECTOR('',#8418,1.);
#898=VECTOR('',#8419,1.);
#899=VECTOR('',#8420,1.);
#900=VECTOR('',#8427,1.);
#901=VECTOR('',#8428,1.);
#902=VECTOR('',#8435,1.);
#903=VECTOR('',#8436,1.);
#904=VECTOR('',#8455,1.);
#905=VECTOR('',#8456,1.);
#906=VECTOR('',#8459,1.);
#907=VECTOR('',#8462,1.);
#908=VECTOR('',#8465,1.);
#909=VECTOR('',#8466,1.);
#910=VECTOR('',#8469,1.);
#911=VECTOR('',#8472,1.);
#912=VECTOR('',#8545,1.);
#913=VECTOR('',#8548,1.);
#914=VECTOR('',#8551,1.);
#915=VECTOR('',#8554,1.);
#916=VECTOR('',#8557,1.);
#917=VECTOR('',#8560,1.);
#918=VECTOR('',#8563,1.);
#919=VECTOR('',#8566,1.);
#920=VECTOR('',#8571,1.);
#921=VECTOR('',#8572,1.);
#922=VECTOR('',#8573,1.);
#923=VECTOR('',#8576,1.);
#924=VECTOR('',#8577,1.);
#925=VECTOR('',#8578,1.);
#926=VECTOR('',#8581,1.);
#927=VECTOR('',#8582,1.);
#928=VECTOR('',#8583,1.);
#929=VECTOR('',#8586,1.);
#930=VECTOR('',#8587,1.);
#931=VECTOR('',#8588,1.);
#932=VECTOR('',#8609,1.);
#933=VECTOR('',#8610,1.);
#934=VECTOR('',#8611,1.);
#935=VECTOR('',#8614,1.);
#936=VECTOR('',#8615,1.);
#937=VECTOR('',#8616,1.);
#938=VECTOR('',#8619,1.);
#939=VECTOR('',#8622,1.);
#940=VECTOR('',#8633,1.);
#941=VECTOR('',#8634,1.);
#942=VECTOR('',#8635,1.);
#943=VECTOR('',#8636,1.);
#944=VECTOR('',#8639,1.);
#945=VECTOR('',#8640,1.);
#946=VECTOR('',#8641,1.);
#947=VECTOR('',#8648,1.);
#948=VECTOR('',#8667,1.);
#949=VECTOR('',#8668,1.);
#950=VECTOR('',#8671,1.);
#951=VECTOR('',#8674,1.);
#952=VECTOR('',#8677,1.);
#953=VECTOR('',#8678,1.);
#954=VECTOR('',#8681,1.);
#955=VECTOR('',#8684,1.);
#956=CYLINDRICAL_SURFACE('',#6206,0.02395);
#957=CYLINDRICAL_SURFACE('',#6215,0.00085);
#958=CYLINDRICAL_SURFACE('',#6216,0.00085);
#959=CYLINDRICAL_SURFACE('',#6217,0.00085);
#960=CYLINDRICAL_SURFACE('',#6218,0.00085);
#961=CYLINDRICAL_SURFACE('',#6235,0.0245);
#962=CYLINDRICAL_SURFACE('',#6241,0.0003);
#963=CYLINDRICAL_SURFACE('',#6245,0.0003);
#964=CYLINDRICAL_SURFACE('',#6249,0.0003);
#965=CYLINDRICAL_SURFACE('',#6253,0.0003);
#966=CYLINDRICAL_SURFACE('',#6257,0.0003);
#967=CYLINDRICAL_SURFACE('',#6261,0.0004);
#968=CYLINDRICAL_SURFACE('',#6265,0.0004);
#969=CYLINDRICAL_SURFACE('',#6269,0.0003);
#970=CYLINDRICAL_SURFACE('',#6273,0.0003);
#971=CYLINDRICAL_SURFACE('',#6277,0.0004);
#972=CYLINDRICAL_SURFACE('',#6281,0.0004);
#973=CYLINDRICAL_SURFACE('',#6285,0.0003);
#974=CYLINDRICAL_SURFACE('',#6289,0.0003);
#975=CYLINDRICAL_SURFACE('',#6293,0.0004);
#976=CYLINDRICAL_SURFACE('',#6297,0.0005);
#977=CYLINDRICAL_SURFACE('',#6301,0.0003);
#978=CYLINDRICAL_SURFACE('',#6305,0.0004);
#979=CYLINDRICAL_SURFACE('',#6309,0.0003);
#980=CYLINDRICAL_SURFACE('',#6313,0.0004);
#981=CYLINDRICAL_SURFACE('',#6337,0.02375);
#982=CYLINDRICAL_SURFACE('',#6367,0.0005);
#983=CYLINDRICAL_SURFACE('',#6369,0.0005);
#984=CYLINDRICAL_SURFACE('',#6382,0.003);
#985=CYLINDRICAL_SURFACE('',#6388,0.02375);
#986=CYLINDRICAL_SURFACE('',#6392,0.0245);
#987=CYLINDRICAL_SURFACE('',#6401,0.001);
#988=CYLINDRICAL_SURFACE('',#6403,0.001);
#989=CYLINDRICAL_SURFACE('',#6404,0.001);
#990=CYLINDRICAL_SURFACE('',#6406,0.001);
#991=CYLINDRICAL_SURFACE('',#6411,0.003);
#992=CYLINDRICAL_SURFACE('',#6414,0.00285);
#993=CYLINDRICAL_SURFACE('',#6417,0.00285);
#994=CYLINDRICAL_SURFACE('',#6420,0.00285);
#995=CYLINDRICAL_SURFACE('',#6423,0.00285);
#996=CYLINDRICAL_SURFACE('',#6426,0.00285);
#997=CYLINDRICAL_SURFACE('',#6429,0.00285);
#998=CYLINDRICAL_SURFACE('',#6432,0.00285);
#999=CYLINDRICAL_SURFACE('',#6435,0.00285);
#1000=CYLINDRICAL_SURFACE('',#6438,0.00285);
#1001=CYLINDRICAL_SURFACE('',#6441,0.00285);
#1002=CYLINDRICAL_SURFACE('',#6444,0.00285);
#1003=CYLINDRICAL_SURFACE('',#6447,0.00285);
#1004=CYLINDRICAL_SURFACE('',#6487,0.002);
#1005=CYLINDRICAL_SURFACE('',#6491,0.002);
#1006=CYLINDRICAL_SURFACE('',#6497,0.0219495097735338);
#1007=CYLINDRICAL_SURFACE('',#6500,0.00775);
#1008=CYLINDRICAL_SURFACE('',#6503,0.0219495097735341);
#1009=CYLINDRICAL_SURFACE('',#6537,0.002);
#1010=CYLINDRICAL_SURFACE('',#6538,0.002);
#1011=CYLINDRICAL_SURFACE('',#6539,0.002);
#1012=CYLINDRICAL_SURFACE('',#6540,0.002);
#1013=CYLINDRICAL_SURFACE('',#6543,0.0219495097735338);
#1014=CYLINDRICAL_SURFACE('',#6545,0.0219495097735341);
#1015=CYLINDRICAL_SURFACE('',#6547,0.002);
#1016=CYLINDRICAL_SURFACE('',#6548,0.002);
#1017=CYLINDRICAL_SURFACE('',#6549,0.002);
#1018=CYLINDRICAL_SURFACE('',#6550,0.002);
#1019=CYLINDRICAL_SURFACE('',#6551,0.00285);
#1020=CYLINDRICAL_SURFACE('',#6559,0.00285);
#1021=CYLINDRICAL_SURFACE('',#6567,0.00285);
#1022=CYLINDRICAL_SURFACE('',#6575,0.00285);
#1023=CYLINDRICAL_SURFACE('',#6583,0.0011);
#1024=CYLINDRICAL_SURFACE('',#6585,0.0011);
#1025=CYLINDRICAL_SURFACE('',#6587,0.00095);
#1026=CYLINDRICAL_SURFACE('',#6590,0.00095);
#1027=CYLINDRICAL_SURFACE('',#6593,0.00095);
#1028=CYLINDRICAL_SURFACE('',#6596,0.00095);
#1029=CYLINDRICAL_SURFACE('',#6599,0.0004);
#1030=CYLINDRICAL_SURFACE('',#6601,0.0004);
#1031=CYLINDRICAL_SURFACE('',#6603,0.0004);
#1032=CYLINDRICAL_SURFACE('',#6605,0.0004);
#1033=CYLINDRICAL_SURFACE('',#6607,0.0004);
#1034=CYLINDRICAL_SURFACE('',#6609,0.0004);
#1035=CYLINDRICAL_SURFACE('',#6611,0.0004);
#1036=CYLINDRICAL_SURFACE('',#6613,0.0004);
#1037=CYLINDRICAL_SURFACE('',#6615,0.0004);
#1038=CYLINDRICAL_SURFACE('',#6617,0.0004);
#1039=CYLINDRICAL_SURFACE('',#6619,0.0004);
#1040=CYLINDRICAL_SURFACE('',#6621,0.0004);
#1041=CYLINDRICAL_SURFACE('',#6623,0.0004);
#1042=CYLINDRICAL_SURFACE('',#6625,0.0004);
#1043=CYLINDRICAL_SURFACE('',#6627,0.0004);
#1044=CYLINDRICAL_SURFACE('',#6629,0.0004);
#1045=CYLINDRICAL_SURFACE('',#6632,0.001);
#1046=CYLINDRICAL_SURFACE('',#6633,0.001);
#1047=CYLINDRICAL_SURFACE('',#6635,0.001);
#1048=CYLINDRICAL_SURFACE('',#6636,0.001);
#1049=CYLINDRICAL_SURFACE('',#6637,0.00365);
#1050=CYLINDRICAL_SURFACE('',#6640,0.00365);
#1051=CYLINDRICAL_SURFACE('',#6643,0.00365);
#1052=CYLINDRICAL_SURFACE('',#6654,0.00365);
#1053=CYLINDRICAL_SURFACE('',#6659,0.002);
#1054=CYLINDRICAL_SURFACE('',#6662,0.002);
#1055=CYLINDRICAL_SURFACE('',#6691,0.0012);
#1056=CYLINDRICAL_SURFACE('',#6692,0.0012);
#1057=CYLINDRICAL_SURFACE('',#6693,0.0012);
#1058=CYLINDRICAL_SURFACE('',#6694,0.0012);
#1059=CYLINDRICAL_SURFACE('',#6699,0.0005);
#1060=CYLINDRICAL_SURFACE('',#6700,0.0005);
#1061=CYLINDRICAL_SURFACE('',#6701,0.0005);
#1062=CYLINDRICAL_SURFACE('',#6702,0.0005);
#1063=CYLINDRICAL_SURFACE('',#6707,0.0005);
#1064=CYLINDRICAL_SURFACE('',#6708,0.0005);
#1065=CYLINDRICAL_SURFACE('',#6709,0.0005);
#1066=CYLINDRICAL_SURFACE('',#6710,0.0005);
#1067=CYLINDRICAL_SURFACE('',#6714,0.001);
#1068=CYLINDRICAL_SURFACE('',#6715,0.001);
#1069=CYLINDRICAL_SURFACE('',#6716,0.001);
#1070=CYLINDRICAL_SURFACE('',#6717,0.001);
#1071=CYLINDRICAL_SURFACE('',#6724,0.0018);
#1072=CYLINDRICAL_SURFACE('',#6725,0.0018);
#1073=CYLINDRICAL_SURFACE('',#6726,0.0018);
#1074=CYLINDRICAL_SURFACE('',#6727,0.0018);
#1075=CYLINDRICAL_SURFACE('',#6741,0.02395);
#1076=CYLINDRICAL_SURFACE('',#6742,0.02395);
#1077=CYLINDRICAL_SURFACE('',#6743,0.02395);
#1078=CYLINDRICAL_SURFACE('',#6744,0.02395);
#1079=CYLINDRICAL_SURFACE('',#6745,0.02395);
#1080=CYLINDRICAL_SURFACE('',#6746,0.02395);
#1081=CYLINDRICAL_SURFACE('',#6748,0.0003);
#1082=CYLINDRICAL_SURFACE('',#6752,0.0003);
#1083=CYLINDRICAL_SURFACE('',#6756,0.0003);
#1084=CYLINDRICAL_SURFACE('',#6759,0.0003);
#1085=CYLINDRICAL_SURFACE('',#6762,0.0004);
#1086=CYLINDRICAL_SURFACE('',#6784,0.001);
#1087=CYLINDRICAL_SURFACE('',#6785,0.001);
#1088=CYLINDRICAL_SURFACE('',#6786,0.001);
#1089=CYLINDRICAL_SURFACE('',#6787,0.001);
#1090=CYLINDRICAL_SURFACE('',#6790,0.0277);
#1091=CYLINDRICAL_SURFACE('',#6801,0.0009);
#1092=CYLINDRICAL_SURFACE('',#6803,0.0009);
#1093=CYLINDRICAL_SURFACE('',#6805,0.0009);
#1094=CYLINDRICAL_SURFACE('',#6807,0.0009);
#1095=CYLINDRICAL_SURFACE('',#6815,0.0015);
#1096=CYLINDRICAL_SURFACE('',#6818,0.0015);
#1097=CYLINDRICAL_SURFACE('',#6826,0.0005);
#1098=CYLINDRICAL_SURFACE('',#6831,0.0005);
#1099=CYLINDRICAL_SURFACE('',#6833,0.0005);
#1100=CYLINDRICAL_SURFACE('',#6837,0.0005);
#1101=CYLINDRICAL_SURFACE('',#6839,0.0005);
#1102=CYLINDRICAL_SURFACE('',#6844,0.0005);
#1103=CYLINDRICAL_SURFACE('',#6868,0.001);
#1104=CYLINDRICAL_SURFACE('',#6869,0.001);
#1105=CYLINDRICAL_SURFACE('',#6870,0.001);
#1106=CYLINDRICAL_SURFACE('',#6871,0.001);
#1107=CYLINDRICAL_SURFACE('',#6874,0.0277);
#1108=CYLINDRICAL_SURFACE('',#6885,0.0009);
#1109=CYLINDRICAL_SURFACE('',#6887,0.0009);
#1110=CYLINDRICAL_SURFACE('',#6889,0.0009);
#1111=CYLINDRICAL_SURFACE('',#6891,0.0009);
#1112=CYLINDRICAL_SURFACE('',#6899,0.0015);
#1113=CYLINDRICAL_SURFACE('',#6902,0.0015);
#1114=CYLINDRICAL_SURFACE('',#6910,0.0005);
#1115=CYLINDRICAL_SURFACE('',#6915,0.0005);
#1116=CYLINDRICAL_SURFACE('',#6917,0.0005);
#1117=CYLINDRICAL_SURFACE('',#6921,0.0005);
#1118=CYLINDRICAL_SURFACE('',#6923,0.0005);
#1119=CYLINDRICAL_SURFACE('',#6928,0.0005);
#1120=CIRCLE('',#6204,0.026038728642725);
#1121=CIRCLE('',#6205,0.026087602824524);
#1122=CIRCLE('',#6207,0.02395);
#1123=CIRCLE('',#6208,0.02395);
#1124=CIRCLE('',#6210,0.0255876789769457);
#1125=CIRCLE('',#6212,0.0255388047951468);
#1126=CIRCLE('',#6219,0.0005);
#1127=CIRCLE('',#6220,0.0005);
#1128=CIRCLE('',#6221,0.0005);
#1129=CIRCLE('',#6222,0.0005);
#1130=CIRCLE('',#6224,0.0005);
#1131=CIRCLE('',#6226,0.0005);
#1132=CIRCLE('',#6227,0.0005);
#1133=CIRCLE('',#6228,0.0005);
#1134=CIRCLE('',#6232,0.024);
#1135=CIRCLE('',#6234,0.0245);
#1136=CIRCLE('',#6236,0.0245);
#1137=CIRCLE('',#6240,0.0003);
#1138=CIRCLE('',#6242,0.0003);
#1139=CIRCLE('',#6244,0.0003);
#1140=CIRCLE('',#6246,0.0003);
#1141=CIRCLE('',#6248,0.0003);
#1142=CIRCLE('',#6250,0.0003);
#1143=CIRCLE('',#6252,0.0003);
#1144=CIRCLE('',#6254,0.0003);
#1145=CIRCLE('',#6256,0.0003);
#1146=CIRCLE('',#6258,0.0003);
#1147=CIRCLE('',#6260,0.0004);
#1148=CIRCLE('',#6262,0.0004);
#1149=CIRCLE('',#6264,0.0004);
#1150=CIRCLE('',#6266,0.0004);
#1151=CIRCLE('',#6268,0.0003);
#1152=CIRCLE('',#6270,0.0003);
#1153=CIRCLE('',#6272,0.0003);
#1154=CIRCLE('',#6274,0.0003);
#1155=CIRCLE('',#6276,0.0004);
#1156=CIRCLE('',#6278,0.0004);
#1157=CIRCLE('',#6280,0.0004);
#1158=CIRCLE('',#6282,0.0004);
#1159=CIRCLE('',#6284,0.0003);
#1160=CIRCLE('',#6286,0.0003);
#1161=CIRCLE('',#6288,0.0003);
#1162=CIRCLE('',#6290,0.0003);
#1163=CIRCLE('',#6292,0.0004);
#1164=CIRCLE('',#6294,0.0004);
#1165=CIRCLE('',#6296,0.0005);
#1166=CIRCLE('',#6298,0.0005);
#1167=CIRCLE('',#6300,0.0003);
#1168=CIRCLE('',#6302,0.0003);
#1169=CIRCLE('',#6304,0.0004);
#1170=CIRCLE('',#6306,0.0004);
#1171=CIRCLE('',#6308,0.0003);
#1172=CIRCLE('',#6310,0.0003);
#1173=CIRCLE('',#6312,0.0004);
#1174=CIRCLE('',#6314,0.0004);
#1175=CIRCLE('',#6318,0.02395);
#1176=CIRCLE('',#6319,0.0253274285373346);
#1177=CIRCLE('',#6323,0.02395);
#1178=CIRCLE('',#6324,0.025760302701383);
#1179=CIRCLE('',#6326,0.02395);
#1180=CIRCLE('',#6327,0.025760302701383);
#1181=CIRCLE('',#6331,0.02395);
#1182=CIRCLE('',#6332,0.025798703844225);
#1183=CIRCLE('',#6336,0.02375);
#1184=CIRCLE('',#6338,0.02375);
#1185=CIRCLE('',#6339,0.02375);
#1186=CIRCLE('',#6342,0.02375);
#1187=CIRCLE('',#6344,0.0005);
#1188=CIRCLE('',#6345,0.0005);
#1189=CIRCLE('',#6346,0.0012);
#1190=CIRCLE('',#6347,0.0012);
#1191=CIRCLE('',#6348,0.0012);
#1192=CIRCLE('',#6349,0.0012);
#1193=CIRCLE('',#6351,0.025896452207823);
#1194=CIRCLE('',#6352,0.02583640678447);
#1195=CIRCLE('',#6353,0.02583640678447);
#1196=CIRCLE('',#6354,0.025813540649414);
#1197=CIRCLE('',#6355,0.0259130345195049);
#1198=CIRCLE('',#6356,0.0257995765974714);
#1199=CIRCLE('',#6357,0.0257995765974714);
#1200=CIRCLE('',#6358,0.0257864852987752);
#1201=CIRCLE('',#6359,0.0259008159740551);
#1202=CIRCLE('',#6360,0.0259572403021842);
#1203=CIRCLE('',#6361,0.0257864852987752);
#1204=CIRCLE('',#6362,0.0259008159740551);
#1205=CIRCLE('',#6363,0.0257491899333622);
#1206=CIRCLE('',#6364,0.0257568071689627);
#1207=CIRCLE('',#6373,0.0245);
#1208=CIRCLE('',#6374,0.02375);
#1209=CIRCLE('',#6375,0.0245);
#1210=CIRCLE('',#6376,0.00365);
#1211=CIRCLE('',#6377,0.00365);
#1212=CIRCLE('',#6378,0.003);
#1213=CIRCLE('',#6379,0.00365);
#1214=CIRCLE('',#6380,0.00365);
#1215=CIRCLE('',#6381,0.003);
#1216=CIRCLE('',#6383,0.003);
#1217=CIRCLE('',#6385,0.002);
#1218=CIRCLE('',#6387,0.0245);
#1219=CIRCLE('',#6389,0.02375);
#1220=CIRCLE('',#6391,0.0245);
#1221=CIRCLE('',#6393,0.0245);
#1222=CIRCLE('',#6394,0.0245);
#1223=CIRCLE('',#6395,0.0245);
#1224=CIRCLE('',#6396,0.0245);
#1225=CIRCLE('',#6397,0.0245);
#1226=CIRCLE('',#6399,0.0249573926070279);
#1227=CIRCLE('',#6412,0.003);
#1228=CIRCLE('',#6415,0.00285);
#1229=CIRCLE('',#6416,0.00285);
#1230=CIRCLE('',#6418,0.00285);
#1231=CIRCLE('',#6419,0.00285);
#1232=CIRCLE('',#6421,0.00285);
#1233=CIRCLE('',#6422,0.00285);
#1234=CIRCLE('',#6424,0.00285);
#1235=CIRCLE('',#6425,0.00285);
#1236=CIRCLE('',#6427,0.00285);
#1237=CIRCLE('',#6428,0.00285);
#1238=CIRCLE('',#6430,0.00285);
#1239=CIRCLE('',#6431,0.00285);
#1240=CIRCLE('',#6433,0.00285);
#1241=CIRCLE('',#6434,0.00285);
#1242=CIRCLE('',#6436,0.00285);
#1243=CIRCLE('',#6437,0.00285);
#1244=CIRCLE('',#6439,0.00285);
#1245=CIRCLE('',#6440,0.00285);
#1246=CIRCLE('',#6442,0.00285);
#1247=CIRCLE('',#6443,0.00285);
#1248=CIRCLE('',#6445,0.00285);
#1249=CIRCLE('',#6446,0.00285);
#1250=CIRCLE('',#6448,0.00285);
#1251=CIRCLE('',#6449,0.00285);
#1252=CIRCLE('',#6451,0.002);
#1253=CIRCLE('',#6452,0.002);
#1254=CIRCLE('',#6453,0.0219495097735341);
#1255=CIRCLE('',#6454,0.002);
#1256=CIRCLE('',#6455,0.002);
#1257=CIRCLE('',#6456,0.0219495097735341);
#1258=CIRCLE('',#6457,0.002);
#1259=CIRCLE('',#6458,0.002);
#1260=CIRCLE('',#6459,0.002);
#1261=CIRCLE('',#6460,0.0219495097735338);
#1262=CIRCLE('',#6461,0.002);
#1263=CIRCLE('',#6462,0.00775);
#1264=CIRCLE('',#6463,0.002);
#1265=CIRCLE('',#6464,0.0219495097735338);
#1266=CIRCLE('',#6465,0.002);
#1267=CIRCLE('',#6466,0.0236495097735338);
#1268=CIRCLE('',#6467,0.0236495097735338);
#1269=CIRCLE('',#6468,0.00637426406871193);
#1270=CIRCLE('',#6472,0.00616213203435596);
#1271=CIRCLE('',#6473,0.00545);
#1272=CIRCLE('',#6477,0.0004);
#1273=CIRCLE('',#6478,0.0003);
#1274=CIRCLE('',#6479,0.0239966737531989);
#1275=CIRCLE('',#6483,0.0252303965279336);
#1276=CIRCLE('',#6485,0.0257470772849201);
#1277=CIRCLE('',#6488,0.002);
#1278=CIRCLE('',#6490,0.0011);
#1279=CIRCLE('',#6492,0.002);
#1280=CIRCLE('',#6494,0.0011);
#1281=CIRCLE('',#6498,0.0219495097735338);
#1282=CIRCLE('',#6501,0.00775);
#1283=CIRCLE('',#6504,0.0219495097735341);
#1284=CIRCLE('',#6507,0.002);
#1285=CIRCLE('',#6508,0.002);
#1286=CIRCLE('',#6509,0.002);
#1287=CIRCLE('',#6510,0.0219495097735338);
#1288=CIRCLE('',#6511,0.002);
#1289=CIRCLE('',#6512,0.002);
#1290=CIRCLE('',#6513,0.0219495097735341);
#1291=CIRCLE('',#6514,0.002);
#1292=CIRCLE('',#6515,0.002);
#1293=CIRCLE('',#6516,0.002);
#1294=CIRCLE('',#6517,0.00285);
#1295=CIRCLE('',#6518,0.00285);
#1296=CIRCLE('',#6519,0.00285);
#1297=CIRCLE('',#6520,0.00285);
#1298=CIRCLE('',#6521,0.00285);
#1299=CIRCLE('',#6522,0.00285);
#1300=CIRCLE('',#6523,0.00285);
#1301=CIRCLE('',#6524,0.00285);
#1302=CIRCLE('',#6525,0.00285);
#1303=CIRCLE('',#6526,0.00285);
#1304=CIRCLE('',#6527,0.00285);
#1305=CIRCLE('',#6528,0.00285);
#1306=CIRCLE('',#6529,0.00285);
#1307=CIRCLE('',#6530,0.00285);
#1308=CIRCLE('',#6531,0.00285);
#1309=CIRCLE('',#6532,0.00285);
#1310=CIRCLE('',#6533,0.00285);
#1311=CIRCLE('',#6534,0.00285);
#1312=CIRCLE('',#6535,0.00285);
#1313=CIRCLE('',#6536,0.00285);
#1314=CIRCLE('',#6552,0.00285);
#1315=CIRCLE('',#6554,0.0004);
#1316=CIRCLE('',#6555,0.0004);
#1317=CIRCLE('',#6556,0.0004);
#1318=CIRCLE('',#6557,0.0004);
#1319=CIRCLE('',#6558,0.00095);
#1320=CIRCLE('',#6560,0.00285);
#1321=CIRCLE('',#6562,0.0004);
#1322=CIRCLE('',#6563,0.0004);
#1323=CIRCLE('',#6564,0.0004);
#1324=CIRCLE('',#6565,0.0004);
#1325=CIRCLE('',#6566,0.00095);
#1326=CIRCLE('',#6568,0.00285);
#1327=CIRCLE('',#6570,0.0004);
#1328=CIRCLE('',#6571,0.0004);
#1329=CIRCLE('',#6572,0.0004);
#1330=CIRCLE('',#6573,0.0004);
#1331=CIRCLE('',#6574,0.00095);
#1332=CIRCLE('',#6576,0.00285);
#1333=CIRCLE('',#6578,0.0004);
#1334=CIRCLE('',#6579,0.0004);
#1335=CIRCLE('',#6580,0.0004);
#1336=CIRCLE('',#6581,0.0004);
#1337=CIRCLE('',#6582,0.00095);
#1338=CIRCLE('',#6584,0.0011);
#1339=CIRCLE('',#6586,0.0011);
#1340=CIRCLE('',#6588,0.00095);
#1341=CIRCLE('',#6591,0.00095);
#1342=CIRCLE('',#6594,0.00095);
#1343=CIRCLE('',#6597,0.00095);
#1344=CIRCLE('',#6638,0.00365);
#1345=CIRCLE('',#6639,0.00365);
#1346=CIRCLE('',#6641,0.00365);
#1347=CIRCLE('',#6642,0.00365);
#1348=CIRCLE('',#6644,0.00365);
#1349=CIRCLE('',#6645,0.00365);
#1350=CIRCLE('',#6647,0.002);
#1351=CIRCLE('',#6649,0.00315);
#1352=CIRCLE('',#6651,0.00315);
#1353=CIRCLE('',#6653,0.00315);
#1354=CIRCLE('',#6655,0.00365);
#1355=CIRCLE('',#6656,0.00365);
#1356=CIRCLE('',#6658,0.00315);
#1357=CIRCLE('',#6660,0.002);
#1358=CIRCLE('',#6663,0.002);
#1359=CIRCLE('',#6687,0.02395);
#1360=CIRCLE('',#6690,0.02395);
#1361=CIRCLE('',#6696,0.02395);
#1362=CIRCLE('',#6704,0.02395);
#1363=CIRCLE('',#6712,0.02395);
#1364=CIRCLE('',#6713,0.0253989943035403);
#1365=CIRCLE('',#6721,0.0257977161713733);
#1366=CIRCLE('',#6723,0.0257139988815369);
#1367=CIRCLE('',#6729,0.0254051896600551);
#1368=CIRCLE('',#6730,0.0253214723702187);
#1369=CIRCLE('',#6736,0.02395);
#1370=CIRCLE('',#6738,0.02395);
#1371=CIRCLE('',#6740,0.02395);
#1372=CIRCLE('',#6747,0.0003);
#1373=CIRCLE('',#6749,0.0003);
#1374=CIRCLE('',#6750,0.0003);
#1375=CIRCLE('',#6751,0.0003);
#1376=CIRCLE('',#6753,0.0003);
#1377=CIRCLE('',#6755,0.0003);
#1378=CIRCLE('',#6757,0.0003);
#1379=CIRCLE('',#6758,0.0003);
#1380=CIRCLE('',#6760,0.0003);
#1381=CIRCLE('',#6763,0.0004);
#1382=CIRCLE('',#6767,0.0009);
#1383=CIRCLE('',#6768,0.0009);
#1384=CIRCLE('',#6769,0.0009);
#1385=CIRCLE('',#6770,0.0009);
#1386=CIRCLE('',#6771,0.001);
#1387=CIRCLE('',#6772,0.001);
#1388=CIRCLE('',#6773,0.001);
#1389=CIRCLE('',#6774,0.001);
#1390=CIRCLE('',#6780,0.001);
#1391=CIRCLE('',#6781,0.001);
#1392=CIRCLE('',#6782,0.001);
#1393=CIRCLE('',#6783,0.001);
#1394=CIRCLE('',#6791,0.0277);
#1395=CIRCLE('',#6792,0.0277);
#1396=CIRCLE('',#6794,0.001);
#1397=CIRCLE('',#6795,0.001);
#1398=CIRCLE('',#6796,0.0272);
#1399=CIRCLE('',#6798,0.001);
#1400=CIRCLE('',#6799,0.0272);
#1401=CIRCLE('',#6800,0.001);
#1402=CIRCLE('',#6816,0.0015);
#1403=CIRCLE('',#6817,0.0015);
#1404=CIRCLE('',#6819,0.0015);
#1405=CIRCLE('',#6820,0.0015);
#1406=CIRCLE('',#6822,0.0005);
#1407=CIRCLE('',#6823,0.0005);
#1408=CIRCLE('',#6825,0.0005);
#1409=CIRCLE('',#6827,0.0005);
#1410=CIRCLE('',#6829,0.0005);
#1411=CIRCLE('',#6830,0.0005);
#1412=CIRCLE('',#6832,0.0005);
#1413=CIRCLE('',#6834,0.0005);
#1414=CIRCLE('',#6835,0.0005);
#1415=CIRCLE('',#6836,0.0005);
#1416=CIRCLE('',#6838,0.0005);
#1417=CIRCLE('',#6840,0.0005);
#1418=CIRCLE('',#6841,0.0005);
#1419=CIRCLE('',#6843,0.0005);
#1420=CIRCLE('',#6845,0.0005);
#1421=CIRCLE('',#6847,0.0005);
#1422=CIRCLE('',#6851,0.0009);
#1423=CIRCLE('',#6852,0.0009);
#1424=CIRCLE('',#6853,0.0009);
#1425=CIRCLE('',#6854,0.0009);
#1426=CIRCLE('',#6855,0.001);
#1427=CIRCLE('',#6856,0.001);
#1428=CIRCLE('',#6857,0.001);
#1429=CIRCLE('',#6858,0.001);
#1430=CIRCLE('',#6864,0.001);
#1431=CIRCLE('',#6865,0.001);
#1432=CIRCLE('',#6866,0.001);
#1433=CIRCLE('',#6867,0.001);
#1434=CIRCLE('',#6875,0.0277);
#1435=CIRCLE('',#6876,0.0277);
#1436=CIRCLE('',#6878,0.001);
#1437=CIRCLE('',#6879,0.0272);
#1438=CIRCLE('',#6880,0.001);
#1439=CIRCLE('',#6882,0.001);
#1440=CIRCLE('',#6883,0.0272);
#1441=CIRCLE('',#6884,0.001);
#1442=CIRCLE('',#6900,0.0015);
#1443=CIRCLE('',#6901,0.0015);
#1444=CIRCLE('',#6903,0.0015);
#1445=CIRCLE('',#6904,0.0015);
#1446=CIRCLE('',#6906,0.0005);
#1447=CIRCLE('',#6907,0.0005);
#1448=CIRCLE('',#6909,0.0005);
#1449=CIRCLE('',#6911,0.0005);
#1450=CIRCLE('',#6913,0.0005);
#1451=CIRCLE('',#6914,0.0005);
#1452=CIRCLE('',#6916,0.0005);
#1453=CIRCLE('',#6918,0.0005);
#1454=CIRCLE('',#6919,0.0005);
#1455=CIRCLE('',#6920,0.0005);
#1456=CIRCLE('',#6922,0.0005);
#1457=CIRCLE('',#6924,0.0005);
#1458=CIRCLE('',#6925,0.0005);
#1459=CIRCLE('',#6927,0.0005);
#1460=CIRCLE('',#6929,0.0005);
#1461=CIRCLE('',#6931,0.0005);
#1462=ORIENTED_EDGE('',*,*,#3190,.T.);
#1463=ORIENTED_EDGE('',*,*,#3191,.T.);
#1464=ORIENTED_EDGE('',*,*,#3192,.T.);
#1465=ORIENTED_EDGE('',*,*,#3193,.T.);
#1466=ORIENTED_EDGE('',*,*,#3194,.T.);
#1467=ORIENTED_EDGE('',*,*,#3195,.T.);
#1468=ORIENTED_EDGE('',*,*,#3196,.T.);
#1469=ORIENTED_EDGE('',*,*,#3197,.T.);
#1470=ORIENTED_EDGE('',*,*,#3198,.T.);
#1471=ORIENTED_EDGE('',*,*,#3199,.T.);
#1472=ORIENTED_EDGE('',*,*,#3200,.T.);
#1473=ORIENTED_EDGE('',*,*,#3201,.T.);
#1474=ORIENTED_EDGE('',*,*,#3202,.T.);
#1475=ORIENTED_EDGE('',*,*,#3203,.F.);
#1476=ORIENTED_EDGE('',*,*,#3204,.T.);
#1477=ORIENTED_EDGE('',*,*,#3205,.F.);
#1478=ORIENTED_EDGE('',*,*,#3206,.T.);
#1479=ORIENTED_EDGE('',*,*,#3207,.T.);
#1480=ORIENTED_EDGE('',*,*,#3208,.T.);
#1481=ORIENTED_EDGE('',*,*,#3209,.T.);
#1482=ORIENTED_EDGE('',*,*,#3205,.T.);
#1483=ORIENTED_EDGE('',*,*,#3210,.T.);
#1484=ORIENTED_EDGE('',*,*,#3211,.T.);
#1485=ORIENTED_EDGE('',*,*,#3212,.T.);
#1486=ORIENTED_EDGE('',*,*,#3201,.F.);
#1487=ORIENTED_EDGE('',*,*,#3213,.T.);
#1488=ORIENTED_EDGE('',*,*,#3214,.T.);
#1489=ORIENTED_EDGE('',*,*,#3215,.T.);
#1490=ORIENTED_EDGE('',*,*,#3203,.T.);
#1491=ORIENTED_EDGE('',*,*,#3216,.T.);
#1492=ORIENTED_EDGE('',*,*,#3217,.T.);
#1493=ORIENTED_EDGE('',*,*,#3218,.T.);
#1494=ORIENTED_EDGE('',*,*,#3199,.F.);
#1495=ORIENTED_EDGE('',*,*,#3218,.F.);
#1496=ORIENTED_EDGE('',*,*,#3219,.T.);
#1497=ORIENTED_EDGE('',*,*,#3210,.F.);
#1498=ORIENTED_EDGE('',*,*,#3200,.F.);
#1499=ORIENTED_EDGE('',*,*,#3212,.F.);
#1500=ORIENTED_EDGE('',*,*,#3220,.T.);
#1501=ORIENTED_EDGE('',*,*,#3213,.F.);
#1502=ORIENTED_EDGE('',*,*,#3202,.F.);
#1503=ORIENTED_EDGE('',*,*,#3215,.F.);
#1504=ORIENTED_EDGE('',*,*,#3221,.T.);
#1505=ORIENTED_EDGE('',*,*,#3207,.F.);
#1506=ORIENTED_EDGE('',*,*,#3204,.F.);
#1507=ORIENTED_EDGE('',*,*,#3209,.F.);
#1508=ORIENTED_EDGE('',*,*,#3222,.T.);
#1509=ORIENTED_EDGE('',*,*,#3216,.F.);
#1510=ORIENTED_EDGE('',*,*,#3206,.F.);
#1511=ORIENTED_EDGE('',*,*,#3223,.F.);
#1512=ORIENTED_EDGE('',*,*,#3196,.F.);
#1513=ORIENTED_EDGE('',*,*,#3224,.F.);
#1514=ORIENTED_EDGE('',*,*,#3217,.F.);
#1515=ORIENTED_EDGE('',*,*,#3224,.T.);
#1516=ORIENTED_EDGE('',*,*,#3195,.F.);
#1517=ORIENTED_EDGE('',*,*,#3225,.F.);
#1518=ORIENTED_EDGE('',*,*,#3219,.F.);
#1519=ORIENTED_EDGE('',*,*,#3223,.T.);
#1520=ORIENTED_EDGE('',*,*,#3222,.F.);
#1521=ORIENTED_EDGE('',*,*,#3226,.F.);
#1522=ORIENTED_EDGE('',*,*,#3197,.F.);
#1523=ORIENTED_EDGE('',*,*,#3225,.T.);
#1524=ORIENTED_EDGE('',*,*,#3194,.F.);
#1525=ORIENTED_EDGE('',*,*,#3227,.F.);
#1526=ORIENTED_EDGE('',*,*,#3211,.F.);
#1527=ORIENTED_EDGE('',*,*,#3226,.T.);
#1528=ORIENTED_EDGE('',*,*,#3208,.F.);
#1529=ORIENTED_EDGE('',*,*,#3228,.F.);
#1530=ORIENTED_EDGE('',*,*,#3198,.F.);
#1531=ORIENTED_EDGE('',*,*,#3227,.T.);
#1532=ORIENTED_EDGE('',*,*,#3193,.F.);
#1533=ORIENTED_EDGE('',*,*,#3229,.F.);
#1534=ORIENTED_EDGE('',*,*,#3220,.F.);
#1535=ORIENTED_EDGE('',*,*,#3228,.T.);
#1536=ORIENTED_EDGE('',*,*,#3221,.F.);
#1537=ORIENTED_EDGE('',*,*,#3230,.F.);
#1538=ORIENTED_EDGE('',*,*,#3191,.F.);
#1539=ORIENTED_EDGE('',*,*,#3229,.T.);
#1540=ORIENTED_EDGE('',*,*,#3192,.F.);
#1541=ORIENTED_EDGE('',*,*,#3230,.T.);
#1542=ORIENTED_EDGE('',*,*,#3214,.F.);
#1543=ORIENTED_EDGE('',*,*,#3231,.T.);
#1544=ORIENTED_EDGE('',*,*,#3190,.F.);
#1545=ORIENTED_EDGE('',*,*,#3231,.F.);
#1546=ORIENTED_EDGE('',*,*,#3232,.T.);
#1547=ORIENTED_EDGE('',*,*,#3233,.F.);
#1548=ORIENTED_EDGE('',*,*,#3232,.F.);
#1549=ORIENTED_EDGE('',*,*,#3234,.T.);
#1550=ORIENTED_EDGE('',*,*,#3233,.T.);
#1551=ORIENTED_EDGE('',*,*,#3234,.F.);
#1552=ORIENTED_EDGE('',*,*,#3235,.T.);
#1553=ORIENTED_EDGE('',*,*,#3235,.F.);
#1554=ORIENTED_EDGE('',*,*,#3236,.T.);
#1555=ORIENTED_EDGE('',*,*,#3237,.T.);
#1556=ORIENTED_EDGE('',*,*,#3237,.F.);
#1557=ORIENTED_EDGE('',*,*,#3238,.T.);
#1558=ORIENTED_EDGE('',*,*,#3239,.T.);
#1559=ORIENTED_EDGE('',*,*,#3239,.F.);
#1560=ORIENTED_EDGE('',*,*,#3240,.T.);
#1561=ORIENTED_EDGE('',*,*,#3241,.T.);
#1562=ORIENTED_EDGE('',*,*,#3241,.F.);
#1563=ORIENTED_EDGE('',*,*,#3242,.T.);
#1564=ORIENTED_EDGE('',*,*,#3243,.T.);
#1565=ORIENTED_EDGE('',*,*,#3243,.F.);
#1566=ORIENTED_EDGE('',*,*,#3244,.T.);
#1567=ORIENTED_EDGE('',*,*,#3245,.T.);
#1568=ORIENTED_EDGE('',*,*,#3245,.F.);
#1569=ORIENTED_EDGE('',*,*,#3246,.T.);
#1570=ORIENTED_EDGE('',*,*,#3247,.T.);
#1571=ORIENTED_EDGE('',*,*,#3247,.F.);
#1572=ORIENTED_EDGE('',*,*,#3248,.T.);
#1573=ORIENTED_EDGE('',*,*,#3249,.T.);
#1574=ORIENTED_EDGE('',*,*,#3249,.F.);
#1575=ORIENTED_EDGE('',*,*,#3250,.T.);
#1576=ORIENTED_EDGE('',*,*,#3251,.T.);
#1577=ORIENTED_EDGE('',*,*,#3251,.F.);
#1578=ORIENTED_EDGE('',*,*,#3252,.T.);
#1579=ORIENTED_EDGE('',*,*,#3253,.T.);
#1580=ORIENTED_EDGE('',*,*,#3253,.F.);
#1581=ORIENTED_EDGE('',*,*,#3254,.T.);
#1582=ORIENTED_EDGE('',*,*,#3255,.T.);
#1583=ORIENTED_EDGE('',*,*,#3255,.F.);
#1584=ORIENTED_EDGE('',*,*,#3256,.T.);
#1585=ORIENTED_EDGE('',*,*,#3257,.T.);
#1586=ORIENTED_EDGE('',*,*,#3257,.F.);
#1587=ORIENTED_EDGE('',*,*,#3258,.T.);
#1588=ORIENTED_EDGE('',*,*,#3259,.T.);
#1589=ORIENTED_EDGE('',*,*,#3259,.F.);
#1590=ORIENTED_EDGE('',*,*,#3260,.T.);
#1591=ORIENTED_EDGE('',*,*,#3261,.T.);
#1592=ORIENTED_EDGE('',*,*,#3261,.F.);
#1593=ORIENTED_EDGE('',*,*,#3262,.T.);
#1594=ORIENTED_EDGE('',*,*,#3263,.T.);
#1595=ORIENTED_EDGE('',*,*,#3263,.F.);
#1596=ORIENTED_EDGE('',*,*,#3264,.T.);
#1597=ORIENTED_EDGE('',*,*,#3265,.T.);
#1598=ORIENTED_EDGE('',*,*,#3265,.F.);
#1599=ORIENTED_EDGE('',*,*,#3266,.T.);
#1600=ORIENTED_EDGE('',*,*,#3267,.T.);
#1601=ORIENTED_EDGE('',*,*,#3267,.F.);
#1602=ORIENTED_EDGE('',*,*,#3268,.T.);
#1603=ORIENTED_EDGE('',*,*,#3269,.T.);
#1604=ORIENTED_EDGE('',*,*,#3269,.F.);
#1605=ORIENTED_EDGE('',*,*,#3270,.T.);
#1606=ORIENTED_EDGE('',*,*,#3271,.T.);
#1607=ORIENTED_EDGE('',*,*,#3271,.F.);
#1608=ORIENTED_EDGE('',*,*,#3272,.T.);
#1609=ORIENTED_EDGE('',*,*,#3273,.F.);
#1610=ORIENTED_EDGE('',*,*,#3274,.T.);
#1611=ORIENTED_EDGE('',*,*,#3275,.F.);
#1612=ORIENTED_EDGE('',*,*,#3276,.F.);
#1613=ORIENTED_EDGE('',*,*,#3277,.F.);
#1614=ORIENTED_EDGE('',*,*,#3278,.F.);
#1615=ORIENTED_EDGE('',*,*,#3279,.T.);
#1616=ORIENTED_EDGE('',*,*,#3280,.F.);
#1617=ORIENTED_EDGE('',*,*,#3281,.F.);
#1618=ORIENTED_EDGE('',*,*,#3282,.T.);
#1619=ORIENTED_EDGE('',*,*,#3283,.F.);
#1620=ORIENTED_EDGE('',*,*,#3284,.F.);
#1621=ORIENTED_EDGE('',*,*,#3285,.F.);
#1622=ORIENTED_EDGE('',*,*,#3286,.F.);
#1623=ORIENTED_EDGE('',*,*,#3287,.F.);
#1624=ORIENTED_EDGE('',*,*,#3288,.T.);
#1625=ORIENTED_EDGE('',*,*,#3289,.T.);
#1626=ORIENTED_EDGE('',*,*,#3290,.T.);
#1627=ORIENTED_EDGE('',*,*,#3291,.T.);
#1628=ORIENTED_EDGE('',*,*,#3292,.F.);
#1629=ORIENTED_EDGE('',*,*,#3293,.F.);
#1630=ORIENTED_EDGE('',*,*,#3294,.T.);
#1631=ORIENTED_EDGE('',*,*,#3295,.F.);
#1632=ORIENTED_EDGE('',*,*,#3296,.T.);
#1633=ORIENTED_EDGE('',*,*,#3297,.T.);
#1634=ORIENTED_EDGE('',*,*,#3298,.T.);
#1635=ORIENTED_EDGE('',*,*,#3299,.T.);
#1636=ORIENTED_EDGE('',*,*,#3300,.T.);
#1637=ORIENTED_EDGE('',*,*,#3301,.F.);
#1638=ORIENTED_EDGE('',*,*,#3302,.F.);
#1639=ORIENTED_EDGE('',*,*,#3303,.F.);
#1640=ORIENTED_EDGE('',*,*,#3304,.F.);
#1641=ORIENTED_EDGE('',*,*,#3305,.F.);
#1642=ORIENTED_EDGE('',*,*,#3306,.T.);
#1643=ORIENTED_EDGE('',*,*,#3307,.T.);
#1644=ORIENTED_EDGE('',*,*,#3308,.T.);
#1645=ORIENTED_EDGE('',*,*,#3309,.F.);
#1646=ORIENTED_EDGE('',*,*,#3310,.T.);
#1647=ORIENTED_EDGE('',*,*,#3311,.T.);
#1648=ORIENTED_EDGE('',*,*,#3312,.F.);
#1649=ORIENTED_EDGE('',*,*,#3313,.F.);
#1650=ORIENTED_EDGE('',*,*,#3314,.T.);
#1651=ORIENTED_EDGE('',*,*,#3312,.T.);
#1652=ORIENTED_EDGE('',*,*,#3315,.T.);
#1653=ORIENTED_EDGE('',*,*,#3316,.F.);
#1654=ORIENTED_EDGE('',*,*,#3317,.T.);
#1655=ORIENTED_EDGE('',*,*,#3318,.F.);
#1656=ORIENTED_EDGE('',*,*,#3310,.F.);
#1657=ORIENTED_EDGE('',*,*,#3319,.T.);
#1658=ORIENTED_EDGE('',*,*,#3320,.F.);
#1659=ORIENTED_EDGE('',*,*,#3321,.T.);
#1660=ORIENTED_EDGE('',*,*,#3322,.F.);
#1661=ORIENTED_EDGE('',*,*,#3323,.T.);
#1662=ORIENTED_EDGE('',*,*,#3324,.F.);
#1663=ORIENTED_EDGE('',*,*,#3319,.F.);
#1664=ORIENTED_EDGE('',*,*,#3325,.F.);
#1665=ORIENTED_EDGE('',*,*,#3326,.T.);
#1666=ORIENTED_EDGE('',*,*,#3327,.T.);
#1667=ORIENTED_EDGE('',*,*,#3328,.T.);
#1668=ORIENTED_EDGE('',*,*,#3329,.T.);
#1669=ORIENTED_EDGE('',*,*,#3330,.T.);
#1670=ORIENTED_EDGE('',*,*,#3331,.F.);
#1671=ORIENTED_EDGE('',*,*,#3332,.F.);
#1672=ORIENTED_EDGE('',*,*,#3333,.F.);
#1673=ORIENTED_EDGE('',*,*,#3334,.T.);
#1674=ORIENTED_EDGE('',*,*,#3335,.F.);
#1675=ORIENTED_EDGE('',*,*,#3336,.F.);
#1676=ORIENTED_EDGE('',*,*,#3337,.T.);
#1677=ORIENTED_EDGE('',*,*,#3292,.T.);
#1678=ORIENTED_EDGE('',*,*,#3338,.T.);
#1679=ORIENTED_EDGE('',*,*,#3339,.T.);
#1680=ORIENTED_EDGE('',*,*,#3340,.T.);
#1681=ORIENTED_EDGE('',*,*,#3341,.F.);
#1682=ORIENTED_EDGE('',*,*,#3342,.T.);
#1683=ORIENTED_EDGE('',*,*,#3343,.T.);
#1684=ORIENTED_EDGE('',*,*,#3303,.T.);
#1685=ORIENTED_EDGE('',*,*,#3344,.T.);
#1686=ORIENTED_EDGE('',*,*,#3315,.F.);
#1687=ORIENTED_EDGE('',*,*,#3311,.F.);
#1688=ORIENTED_EDGE('',*,*,#3318,.T.);
#1689=ORIENTED_EDGE('',*,*,#3345,.F.);
#1690=ORIENTED_EDGE('',*,*,#3308,.F.);
#1691=ORIENTED_EDGE('',*,*,#3346,.F.);
#1692=ORIENTED_EDGE('',*,*,#3347,.T.);
#1693=ORIENTED_EDGE('',*,*,#3348,.F.);
#1694=ORIENTED_EDGE('',*,*,#3349,.T.);
#1695=ORIENTED_EDGE('',*,*,#3350,.T.);
#1696=ORIENTED_EDGE('',*,*,#3351,.T.);
#1697=ORIENTED_EDGE('',*,*,#3352,.T.);
#1698=ORIENTED_EDGE('',*,*,#3353,.T.);
#1699=ORIENTED_EDGE('',*,*,#3300,.F.);
#1700=ORIENTED_EDGE('',*,*,#3354,.T.);
#1701=ORIENTED_EDGE('',*,*,#3355,.T.);
#1702=ORIENTED_EDGE('',*,*,#3356,.T.);
#1703=ORIENTED_EDGE('',*,*,#3357,.T.);
#1704=ORIENTED_EDGE('',*,*,#3358,.T.);
#1705=ORIENTED_EDGE('',*,*,#3359,.F.);
#1706=ORIENTED_EDGE('',*,*,#3360,.T.);
#1707=ORIENTED_EDGE('',*,*,#3361,.T.);
#1708=ORIENTED_EDGE('',*,*,#3362,.T.);
#1709=ORIENTED_EDGE('',*,*,#3296,.F.);
#1710=ORIENTED_EDGE('',*,*,#3363,.T.);
#1711=ORIENTED_EDGE('',*,*,#3364,.F.);
#1712=ORIENTED_EDGE('',*,*,#3365,.T.);
#1713=ORIENTED_EDGE('',*,*,#3366,.T.);
#1714=ORIENTED_EDGE('',*,*,#3367,.T.);
#1715=ORIENTED_EDGE('',*,*,#3368,.T.);
#1716=ORIENTED_EDGE('',*,*,#3369,.T.);
#1717=ORIENTED_EDGE('',*,*,#3370,.F.);
#1718=ORIENTED_EDGE('',*,*,#3371,.T.);
#1719=ORIENTED_EDGE('',*,*,#3372,.F.);
#1720=ORIENTED_EDGE('',*,*,#3373,.T.);
#1721=ORIENTED_EDGE('',*,*,#3374,.T.);
#1722=ORIENTED_EDGE('',*,*,#3375,.T.);
#1723=ORIENTED_EDGE('',*,*,#3376,.T.);
#1724=ORIENTED_EDGE('',*,*,#3377,.F.);
#1725=ORIENTED_EDGE('',*,*,#3378,.T.);
#1726=ORIENTED_EDGE('',*,*,#3379,.F.);
#1727=ORIENTED_EDGE('',*,*,#3380,.T.);
#1728=ORIENTED_EDGE('',*,*,#3381,.T.);
#1729=ORIENTED_EDGE('',*,*,#3382,.T.);
#1730=ORIENTED_EDGE('',*,*,#3383,.T.);
#1731=ORIENTED_EDGE('',*,*,#3384,.T.);
#1732=ORIENTED_EDGE('',*,*,#3385,.T.);
#1733=ORIENTED_EDGE('',*,*,#3386,.T.);
#1734=ORIENTED_EDGE('',*,*,#3387,.T.);
#1735=ORIENTED_EDGE('',*,*,#3388,.T.);
#1736=ORIENTED_EDGE('',*,*,#3330,.F.);
#1737=ORIENTED_EDGE('',*,*,#3389,.F.);
#1738=ORIENTED_EDGE('',*,*,#3328,.F.);
#1739=ORIENTED_EDGE('',*,*,#3390,.T.);
#1740=ORIENTED_EDGE('',*,*,#3334,.F.);
#1741=ORIENTED_EDGE('',*,*,#3391,.F.);
#1742=ORIENTED_EDGE('',*,*,#3287,.T.);
#1743=ORIENTED_EDGE('',*,*,#3392,.F.);
#1744=ORIENTED_EDGE('',*,*,#3393,.F.);
#1745=ORIENTED_EDGE('',*,*,#3288,.F.);
#1746=ORIENTED_EDGE('',*,*,#3391,.T.);
#1747=ORIENTED_EDGE('',*,*,#3333,.T.);
#1748=ORIENTED_EDGE('',*,*,#3394,.T.);
#1749=ORIENTED_EDGE('',*,*,#3395,.F.);
#1750=ORIENTED_EDGE('',*,*,#3394,.F.);
#1751=ORIENTED_EDGE('',*,*,#3332,.T.);
#1752=ORIENTED_EDGE('',*,*,#3396,.T.);
#1753=ORIENTED_EDGE('',*,*,#3397,.F.);
#1754=ORIENTED_EDGE('',*,*,#3396,.F.);
#1755=ORIENTED_EDGE('',*,*,#3331,.T.);
#1756=ORIENTED_EDGE('',*,*,#3392,.T.);
#1757=ORIENTED_EDGE('',*,*,#3286,.T.);
#1758=ORIENTED_EDGE('',*,*,#3398,.F.);
#1759=ORIENTED_EDGE('',*,*,#3399,.T.);
#1760=ORIENTED_EDGE('',*,*,#3400,.T.);
#1761=ORIENTED_EDGE('',*,*,#3401,.F.);
#1762=ORIENTED_EDGE('',*,*,#3402,.F.);
#1763=ORIENTED_EDGE('',*,*,#3403,.T.);
#1764=ORIENTED_EDGE('',*,*,#3404,.T.);
#1765=ORIENTED_EDGE('',*,*,#3405,.F.);
#1766=ORIENTED_EDGE('',*,*,#3406,.F.);
#1767=ORIENTED_EDGE('',*,*,#3323,.F.);
#1768=ORIENTED_EDGE('',*,*,#3407,.F.);
#1769=ORIENTED_EDGE('',*,*,#3408,.T.);
#1770=ORIENTED_EDGE('',*,*,#3409,.T.);
#1771=ORIENTED_EDGE('',*,*,#3410,.F.);
#1772=ORIENTED_EDGE('',*,*,#3411,.F.);
#1773=ORIENTED_EDGE('',*,*,#3412,.F.);
#1774=ORIENTED_EDGE('',*,*,#3413,.T.);
#1775=ORIENTED_EDGE('',*,*,#3326,.F.);
#1776=ORIENTED_EDGE('',*,*,#3414,.F.);
#1777=ORIENTED_EDGE('',*,*,#3415,.T.);
#1778=ORIENTED_EDGE('',*,*,#3416,.F.);
#1779=ORIENTED_EDGE('',*,*,#3417,.T.);
#1780=ORIENTED_EDGE('',*,*,#3418,.T.);
#1781=ORIENTED_EDGE('',*,*,#3419,.F.);
#1782=ORIENTED_EDGE('',*,*,#3420,.F.);
#1783=ORIENTED_EDGE('',*,*,#3421,.T.);
#1784=ORIENTED_EDGE('',*,*,#3422,.F.);
#1785=ORIENTED_EDGE('',*,*,#3423,.T.);
#1786=ORIENTED_EDGE('',*,*,#3424,.T.);
#1787=ORIENTED_EDGE('',*,*,#3425,.T.);
#1788=ORIENTED_EDGE('',*,*,#3426,.T.);
#1789=ORIENTED_EDGE('',*,*,#3427,.T.);
#1790=ORIENTED_EDGE('',*,*,#3428,.F.);
#1791=ORIENTED_EDGE('',*,*,#3429,.F.);
#1792=ORIENTED_EDGE('',*,*,#3430,.T.);
#1793=ORIENTED_EDGE('',*,*,#3431,.F.);
#1794=ORIENTED_EDGE('',*,*,#3432,.T.);
#1795=ORIENTED_EDGE('',*,*,#3433,.T.);
#1796=ORIENTED_EDGE('',*,*,#3421,.F.);
#1797=ORIENTED_EDGE('',*,*,#3434,.T.);
#1798=ORIENTED_EDGE('',*,*,#3435,.T.);
#1799=ORIENTED_EDGE('',*,*,#3436,.T.);
#1800=ORIENTED_EDGE('',*,*,#3437,.T.);
#1801=ORIENTED_EDGE('',*,*,#3438,.F.);
#1802=ORIENTED_EDGE('',*,*,#3435,.F.);
#1803=ORIENTED_EDGE('',*,*,#3439,.T.);
#1804=ORIENTED_EDGE('',*,*,#3321,.F.);
#1805=ORIENTED_EDGE('',*,*,#3440,.T.);
#1806=ORIENTED_EDGE('',*,*,#3441,.T.);
#1807=ORIENTED_EDGE('',*,*,#3442,.F.);
#1808=ORIENTED_EDGE('',*,*,#3410,.T.);
#1809=ORIENTED_EDGE('',*,*,#3443,.T.);
#1810=ORIENTED_EDGE('',*,*,#3444,.T.);
#1811=ORIENTED_EDGE('',*,*,#3445,.F.);
#1812=ORIENTED_EDGE('',*,*,#3444,.F.);
#1813=ORIENTED_EDGE('',*,*,#3446,.F.);
#1814=ORIENTED_EDGE('',*,*,#3447,.T.);
#1815=ORIENTED_EDGE('',*,*,#3448,.T.);
#1816=ORIENTED_EDGE('',*,*,#3447,.F.);
#1817=ORIENTED_EDGE('',*,*,#3449,.F.);
#1818=ORIENTED_EDGE('',*,*,#3408,.F.);
#1819=ORIENTED_EDGE('',*,*,#3450,.T.);
#1820=ORIENTED_EDGE('',*,*,#3441,.F.);
#1821=ORIENTED_EDGE('',*,*,#3451,.F.);
#1822=ORIENTED_EDGE('',*,*,#3412,.T.);
#1823=ORIENTED_EDGE('',*,*,#3452,.T.);
#1824=ORIENTED_EDGE('',*,*,#3453,.F.);
#1825=ORIENTED_EDGE('',*,*,#3454,.F.);
#1826=ORIENTED_EDGE('',*,*,#3455,.F.);
#1827=ORIENTED_EDGE('',*,*,#3456,.T.);
#1828=ORIENTED_EDGE('',*,*,#3457,.F.);
#1829=ORIENTED_EDGE('',*,*,#3458,.T.);
#1830=ORIENTED_EDGE('',*,*,#3459,.F.);
#1831=ORIENTED_EDGE('',*,*,#3460,.F.);
#1832=ORIENTED_EDGE('',*,*,#3461,.T.);
#1833=ORIENTED_EDGE('',*,*,#3462,.F.);
#1834=ORIENTED_EDGE('',*,*,#3463,.T.);
#1835=ORIENTED_EDGE('',*,*,#3464,.F.);
#1836=ORIENTED_EDGE('',*,*,#3465,.F.);
#1837=ORIENTED_EDGE('',*,*,#3466,.F.);
#1838=ORIENTED_EDGE('',*,*,#3467,.F.);
#1839=ORIENTED_EDGE('',*,*,#3468,.F.);
#1840=ORIENTED_EDGE('',*,*,#3448,.F.);
#1841=ORIENTED_EDGE('',*,*,#3469,.T.);
#1842=ORIENTED_EDGE('',*,*,#3376,.F.);
#1843=ORIENTED_EDGE('',*,*,#3469,.F.);
#1844=ORIENTED_EDGE('',*,*,#3470,.T.);
#1845=ORIENTED_EDGE('',*,*,#3453,.T.);
#1846=ORIENTED_EDGE('',*,*,#3471,.T.);
#1847=ORIENTED_EDGE('',*,*,#3382,.F.);
#1848=ORIENTED_EDGE('',*,*,#3471,.F.);
#1849=ORIENTED_EDGE('',*,*,#3460,.T.);
#1850=ORIENTED_EDGE('',*,*,#3472,.F.);
#1851=ORIENTED_EDGE('',*,*,#3383,.F.);
#1852=ORIENTED_EDGE('',*,*,#3472,.T.);
#1853=ORIENTED_EDGE('',*,*,#3459,.T.);
#1854=ORIENTED_EDGE('',*,*,#3473,.T.);
#1855=ORIENTED_EDGE('',*,*,#3384,.F.);
#1856=ORIENTED_EDGE('',*,*,#3474,.F.);
#1857=ORIENTED_EDGE('',*,*,#3468,.T.);
#1858=ORIENTED_EDGE('',*,*,#3475,.F.);
#1859=ORIENTED_EDGE('',*,*,#3373,.F.);
#1860=ORIENTED_EDGE('',*,*,#3475,.T.);
#1861=ORIENTED_EDGE('',*,*,#3467,.T.);
#1862=ORIENTED_EDGE('',*,*,#3476,.T.);
#1863=ORIENTED_EDGE('',*,*,#3374,.F.);
#1864=ORIENTED_EDGE('',*,*,#3476,.F.);
#1865=ORIENTED_EDGE('',*,*,#3466,.T.);
#1866=ORIENTED_EDGE('',*,*,#3477,.F.);
#1867=ORIENTED_EDGE('',*,*,#3375,.F.);
#1868=ORIENTED_EDGE('',*,*,#3478,.F.);
#1869=ORIENTED_EDGE('',*,*,#3454,.T.);
#1870=ORIENTED_EDGE('',*,*,#3470,.F.);
#1871=ORIENTED_EDGE('',*,*,#3381,.F.);
#1872=ORIENTED_EDGE('',*,*,#3458,.F.);
#1873=ORIENTED_EDGE('',*,*,#3479,.F.);
#1874=ORIENTED_EDGE('',*,*,#3377,.T.);
#1875=ORIENTED_EDGE('',*,*,#3473,.F.);
#1876=ORIENTED_EDGE('',*,*,#3477,.T.);
#1877=ORIENTED_EDGE('',*,*,#3465,.T.);
#1878=ORIENTED_EDGE('',*,*,#3480,.T.);
#1879=ORIENTED_EDGE('',*,*,#3368,.F.);
#1880=ORIENTED_EDGE('',*,*,#3461,.F.);
#1881=ORIENTED_EDGE('',*,*,#3474,.T.);
#1882=ORIENTED_EDGE('',*,*,#3372,.T.);
#1883=ORIENTED_EDGE('',*,*,#3481,.T.);
#1884=ORIENTED_EDGE('',*,*,#3482,.F.);
#1885=ORIENTED_EDGE('',*,*,#3431,.T.);
#1886=ORIENTED_EDGE('',*,*,#3483,.F.);
#1887=ORIENTED_EDGE('',*,*,#3484,.T.);
#1888=ORIENTED_EDGE('',*,*,#3320,.T.);
#1889=ORIENTED_EDGE('',*,*,#3324,.T.);
#1890=ORIENTED_EDGE('',*,*,#3406,.T.);
#1891=ORIENTED_EDGE('',*,*,#3325,.T.);
#1892=ORIENTED_EDGE('',*,*,#3485,.F.);
#1893=ORIENTED_EDGE('',*,*,#3486,.T.);
#1894=ORIENTED_EDGE('',*,*,#3487,.T.);
#1895=ORIENTED_EDGE('',*,*,#3488,.T.);
#1896=ORIENTED_EDGE('',*,*,#3489,.T.);
#1897=ORIENTED_EDGE('',*,*,#3490,.T.);
#1898=ORIENTED_EDGE('',*,*,#3491,.F.);
#1899=ORIENTED_EDGE('',*,*,#3492,.T.);
#1900=ORIENTED_EDGE('',*,*,#3493,.F.);
#1901=ORIENTED_EDGE('',*,*,#3494,.T.);
#1902=ORIENTED_EDGE('',*,*,#3495,.T.);
#1903=ORIENTED_EDGE('',*,*,#3496,.T.);
#1904=ORIENTED_EDGE('',*,*,#3497,.F.);
#1905=ORIENTED_EDGE('',*,*,#3498,.T.);
#1906=ORIENTED_EDGE('',*,*,#3499,.T.);
#1907=ORIENTED_EDGE('',*,*,#3500,.T.);
#1908=ORIENTED_EDGE('',*,*,#3501,.F.);
#1909=ORIENTED_EDGE('',*,*,#3502,.T.);
#1910=ORIENTED_EDGE('',*,*,#3503,.T.);
#1911=ORIENTED_EDGE('',*,*,#3504,.T.);
#1912=ORIENTED_EDGE('',*,*,#3505,.F.);
#1913=ORIENTED_EDGE('',*,*,#3506,.T.);
#1914=ORIENTED_EDGE('',*,*,#3507,.T.);
#1915=ORIENTED_EDGE('',*,*,#3508,.T.);
#1916=ORIENTED_EDGE('',*,*,#3509,.F.);
#1917=ORIENTED_EDGE('',*,*,#3510,.T.);
#1918=ORIENTED_EDGE('',*,*,#3511,.T.);
#1919=ORIENTED_EDGE('',*,*,#3512,.T.);
#1920=ORIENTED_EDGE('',*,*,#3513,.F.);
#1921=ORIENTED_EDGE('',*,*,#3514,.T.);
#1922=ORIENTED_EDGE('',*,*,#3515,.T.);
#1923=ORIENTED_EDGE('',*,*,#3516,.T.);
#1924=ORIENTED_EDGE('',*,*,#3517,.F.);
#1925=ORIENTED_EDGE('',*,*,#3518,.T.);
#1926=ORIENTED_EDGE('',*,*,#3519,.T.);
#1927=ORIENTED_EDGE('',*,*,#3520,.T.);
#1928=ORIENTED_EDGE('',*,*,#3521,.F.);
#1929=ORIENTED_EDGE('',*,*,#3522,.T.);
#1930=ORIENTED_EDGE('',*,*,#3523,.T.);
#1931=ORIENTED_EDGE('',*,*,#3524,.T.);
#1932=ORIENTED_EDGE('',*,*,#3525,.T.);
#1933=ORIENTED_EDGE('',*,*,#3526,.T.);
#1934=ORIENTED_EDGE('',*,*,#3527,.F.);
#1935=ORIENTED_EDGE('',*,*,#3528,.T.);
#1936=ORIENTED_EDGE('',*,*,#3529,.T.);
#1937=ORIENTED_EDGE('',*,*,#3530,.T.);
#1938=ORIENTED_EDGE('',*,*,#3531,.F.);
#1939=ORIENTED_EDGE('',*,*,#3532,.T.);
#1940=ORIENTED_EDGE('',*,*,#3533,.T.);
#1941=ORIENTED_EDGE('',*,*,#3534,.T.);
#1942=ORIENTED_EDGE('',*,*,#3535,.F.);
#1943=ORIENTED_EDGE('',*,*,#3536,.F.);
#1944=ORIENTED_EDGE('',*,*,#3537,.T.);
#1945=ORIENTED_EDGE('',*,*,#3538,.F.);
#1946=ORIENTED_EDGE('',*,*,#3539,.F.);
#1947=ORIENTED_EDGE('',*,*,#3540,.F.);
#1948=ORIENTED_EDGE('',*,*,#3541,.T.);
#1949=ORIENTED_EDGE('',*,*,#3542,.T.);
#1950=ORIENTED_EDGE('',*,*,#3543,.T.);
#1951=ORIENTED_EDGE('',*,*,#3544,.T.);
#1952=ORIENTED_EDGE('',*,*,#3545,.F.);
#1953=ORIENTED_EDGE('',*,*,#3546,.T.);
#1954=ORIENTED_EDGE('',*,*,#3547,.F.);
#1955=ORIENTED_EDGE('',*,*,#3548,.F.);
#1956=ORIENTED_EDGE('',*,*,#3549,.F.);
#1957=ORIENTED_EDGE('',*,*,#3550,.T.);
#1958=ORIENTED_EDGE('',*,*,#3551,.T.);
#1959=ORIENTED_EDGE('',*,*,#3552,.T.);
#1960=ORIENTED_EDGE('',*,*,#3553,.F.);
#1961=ORIENTED_EDGE('',*,*,#3554,.T.);
#1962=ORIENTED_EDGE('',*,*,#3555,.T.);
#1963=ORIENTED_EDGE('',*,*,#3556,.F.);
#1964=ORIENTED_EDGE('',*,*,#3557,.F.);
#1965=ORIENTED_EDGE('',*,*,#3558,.F.);
#1966=ORIENTED_EDGE('',*,*,#3559,.T.);
#1967=ORIENTED_EDGE('',*,*,#3560,.T.);
#1968=ORIENTED_EDGE('',*,*,#3561,.T.);
#1969=ORIENTED_EDGE('',*,*,#3562,.T.);
#1970=ORIENTED_EDGE('',*,*,#3563,.T.);
#1971=ORIENTED_EDGE('',*,*,#3564,.T.);
#1972=ORIENTED_EDGE('',*,*,#3565,.T.);
#1973=ORIENTED_EDGE('',*,*,#3566,.T.);
#1974=ORIENTED_EDGE('',*,*,#3567,.T.);
#1975=ORIENTED_EDGE('',*,*,#3568,.T.);
#1976=ORIENTED_EDGE('',*,*,#3569,.F.);
#1977=ORIENTED_EDGE('',*,*,#3570,.F.);
#1978=ORIENTED_EDGE('',*,*,#3569,.T.);
#1979=ORIENTED_EDGE('',*,*,#3571,.T.);
#1980=ORIENTED_EDGE('',*,*,#3572,.F.);
#1981=ORIENTED_EDGE('',*,*,#3573,.F.);
#1982=ORIENTED_EDGE('',*,*,#3574,.T.);
#1983=ORIENTED_EDGE('',*,*,#3575,.T.);
#1984=ORIENTED_EDGE('',*,*,#3576,.T.);
#1985=ORIENTED_EDGE('',*,*,#3577,.F.);
#1986=ORIENTED_EDGE('',*,*,#3572,.T.);
#1987=ORIENTED_EDGE('',*,*,#3578,.T.);
#1988=ORIENTED_EDGE('',*,*,#3238,.F.);
#1989=ORIENTED_EDGE('',*,*,#3236,.F.);
#1990=ORIENTED_EDGE('',*,*,#3242,.F.);
#1991=ORIENTED_EDGE('',*,*,#3240,.F.);
#1992=ORIENTED_EDGE('',*,*,#3244,.F.);
#1993=ORIENTED_EDGE('',*,*,#3248,.F.);
#1994=ORIENTED_EDGE('',*,*,#3250,.F.);
#1995=ORIENTED_EDGE('',*,*,#3246,.F.);
#1996=ORIENTED_EDGE('',*,*,#3252,.F.);
#1997=ORIENTED_EDGE('',*,*,#3256,.F.);
#1998=ORIENTED_EDGE('',*,*,#3258,.F.);
#1999=ORIENTED_EDGE('',*,*,#3254,.F.);
#2000=ORIENTED_EDGE('',*,*,#3579,.F.);
#2001=ORIENTED_EDGE('',*,*,#3580,.F.);
#2002=ORIENTED_EDGE('',*,*,#3577,.T.);
#2003=ORIENTED_EDGE('',*,*,#3581,.T.);
#2004=ORIENTED_EDGE('',*,*,#3570,.T.);
#2005=ORIENTED_EDGE('',*,*,#3573,.T.);
#2006=ORIENTED_EDGE('',*,*,#3272,.F.);
#2007=ORIENTED_EDGE('',*,*,#3270,.F.);
#2008=ORIENTED_EDGE('',*,*,#3268,.F.);
#2009=ORIENTED_EDGE('',*,*,#3266,.F.);
#2010=ORIENTED_EDGE('',*,*,#3264,.F.);
#2011=ORIENTED_EDGE('',*,*,#3262,.F.);
#2012=ORIENTED_EDGE('',*,*,#3260,.F.);
#2013=ORIENTED_EDGE('',*,*,#3565,.F.);
#2014=ORIENTED_EDGE('',*,*,#3581,.F.);
#2015=ORIENTED_EDGE('',*,*,#3576,.F.);
#2016=ORIENTED_EDGE('',*,*,#3582,.T.);
#2017=ORIENTED_EDGE('',*,*,#3387,.F.);
#2018=ORIENTED_EDGE('',*,*,#3583,.T.);
#2019=ORIENTED_EDGE('',*,*,#3584,.T.);
#2020=ORIENTED_EDGE('',*,*,#3585,.T.);
#2021=ORIENTED_EDGE('',*,*,#3586,.T.);
#2022=ORIENTED_EDGE('',*,*,#3587,.T.);
#2023=ORIENTED_EDGE('',*,*,#3588,.T.);
#2024=ORIENTED_EDGE('',*,*,#3589,.F.);
#2025=ORIENTED_EDGE('',*,*,#3589,.T.);
#2026=ORIENTED_EDGE('',*,*,#3590,.T.);
#2027=ORIENTED_EDGE('',*,*,#3588,.F.);
#2028=ORIENTED_EDGE('',*,*,#3591,.T.);
#2029=ORIENTED_EDGE('',*,*,#3592,.T.);
#2030=ORIENTED_EDGE('',*,*,#3593,.T.);
#2031=ORIENTED_EDGE('',*,*,#3584,.F.);
#2032=ORIENTED_EDGE('',*,*,#3590,.F.);
#2033=ORIENTED_EDGE('',*,*,#3561,.F.);
#2034=ORIENTED_EDGE('',*,*,#3594,.T.);
#2035=ORIENTED_EDGE('',*,*,#3592,.F.);
#2036=ORIENTED_EDGE('',*,*,#3595,.T.);
#2037=ORIENTED_EDGE('',*,*,#3559,.F.);
#2038=ORIENTED_EDGE('',*,*,#3596,.T.);
#2039=ORIENTED_EDGE('',*,*,#3385,.F.);
#2040=ORIENTED_EDGE('',*,*,#3597,.T.);
#2041=ORIENTED_EDGE('',*,*,#3598,.F.);
#2042=ORIENTED_EDGE('',*,*,#3599,.T.);
#2043=ORIENTED_EDGE('',*,*,#3535,.T.);
#2044=ORIENTED_EDGE('',*,*,#3600,.F.);
#2045=ORIENTED_EDGE('',*,*,#3601,.F.);
#2046=ORIENTED_EDGE('',*,*,#3598,.T.);
#2047=ORIENTED_EDGE('',*,*,#3602,.F.);
#2048=ORIENTED_EDGE('',*,*,#3603,.T.);
#2049=ORIENTED_EDGE('',*,*,#3604,.T.);
#2050=ORIENTED_EDGE('',*,*,#3605,.F.);
#2051=ORIENTED_EDGE('',*,*,#3606,.T.);
#2052=ORIENTED_EDGE('',*,*,#3547,.T.);
#2053=ORIENTED_EDGE('',*,*,#3607,.F.);
#2054=ORIENTED_EDGE('',*,*,#3608,.F.);
#2055=ORIENTED_EDGE('',*,*,#3605,.T.);
#2056=ORIENTED_EDGE('',*,*,#3609,.F.);
#2057=ORIENTED_EDGE('',*,*,#3610,.F.);
#2058=ORIENTED_EDGE('',*,*,#3611,.T.);
#2059=ORIENTED_EDGE('',*,*,#3534,.F.);
#2060=ORIENTED_EDGE('',*,*,#3612,.F.);
#2061=ORIENTED_EDGE('',*,*,#3602,.T.);
#2062=ORIENTED_EDGE('',*,*,#3600,.T.);
#2063=ORIENTED_EDGE('',*,*,#3612,.T.);
#2064=ORIENTED_EDGE('',*,*,#3533,.F.);
#2065=ORIENTED_EDGE('',*,*,#3613,.F.);
#2066=ORIENTED_EDGE('',*,*,#3614,.T.);
#2067=ORIENTED_EDGE('',*,*,#3615,.F.);
#2068=ORIENTED_EDGE('',*,*,#3422,.T.);
#2069=ORIENTED_EDGE('',*,*,#3436,.F.);
#2070=ORIENTED_EDGE('',*,*,#3438,.T.);
#2071=ORIENTED_EDGE('',*,*,#3434,.F.);
#2072=ORIENTED_EDGE('',*,*,#3420,.T.);
#2073=ORIENTED_EDGE('',*,*,#3616,.T.);
#2074=ORIENTED_EDGE('',*,*,#3617,.T.);
#2075=ORIENTED_EDGE('',*,*,#3618,.F.);
#2076=ORIENTED_EDGE('',*,*,#3537,.F.);
#2077=ORIENTED_EDGE('',*,*,#3619,.F.);
#2078=ORIENTED_EDGE('',*,*,#3603,.F.);
#2079=ORIENTED_EDGE('',*,*,#3557,.T.);
#2080=ORIENTED_EDGE('',*,*,#3620,.F.);
#2081=ORIENTED_EDGE('',*,*,#3621,.F.);
#2082=ORIENTED_EDGE('',*,*,#3622,.F.);
#2083=ORIENTED_EDGE('',*,*,#3555,.F.);
#2084=ORIENTED_EDGE('',*,*,#3623,.F.);
#2085=ORIENTED_EDGE('',*,*,#3624,.T.);
#2086=ORIENTED_EDGE('',*,*,#3625,.F.);
#2087=ORIENTED_EDGE('',*,*,#3554,.F.);
#2088=ORIENTED_EDGE('',*,*,#3626,.F.);
#2089=ORIENTED_EDGE('',*,*,#3627,.T.);
#2090=ORIENTED_EDGE('',*,*,#3623,.T.);
#2091=ORIENTED_EDGE('',*,*,#3628,.T.);
#2092=ORIENTED_EDGE('',*,*,#3629,.T.);
#2093=ORIENTED_EDGE('',*,*,#3541,.F.);
#2094=ORIENTED_EDGE('',*,*,#3630,.F.);
#2095=ORIENTED_EDGE('',*,*,#3631,.F.);
#2096=ORIENTED_EDGE('',*,*,#3632,.F.);
#2097=ORIENTED_EDGE('',*,*,#3539,.T.);
#2098=ORIENTED_EDGE('',*,*,#3633,.F.);
#2099=ORIENTED_EDGE('',*,*,#3536,.T.);
#2100=ORIENTED_EDGE('',*,*,#3599,.F.);
#2101=ORIENTED_EDGE('',*,*,#3604,.F.);
#2102=ORIENTED_EDGE('',*,*,#3619,.T.);
#2103=ORIENTED_EDGE('',*,*,#3634,.F.);
#2104=ORIENTED_EDGE('',*,*,#3614,.F.);
#2105=ORIENTED_EDGE('',*,*,#3635,.F.);
#2106=ORIENTED_EDGE('',*,*,#3621,.T.);
#2107=ORIENTED_EDGE('',*,*,#3636,.F.);
#2108=ORIENTED_EDGE('',*,*,#3624,.F.);
#2109=ORIENTED_EDGE('',*,*,#3627,.F.);
#2110=ORIENTED_EDGE('',*,*,#3637,.T.);
#2111=ORIENTED_EDGE('',*,*,#3638,.T.);
#2112=ORIENTED_EDGE('',*,*,#3639,.F.);
#2113=ORIENTED_EDGE('',*,*,#3640,.T.);
#2114=ORIENTED_EDGE('',*,*,#3641,.T.);
#2115=ORIENTED_EDGE('',*,*,#3642,.T.);
#2116=ORIENTED_EDGE('',*,*,#3401,.T.);
#2117=ORIENTED_EDGE('',*,*,#3643,.F.);
#2118=ORIENTED_EDGE('',*,*,#3644,.T.);
#2119=ORIENTED_EDGE('',*,*,#3645,.T.);
#2120=ORIENTED_EDGE('',*,*,#3646,.F.);
#2121=ORIENTED_EDGE('',*,*,#3647,.T.);
#2122=ORIENTED_EDGE('',*,*,#3628,.F.);
#2123=ORIENTED_EDGE('',*,*,#3648,.F.);
#2124=ORIENTED_EDGE('',*,*,#3631,.T.);
#2125=ORIENTED_EDGE('',*,*,#3649,.F.);
#2126=ORIENTED_EDGE('',*,*,#3617,.F.);
#2127=ORIENTED_EDGE('',*,*,#3650,.T.);
#2128=ORIENTED_EDGE('',*,*,#3404,.F.);
#2129=ORIENTED_EDGE('',*,*,#3499,.F.);
#2130=ORIENTED_EDGE('',*,*,#3651,.F.);
#2131=ORIENTED_EDGE('',*,*,#3652,.F.);
#2132=ORIENTED_EDGE('',*,*,#3653,.F.);
#2133=ORIENTED_EDGE('',*,*,#3507,.F.);
#2134=ORIENTED_EDGE('',*,*,#3654,.F.);
#2135=ORIENTED_EDGE('',*,*,#3503,.F.);
#2136=ORIENTED_EDGE('',*,*,#3655,.F.);
#2137=ORIENTED_EDGE('',*,*,#3487,.F.);
#2138=ORIENTED_EDGE('',*,*,#3656,.F.);
#2139=ORIENTED_EDGE('',*,*,#3489,.F.);
#2140=ORIENTED_EDGE('',*,*,#3657,.F.);
#2141=ORIENTED_EDGE('',*,*,#3658,.F.);
#2142=ORIENTED_EDGE('',*,*,#3659,.F.);
#2143=ORIENTED_EDGE('',*,*,#3495,.F.);
#2144=ORIENTED_EDGE('',*,*,#3660,.F.);
#2145=ORIENTED_EDGE('',*,*,#3523,.F.);
#2146=ORIENTED_EDGE('',*,*,#3661,.F.);
#2147=ORIENTED_EDGE('',*,*,#3525,.F.);
#2148=ORIENTED_EDGE('',*,*,#3662,.F.);
#2149=ORIENTED_EDGE('',*,*,#3529,.F.);
#2150=ORIENTED_EDGE('',*,*,#3663,.F.);
#2151=ORIENTED_EDGE('',*,*,#3664,.F.);
#2152=ORIENTED_EDGE('',*,*,#3665,.F.);
#2153=ORIENTED_EDGE('',*,*,#3511,.F.);
#2154=ORIENTED_EDGE('',*,*,#3666,.F.);
#2155=ORIENTED_EDGE('',*,*,#3667,.F.);
#2156=ORIENTED_EDGE('',*,*,#3668,.F.);
#2157=ORIENTED_EDGE('',*,*,#3519,.F.);
#2158=ORIENTED_EDGE('',*,*,#3669,.F.);
#2159=ORIENTED_EDGE('',*,*,#3515,.F.);
#2160=ORIENTED_EDGE('',*,*,#3670,.F.);
#2161=ORIENTED_EDGE('',*,*,#3649,.T.);
#2162=ORIENTED_EDGE('',*,*,#3633,.T.);
#2163=ORIENTED_EDGE('',*,*,#3538,.T.);
#2164=ORIENTED_EDGE('',*,*,#3618,.T.);
#2165=ORIENTED_EDGE('',*,*,#3648,.T.);
#2166=ORIENTED_EDGE('',*,*,#3630,.T.);
#2167=ORIENTED_EDGE('',*,*,#3540,.T.);
#2168=ORIENTED_EDGE('',*,*,#3632,.T.);
#2169=ORIENTED_EDGE('',*,*,#3635,.T.);
#2170=ORIENTED_EDGE('',*,*,#3613,.T.);
#2171=ORIENTED_EDGE('',*,*,#3558,.T.);
#2172=ORIENTED_EDGE('',*,*,#3622,.T.);
#2173=ORIENTED_EDGE('',*,*,#3636,.T.);
#2174=ORIENTED_EDGE('',*,*,#3620,.T.);
#2175=ORIENTED_EDGE('',*,*,#3556,.T.);
#2176=ORIENTED_EDGE('',*,*,#3625,.T.);
#2177=ORIENTED_EDGE('',*,*,#3548,.T.);
#2178=ORIENTED_EDGE('',*,*,#3606,.F.);
#2179=ORIENTED_EDGE('',*,*,#3611,.F.);
#2180=ORIENTED_EDGE('',*,*,#3671,.T.);
#2181=ORIENTED_EDGE('',*,*,#3549,.T.);
#2182=ORIENTED_EDGE('',*,*,#3671,.F.);
#2183=ORIENTED_EDGE('',*,*,#3610,.T.);
#2184=ORIENTED_EDGE('',*,*,#3672,.T.);
#2185=ORIENTED_EDGE('',*,*,#3545,.T.);
#2186=ORIENTED_EDGE('',*,*,#3673,.T.);
#2187=ORIENTED_EDGE('',*,*,#3644,.F.);
#2188=ORIENTED_EDGE('',*,*,#3674,.F.);
#2189=ORIENTED_EDGE('',*,*,#3432,.F.);
#2190=ORIENTED_EDGE('',*,*,#3482,.T.);
#2191=ORIENTED_EDGE('',*,*,#3675,.F.);
#2192=ORIENTED_EDGE('',*,*,#3483,.T.);
#2193=ORIENTED_EDGE('',*,*,#3430,.F.);
#2194=ORIENTED_EDGE('',*,*,#3676,.T.);
#2195=ORIENTED_EDGE('',*,*,#3641,.F.);
#2196=ORIENTED_EDGE('',*,*,#3677,.T.);
#2197=ORIENTED_EDGE('',*,*,#3551,.F.);
#2198=ORIENTED_EDGE('',*,*,#3678,.T.);
#2199=ORIENTED_EDGE('',*,*,#3639,.T.);
#2200=ORIENTED_EDGE('',*,*,#3679,.T.);
#2201=ORIENTED_EDGE('',*,*,#3553,.T.);
#2202=ORIENTED_EDGE('',*,*,#3680,.T.);
#2203=ORIENTED_EDGE('',*,*,#3637,.F.);
#2204=ORIENTED_EDGE('',*,*,#3626,.T.);
#2205=ORIENTED_EDGE('',*,*,#3646,.T.);
#2206=ORIENTED_EDGE('',*,*,#3681,.T.);
#2207=ORIENTED_EDGE('',*,*,#3543,.F.);
#2208=ORIENTED_EDGE('',*,*,#3682,.T.);
#2209=ORIENTED_EDGE('',*,*,#3546,.F.);
#2210=ORIENTED_EDGE('',*,*,#3672,.F.);
#2211=ORIENTED_EDGE('',*,*,#3609,.T.);
#2212=ORIENTED_EDGE('',*,*,#3607,.T.);
#2213=ORIENTED_EDGE('',*,*,#3645,.F.);
#2214=ORIENTED_EDGE('',*,*,#3673,.F.);
#2215=ORIENTED_EDGE('',*,*,#3544,.F.);
#2216=ORIENTED_EDGE('',*,*,#3681,.F.);
#2217=ORIENTED_EDGE('',*,*,#3647,.F.);
#2218=ORIENTED_EDGE('',*,*,#3682,.F.);
#2219=ORIENTED_EDGE('',*,*,#3542,.F.);
#2220=ORIENTED_EDGE('',*,*,#3629,.F.);
#2221=ORIENTED_EDGE('',*,*,#3640,.F.);
#2222=ORIENTED_EDGE('',*,*,#3678,.F.);
#2223=ORIENTED_EDGE('',*,*,#3550,.F.);
#2224=ORIENTED_EDGE('',*,*,#3677,.F.);
#2225=ORIENTED_EDGE('',*,*,#3638,.F.);
#2226=ORIENTED_EDGE('',*,*,#3680,.F.);
#2227=ORIENTED_EDGE('',*,*,#3552,.F.);
#2228=ORIENTED_EDGE('',*,*,#3679,.F.);
#2229=ORIENTED_EDGE('',*,*,#3658,.T.);
#2230=ORIENTED_EDGE('',*,*,#3683,.T.);
#2231=ORIENTED_EDGE('',*,*,#3684,.F.);
#2232=ORIENTED_EDGE('',*,*,#3685,.T.);
#2233=ORIENTED_EDGE('',*,*,#3686,.F.);
#2234=ORIENTED_EDGE('',*,*,#3485,.T.);
#2235=ORIENTED_EDGE('',*,*,#3687,.F.);
#2236=ORIENTED_EDGE('',*,*,#3493,.T.);
#2237=ORIENTED_EDGE('',*,*,#3688,.F.);
#2238=ORIENTED_EDGE('',*,*,#3684,.T.);
#2239=ORIENTED_EDGE('',*,*,#3689,.F.);
#2240=ORIENTED_EDGE('',*,*,#3491,.T.);
#2241=ORIENTED_EDGE('',*,*,#3690,.F.);
#2242=ORIENTED_EDGE('',*,*,#3652,.T.);
#2243=ORIENTED_EDGE('',*,*,#3691,.T.);
#2244=ORIENTED_EDGE('',*,*,#3692,.F.);
#2245=ORIENTED_EDGE('',*,*,#3693,.T.);
#2246=ORIENTED_EDGE('',*,*,#3694,.F.);
#2247=ORIENTED_EDGE('',*,*,#3497,.T.);
#2248=ORIENTED_EDGE('',*,*,#3695,.F.);
#2249=ORIENTED_EDGE('',*,*,#3501,.T.);
#2250=ORIENTED_EDGE('',*,*,#3696,.F.);
#2251=ORIENTED_EDGE('',*,*,#3505,.T.);
#2252=ORIENTED_EDGE('',*,*,#3697,.F.);
#2253=ORIENTED_EDGE('',*,*,#3692,.T.);
#2254=ORIENTED_EDGE('',*,*,#3698,.F.);
#2255=ORIENTED_EDGE('',*,*,#3667,.T.);
#2256=ORIENTED_EDGE('',*,*,#3699,.T.);
#2257=ORIENTED_EDGE('',*,*,#3700,.F.);
#2258=ORIENTED_EDGE('',*,*,#3701,.T.);
#2259=ORIENTED_EDGE('',*,*,#3702,.F.);
#2260=ORIENTED_EDGE('',*,*,#3509,.T.);
#2261=ORIENTED_EDGE('',*,*,#3703,.F.);
#2262=ORIENTED_EDGE('',*,*,#3513,.T.);
#2263=ORIENTED_EDGE('',*,*,#3704,.F.);
#2264=ORIENTED_EDGE('',*,*,#3517,.T.);
#2265=ORIENTED_EDGE('',*,*,#3705,.F.);
#2266=ORIENTED_EDGE('',*,*,#3700,.T.);
#2267=ORIENTED_EDGE('',*,*,#3706,.F.);
#2268=ORIENTED_EDGE('',*,*,#3664,.T.);
#2269=ORIENTED_EDGE('',*,*,#3707,.T.);
#2270=ORIENTED_EDGE('',*,*,#3708,.F.);
#2271=ORIENTED_EDGE('',*,*,#3709,.T.);
#2272=ORIENTED_EDGE('',*,*,#3710,.F.);
#2273=ORIENTED_EDGE('',*,*,#3521,.T.);
#2274=ORIENTED_EDGE('',*,*,#3711,.F.);
#2275=ORIENTED_EDGE('',*,*,#3708,.T.);
#2276=ORIENTED_EDGE('',*,*,#3712,.F.);
#2277=ORIENTED_EDGE('',*,*,#3531,.T.);
#2278=ORIENTED_EDGE('',*,*,#3713,.F.);
#2279=ORIENTED_EDGE('',*,*,#3527,.T.);
#2280=ORIENTED_EDGE('',*,*,#3714,.F.);
#2281=ORIENTED_EDGE('',*,*,#3608,.T.);
#2282=ORIENTED_EDGE('',*,*,#3715,.F.);
#2283=ORIENTED_EDGE('',*,*,#3601,.T.);
#2284=ORIENTED_EDGE('',*,*,#3716,.F.);
#2285=ORIENTED_EDGE('',*,*,#3717,.F.);
#2286=ORIENTED_EDGE('',*,*,#3714,.T.);
#2287=ORIENTED_EDGE('',*,*,#3717,.T.);
#2288=ORIENTED_EDGE('',*,*,#3718,.F.);
#2289=ORIENTED_EDGE('',*,*,#3706,.T.);
#2290=ORIENTED_EDGE('',*,*,#3718,.T.);
#2291=ORIENTED_EDGE('',*,*,#3719,.F.);
#2292=ORIENTED_EDGE('',*,*,#3698,.T.);
#2293=ORIENTED_EDGE('',*,*,#3719,.T.);
#2294=ORIENTED_EDGE('',*,*,#3720,.F.);
#2295=ORIENTED_EDGE('',*,*,#3690,.T.);
#2296=ORIENTED_EDGE('',*,*,#3720,.T.);
#2297=ORIENTED_EDGE('',*,*,#3709,.F.);
#2298=ORIENTED_EDGE('',*,*,#3711,.T.);
#2299=ORIENTED_EDGE('',*,*,#3524,.F.);
#2300=ORIENTED_EDGE('',*,*,#3721,.F.);
#2301=ORIENTED_EDGE('',*,*,#3721,.T.);
#2302=ORIENTED_EDGE('',*,*,#3665,.T.);
#2303=ORIENTED_EDGE('',*,*,#3532,.F.);
#2304=ORIENTED_EDGE('',*,*,#3712,.T.);
#2305=ORIENTED_EDGE('',*,*,#3707,.F.);
#2306=ORIENTED_EDGE('',*,*,#3722,.F.);
#2307=ORIENTED_EDGE('',*,*,#3722,.T.);
#2308=ORIENTED_EDGE('',*,*,#3663,.T.);
#2309=ORIENTED_EDGE('',*,*,#3528,.F.);
#2310=ORIENTED_EDGE('',*,*,#3713,.T.);
#2311=ORIENTED_EDGE('',*,*,#3530,.F.);
#2312=ORIENTED_EDGE('',*,*,#3723,.F.);
#2313=ORIENTED_EDGE('',*,*,#3723,.T.);
#2314=ORIENTED_EDGE('',*,*,#3662,.T.);
#2315=ORIENTED_EDGE('',*,*,#3522,.F.);
#2316=ORIENTED_EDGE('',*,*,#3710,.T.);
#2317=ORIENTED_EDGE('',*,*,#3526,.F.);
#2318=ORIENTED_EDGE('',*,*,#3724,.F.);
#2319=ORIENTED_EDGE('',*,*,#3724,.T.);
#2320=ORIENTED_EDGE('',*,*,#3661,.T.);
#2321=ORIENTED_EDGE('',*,*,#3701,.F.);
#2322=ORIENTED_EDGE('',*,*,#3705,.T.);
#2323=ORIENTED_EDGE('',*,*,#3520,.F.);
#2324=ORIENTED_EDGE('',*,*,#3725,.F.);
#2325=ORIENTED_EDGE('',*,*,#3725,.T.);
#2326=ORIENTED_EDGE('',*,*,#3668,.T.);
#2327=ORIENTED_EDGE('',*,*,#3518,.F.);
#2328=ORIENTED_EDGE('',*,*,#3704,.T.);
#2329=ORIENTED_EDGE('',*,*,#3516,.F.);
#2330=ORIENTED_EDGE('',*,*,#3726,.F.);
#2331=ORIENTED_EDGE('',*,*,#3726,.T.);
#2332=ORIENTED_EDGE('',*,*,#3669,.T.);
#2333=ORIENTED_EDGE('',*,*,#3514,.F.);
#2334=ORIENTED_EDGE('',*,*,#3703,.T.);
#2335=ORIENTED_EDGE('',*,*,#3512,.F.);
#2336=ORIENTED_EDGE('',*,*,#3727,.F.);
#2337=ORIENTED_EDGE('',*,*,#3727,.T.);
#2338=ORIENTED_EDGE('',*,*,#3670,.T.);
#2339=ORIENTED_EDGE('',*,*,#3510,.F.);
#2340=ORIENTED_EDGE('',*,*,#3702,.T.);
#2341=ORIENTED_EDGE('',*,*,#3699,.F.);
#2342=ORIENTED_EDGE('',*,*,#3728,.F.);
#2343=ORIENTED_EDGE('',*,*,#3728,.T.);
#2344=ORIENTED_EDGE('',*,*,#3666,.T.);
#2345=ORIENTED_EDGE('',*,*,#3693,.F.);
#2346=ORIENTED_EDGE('',*,*,#3697,.T.);
#2347=ORIENTED_EDGE('',*,*,#3508,.F.);
#2348=ORIENTED_EDGE('',*,*,#3729,.F.);
#2349=ORIENTED_EDGE('',*,*,#3729,.T.);
#2350=ORIENTED_EDGE('',*,*,#3653,.T.);
#2351=ORIENTED_EDGE('',*,*,#3506,.F.);
#2352=ORIENTED_EDGE('',*,*,#3696,.T.);
#2353=ORIENTED_EDGE('',*,*,#3504,.F.);
#2354=ORIENTED_EDGE('',*,*,#3730,.F.);
#2355=ORIENTED_EDGE('',*,*,#3730,.T.);
#2356=ORIENTED_EDGE('',*,*,#3654,.T.);
#2357=ORIENTED_EDGE('',*,*,#3502,.F.);
#2358=ORIENTED_EDGE('',*,*,#3695,.T.);
#2359=ORIENTED_EDGE('',*,*,#3500,.F.);
#2360=ORIENTED_EDGE('',*,*,#3731,.F.);
#2361=ORIENTED_EDGE('',*,*,#3731,.T.);
#2362=ORIENTED_EDGE('',*,*,#3655,.T.);
#2363=ORIENTED_EDGE('',*,*,#3498,.F.);
#2364=ORIENTED_EDGE('',*,*,#3694,.T.);
#2365=ORIENTED_EDGE('',*,*,#3691,.F.);
#2366=ORIENTED_EDGE('',*,*,#3732,.F.);
#2367=ORIENTED_EDGE('',*,*,#3732,.T.);
#2368=ORIENTED_EDGE('',*,*,#3651,.T.);
#2369=ORIENTED_EDGE('',*,*,#3685,.F.);
#2370=ORIENTED_EDGE('',*,*,#3688,.T.);
#2371=ORIENTED_EDGE('',*,*,#3496,.F.);
#2372=ORIENTED_EDGE('',*,*,#3733,.F.);
#2373=ORIENTED_EDGE('',*,*,#3733,.T.);
#2374=ORIENTED_EDGE('',*,*,#3659,.T.);
#2375=ORIENTED_EDGE('',*,*,#3494,.F.);
#2376=ORIENTED_EDGE('',*,*,#3687,.T.);
#2377=ORIENTED_EDGE('',*,*,#3488,.F.);
#2378=ORIENTED_EDGE('',*,*,#3734,.F.);
#2379=ORIENTED_EDGE('',*,*,#3734,.T.);
#2380=ORIENTED_EDGE('',*,*,#3660,.T.);
#2381=ORIENTED_EDGE('',*,*,#3492,.F.);
#2382=ORIENTED_EDGE('',*,*,#3689,.T.);
#2383=ORIENTED_EDGE('',*,*,#3683,.F.);
#2384=ORIENTED_EDGE('',*,*,#3735,.F.);
#2385=ORIENTED_EDGE('',*,*,#3735,.T.);
#2386=ORIENTED_EDGE('',*,*,#3657,.T.);
#2387=ORIENTED_EDGE('',*,*,#3486,.F.);
#2388=ORIENTED_EDGE('',*,*,#3686,.T.);
#2389=ORIENTED_EDGE('',*,*,#3490,.F.);
#2390=ORIENTED_EDGE('',*,*,#3736,.F.);
#2391=ORIENTED_EDGE('',*,*,#3736,.T.);
#2392=ORIENTED_EDGE('',*,*,#3656,.T.);
#2393=ORIENTED_EDGE('',*,*,#3456,.F.);
#2394=ORIENTED_EDGE('',*,*,#3737,.F.);
#2395=ORIENTED_EDGE('',*,*,#3379,.T.);
#2396=ORIENTED_EDGE('',*,*,#3738,.F.);
#2397=ORIENTED_EDGE('',*,*,#3479,.T.);
#2398=ORIENTED_EDGE('',*,*,#3457,.T.);
#2399=ORIENTED_EDGE('',*,*,#3738,.T.);
#2400=ORIENTED_EDGE('',*,*,#3378,.F.);
#2401=ORIENTED_EDGE('',*,*,#3737,.T.);
#2402=ORIENTED_EDGE('',*,*,#3455,.T.);
#2403=ORIENTED_EDGE('',*,*,#3478,.T.);
#2404=ORIENTED_EDGE('',*,*,#3380,.F.);
#2405=ORIENTED_EDGE('',*,*,#3463,.F.);
#2406=ORIENTED_EDGE('',*,*,#3739,.T.);
#2407=ORIENTED_EDGE('',*,*,#3370,.T.);
#2408=ORIENTED_EDGE('',*,*,#3740,.T.);
#2409=ORIENTED_EDGE('',*,*,#3739,.F.);
#2410=ORIENTED_EDGE('',*,*,#3462,.T.);
#2411=ORIENTED_EDGE('',*,*,#3481,.F.);
#2412=ORIENTED_EDGE('',*,*,#3371,.F.);
#2413=ORIENTED_EDGE('',*,*,#3480,.F.);
#2414=ORIENTED_EDGE('',*,*,#3464,.T.);
#2415=ORIENTED_EDGE('',*,*,#3740,.F.);
#2416=ORIENTED_EDGE('',*,*,#3369,.F.);
#2417=ORIENTED_EDGE('',*,*,#3741,.T.);
#2418=ORIENTED_EDGE('',*,*,#3425,.F.);
#2419=ORIENTED_EDGE('',*,*,#3742,.F.);
#2420=ORIENTED_EDGE('',*,*,#3743,.T.);
#2421=ORIENTED_EDGE('',*,*,#3744,.T.);
#2422=ORIENTED_EDGE('',*,*,#3745,.T.);
#2423=ORIENTED_EDGE('',*,*,#3415,.F.);
#2424=ORIENTED_EDGE('',*,*,#3746,.F.);
#2425=ORIENTED_EDGE('',*,*,#3747,.T.);
#2426=ORIENTED_EDGE('',*,*,#3748,.T.);
#2427=ORIENTED_EDGE('',*,*,#3749,.T.);
#2428=ORIENTED_EDGE('',*,*,#3417,.F.);
#2429=ORIENTED_EDGE('',*,*,#3750,.F.);
#2430=ORIENTED_EDGE('',*,*,#3751,.T.);
#2431=ORIENTED_EDGE('',*,*,#3752,.T.);
#2432=ORIENTED_EDGE('',*,*,#3753,.T.);
#2433=ORIENTED_EDGE('',*,*,#3484,.F.);
#2434=ORIENTED_EDGE('',*,*,#3675,.T.);
#2435=ORIENTED_EDGE('',*,*,#3754,.T.);
#2436=ORIENTED_EDGE('',*,*,#3755,.T.);
#2437=ORIENTED_EDGE('',*,*,#3756,.T.);
#2438=ORIENTED_EDGE('',*,*,#3757,.T.);
#2439=ORIENTED_EDGE('',*,*,#3427,.F.);
#2440=ORIENTED_EDGE('',*,*,#3758,.F.);
#2441=ORIENTED_EDGE('',*,*,#3759,.T.);
#2442=ORIENTED_EDGE('',*,*,#3760,.T.);
#2443=ORIENTED_EDGE('',*,*,#3761,.T.);
#2444=ORIENTED_EDGE('',*,*,#3753,.F.);
#2445=ORIENTED_EDGE('',*,*,#3762,.T.);
#2446=ORIENTED_EDGE('',*,*,#3715,.T.);
#2447=ORIENTED_EDGE('',*,*,#3762,.F.);
#2448=ORIENTED_EDGE('',*,*,#3437,.F.);
#2449=ORIENTED_EDGE('',*,*,#3763,.T.);
#2450=ORIENTED_EDGE('',*,*,#3716,.T.);
#2451=ORIENTED_EDGE('',*,*,#3763,.F.);
#2452=ORIENTED_EDGE('',*,*,#3755,.F.);
#2453=ORIENTED_EDGE('',*,*,#3745,.F.);
#2454=ORIENTED_EDGE('',*,*,#3756,.F.);
#2455=ORIENTED_EDGE('',*,*,#3749,.F.);
#2456=ORIENTED_EDGE('',*,*,#3761,.F.);
#2457=ORIENTED_EDGE('',*,*,#3757,.F.);
#2458=ORIENTED_EDGE('',*,*,#3754,.F.);
#2459=ORIENTED_EDGE('',*,*,#3741,.F.);
#2460=ORIENTED_EDGE('',*,*,#3445,.T.);
#2461=ORIENTED_EDGE('',*,*,#3452,.F.);
#2462=ORIENTED_EDGE('',*,*,#3411,.T.);
#2463=ORIENTED_EDGE('',*,*,#3442,.T.);
#2464=ORIENTED_EDGE('',*,*,#3327,.F.);
#2465=ORIENTED_EDGE('',*,*,#3413,.F.);
#2466=ORIENTED_EDGE('',*,*,#3451,.T.);
#2467=ORIENTED_EDGE('',*,*,#3440,.F.);
#2468=ORIENTED_EDGE('',*,*,#3446,.T.);
#2469=ORIENTED_EDGE('',*,*,#3443,.F.);
#2470=ORIENTED_EDGE('',*,*,#3409,.F.);
#2471=ORIENTED_EDGE('',*,*,#3449,.T.);
#2472=ORIENTED_EDGE('',*,*,#3450,.F.);
#2473=ORIENTED_EDGE('',*,*,#3407,.T.);
#2474=ORIENTED_EDGE('',*,*,#3322,.T.);
#2475=ORIENTED_EDGE('',*,*,#3439,.F.);
#2476=ORIENTED_EDGE('',*,*,#3643,.T.);
#2477=ORIENTED_EDGE('',*,*,#3400,.F.);
#2478=ORIENTED_EDGE('',*,*,#3764,.F.);
#2479=ORIENTED_EDGE('',*,*,#3433,.F.);
#2480=ORIENTED_EDGE('',*,*,#3674,.T.);
#2481=ORIENTED_EDGE('',*,*,#3676,.F.);
#2482=ORIENTED_EDGE('',*,*,#3429,.T.);
#2483=ORIENTED_EDGE('',*,*,#3765,.T.);
#2484=ORIENTED_EDGE('',*,*,#3398,.T.);
#2485=ORIENTED_EDGE('',*,*,#3642,.F.);
#2486=ORIENTED_EDGE('',*,*,#3634,.T.);
#2487=ORIENTED_EDGE('',*,*,#3403,.F.);
#2488=ORIENTED_EDGE('',*,*,#3766,.F.);
#2489=ORIENTED_EDGE('',*,*,#3423,.F.);
#2490=ORIENTED_EDGE('',*,*,#3615,.T.);
#2491=ORIENTED_EDGE('',*,*,#3616,.F.);
#2492=ORIENTED_EDGE('',*,*,#3419,.T.);
#2493=ORIENTED_EDGE('',*,*,#3767,.T.);
#2494=ORIENTED_EDGE('',*,*,#3405,.T.);
#2495=ORIENTED_EDGE('',*,*,#3650,.F.);
#2496=ORIENTED_EDGE('',*,*,#3416,.T.);
#2497=ORIENTED_EDGE('',*,*,#3748,.F.);
#2498=ORIENTED_EDGE('',*,*,#3768,.T.);
#2499=ORIENTED_EDGE('',*,*,#3750,.T.);
#2500=ORIENTED_EDGE('',*,*,#3764,.T.);
#2501=ORIENTED_EDGE('',*,*,#3769,.T.);
#2502=ORIENTED_EDGE('',*,*,#3746,.T.);
#2503=ORIENTED_EDGE('',*,*,#3414,.T.);
#2504=ORIENTED_EDGE('',*,*,#3428,.T.);
#2505=ORIENTED_EDGE('',*,*,#3760,.F.);
#2506=ORIENTED_EDGE('',*,*,#3770,.T.);
#2507=ORIENTED_EDGE('',*,*,#3765,.F.);
#2508=ORIENTED_EDGE('',*,*,#3744,.F.);
#2509=ORIENTED_EDGE('',*,*,#3771,.F.);
#2510=ORIENTED_EDGE('',*,*,#3758,.T.);
#2511=ORIENTED_EDGE('',*,*,#3426,.F.);
#2512=ORIENTED_EDGE('',*,*,#3418,.F.);
#2513=ORIENTED_EDGE('',*,*,#3752,.F.);
#2514=ORIENTED_EDGE('',*,*,#3772,.F.);
#2515=ORIENTED_EDGE('',*,*,#3767,.F.);
#2516=ORIENTED_EDGE('',*,*,#3766,.T.);
#2517=ORIENTED_EDGE('',*,*,#3773,.F.);
#2518=ORIENTED_EDGE('',*,*,#3742,.T.);
#2519=ORIENTED_EDGE('',*,*,#3424,.F.);
#2520=ORIENTED_EDGE('',*,*,#3747,.F.);
#2521=ORIENTED_EDGE('',*,*,#3769,.F.);
#2522=ORIENTED_EDGE('',*,*,#3399,.F.);
#2523=ORIENTED_EDGE('',*,*,#3770,.F.);
#2524=ORIENTED_EDGE('',*,*,#3759,.F.);
#2525=ORIENTED_EDGE('',*,*,#3771,.T.);
#2526=ORIENTED_EDGE('',*,*,#3743,.F.);
#2527=ORIENTED_EDGE('',*,*,#3773,.T.);
#2528=ORIENTED_EDGE('',*,*,#3402,.T.);
#2529=ORIENTED_EDGE('',*,*,#3772,.T.);
#2530=ORIENTED_EDGE('',*,*,#3751,.F.);
#2531=ORIENTED_EDGE('',*,*,#3768,.F.);
#2532=ORIENTED_EDGE('',*,*,#3335,.T.);
#2533=ORIENTED_EDGE('',*,*,#3390,.F.);
#2534=ORIENTED_EDGE('',*,*,#3389,.T.);
#2535=ORIENTED_EDGE('',*,*,#3329,.F.);
#2536=ORIENTED_EDGE('',*,*,#3774,.T.);
#2537=ORIENTED_EDGE('',*,*,#3775,.T.);
#2538=ORIENTED_EDGE('',*,*,#3776,.T.);
#2539=ORIENTED_EDGE('',*,*,#3336,.T.);
#2540=ORIENTED_EDGE('',*,*,#3777,.T.);
#2541=ORIENTED_EDGE('',*,*,#3778,.T.);
#2542=ORIENTED_EDGE('',*,*,#3779,.T.);
#2543=ORIENTED_EDGE('',*,*,#3341,.T.);
#2544=ORIENTED_EDGE('',*,*,#3780,.F.);
#2545=ORIENTED_EDGE('',*,*,#3781,.T.);
#2546=ORIENTED_EDGE('',*,*,#3339,.F.);
#2547=ORIENTED_EDGE('',*,*,#3782,.T.);
#2548=ORIENTED_EDGE('',*,*,#3781,.F.);
#2549=ORIENTED_EDGE('',*,*,#3783,.T.);
#2550=ORIENTED_EDGE('',*,*,#3777,.F.);
#2551=ORIENTED_EDGE('',*,*,#3340,.F.);
#2552=ORIENTED_EDGE('',*,*,#3779,.F.);
#2553=ORIENTED_EDGE('',*,*,#3784,.T.);
#2554=ORIENTED_EDGE('',*,*,#3774,.F.);
#2555=ORIENTED_EDGE('',*,*,#3342,.F.);
#2556=ORIENTED_EDGE('',*,*,#3776,.F.);
#2557=ORIENTED_EDGE('',*,*,#3785,.T.);
#2558=ORIENTED_EDGE('',*,*,#3289,.F.);
#2559=ORIENTED_EDGE('',*,*,#3337,.F.);
#2560=ORIENTED_EDGE('',*,*,#3291,.F.);
#2561=ORIENTED_EDGE('',*,*,#3786,.T.);
#2562=ORIENTED_EDGE('',*,*,#3782,.F.);
#2563=ORIENTED_EDGE('',*,*,#3338,.F.);
#2564=ORIENTED_EDGE('',*,*,#3787,.F.);
#2565=ORIENTED_EDGE('',*,*,#3788,.T.);
#2566=ORIENTED_EDGE('',*,*,#3789,.F.);
#2567=ORIENTED_EDGE('',*,*,#3366,.F.);
#2568=ORIENTED_EDGE('',*,*,#3790,.F.);
#2569=ORIENTED_EDGE('',*,*,#3791,.F.);
#2570=ORIENTED_EDGE('',*,*,#3364,.T.);
#2571=ORIENTED_EDGE('',*,*,#3792,.F.);
#2572=ORIENTED_EDGE('',*,*,#3793,.F.);
#2573=ORIENTED_EDGE('',*,*,#3794,.T.);
#2574=ORIENTED_EDGE('',*,*,#3795,.F.);
#2575=ORIENTED_EDGE('',*,*,#3361,.F.);
#2576=ORIENTED_EDGE('',*,*,#3789,.T.);
#2577=ORIENTED_EDGE('',*,*,#3796,.T.);
#2578=ORIENTED_EDGE('',*,*,#3793,.T.);
#2579=ORIENTED_EDGE('',*,*,#3367,.F.);
#2580=ORIENTED_EDGE('',*,*,#3791,.T.);
#2581=ORIENTED_EDGE('',*,*,#3797,.T.);
#2582=ORIENTED_EDGE('',*,*,#3787,.T.);
#2583=ORIENTED_EDGE('',*,*,#3365,.F.);
#2584=ORIENTED_EDGE('',*,*,#3795,.T.);
#2585=ORIENTED_EDGE('',*,*,#3798,.T.);
#2586=ORIENTED_EDGE('',*,*,#3293,.T.);
#2587=ORIENTED_EDGE('',*,*,#3362,.F.);
#2588=ORIENTED_EDGE('',*,*,#3295,.T.);
#2589=ORIENTED_EDGE('',*,*,#3799,.T.);
#2590=ORIENTED_EDGE('',*,*,#3792,.T.);
#2591=ORIENTED_EDGE('',*,*,#3363,.F.);
#2592=ORIENTED_EDGE('',*,*,#3800,.T.);
#2593=ORIENTED_EDGE('',*,*,#3801,.T.);
#2594=ORIENTED_EDGE('',*,*,#3802,.T.);
#2595=ORIENTED_EDGE('',*,*,#3357,.F.);
#2596=ORIENTED_EDGE('',*,*,#3803,.F.);
#2597=ORIENTED_EDGE('',*,*,#3804,.T.);
#2598=ORIENTED_EDGE('',*,*,#3359,.T.);
#2599=ORIENTED_EDGE('',*,*,#3805,.T.);
#2600=ORIENTED_EDGE('',*,*,#3806,.T.);
#2601=ORIENTED_EDGE('',*,*,#3807,.T.);
#2602=ORIENTED_EDGE('',*,*,#3808,.T.);
#2603=ORIENTED_EDGE('',*,*,#3355,.F.);
#2604=ORIENTED_EDGE('',*,*,#3808,.F.);
#2605=ORIENTED_EDGE('',*,*,#3809,.T.);
#2606=ORIENTED_EDGE('',*,*,#3800,.F.);
#2607=ORIENTED_EDGE('',*,*,#3356,.F.);
#2608=ORIENTED_EDGE('',*,*,#3802,.F.);
#2609=ORIENTED_EDGE('',*,*,#3810,.T.);
#2610=ORIENTED_EDGE('',*,*,#3805,.F.);
#2611=ORIENTED_EDGE('',*,*,#3358,.F.);
#2612=ORIENTED_EDGE('',*,*,#3299,.F.);
#2613=ORIENTED_EDGE('',*,*,#3811,.T.);
#2614=ORIENTED_EDGE('',*,*,#3806,.F.);
#2615=ORIENTED_EDGE('',*,*,#3354,.F.);
#2616=ORIENTED_EDGE('',*,*,#3804,.F.);
#2617=ORIENTED_EDGE('',*,*,#3812,.T.);
#2618=ORIENTED_EDGE('',*,*,#3297,.F.);
#2619=ORIENTED_EDGE('',*,*,#3360,.F.);
#2620=ORIENTED_EDGE('',*,*,#3813,.F.);
#2621=ORIENTED_EDGE('',*,*,#3814,.T.);
#2622=ORIENTED_EDGE('',*,*,#3815,.F.);
#2623=ORIENTED_EDGE('',*,*,#3816,.T.);
#2624=ORIENTED_EDGE('',*,*,#3278,.T.);
#2625=ORIENTED_EDGE('',*,*,#3817,.T.);
#2626=ORIENTED_EDGE('',*,*,#3281,.T.);
#2627=ORIENTED_EDGE('',*,*,#3818,.T.);
#2628=ORIENTED_EDGE('',*,*,#3283,.T.);
#2629=ORIENTED_EDGE('',*,*,#3819,.T.);
#2630=ORIENTED_EDGE('',*,*,#3273,.T.);
#2631=ORIENTED_EDGE('',*,*,#3820,.T.);
#2632=ORIENTED_EDGE('',*,*,#3275,.T.);
#2633=ORIENTED_EDGE('',*,*,#3821,.T.);
#2634=ORIENTED_EDGE('',*,*,#3813,.T.);
#2635=ORIENTED_EDGE('',*,*,#3822,.T.);
#2636=ORIENTED_EDGE('',*,*,#3815,.T.);
#2637=ORIENTED_EDGE('',*,*,#3823,.T.);
#2638=ORIENTED_EDGE('',*,*,#3280,.T.);
#2639=ORIENTED_EDGE('',*,*,#3824,.T.);
#2640=ORIENTED_EDGE('',*,*,#3825,.F.);
#2641=ORIENTED_EDGE('',*,*,#3826,.F.);
#2642=ORIENTED_EDGE('',*,*,#3827,.F.);
#2643=ORIENTED_EDGE('',*,*,#3352,.F.);
#2644=ORIENTED_EDGE('',*,*,#3348,.T.);
#2645=ORIENTED_EDGE('',*,*,#3828,.F.);
#2646=ORIENTED_EDGE('',*,*,#3829,.F.);
#2647=ORIENTED_EDGE('',*,*,#3830,.F.);
#2648=ORIENTED_EDGE('',*,*,#3831,.F.);
#2649=ORIENTED_EDGE('',*,*,#3832,.F.);
#2650=ORIENTED_EDGE('',*,*,#3833,.F.);
#2651=ORIENTED_EDGE('',*,*,#3350,.F.);
#2652=ORIENTED_EDGE('',*,*,#3346,.T.);
#2653=ORIENTED_EDGE('',*,*,#3834,.F.);
#2654=ORIENTED_EDGE('',*,*,#3835,.F.);
#2655=ORIENTED_EDGE('',*,*,#3836,.F.);
#2656=ORIENTED_EDGE('',*,*,#3836,.T.);
#2657=ORIENTED_EDGE('',*,*,#3837,.F.);
#2658=ORIENTED_EDGE('',*,*,#3828,.T.);
#2659=ORIENTED_EDGE('',*,*,#3347,.F.);
#2660=ORIENTED_EDGE('',*,*,#3830,.T.);
#2661=ORIENTED_EDGE('',*,*,#3838,.F.);
#2662=ORIENTED_EDGE('',*,*,#3831,.T.);
#2663=ORIENTED_EDGE('',*,*,#3349,.F.);
#2664=ORIENTED_EDGE('',*,*,#3827,.T.);
#2665=ORIENTED_EDGE('',*,*,#3839,.F.);
#2666=ORIENTED_EDGE('',*,*,#3834,.T.);
#2667=ORIENTED_EDGE('',*,*,#3353,.F.);
#2668=ORIENTED_EDGE('',*,*,#3833,.T.);
#2669=ORIENTED_EDGE('',*,*,#3840,.F.);
#2670=ORIENTED_EDGE('',*,*,#3825,.T.);
#2671=ORIENTED_EDGE('',*,*,#3351,.F.);
#2672=ORIENTED_EDGE('',*,*,#3284,.T.);
#2673=ORIENTED_EDGE('',*,*,#3820,.F.);
#2674=ORIENTED_EDGE('',*,*,#3276,.T.);
#2675=ORIENTED_EDGE('',*,*,#3822,.F.);
#2676=ORIENTED_EDGE('',*,*,#3816,.F.);
#2677=ORIENTED_EDGE('',*,*,#3824,.F.);
#2678=ORIENTED_EDGE('',*,*,#3279,.F.);
#2679=ORIENTED_EDGE('',*,*,#3818,.F.);
#2680=ORIENTED_EDGE('',*,*,#3841,.F.);
#2681=ORIENTED_EDGE('',*,*,#3842,.F.);
#2682=ORIENTED_EDGE('',*,*,#3843,.F.);
#2683=ORIENTED_EDGE('',*,*,#3844,.F.);
#2684=ORIENTED_EDGE('',*,*,#3845,.F.);
#2685=ORIENTED_EDGE('',*,*,#3846,.F.);
#2686=ORIENTED_EDGE('',*,*,#3847,.F.);
#2687=ORIENTED_EDGE('',*,*,#3848,.F.);
#2688=ORIENTED_EDGE('',*,*,#3849,.T.);
#2689=ORIENTED_EDGE('',*,*,#3829,.T.);
#2690=ORIENTED_EDGE('',*,*,#3850,.T.);
#2691=ORIENTED_EDGE('',*,*,#3844,.T.);
#2692=ORIENTED_EDGE('',*,*,#3850,.F.);
#2693=ORIENTED_EDGE('',*,*,#3837,.T.);
#2694=ORIENTED_EDGE('',*,*,#3851,.T.);
#2695=ORIENTED_EDGE('',*,*,#3845,.T.);
#2696=ORIENTED_EDGE('',*,*,#3849,.F.);
#2697=ORIENTED_EDGE('',*,*,#3843,.T.);
#2698=ORIENTED_EDGE('',*,*,#3852,.T.);
#2699=ORIENTED_EDGE('',*,*,#3838,.T.);
#2700=ORIENTED_EDGE('',*,*,#3851,.F.);
#2701=ORIENTED_EDGE('',*,*,#3835,.T.);
#2702=ORIENTED_EDGE('',*,*,#3853,.T.);
#2703=ORIENTED_EDGE('',*,*,#3846,.T.);
#2704=ORIENTED_EDGE('',*,*,#3852,.F.);
#2705=ORIENTED_EDGE('',*,*,#3842,.T.);
#2706=ORIENTED_EDGE('',*,*,#3854,.T.);
#2707=ORIENTED_EDGE('',*,*,#3832,.T.);
#2708=ORIENTED_EDGE('',*,*,#3853,.F.);
#2709=ORIENTED_EDGE('',*,*,#3839,.T.);
#2710=ORIENTED_EDGE('',*,*,#3855,.T.);
#2711=ORIENTED_EDGE('',*,*,#3847,.T.);
#2712=ORIENTED_EDGE('',*,*,#3854,.F.);
#2713=ORIENTED_EDGE('',*,*,#3841,.T.);
#2714=ORIENTED_EDGE('',*,*,#3856,.T.);
#2715=ORIENTED_EDGE('',*,*,#3840,.T.);
#2716=ORIENTED_EDGE('',*,*,#3855,.F.);
#2717=ORIENTED_EDGE('',*,*,#3826,.T.);
#2718=ORIENTED_EDGE('',*,*,#3856,.F.);
#2719=ORIENTED_EDGE('',*,*,#3848,.T.);
#2720=ORIENTED_EDGE('',*,*,#3857,.F.);
#2721=ORIENTED_EDGE('',*,*,#3304,.T.);
#2722=ORIENTED_EDGE('',*,*,#3343,.F.);
#2723=ORIENTED_EDGE('',*,*,#3307,.F.);
#2724=ORIENTED_EDGE('',*,*,#3858,.F.);
#2725=ORIENTED_EDGE('',*,*,#3313,.T.);
#2726=ORIENTED_EDGE('',*,*,#3344,.F.);
#2727=ORIENTED_EDGE('',*,*,#3302,.T.);
#2728=ORIENTED_EDGE('',*,*,#3317,.F.);
#2729=ORIENTED_EDGE('',*,*,#3859,.T.);
#2730=ORIENTED_EDGE('',*,*,#3305,.T.);
#2731=ORIENTED_EDGE('',*,*,#3345,.T.);
#2732=ORIENTED_EDGE('',*,*,#3314,.F.);
#2733=ORIENTED_EDGE('',*,*,#3858,.T.);
#2734=ORIENTED_EDGE('',*,*,#3301,.T.);
#2735=ORIENTED_EDGE('',*,*,#3857,.T.);
#2736=ORIENTED_EDGE('',*,*,#3306,.F.);
#2737=ORIENTED_EDGE('',*,*,#3859,.F.);
#2738=ORIENTED_EDGE('',*,*,#3316,.T.);
#2739=ORIENTED_EDGE('',*,*,#3309,.T.);
#2740=ORIENTED_EDGE('',*,*,#3811,.F.);
#2741=ORIENTED_EDGE('',*,*,#3298,.F.);
#2742=ORIENTED_EDGE('',*,*,#3812,.F.);
#2743=ORIENTED_EDGE('',*,*,#3803,.T.);
#2744=ORIENTED_EDGE('',*,*,#3810,.F.);
#2745=ORIENTED_EDGE('',*,*,#3801,.F.);
#2746=ORIENTED_EDGE('',*,*,#3809,.F.);
#2747=ORIENTED_EDGE('',*,*,#3807,.F.);
#2748=ORIENTED_EDGE('',*,*,#3798,.F.);
#2749=ORIENTED_EDGE('',*,*,#3794,.F.);
#2750=ORIENTED_EDGE('',*,*,#3796,.F.);
#2751=ORIENTED_EDGE('',*,*,#3788,.F.);
#2752=ORIENTED_EDGE('',*,*,#3797,.F.);
#2753=ORIENTED_EDGE('',*,*,#3790,.T.);
#2754=ORIENTED_EDGE('',*,*,#3799,.F.);
#2755=ORIENTED_EDGE('',*,*,#3294,.F.);
#2756=ORIENTED_EDGE('',*,*,#3785,.F.);
#2757=ORIENTED_EDGE('',*,*,#3775,.F.);
#2758=ORIENTED_EDGE('',*,*,#3784,.F.);
#2759=ORIENTED_EDGE('',*,*,#3778,.F.);
#2760=ORIENTED_EDGE('',*,*,#3783,.F.);
#2761=ORIENTED_EDGE('',*,*,#3780,.T.);
#2762=ORIENTED_EDGE('',*,*,#3786,.F.);
#2763=ORIENTED_EDGE('',*,*,#3290,.F.);
#2764=ORIENTED_EDGE('',*,*,#3285,.T.);
#2765=ORIENTED_EDGE('',*,*,#3393,.T.);
#2766=ORIENTED_EDGE('',*,*,#3395,.T.);
#2767=ORIENTED_EDGE('',*,*,#3397,.T.);
#2768=ORIENTED_EDGE('',*,*,#3817,.F.);
#2769=ORIENTED_EDGE('',*,*,#3277,.T.);
#2770=ORIENTED_EDGE('',*,*,#3823,.F.);
#2771=ORIENTED_EDGE('',*,*,#3814,.F.);
#2772=ORIENTED_EDGE('',*,*,#3821,.F.);
#2773=ORIENTED_EDGE('',*,*,#3274,.F.);
#2774=ORIENTED_EDGE('',*,*,#3819,.F.);
#2775=ORIENTED_EDGE('',*,*,#3282,.F.);
#2776=ORIENTED_EDGE('',*,*,#3591,.F.);
#2777=ORIENTED_EDGE('',*,*,#3587,.F.);
#2778=ORIENTED_EDGE('',*,*,#3860,.F.);
#2779=ORIENTED_EDGE('',*,*,#3595,.F.);
#2780=ORIENTED_EDGE('',*,*,#3860,.T.);
#2781=ORIENTED_EDGE('',*,*,#3586,.F.);
#2782=ORIENTED_EDGE('',*,*,#3861,.F.);
#2783=ORIENTED_EDGE('',*,*,#3560,.F.);
#2784=ORIENTED_EDGE('',*,*,#3593,.F.);
#2785=ORIENTED_EDGE('',*,*,#3594,.F.);
#2786=ORIENTED_EDGE('',*,*,#3861,.T.);
#2787=ORIENTED_EDGE('',*,*,#3585,.F.);
#2788=ORIENTED_EDGE('',*,*,#3582,.F.);
#2789=ORIENTED_EDGE('',*,*,#3575,.F.);
#2790=ORIENTED_EDGE('',*,*,#3862,.F.);
#2791=ORIENTED_EDGE('',*,*,#3388,.F.);
#2792=ORIENTED_EDGE('',*,*,#3862,.T.);
#2793=ORIENTED_EDGE('',*,*,#3574,.F.);
#2794=ORIENTED_EDGE('',*,*,#3863,.F.);
#2795=ORIENTED_EDGE('',*,*,#3597,.F.);
#2796=ORIENTED_EDGE('',*,*,#3863,.T.);
#2797=ORIENTED_EDGE('',*,*,#3578,.F.);
#2798=ORIENTED_EDGE('',*,*,#3864,.F.);
#2799=ORIENTED_EDGE('',*,*,#3562,.F.);
#2800=ORIENTED_EDGE('',*,*,#3864,.T.);
#2801=ORIENTED_EDGE('',*,*,#3571,.F.);
#2802=ORIENTED_EDGE('',*,*,#3865,.F.);
#2803=ORIENTED_EDGE('',*,*,#3563,.F.);
#2804=ORIENTED_EDGE('',*,*,#3865,.T.);
#2805=ORIENTED_EDGE('',*,*,#3568,.F.);
#2806=ORIENTED_EDGE('',*,*,#3866,.F.);
#2807=ORIENTED_EDGE('',*,*,#3564,.F.);
#2808=ORIENTED_EDGE('',*,*,#3866,.T.);
#2809=ORIENTED_EDGE('',*,*,#3567,.F.);
#2810=ORIENTED_EDGE('',*,*,#3867,.F.);
#2811=ORIENTED_EDGE('',*,*,#3596,.F.);
#2812=ORIENTED_EDGE('',*,*,#3583,.F.);
#2813=ORIENTED_EDGE('',*,*,#3386,.F.);
#2814=ORIENTED_EDGE('',*,*,#3867,.T.);
#2815=ORIENTED_EDGE('',*,*,#3566,.F.);
#2816=ORIENTED_EDGE('',*,*,#3868,.F.);
#2817=ORIENTED_EDGE('',*,*,#3580,.T.);
#2818=ORIENTED_EDGE('',*,*,#3868,.T.);
#2819=ORIENTED_EDGE('',*,*,#3869,.F.);
#2820=ORIENTED_EDGE('',*,*,#3579,.T.);
#2821=ORIENTED_EDGE('',*,*,#3869,.T.);
#2822=ORIENTED_EDGE('',*,*,#3870,.T.);
#2823=ORIENTED_EDGE('',*,*,#3871,.T.);
#2824=ORIENTED_EDGE('',*,*,#3872,.F.);
#2825=ORIENTED_EDGE('',*,*,#3873,.T.);
#2826=ORIENTED_EDGE('',*,*,#3874,.F.);
#2827=ORIENTED_EDGE('',*,*,#3875,.T.);
#2828=ORIENTED_EDGE('',*,*,#3876,.T.);
#2829=ORIENTED_EDGE('',*,*,#3877,.T.);
#2830=ORIENTED_EDGE('',*,*,#3878,.F.);
#2831=ORIENTED_EDGE('',*,*,#3879,.T.);
#2832=ORIENTED_EDGE('',*,*,#3880,.T.);
#2833=ORIENTED_EDGE('',*,*,#3881,.T.);
#2834=ORIENTED_EDGE('',*,*,#3882,.T.);
#2835=ORIENTED_EDGE('',*,*,#3883,.T.);
#2836=ORIENTED_EDGE('',*,*,#3884,.F.);
#2837=ORIENTED_EDGE('',*,*,#3885,.T.);
#2838=ORIENTED_EDGE('',*,*,#3886,.F.);
#2839=ORIENTED_EDGE('',*,*,#3887,.T.);
#2840=ORIENTED_EDGE('',*,*,#3884,.T.);
#2841=ORIENTED_EDGE('',*,*,#3888,.T.);
#2842=ORIENTED_EDGE('',*,*,#3880,.F.);
#2843=ORIENTED_EDGE('',*,*,#3889,.T.);
#2844=ORIENTED_EDGE('',*,*,#3890,.T.);
#2845=ORIENTED_EDGE('',*,*,#3891,.T.);
#2846=ORIENTED_EDGE('',*,*,#3892,.F.);
#2847=ORIENTED_EDGE('',*,*,#3893,.T.);
#2848=ORIENTED_EDGE('',*,*,#3878,.T.);
#2849=ORIENTED_EDGE('',*,*,#3894,.T.);
#2850=ORIENTED_EDGE('',*,*,#3882,.F.);
#2851=ORIENTED_EDGE('',*,*,#3895,.T.);
#2852=ORIENTED_EDGE('',*,*,#3896,.T.);
#2853=ORIENTED_EDGE('',*,*,#3897,.T.);
#2854=ORIENTED_EDGE('',*,*,#3890,.F.);
#2855=ORIENTED_EDGE('',*,*,#3898,.T.);
#2856=ORIENTED_EDGE('',*,*,#3892,.T.);
#2857=ORIENTED_EDGE('',*,*,#3899,.T.);
#2858=ORIENTED_EDGE('',*,*,#3886,.T.);
#2859=ORIENTED_EDGE('',*,*,#3900,.T.);
#2860=ORIENTED_EDGE('',*,*,#3896,.F.);
#2861=ORIENTED_EDGE('',*,*,#3901,.T.);
#2862=ORIENTED_EDGE('',*,*,#3879,.F.);
#2863=ORIENTED_EDGE('',*,*,#3893,.F.);
#2864=ORIENTED_EDGE('',*,*,#3898,.F.);
#2865=ORIENTED_EDGE('',*,*,#3889,.F.);
#2866=ORIENTED_EDGE('',*,*,#3881,.F.);
#2867=ORIENTED_EDGE('',*,*,#3891,.F.);
#2868=ORIENTED_EDGE('',*,*,#3901,.F.);
#2869=ORIENTED_EDGE('',*,*,#3895,.F.);
#2870=ORIENTED_EDGE('',*,*,#3885,.F.);
#2871=ORIENTED_EDGE('',*,*,#3887,.F.);
#2872=ORIENTED_EDGE('',*,*,#3899,.F.);
#2873=ORIENTED_EDGE('',*,*,#3894,.F.);
#2874=ORIENTED_EDGE('',*,*,#3883,.F.);
#2875=ORIENTED_EDGE('',*,*,#3897,.F.);
#2876=ORIENTED_EDGE('',*,*,#3900,.F.);
#2877=ORIENTED_EDGE('',*,*,#3888,.F.);
#2878=ORIENTED_EDGE('',*,*,#3902,.T.);
#2879=ORIENTED_EDGE('',*,*,#3903,.T.);
#2880=ORIENTED_EDGE('',*,*,#3904,.T.);
#2881=ORIENTED_EDGE('',*,*,#3872,.T.);
#2882=ORIENTED_EDGE('',*,*,#3905,.T.);
#2883=ORIENTED_EDGE('',*,*,#3906,.T.);
#2884=ORIENTED_EDGE('',*,*,#3907,.T.);
#2885=ORIENTED_EDGE('',*,*,#3876,.F.);
#2886=ORIENTED_EDGE('',*,*,#3908,.T.);
#2887=ORIENTED_EDGE('',*,*,#3909,.T.);
#2888=ORIENTED_EDGE('',*,*,#3910,.T.);
#2889=ORIENTED_EDGE('',*,*,#3911,.T.);
#2890=ORIENTED_EDGE('',*,*,#3912,.T.);
#2891=ORIENTED_EDGE('',*,*,#3913,.T.);
#2892=ORIENTED_EDGE('',*,*,#3914,.T.);
#2893=ORIENTED_EDGE('',*,*,#3874,.T.);
#2894=ORIENTED_EDGE('',*,*,#3915,.T.);
#2895=ORIENTED_EDGE('',*,*,#3916,.T.);
#2896=ORIENTED_EDGE('',*,*,#3917,.T.);
#2897=ORIENTED_EDGE('',*,*,#3918,.T.);
#2898=ORIENTED_EDGE('',*,*,#3919,.T.);
#2899=ORIENTED_EDGE('',*,*,#3920,.T.);
#2900=ORIENTED_EDGE('',*,*,#3921,.T.);
#2901=ORIENTED_EDGE('',*,*,#3922,.T.);
#2902=ORIENTED_EDGE('',*,*,#3923,.T.);
#2903=ORIENTED_EDGE('',*,*,#3924,.T.);
#2904=ORIENTED_EDGE('',*,*,#3925,.T.);
#2905=ORIENTED_EDGE('',*,*,#3870,.F.);
#2906=ORIENTED_EDGE('',*,*,#3925,.F.);
#2907=ORIENTED_EDGE('',*,*,#3926,.T.);
#2908=ORIENTED_EDGE('',*,*,#3902,.F.);
#2909=ORIENTED_EDGE('',*,*,#3871,.F.);
#2910=ORIENTED_EDGE('',*,*,#3907,.F.);
#2911=ORIENTED_EDGE('',*,*,#3927,.T.);
#2912=ORIENTED_EDGE('',*,*,#3919,.F.);
#2913=ORIENTED_EDGE('',*,*,#3877,.F.);
#2914=ORIENTED_EDGE('',*,*,#3904,.F.);
#2915=ORIENTED_EDGE('',*,*,#3928,.T.);
#2916=ORIENTED_EDGE('',*,*,#3915,.F.);
#2917=ORIENTED_EDGE('',*,*,#3873,.F.);
#2918=ORIENTED_EDGE('',*,*,#3914,.F.);
#2919=ORIENTED_EDGE('',*,*,#3929,.T.);
#2920=ORIENTED_EDGE('',*,*,#3905,.F.);
#2921=ORIENTED_EDGE('',*,*,#3875,.F.);
#2922=ORIENTED_EDGE('',*,*,#3930,.T.);
#2923=ORIENTED_EDGE('',*,*,#3931,.T.);
#2924=ORIENTED_EDGE('',*,*,#3932,.T.);
#2925=ORIENTED_EDGE('',*,*,#3933,.T.);
#2926=ORIENTED_EDGE('',*,*,#3934,.T.);
#2927=ORIENTED_EDGE('',*,*,#3935,.T.);
#2928=ORIENTED_EDGE('',*,*,#3936,.T.);
#2929=ORIENTED_EDGE('',*,*,#3937,.T.);
#2930=ORIENTED_EDGE('',*,*,#3938,.T.);
#2931=ORIENTED_EDGE('',*,*,#3939,.T.);
#2932=ORIENTED_EDGE('',*,*,#3940,.T.);
#2933=ORIENTED_EDGE('',*,*,#3941,.T.);
#2934=ORIENTED_EDGE('',*,*,#3910,.F.);
#2935=ORIENTED_EDGE('',*,*,#3942,.T.);
#2936=ORIENTED_EDGE('',*,*,#3930,.F.);
#2937=ORIENTED_EDGE('',*,*,#3943,.T.);
#2938=ORIENTED_EDGE('',*,*,#3908,.F.);
#2939=ORIENTED_EDGE('',*,*,#3944,.T.);
#2940=ORIENTED_EDGE('',*,*,#3936,.F.);
#2941=ORIENTED_EDGE('',*,*,#3945,.T.);
#2942=ORIENTED_EDGE('',*,*,#3946,.F.);
#2943=ORIENTED_EDGE('',*,*,#3942,.F.);
#2944=ORIENTED_EDGE('',*,*,#3947,.F.);
#2945=ORIENTED_EDGE('',*,*,#3917,.F.);
#2946=ORIENTED_EDGE('',*,*,#3947,.T.);
#2947=ORIENTED_EDGE('',*,*,#3909,.F.);
#2948=ORIENTED_EDGE('',*,*,#3948,.F.);
#2949=ORIENTED_EDGE('',*,*,#3918,.F.);
#2950=ORIENTED_EDGE('',*,*,#3946,.T.);
#2951=ORIENTED_EDGE('',*,*,#3916,.F.);
#2952=ORIENTED_EDGE('',*,*,#3949,.F.);
#2953=ORIENTED_EDGE('',*,*,#3931,.F.);
#2954=ORIENTED_EDGE('',*,*,#3948,.T.);
#2955=ORIENTED_EDGE('',*,*,#3945,.F.);
#2956=ORIENTED_EDGE('',*,*,#3950,.F.);
#2957=ORIENTED_EDGE('',*,*,#3912,.F.);
#2958=ORIENTED_EDGE('',*,*,#3949,.T.);
#2959=ORIENTED_EDGE('',*,*,#3928,.F.);
#2960=ORIENTED_EDGE('',*,*,#3951,.F.);
#2961=ORIENTED_EDGE('',*,*,#3932,.F.);
#2962=ORIENTED_EDGE('',*,*,#3950,.T.);
#2963=ORIENTED_EDGE('',*,*,#3941,.F.);
#2964=ORIENTED_EDGE('',*,*,#3952,.F.);
#2965=ORIENTED_EDGE('',*,*,#3913,.F.);
#2966=ORIENTED_EDGE('',*,*,#3951,.T.);
#2967=ORIENTED_EDGE('',*,*,#3903,.F.);
#2968=ORIENTED_EDGE('',*,*,#3953,.F.);
#2969=ORIENTED_EDGE('',*,*,#3933,.F.);
#2970=ORIENTED_EDGE('',*,*,#3952,.T.);
#2971=ORIENTED_EDGE('',*,*,#3940,.F.);
#2972=ORIENTED_EDGE('',*,*,#3954,.F.);
#2973=ORIENTED_EDGE('',*,*,#3929,.F.);
#2974=ORIENTED_EDGE('',*,*,#3953,.T.);
#2975=ORIENTED_EDGE('',*,*,#3926,.F.);
#2976=ORIENTED_EDGE('',*,*,#3955,.F.);
#2977=ORIENTED_EDGE('',*,*,#3934,.F.);
#2978=ORIENTED_EDGE('',*,*,#3954,.T.);
#2979=ORIENTED_EDGE('',*,*,#3939,.F.);
#2980=ORIENTED_EDGE('',*,*,#3956,.F.);
#2981=ORIENTED_EDGE('',*,*,#3906,.F.);
#2982=ORIENTED_EDGE('',*,*,#3955,.T.);
#2983=ORIENTED_EDGE('',*,*,#3924,.F.);
#2984=ORIENTED_EDGE('',*,*,#3957,.F.);
#2985=ORIENTED_EDGE('',*,*,#3935,.F.);
#2986=ORIENTED_EDGE('',*,*,#3956,.T.);
#2987=ORIENTED_EDGE('',*,*,#3938,.F.);
#2988=ORIENTED_EDGE('',*,*,#3958,.F.);
#2989=ORIENTED_EDGE('',*,*,#3927,.F.);
#2990=ORIENTED_EDGE('',*,*,#3957,.T.);
#2991=ORIENTED_EDGE('',*,*,#3923,.F.);
#2992=ORIENTED_EDGE('',*,*,#3959,.F.);
#2993=ORIENTED_EDGE('',*,*,#3943,.F.);
#2994=ORIENTED_EDGE('',*,*,#3958,.T.);
#2995=ORIENTED_EDGE('',*,*,#3937,.F.);
#2996=ORIENTED_EDGE('',*,*,#3960,.F.);
#2997=ORIENTED_EDGE('',*,*,#3920,.F.);
#2998=ORIENTED_EDGE('',*,*,#3959,.T.);
#2999=ORIENTED_EDGE('',*,*,#3922,.F.);
#3000=ORIENTED_EDGE('',*,*,#3961,.F.);
#3001=ORIENTED_EDGE('',*,*,#3911,.F.);
#3002=ORIENTED_EDGE('',*,*,#3960,.T.);
#3003=ORIENTED_EDGE('',*,*,#3944,.F.);
#3004=ORIENTED_EDGE('',*,*,#3961,.T.);
#3005=ORIENTED_EDGE('',*,*,#3921,.F.);
#3006=ORIENTED_EDGE('',*,*,#3962,.F.);
#3007=ORIENTED_EDGE('',*,*,#3963,.F.);
#3008=ORIENTED_EDGE('',*,*,#3964,.F.);
#3009=ORIENTED_EDGE('',*,*,#3965,.F.);
#3010=ORIENTED_EDGE('',*,*,#3966,.T.);
#3011=ORIENTED_EDGE('',*,*,#3967,.F.);
#3012=ORIENTED_EDGE('',*,*,#3968,.T.);
#3013=ORIENTED_EDGE('',*,*,#3969,.F.);
#3014=ORIENTED_EDGE('',*,*,#3970,.T.);
#3015=ORIENTED_EDGE('',*,*,#3971,.F.);
#3016=ORIENTED_EDGE('',*,*,#3972,.T.);
#3017=ORIENTED_EDGE('',*,*,#3973,.F.);
#3018=ORIENTED_EDGE('',*,*,#3974,.F.);
#3019=ORIENTED_EDGE('',*,*,#3975,.F.);
#3020=ORIENTED_EDGE('',*,*,#3976,.F.);
#3021=ORIENTED_EDGE('',*,*,#3977,.F.);
#3022=ORIENTED_EDGE('',*,*,#3978,.T.);
#3023=ORIENTED_EDGE('',*,*,#3979,.F.);
#3024=ORIENTED_EDGE('',*,*,#3972,.F.);
#3025=ORIENTED_EDGE('',*,*,#3980,.F.);
#3026=ORIENTED_EDGE('',*,*,#3976,.T.);
#3027=ORIENTED_EDGE('',*,*,#3981,.F.);
#3028=ORIENTED_EDGE('',*,*,#3982,.F.);
#3029=ORIENTED_EDGE('',*,*,#3983,.F.);
#3030=ORIENTED_EDGE('',*,*,#3984,.T.);
#3031=ORIENTED_EDGE('',*,*,#3985,.F.);
#3032=ORIENTED_EDGE('',*,*,#3970,.F.);
#3033=ORIENTED_EDGE('',*,*,#3986,.F.);
#3034=ORIENTED_EDGE('',*,*,#3974,.T.);
#3035=ORIENTED_EDGE('',*,*,#3987,.F.);
#3036=ORIENTED_EDGE('',*,*,#3988,.F.);
#3037=ORIENTED_EDGE('',*,*,#3989,.F.);
#3038=ORIENTED_EDGE('',*,*,#3982,.T.);
#3039=ORIENTED_EDGE('',*,*,#3990,.F.);
#3040=ORIENTED_EDGE('',*,*,#3988,.T.);
#3041=ORIENTED_EDGE('',*,*,#3991,.F.);
#3042=ORIENTED_EDGE('',*,*,#3978,.F.);
#3043=ORIENTED_EDGE('',*,*,#3992,.F.);
#3044=ORIENTED_EDGE('',*,*,#3984,.F.);
#3045=ORIENTED_EDGE('',*,*,#3993,.F.);
#3046=ORIENTED_EDGE('',*,*,#3977,.T.);
#3047=ORIENTED_EDGE('',*,*,#3983,.T.);
#3048=ORIENTED_EDGE('',*,*,#3993,.T.);
#3049=ORIENTED_EDGE('',*,*,#3986,.T.);
#3050=ORIENTED_EDGE('',*,*,#3975,.T.);
#3051=ORIENTED_EDGE('',*,*,#3989,.T.);
#3052=ORIENTED_EDGE('',*,*,#3990,.T.);
#3053=ORIENTED_EDGE('',*,*,#3981,.T.);
#3054=ORIENTED_EDGE('',*,*,#3971,.T.);
#3055=ORIENTED_EDGE('',*,*,#3985,.T.);
#3056=ORIENTED_EDGE('',*,*,#3992,.T.);
#3057=ORIENTED_EDGE('',*,*,#3980,.T.);
#3058=ORIENTED_EDGE('',*,*,#3973,.T.);
#3059=ORIENTED_EDGE('',*,*,#3979,.T.);
#3060=ORIENTED_EDGE('',*,*,#3991,.T.);
#3061=ORIENTED_EDGE('',*,*,#3987,.T.);
#3062=ORIENTED_EDGE('',*,*,#3994,.F.);
#3063=ORIENTED_EDGE('',*,*,#3968,.F.);
#3064=ORIENTED_EDGE('',*,*,#3995,.F.);
#3065=ORIENTED_EDGE('',*,*,#3996,.F.);
#3066=ORIENTED_EDGE('',*,*,#3997,.F.);
#3067=ORIENTED_EDGE('',*,*,#3964,.T.);
#3068=ORIENTED_EDGE('',*,*,#3998,.F.);
#3069=ORIENTED_EDGE('',*,*,#3999,.F.);
#3070=ORIENTED_EDGE('',*,*,#4000,.F.);
#3071=ORIENTED_EDGE('',*,*,#4001,.F.);
#3072=ORIENTED_EDGE('',*,*,#4002,.F.);
#3073=ORIENTED_EDGE('',*,*,#4003,.F.);
#3074=ORIENTED_EDGE('',*,*,#4004,.F.);
#3075=ORIENTED_EDGE('',*,*,#4005,.F.);
#3076=ORIENTED_EDGE('',*,*,#4006,.F.);
#3077=ORIENTED_EDGE('',*,*,#4007,.F.);
#3078=ORIENTED_EDGE('',*,*,#4008,.F.);
#3079=ORIENTED_EDGE('',*,*,#3966,.F.);
#3080=ORIENTED_EDGE('',*,*,#4009,.F.);
#3081=ORIENTED_EDGE('',*,*,#4010,.F.);
#3082=ORIENTED_EDGE('',*,*,#4011,.F.);
#3083=ORIENTED_EDGE('',*,*,#3962,.T.);
#3084=ORIENTED_EDGE('',*,*,#4012,.F.);
#3085=ORIENTED_EDGE('',*,*,#4013,.F.);
#3086=ORIENTED_EDGE('',*,*,#4014,.F.);
#3087=ORIENTED_EDGE('',*,*,#4015,.F.);
#3088=ORIENTED_EDGE('',*,*,#4016,.F.);
#3089=ORIENTED_EDGE('',*,*,#4017,.F.);
#3090=ORIENTED_EDGE('',*,*,#4012,.T.);
#3091=ORIENTED_EDGE('',*,*,#3969,.T.);
#3092=ORIENTED_EDGE('',*,*,#3994,.T.);
#3093=ORIENTED_EDGE('',*,*,#4018,.F.);
#3094=ORIENTED_EDGE('',*,*,#3998,.T.);
#3095=ORIENTED_EDGE('',*,*,#3963,.T.);
#3096=ORIENTED_EDGE('',*,*,#4011,.T.);
#3097=ORIENTED_EDGE('',*,*,#4019,.F.);
#3098=ORIENTED_EDGE('',*,*,#3995,.T.);
#3099=ORIENTED_EDGE('',*,*,#3967,.T.);
#3100=ORIENTED_EDGE('',*,*,#4008,.T.);
#3101=ORIENTED_EDGE('',*,*,#4020,.F.);
#3102=ORIENTED_EDGE('',*,*,#4009,.T.);
#3103=ORIENTED_EDGE('',*,*,#3965,.T.);
#3104=ORIENTED_EDGE('',*,*,#3997,.T.);
#3105=ORIENTED_EDGE('',*,*,#4021,.F.);
#3106=ORIENTED_EDGE('',*,*,#4022,.F.);
#3107=ORIENTED_EDGE('',*,*,#4023,.F.);
#3108=ORIENTED_EDGE('',*,*,#4024,.F.);
#3109=ORIENTED_EDGE('',*,*,#4025,.F.);
#3110=ORIENTED_EDGE('',*,*,#4026,.F.);
#3111=ORIENTED_EDGE('',*,*,#4027,.F.);
#3112=ORIENTED_EDGE('',*,*,#4028,.F.);
#3113=ORIENTED_EDGE('',*,*,#4029,.F.);
#3114=ORIENTED_EDGE('',*,*,#4030,.F.);
#3115=ORIENTED_EDGE('',*,*,#4031,.F.);
#3116=ORIENTED_EDGE('',*,*,#4032,.F.);
#3117=ORIENTED_EDGE('',*,*,#4033,.F.);
#3118=ORIENTED_EDGE('',*,*,#4002,.T.);
#3119=ORIENTED_EDGE('',*,*,#4034,.F.);
#3120=ORIENTED_EDGE('',*,*,#4022,.T.);
#3121=ORIENTED_EDGE('',*,*,#4035,.F.);
#3122=ORIENTED_EDGE('',*,*,#4000,.T.);
#3123=ORIENTED_EDGE('',*,*,#4036,.F.);
#3124=ORIENTED_EDGE('',*,*,#4028,.T.);
#3125=ORIENTED_EDGE('',*,*,#4037,.F.);
#3126=ORIENTED_EDGE('',*,*,#4038,.T.);
#3127=ORIENTED_EDGE('',*,*,#4006,.T.);
#3128=ORIENTED_EDGE('',*,*,#4039,.T.);
#3129=ORIENTED_EDGE('',*,*,#4035,.T.);
#3130=ORIENTED_EDGE('',*,*,#4039,.F.);
#3131=ORIENTED_EDGE('',*,*,#4005,.T.);
#3132=ORIENTED_EDGE('',*,*,#4040,.T.);
#3133=ORIENTED_EDGE('',*,*,#4003,.T.);
#3134=ORIENTED_EDGE('',*,*,#4038,.F.);
#3135=ORIENTED_EDGE('',*,*,#4027,.T.);
#3136=ORIENTED_EDGE('',*,*,#4041,.T.);
#3137=ORIENTED_EDGE('',*,*,#4007,.T.);
#3138=ORIENTED_EDGE('',*,*,#4040,.F.);
#3139=ORIENTED_EDGE('',*,*,#4004,.T.);
#3140=ORIENTED_EDGE('',*,*,#4042,.T.);
#3141=ORIENTED_EDGE('',*,*,#4036,.T.);
#3142=ORIENTED_EDGE('',*,*,#4041,.F.);
#3143=ORIENTED_EDGE('',*,*,#4026,.T.);
#3144=ORIENTED_EDGE('',*,*,#4043,.T.);
#3145=ORIENTED_EDGE('',*,*,#4020,.T.);
#3146=ORIENTED_EDGE('',*,*,#4042,.F.);
#3147=ORIENTED_EDGE('',*,*,#4010,.T.);
#3148=ORIENTED_EDGE('',*,*,#4044,.T.);
#3149=ORIENTED_EDGE('',*,*,#4029,.T.);
#3150=ORIENTED_EDGE('',*,*,#4043,.F.);
#3151=ORIENTED_EDGE('',*,*,#4025,.T.);
#3152=ORIENTED_EDGE('',*,*,#4045,.T.);
#3153=ORIENTED_EDGE('',*,*,#3996,.T.);
#3154=ORIENTED_EDGE('',*,*,#4044,.F.);
#3155=ORIENTED_EDGE('',*,*,#4021,.T.);
#3156=ORIENTED_EDGE('',*,*,#4046,.T.);
#3157=ORIENTED_EDGE('',*,*,#4030,.T.);
#3158=ORIENTED_EDGE('',*,*,#4045,.F.);
#3159=ORIENTED_EDGE('',*,*,#4024,.T.);
#3160=ORIENTED_EDGE('',*,*,#4047,.T.);
#3161=ORIENTED_EDGE('',*,*,#4018,.T.);
#3162=ORIENTED_EDGE('',*,*,#4046,.F.);
#3163=ORIENTED_EDGE('',*,*,#3999,.T.);
#3164=ORIENTED_EDGE('',*,*,#4048,.T.);
#3165=ORIENTED_EDGE('',*,*,#4031,.T.);
#3166=ORIENTED_EDGE('',*,*,#4047,.F.);
#3167=ORIENTED_EDGE('',*,*,#4023,.T.);
#3168=ORIENTED_EDGE('',*,*,#4049,.T.);
#3169=ORIENTED_EDGE('',*,*,#4013,.T.);
#3170=ORIENTED_EDGE('',*,*,#4048,.F.);
#3171=ORIENTED_EDGE('',*,*,#4019,.T.);
#3172=ORIENTED_EDGE('',*,*,#4050,.T.);
#3173=ORIENTED_EDGE('',*,*,#4032,.T.);
#3174=ORIENTED_EDGE('',*,*,#4049,.F.);
#3175=ORIENTED_EDGE('',*,*,#4034,.T.);
#3176=ORIENTED_EDGE('',*,*,#4051,.T.);
#3177=ORIENTED_EDGE('',*,*,#4014,.T.);
#3178=ORIENTED_EDGE('',*,*,#4050,.F.);
#3179=ORIENTED_EDGE('',*,*,#4017,.T.);
#3180=ORIENTED_EDGE('',*,*,#4052,.T.);
#3181=ORIENTED_EDGE('',*,*,#4033,.T.);
#3182=ORIENTED_EDGE('',*,*,#4051,.F.);
#3183=ORIENTED_EDGE('',*,*,#4001,.T.);
#3184=ORIENTED_EDGE('',*,*,#4053,.T.);
#3185=ORIENTED_EDGE('',*,*,#4015,.T.);
#3186=ORIENTED_EDGE('',*,*,#4052,.F.);
#3187=ORIENTED_EDGE('',*,*,#4016,.T.);
#3188=ORIENTED_EDGE('',*,*,#4053,.F.);
#3189=ORIENTED_EDGE('',*,*,#4037,.T.);
#3190=EDGE_CURVE('',#4054,#4054,#4624,.T.);
#3191=EDGE_CURVE('',#4055,#4056,#4625,.T.);
#3192=EDGE_CURVE('',#4056,#4057,#4626,.T.);
#3193=EDGE_CURVE('',#4057,#4058,#4627,.T.);
#3194=EDGE_CURVE('',#4058,#4059,#1120,.F.);
#3195=EDGE_CURVE('',#4059,#4060,#4628,.T.);
#3196=EDGE_CURVE('',#4060,#4061,#4629,.T.);
#3197=EDGE_CURVE('',#4061,#4062,#4630,.T.);
#3198=EDGE_CURVE('',#4062,#4055,#1121,.F.);
#3199=EDGE_CURVE('',#4063,#4064,#240,.F.);
#3200=EDGE_CURVE('',#4064,#4065,#4631,.T.);
#3201=EDGE_CURVE('',#4065,#4066,#1122,.F.);
#3202=EDGE_CURVE('',#4066,#4067,#4632,.T.);
#3203=EDGE_CURVE('',#4068,#4067,#241,.F.);
#3204=EDGE_CURVE('',#4068,#4069,#4633,.T.);
#3205=EDGE_CURVE('',#4070,#4069,#1123,.F.);
#3206=EDGE_CURVE('',#4070,#4063,#4634,.T.);
#3207=EDGE_CURVE('',#4069,#4071,#242,.F.);
#3208=EDGE_CURVE('',#4071,#4072,#1124,.T.);
#3209=EDGE_CURVE('',#4072,#4070,#243,.F.);
#3210=EDGE_CURVE('',#4065,#4073,#244,.F.);
#3211=EDGE_CURVE('',#4073,#4074,#1125,.F.);
#3212=EDGE_CURVE('',#4074,#4066,#245,.F.);
#3213=EDGE_CURVE('',#4067,#4075,#246,.F.);
#3214=EDGE_CURVE('',#4075,#4076,#4635,.T.);
#3215=EDGE_CURVE('',#4076,#4068,#247,.T.);
#3216=EDGE_CURVE('',#4063,#4077,#248,.F.);
#3217=EDGE_CURVE('',#4077,#4078,#4636,.T.);
#3218=EDGE_CURVE('',#4078,#4064,#249,.T.);
#3219=EDGE_CURVE('',#4078,#4073,#4637,.T.);
#3220=EDGE_CURVE('',#4074,#4075,#4638,.T.);
#3221=EDGE_CURVE('',#4076,#4071,#4639,.T.);
#3222=EDGE_CURVE('',#4072,#4077,#4640,.T.);
#3223=EDGE_CURVE('',#4061,#4077,#1126,.T.);
#3224=EDGE_CURVE('',#4078,#4060,#1127,.T.);
#3225=EDGE_CURVE('',#4073,#4059,#1128,.T.);
#3226=EDGE_CURVE('',#4062,#4072,#1129,.T.);
#3227=EDGE_CURVE('',#4074,#4058,#1130,.T.);
#3228=EDGE_CURVE('',#4055,#4071,#1131,.T.);
#3229=EDGE_CURVE('',#4075,#4057,#1132,.T.);
#3230=EDGE_CURVE('',#4056,#4076,#1133,.T.);
#3231=EDGE_CURVE('',#4079,#4079,#4641,.T.);
#3232=EDGE_CURVE('',#4080,#4080,#1134,.T.);
#3233=EDGE_CURVE('',#4081,#4081,#1135,.F.);
#3234=EDGE_CURVE('',#4082,#4082,#1136,.T.);
#3235=EDGE_CURVE('',#4083,#4083,#1137,.T.);
#3236=EDGE_CURVE('',#4084,#4084,#1138,.T.);
#3237=EDGE_CURVE('',#4085,#4085,#1139,.T.);
#3238=EDGE_CURVE('',#4086,#4086,#1140,.T.);
#3239=EDGE_CURVE('',#4087,#4087,#1141,.T.);
#3240=EDGE_CURVE('',#4088,#4088,#1142,.T.);
#3241=EDGE_CURVE('',#4089,#4089,#1143,.T.);
#3242=EDGE_CURVE('',#4090,#4090,#1144,.T.);
#3243=EDGE_CURVE('',#4091,#4091,#1145,.T.);
#3244=EDGE_CURVE('',#4092,#4092,#1146,.T.);
#3245=EDGE_CURVE('',#4093,#4093,#1147,.T.);
#3246=EDGE_CURVE('',#4094,#4094,#1148,.T.);
#3247=EDGE_CURVE('',#4095,#4095,#1149,.T.);
#3248=EDGE_CURVE('',#4096,#4096,#1150,.T.);
#3249=EDGE_CURVE('',#4097,#4097,#1151,.T.);
#3250=EDGE_CURVE('',#4098,#4098,#1152,.T.);
#3251=EDGE_CURVE('',#4099,#4099,#1153,.T.);
#3252=EDGE_CURVE('',#4100,#4100,#1154,.T.);
#3253=EDGE_CURVE('',#4101,#4101,#1155,.T.);
#3254=EDGE_CURVE('',#4102,#4102,#1156,.T.);
#3255=EDGE_CURVE('',#4103,#4103,#1157,.T.);
#3256=EDGE_CURVE('',#4104,#4104,#1158,.T.);
#3257=EDGE_CURVE('',#4105,#4105,#1159,.T.);
#3258=EDGE_CURVE('',#4106,#4106,#1160,.T.);
#3259=EDGE_CURVE('',#4107,#4107,#1161,.T.);
#3260=EDGE_CURVE('',#4108,#4108,#1162,.T.);
#3261=EDGE_CURVE('',#4109,#4109,#1163,.T.);
#3262=EDGE_CURVE('',#4110,#4110,#1164,.T.);
#3263=EDGE_CURVE('',#4111,#4111,#1165,.T.);
#3264=EDGE_CURVE('',#4112,#4112,#1166,.T.);
#3265=EDGE_CURVE('',#4113,#4113,#1167,.T.);
#3266=EDGE_CURVE('',#4114,#4114,#1168,.T.);
#3267=EDGE_CURVE('',#4115,#4115,#1169,.T.);
#3268=EDGE_CURVE('',#4116,#4116,#1170,.T.);
#3269=EDGE_CURVE('',#4117,#4117,#1171,.T.);
#3270=EDGE_CURVE('',#4118,#4118,#1172,.T.);
#3271=EDGE_CURVE('',#4119,#4119,#1173,.T.);
#3272=EDGE_CURVE('',#4120,#4120,#1174,.T.);
#3273=EDGE_CURVE('',#4121,#4122,#250,.T.);
#3274=EDGE_CURVE('',#4121,#4123,#251,.T.);
#3275=EDGE_CURVE('',#4124,#4123,#252,.F.);
#3276=EDGE_CURVE('',#4122,#4124,#4642,.T.);
#3277=EDGE_CURVE('',#4125,#4126,#253,.T.);
#3278=EDGE_CURVE('',#4127,#4125,#254,.F.);
#3279=EDGE_CURVE('',#4127,#4128,#4643,.T.);
#3280=EDGE_CURVE('',#4126,#4128,#255,.T.);
#3281=EDGE_CURVE('',#4129,#4130,#256,.T.);
#3282=EDGE_CURVE('',#4129,#4131,#1175,.F.);
#3283=EDGE_CURVE('',#4132,#4131,#257,.F.);
#3284=EDGE_CURVE('',#4130,#4132,#1176,.F.);
#3285=EDGE_CURVE('',#4133,#4134,#258,.T.);
#3286=EDGE_CURVE('',#4135,#4133,#259,.T.);
#3287=EDGE_CURVE('',#4136,#4135,#4644,.T.);
#3288=EDGE_CURVE('',#4136,#4134,#260,.T.);
#3289=EDGE_CURVE('',#4137,#4138,#261,.F.);
#3290=EDGE_CURVE('',#4138,#4139,#262,.T.);
#3291=EDGE_CURVE('',#4139,#4140,#263,.T.);
#3292=EDGE_CURVE('',#4137,#4140,#264,.T.);
#3293=EDGE_CURVE('',#4141,#4142,#265,.F.);
#3294=EDGE_CURVE('',#4141,#4143,#1177,.F.);
#3295=EDGE_CURVE('',#4144,#4143,#266,.T.);
#3296=EDGE_CURVE('',#4144,#4142,#1178,.T.);
#3297=EDGE_CURVE('',#4145,#4146,#267,.T.);
#3298=EDGE_CURVE('',#4146,#4147,#1179,.F.);
#3299=EDGE_CURVE('',#4147,#4148,#268,.F.);
#3300=EDGE_CURVE('',#4148,#4145,#1180,.T.);
#3301=EDGE_CURVE('',#4149,#4150,#269,.T.);
#3302=EDGE_CURVE('',#4151,#4149,#270,.T.);
#3303=EDGE_CURVE('',#4152,#4151,#4645,.T.);
#3304=EDGE_CURVE('',#4150,#4152,#271,.T.);
#3305=EDGE_CURVE('',#4153,#4154,#272,.T.);
#3306=EDGE_CURVE('',#4153,#4155,#273,.T.);
#3307=EDGE_CURVE('',#4155,#4156,#274,.T.);
#3308=EDGE_CURVE('',#4156,#4154,#4646,.T.);
#3309=EDGE_CURVE('',#4157,#4158,#1181,.T.);
#3310=EDGE_CURVE('',#4157,#4159,#275,.T.);
#3311=EDGE_CURVE('',#4159,#4160,#1182,.T.);
#3312=EDGE_CURVE('',#4158,#4160,#276,.T.);
#3313=EDGE_CURVE('',#4161,#4162,#277,.T.);
#3314=EDGE_CURVE('',#4161,#4158,#278,.F.);
#3315=EDGE_CURVE('',#4160,#4162,#4647,.T.);
#3316=EDGE_CURVE('',#4163,#4157,#279,.F.);
#3317=EDGE_CURVE('',#4163,#4164,#280,.T.);
#3318=EDGE_CURVE('',#4159,#4164,#4648,.T.);
#3319=EDGE_CURVE('',#4165,#4166,#1183,.F.);
#3320=EDGE_CURVE('',#4165,#4166,#281,.F.);
#3321=EDGE_CURVE('',#4167,#4168,#1184,.T.);
#3322=EDGE_CURVE('',#4169,#4168,#282,.T.);
#3323=EDGE_CURVE('',#4169,#4170,#1185,.T.);
#3324=EDGE_CURVE('',#4166,#4170,#14,.F.);
#3325=EDGE_CURVE('',#4171,#4165,#15,.F.);
#3326=EDGE_CURVE('',#4171,#4172,#1186,.T.);
#3327=EDGE_CURVE('',#4172,#4167,#283,.T.);
#3328=EDGE_CURVE('',#4173,#4174,#4649,.T.);
#3329=EDGE_CURVE('',#4174,#4175,#284,.T.);
#3330=EDGE_CURVE('',#4175,#4176,#4650,.T.);
#3331=EDGE_CURVE('',#4177,#4176,#1187,.T.);
#3332=EDGE_CURVE('',#4178,#4177,#285,.T.);
#3333=EDGE_CURVE('',#4179,#4178,#1188,.T.);
#3334=EDGE_CURVE('',#4179,#4180,#4651,.T.);
#3335=EDGE_CURVE('',#4173,#4180,#286,.F.);
#3336=EDGE_CURVE('',#4181,#4182,#287,.T.);
#3337=EDGE_CURVE('',#4181,#4137,#1189,.F.);
#3338=EDGE_CURVE('',#4140,#4183,#1190,.F.);
#3339=EDGE_CURVE('',#4183,#4184,#288,.T.);
#3340=EDGE_CURVE('',#4184,#4185,#1191,.F.);
#3341=EDGE_CURVE('',#4186,#4185,#289,.T.);
#3342=EDGE_CURVE('',#4186,#4182,#1192,.F.);
#3343=EDGE_CURVE('',#4156,#4152,#1193,.T.);
#3344=EDGE_CURVE('',#4151,#4162,#1194,.T.);
#3345=EDGE_CURVE('',#4154,#4164,#1195,.T.);
#3346=EDGE_CURVE('',#4187,#4188,#1196,.T.);
#3347=EDGE_CURVE('',#4187,#4189,#4652,.T.);
#3348=EDGE_CURVE('',#4190,#4189,#4653,.T.);
#3349=EDGE_CURVE('',#4190,#4191,#4654,.T.);
#3350=EDGE_CURVE('',#4191,#4192,#1197,.T.);
#3351=EDGE_CURVE('',#4192,#4193,#4655,.T.);
#3352=EDGE_CURVE('',#4193,#4194,#4656,.T.);
#3353=EDGE_CURVE('',#4194,#4188,#4657,.T.);
#3354=EDGE_CURVE('',#4148,#4195,#4658,.T.);
#3355=EDGE_CURVE('',#4195,#4196,#4659,.T.);
#3356=EDGE_CURVE('',#4196,#4197,#4660,.T.);
#3357=EDGE_CURVE('',#4197,#4198,#1198,.T.);
#3358=EDGE_CURVE('',#4198,#4199,#4661,.T.);
#3359=EDGE_CURVE('',#4200,#4199,#4662,.T.);
#3360=EDGE_CURVE('',#4200,#4145,#4663,.T.);
#3361=EDGE_CURVE('',#4201,#4202,#4664,.T.);
#3362=EDGE_CURVE('',#4202,#4142,#4665,.T.);
#3363=EDGE_CURVE('',#4144,#4203,#4666,.T.);
#3364=EDGE_CURVE('',#4204,#4203,#4667,.T.);
#3365=EDGE_CURVE('',#4204,#4205,#4668,.T.);
#3366=EDGE_CURVE('',#4205,#4206,#1199,.T.);
#3367=EDGE_CURVE('',#4206,#4201,#4669,.T.);
#3368=EDGE_CURVE('',#4207,#4208,#4670,.T.);
#3369=EDGE_CURVE('',#4208,#4209,#4671,.T.);
#3370=EDGE_CURVE('',#4210,#4209,#1200,.T.);
#3371=EDGE_CURVE('',#4210,#4211,#4672,.T.);
#3372=EDGE_CURVE('',#4212,#4211,#4673,.T.);
#3373=EDGE_CURVE('',#4212,#4213,#4674,.T.);
#3374=EDGE_CURVE('',#4213,#4214,#1201,.T.);
#3375=EDGE_CURVE('',#4214,#4207,#4675,.T.);
#3376=EDGE_CURVE('',#4215,#4215,#1202,.F.);
#3377=EDGE_CURVE('',#4216,#4217,#4676,.T.);
#3378=EDGE_CURVE('',#4216,#4218,#4677,.T.);
#3379=EDGE_CURVE('',#4219,#4218,#1203,.T.);
#3380=EDGE_CURVE('',#4219,#4220,#4678,.T.);
#3381=EDGE_CURVE('',#4220,#4221,#4679,.T.);
#3382=EDGE_CURVE('',#4221,#4222,#4680,.T.);
#3383=EDGE_CURVE('',#4222,#4223,#1204,.T.);
#3384=EDGE_CURVE('',#4223,#4217,#4681,.T.);
#3385=EDGE_CURVE('',#4224,#4225,#1205,.F.);
#3386=EDGE_CURVE('',#4225,#4226,#4682,.T.);
#3387=EDGE_CURVE('',#4226,#4227,#1206,.T.);
#3388=EDGE_CURVE('',#4227,#4224,#4683,.T.);
#3389=EDGE_CURVE('',#4174,#4175,#16,.T.);
#3390=EDGE_CURVE('',#4173,#4180,#17,.F.);
#3391=EDGE_CURVE('',#4136,#4179,#4684,.T.);
#3392=EDGE_CURVE('',#4176,#4135,#4685,.T.);
#3393=EDGE_CURVE('',#4134,#4228,#4686,.T.);
#3394=EDGE_CURVE('',#4178,#4228,#290,.T.);
#3395=EDGE_CURVE('',#4228,#4229,#291,.F.);
#3396=EDGE_CURVE('',#4177,#4229,#292,.T.);
#3397=EDGE_CURVE('',#4229,#4133,#4687,.T.);
#3398=EDGE_CURVE('',#4230,#4231,#293,.T.);
#3399=EDGE_CURVE('',#4230,#4232,#294,.T.);
#3400=EDGE_CURVE('',#4232,#4233,#295,.T.);
#3401=EDGE_CURVE('',#4231,#4233,#296,.T.);
#3402=EDGE_CURVE('',#4234,#4235,#297,.T.);
#3403=EDGE_CURVE('',#4234,#4236,#298,.T.);
#3404=EDGE_CURVE('',#4236,#4237,#299,.T.);
#3405=EDGE_CURVE('',#4235,#4237,#300,.T.);
#3406=EDGE_CURVE('',#4170,#4171,#301,.T.);
#3407=EDGE_CURVE('',#4238,#4169,#302,.T.);
#3408=EDGE_CURVE('',#4238,#4239,#1207,.F.);
#3409=EDGE_CURVE('',#4239,#4240,#303,.T.);
#3410=EDGE_CURVE('',#4241,#4240,#1208,.T.);
#3411=EDGE_CURVE('',#4242,#4241,#304,.T.);
#3412=EDGE_CURVE('',#4243,#4242,#1209,.F.);
#3413=EDGE_CURVE('',#4243,#4172,#305,.T.);
#3414=EDGE_CURVE('',#4244,#4245,#306,.T.);
#3415=EDGE_CURVE('',#4244,#4246,#1210,.T.);
#3416=EDGE_CURVE('',#4247,#4246,#307,.T.);
#3417=EDGE_CURVE('',#4247,#4248,#1211,.T.);
#3418=EDGE_CURVE('',#4248,#4249,#308,.T.);
#3419=EDGE_CURVE('',#4250,#4249,#309,.T.);
#3420=EDGE_CURVE('',#4251,#4250,#310,.T.);
#3421=EDGE_CURVE('',#4251,#4252,#1212,.T.);
#3422=EDGE_CURVE('',#4253,#4252,#311,.T.);
#3423=EDGE_CURVE('',#4253,#4254,#312,.T.);
#3424=EDGE_CURVE('',#4254,#4255,#313,.T.);
#3425=EDGE_CURVE('',#4255,#4256,#1213,.T.);
#3426=EDGE_CURVE('',#4256,#4257,#314,.T.);
#3427=EDGE_CURVE('',#4257,#4258,#1214,.T.);
#3428=EDGE_CURVE('',#4259,#4258,#315,.T.);
#3429=EDGE_CURVE('',#4260,#4259,#316,.T.);
#3430=EDGE_CURVE('',#4260,#4261,#317,.T.);
#3431=EDGE_CURVE('',#4262,#4261,#1215,.F.);
#3432=EDGE_CURVE('',#4262,#4263,#318,.T.);
#3433=EDGE_CURVE('',#4263,#4245,#319,.T.);
#3434=EDGE_CURVE('',#4251,#4264,#320,.F.);
#3435=EDGE_CURVE('',#4264,#4265,#1216,.T.);
#3436=EDGE_CURVE('',#4265,#4252,#321,.T.);
#3437=EDGE_CURVE('',#4266,#4266,#1217,.T.);
#3438=EDGE_CURVE('',#4265,#4264,#322,.T.);
#3439=EDGE_CURVE('',#4267,#4168,#323,.T.);
#3440=EDGE_CURVE('',#4167,#4268,#324,.T.);
#3441=EDGE_CURVE('',#4268,#4267,#1218,.T.);
#3442=EDGE_CURVE('',#4241,#4269,#325,.T.);
#3443=EDGE_CURVE('',#4240,#4270,#326,.T.);
#3444=EDGE_CURVE('',#4270,#4269,#1219,.T.);
#3445=EDGE_CURVE('',#4269,#4271,#327,.T.);
#3446=EDGE_CURVE('',#4272,#4270,#328,.T.);
#3447=EDGE_CURVE('',#4272,#4271,#1220,.T.);
#3448=EDGE_CURVE('',#4273,#4273,#1221,.T.);
#3449=EDGE_CURVE('',#4239,#4272,#329,.T.);
#3450=EDGE_CURVE('',#4238,#4267,#330,.T.);
#3451=EDGE_CURVE('',#4243,#4268,#331,.T.);
#3452=EDGE_CURVE('',#4242,#4271,#332,.T.);
#3453=EDGE_CURVE('',#4274,#4275,#4688,.T.);
#3454=EDGE_CURVE('',#4276,#4274,#333,.T.);
#3455=EDGE_CURVE('',#4277,#4276,#4689,.T.);
#3456=EDGE_CURVE('',#4277,#4278,#1222,.T.);
#3457=EDGE_CURVE('',#4279,#4278,#4690,.T.);
#3458=EDGE_CURVE('',#4279,#4280,#334,.T.);
#3459=EDGE_CURVE('',#4281,#4280,#4691,.T.);
#3460=EDGE_CURVE('',#4275,#4281,#1223,.T.);
#3461=EDGE_CURVE('',#4282,#4283,#335,.F.);
#3462=EDGE_CURVE('',#4284,#4283,#4692,.T.);
#3463=EDGE_CURVE('',#4284,#4285,#1224,.T.);
#3464=EDGE_CURVE('',#4286,#4285,#4693,.T.);
#3465=EDGE_CURVE('',#4287,#4286,#336,.F.);
#3466=EDGE_CURVE('',#4288,#4287,#4694,.T.);
#3467=EDGE_CURVE('',#4289,#4288,#1225,.T.);
#3468=EDGE_CURVE('',#4282,#4289,#4695,.T.);
#3469=EDGE_CURVE('',#4290,#4290,#1226,.T.);
#3470=EDGE_CURVE('',#4221,#4274,#337,.F.);
#3471=EDGE_CURVE('',#4275,#4222,#338,.T.);
#3472=EDGE_CURVE('',#4223,#4281,#339,.F.);
#3473=EDGE_CURVE('',#4280,#4217,#340,.T.);
#3474=EDGE_CURVE('',#4282,#4212,#341,.T.);
#3475=EDGE_CURVE('',#4213,#4289,#342,.F.);
#3476=EDGE_CURVE('',#4288,#4214,#343,.T.);
#3477=EDGE_CURVE('',#4207,#4287,#344,.F.);
#3478=EDGE_CURVE('',#4276,#4220,#345,.T.);
#3479=EDGE_CURVE('',#4216,#4279,#346,.F.);
#3480=EDGE_CURVE('',#4286,#4208,#347,.T.);
#3481=EDGE_CURVE('',#4211,#4283,#348,.F.);
#3482=EDGE_CURVE('',#4262,#4291,#349,.F.);
#3483=EDGE_CURVE('',#4292,#4261,#350,.T.);
#3484=EDGE_CURVE('',#4292,#4291,#1227,.T.);
#3485=EDGE_CURVE('',#4293,#4294,#1228,.T.);
#3486=EDGE_CURVE('',#4293,#4295,#351,.T.);
#3487=EDGE_CURVE('',#4295,#4296,#1229,.T.);
#3488=EDGE_CURVE('',#4296,#4294,#352,.F.);
#3489=EDGE_CURVE('',#4297,#4298,#1230,.T.);
#3490=EDGE_CURVE('',#4298,#4299,#353,.F.);
#3491=EDGE_CURVE('',#4300,#4299,#1231,.T.);
#3492=EDGE_CURVE('',#4300,#4297,#354,.T.);
#3493=EDGE_CURVE('',#4301,#4302,#1232,.T.);
#3494=EDGE_CURVE('',#4301,#4303,#355,.T.);
#3495=EDGE_CURVE('',#4303,#4304,#1233,.T.);
#3496=EDGE_CURVE('',#4304,#4302,#356,.F.);
#3497=EDGE_CURVE('',#4305,#4306,#1234,.T.);
#3498=EDGE_CURVE('',#4305,#4307,#357,.T.);
#3499=EDGE_CURVE('',#4307,#4308,#1235,.T.);
#3500=EDGE_CURVE('',#4308,#4306,#358,.F.);
#3501=EDGE_CURVE('',#4309,#4310,#1236,.T.);
#3502=EDGE_CURVE('',#4309,#4311,#359,.T.);
#3503=EDGE_CURVE('',#4311,#4312,#1237,.T.);
#3504=EDGE_CURVE('',#4312,#4310,#360,.F.);
#3505=EDGE_CURVE('',#4313,#4314,#1238,.T.);
#3506=EDGE_CURVE('',#4313,#4315,#361,.T.);
#3507=EDGE_CURVE('',#4315,#4316,#1239,.T.);
#3508=EDGE_CURVE('',#4316,#4314,#362,.F.);
#3509=EDGE_CURVE('',#4317,#4318,#1240,.T.);
#3510=EDGE_CURVE('',#4317,#4319,#363,.T.);
#3511=EDGE_CURVE('',#4319,#4320,#1241,.T.);
#3512=EDGE_CURVE('',#4320,#4318,#364,.F.);
#3513=EDGE_CURVE('',#4321,#4322,#1242,.T.);
#3514=EDGE_CURVE('',#4321,#4323,#365,.T.);
#3515=EDGE_CURVE('',#4323,#4324,#1243,.T.);
#3516=EDGE_CURVE('',#4324,#4322,#366,.F.);
#3517=EDGE_CURVE('',#4325,#4326,#1244,.T.);
#3518=EDGE_CURVE('',#4325,#4327,#367,.T.);
#3519=EDGE_CURVE('',#4327,#4328,#1245,.T.);
#3520=EDGE_CURVE('',#4328,#4326,#368,.F.);
#3521=EDGE_CURVE('',#4329,#4330,#1246,.T.);
#3522=EDGE_CURVE('',#4329,#4331,#369,.T.);
#3523=EDGE_CURVE('',#4331,#4332,#1247,.T.);
#3524=EDGE_CURVE('',#4332,#4330,#370,.F.);
#3525=EDGE_CURVE('',#4333,#4334,#1248,.T.);
#3526=EDGE_CURVE('',#4334,#4335,#371,.F.);
#3527=EDGE_CURVE('',#4336,#4335,#1249,.T.);
#3528=EDGE_CURVE('',#4336,#4333,#372,.T.);
#3529=EDGE_CURVE('',#4337,#4338,#1250,.T.);
#3530=EDGE_CURVE('',#4338,#4339,#373,.F.);
#3531=EDGE_CURVE('',#4340,#4339,#1251,.T.);
#3532=EDGE_CURVE('',#4340,#4337,#374,.T.);
#3533=EDGE_CURVE('',#4341,#4342,#375,.T.);
#3534=EDGE_CURVE('',#4342,#4343,#376,.T.);
#3535=EDGE_CURVE('',#4344,#4343,#1252,.T.);
#3536=EDGE_CURVE('',#4345,#4344,#377,.T.);
#3537=EDGE_CURVE('',#4345,#4346,#378,.T.);
#3538=EDGE_CURVE('',#4347,#4346,#1253,.T.);
#3539=EDGE_CURVE('',#4348,#4347,#1254,.T.);
#3540=EDGE_CURVE('',#4349,#4348,#1255,.T.);
#3541=EDGE_CURVE('',#4349,#4350,#379,.T.);
#3542=EDGE_CURVE('',#4350,#4351,#1256,.T.);
#3543=EDGE_CURVE('',#4351,#4352,#1257,.T.);
#3544=EDGE_CURVE('',#4352,#4353,#1258,.T.);
#3545=EDGE_CURVE('',#4354,#4353,#380,.T.);
#3546=EDGE_CURVE('',#4354,#4355,#381,.T.);
#3547=EDGE_CURVE('',#4356,#4355,#1259,.T.);
#3548=EDGE_CURVE('',#4357,#4356,#382,.T.);
#3549=EDGE_CURVE('',#4358,#4357,#383,.T.);
#3550=EDGE_CURVE('',#4358,#4359,#1260,.T.);
#3551=EDGE_CURVE('',#4359,#4360,#1261,.T.);
#3552=EDGE_CURVE('',#4360,#4361,#1262,.T.);
#3553=EDGE_CURVE('',#4362,#4361,#384,.T.);
#3554=EDGE_CURVE('',#4362,#4363,#1263,.T.);
#3555=EDGE_CURVE('',#4363,#4364,#385,.T.);
#3556=EDGE_CURVE('',#4365,#4364,#1264,.T.);
#3557=EDGE_CURVE('',#4366,#4365,#1265,.T.);
#3558=EDGE_CURVE('',#4341,#4366,#1266,.T.);
#3559=EDGE_CURVE('',#4367,#4368,#1267,.F.);
#3560=EDGE_CURVE('',#4368,#4369,#386,.T.);
#3561=EDGE_CURVE('',#4369,#4370,#1268,.F.);
#3562=EDGE_CURVE('',#4370,#4371,#387,.T.);
#3563=EDGE_CURVE('',#4371,#4372,#1269,.T.);
#3564=EDGE_CURVE('',#4372,#4367,#388,.T.);
#3565=EDGE_CURVE('',#4373,#4374,#4696,.T.);
#3566=EDGE_CURVE('',#4374,#4375,#18,.T.);
#3567=EDGE_CURVE('',#4375,#4376,#4697,.T.);
#3568=EDGE_CURVE('',#4376,#4377,#389,.T.);
#3569=EDGE_CURVE('',#4378,#4377,#390,.F.);
#3570=EDGE_CURVE('',#4373,#4378,#391,.F.);
#3571=EDGE_CURVE('',#4377,#4379,#1270,.F.);
#3572=EDGE_CURVE('',#4380,#4379,#392,.F.);
#3573=EDGE_CURVE('',#4378,#4380,#1271,.T.);
#3574=EDGE_CURVE('',#4381,#4382,#4698,.T.);
#3575=EDGE_CURVE('',#4382,#4383,#19,.T.);
#3576=EDGE_CURVE('',#4383,#4384,#4699,.T.);
#3577=EDGE_CURVE('',#4380,#4384,#393,.F.);
#3578=EDGE_CURVE('',#4379,#4381,#394,.T.);
#3579=EDGE_CURVE('',#4385,#4385,#1272,.T.);
#3580=EDGE_CURVE('',#4386,#4386,#1273,.T.);
#3581=EDGE_CURVE('',#4384,#4373,#1274,.T.);
#3582=EDGE_CURVE('',#4383,#4227,#4700,.T.);
#3583=EDGE_CURVE('',#4226,#4374,#4701,.T.);
#3584=EDGE_CURVE('',#4387,#4388,#4702,.T.);
#3585=EDGE_CURVE('',#4388,#4389,#4703,.T.);
#3586=EDGE_CURVE('',#4389,#4390,#395,.T.);
#3587=EDGE_CURVE('',#4390,#4391,#4704,.T.);
#3588=EDGE_CURVE('',#4391,#4392,#4705,.T.);
#3589=EDGE_CURVE('',#4387,#4392,#396,.F.);
#3590=EDGE_CURVE('',#4392,#4387,#1275,.T.);
#3591=EDGE_CURVE('',#4391,#4393,#4706,.T.);
#3592=EDGE_CURVE('',#4393,#4394,#1276,.F.);
#3593=EDGE_CURVE('',#4394,#4388,#4707,.T.);
#3594=EDGE_CURVE('',#4369,#4394,#4708,.T.);
#3595=EDGE_CURVE('',#4393,#4368,#4709,.T.);
#3596=EDGE_CURVE('',#4367,#4225,#4710,.T.);
#3597=EDGE_CURVE('',#4224,#4370,#4711,.T.);
#3598=EDGE_CURVE('',#4395,#4396,#1277,.T.);
#3599=EDGE_CURVE('',#4395,#4344,#397,.T.);
#3600=EDGE_CURVE('',#4396,#4343,#398,.T.);
#3601=EDGE_CURVE('',#4397,#4397,#1278,.T.);
#3602=EDGE_CURVE('',#4398,#4396,#399,.T.);
#3603=EDGE_CURVE('',#4398,#4399,#400,.T.);
#3604=EDGE_CURVE('',#4399,#4395,#401,.T.);
#3605=EDGE_CURVE('',#4400,#4401,#1279,.T.);
#3606=EDGE_CURVE('',#4400,#4356,#402,.T.);
#3607=EDGE_CURVE('',#4401,#4355,#403,.T.);
#3608=EDGE_CURVE('',#4402,#4402,#1280,.T.);
#3609=EDGE_CURVE('',#4403,#4401,#404,.T.);
#3610=EDGE_CURVE('',#4404,#4403,#405,.T.);
#3611=EDGE_CURVE('',#4404,#4400,#406,.T.);
#3612=EDGE_CURVE('',#4398,#4342,#407,.T.);
#3613=EDGE_CURVE('',#4405,#4341,#408,.F.);
#3614=EDGE_CURVE('',#4405,#4406,#409,.T.);
#3615=EDGE_CURVE('',#4253,#4406,#410,.T.);
#3616=EDGE_CURVE('',#4250,#4407,#411,.T.);
#3617=EDGE_CURVE('',#4407,#4408,#412,.T.);
#3618=EDGE_CURVE('',#4346,#4408,#413,.T.);
#3619=EDGE_CURVE('',#4399,#4345,#414,.T.);
#3620=EDGE_CURVE('',#4409,#4365,#415,.T.);
#3621=EDGE_CURVE('',#4410,#4409,#1281,.T.);
#3622=EDGE_CURVE('',#4366,#4410,#416,.F.);
#3623=EDGE_CURVE('',#4411,#4363,#417,.T.);
#3624=EDGE_CURVE('',#4411,#4412,#418,.T.);
#3625=EDGE_CURVE('',#4364,#4412,#419,.T.);
#3626=EDGE_CURVE('',#4413,#4362,#420,.T.);
#3627=EDGE_CURVE('',#4413,#4411,#1282,.T.);
#3628=EDGE_CURVE('',#4414,#4415,#421,.T.);
#3629=EDGE_CURVE('',#4415,#4350,#422,.F.);
#3630=EDGE_CURVE('',#4414,#4349,#423,.F.);
#3631=EDGE_CURVE('',#4416,#4417,#1283,.T.);
#3632=EDGE_CURVE('',#4348,#4416,#424,.F.);
#3633=EDGE_CURVE('',#4417,#4347,#425,.T.);
#3634=EDGE_CURVE('',#4406,#4236,#426,.T.);
#3635=EDGE_CURVE('',#4410,#4405,#1284,.F.);
#3636=EDGE_CURVE('',#4412,#4409,#1285,.F.);
#3637=EDGE_CURVE('',#4413,#4418,#427,.T.);
#3638=EDGE_CURVE('',#4418,#4419,#1286,.F.);
#3639=EDGE_CURVE('',#4420,#4419,#1287,.T.);
#3640=EDGE_CURVE('',#4420,#4421,#1288,.F.);
#3641=EDGE_CURVE('',#4421,#4422,#428,.T.);
#3642=EDGE_CURVE('',#4422,#4231,#429,.T.);
#3643=EDGE_CURVE('',#4423,#4233,#430,.T.);
#3644=EDGE_CURVE('',#4423,#4424,#431,.T.);
#3645=EDGE_CURVE('',#4424,#4425,#1289,.F.);
#3646=EDGE_CURVE('',#4426,#4425,#1290,.T.);
#3647=EDGE_CURVE('',#4426,#4415,#1291,.F.);
#3648=EDGE_CURVE('',#4416,#4414,#1292,.F.);
#3649=EDGE_CURVE('',#4408,#4417,#1293,.F.);
#3650=EDGE_CURVE('',#4407,#4237,#432,.T.);
#3651=EDGE_CURVE('',#4427,#4307,#1294,.T.);
#3652=EDGE_CURVE('',#4428,#4427,#1295,.T.);
#3653=EDGE_CURVE('',#4316,#4428,#1296,.T.);
#3654=EDGE_CURVE('',#4312,#4315,#1297,.T.);
#3655=EDGE_CURVE('',#4308,#4311,#1298,.T.);
#3656=EDGE_CURVE('',#4298,#4295,#1299,.T.);
#3657=EDGE_CURVE('',#4429,#4297,#1300,.T.);
#3658=EDGE_CURVE('',#4430,#4429,#1301,.T.);
#3659=EDGE_CURVE('',#4304,#4430,#1302,.T.);
#3660=EDGE_CURVE('',#4296,#4303,#1303,.T.);
#3661=EDGE_CURVE('',#4334,#4331,#1304,.T.);
#3662=EDGE_CURVE('',#4338,#4333,#1305,.T.);
#3663=EDGE_CURVE('',#4431,#4337,#1306,.T.);
#3664=EDGE_CURVE('',#4432,#4431,#1307,.T.);
#3665=EDGE_CURVE('',#4332,#4432,#1308,.T.);
#3666=EDGE_CURVE('',#4433,#4319,#1309,.T.);
#3667=EDGE_CURVE('',#4434,#4433,#1310,.T.);
#3668=EDGE_CURVE('',#4328,#4434,#1311,.T.);
#3669=EDGE_CURVE('',#4324,#4327,#1312,.T.);
#3670=EDGE_CURVE('',#4320,#4323,#1313,.T.);
#3671=EDGE_CURVE('',#4404,#4357,#433,.T.);
#3672=EDGE_CURVE('',#4403,#4354,#434,.T.);
#3673=EDGE_CURVE('',#4353,#4424,#435,.T.);
#3674=EDGE_CURVE('',#4263,#4423,#436,.T.);
#3675=EDGE_CURVE('',#4292,#4291,#437,.T.);
#3676=EDGE_CURVE('',#4260,#4422,#438,.T.);
#3677=EDGE_CURVE('',#4421,#4358,#439,.F.);
#3678=EDGE_CURVE('',#4359,#4420,#440,.F.);
#3679=EDGE_CURVE('',#4419,#4360,#441,.T.);
#3680=EDGE_CURVE('',#4361,#4418,#442,.T.);
#3681=EDGE_CURVE('',#4425,#4352,#443,.T.);
#3682=EDGE_CURVE('',#4351,#4426,#444,.F.);
#3683=EDGE_CURVE('',#4429,#4435,#445,.F.);
#3684=EDGE_CURVE('',#4436,#4435,#1314,.T.);
#3685=EDGE_CURVE('',#4436,#4430,#446,.T.);
#3686=EDGE_CURVE('',#4293,#4299,#1315,.T.);
#3687=EDGE_CURVE('',#4301,#4294,#1316,.T.);
#3688=EDGE_CURVE('',#4436,#4302,#1317,.T.);
#3689=EDGE_CURVE('',#4300,#4435,#1318,.T.);
#3690=EDGE_CURVE('',#4437,#4437,#1319,.T.);
#3691=EDGE_CURVE('',#4427,#4438,#447,.F.);
#3692=EDGE_CURVE('',#4439,#4438,#1320,.T.);
#3693=EDGE_CURVE('',#4439,#4428,#448,.T.);
#3694=EDGE_CURVE('',#4305,#4438,#1321,.T.);
#3695=EDGE_CURVE('',#4309,#4306,#1322,.T.);
#3696=EDGE_CURVE('',#4313,#4310,#1323,.T.);
#3697=EDGE_CURVE('',#4439,#4314,#1324,.T.);
#3698=EDGE_CURVE('',#4440,#4440,#1325,.T.);
#3699=EDGE_CURVE('',#4433,#4441,#449,.F.);
#3700=EDGE_CURVE('',#4442,#4441,#1326,.T.);
#3701=EDGE_CURVE('',#4442,#4434,#450,.T.);
#3702=EDGE_CURVE('',#4317,#4441,#1327,.T.);
#3703=EDGE_CURVE('',#4321,#4318,#1328,.T.);
#3704=EDGE_CURVE('',#4325,#4322,#1329,.T.);
#3705=EDGE_CURVE('',#4442,#4326,#1330,.T.);
#3706=EDGE_CURVE('',#4443,#4443,#1331,.T.);
#3707=EDGE_CURVE('',#4431,#4444,#451,.F.);
#3708=EDGE_CURVE('',#4445,#4444,#1332,.T.);
#3709=EDGE_CURVE('',#4445,#4432,#452,.T.);
#3710=EDGE_CURVE('',#4329,#4335,#1333,.T.);
#3711=EDGE_CURVE('',#4445,#4330,#1334,.T.);
#3712=EDGE_CURVE('',#4340,#4444,#1335,.T.);
#3713=EDGE_CURVE('',#4336,#4339,#1336,.T.);
#3714=EDGE_CURVE('',#4446,#4446,#1337,.T.);
#3715=EDGE_CURVE('',#4447,#4447,#1338,.T.);
#3716=EDGE_CURVE('',#4448,#4448,#1339,.T.);
#3717=EDGE_CURVE('',#4449,#4449,#1340,.T.);
#3718=EDGE_CURVE('',#4450,#4450,#1341,.T.);
#3719=EDGE_CURVE('',#4451,#4451,#1342,.T.);
#3720=EDGE_CURVE('',#4452,#4452,#1343,.T.);
#3721=EDGE_CURVE('',#4432,#4332,#4712,.T.);
#3722=EDGE_CURVE('',#4337,#4431,#4713,.T.);
#3723=EDGE_CURVE('',#4333,#4338,#4714,.T.);
#3724=EDGE_CURVE('',#4331,#4334,#4715,.T.);
#3725=EDGE_CURVE('',#4434,#4328,#4716,.T.);
#3726=EDGE_CURVE('',#4327,#4324,#4717,.T.);
#3727=EDGE_CURVE('',#4323,#4320,#4718,.T.);
#3728=EDGE_CURVE('',#4319,#4433,#4719,.T.);
#3729=EDGE_CURVE('',#4428,#4316,#4720,.T.);
#3730=EDGE_CURVE('',#4315,#4312,#4721,.T.);
#3731=EDGE_CURVE('',#4311,#4308,#4722,.T.);
#3732=EDGE_CURVE('',#4307,#4427,#4723,.T.);
#3733=EDGE_CURVE('',#4430,#4304,#4724,.T.);
#3734=EDGE_CURVE('',#4303,#4296,#4725,.T.);
#3735=EDGE_CURVE('',#4297,#4429,#4726,.T.);
#3736=EDGE_CURVE('',#4295,#4298,#4727,.T.);
#3737=EDGE_CURVE('',#4219,#4277,#453,.F.);
#3738=EDGE_CURVE('',#4278,#4218,#454,.T.);
#3739=EDGE_CURVE('',#4284,#4210,#455,.T.);
#3740=EDGE_CURVE('',#4209,#4285,#456,.F.);
#3741=EDGE_CURVE('',#4453,#4453,#1344,.T.);
#3742=EDGE_CURVE('',#4454,#4255,#457,.T.);
#3743=EDGE_CURVE('',#4454,#4455,#1345,.T.);
#3744=EDGE_CURVE('',#4455,#4256,#458,.T.);
#3745=EDGE_CURVE('',#4456,#4456,#1346,.T.);
#3746=EDGE_CURVE('',#4457,#4244,#459,.T.);
#3747=EDGE_CURVE('',#4457,#4458,#1347,.T.);
#3748=EDGE_CURVE('',#4458,#4246,#460,.T.);
#3749=EDGE_CURVE('',#4459,#4459,#1348,.T.);
#3750=EDGE_CURVE('',#4460,#4247,#461,.T.);
#3751=EDGE_CURVE('',#4460,#4461,#1349,.T.);
#3752=EDGE_CURVE('',#4461,#4248,#462,.T.);
#3753=EDGE_CURVE('',#4462,#4462,#1350,.T.);
#3754=EDGE_CURVE('',#4463,#4463,#1351,.F.);
#3755=EDGE_CURVE('',#4464,#4464,#1352,.F.);
#3756=EDGE_CURVE('',#4465,#4465,#1353,.F.);
#3757=EDGE_CURVE('',#4466,#4466,#1354,.T.);
#3758=EDGE_CURVE('',#4467,#4257,#463,.T.);
#3759=EDGE_CURVE('',#4467,#4468,#1355,.T.);
#3760=EDGE_CURVE('',#4468,#4258,#464,.T.);
#3761=EDGE_CURVE('',#4469,#4469,#1356,.F.);
#3762=EDGE_CURVE('',#4470,#4470,#1357,.T.);
#3763=EDGE_CURVE('',#4471,#4471,#1358,.T.);
#3764=EDGE_CURVE('',#4245,#4232,#465,.T.);
#3765=EDGE_CURVE('',#4259,#4230,#466,.T.);
#3766=EDGE_CURVE('',#4254,#4234,#467,.T.);
#3767=EDGE_CURVE('',#4249,#4235,#468,.T.);
#3768=EDGE_CURVE('',#4458,#4460,#469,.T.);
#3769=EDGE_CURVE('',#4232,#4457,#470,.T.);
#3770=EDGE_CURVE('',#4468,#4230,#471,.T.);
#3771=EDGE_CURVE('',#4467,#4455,#472,.T.);
#3772=EDGE_CURVE('',#4235,#4461,#473,.T.);
#3773=EDGE_CURVE('',#4454,#4234,#474,.T.);
#3774=EDGE_CURVE('',#4182,#4472,#475,.F.);
#3775=EDGE_CURVE('',#4472,#4473,#1359,.T.);
#3776=EDGE_CURVE('',#4473,#4181,#476,.T.);
#3777=EDGE_CURVE('',#4185,#4474,#477,.F.);
#3778=EDGE_CURVE('',#4474,#4475,#478,.F.);
#3779=EDGE_CURVE('',#4475,#4186,#479,.T.);
#3780=EDGE_CURVE('',#4476,#4477,#1360,.T.);
#3781=EDGE_CURVE('',#4476,#4184,#480,.T.);
#3782=EDGE_CURVE('',#4183,#4477,#481,.F.);
#3783=EDGE_CURVE('',#4476,#4474,#4728,.T.);
#3784=EDGE_CURVE('',#4475,#4472,#4729,.T.);
#3785=EDGE_CURVE('',#4473,#4138,#4730,.T.);
#3786=EDGE_CURVE('',#4139,#4477,#4731,.T.);
#3787=EDGE_CURVE('',#4478,#4205,#482,.F.);
#3788=EDGE_CURVE('',#4478,#4479,#1361,.T.);
#3789=EDGE_CURVE('',#4206,#4479,#483,.T.);
#3790=EDGE_CURVE('',#4480,#4481,#484,.F.);
#3791=EDGE_CURVE('',#4204,#4480,#485,.T.);
#3792=EDGE_CURVE('',#4481,#4203,#486,.F.);
#3793=EDGE_CURVE('',#4482,#4201,#487,.F.);
#3794=EDGE_CURVE('',#4482,#4483,#488,.F.);
#3795=EDGE_CURVE('',#4202,#4483,#489,.T.);
#3796=EDGE_CURVE('',#4479,#4482,#4732,.T.);
#3797=EDGE_CURVE('',#4480,#4478,#4733,.T.);
#3798=EDGE_CURVE('',#4483,#4141,#4734,.T.);
#3799=EDGE_CURVE('',#4143,#4481,#4735,.T.);
#3800=EDGE_CURVE('',#4197,#4484,#490,.T.);
#3801=EDGE_CURVE('',#4484,#4485,#1362,.T.);
#3802=EDGE_CURVE('',#4485,#4198,#491,.F.);
#3803=EDGE_CURVE('',#4486,#4487,#492,.T.);
#3804=EDGE_CURVE('',#4486,#4200,#493,.F.);
#3805=EDGE_CURVE('',#4199,#4487,#494,.T.);
#3806=EDGE_CURVE('',#4195,#4488,#495,.T.);
#3807=EDGE_CURVE('',#4488,#4489,#496,.T.);
#3808=EDGE_CURVE('',#4489,#4196,#497,.F.);
#3809=EDGE_CURVE('',#4489,#4484,#4736,.T.);
#3810=EDGE_CURVE('',#4485,#4487,#4737,.T.);
#3811=EDGE_CURVE('',#4147,#4488,#4738,.T.);
#3812=EDGE_CURVE('',#4486,#4146,#4739,.T.);
#3813=EDGE_CURVE('',#4490,#4491,#498,.T.);
#3814=EDGE_CURVE('',#4490,#4492,#1363,.T.);
#3815=EDGE_CURVE('',#4493,#4492,#499,.F.);
#3816=EDGE_CURVE('',#4493,#4491,#1364,.F.);
#3817=EDGE_CURVE('',#4125,#4129,#4740,.T.);
#3818=EDGE_CURVE('',#4130,#4127,#4741,.T.);
#3819=EDGE_CURVE('',#4131,#4121,#4742,.T.);
#3820=EDGE_CURVE('',#4122,#4132,#4743,.T.);
#3821=EDGE_CURVE('',#4123,#4490,#4744,.T.);
#3822=EDGE_CURVE('',#4491,#4124,#4745,.T.);
#3823=EDGE_CURVE('',#4492,#4126,#4746,.T.);
#3824=EDGE_CURVE('',#4128,#4493,#4747,.T.);
#3825=EDGE_CURVE('',#4494,#4193,#500,.T.);
#3826=EDGE_CURVE('',#4495,#4494,#501,.T.);
#3827=EDGE_CURVE('',#4194,#4495,#502,.F.);
#3828=EDGE_CURVE('',#4496,#4189,#503,.T.);
#3829=EDGE_CURVE('',#4497,#4496,#504,.T.);
#3830=EDGE_CURVE('',#4190,#4497,#505,.F.);
#3831=EDGE_CURVE('',#4498,#4191,#506,.T.);
#3832=EDGE_CURVE('',#4499,#4498,#1365,.F.);
#3833=EDGE_CURVE('',#4192,#4499,#507,.F.);
#3834=EDGE_CURVE('',#4500,#4188,#508,.T.);
#3835=EDGE_CURVE('',#4501,#4500,#1366,.T.);
#3836=EDGE_CURVE('',#4187,#4501,#509,.F.);
#3837=EDGE_CURVE('',#4496,#4501,#4748,.F.);
#3838=EDGE_CURVE('',#4498,#4497,#4749,.T.);
#3839=EDGE_CURVE('',#4500,#4495,#4750,.T.);
#3840=EDGE_CURVE('',#4494,#4499,#4751,.T.);
#3841=EDGE_CURVE('',#4502,#4503,#4752,.T.);
#3842=EDGE_CURVE('',#4504,#4502,#1367,.F.);
#3843=EDGE_CURVE('',#4505,#4504,#4753,.T.);
#3844=EDGE_CURVE('',#4506,#4505,#4754,.T.);
#3845=EDGE_CURVE('',#4507,#4506,#4755,.T.);
#3846=EDGE_CURVE('',#4508,#4507,#1368,.F.);
#3847=EDGE_CURVE('',#4509,#4508,#4756,.T.);
#3848=EDGE_CURVE('',#4503,#4509,#4757,.T.);
#3849=EDGE_CURVE('',#4505,#4497,#4758,.T.);
#3850=EDGE_CURVE('',#4496,#4506,#4759,.T.);
#3851=EDGE_CURVE('',#4501,#4507,#4760,.T.);
#3852=EDGE_CURVE('',#4504,#4498,#4761,.T.);
#3853=EDGE_CURVE('',#4500,#4508,#4762,.F.);
#3854=EDGE_CURVE('',#4502,#4499,#4763,.F.);
#3855=EDGE_CURVE('',#4495,#4509,#4764,.F.);
#3856=EDGE_CURVE('',#4503,#4494,#4765,.F.);
#3857=EDGE_CURVE('',#4150,#4155,#1369,.T.);
#3858=EDGE_CURVE('',#4161,#4149,#1370,.F.);
#3859=EDGE_CURVE('',#4163,#4153,#1371,.F.);
#3860=EDGE_CURVE('',#4368,#4390,#1372,.T.);
#3861=EDGE_CURVE('',#4369,#4389,#1373,.T.);
#3862=EDGE_CURVE('',#4224,#4382,#1374,.T.);
#3863=EDGE_CURVE('',#4370,#4381,#1375,.T.);
#3864=EDGE_CURVE('',#4371,#4379,#1376,.T.);
#3865=EDGE_CURVE('',#4372,#4377,#1377,.T.);
#3866=EDGE_CURVE('',#4367,#4376,#1378,.T.);
#3867=EDGE_CURVE('',#4225,#4375,#1379,.T.);
#3868=EDGE_CURVE('',#4510,#4510,#1380,.T.);
#3869=EDGE_CURVE('',#4511,#4511,#1381,.T.);
#3870=EDGE_CURVE('',#4512,#4513,#510,.T.);
#3871=EDGE_CURVE('',#4513,#4514,#1382,.F.);
#3872=EDGE_CURVE('',#4515,#4514,#511,.T.);
#3873=EDGE_CURVE('',#4515,#4516,#1383,.F.);
#3874=EDGE_CURVE('',#4517,#4516,#512,.T.);
#3875=EDGE_CURVE('',#4517,#4518,#1384,.F.);
#3876=EDGE_CURVE('',#4518,#4519,#513,.T.);
#3877=EDGE_CURVE('',#4519,#4512,#1385,.F.);
#3878=EDGE_CURVE('',#4520,#4521,#514,.T.);
#3879=EDGE_CURVE('',#4520,#4522,#1386,.T.);
#3880=EDGE_CURVE('',#4522,#4523,#515,.T.);
#3881=EDGE_CURVE('',#4523,#4524,#1387,.T.);
#3882=EDGE_CURVE('',#4524,#4525,#516,.T.);
#3883=EDGE_CURVE('',#4525,#4526,#1388,.T.);
#3884=EDGE_CURVE('',#4527,#4526,#517,.T.);
#3885=EDGE_CURVE('',#4527,#4521,#1389,.T.);
#3886=EDGE_CURVE('',#4528,#4529,#518,.T.);
#3887=EDGE_CURVE('',#4528,#4527,#519,.F.);
#3888=EDGE_CURVE('',#4526,#4529,#520,.T.);
#3889=EDGE_CURVE('',#4522,#4530,#521,.T.);
#3890=EDGE_CURVE('',#4530,#4531,#522,.T.);
#3891=EDGE_CURVE('',#4531,#4523,#523,.F.);
#3892=EDGE_CURVE('',#4532,#4533,#524,.T.);
#3893=EDGE_CURVE('',#4532,#4520,#525,.F.);
#3894=EDGE_CURVE('',#4521,#4533,#526,.T.);
#3895=EDGE_CURVE('',#4524,#4534,#527,.T.);
#3896=EDGE_CURVE('',#4534,#4535,#528,.T.);
#3897=EDGE_CURVE('',#4535,#4525,#529,.F.);
#3898=EDGE_CURVE('',#4530,#4532,#1390,.F.);
#3899=EDGE_CURVE('',#4533,#4528,#1391,.F.);
#3900=EDGE_CURVE('',#4529,#4535,#1392,.F.);
#3901=EDGE_CURVE('',#4534,#4531,#1393,.F.);
#3902=EDGE_CURVE('',#4514,#4536,#530,.T.);
#3903=EDGE_CURVE('',#4536,#4537,#531,.F.);
#3904=EDGE_CURVE('',#4537,#4515,#532,.F.);
#3905=EDGE_CURVE('',#4518,#4538,#533,.T.);
#3906=EDGE_CURVE('',#4538,#4539,#534,.F.);
#3907=EDGE_CURVE('',#4539,#4519,#535,.F.);
#3908=EDGE_CURVE('',#4540,#4541,#536,.F.);
#3909=EDGE_CURVE('',#4541,#4542,#1394,.T.);
#3910=EDGE_CURVE('',#4542,#4543,#537,.T.);
#3911=EDGE_CURVE('',#4543,#4540,#1395,.F.);
#3912=EDGE_CURVE('',#4544,#4545,#1396,.F.);
#3913=EDGE_CURVE('',#4545,#4546,#538,.F.);
#3914=EDGE_CURVE('',#4546,#4517,#539,.T.);
#3915=EDGE_CURVE('',#4516,#4547,#540,.T.);
#3916=EDGE_CURVE('',#4547,#4548,#541,.F.);
#3917=EDGE_CURVE('',#4548,#4549,#1397,.F.);
#3918=EDGE_CURVE('',#4549,#4544,#1398,.F.);
#3919=EDGE_CURVE('',#4512,#4550,#542,.T.);
#3920=EDGE_CURVE('',#4550,#4551,#543,.F.);
#3921=EDGE_CURVE('',#4551,#4552,#1399,.T.);
#3922=EDGE_CURVE('',#4552,#4553,#1400,.T.);
#3923=EDGE_CURVE('',#4553,#4554,#1401,.T.);
#3924=EDGE_CURVE('',#4554,#4555,#544,.F.);
#3925=EDGE_CURVE('',#4555,#4513,#545,.T.);
#3926=EDGE_CURVE('',#4555,#4536,#20,.F.);
#3927=EDGE_CURVE('',#4539,#4550,#21,.F.);
#3928=EDGE_CURVE('',#4537,#4547,#22,.F.);
#3929=EDGE_CURVE('',#4546,#4538,#23,.F.);
#3930=EDGE_CURVE('',#4556,#4557,#546,.T.);
#3931=EDGE_CURVE('',#4557,#4558,#547,.F.);
#3932=EDGE_CURVE('',#4558,#4559,#24,.F.);
#3933=EDGE_CURVE('',#4559,#4560,#548,.F.);
#3934=EDGE_CURVE('',#4560,#4561,#25,.F.);
#3935=EDGE_CURVE('',#4561,#4556,#549,.F.);
#3936=EDGE_CURVE('',#4562,#4563,#550,.F.);
#3937=EDGE_CURVE('',#4563,#4564,#551,.F.);
#3938=EDGE_CURVE('',#4564,#4565,#26,.F.);
#3939=EDGE_CURVE('',#4565,#4566,#552,.F.);
#3940=EDGE_CURVE('',#4566,#4567,#27,.F.);
#3941=EDGE_CURVE('',#4567,#4562,#553,.F.);
#3942=EDGE_CURVE('',#4542,#4557,#1402,.T.);
#3943=EDGE_CURVE('',#4556,#4543,#1403,.F.);
#3944=EDGE_CURVE('',#4540,#4563,#1404,.F.);
#3945=EDGE_CURVE('',#4562,#4541,#1405,.T.);
#3946=EDGE_CURVE('',#4557,#4548,#1406,.T.);
#3947=EDGE_CURVE('',#4549,#4542,#1407,.T.);
#3948=EDGE_CURVE('',#4544,#4541,#1408,.T.);
#3949=EDGE_CURVE('',#4558,#4547,#1409,.T.);
#3950=EDGE_CURVE('',#4545,#4562,#1410,.T.);
#3951=EDGE_CURVE('',#4559,#4537,#1411,.T.);
#3952=EDGE_CURVE('',#4546,#4567,#1412,.T.);
#3953=EDGE_CURVE('',#4560,#4536,#1413,.T.);
#3954=EDGE_CURVE('',#4538,#4566,#1414,.T.);
#3955=EDGE_CURVE('',#4561,#4555,#1415,.T.);
#3956=EDGE_CURVE('',#4539,#4565,#1416,.T.);
#3957=EDGE_CURVE('',#4556,#4554,#1417,.T.);
#3958=EDGE_CURVE('',#4550,#4564,#1418,.T.);
#3959=EDGE_CURVE('',#4543,#4553,#1419,.T.);
#3960=EDGE_CURVE('',#4551,#4563,#1420,.T.);
#3961=EDGE_CURVE('',#4540,#4552,#1421,.T.);
#3962=EDGE_CURVE('',#4568,#4569,#554,.T.);
#3963=EDGE_CURVE('',#4570,#4568,#1422,.F.);
#3964=EDGE_CURVE('',#4571,#4570,#555,.T.);
#3965=EDGE_CURVE('',#4572,#4571,#1423,.F.);
#3966=EDGE_CURVE('',#4572,#4573,#556,.T.);
#3967=EDGE_CURVE('',#4574,#4573,#1424,.F.);
#3968=EDGE_CURVE('',#4574,#4575,#557,.T.);
#3969=EDGE_CURVE('',#4569,#4575,#1425,.F.);
#3970=EDGE_CURVE('',#4576,#4577,#558,.T.);
#3971=EDGE_CURVE('',#4578,#4577,#1426,.T.);
#3972=EDGE_CURVE('',#4578,#4579,#559,.T.);
#3973=EDGE_CURVE('',#4580,#4579,#1427,.T.);
#3974=EDGE_CURVE('',#4581,#4580,#560,.T.);
#3975=EDGE_CURVE('',#4582,#4581,#1428,.T.);
#3976=EDGE_CURVE('',#4583,#4582,#561,.T.);
#3977=EDGE_CURVE('',#4576,#4583,#1429,.T.);
#3978=EDGE_CURVE('',#4584,#4585,#562,.T.);
#3979=EDGE_CURVE('',#4579,#4585,#563,.T.);
#3980=EDGE_CURVE('',#4584,#4578,#564,.F.);
#3981=EDGE_CURVE('',#4586,#4582,#565,.F.);
#3982=EDGE_CURVE('',#4587,#4586,#566,.T.);
#3983=EDGE_CURVE('',#4583,#4587,#567,.T.);
#3984=EDGE_CURVE('',#4588,#4589,#568,.T.);
#3985=EDGE_CURVE('',#4577,#4589,#569,.T.);
#3986=EDGE_CURVE('',#4588,#4576,#570,.F.);
#3987=EDGE_CURVE('',#4590,#4580,#571,.F.);
#3988=EDGE_CURVE('',#4591,#4590,#572,.T.);
#3989=EDGE_CURVE('',#4581,#4591,#573,.T.);
#3990=EDGE_CURVE('',#4591,#4586,#1430,.F.);
#3991=EDGE_CURVE('',#4585,#4590,#1431,.F.);
#3992=EDGE_CURVE('',#4589,#4584,#1432,.F.);
#3993=EDGE_CURVE('',#4587,#4588,#1433,.F.);
#3994=EDGE_CURVE('',#4575,#4592,#574,.T.);
#3995=EDGE_CURVE('',#4593,#4574,#575,.F.);
#3996=EDGE_CURVE('',#4592,#4593,#576,.F.);
#3997=EDGE_CURVE('',#4571,#4594,#577,.T.);
#3998=EDGE_CURVE('',#4595,#4570,#578,.F.);
#3999=EDGE_CURVE('',#4594,#4595,#579,.F.);
#4000=EDGE_CURVE('',#4596,#4597,#580,.F.);
#4001=EDGE_CURVE('',#4598,#4596,#1434,.F.);
#4002=EDGE_CURVE('',#4599,#4598,#581,.T.);
#4003=EDGE_CURVE('',#4597,#4599,#1435,.T.);
#4004=EDGE_CURVE('',#4600,#4601,#1436,.F.);
#4005=EDGE_CURVE('',#4602,#4600,#1437,.F.);
#4006=EDGE_CURVE('',#4603,#4602,#1438,.F.);
#4007=EDGE_CURVE('',#4604,#4603,#582,.F.);
#4008=EDGE_CURVE('',#4573,#4604,#583,.T.);
#4009=EDGE_CURVE('',#4605,#4572,#584,.T.);
#4010=EDGE_CURVE('',#4601,#4605,#585,.F.);
#4011=EDGE_CURVE('',#4568,#4606,#586,.T.);
#4012=EDGE_CURVE('',#4607,#4569,#587,.T.);
#4013=EDGE_CURVE('',#4608,#4607,#588,.F.);
#4014=EDGE_CURVE('',#4609,#4608,#1439,.T.);
#4015=EDGE_CURVE('',#4610,#4609,#1440,.T.);
#4016=EDGE_CURVE('',#4611,#4610,#1441,.T.);
#4017=EDGE_CURVE('',#4606,#4611,#589,.F.);
#4018=EDGE_CURVE('',#4607,#4592,#28,.F.);
#4019=EDGE_CURVE('',#4595,#4606,#29,.F.);
#4020=EDGE_CURVE('',#4593,#4604,#30,.F.);
#4021=EDGE_CURVE('',#4605,#4594,#31,.F.);
#4022=EDGE_CURVE('',#4612,#4613,#590,.T.);
#4023=EDGE_CURVE('',#4614,#4612,#591,.F.);
#4024=EDGE_CURVE('',#4615,#4614,#32,.F.);
#4025=EDGE_CURVE('',#4616,#4615,#592,.F.);
#4026=EDGE_CURVE('',#4617,#4616,#33,.F.);
#4027=EDGE_CURVE('',#4613,#4617,#593,.F.);
#4028=EDGE_CURVE('',#4618,#4619,#594,.F.);
#4029=EDGE_CURVE('',#4620,#4618,#595,.F.);
#4030=EDGE_CURVE('',#4621,#4620,#34,.F.);
#4031=EDGE_CURVE('',#4622,#4621,#596,.F.);
#4032=EDGE_CURVE('',#4623,#4622,#35,.F.);
#4033=EDGE_CURVE('',#4619,#4623,#597,.F.);
#4034=EDGE_CURVE('',#4612,#4598,#1442,.F.);
#4035=EDGE_CURVE('',#4599,#4613,#1443,.T.);
#4036=EDGE_CURVE('',#4618,#4597,#1444,.T.);
#4037=EDGE_CURVE('',#4596,#4619,#1445,.F.);
#4038=EDGE_CURVE('',#4613,#4603,#1446,.T.);
#4039=EDGE_CURVE('',#4602,#4599,#1447,.T.);
#4040=EDGE_CURVE('',#4600,#4597,#1448,.T.);
#4041=EDGE_CURVE('',#4617,#4604,#1449,.T.);
#4042=EDGE_CURVE('',#4601,#4618,#1450,.T.);
#4043=EDGE_CURVE('',#4616,#4593,#1451,.T.);
#4044=EDGE_CURVE('',#4605,#4620,#1452,.T.);
#4045=EDGE_CURVE('',#4615,#4592,#1453,.T.);
#4046=EDGE_CURVE('',#4594,#4621,#1454,.T.);
#4047=EDGE_CURVE('',#4614,#4607,#1455,.T.);
#4048=EDGE_CURVE('',#4595,#4622,#1456,.T.);
#4049=EDGE_CURVE('',#4612,#4608,#1457,.T.);
#4050=EDGE_CURVE('',#4606,#4623,#1458,.T.);
#4051=EDGE_CURVE('',#4598,#4609,#1459,.T.);
#4052=EDGE_CURVE('',#4611,#4619,#1460,.T.);
#4053=EDGE_CURVE('',#4596,#4610,#1461,.T.);
#4054=VERTEX_POINT('',#8766);
#4055=VERTEX_POINT('',#8771);
#4056=VERTEX_POINT('',#8772);
#4057=VERTEX_POINT('',#8777);
#4058=VERTEX_POINT('',#8782);
#4059=VERTEX_POINT('',#8784);
#4060=VERTEX_POINT('',#8789);
#4061=VERTEX_POINT('',#8794);
#4062=VERTEX_POINT('',#8799);
#4063=VERTEX_POINT('',#8803);
#4064=VERTEX_POINT('',#8804);
#4065=VERTEX_POINT('',#8810);
#4066=VERTEX_POINT('',#8812);
#4067=VERTEX_POINT('',#8818);
#4068=VERTEX_POINT('',#8820);
#4069=VERTEX_POINT('',#8826);
#4070=VERTEX_POINT('',#8828);
#4071=VERTEX_POINT('',#8836);
#4072=VERTEX_POINT('',#8838);
#4073=VERTEX_POINT('',#8842);
#4074=VERTEX_POINT('',#8844);
#4075=VERTEX_POINT('',#8848);
#4076=VERTEX_POINT('',#8853);
#4077=VERTEX_POINT('',#8857);
#4078=VERTEX_POINT('',#8862);
#4079=VERTEX_POINT('',#8994);
#4080=VERTEX_POINT('',#9031);
#4081=VERTEX_POINT('',#9034);
#4082=VERTEX_POINT('',#9037);
#4083=VERTEX_POINT('',#9042);
#4084=VERTEX_POINT('',#9045);
#4085=VERTEX_POINT('',#9048);
#4086=VERTEX_POINT('',#9051);
#4087=VERTEX_POINT('',#9054);
#4088=VERTEX_POINT('',#9057);
#4089=VERTEX_POINT('',#9060);
#4090=VERTEX_POINT('',#9063);
#4091=VERTEX_POINT('',#9066);
#4092=VERTEX_POINT('',#9069);
#4093=VERTEX_POINT('',#9072);
#4094=VERTEX_POINT('',#9075);
#4095=VERTEX_POINT('',#9078);
#4096=VERTEX_POINT('',#9081);
#4097=VERTEX_POINT('',#9084);
#4098=VERTEX_POINT('',#9087);
#4099=VERTEX_POINT('',#9090);
#4100=VERTEX_POINT('',#9093);
#4101=VERTEX_POINT('',#9096);
#4102=VERTEX_POINT('',#9099);
#4103=VERTEX_POINT('',#9102);
#4104=VERTEX_POINT('',#9105);
#4105=VERTEX_POINT('',#9108);
#4106=VERTEX_POINT('',#9111);
#4107=VERTEX_POINT('',#9114);
#4108=VERTEX_POINT('',#9117);
#4109=VERTEX_POINT('',#9120);
#4110=VERTEX_POINT('',#9123);
#4111=VERTEX_POINT('',#9126);
#4112=VERTEX_POINT('',#9129);
#4113=VERTEX_POINT('',#9132);
#4114=VERTEX_POINT('',#9135);
#4115=VERTEX_POINT('',#9138);
#4116=VERTEX_POINT('',#9141);
#4117=VERTEX_POINT('',#9144);
#4118=VERTEX_POINT('',#9147);
#4119=VERTEX_POINT('',#9150);
#4120=VERTEX_POINT('',#9153);
#4121=VERTEX_POINT('',#9156);
#4122=VERTEX_POINT('',#9157);
#4123=VERTEX_POINT('',#9159);
#4124=VERTEX_POINT('',#9161);
#4125=VERTEX_POINT('',#9168);
#4126=VERTEX_POINT('',#9169);
#4127=VERTEX_POINT('',#9171);
#4128=VERTEX_POINT('',#9176);
#4129=VERTEX_POINT('',#9180);
#4130=VERTEX_POINT('',#9181);
#4131=VERTEX_POINT('',#9183);
#4132=VERTEX_POINT('',#9185);
#4133=VERTEX_POINT('',#9189);
#4134=VERTEX_POINT('',#9190);
#4135=VERTEX_POINT('',#9192);
#4136=VERTEX_POINT('',#9197);
#4137=VERTEX_POINT('',#9201);
#4138=VERTEX_POINT('',#9202);
#4139=VERTEX_POINT('',#9204);
#4140=VERTEX_POINT('',#9206);
#4141=VERTEX_POINT('',#9210);
#4142=VERTEX_POINT('',#9211);
#4143=VERTEX_POINT('',#9213);
#4144=VERTEX_POINT('',#9215);
#4145=VERTEX_POINT('',#9219);
#4146=VERTEX_POINT('',#9220);
#4147=VERTEX_POINT('',#9222);
#4148=VERTEX_POINT('',#9224);
#4149=VERTEX_POINT('',#9228);
#4150=VERTEX_POINT('',#9229);
#4151=VERTEX_POINT('',#9231);
#4152=VERTEX_POINT('',#9236);
#4153=VERTEX_POINT('',#9240);
#4154=VERTEX_POINT('',#9241);
#4155=VERTEX_POINT('',#9243);
#4156=VERTEX_POINT('',#9245);
#4157=VERTEX_POINT('',#9252);
#4158=VERTEX_POINT('',#9253);
#4159=VERTEX_POINT('',#9255);
#4160=VERTEX_POINT('',#9257);
#4161=VERTEX_POINT('',#9261);
#4162=VERTEX_POINT('',#9262);
#4163=VERTEX_POINT('',#9270);
#4164=VERTEX_POINT('',#9272);
#4165=VERTEX_POINT('',#9279);
#4166=VERTEX_POINT('',#9280);
#4167=VERTEX_POINT('',#9284);
#4168=VERTEX_POINT('',#9285);
#4169=VERTEX_POINT('',#9287);
#4170=VERTEX_POINT('',#9289);
#4171=VERTEX_POINT('',#9292);
#4172=VERTEX_POINT('',#9294);
#4173=VERTEX_POINT('',#9301);
#4174=VERTEX_POINT('',#9302);
#4175=VERTEX_POINT('',#9304);
#4176=VERTEX_POINT('',#9309);
#4177=VERTEX_POINT('',#9311);
#4178=VERTEX_POINT('',#9313);
#4179=VERTEX_POINT('',#9315);
#4180=VERTEX_POINT('',#9320);
#4181=VERTEX_POINT('',#9323);
#4182=VERTEX_POINT('',#9324);
#4183=VERTEX_POINT('',#9327);
#4184=VERTEX_POINT('',#9329);
#4185=VERTEX_POINT('',#9331);
#4186=VERTEX_POINT('',#9333);
#4187=VERTEX_POINT('',#9340);
#4188=VERTEX_POINT('',#9341);
#4189=VERTEX_POINT('',#9347);
#4190=VERTEX_POINT('',#9352);
#4191=VERTEX_POINT('',#9358);
#4192=VERTEX_POINT('',#9360);
#4193=VERTEX_POINT('',#9366);
#4194=VERTEX_POINT('',#9371);
#4195=VERTEX_POINT('',#9381);
#4196=VERTEX_POINT('',#9386);
#4197=VERTEX_POINT('',#9391);
#4198=VERTEX_POINT('',#9393);
#4199=VERTEX_POINT('',#9398);
#4200=VERTEX_POINT('',#9403);
#4201=VERTEX_POINT('',#9412);
#4202=VERTEX_POINT('',#9413);
#4203=VERTEX_POINT('',#9422);
#4204=VERTEX_POINT('',#9427);
#4205=VERTEX_POINT('',#9432);
#4206=VERTEX_POINT('',#9434);
#4207=VERTEX_POINT('',#9443);
#4208=VERTEX_POINT('',#9444);
#4209=VERTEX_POINT('',#9450);
#4210=VERTEX_POINT('',#9452);
#4211=VERTEX_POINT('',#9458);
#4212=VERTEX_POINT('',#9463);
#4213=VERTEX_POINT('',#9469);
#4214=VERTEX_POINT('',#9471);
#4215=VERTEX_POINT('',#9478);
#4216=VERTEX_POINT('',#9483);
#4217=VERTEX_POINT('',#9484);
#4218=VERTEX_POINT('',#9490);
#4219=VERTEX_POINT('',#9492);
#4220=VERTEX_POINT('',#9498);
#4221=VERTEX_POINT('',#9503);
#4222=VERTEX_POINT('',#9509);
#4223=VERTEX_POINT('',#9511);
#4224=VERTEX_POINT('',#9518);
#4225=VERTEX_POINT('',#9519);
#4226=VERTEX_POINT('',#9524);
#4227=VERTEX_POINT('',#9526);
#4228=VERTEX_POINT('',#9548);
#4229=VERTEX_POINT('',#9552);
#4230=VERTEX_POINT('',#9562);
#4231=VERTEX_POINT('',#9563);
#4232=VERTEX_POINT('',#9565);
#4233=VERTEX_POINT('',#9567);
#4234=VERTEX_POINT('',#9571);
#4235=VERTEX_POINT('',#9572);
#4236=VERTEX_POINT('',#9574);
#4237=VERTEX_POINT('',#9576);
#4238=VERTEX_POINT('',#9581);
#4239=VERTEX_POINT('',#9583);
#4240=VERTEX_POINT('',#9585);
#4241=VERTEX_POINT('',#9587);
#4242=VERTEX_POINT('',#9589);
#4243=VERTEX_POINT('',#9591);
#4244=VERTEX_POINT('',#9594);
#4245=VERTEX_POINT('',#9595);
#4246=VERTEX_POINT('',#9597);
#4247=VERTEX_POINT('',#9599);
#4248=VERTEX_POINT('',#9601);
#4249=VERTEX_POINT('',#9603);
#4250=VERTEX_POINT('',#9605);
#4251=VERTEX_POINT('',#9607);
#4252=VERTEX_POINT('',#9609);
#4253=VERTEX_POINT('',#9611);
#4254=VERTEX_POINT('',#9613);
#4255=VERTEX_POINT('',#9615);
#4256=VERTEX_POINT('',#9617);
#4257=VERTEX_POINT('',#9619);
#4258=VERTEX_POINT('',#9621);
#4259=VERTEX_POINT('',#9623);
#4260=VERTEX_POINT('',#9625);
#4261=VERTEX_POINT('',#9627);
#4262=VERTEX_POINT('',#9629);
#4263=VERTEX_POINT('',#9631);
#4264=VERTEX_POINT('',#9635);
#4265=VERTEX_POINT('',#9637);
#4266=VERTEX_POINT('',#9641);
#4267=VERTEX_POINT('',#9645);
#4268=VERTEX_POINT('',#9647);
#4269=VERTEX_POINT('',#9651);
#4270=VERTEX_POINT('',#9653);
#4271=VERTEX_POINT('',#9657);
#4272=VERTEX_POINT('',#9659);
#4273=VERTEX_POINT('',#9663);
#4274=VERTEX_POINT('',#9673);
#4275=VERTEX_POINT('',#9674);
#4276=VERTEX_POINT('',#9676);
#4277=VERTEX_POINT('',#9682);
#4278=VERTEX_POINT('',#9684);
#4279=VERTEX_POINT('',#9690);
#4280=VERTEX_POINT('',#9692);
#4281=VERTEX_POINT('',#9698);
#4282=VERTEX_POINT('',#9701);
#4283=VERTEX_POINT('',#9702);
#4284=VERTEX_POINT('',#9708);
#4285=VERTEX_POINT('',#9710);
#4286=VERTEX_POINT('',#9716);
#4287=VERTEX_POINT('',#9718);
#4288=VERTEX_POINT('',#9724);
#4289=VERTEX_POINT('',#9726);
#4290=VERTEX_POINT('',#9734);
#4291=VERTEX_POINT('',#9760);
#4292=VERTEX_POINT('',#9762);
#4293=VERTEX_POINT('',#9767);
#4294=VERTEX_POINT('',#9768);
#4295=VERTEX_POINT('',#9770);
#4296=VERTEX_POINT('',#9772);
#4297=VERTEX_POINT('',#9776);
#4298=VERTEX_POINT('',#9777);
#4299=VERTEX_POINT('',#9779);
#4300=VERTEX_POINT('',#9781);
#4301=VERTEX_POINT('',#9785);
#4302=VERTEX_POINT('',#9786);
#4303=VERTEX_POINT('',#9788);
#4304=VERTEX_POINT('',#9790);
#4305=VERTEX_POINT('',#9794);
#4306=VERTEX_POINT('',#9795);
#4307=VERTEX_POINT('',#9797);
#4308=VERTEX_POINT('',#9799);
#4309=VERTEX_POINT('',#9803);
#4310=VERTEX_POINT('',#9804);
#4311=VERTEX_POINT('',#9806);
#4312=VERTEX_POINT('',#9808);
#4313=VERTEX_POINT('',#9812);
#4314=VERTEX_POINT('',#9813);
#4315=VERTEX_POINT('',#9815);
#4316=VERTEX_POINT('',#9817);
#4317=VERTEX_POINT('',#9821);
#4318=VERTEX_POINT('',#9822);
#4319=VERTEX_POINT('',#9824);
#4320=VERTEX_POINT('',#9826);
#4321=VERTEX_POINT('',#9830);
#4322=VERTEX_POINT('',#9831);
#4323=VERTEX_POINT('',#9833);
#4324=VERTEX_POINT('',#9835);
#4325=VERTEX_POINT('',#9839);
#4326=VERTEX_POINT('',#9840);
#4327=VERTEX_POINT('',#9842);
#4328=VERTEX_POINT('',#9844);
#4329=VERTEX_POINT('',#9848);
#4330=VERTEX_POINT('',#9849);
#4331=VERTEX_POINT('',#9851);
#4332=VERTEX_POINT('',#9853);
#4333=VERTEX_POINT('',#9857);
#4334=VERTEX_POINT('',#9858);
#4335=VERTEX_POINT('',#9860);
#4336=VERTEX_POINT('',#9862);
#4337=VERTEX_POINT('',#9866);
#4338=VERTEX_POINT('',#9867);
#4339=VERTEX_POINT('',#9869);
#4340=VERTEX_POINT('',#9871);
#4341=VERTEX_POINT('',#9875);
#4342=VERTEX_POINT('',#9876);
#4343=VERTEX_POINT('',#9878);
#4344=VERTEX_POINT('',#9880);
#4345=VERTEX_POINT('',#9882);
#4346=VERTEX_POINT('',#9884);
#4347=VERTEX_POINT('',#9886);
#4348=VERTEX_POINT('',#9888);
#4349=VERTEX_POINT('',#9890);
#4350=VERTEX_POINT('',#9892);
#4351=VERTEX_POINT('',#9894);
#4352=VERTEX_POINT('',#9896);
#4353=VERTEX_POINT('',#9898);
#4354=VERTEX_POINT('',#9900);
#4355=VERTEX_POINT('',#9902);
#4356=VERTEX_POINT('',#9904);
#4357=VERTEX_POINT('',#9906);
#4358=VERTEX_POINT('',#9908);
#4359=VERTEX_POINT('',#9910);
#4360=VERTEX_POINT('',#9912);
#4361=VERTEX_POINT('',#9914);
#4362=VERTEX_POINT('',#9916);
#4363=VERTEX_POINT('',#9918);
#4364=VERTEX_POINT('',#9920);
#4365=VERTEX_POINT('',#9922);
#4366=VERTEX_POINT('',#9924);
#4367=VERTEX_POINT('',#9927);
#4368=VERTEX_POINT('',#9928);
#4369=VERTEX_POINT('',#9930);
#4370=VERTEX_POINT('',#9932);
#4371=VERTEX_POINT('',#9934);
#4372=VERTEX_POINT('',#9936);
#4373=VERTEX_POINT('',#9943);
#4374=VERTEX_POINT('',#9944);
#4375=VERTEX_POINT('',#9946);
#4376=VERTEX_POINT('',#9953);
#4377=VERTEX_POINT('',#9955);
#4378=VERTEX_POINT('',#9957);
#4379=VERTEX_POINT('',#9961);
#4380=VERTEX_POINT('',#9963);
#4381=VERTEX_POINT('',#9972);
#4382=VERTEX_POINT('',#9973);
#4383=VERTEX_POINT('',#9975);
#4384=VERTEX_POINT('',#9980);
#4385=VERTEX_POINT('',#9985);
#4386=VERTEX_POINT('',#9987);
#4387=VERTEX_POINT('',#10005);
#4388=VERTEX_POINT('',#10006);
#4389=VERTEX_POINT('',#10016);
#4390=VERTEX_POINT('',#10018);
#4391=VERTEX_POINT('',#10028);
#4392=VERTEX_POINT('',#10033);
#4393=VERTEX_POINT('',#10043);
#4394=VERTEX_POINT('',#10045);
#4395=VERTEX_POINT('',#10082);
#4396=VERTEX_POINT('',#10083);
#4397=VERTEX_POINT('',#10088);
#4398=VERTEX_POINT('',#10090);
#4399=VERTEX_POINT('',#10092);
#4400=VERTEX_POINT('',#10096);
#4401=VERTEX_POINT('',#10097);
#4402=VERTEX_POINT('',#10102);
#4403=VERTEX_POINT('',#10104);
#4404=VERTEX_POINT('',#10106);
#4405=VERTEX_POINT('',#10112);
#4406=VERTEX_POINT('',#10114);
#4407=VERTEX_POINT('',#10117);
#4408=VERTEX_POINT('',#10119);
#4409=VERTEX_POINT('',#10124);
#4410=VERTEX_POINT('',#10126);
#4411=VERTEX_POINT('',#10130);
#4412=VERTEX_POINT('',#10132);
#4413=VERTEX_POINT('',#10136);
#4414=VERTEX_POINT('',#10140);
#4415=VERTEX_POINT('',#10141);
#4416=VERTEX_POINT('',#10146);
#4417=VERTEX_POINT('',#10147);
#4418=VERTEX_POINT('',#10156);
#4419=VERTEX_POINT('',#10158);
#4420=VERTEX_POINT('',#10160);
#4421=VERTEX_POINT('',#10162);
#4422=VERTEX_POINT('',#10164);
#4423=VERTEX_POINT('',#10167);
#4424=VERTEX_POINT('',#10169);
#4425=VERTEX_POINT('',#10171);
#4426=VERTEX_POINT('',#10173);
#4427=VERTEX_POINT('',#10179);
#4428=VERTEX_POINT('',#10181);
#4429=VERTEX_POINT('',#10187);
#4430=VERTEX_POINT('',#10189);
#4431=VERTEX_POINT('',#10195);
#4432=VERTEX_POINT('',#10197);
#4433=VERTEX_POINT('',#10200);
#4434=VERTEX_POINT('',#10202);
#4435=VERTEX_POINT('',#10234);
#4436=VERTEX_POINT('',#10236);
#4437=VERTEX_POINT('',#10244);
#4438=VERTEX_POINT('',#10247);
#4439=VERTEX_POINT('',#10249);
#4440=VERTEX_POINT('',#10257);
#4441=VERTEX_POINT('',#10260);
#4442=VERTEX_POINT('',#10262);
#4443=VERTEX_POINT('',#10270);
#4444=VERTEX_POINT('',#10273);
#4445=VERTEX_POINT('',#10275);
#4446=VERTEX_POINT('',#10283);
#4447=VERTEX_POINT('',#10286);
#4448=VERTEX_POINT('',#10289);
#4449=VERTEX_POINT('',#10292);
#4450=VERTEX_POINT('',#10296);
#4451=VERTEX_POINT('',#10300);
#4452=VERTEX_POINT('',#10304);
#4453=VERTEX_POINT('',#10462);
#4454=VERTEX_POINT('',#10464);
#4455=VERTEX_POINT('',#10466);
#4456=VERTEX_POINT('',#10470);
#4457=VERTEX_POINT('',#10472);
#4458=VERTEX_POINT('',#10474);
#4459=VERTEX_POINT('',#10478);
#4460=VERTEX_POINT('',#10480);
#4461=VERTEX_POINT('',#10482);
#4462=VERTEX_POINT('',#10486);
#4463=VERTEX_POINT('',#10489);
#4464=VERTEX_POINT('',#10492);
#4465=VERTEX_POINT('',#10495);
#4466=VERTEX_POINT('',#10498);
#4467=VERTEX_POINT('',#10500);
#4468=VERTEX_POINT('',#10502);
#4469=VERTEX_POINT('',#10506);
#4470=VERTEX_POINT('',#10509);
#4471=VERTEX_POINT('',#10513);
#4472=VERTEX_POINT('',#10548);
#4473=VERTEX_POINT('',#10550);
#4474=VERTEX_POINT('',#10554);
#4475=VERTEX_POINT('',#10556);
#4476=VERTEX_POINT('',#10560);
#4477=VERTEX_POINT('',#10561);
#4478=VERTEX_POINT('',#10590);
#4479=VERTEX_POINT('',#10592);
#4480=VERTEX_POINT('',#10596);
#4481=VERTEX_POINT('',#10597);
#4482=VERTEX_POINT('',#10602);
#4483=VERTEX_POINT('',#10604);
#4484=VERTEX_POINT('',#10628);
#4485=VERTEX_POINT('',#10630);
#4486=VERTEX_POINT('',#10634);
#4487=VERTEX_POINT('',#10635);
#4488=VERTEX_POINT('',#10640);
#4489=VERTEX_POINT('',#10642);
#4490=VERTEX_POINT('',#10666);
#4491=VERTEX_POINT('',#10667);
#4492=VERTEX_POINT('',#10669);
#4493=VERTEX_POINT('',#10671);
#4494=VERTEX_POINT('',#10719);
#4495=VERTEX_POINT('',#10721);
#4496=VERTEX_POINT('',#10725);
#4497=VERTEX_POINT('',#10727);
#4498=VERTEX_POINT('',#10731);
#4499=VERTEX_POINT('',#10733);
#4500=VERTEX_POINT('',#10737);
#4501=VERTEX_POINT('',#10739);
#4502=VERTEX_POINT('',#10794);
#4503=VERTEX_POINT('',#10795);
#4504=VERTEX_POINT('',#10797);
#4505=VERTEX_POINT('',#10802);
#4506=VERTEX_POINT('',#10807);
#4507=VERTEX_POINT('',#10812);
#4508=VERTEX_POINT('',#10814);
#4509=VERTEX_POINT('',#10820);
#4510=VERTEX_POINT('',#11043);
#4511=VERTEX_POINT('',#11047);
#4512=VERTEX_POINT('',#11052);
#4513=VERTEX_POINT('',#11053);
#4514=VERTEX_POINT('',#11055);
#4515=VERTEX_POINT('',#11057);
#4516=VERTEX_POINT('',#11059);
#4517=VERTEX_POINT('',#11061);
#4518=VERTEX_POINT('',#11063);
#4519=VERTEX_POINT('',#11065);
#4520=VERTEX_POINT('',#11068);
#4521=VERTEX_POINT('',#11069);
#4522=VERTEX_POINT('',#11071);
#4523=VERTEX_POINT('',#11073);
#4524=VERTEX_POINT('',#11075);
#4525=VERTEX_POINT('',#11077);
#4526=VERTEX_POINT('',#11079);
#4527=VERTEX_POINT('',#11081);
#4528=VERTEX_POINT('',#11085);
#4529=VERTEX_POINT('',#11086);
#4530=VERTEX_POINT('',#11091);
#4531=VERTEX_POINT('',#11093);
#4532=VERTEX_POINT('',#11097);
#4533=VERTEX_POINT('',#11098);
#4534=VERTEX_POINT('',#11103);
#4535=VERTEX_POINT('',#11105);
#4536=VERTEX_POINT('',#11118);
#4537=VERTEX_POINT('',#11120);
#4538=VERTEX_POINT('',#11124);
#4539=VERTEX_POINT('',#11126);
#4540=VERTEX_POINT('',#11130);
#4541=VERTEX_POINT('',#11131);
#4542=VERTEX_POINT('',#11133);
#4543=VERTEX_POINT('',#11135);
#4544=VERTEX_POINT('',#11139);
#4545=VERTEX_POINT('',#11140);
#4546=VERTEX_POINT('',#11142);
#4547=VERTEX_POINT('',#11145);
#4548=VERTEX_POINT('',#11147);
#4549=VERTEX_POINT('',#11149);
#4550=VERTEX_POINT('',#11153);
#4551=VERTEX_POINT('',#11155);
#4552=VERTEX_POINT('',#11157);
#4553=VERTEX_POINT('',#11159);
#4554=VERTEX_POINT('',#11161);
#4555=VERTEX_POINT('',#11163);
#4556=VERTEX_POINT('',#11175);
#4557=VERTEX_POINT('',#11176);
#4558=VERTEX_POINT('',#11178);
#4559=VERTEX_POINT('',#11180);
#4560=VERTEX_POINT('',#11182);
#4561=VERTEX_POINT('',#11184);
#4562=VERTEX_POINT('',#11188);
#4563=VERTEX_POINT('',#11189);
#4564=VERTEX_POINT('',#11191);
#4565=VERTEX_POINT('',#11193);
#4566=VERTEX_POINT('',#11195);
#4567=VERTEX_POINT('',#11197);
#4568=VERTEX_POINT('',#11296);
#4569=VERTEX_POINT('',#11297);
#4570=VERTEX_POINT('',#11299);
#4571=VERTEX_POINT('',#11301);
#4572=VERTEX_POINT('',#11303);
#4573=VERTEX_POINT('',#11305);
#4574=VERTEX_POINT('',#11307);
#4575=VERTEX_POINT('',#11309);
#4576=VERTEX_POINT('',#11312);
#4577=VERTEX_POINT('',#11313);
#4578=VERTEX_POINT('',#11315);
#4579=VERTEX_POINT('',#11317);
#4580=VERTEX_POINT('',#11319);
#4581=VERTEX_POINT('',#11321);
#4582=VERTEX_POINT('',#11323);
#4583=VERTEX_POINT('',#11325);
#4584=VERTEX_POINT('',#11329);
#4585=VERTEX_POINT('',#11330);
#4586=VERTEX_POINT('',#11335);
#4587=VERTEX_POINT('',#11337);
#4588=VERTEX_POINT('',#11341);
#4589=VERTEX_POINT('',#11342);
#4590=VERTEX_POINT('',#11347);
#4591=VERTEX_POINT('',#11349);
#4592=VERTEX_POINT('',#11362);
#4593=VERTEX_POINT('',#11364);
#4594=VERTEX_POINT('',#11368);
#4595=VERTEX_POINT('',#11370);
#4596=VERTEX_POINT('',#11374);
#4597=VERTEX_POINT('',#11375);
#4598=VERTEX_POINT('',#11377);
#4599=VERTEX_POINT('',#11379);
#4600=VERTEX_POINT('',#11383);
#4601=VERTEX_POINT('',#11384);
#4602=VERTEX_POINT('',#11386);
#4603=VERTEX_POINT('',#11388);
#4604=VERTEX_POINT('',#11390);
#4605=VERTEX_POINT('',#11393);
#4606=VERTEX_POINT('',#11397);
#4607=VERTEX_POINT('',#11399);
#4608=VERTEX_POINT('',#11401);
#4609=VERTEX_POINT('',#11403);
#4610=VERTEX_POINT('',#11405);
#4611=VERTEX_POINT('',#11407);
#4612=VERTEX_POINT('',#11419);
#4613=VERTEX_POINT('',#11420);
#4614=VERTEX_POINT('',#11422);
#4615=VERTEX_POINT('',#11424);
#4616=VERTEX_POINT('',#11426);
#4617=VERTEX_POINT('',#11428);
#4618=VERTEX_POINT('',#11432);
#4619=VERTEX_POINT('',#11433);
#4620=VERTEX_POINT('',#11435);
#4621=VERTEX_POINT('',#11437);
#4622=VERTEX_POINT('',#11439);
#4623=VERTEX_POINT('',#11441);
#4624=B_SPLINE_CURVE_WITH_KNOTS('',3,(#8755,#8756,#8757,#8758,#8759,#8760,
#8761,#8762,#8763,#8764,#8765),.UNSPECIFIED.,.T.,.F.,(1,1,1,1,1,1,1,1,1,
1,1,1,1,1,1),(-0.00248306863528841,-0.00165537909019227,-0.000827689545096132,
4.9065389333868E-18,0.000827689545096143,0.00165537909019228,0.00248306863528842,
0.00331075818038456,0.00413844772548069,0.00496613727057683,0.00579382681567297,
0.00662151636076911,0.00744920590586524,0.00827689545096138,0.00910458499605752),
 .UNSPECIFIED.);
#4625=B_SPLINE_CURVE_WITH_KNOTS('',3,(#8767,#8768,#8769,#8770),
 .UNSPECIFIED.,.F.,.F.,(4,4),(0.,0.000559781768972053),.UNSPECIFIED.);
#4626=B_SPLINE_CURVE_WITH_KNOTS('',3,(#8773,#8774,#8775,#8776),
 .UNSPECIFIED.,.F.,.F.,(4,4),(0.,0.0021003276057749),.UNSPECIFIED.);
#4627=B_SPLINE_CURVE_WITH_KNOTS('',3,(#8778,#8779,#8780,#8781),
 .UNSPECIFIED.,.F.,.F.,(4,4),(0.,0.000559476830196966),.UNSPECIFIED.);
#4628=B_SPLINE_CURVE_WITH_KNOTS('',3,(#8785,#8786,#8787,#8788),
 .UNSPECIFIED.,.F.,.F.,(4,4),(0.,0.000558710849373412),.UNSPECIFIED.);
#4629=B_SPLINE_CURVE_WITH_KNOTS('',3,(#8790,#8791,#8792,#8793),
 .UNSPECIFIED.,.F.,.F.,(4,4),(0.,0.0021003276057749),.UNSPECIFIED.);
#4630=B_SPLINE_CURVE_WITH_KNOTS('',3,(#8795,#8796,#8797,#8798),
 .UNSPECIFIED.,.F.,.F.,(4,4),(0.,0.000560534991381967),.UNSPECIFIED.);
#4631=B_SPLINE_CURVE_WITH_KNOTS('',3,(#8805,#8806,#8807,#8808,#8809),
 .UNSPECIFIED.,.F.,.F.,(4,1,4),(0.,0.000668337873395001,0.00133667574679),
 .UNSPECIFIED.);
#4632=B_SPLINE_CURVE_WITH_KNOTS('',3,(#8813,#8814,#8815,#8816,#8817),
 .UNSPECIFIED.,.F.,.F.,(4,1,4),(0.00473555761705895,0.00540399225427493,
0.00607242689149091),.UNSPECIFIED.);
#4633=B_SPLINE_CURVE_WITH_KNOTS('',3,(#8821,#8822,#8823,#8824,#8825),
 .UNSPECIFIED.,.F.,.F.,(4,1,4),(0.00480194971702671,0.00547019597396717,
0.00613844223090762),.UNSPECIFIED.);
#4634=B_SPLINE_CURVE_WITH_KNOTS('',3,(#8829,#8830,#8831,#8832,#8833),
 .UNSPECIFIED.,.F.,.F.,(4,1,4),(0.00473555761705887,0.00540399225427485,
0.00607242689149083),.UNSPECIFIED.);
#4635=B_SPLINE_CURVE_WITH_KNOTS('',3,(#8849,#8850,#8851,#8852),
 .UNSPECIFIED.,.F.,.F.,(4,4),(0.,0.00210032731257568),.UNSPECIFIED.);
#4636=B_SPLINE_CURVE_WITH_KNOTS('',3,(#8858,#8859,#8860,#8861),
 .UNSPECIFIED.,.F.,.F.,(4,4),(0.,0.00210032731257568),.UNSPECIFIED.);
#4637=B_SPLINE_CURVE_WITH_KNOTS('',3,(#8865,#8866,#8867,#8868,#8869),
 .UNSPECIFIED.,.F.,.F.,(4,1,4),(0.,0.000664510789962263,0.00132902157992453),
 .UNSPECIFIED.);
#4638=B_SPLINE_CURVE_WITH_KNOTS('',3,(#8871,#8872,#8873,#8874,#8875),
 .UNSPECIFIED.,.F.,.F.,(4,1,4),(0.,0.000664357639125302,0.0013287152782506),
 .UNSPECIFIED.);
#4639=B_SPLINE_CURVE_WITH_KNOTS('',3,(#8877,#8878,#8879,#8880,#8881),
 .UNSPECIFIED.,.F.,.F.,(4,1,4),(0.,0.000664671366845574,0.00132934273369115),
 .UNSPECIFIED.);
#4640=B_SPLINE_CURVE_WITH_KNOTS('',3,(#8883,#8884,#8885,#8886,#8887),
 .UNSPECIFIED.,.F.,.F.,(4,1,4),(0.,0.000664529830097126,0.00132905966019425),
 .UNSPECIFIED.);
#4641=B_SPLINE_CURVE_WITH_KNOTS('',3,(#8983,#8984,#8985,#8986,#8987,#8988,
#8989,#8990,#8991,#8992,#8993),.UNSPECIFIED.,.T.,.F.,(1,1,1,1,1,1,1,1,1,
1,1,1,1,1,1),(-0.00169476803721498,-0.00112984535814332,-0.00056492267907166,
0.,0.00056492267907166,0.00112984535814332,0.00169476803721498,0.00225969071628664,
0.0028246133953583,0.00338953607442996,0.00395445875350162,0.00451938143257328,
0.00508430411164494,0.0056492267907166,0.00621414946978826),
 .UNSPECIFIED.);
#4642=B_SPLINE_CURVE_WITH_KNOTS('',3,(#9162,#9163,#9164,#9165),
 .UNSPECIFIED.,.F.,.F.,(4,4),(0.00100035732097181,0.00310068760601583),
 .UNSPECIFIED.);
#4643=B_SPLINE_CURVE_WITH_KNOTS('',3,(#9172,#9173,#9174,#9175),
 .UNSPECIFIED.,.F.,.F.,(4,4),(0.00100035732097181,0.00310068760601583),
 .UNSPECIFIED.);
#4644=B_SPLINE_CURVE_WITH_KNOTS('',3,(#9193,#9194,#9195,#9196),
 .UNSPECIFIED.,.F.,.F.,(4,4),(0.0260386682807917,0.028038998528928),
 .UNSPECIFIED.);
#4645=B_SPLINE_CURVE_WITH_KNOTS('',3,(#9232,#9233,#9234,#9235),
 .UNSPECIFIED.,.F.,.F.,(4,4),(2.00032447244276E-7,0.00344075820946267),
 .UNSPECIFIED.);
#4646=B_SPLINE_CURVE_WITH_KNOTS('',3,(#9246,#9247,#9248,#9249),
 .UNSPECIFIED.,.F.,.F.,(4,4),(2.00032447244276E-7,0.00344075820946266),
 .UNSPECIFIED.);
#4647=B_SPLINE_CURVE_WITH_KNOTS('',3,(#9264,#9265,#9266,#9267),
 .UNSPECIFIED.,.F.,.F.,(4,4),(2.00031834525359E-7,0.00216054382217017),
 .UNSPECIFIED.);
#4648=B_SPLINE_CURVE_WITH_KNOTS('',3,(#9273,#9274,#9275,#9276),
 .UNSPECIFIED.,.F.,.F.,(4,4),(2.00031834525359E-7,0.00216054382217017),
 .UNSPECIFIED.);
#4649=B_SPLINE_CURVE_WITH_KNOTS('',3,(#9297,#9298,#9299,#9300),
 .UNSPECIFIED.,.F.,.F.,(4,4),(0.0170159189500416,0.0212757666365657),
 .UNSPECIFIED.);
#4650=B_SPLINE_CURVE_WITH_KNOTS('',3,(#9305,#9306,#9307,#9308),
 .UNSPECIFIED.,.F.,.F.,(4,4),(0.0170331071718194,0.0176660001575254),
 .UNSPECIFIED.);
#4651=B_SPLINE_CURVE_WITH_KNOTS('',3,(#9316,#9317,#9318,#9319),
 .UNSPECIFIED.,.F.,.F.,(4,4),(0.0206407230079797,0.0212929548583389),
 .UNSPECIFIED.);
#4652=B_SPLINE_CURVE_WITH_KNOTS('',3,(#9342,#9343,#9344,#9345,#9346),
 .UNSPECIFIED.,.F.,.F.,(4,1,4),(0.000436929694549157,0.00185151535478066,
0.00326610101501216),.UNSPECIFIED.);
#4653=B_SPLINE_CURVE_WITH_KNOTS('',3,(#9348,#9349,#9350,#9351),
 .UNSPECIFIED.,.F.,.F.,(4,4),(5.02079815305526E-5,0.0021505418914811),
 .UNSPECIFIED.);
#4654=B_SPLINE_CURVE_WITH_KNOTS('',3,(#9353,#9354,#9355,#9356,#9357),
 .UNSPECIFIED.,.F.,.F.,(4,1,4),(4.96045784234179E-5,0.00146852768648201,
0.0028874507945406),.UNSPECIFIED.);
#4655=B_SPLINE_CURVE_WITH_KNOTS('',3,(#9361,#9362,#9363,#9364,#9365),
 .UNSPECIFIED.,.F.,.F.,(4,1,4),(0.000502033647450618,0.00191935193722649,
0.00333667022700236),.UNSPECIFIED.);
#4656=B_SPLINE_CURVE_WITH_KNOTS('',3,(#9367,#9368,#9369,#9370),
 .UNSPECIFIED.,.F.,.F.,(4,4),(5.02079815305543E-5,0.0021505418914811),
 .UNSPECIFIED.);
#4657=B_SPLINE_CURVE_WITH_KNOTS('',3,(#9372,#9373,#9374,#9375,#9376),
 .UNSPECIFIED.,.F.,.F.,(4,1,4),(4.96133908853503E-5,0.00146568778548233,
0.00288176218007931),.UNSPECIFIED.);
#4658=B_SPLINE_CURVE_WITH_KNOTS('',3,(#9377,#9378,#9379,#9380),
 .UNSPECIFIED.,.F.,.F.,(4,4),(1.99303010225797E-7,0.000785366453624116),
 .UNSPECIFIED.);
#4659=B_SPLINE_CURVE_WITH_KNOTS('',3,(#9382,#9383,#9384,#9385),
 .UNSPECIFIED.,.F.,.F.,(4,4),(0.0259915917965888,0.027241787525724),
 .UNSPECIFIED.);
#4660=B_SPLINE_CURVE_WITH_KNOTS('',3,(#9387,#9388,#9389,#9390),
 .UNSPECIFIED.,.F.,.F.,(4,4),(1.97175403965691E-7,0.000786732227988293),
 .UNSPECIFIED.);
#4661=B_SPLINE_CURVE_WITH_KNOTS('',3,(#9394,#9395,#9396,#9397),
 .UNSPECIFIED.,.F.,.F.,(4,4),(1.97485038033445E-7,0.000781613723699739),
 .UNSPECIFIED.);
#4662=B_SPLINE_CURVE_WITH_KNOTS('',3,(#9399,#9400,#9401,#9402),
 .UNSPECIFIED.,.F.,.F.,(4,4),(0.0259914845606333,0.0272416752295872),
 .UNSPECIFIED.);
#4663=B_SPLINE_CURVE_WITH_KNOTS('',3,(#9404,#9405,#9406,#9407),
 .UNSPECIFIED.,.F.,.F.,(4,4),(1.97196258063993E-7,0.000781984273175531),
 .UNSPECIFIED.);
#4664=B_SPLINE_CURVE_WITH_KNOTS('',3,(#9408,#9409,#9410,#9411),
 .UNSPECIFIED.,.F.,.F.,(4,4),(0.0259915876024174,0.0272417833315526),
 .UNSPECIFIED.);
#4665=B_SPLINE_CURVE_WITH_KNOTS('',3,(#9414,#9415,#9416,#9417),
 .UNSPECIFIED.,.F.,.F.,(4,4),(1.97188230079978E-7,0.000785366068904654),
 .UNSPECIFIED.);
#4666=B_SPLINE_CURVE_WITH_KNOTS('',3,(#9418,#9419,#9420,#9421),
 .UNSPECIFIED.,.F.,.F.,(4,4),(1.97482711713563E-7,0.000781985877150409),
 .UNSPECIFIED.);
#4667=B_SPLINE_CURVE_WITH_KNOTS('',3,(#9423,#9424,#9425,#9426),
 .UNSPECIFIED.,.F.,.F.,(4,4),(0.0259914843617703,0.0272416750307242),
 .UNSPECIFIED.);
#4668=B_SPLINE_CURVE_WITH_KNOTS('',3,(#9428,#9429,#9430,#9431),
 .UNSPECIFIED.,.F.,.F.,(4,4),(1.97199376621664E-7,0.000781611819598401),
 .UNSPECIFIED.);
#4669=B_SPLINE_CURVE_WITH_KNOTS('',3,(#9435,#9436,#9437,#9438),
 .UNSPECIFIED.,.F.,.F.,(4,4),(1.99284222427531E-7,0.000786742001061492),
 .UNSPECIFIED.);
#4670=B_SPLINE_CURVE_WITH_KNOTS('',3,(#9439,#9440,#9441,#9442),
 .UNSPECIFIED.,.F.,.F.,(4,4),(2.00031436988639E-7,0.00455091529313481),
 .UNSPECIFIED.);
#4671=B_SPLINE_CURVE_WITH_KNOTS('',3,(#9445,#9446,#9447,#9448,#9449),
 .UNSPECIFIED.,.F.,.F.,(4,1,4),(5.84521002305735E-5,0.000844499833652885,
0.0016305475670752),.UNSPECIFIED.);
#4672=B_SPLINE_CURVE_WITH_KNOTS('',3,(#9453,#9454,#9455,#9456,#9457),
 .UNSPECIFIED.,.F.,.F.,(4,1,4),(0.00162824117363811,0.00241360228640275,
0.0031989633991674),.UNSPECIFIED.);
#4673=B_SPLINE_CURVE_WITH_KNOTS('',3,(#9459,#9460,#9461,#9462),
 .UNSPECIFIED.,.F.,.F.,(4,4),(2.00031436988595E-7,0.00455091529313481),
 .UNSPECIFIED.);
#4674=B_SPLINE_CURVE_WITH_KNOTS('',3,(#9464,#9465,#9466,#9467,#9468),
 .UNSPECIFIED.,.F.,.F.,(4,1,4),(5.84378194782368E-5,0.000845903020436305,
0.00163336822139437),.UNSPECIFIED.);
#4675=B_SPLINE_CURVE_WITH_KNOTS('',3,(#9472,#9473,#9474,#9475,#9476),
 .UNSPECIFIED.,.F.,.F.,(4,1,4),(0.00162622816319074,0.00241303833184757,
0.00319984850050439),.UNSPECIFIED.);
#4676=B_SPLINE_CURVE_WITH_KNOTS('',3,(#9479,#9480,#9481,#9482),
 .UNSPECIFIED.,.F.,.F.,(4,4),(2.00031443169555E-7,0.00455091529314099),
 .UNSPECIFIED.);
#4677=B_SPLINE_CURVE_WITH_KNOTS('',3,(#9485,#9486,#9487,#9488,#9489),
 .UNSPECIFIED.,.F.,.F.,(4,1,4),(5.73749986243168E-5,0.000843423705293639,
0.00162947241196296),.UNSPECIFIED.);
#4678=B_SPLINE_CURVE_WITH_KNOTS('',3,(#9493,#9494,#9495,#9496,#9497),
 .UNSPECIFIED.,.F.,.F.,(4,1,4),(0.0016293171628057,0.00241468385197961,
0.00320005054115352),.UNSPECIFIED.);
#4679=B_SPLINE_CURVE_WITH_KNOTS('',3,(#9499,#9500,#9501,#9502),
 .UNSPECIFIED.,.F.,.F.,(4,4),(2.00031443169555E-7,0.00455091529314099),
 .UNSPECIFIED.);
#4680=B_SPLINE_CURVE_WITH_KNOTS('',3,(#9504,#9505,#9506,#9507,#9508),
 .UNSPECIFIED.,.F.,.F.,(4,1,4),(5.73611641685897E-5,0.000844826913510947,
0.00163229266285331),.UNSPECIFIED.);
#4681=B_SPLINE_CURVE_WITH_KNOTS('',3,(#9512,#9513,#9514,#9515,#9516),
 .UNSPECIFIED.,.F.,.F.,(4,1,4),(0.00162730381259703,0.00241412001051456,
0.00320093620843209),.UNSPECIFIED.);
#4682=B_SPLINE_CURVE_WITH_KNOTS('',3,(#9520,#9521,#9522,#9523),
 .UNSPECIFIED.,.F.,.F.,(4,4),(0.,0.000623132242851675),.UNSPECIFIED.);
#4683=B_SPLINE_CURVE_WITH_KNOTS('',3,(#9527,#9528,#9529,#9530),
 .UNSPECIFIED.,.F.,.F.,(4,4),(0.,0.000623132242851667),.UNSPECIFIED.);
#4684=B_SPLINE_CURVE_WITH_KNOTS('',3,(#9533,#9534,#9535,#9536),
 .UNSPECIFIED.,.F.,.F.,(4,4),(1.97138722793958E-7,0.00076926395703966),
 .UNSPECIFIED.);
#4685=B_SPLINE_CURVE_WITH_KNOTS('',3,(#9537,#9538,#9539,#9540,#9541),
 .UNSPECIFIED.,.F.,.F.,(4,1,4),(0.000612838040120722,0.00110212528028503,
0.00159141252044933),.UNSPECIFIED.);
#4686=B_SPLINE_CURVE_WITH_KNOTS('',3,(#9543,#9544,#9545,#9546,#9547),
 .UNSPECIFIED.,.F.,.F.,(4,1,4),(1.73472347597681E-18,0.000798084786445196,
0.00159616957289039),.UNSPECIFIED.);
#4687=B_SPLINE_CURVE_WITH_KNOTS('',3,(#9555,#9556,#9557,#9558,#9559),
 .UNSPECIFIED.,.F.,.F.,(4,1,4),(0.,0.000798116366725858,0.00159623273345172),
 .UNSPECIFIED.);
#4688=B_SPLINE_CURVE_WITH_KNOTS('',3,(#9668,#9669,#9670,#9671,#9672),
 .UNSPECIFIED.,.F.,.F.,(4,1,4),(0.,0.000786353150811008,0.00157270630162202),
 .UNSPECIFIED.);
#4689=B_SPLINE_CURVE_WITH_KNOTS('',3,(#9677,#9678,#9679,#9680,#9681),
 .UNSPECIFIED.,.F.,.F.,(4,1,4),(0.,0.000786356389835918,0.00157271277967184),
 .UNSPECIFIED.);
#4690=B_SPLINE_CURVE_WITH_KNOTS('',3,(#9685,#9686,#9687,#9688,#9689),
 .UNSPECIFIED.,.F.,.F.,(4,1,4),(0.,0.000786353150811002,0.001572706301622),
 .UNSPECIFIED.);
#4691=B_SPLINE_CURVE_WITH_KNOTS('',3,(#9693,#9694,#9695,#9696,#9697),
 .UNSPECIFIED.,.F.,.F.,(4,1,4),(0.,0.000786356389835913,0.00157271277967183),
 .UNSPECIFIED.);
#4692=B_SPLINE_CURVE_WITH_KNOTS('',3,(#9703,#9704,#9705,#9706,#9707),
 .UNSPECIFIED.,.F.,.F.,(4,1,4),(0.,0.000786356389835918,0.00157271277967184),
 .UNSPECIFIED.);
#4693=B_SPLINE_CURVE_WITH_KNOTS('',3,(#9711,#9712,#9713,#9714,#9715),
 .UNSPECIFIED.,.F.,.F.,(4,1,4),(0.,0.000786353150811004,0.00157270630162201),
 .UNSPECIFIED.);
#4694=B_SPLINE_CURVE_WITH_KNOTS('',3,(#9719,#9720,#9721,#9722,#9723),
 .UNSPECIFIED.,.F.,.F.,(4,1,4),(0.,0.000786356389835907,0.00157271277967181),
 .UNSPECIFIED.);
#4695=B_SPLINE_CURVE_WITH_KNOTS('',3,(#9727,#9728,#9729,#9730,#9731),
 .UNSPECIFIED.,.F.,.F.,(4,1,4),(0.,0.000786353150811001,0.001572706301622),
 .UNSPECIFIED.);
#4696=B_SPLINE_CURVE_WITH_KNOTS('',3,(#9939,#9940,#9941,#9942),
 .UNSPECIFIED.,.F.,.F.,(4,4),(0.,0.00242495241751434),.UNSPECIFIED.);
#4697=B_SPLINE_CURVE_WITH_KNOTS('',3,(#9947,#9948,#9949,#9950,#9951,#9952),
 .UNSPECIFIED.,.F.,.F.,(4,1,1,4),(0.,0.00165791694979101,0.00248687542468652,
0.00331583389958203),.UNSPECIFIED.);
#4698=B_SPLINE_CURVE_WITH_KNOTS('',3,(#9966,#9967,#9968,#9969,#9970,#9971),
 .UNSPECIFIED.,.F.,.F.,(4,1,1,4),(1.35525271560688E-20,0.000829594493588907,
0.00165918898717781,0.00331837797435563),.UNSPECIFIED.);
#4699=B_SPLINE_CURVE_WITH_KNOTS('',3,(#9976,#9977,#9978,#9979),
 .UNSPECIFIED.,.F.,.F.,(4,4),(0.000434425803515285,0.00285937822101658),
 .UNSPECIFIED.);
#4700=B_SPLINE_CURVE_WITH_KNOTS('',3,(#9990,#9991,#9992,#9993,#9994),
 .UNSPECIFIED.,.F.,.F.,(4,1,4),(0.,0.000262497044458468,0.000524994088916935),
 .UNSPECIFIED.);
#4701=B_SPLINE_CURVE_WITH_KNOTS('',3,(#9995,#9996,#9997,#9998,#9999),
 .UNSPECIFIED.,.F.,.F.,(4,1,4),(0.,0.000264261767716333,0.000528523535432667),
 .UNSPECIFIED.);
#4702=B_SPLINE_CURVE_WITH_KNOTS('',3,(#10001,#10002,#10003,#10004),
 .UNSPECIFIED.,.F.,.F.,(4,4),(0.,0.000549616641788276),.UNSPECIFIED.);
#4703=B_SPLINE_CURVE_WITH_KNOTS('',3,(#10007,#10008,#10009,#10010,#10011,
#10012,#10013,#10014,#10015),.UNSPECIFIED.,.F.,.F.,(4,1,1,1,1,1,4),(3.14623514863048E-16,
0.000914782845250609,0.00137217426787576,0.0018295656905009,0.00228695711312605,
0.0027443485357512,0.00365913138100149),.UNSPECIFIED.);
#4704=B_SPLINE_CURVE_WITH_KNOTS('',3,(#10019,#10020,#10021,#10022,#10023,
#10024,#10025,#10026,#10027),.UNSPECIFIED.,.F.,.F.,(4,1,1,1,1,1,4),(0.,
0.000911547570047169,0.00136732135507075,0.00182309514009434,0.00227886892511792,
0.00273464271014151,0.00364619028018868),.UNSPECIFIED.);
#4705=B_SPLINE_CURVE_WITH_KNOTS('',3,(#10029,#10030,#10031,#10032),
 .UNSPECIFIED.,.F.,.F.,(4,4),(0.0288085744794467,0.0293580300723454),
 .UNSPECIFIED.);
#4706=B_SPLINE_CURVE_WITH_KNOTS('',3,(#10038,#10039,#10040,#10041,#10042),
 .UNSPECIFIED.,.F.,.F.,(4,1,4),(1.25204502466359E-15,0.000177915917293937,
0.000355831834586622),.UNSPECIFIED.);
#4707=B_SPLINE_CURVE_WITH_KNOTS('',3,(#10046,#10047,#10048,#10049,#10050),
 .UNSPECIFIED.,.F.,.F.,(4,1,4),(0.,0.000175804288912796,0.000351608577825593),
 .UNSPECIFIED.);
#4708=B_SPLINE_CURVE_WITH_KNOTS('',3,(#10052,#10053,#10054,#10055,#10056,
#10057,#10058,#10059),.UNSPECIFIED.,.F.,.F.,(4,1,1,1,1,4),(0.,0.00097295056239514,
0.00145942584359271,0.00194590112479028,0.00291885168718542,0.00389180224958056),
 .UNSPECIFIED.);
#4709=B_SPLINE_CURVE_WITH_KNOTS('',3,(#10060,#10061,#10062,#10063,#10064,
#10065,#10066,#10067),.UNSPECIFIED.,.F.,.F.,(4,1,1,1,1,4),(0.,0.000977828648320871,
0.00195565729664174,0.00244457162080218,0.00293348594496261,0.00391131459328348),
 .UNSPECIFIED.);
#4710=B_SPLINE_CURVE_WITH_KNOTS('',3,(#10068,#10069,#10070,#10071,#10072,
#10073),.UNSPECIFIED.,.F.,.F.,(4,1,1,4),(0.,0.000934272938668351,0.0018685458773367,
0.0037370917546734),.UNSPECIFIED.);
#4711=B_SPLINE_CURVE_WITH_KNOTS('',3,(#10074,#10075,#10076,#10077,#10078,
#10079),.UNSPECIFIED.,.F.,.F.,(4,1,1,4),(3.49644694633735E-18,0.00186533656963462,
0.00279800485445192,0.00373067313926923),.UNSPECIFIED.);
#4712=B_SPLINE_CURVE_WITH_KNOTS('',3,(#10307,#10308,#10309,#10310,#10311,
#10312,#10313),.UNSPECIFIED.,.F.,.F.,(4,1,1,1,4),(2.79125742931959E-7,0.000331567982528155,
0.000662856839313378,0.0009941456960986,0.00132543455288382),
 .UNSPECIFIED.);
#4713=B_SPLINE_CURVE_WITH_KNOTS('',3,(#10316,#10317,#10318,#10319,#10320,
#10321,#10322),.UNSPECIFIED.,.F.,.F.,(4,1,1,1,4),(2.79125742925437E-7,0.000331567982528157,
0.000662856839313389,0.000994145696098622,0.00132543455288385),
 .UNSPECIFIED.);
#4714=B_SPLINE_CURVE_WITH_KNOTS('',3,(#10325,#10326,#10327,#10328,#10329,
#10330,#10331),.UNSPECIFIED.,.F.,.F.,(4,1,1,1,4),(2.79125742918215E-7,0.000331567982528152,
0.000662856839313385,0.000994145696098618,0.00132543455288385),
 .UNSPECIFIED.);
#4715=B_SPLINE_CURVE_WITH_KNOTS('',3,(#10334,#10335,#10336,#10337,#10338,
#10339,#10340),.UNSPECIFIED.,.F.,.F.,(4,1,1,1,4),(2.79125742925362E-7,0.000331567982528162,
0.000662856839313399,0.000994145696098636,0.00132543455288387),
 .UNSPECIFIED.);
#4716=B_SPLINE_CURVE_WITH_KNOTS('',3,(#10343,#10344,#10345,#10346,#10347,
#10348,#10349),.UNSPECIFIED.,.F.,.F.,(4,1,1,1,4),(2.79125742918215E-7,0.000331567982528155,
0.000662856839313392,0.000994145696098629,0.00132543455288387),
 .UNSPECIFIED.);
#4717=B_SPLINE_CURVE_WITH_KNOTS('',3,(#10352,#10353,#10354,#10355,#10356,
#10357,#10358),.UNSPECIFIED.,.F.,.F.,(4,1,1,1,4),(2.79125742931198E-7,0.000331567982528167,
0.000662856839313403,0.000994145696098639,0.00132543455288387),
 .UNSPECIFIED.);
#4718=B_SPLINE_CURVE_WITH_KNOTS('',3,(#10361,#10362,#10363,#10364,#10365,
#10366,#10367),.UNSPECIFIED.,.F.,.F.,(4,1,1,1,4),(2.79125742931959E-7,0.00033156798252815,
0.000662856839313368,0.000994145696098586,0.0013254345528838),
 .UNSPECIFIED.);
#4719=B_SPLINE_CURVE_WITH_KNOTS('',3,(#10370,#10371,#10372,#10373,#10374,
#10375,#10376),.UNSPECIFIED.,.F.,.F.,(4,1,1,1,4),(2.7912574291814E-7,0.000331567982528146,
0.000662856839313374,0.000994145696098601,0.00132543455288383),
 .UNSPECIFIED.);
#4720=B_SPLINE_CURVE_WITH_KNOTS('',3,(#10379,#10380,#10381,#10382,#10383,
#10384,#10385),.UNSPECIFIED.,.F.,.F.,(4,1,1,1,4),(2.79125742925418E-7,0.000331567982528161,
0.000662856839313396,0.000994145696098631,0.00132543455288387),
 .UNSPECIFIED.);
#4721=B_SPLINE_CURVE_WITH_KNOTS('',3,(#10388,#10389,#10390,#10391,#10392,
#10393,#10394),.UNSPECIFIED.,.F.,.F.,(4,1,1,1,4),(2.79125742925437E-7,0.000331567982528155,
0.000662856839313385,0.000994145696098615,0.00132543455288384),
 .UNSPECIFIED.);
#4722=B_SPLINE_CURVE_WITH_KNOTS('',3,(#10397,#10398,#10399,#10400,#10401,
#10402,#10403),.UNSPECIFIED.,.F.,.F.,(4,1,1,1,4),(2.7912574292568E-7,0.000331567982528158,
0.00066285683931339,0.000994145696098622,0.00132543455288385),
 .UNSPECIFIED.);
#4723=B_SPLINE_CURVE_WITH_KNOTS('',3,(#10406,#10407,#10408,#10409,#10410,
#10411,#10412),.UNSPECIFIED.,.F.,.F.,(4,1,1,1,4),(2.79125742931959E-7,0.000331567982528158,
0.000662856839313384,0.000994145696098609,0.00132543455288384),
 .UNSPECIFIED.);
#4724=B_SPLINE_CURVE_WITH_KNOTS('',3,(#10415,#10416,#10417,#10418,#10419,
#10420,#10421),.UNSPECIFIED.,.F.,.F.,(4,1,1,1,4),(2.79125742925437E-7,0.000331567982528159,
0.000662856839313393,0.000994145696098628,0.00132543455288386),
 .UNSPECIFIED.);
#4725=B_SPLINE_CURVE_WITH_KNOTS('',3,(#10424,#10425,#10426,#10427,#10428,
#10429,#10430),.UNSPECIFIED.,.F.,.F.,(4,1,1,1,4),(2.7912574292568E-7,0.000331567982528158,
0.00066285683931339,0.000994145696098622,0.00132543455288385),
 .UNSPECIFIED.);
#4726=B_SPLINE_CURVE_WITH_KNOTS('',3,(#10433,#10434,#10435,#10436,#10437,
#10438,#10439),.UNSPECIFIED.,.F.,.F.,(4,1,1,1,4),(2.79125742918215E-7,0.000331567982528154,
0.000662856839313391,0.000994145696098627,0.00132543455288386),
 .UNSPECIFIED.);
#4727=B_SPLINE_CURVE_WITH_KNOTS('',3,(#10442,#10443,#10444,#10445,#10446,
#10447,#10448),.UNSPECIFIED.,.F.,.F.,(4,1,1,1,4),(2.79125742925362E-7,0.000331567982528147,
0.00066285683931337,0.000994145696098592,0.00132543455288381),
 .UNSPECIFIED.);
#4728=B_SPLINE_CURVE_WITH_KNOTS('',3,(#10565,#10566,#10567,#10568,#10569),
 .UNSPECIFIED.,.F.,.F.,(4,1,4),(0.,0.000943556139529933,0.00188711227905987),
 .UNSPECIFIED.);
#4729=B_SPLINE_CURVE_WITH_KNOTS('',3,(#10571,#10572,#10573,#10574,#10575),
 .UNSPECIFIED.,.F.,.F.,(4,1,4),(0.,0.000943553126137621,0.00188710625227524),
 .UNSPECIFIED.);
#4730=B_SPLINE_CURVE_WITH_KNOTS('',3,(#10577,#10578,#10579,#10580,#10581),
 .UNSPECIFIED.,.F.,.F.,(4,1,4),(0.,0.000943556139529933,0.00188711227905987),
 .UNSPECIFIED.);
#4731=B_SPLINE_CURVE_WITH_KNOTS('',3,(#10583,#10584,#10585,#10586,#10587),
 .UNSPECIFIED.,.F.,.F.,(4,1,4),(0.,0.000943553126137624,0.00188710625227525),
 .UNSPECIFIED.);
#4732=B_SPLINE_CURVE_WITH_KNOTS('',3,(#10607,#10608,#10609,#10610),
 .UNSPECIFIED.,.F.,.F.,(4,4),(0.,0.000786555554741747),.UNSPECIFIED.);
#4733=B_SPLINE_CURVE_WITH_KNOTS('',3,(#10612,#10613,#10614,#10615),
 .UNSPECIFIED.,.F.,.F.,(4,4),(0.,0.000781608807966319),.UNSPECIFIED.);
#4734=B_SPLINE_CURVE_WITH_KNOTS('',3,(#10617,#10618,#10619,#10620),
 .UNSPECIFIED.,.F.,.F.,(4,4),(0.,0.000786550651622987),.UNSPECIFIED.);
#4735=B_SPLINE_CURVE_WITH_KNOTS('',3,(#10622,#10623,#10624,#10625),
 .UNSPECIFIED.,.F.,.F.,(4,4),(0.,0.000781610647934869),.UNSPECIFIED.);
#4736=B_SPLINE_CURVE_WITH_KNOTS('',3,(#10645,#10646,#10647,#10648),
 .UNSPECIFIED.,.F.,.F.,(4,4),(0.,0.000786550651622982),.UNSPECIFIED.);
#4737=B_SPLINE_CURVE_WITH_KNOTS('',3,(#10650,#10651,#10652,#10653),
 .UNSPECIFIED.,.F.,.F.,(4,4),(0.,0.000781610647934869),.UNSPECIFIED.);
#4738=B_SPLINE_CURVE_WITH_KNOTS('',3,(#10655,#10656,#10657,#10658),
 .UNSPECIFIED.,.F.,.F.,(4,4),(0.,0.000786555554741737),.UNSPECIFIED.);
#4739=B_SPLINE_CURVE_WITH_KNOTS('',3,(#10660,#10661,#10662,#10663),
 .UNSPECIFIED.,.F.,.F.,(4,4),(0.,0.000781608807966319),.UNSPECIFIED.);
#4740=B_SPLINE_CURVE_WITH_KNOTS('',3,(#10674,#10675,#10676,#10677,#10678),
 .UNSPECIFIED.,.F.,.F.,(4,1,4),(2.60208521396521E-18,0.000786463365852772,
0.00157292673170554),.UNSPECIFIED.);
#4741=B_SPLINE_CURVE_WITH_KNOTS('',3,(#10679,#10680,#10681,#10682,#10683),
 .UNSPECIFIED.,.F.,.F.,(4,1,4),(4.01617520586977E-17,0.000785220816734929,
0.00157044163346982),.UNSPECIFIED.);
#4742=B_SPLINE_CURVE_WITH_KNOTS('',3,(#10685,#10686,#10687,#10688,#10689),
 .UNSPECIFIED.,.F.,.F.,(4,1,4),(0.,0.000786466662371642,0.00157293332474328),
 .UNSPECIFIED.);
#4743=B_SPLINE_CURVE_WITH_KNOTS('',3,(#10690,#10691,#10692,#10693,#10694),
 .UNSPECIFIED.,.F.,.F.,(4,1,4),(0.,0.000785223320321223,0.00157044664064245),
 .UNSPECIFIED.);
#4744=B_SPLINE_CURVE_WITH_KNOTS('',3,(#10696,#10697,#10698,#10699,#10700),
 .UNSPECIFIED.,.F.,.F.,(4,1,4),(0.,0.000786463365852756,0.00157292673170551),
 .UNSPECIFIED.);
#4745=B_SPLINE_CURVE_WITH_KNOTS('',3,(#10701,#10702,#10703,#10704,#10705),
 .UNSPECIFIED.,.F.,.F.,(4,1,4),(0.,0.000786639875952386,0.00157327975190477),
 .UNSPECIFIED.);
#4746=B_SPLINE_CURVE_WITH_KNOTS('',3,(#10707,#10708,#10709,#10710,#10711),
 .UNSPECIFIED.,.F.,.F.,(4,1,4),(0.,0.000786466662371653,0.00157293332474331),
 .UNSPECIFIED.);
#4747=B_SPLINE_CURVE_WITH_KNOTS('',3,(#10712,#10713,#10714,#10715,#10716),
 .UNSPECIFIED.,.F.,.F.,(4,1,4),(0.,0.000786632357325014,0.00157326471465003),
 .UNSPECIFIED.);
#4748=B_SPLINE_CURVE_WITH_KNOTS('',3,(#10742,#10743,#10744,#10745),
 .UNSPECIFIED.,.F.,.F.,(4,4),(0.,0.00211763050540399),
 .PIECEWISE_BEZIER_KNOTS.);
#4749=B_SPLINE_CURVE_WITH_KNOTS('',3,(#10747,#10748,#10749,#10750,#10751,
#10752,#10753,#10754,#10755,#10756,#10757,#10758,#10759,#10760),
 .UNSPECIFIED.,.F.,.F.,(4,1,1,1,1,1,1,1,1,1,1,4),(0.,0.0625,0.125,0.1875,
0.25,0.375,0.4375,0.5,0.5625,0.625,0.75,1.),.UNSPECIFIED.);
#4750=B_SPLINE_CURVE_WITH_KNOTS('',3,(#10762,#10763,#10764,#10765,#10766,
#10767,#10768,#10769,#10770,#10771,#10772,#10773,#10774,#10775),
 .UNSPECIFIED.,.F.,.F.,(4,1,1,1,1,1,1,1,1,1,1,4),(0.,0.125,0.25,0.375,0.4375,
0.46875,0.5,0.53125,0.5625,0.625,0.75,1.),.UNSPECIFIED.);
#4751=B_SPLINE_CURVE_WITH_KNOTS('',3,(#10777,#10778,#10779,#10780,#10781,
#10782,#10783,#10784,#10785,#10786,#10787,#10788),.UNSPECIFIED.,.F.,.F.,
(4,1,1,1,1,1,1,1,1,4),(0.,0.25,0.375,0.4375,0.5,0.5625,0.625,0.75,0.875,
1.),.UNSPECIFIED.);
#4752=B_SPLINE_CURVE_WITH_KNOTS('',3,(#10790,#10791,#10792,#10793),
 .UNSPECIFIED.,.F.,.F.,(4,4),(0.,1.),.UNSPECIFIED.);
#4753=B_SPLINE_CURVE_WITH_KNOTS('',3,(#10798,#10799,#10800,#10801),
 .UNSPECIFIED.,.F.,.F.,(4,4),(0.,1.),.UNSPECIFIED.);
#4754=B_SPLINE_CURVE_WITH_KNOTS('',3,(#10803,#10804,#10805,#10806),
 .UNSPECIFIED.,.F.,.F.,(4,4),(8.58863327327464E-17,0.00210033128231155),
 .UNSPECIFIED.);
#4755=B_SPLINE_CURVE_WITH_KNOTS('',3,(#10808,#10809,#10810,#10811),
 .UNSPECIFIED.,.F.,.F.,(4,4),(0.,1.),.UNSPECIFIED.);
#4756=B_SPLINE_CURVE_WITH_KNOTS('',3,(#10815,#10816,#10817,#10818,#10819),
 .UNSPECIFIED.,.F.,.F.,(4,1,4),(0.,0.5,1.),.UNSPECIFIED.);
#4757=B_SPLINE_CURVE_WITH_KNOTS('',3,(#10821,#10822,#10823,#10824),
 .UNSPECIFIED.,.F.,.F.,(4,4),(9.02222992423391E-17,0.00210033128231172),
 .UNSPECIFIED.);
#4758=B_SPLINE_CURVE_WITH_KNOTS('',3,(#10826,#10827,#10828,#10829),
 .UNSPECIFIED.,.F.,.F.,(4,4),(0.,1.),.UNSPECIFIED.);
#4759=B_SPLINE_CURVE_WITH_KNOTS('',3,(#10830,#10831,#10832,#10833),
 .UNSPECIFIED.,.F.,.F.,(4,4),(0.,1.),.UNSPECIFIED.);
#4760=B_SPLINE_CURVE_WITH_KNOTS('',3,(#10842,#10843,#10844,#10845),
 .UNSPECIFIED.,.F.,.F.,(4,4),(0.,1.),.UNSPECIFIED.);
#4761=B_SPLINE_CURVE_WITH_KNOTS('',3,(#10854,#10855,#10856,#10857),
 .UNSPECIFIED.,.F.,.F.,(4,4),(0.,1.),.UNSPECIFIED.);
#4762=B_SPLINE_CURVE_WITH_KNOTS('',3,(#10859,#10860,#10861,#10862),
 .UNSPECIFIED.,.F.,.F.,(4,4),(0.,1.),.UNSPECIFIED.);
#4763=B_SPLINE_CURVE_WITH_KNOTS('',3,(#10864,#10865,#10866,#10867),
 .UNSPECIFIED.,.F.,.F.,(4,4),(0.,1.),.UNSPECIFIED.);
#4764=B_SPLINE_CURVE_WITH_KNOTS('',3,(#10880,#10881,#10882,#10883),
 .UNSPECIFIED.,.F.,.F.,(4,4),(0.,1.),.UNSPECIFIED.);
#4765=B_SPLINE_CURVE_WITH_KNOTS('',3,(#10892,#10893,#10894,#10895),
 .UNSPECIFIED.,.F.,.F.,(4,4),(0.,1.),.UNSPECIFIED.);
#4766=EDGE_LOOP('',(#1462));
#4767=EDGE_LOOP('',(#1463,#1464,#1465,#1466,#1467,#1468,#1469,#1470));
#4768=EDGE_LOOP('',(#1471,#1472,#1473,#1474,#1475,#1476,#1477,#1478));
#4769=EDGE_LOOP('',(#1479,#1480,#1481,#1482));
#4770=EDGE_LOOP('',(#1483,#1484,#1485,#1486));
#4771=EDGE_LOOP('',(#1487,#1488,#1489,#1490));
#4772=EDGE_LOOP('',(#1491,#1492,#1493,#1494));
#4773=EDGE_LOOP('',(#1495,#1496,#1497,#1498));
#4774=EDGE_LOOP('',(#1499,#1500,#1501,#1502));
#4775=EDGE_LOOP('',(#1503,#1504,#1505,#1506));
#4776=EDGE_LOOP('',(#1507,#1508,#1509,#1510));
#4777=EDGE_LOOP('',(#1511,#1512,#1513,#1514));
#4778=EDGE_LOOP('',(#1515,#1516,#1517,#1518));
#4779=EDGE_LOOP('',(#1519,#1520,#1521,#1522));
#4780=EDGE_LOOP('',(#1523,#1524,#1525,#1526));
#4781=EDGE_LOOP('',(#1527,#1528,#1529,#1530));
#4782=EDGE_LOOP('',(#1531,#1532,#1533,#1534));
#4783=EDGE_LOOP('',(#1535,#1536,#1537,#1538));
#4784=EDGE_LOOP('',(#1539,#1540,#1541,#1542));
#4785=EDGE_LOOP('',(#1543));
#4786=EDGE_LOOP('',(#1544));
#4787=EDGE_LOOP('',(#1545));
#4788=EDGE_LOOP('',(#1546));
#4789=EDGE_LOOP('',(#1547));
#4790=EDGE_LOOP('',(#1548));
#4791=EDGE_LOOP('',(#1549));
#4792=EDGE_LOOP('',(#1550));
#4793=EDGE_LOOP('',(#1551));
#4794=EDGE_LOOP('',(#1552));
#4795=EDGE_LOOP('',(#1553));
#4796=EDGE_LOOP('',(#1554));
#4797=EDGE_LOOP('',(#1555));
#4798=EDGE_LOOP('',(#1556));
#4799=EDGE_LOOP('',(#1557));
#4800=EDGE_LOOP('',(#1558));
#4801=EDGE_LOOP('',(#1559));
#4802=EDGE_LOOP('',(#1560));
#4803=EDGE_LOOP('',(#1561));
#4804=EDGE_LOOP('',(#1562));
#4805=EDGE_LOOP('',(#1563));
#4806=EDGE_LOOP('',(#1564));
#4807=EDGE_LOOP('',(#1565));
#4808=EDGE_LOOP('',(#1566));
#4809=EDGE_LOOP('',(#1567));
#4810=EDGE_LOOP('',(#1568));
#4811=EDGE_LOOP('',(#1569));
#4812=EDGE_LOOP('',(#1570));
#4813=EDGE_LOOP('',(#1571));
#4814=EDGE_LOOP('',(#1572));
#4815=EDGE_LOOP('',(#1573));
#4816=EDGE_LOOP('',(#1574));
#4817=EDGE_LOOP('',(#1575));
#4818=EDGE_LOOP('',(#1576));
#4819=EDGE_LOOP('',(#1577));
#4820=EDGE_LOOP('',(#1578));
#4821=EDGE_LOOP('',(#1579));
#4822=EDGE_LOOP('',(#1580));
#4823=EDGE_LOOP('',(#1581));
#4824=EDGE_LOOP('',(#1582));
#4825=EDGE_LOOP('',(#1583));
#4826=EDGE_LOOP('',(#1584));
#4827=EDGE_LOOP('',(#1585));
#4828=EDGE_LOOP('',(#1586));
#4829=EDGE_LOOP('',(#1587));
#4830=EDGE_LOOP('',(#1588));
#4831=EDGE_LOOP('',(#1589));
#4832=EDGE_LOOP('',(#1590));
#4833=EDGE_LOOP('',(#1591));
#4834=EDGE_LOOP('',(#1592));
#4835=EDGE_LOOP('',(#1593));
#4836=EDGE_LOOP('',(#1594));
#4837=EDGE_LOOP('',(#1595));
#4838=EDGE_LOOP('',(#1596));
#4839=EDGE_LOOP('',(#1597));
#4840=EDGE_LOOP('',(#1598));
#4841=EDGE_LOOP('',(#1599));
#4842=EDGE_LOOP('',(#1600));
#4843=EDGE_LOOP('',(#1601));
#4844=EDGE_LOOP('',(#1602));
#4845=EDGE_LOOP('',(#1603));
#4846=EDGE_LOOP('',(#1604));
#4847=EDGE_LOOP('',(#1605));
#4848=EDGE_LOOP('',(#1606));
#4849=EDGE_LOOP('',(#1607));
#4850=EDGE_LOOP('',(#1608));
#4851=EDGE_LOOP('',(#1609,#1610,#1611,#1612));
#4852=EDGE_LOOP('',(#1613,#1614,#1615,#1616));
#4853=EDGE_LOOP('',(#1617,#1618,#1619,#1620));
#4854=EDGE_LOOP('',(#1621,#1622,#1623,#1624));
#4855=EDGE_LOOP('',(#1625,#1626,#1627,#1628));
#4856=EDGE_LOOP('',(#1629,#1630,#1631,#1632));
#4857=EDGE_LOOP('',(#1633,#1634,#1635,#1636));
#4858=EDGE_LOOP('',(#1637,#1638,#1639,#1640));
#4859=EDGE_LOOP('',(#1641,#1642,#1643,#1644));
#4860=EDGE_LOOP('',(#1645,#1646,#1647,#1648));
#4861=EDGE_LOOP('',(#1649,#1650,#1651,#1652));
#4862=EDGE_LOOP('',(#1653,#1654,#1655,#1656));
#4863=EDGE_LOOP('',(#1657,#1658));
#4864=EDGE_LOOP('',(#1659,#1660,#1661,#1662,#1663,#1664,#1665,#1666));
#4865=EDGE_LOOP('',(#1667,#1668,#1669,#1670,#1671,#1672,#1673,#1674));
#4866=EDGE_LOOP('',(#1675,#1676,#1677,#1678,#1679,#1680,#1681,#1682));
#4867=EDGE_LOOP('',(#1683,#1684,#1685,#1686,#1687,#1688,#1689,#1690));
#4868=EDGE_LOOP('',(#1691,#1692,#1693,#1694,#1695,#1696,#1697,#1698));
#4869=EDGE_LOOP('',(#1699,#1700,#1701,#1702,#1703,#1704,#1705,#1706));
#4870=EDGE_LOOP('',(#1707,#1708,#1709,#1710,#1711,#1712,#1713,#1714));
#4871=EDGE_LOOP('',(#1715,#1716,#1717,#1718,#1719,#1720,#1721,#1722));
#4872=EDGE_LOOP('',(#1723));
#4873=EDGE_LOOP('',(#1724,#1725,#1726,#1727,#1728,#1729,#1730,#1731));
#4874=EDGE_LOOP('',(#1732,#1733,#1734,#1735));
#4875=EDGE_LOOP('',(#1736,#1737,#1738,#1739,#1740,#1741,#1742,#1743));
#4876=EDGE_LOOP('',(#1744,#1745,#1746,#1747,#1748));
#4877=EDGE_LOOP('',(#1749,#1750,#1751,#1752));
#4878=EDGE_LOOP('',(#1753,#1754,#1755,#1756,#1757));
#4879=EDGE_LOOP('',(#1758,#1759,#1760,#1761));
#4880=EDGE_LOOP('',(#1762,#1763,#1764,#1765));
#4881=EDGE_LOOP('',(#1766,#1767,#1768,#1769,#1770,#1771,#1772,#1773,#1774,
#1775));
#4882=EDGE_LOOP('',(#1776,#1777,#1778,#1779,#1780,#1781,#1782,#1783,#1784,
#1785,#1786,#1787,#1788,#1789,#1790,#1791,#1792,#1793,#1794,#1795));
#4883=EDGE_LOOP('',(#1796,#1797,#1798,#1799));
#4884=EDGE_LOOP('',(#1800));
#4885=EDGE_LOOP('',(#1801,#1802));
#4886=EDGE_LOOP('',(#1803,#1804,#1805,#1806));
#4887=EDGE_LOOP('',(#1807,#1808,#1809,#1810));
#4888=EDGE_LOOP('',(#1811,#1812,#1813,#1814));
#4889=EDGE_LOOP('',(#1815));
#4890=EDGE_LOOP('',(#1816,#1817,#1818,#1819,#1820,#1821,#1822,#1823));
#4891=EDGE_LOOP('',(#1824,#1825,#1826,#1827,#1828,#1829,#1830,#1831));
#4892=EDGE_LOOP('',(#1832,#1833,#1834,#1835,#1836,#1837,#1838,#1839));
#4893=EDGE_LOOP('',(#1840));
#4894=EDGE_LOOP('',(#1841));
#4895=EDGE_LOOP('',(#1842));
#4896=EDGE_LOOP('',(#1843));
#4897=EDGE_LOOP('',(#1844,#1845,#1846,#1847));
#4898=EDGE_LOOP('',(#1848,#1849,#1850,#1851));
#4899=EDGE_LOOP('',(#1852,#1853,#1854,#1855));
#4900=EDGE_LOOP('',(#1856,#1857,#1858,#1859));
#4901=EDGE_LOOP('',(#1860,#1861,#1862,#1863));
#4902=EDGE_LOOP('',(#1864,#1865,#1866,#1867));
#4903=EDGE_LOOP('',(#1868,#1869,#1870,#1871));
#4904=EDGE_LOOP('',(#1872,#1873,#1874,#1875));
#4905=EDGE_LOOP('',(#1876,#1877,#1878,#1879));
#4906=EDGE_LOOP('',(#1880,#1881,#1882,#1883));
#4907=EDGE_LOOP('',(#1884,#1885,#1886,#1887));
#4908=EDGE_LOOP('',(#1888,#1889,#1890,#1891));
#4909=EDGE_LOOP('',(#1892,#1893,#1894,#1895));
#4910=EDGE_LOOP('',(#1896,#1897,#1898,#1899));
#4911=EDGE_LOOP('',(#1900,#1901,#1902,#1903));
#4912=EDGE_LOOP('',(#1904,#1905,#1906,#1907));
#4913=EDGE_LOOP('',(#1908,#1909,#1910,#1911));
#4914=EDGE_LOOP('',(#1912,#1913,#1914,#1915));
#4915=EDGE_LOOP('',(#1916,#1917,#1918,#1919));
#4916=EDGE_LOOP('',(#1920,#1921,#1922,#1923));
#4917=EDGE_LOOP('',(#1924,#1925,#1926,#1927));
#4918=EDGE_LOOP('',(#1928,#1929,#1930,#1931));
#4919=EDGE_LOOP('',(#1932,#1933,#1934,#1935));
#4920=EDGE_LOOP('',(#1936,#1937,#1938,#1939));
#4921=EDGE_LOOP('',(#1940,#1941,#1942,#1943,#1944,#1945,#1946,#1947,#1948,
#1949,#1950,#1951,#1952,#1953,#1954,#1955,#1956,#1957,#1958,#1959,#1960,
#1961,#1962,#1963,#1964,#1965));
#4922=EDGE_LOOP('',(#1966,#1967,#1968,#1969,#1970,#1971));
#4923=EDGE_LOOP('',(#1972,#1973,#1974,#1975,#1976,#1977));
#4924=EDGE_LOOP('',(#1978,#1979,#1980,#1981));
#4925=EDGE_LOOP('',(#1982,#1983,#1984,#1985,#1986,#1987));
#4926=EDGE_LOOP('',(#1988));
#4927=EDGE_LOOP('',(#1989));
#4928=EDGE_LOOP('',(#1990));
#4929=EDGE_LOOP('',(#1991));
#4930=EDGE_LOOP('',(#1992));
#4931=EDGE_LOOP('',(#1993));
#4932=EDGE_LOOP('',(#1994));
#4933=EDGE_LOOP('',(#1995));
#4934=EDGE_LOOP('',(#1996));
#4935=EDGE_LOOP('',(#1997));
#4936=EDGE_LOOP('',(#1998));
#4937=EDGE_LOOP('',(#1999));
#4938=EDGE_LOOP('',(#2000));
#4939=EDGE_LOOP('',(#2001));
#4940=EDGE_LOOP('',(#2002,#2003,#2004,#2005));
#4941=EDGE_LOOP('',(#2006));
#4942=EDGE_LOOP('',(#2007));
#4943=EDGE_LOOP('',(#2008));
#4944=EDGE_LOOP('',(#2009));
#4945=EDGE_LOOP('',(#2010));
#4946=EDGE_LOOP('',(#2011));
#4947=EDGE_LOOP('',(#2012));
#4948=EDGE_LOOP('',(#2013,#2014,#2015,#2016,#2017,#2018));
#4949=EDGE_LOOP('',(#2019,#2020,#2021,#2022,#2023,#2024));
#4950=EDGE_LOOP('',(#2025,#2026));
#4951=EDGE_LOOP('',(#2027,#2028,#2029,#2030,#2031,#2032));
#4952=EDGE_LOOP('',(#2033,#2034,#2035,#2036,#2037,#2038,#2039,#2040));
#4953=EDGE_LOOP('',(#2041,#2042,#2043,#2044));
#4954=EDGE_LOOP('',(#2045));
#4955=EDGE_LOOP('',(#2046,#2047,#2048,#2049));
#4956=EDGE_LOOP('',(#2050,#2051,#2052,#2053));
#4957=EDGE_LOOP('',(#2054));
#4958=EDGE_LOOP('',(#2055,#2056,#2057,#2058));
#4959=EDGE_LOOP('',(#2059,#2060,#2061,#2062));
#4960=EDGE_LOOP('',(#2063,#2064,#2065,#2066,#2067,#2068,#2069,#2070,#2071,
#2072,#2073,#2074,#2075,#2076,#2077,#2078));
#4961=EDGE_LOOP('',(#2079,#2080,#2081,#2082));
#4962=EDGE_LOOP('',(#2083,#2084,#2085,#2086));
#4963=EDGE_LOOP('',(#2087,#2088,#2089,#2090));
#4964=EDGE_LOOP('',(#2091,#2092,#2093,#2094));
#4965=EDGE_LOOP('',(#2095,#2096,#2097,#2098));
#4966=EDGE_LOOP('',(#2099,#2100,#2101,#2102));
#4967=EDGE_LOOP('',(#2103,#2104,#2105,#2106,#2107,#2108,#2109,#2110,#2111,
#2112,#2113,#2114,#2115,#2116,#2117,#2118,#2119,#2120,#2121,#2122,#2123,
#2124,#2125,#2126,#2127,#2128));
#4968=EDGE_LOOP('',(#2129,#2130,#2131,#2132,#2133,#2134,#2135,#2136));
#4969=EDGE_LOOP('',(#2137,#2138,#2139,#2140,#2141,#2142,#2143,#2144));
#4970=EDGE_LOOP('',(#2145,#2146,#2147,#2148,#2149,#2150,#2151,#2152));
#4971=EDGE_LOOP('',(#2153,#2154,#2155,#2156,#2157,#2158,#2159,#2160));
#4972=EDGE_LOOP('',(#2161,#2162,#2163,#2164));
#4973=EDGE_LOOP('',(#2165,#2166,#2167,#2168));
#4974=EDGE_LOOP('',(#2169,#2170,#2171,#2172));
#4975=EDGE_LOOP('',(#2173,#2174,#2175,#2176));
#4976=EDGE_LOOP('',(#2177,#2178,#2179,#2180));
#4977=EDGE_LOOP('',(#2181,#2182,#2183,#2184,#2185,#2186,#2187,#2188,#2189,
#2190,#2191,#2192,#2193,#2194,#2195,#2196));
#4978=EDGE_LOOP('',(#2197,#2198,#2199,#2200));
#4979=EDGE_LOOP('',(#2201,#2202,#2203,#2204));
#4980=EDGE_LOOP('',(#2205,#2206,#2207,#2208));
#4981=EDGE_LOOP('',(#2209,#2210,#2211,#2212));
#4982=EDGE_LOOP('',(#2213,#2214,#2215,#2216));
#4983=EDGE_LOOP('',(#2217,#2218,#2219,#2220));
#4984=EDGE_LOOP('',(#2221,#2222,#2223,#2224));
#4985=EDGE_LOOP('',(#2225,#2226,#2227,#2228));
#4986=EDGE_LOOP('',(#2229,#2230,#2231,#2232));
#4987=EDGE_LOOP('',(#2233,#2234,#2235,#2236,#2237,#2238,#2239,#2240));
#4988=EDGE_LOOP('',(#2241));
#4989=EDGE_LOOP('',(#2242,#2243,#2244,#2245));
#4990=EDGE_LOOP('',(#2246,#2247,#2248,#2249,#2250,#2251,#2252,#2253));
#4991=EDGE_LOOP('',(#2254));
#4992=EDGE_LOOP('',(#2255,#2256,#2257,#2258));
#4993=EDGE_LOOP('',(#2259,#2260,#2261,#2262,#2263,#2264,#2265,#2266));
#4994=EDGE_LOOP('',(#2267));
#4995=EDGE_LOOP('',(#2268,#2269,#2270,#2271));
#4996=EDGE_LOOP('',(#2272,#2273,#2274,#2275,#2276,#2277,#2278,#2279));
#4997=EDGE_LOOP('',(#2280));
#4998=EDGE_LOOP('',(#2281));
#4999=EDGE_LOOP('',(#2282));
#5000=EDGE_LOOP('',(#2283));
#5001=EDGE_LOOP('',(#2284));
#5002=EDGE_LOOP('',(#2285));
#5003=EDGE_LOOP('',(#2286));
#5004=EDGE_LOOP('',(#2287));
#5005=EDGE_LOOP('',(#2288));
#5006=EDGE_LOOP('',(#2289));
#5007=EDGE_LOOP('',(#2290));
#5008=EDGE_LOOP('',(#2291));
#5009=EDGE_LOOP('',(#2292));
#5010=EDGE_LOOP('',(#2293));
#5011=EDGE_LOOP('',(#2294));
#5012=EDGE_LOOP('',(#2295));
#5013=EDGE_LOOP('',(#2296));
#5014=EDGE_LOOP('',(#2297,#2298,#2299,#2300));
#5015=EDGE_LOOP('',(#2301,#2302));
#5016=EDGE_LOOP('',(#2303,#2304,#2305,#2306));
#5017=EDGE_LOOP('',(#2307,#2308));
#5018=EDGE_LOOP('',(#2309,#2310,#2311,#2312));
#5019=EDGE_LOOP('',(#2313,#2314));
#5020=EDGE_LOOP('',(#2315,#2316,#2317,#2318));
#5021=EDGE_LOOP('',(#2319,#2320));
#5022=EDGE_LOOP('',(#2321,#2322,#2323,#2324));
#5023=EDGE_LOOP('',(#2325,#2326));
#5024=EDGE_LOOP('',(#2327,#2328,#2329,#2330));
#5025=EDGE_LOOP('',(#2331,#2332));
#5026=EDGE_LOOP('',(#2333,#2334,#2335,#2336));
#5027=EDGE_LOOP('',(#2337,#2338));
#5028=EDGE_LOOP('',(#2339,#2340,#2341,#2342));
#5029=EDGE_LOOP('',(#2343,#2344));
#5030=EDGE_LOOP('',(#2345,#2346,#2347,#2348));
#5031=EDGE_LOOP('',(#2349,#2350));
#5032=EDGE_LOOP('',(#2351,#2352,#2353,#2354));
#5033=EDGE_LOOP('',(#2355,#2356));
#5034=EDGE_LOOP('',(#2357,#2358,#2359,#2360));
#5035=EDGE_LOOP('',(#2361,#2362));
#5036=EDGE_LOOP('',(#2363,#2364,#2365,#2366));
#5037=EDGE_LOOP('',(#2367,#2368));
#5038=EDGE_LOOP('',(#2369,#2370,#2371,#2372));
#5039=EDGE_LOOP('',(#2373,#2374));
#5040=EDGE_LOOP('',(#2375,#2376,#2377,#2378));
#5041=EDGE_LOOP('',(#2379,#2380));
#5042=EDGE_LOOP('',(#2381,#2382,#2383,#2384));
#5043=EDGE_LOOP('',(#2385,#2386));
#5044=EDGE_LOOP('',(#2387,#2388,#2389,#2390));
#5045=EDGE_LOOP('',(#2391,#2392));
#5046=EDGE_LOOP('',(#2393,#2394,#2395,#2396));
#5047=EDGE_LOOP('',(#2397,#2398,#2399,#2400));
#5048=EDGE_LOOP('',(#2401,#2402,#2403,#2404));
#5049=EDGE_LOOP('',(#2405,#2406,#2407,#2408));
#5050=EDGE_LOOP('',(#2409,#2410,#2411,#2412));
#5051=EDGE_LOOP('',(#2413,#2414,#2415,#2416));
#5052=EDGE_LOOP('',(#2417));
#5053=EDGE_LOOP('',(#2418,#2419,#2420,#2421));
#5054=EDGE_LOOP('',(#2422));
#5055=EDGE_LOOP('',(#2423,#2424,#2425,#2426));
#5056=EDGE_LOOP('',(#2427));
#5057=EDGE_LOOP('',(#2428,#2429,#2430,#2431));
#5058=EDGE_LOOP('',(#2432));
#5059=EDGE_LOOP('',(#2433,#2434));
#5060=EDGE_LOOP('',(#2435));
#5061=EDGE_LOOP('',(#2436));
#5062=EDGE_LOOP('',(#2437));
#5063=EDGE_LOOP('',(#2438));
#5064=EDGE_LOOP('',(#2439,#2440,#2441,#2442));
#5065=EDGE_LOOP('',(#2443));
#5066=EDGE_LOOP('',(#2444));
#5067=EDGE_LOOP('',(#2445));
#5068=EDGE_LOOP('',(#2446));
#5069=EDGE_LOOP('',(#2447));
#5070=EDGE_LOOP('',(#2448));
#5071=EDGE_LOOP('',(#2449));
#5072=EDGE_LOOP('',(#2450));
#5073=EDGE_LOOP('',(#2451));
#5074=EDGE_LOOP('',(#2452));
#5075=EDGE_LOOP('',(#2453));
#5076=EDGE_LOOP('',(#2454));
#5077=EDGE_LOOP('',(#2455));
#5078=EDGE_LOOP('',(#2456));
#5079=EDGE_LOOP('',(#2457));
#5080=EDGE_LOOP('',(#2458));
#5081=EDGE_LOOP('',(#2459));
#5082=EDGE_LOOP('',(#2460,#2461,#2462,#2463));
#5083=EDGE_LOOP('',(#2464,#2465,#2466,#2467));
#5084=EDGE_LOOP('',(#2468,#2469,#2470,#2471));
#5085=EDGE_LOOP('',(#2472,#2473,#2474,#2475));
#5086=EDGE_LOOP('',(#2476,#2477,#2478,#2479,#2480));
#5087=EDGE_LOOP('',(#2481,#2482,#2483,#2484,#2485));
#5088=EDGE_LOOP('',(#2486,#2487,#2488,#2489,#2490));
#5089=EDGE_LOOP('',(#2491,#2492,#2493,#2494,#2495));
#5090=EDGE_LOOP('',(#2496,#2497,#2498,#2499));
#5091=EDGE_LOOP('',(#2500,#2501,#2502,#2503));
#5092=EDGE_LOOP('',(#2504,#2505,#2506,#2507));
#5093=EDGE_LOOP('',(#2508,#2509,#2510,#2511));
#5094=EDGE_LOOP('',(#2512,#2513,#2514,#2515));
#5095=EDGE_LOOP('',(#2516,#2517,#2518,#2519));
#5096=EDGE_LOOP('',(#2520,#2521,#2522,#2523,#2524,#2525,#2526,#2527,#2528,
#2529,#2530,#2531));
#5097=EDGE_LOOP('',(#2532,#2533));
#5098=EDGE_LOOP('',(#2534,#2535));
#5099=EDGE_LOOP('',(#2536,#2537,#2538,#2539));
#5100=EDGE_LOOP('',(#2540,#2541,#2542,#2543));
#5101=EDGE_LOOP('',(#2544,#2545,#2546,#2547));
#5102=EDGE_LOOP('',(#2548,#2549,#2550,#2551));
#5103=EDGE_LOOP('',(#2552,#2553,#2554,#2555));
#5104=EDGE_LOOP('',(#2556,#2557,#2558,#2559));
#5105=EDGE_LOOP('',(#2560,#2561,#2562,#2563));
#5106=EDGE_LOOP('',(#2564,#2565,#2566,#2567));
#5107=EDGE_LOOP('',(#2568,#2569,#2570,#2571));
#5108=EDGE_LOOP('',(#2572,#2573,#2574,#2575));
#5109=EDGE_LOOP('',(#2576,#2577,#2578,#2579));
#5110=EDGE_LOOP('',(#2580,#2581,#2582,#2583));
#5111=EDGE_LOOP('',(#2584,#2585,#2586,#2587));
#5112=EDGE_LOOP('',(#2588,#2589,#2590,#2591));
#5113=EDGE_LOOP('',(#2592,#2593,#2594,#2595));
#5114=EDGE_LOOP('',(#2596,#2597,#2598,#2599));
#5115=EDGE_LOOP('',(#2600,#2601,#2602,#2603));
#5116=EDGE_LOOP('',(#2604,#2605,#2606,#2607));
#5117=EDGE_LOOP('',(#2608,#2609,#2610,#2611));
#5118=EDGE_LOOP('',(#2612,#2613,#2614,#2615));
#5119=EDGE_LOOP('',(#2616,#2617,#2618,#2619));
#5120=EDGE_LOOP('',(#2620,#2621,#2622,#2623));
#5121=EDGE_LOOP('',(#2624,#2625,#2626,#2627));
#5122=EDGE_LOOP('',(#2628,#2629,#2630,#2631));
#5123=EDGE_LOOP('',(#2632,#2633,#2634,#2635));
#5124=EDGE_LOOP('',(#2636,#2637,#2638,#2639));
#5125=EDGE_LOOP('',(#2640,#2641,#2642,#2643));
#5126=EDGE_LOOP('',(#2644,#2645,#2646,#2647));
#5127=EDGE_LOOP('',(#2648,#2649,#2650,#2651));
#5128=EDGE_LOOP('',(#2652,#2653,#2654,#2655));
#5129=EDGE_LOOP('',(#2656,#2657,#2658,#2659));
#5130=EDGE_LOOP('',(#2660,#2661,#2662,#2663));
#5131=EDGE_LOOP('',(#2664,#2665,#2666,#2667));
#5132=EDGE_LOOP('',(#2668,#2669,#2670,#2671));
#5133=EDGE_LOOP('',(#2672,#2673,#2674,#2675,#2676,#2677,#2678,#2679));
#5134=EDGE_LOOP('',(#2680,#2681,#2682,#2683,#2684,#2685,#2686,#2687));
#5135=EDGE_LOOP('',(#2688,#2689,#2690,#2691));
#5136=EDGE_LOOP('',(#2692,#2693,#2694,#2695));
#5137=EDGE_LOOP('',(#2696,#2697,#2698,#2699));
#5138=EDGE_LOOP('',(#2700,#2701,#2702,#2703));
#5139=EDGE_LOOP('',(#2704,#2705,#2706,#2707));
#5140=EDGE_LOOP('',(#2708,#2709,#2710,#2711));
#5141=EDGE_LOOP('',(#2712,#2713,#2714,#2715));
#5142=EDGE_LOOP('',(#2716,#2717,#2718,#2719));
#5143=EDGE_LOOP('',(#2720,#2721,#2722,#2723));
#5144=EDGE_LOOP('',(#2724,#2725,#2726,#2727));
#5145=EDGE_LOOP('',(#2728,#2729,#2730,#2731));
#5146=EDGE_LOOP('',(#2732,#2733,#2734,#2735,#2736,#2737,#2738,#2739));
#5147=EDGE_LOOP('',(#2740,#2741,#2742,#2743,#2744,#2745,#2746,#2747));
#5148=EDGE_LOOP('',(#2748,#2749,#2750,#2751,#2752,#2753,#2754,#2755));
#5149=EDGE_LOOP('',(#2756,#2757,#2758,#2759,#2760,#2761,#2762,#2763));
#5150=EDGE_LOOP('',(#2764,#2765,#2766,#2767));
#5151=EDGE_LOOP('',(#2768,#2769,#2770,#2771,#2772,#2773,#2774,#2775));
#5152=EDGE_LOOP('',(#2776,#2777,#2778,#2779));
#5153=EDGE_LOOP('',(#2780,#2781,#2782,#2783));
#5154=EDGE_LOOP('',(#2784,#2785,#2786,#2787));
#5155=EDGE_LOOP('',(#2788,#2789,#2790,#2791));
#5156=EDGE_LOOP('',(#2792,#2793,#2794,#2795));
#5157=EDGE_LOOP('',(#2796,#2797,#2798,#2799));
#5158=EDGE_LOOP('',(#2800,#2801,#2802,#2803));
#5159=EDGE_LOOP('',(#2804,#2805,#2806,#2807));
#5160=EDGE_LOOP('',(#2808,#2809,#2810,#2811));
#5161=EDGE_LOOP('',(#2812,#2813,#2814,#2815));
#5162=EDGE_LOOP('',(#2816));
#5163=EDGE_LOOP('',(#2817));
#5164=EDGE_LOOP('',(#2818));
#5165=EDGE_LOOP('',(#2819));
#5166=EDGE_LOOP('',(#2820));
#5167=EDGE_LOOP('',(#2821));
#5168=EDGE_LOOP('',(#2822,#2823,#2824,#2825,#2826,#2827,#2828,#2829));
#5169=EDGE_LOOP('',(#2830,#2831,#2832,#2833,#2834,#2835,#2836,#2837));
#5170=EDGE_LOOP('',(#2838,#2839,#2840,#2841));
#5171=EDGE_LOOP('',(#2842,#2843,#2844,#2845));
#5172=EDGE_LOOP('',(#2846,#2847,#2848,#2849));
#5173=EDGE_LOOP('',(#2850,#2851,#2852,#2853));
#5174=EDGE_LOOP('',(#2854,#2855,#2856,#2857,#2858,#2859,#2860,#2861));
#5175=EDGE_LOOP('',(#2862,#2863,#2864,#2865));
#5176=EDGE_LOOP('',(#2866,#2867,#2868,#2869));
#5177=EDGE_LOOP('',(#2870,#2871,#2872,#2873));
#5178=EDGE_LOOP('',(#2874,#2875,#2876,#2877));
#5179=EDGE_LOOP('',(#2878,#2879,#2880,#2881));
#5180=EDGE_LOOP('',(#2882,#2883,#2884,#2885));
#5181=EDGE_LOOP('',(#2886,#2887,#2888,#2889));
#5182=EDGE_LOOP('',(#2890,#2891,#2892,#2893,#2894,#2895,#2896,#2897));
#5183=EDGE_LOOP('',(#2898,#2899,#2900,#2901,#2902,#2903,#2904,#2905));
#5184=EDGE_LOOP('',(#2906,#2907,#2908,#2909));
#5185=EDGE_LOOP('',(#2910,#2911,#2912,#2913));
#5186=EDGE_LOOP('',(#2914,#2915,#2916,#2917));
#5187=EDGE_LOOP('',(#2918,#2919,#2920,#2921));
#5188=EDGE_LOOP('',(#2922,#2923,#2924,#2925,#2926,#2927));
#5189=EDGE_LOOP('',(#2928,#2929,#2930,#2931,#2932,#2933));
#5190=EDGE_LOOP('',(#2934,#2935,#2936,#2937));
#5191=EDGE_LOOP('',(#2938,#2939,#2940,#2941));
#5192=EDGE_LOOP('',(#2942,#2943,#2944,#2945));
#5193=EDGE_LOOP('',(#2946,#2947,#2948,#2949));
#5194=EDGE_LOOP('',(#2950,#2951,#2952,#2953));
#5195=EDGE_LOOP('',(#2954,#2955,#2956,#2957));
#5196=EDGE_LOOP('',(#2958,#2959,#2960,#2961));
#5197=EDGE_LOOP('',(#2962,#2963,#2964,#2965));
#5198=EDGE_LOOP('',(#2966,#2967,#2968,#2969));
#5199=EDGE_LOOP('',(#2970,#2971,#2972,#2973));
#5200=EDGE_LOOP('',(#2974,#2975,#2976,#2977));
#5201=EDGE_LOOP('',(#2978,#2979,#2980,#2981));
#5202=EDGE_LOOP('',(#2982,#2983,#2984,#2985));
#5203=EDGE_LOOP('',(#2986,#2987,#2988,#2989));
#5204=EDGE_LOOP('',(#2990,#2991,#2992,#2993));
#5205=EDGE_LOOP('',(#2994,#2995,#2996,#2997));
#5206=EDGE_LOOP('',(#2998,#2999,#3000,#3001));
#5207=EDGE_LOOP('',(#3002,#3003,#3004,#3005));
#5208=EDGE_LOOP('',(#3006,#3007,#3008,#3009,#3010,#3011,#3012,#3013));
#5209=EDGE_LOOP('',(#3014,#3015,#3016,#3017,#3018,#3019,#3020,#3021));
#5210=EDGE_LOOP('',(#3022,#3023,#3024,#3025));
#5211=EDGE_LOOP('',(#3026,#3027,#3028,#3029));
#5212=EDGE_LOOP('',(#3030,#3031,#3032,#3033));
#5213=EDGE_LOOP('',(#3034,#3035,#3036,#3037));
#5214=EDGE_LOOP('',(#3038,#3039,#3040,#3041,#3042,#3043,#3044,#3045));
#5215=EDGE_LOOP('',(#3046,#3047,#3048,#3049));
#5216=EDGE_LOOP('',(#3050,#3051,#3052,#3053));
#5217=EDGE_LOOP('',(#3054,#3055,#3056,#3057));
#5218=EDGE_LOOP('',(#3058,#3059,#3060,#3061));
#5219=EDGE_LOOP('',(#3062,#3063,#3064,#3065));
#5220=EDGE_LOOP('',(#3066,#3067,#3068,#3069));
#5221=EDGE_LOOP('',(#3070,#3071,#3072,#3073));
#5222=EDGE_LOOP('',(#3074,#3075,#3076,#3077,#3078,#3079,#3080,#3081));
#5223=EDGE_LOOP('',(#3082,#3083,#3084,#3085,#3086,#3087,#3088,#3089));
#5224=EDGE_LOOP('',(#3090,#3091,#3092,#3093));
#5225=EDGE_LOOP('',(#3094,#3095,#3096,#3097));
#5226=EDGE_LOOP('',(#3098,#3099,#3100,#3101));
#5227=EDGE_LOOP('',(#3102,#3103,#3104,#3105));
#5228=EDGE_LOOP('',(#3106,#3107,#3108,#3109,#3110,#3111));
#5229=EDGE_LOOP('',(#3112,#3113,#3114,#3115,#3116,#3117));
#5230=EDGE_LOOP('',(#3118,#3119,#3120,#3121));
#5231=EDGE_LOOP('',(#3122,#3123,#3124,#3125));
#5232=EDGE_LOOP('',(#3126,#3127,#3128,#3129));
#5233=EDGE_LOOP('',(#3130,#3131,#3132,#3133));
#5234=EDGE_LOOP('',(#3134,#3135,#3136,#3137));
#5235=EDGE_LOOP('',(#3138,#3139,#3140,#3141));
#5236=EDGE_LOOP('',(#3142,#3143,#3144,#3145));
#5237=EDGE_LOOP('',(#3146,#3147,#3148,#3149));
#5238=EDGE_LOOP('',(#3150,#3151,#3152,#3153));
#5239=EDGE_LOOP('',(#3154,#3155,#3156,#3157));
#5240=EDGE_LOOP('',(#3158,#3159,#3160,#3161));
#5241=EDGE_LOOP('',(#3162,#3163,#3164,#3165));
#5242=EDGE_LOOP('',(#3166,#3167,#3168,#3169));
#5243=EDGE_LOOP('',(#3170,#3171,#3172,#3173));
#5244=EDGE_LOOP('',(#3174,#3175,#3176,#3177));
#5245=EDGE_LOOP('',(#3178,#3179,#3180,#3181));
#5246=EDGE_LOOP('',(#3182,#3183,#3184,#3185));
#5247=EDGE_LOOP('',(#3186,#3187,#3188,#3189));
#5248=FACE_BOUND('',#4766,.T.);
#5249=FACE_BOUND('',#4767,.T.);
#5250=FACE_BOUND('',#4768,.T.);
#5251=FACE_BOUND('',#4769,.T.);
#5252=FACE_BOUND('',#4770,.T.);
#5253=FACE_BOUND('',#4771,.T.);
#5254=FACE_BOUND('',#4772,.T.);
#5255=FACE_BOUND('',#4773,.T.);
#5256=FACE_BOUND('',#4774,.T.);
#5257=FACE_BOUND('',#4775,.T.);
#5258=FACE_BOUND('',#4776,.T.);
#5259=FACE_BOUND('',#4777,.T.);
#5260=FACE_BOUND('',#4778,.T.);
#5261=FACE_BOUND('',#4779,.T.);
#5262=FACE_BOUND('',#4780,.T.);
#5263=FACE_BOUND('',#4781,.T.);
#5264=FACE_BOUND('',#4782,.T.);
#5265=FACE_BOUND('',#4783,.T.);
#5266=FACE_BOUND('',#4784,.T.);
#5267=FACE_BOUND('',#4785,.T.);
#5268=FACE_BOUND('',#4786,.T.);
#5269=FACE_BOUND('',#4787,.T.);
#5270=FACE_BOUND('',#4788,.T.);
#5271=FACE_BOUND('',#4789,.T.);
#5272=FACE_BOUND('',#4790,.T.);
#5273=FACE_BOUND('',#4791,.T.);
#5274=FACE_BOUND('',#4792,.T.);
#5275=FACE_BOUND('',#4793,.T.);
#5276=FACE_BOUND('',#4794,.T.);
#5277=FACE_BOUND('',#4795,.T.);
#5278=FACE_BOUND('',#4796,.T.);
#5279=FACE_BOUND('',#4797,.T.);
#5280=FACE_BOUND('',#4798,.T.);
#5281=FACE_BOUND('',#4799,.T.);
#5282=FACE_BOUND('',#4800,.T.);
#5283=FACE_BOUND('',#4801,.T.);
#5284=FACE_BOUND('',#4802,.T.);
#5285=FACE_BOUND('',#4803,.T.);
#5286=FACE_BOUND('',#4804,.T.);
#5287=FACE_BOUND('',#4805,.T.);
#5288=FACE_BOUND('',#4806,.T.);
#5289=FACE_BOUND('',#4807,.T.);
#5290=FACE_BOUND('',#4808,.T.);
#5291=FACE_BOUND('',#4809,.T.);
#5292=FACE_BOUND('',#4810,.T.);
#5293=FACE_BOUND('',#4811,.T.);
#5294=FACE_BOUND('',#4812,.T.);
#5295=FACE_BOUND('',#4813,.T.);
#5296=FACE_BOUND('',#4814,.T.);
#5297=FACE_BOUND('',#4815,.T.);
#5298=FACE_BOUND('',#4816,.T.);
#5299=FACE_BOUND('',#4817,.T.);
#5300=FACE_BOUND('',#4818,.T.);
#5301=FACE_BOUND('',#4819,.T.);
#5302=FACE_BOUND('',#4820,.T.);
#5303=FACE_BOUND('',#4821,.T.);
#5304=FACE_BOUND('',#4822,.T.);
#5305=FACE_BOUND('',#4823,.T.);
#5306=FACE_BOUND('',#4824,.T.);
#5307=FACE_BOUND('',#4825,.T.);
#5308=FACE_BOUND('',#4826,.T.);
#5309=FACE_BOUND('',#4827,.T.);
#5310=FACE_BOUND('',#4828,.T.);
#5311=FACE_BOUND('',#4829,.T.);
#5312=FACE_BOUND('',#4830,.T.);
#5313=FACE_BOUND('',#4831,.T.);
#5314=FACE_BOUND('',#4832,.T.);
#5315=FACE_BOUND('',#4833,.T.);
#5316=FACE_BOUND('',#4834,.T.);
#5317=FACE_BOUND('',#4835,.T.);
#5318=FACE_BOUND('',#4836,.T.);
#5319=FACE_BOUND('',#4837,.T.);
#5320=FACE_BOUND('',#4838,.T.);
#5321=FACE_BOUND('',#4839,.T.);
#5322=FACE_BOUND('',#4840,.T.);
#5323=FACE_BOUND('',#4841,.T.);
#5324=FACE_BOUND('',#4842,.T.);
#5325=FACE_BOUND('',#4843,.T.);
#5326=FACE_BOUND('',#4844,.T.);
#5327=FACE_BOUND('',#4845,.T.);
#5328=FACE_BOUND('',#4846,.T.);
#5329=FACE_BOUND('',#4847,.T.);
#5330=FACE_BOUND('',#4848,.T.);
#5331=FACE_BOUND('',#4849,.T.);
#5332=FACE_BOUND('',#4850,.T.);
#5333=FACE_BOUND('',#4851,.T.);
#5334=FACE_BOUND('',#4852,.T.);
#5335=FACE_BOUND('',#4853,.T.);
#5336=FACE_BOUND('',#4854,.T.);
#5337=FACE_BOUND('',#4855,.T.);
#5338=FACE_BOUND('',#4856,.T.);
#5339=FACE_BOUND('',#4857,.T.);
#5340=FACE_BOUND('',#4858,.T.);
#5341=FACE_BOUND('',#4859,.T.);
#5342=FACE_BOUND('',#4860,.T.);
#5343=FACE_BOUND('',#4861,.T.);
#5344=FACE_BOUND('',#4862,.T.);
#5345=FACE_BOUND('',#4863,.T.);
#5346=FACE_BOUND('',#4864,.T.);
#5347=FACE_BOUND('',#4865,.T.);
#5348=FACE_BOUND('',#4866,.T.);
#5349=FACE_BOUND('',#4867,.T.);
#5350=FACE_BOUND('',#4868,.T.);
#5351=FACE_BOUND('',#4869,.T.);
#5352=FACE_BOUND('',#4870,.T.);
#5353=FACE_BOUND('',#4871,.T.);
#5354=FACE_BOUND('',#4872,.T.);
#5355=FACE_BOUND('',#4873,.T.);
#5356=FACE_BOUND('',#4874,.T.);
#5357=FACE_BOUND('',#4875,.T.);
#5358=FACE_BOUND('',#4876,.T.);
#5359=FACE_BOUND('',#4877,.T.);
#5360=FACE_BOUND('',#4878,.T.);
#5361=FACE_BOUND('',#4879,.T.);
#5362=FACE_BOUND('',#4880,.T.);
#5363=FACE_BOUND('',#4881,.T.);
#5364=FACE_BOUND('',#4882,.T.);
#5365=FACE_BOUND('',#4883,.T.);
#5366=FACE_BOUND('',#4884,.T.);
#5367=FACE_BOUND('',#4885,.T.);
#5368=FACE_BOUND('',#4886,.T.);
#5369=FACE_BOUND('',#4887,.T.);
#5370=FACE_BOUND('',#4888,.T.);
#5371=FACE_BOUND('',#4889,.T.);
#5372=FACE_BOUND('',#4890,.T.);
#5373=FACE_BOUND('',#4891,.T.);
#5374=FACE_BOUND('',#4892,.T.);
#5375=FACE_BOUND('',#4893,.T.);
#5376=FACE_BOUND('',#4894,.T.);
#5377=FACE_BOUND('',#4895,.T.);
#5378=FACE_BOUND('',#4896,.T.);
#5379=FACE_BOUND('',#4897,.T.);
#5380=FACE_BOUND('',#4898,.T.);
#5381=FACE_BOUND('',#4899,.T.);
#5382=FACE_BOUND('',#4900,.T.);
#5383=FACE_BOUND('',#4901,.T.);
#5384=FACE_BOUND('',#4902,.T.);
#5385=FACE_BOUND('',#4903,.T.);
#5386=FACE_BOUND('',#4904,.T.);
#5387=FACE_BOUND('',#4905,.T.);
#5388=FACE_BOUND('',#4906,.T.);
#5389=FACE_BOUND('',#4907,.T.);
#5390=FACE_BOUND('',#4908,.T.);
#5391=FACE_BOUND('',#4909,.T.);
#5392=FACE_BOUND('',#4910,.T.);
#5393=FACE_BOUND('',#4911,.T.);
#5394=FACE_BOUND('',#4912,.T.);
#5395=FACE_BOUND('',#4913,.T.);
#5396=FACE_BOUND('',#4914,.T.);
#5397=FACE_BOUND('',#4915,.T.);
#5398=FACE_BOUND('',#4916,.T.);
#5399=FACE_BOUND('',#4917,.T.);
#5400=FACE_BOUND('',#4918,.T.);
#5401=FACE_BOUND('',#4919,.T.);
#5402=FACE_BOUND('',#4920,.T.);
#5403=FACE_BOUND('',#4921,.T.);
#5404=FACE_BOUND('',#4922,.T.);
#5405=FACE_BOUND('',#4923,.T.);
#5406=FACE_BOUND('',#4924,.T.);
#5407=FACE_BOUND('',#4925,.T.);
#5408=FACE_BOUND('',#4926,.T.);
#5409=FACE_BOUND('',#4927,.T.);
#5410=FACE_BOUND('',#4928,.T.);
#5411=FACE_BOUND('',#4929,.T.);
#5412=FACE_BOUND('',#4930,.T.);
#5413=FACE_BOUND('',#4931,.T.);
#5414=FACE_BOUND('',#4932,.T.);
#5415=FACE_BOUND('',#4933,.T.);
#5416=FACE_BOUND('',#4934,.T.);
#5417=FACE_BOUND('',#4935,.T.);
#5418=FACE_BOUND('',#4936,.T.);
#5419=FACE_BOUND('',#4937,.T.);
#5420=FACE_BOUND('',#4938,.T.);
#5421=FACE_BOUND('',#4939,.T.);
#5422=FACE_BOUND('',#4940,.T.);
#5423=FACE_BOUND('',#4941,.T.);
#5424=FACE_BOUND('',#4942,.T.);
#5425=FACE_BOUND('',#4943,.T.);
#5426=FACE_BOUND('',#4944,.T.);
#5427=FACE_BOUND('',#4945,.T.);
#5428=FACE_BOUND('',#4946,.T.);
#5429=FACE_BOUND('',#4947,.T.);
#5430=FACE_BOUND('',#4948,.T.);
#5431=FACE_BOUND('',#4949,.T.);
#5432=FACE_BOUND('',#4950,.T.);
#5433=FACE_BOUND('',#4951,.T.);
#5434=FACE_BOUND('',#4952,.T.);
#5435=FACE_BOUND('',#4953,.T.);
#5436=FACE_BOUND('',#4954,.T.);
#5437=FACE_BOUND('',#4955,.T.);
#5438=FACE_BOUND('',#4956,.T.);
#5439=FACE_BOUND('',#4957,.T.);
#5440=FACE_BOUND('',#4958,.T.);
#5441=FACE_BOUND('',#4959,.T.);
#5442=FACE_BOUND('',#4960,.T.);
#5443=FACE_BOUND('',#4961,.T.);
#5444=FACE_BOUND('',#4962,.T.);
#5445=FACE_BOUND('',#4963,.T.);
#5446=FACE_BOUND('',#4964,.T.);
#5447=FACE_BOUND('',#4965,.T.);
#5448=FACE_BOUND('',#4966,.T.);
#5449=FACE_BOUND('',#4967,.T.);
#5450=FACE_BOUND('',#4968,.T.);
#5451=FACE_BOUND('',#4969,.T.);
#5452=FACE_BOUND('',#4970,.T.);
#5453=FACE_BOUND('',#4971,.T.);
#5454=FACE_BOUND('',#4972,.T.);
#5455=FACE_BOUND('',#4973,.T.);
#5456=FACE_BOUND('',#4974,.T.);
#5457=FACE_BOUND('',#4975,.T.);
#5458=FACE_BOUND('',#4976,.T.);
#5459=FACE_BOUND('',#4977,.T.);
#5460=FACE_BOUND('',#4978,.T.);
#5461=FACE_BOUND('',#4979,.T.);
#5462=FACE_BOUND('',#4980,.T.);
#5463=FACE_BOUND('',#4981,.T.);
#5464=FACE_BOUND('',#4982,.T.);
#5465=FACE_BOUND('',#4983,.T.);
#5466=FACE_BOUND('',#4984,.T.);
#5467=FACE_BOUND('',#4985,.T.);
#5468=FACE_BOUND('',#4986,.T.);
#5469=FACE_BOUND('',#4987,.T.);
#5470=FACE_BOUND('',#4988,.T.);
#5471=FACE_BOUND('',#4989,.T.);
#5472=FACE_BOUND('',#4990,.T.);
#5473=FACE_BOUND('',#4991,.T.);
#5474=FACE_BOUND('',#4992,.T.);
#5475=FACE_BOUND('',#4993,.T.);
#5476=FACE_BOUND('',#4994,.T.);
#5477=FACE_BOUND('',#4995,.T.);
#5478=FACE_BOUND('',#4996,.T.);
#5479=FACE_BOUND('',#4997,.T.);
#5480=FACE_BOUND('',#4998,.T.);
#5481=FACE_BOUND('',#4999,.T.);
#5482=FACE_BOUND('',#5000,.T.);
#5483=FACE_BOUND('',#5001,.T.);
#5484=FACE_BOUND('',#5002,.T.);
#5485=FACE_BOUND('',#5003,.T.);
#5486=FACE_BOUND('',#5004,.T.);
#5487=FACE_BOUND('',#5005,.T.);
#5488=FACE_BOUND('',#5006,.T.);
#5489=FACE_BOUND('',#5007,.T.);
#5490=FACE_BOUND('',#5008,.T.);
#5491=FACE_BOUND('',#5009,.T.);
#5492=FACE_BOUND('',#5010,.T.);
#5493=FACE_BOUND('',#5011,.T.);
#5494=FACE_BOUND('',#5012,.T.);
#5495=FACE_BOUND('',#5013,.T.);
#5496=FACE_BOUND('',#5014,.T.);
#5497=FACE_BOUND('',#5015,.T.);
#5498=FACE_BOUND('',#5016,.T.);
#5499=FACE_BOUND('',#5017,.T.);
#5500=FACE_BOUND('',#5018,.T.);
#5501=FACE_BOUND('',#5019,.T.);
#5502=FACE_BOUND('',#5020,.T.);
#5503=FACE_BOUND('',#5021,.T.);
#5504=FACE_BOUND('',#5022,.T.);
#5505=FACE_BOUND('',#5023,.T.);
#5506=FACE_BOUND('',#5024,.T.);
#5507=FACE_BOUND('',#5025,.T.);
#5508=FACE_BOUND('',#5026,.T.);
#5509=FACE_BOUND('',#5027,.T.);
#5510=FACE_BOUND('',#5028,.T.);
#5511=FACE_BOUND('',#5029,.T.);
#5512=FACE_BOUND('',#5030,.T.);
#5513=FACE_BOUND('',#5031,.T.);
#5514=FACE_BOUND('',#5032,.T.);
#5515=FACE_BOUND('',#5033,.T.);
#5516=FACE_BOUND('',#5034,.T.);
#5517=FACE_BOUND('',#5035,.T.);
#5518=FACE_BOUND('',#5036,.T.);
#5519=FACE_BOUND('',#5037,.T.);
#5520=FACE_BOUND('',#5038,.T.);
#5521=FACE_BOUND('',#5039,.T.);
#5522=FACE_BOUND('',#5040,.T.);
#5523=FACE_BOUND('',#5041,.T.);
#5524=FACE_BOUND('',#5042,.T.);
#5525=FACE_BOUND('',#5043,.T.);
#5526=FACE_BOUND('',#5044,.T.);
#5527=FACE_BOUND('',#5045,.T.);
#5528=FACE_BOUND('',#5046,.T.);
#5529=FACE_BOUND('',#5047,.T.);
#5530=FACE_BOUND('',#5048,.T.);
#5531=FACE_BOUND('',#5049,.T.);
#5532=FACE_BOUND('',#5050,.T.);
#5533=FACE_BOUND('',#5051,.T.);
#5534=FACE_BOUND('',#5052,.T.);
#5535=FACE_BOUND('',#5053,.T.);
#5536=FACE_BOUND('',#5054,.T.);
#5537=FACE_BOUND('',#5055,.T.);
#5538=FACE_BOUND('',#5056,.T.);
#5539=FACE_BOUND('',#5057,.T.);
#5540=FACE_BOUND('',#5058,.T.);
#5541=FACE_BOUND('',#5059,.T.);
#5542=FACE_BOUND('',#5060,.T.);
#5543=FACE_BOUND('',#5061,.T.);
#5544=FACE_BOUND('',#5062,.T.);
#5545=FACE_BOUND('',#5063,.T.);
#5546=FACE_BOUND('',#5064,.T.);
#5547=FACE_BOUND('',#5065,.T.);
#5548=FACE_BOUND('',#5066,.T.);
#5549=FACE_BOUND('',#5067,.T.);
#5550=FACE_BOUND('',#5068,.T.);
#5551=FACE_BOUND('',#5069,.T.);
#5552=FACE_BOUND('',#5070,.T.);
#5553=FACE_BOUND('',#5071,.T.);
#5554=FACE_BOUND('',#5072,.T.);
#5555=FACE_BOUND('',#5073,.T.);
#5556=FACE_BOUND('',#5074,.T.);
#5557=FACE_BOUND('',#5075,.T.);
#5558=FACE_BOUND('',#5076,.T.);
#5559=FACE_BOUND('',#5077,.T.);
#5560=FACE_BOUND('',#5078,.T.);
#5561=FACE_BOUND('',#5079,.T.);
#5562=FACE_BOUND('',#5080,.T.);
#5563=FACE_BOUND('',#5081,.T.);
#5564=FACE_BOUND('',#5082,.T.);
#5565=FACE_BOUND('',#5083,.T.);
#5566=FACE_BOUND('',#5084,.T.);
#5567=FACE_BOUND('',#5085,.T.);
#5568=FACE_BOUND('',#5086,.T.);
#5569=FACE_BOUND('',#5087,.T.);
#5570=FACE_BOUND('',#5088,.T.);
#5571=FACE_BOUND('',#5089,.T.);
#5572=FACE_BOUND('',#5090,.T.);
#5573=FACE_BOUND('',#5091,.T.);
#5574=FACE_BOUND('',#5092,.T.);
#5575=FACE_BOUND('',#5093,.T.);
#5576=FACE_BOUND('',#5094,.T.);
#5577=FACE_BOUND('',#5095,.T.);
#5578=FACE_BOUND('',#5096,.T.);
#5579=FACE_BOUND('',#5097,.T.);
#5580=FACE_BOUND('',#5098,.T.);
#5581=FACE_BOUND('',#5099,.T.);
#5582=FACE_BOUND('',#5100,.T.);
#5583=FACE_BOUND('',#5101,.T.);
#5584=FACE_BOUND('',#5102,.T.);
#5585=FACE_BOUND('',#5103,.T.);
#5586=FACE_BOUND('',#5104,.T.);
#5587=FACE_BOUND('',#5105,.T.);
#5588=FACE_BOUND('',#5106,.T.);
#5589=FACE_BOUND('',#5107,.T.);
#5590=FACE_BOUND('',#5108,.T.);
#5591=FACE_BOUND('',#5109,.T.);
#5592=FACE_BOUND('',#5110,.T.);
#5593=FACE_BOUND('',#5111,.T.);
#5594=FACE_BOUND('',#5112,.T.);
#5595=FACE_BOUND('',#5113,.T.);
#5596=FACE_BOUND('',#5114,.T.);
#5597=FACE_BOUND('',#5115,.T.);
#5598=FACE_BOUND('',#5116,.T.);
#5599=FACE_BOUND('',#5117,.T.);
#5600=FACE_BOUND('',#5118,.T.);
#5601=FACE_BOUND('',#5119,.T.);
#5602=FACE_BOUND('',#5120,.T.);
#5603=FACE_BOUND('',#5121,.T.);
#5604=FACE_BOUND('',#5122,.T.);
#5605=FACE_BOUND('',#5123,.T.);
#5606=FACE_BOUND('',#5124,.T.);
#5607=FACE_BOUND('',#5125,.T.);
#5608=FACE_BOUND('',#5126,.T.);
#5609=FACE_BOUND('',#5127,.T.);
#5610=FACE_BOUND('',#5128,.T.);
#5611=FACE_BOUND('',#5129,.T.);
#5612=FACE_BOUND('',#5130,.T.);
#5613=FACE_BOUND('',#5131,.T.);
#5614=FACE_BOUND('',#5132,.T.);
#5615=FACE_BOUND('',#5133,.T.);
#5616=FACE_BOUND('',#5134,.T.);
#5617=FACE_BOUND('',#5135,.T.);
#5618=FACE_BOUND('',#5136,.T.);
#5619=FACE_BOUND('',#5137,.T.);
#5620=FACE_BOUND('',#5138,.T.);
#5621=FACE_BOUND('',#5139,.T.);
#5622=FACE_BOUND('',#5140,.T.);
#5623=FACE_BOUND('',#5141,.T.);
#5624=FACE_BOUND('',#5142,.T.);
#5625=FACE_BOUND('',#5143,.T.);
#5626=FACE_BOUND('',#5144,.T.);
#5627=FACE_BOUND('',#5145,.T.);
#5628=FACE_BOUND('',#5146,.T.);
#5629=FACE_BOUND('',#5147,.T.);
#5630=FACE_BOUND('',#5148,.T.);
#5631=FACE_BOUND('',#5149,.T.);
#5632=FACE_BOUND('',#5150,.T.);
#5633=FACE_BOUND('',#5151,.T.);
#5634=FACE_BOUND('',#5152,.T.);
#5635=FACE_BOUND('',#5153,.T.);
#5636=FACE_BOUND('',#5154,.T.);
#5637=FACE_BOUND('',#5155,.T.);
#5638=FACE_BOUND('',#5156,.T.);
#5639=FACE_BOUND('',#5157,.T.);
#5640=FACE_BOUND('',#5158,.T.);
#5641=FACE_BOUND('',#5159,.T.);
#5642=FACE_BOUND('',#5160,.T.);
#5643=FACE_BOUND('',#5161,.T.);
#5644=FACE_BOUND('',#5162,.T.);
#5645=FACE_BOUND('',#5163,.T.);
#5646=FACE_BOUND('',#5164,.T.);
#5647=FACE_BOUND('',#5165,.T.);
#5648=FACE_BOUND('',#5166,.T.);
#5649=FACE_BOUND('',#5167,.T.);
#5650=FACE_BOUND('',#5168,.T.);
#5651=FACE_BOUND('',#5169,.T.);
#5652=FACE_BOUND('',#5170,.T.);
#5653=FACE_BOUND('',#5171,.T.);
#5654=FACE_BOUND('',#5172,.T.);
#5655=FACE_BOUND('',#5173,.T.);
#5656=FACE_BOUND('',#5174,.T.);
#5657=FACE_BOUND('',#5175,.T.);
#5658=FACE_BOUND('',#5176,.T.);
#5659=FACE_BOUND('',#5177,.T.);
#5660=FACE_BOUND('',#5178,.T.);
#5661=FACE_BOUND('',#5179,.T.);
#5662=FACE_BOUND('',#5180,.T.);
#5663=FACE_BOUND('',#5181,.T.);
#5664=FACE_BOUND('',#5182,.T.);
#5665=FACE_BOUND('',#5183,.T.);
#5666=FACE_BOUND('',#5184,.T.);
#5667=FACE_BOUND('',#5185,.T.);
#5668=FACE_BOUND('',#5186,.T.);
#5669=FACE_BOUND('',#5187,.T.);
#5670=FACE_BOUND('',#5188,.T.);
#5671=FACE_BOUND('',#5189,.T.);
#5672=FACE_BOUND('',#5190,.T.);
#5673=FACE_BOUND('',#5191,.T.);
#5674=FACE_BOUND('',#5192,.T.);
#5675=FACE_BOUND('',#5193,.T.);
#5676=FACE_BOUND('',#5194,.T.);
#5677=FACE_BOUND('',#5195,.T.);
#5678=FACE_BOUND('',#5196,.T.);
#5679=FACE_BOUND('',#5197,.T.);
#5680=FACE_BOUND('',#5198,.T.);
#5681=FACE_BOUND('',#5199,.T.);
#5682=FACE_BOUND('',#5200,.T.);
#5683=FACE_BOUND('',#5201,.T.);
#5684=FACE_BOUND('',#5202,.T.);
#5685=FACE_BOUND('',#5203,.T.);
#5686=FACE_BOUND('',#5204,.T.);
#5687=FACE_BOUND('',#5205,.T.);
#5688=FACE_BOUND('',#5206,.T.);
#5689=FACE_BOUND('',#5207,.T.);
#5690=FACE_BOUND('',#5208,.T.);
#5691=FACE_BOUND('',#5209,.T.);
#5692=FACE_BOUND('',#5210,.T.);
#5693=FACE_BOUND('',#5211,.T.);
#5694=FACE_BOUND('',#5212,.T.);
#5695=FACE_BOUND('',#5213,.T.);
#5696=FACE_BOUND('',#5214,.T.);
#5697=FACE_BOUND('',#5215,.T.);
#5698=FACE_BOUND('',#5216,.T.);
#5699=FACE_BOUND('',#5217,.T.);
#5700=FACE_BOUND('',#5218,.T.);
#5701=FACE_BOUND('',#5219,.T.);
#5702=FACE_BOUND('',#5220,.T.);
#5703=FACE_BOUND('',#5221,.T.);
#5704=FACE_BOUND('',#5222,.T.);
#5705=FACE_BOUND('',#5223,.T.);
#5706=FACE_BOUND('',#5224,.T.);
#5707=FACE_BOUND('',#5225,.T.);
#5708=FACE_BOUND('',#5226,.T.);
#5709=FACE_BOUND('',#5227,.T.);
#5710=FACE_BOUND('',#5228,.T.);
#5711=FACE_BOUND('',#5229,.T.);
#5712=FACE_BOUND('',#5230,.T.);
#5713=FACE_BOUND('',#5231,.T.);
#5714=FACE_BOUND('',#5232,.T.);
#5715=FACE_BOUND('',#5233,.T.);
#5716=FACE_BOUND('',#5234,.T.);
#5717=FACE_BOUND('',#5235,.T.);
#5718=FACE_BOUND('',#5236,.T.);
#5719=FACE_BOUND('',#5237,.T.);
#5720=FACE_BOUND('',#5238,.T.);
#5721=FACE_BOUND('',#5239,.T.);
#5722=FACE_BOUND('',#5240,.T.);
#5723=FACE_BOUND('',#5241,.T.);
#5724=FACE_BOUND('',#5242,.T.);
#5725=FACE_BOUND('',#5243,.T.);
#5726=FACE_BOUND('',#5244,.T.);
#5727=FACE_BOUND('',#5245,.T.);
#5728=FACE_BOUND('',#5246,.T.);
#5729=FACE_BOUND('',#5247,.T.);
#5730=CONICAL_SURFACE('',#6203,0.0261749695390313,0.0174532925199433);
#5731=CONICAL_SURFACE('',#6350,0.025975,0.0174532925199433);
#5732=CONICAL_SURFACE('',#6471,0.00625,0.785398163397448);
#5733=CONICAL_SURFACE('',#6480,0.0257568071689627,0.802851455917392);
#5734=CONICAL_SURFACE('',#6484,0.0252303965279336,0.802851455917392);
#5735=CONICAL_SURFACE('',#6600,0.00285,0.785398163397448);
#5736=CONICAL_SURFACE('',#6602,0.00285,0.785398163397448);
#5737=CONICAL_SURFACE('',#6604,0.00285,0.785398163397448);
#5738=CONICAL_SURFACE('',#6606,0.00285,0.785398163397448);
#5739=CONICAL_SURFACE('',#6608,0.00285,0.785398163397448);
#5740=CONICAL_SURFACE('',#6610,0.00285,0.785398163397448);
#5741=CONICAL_SURFACE('',#6612,0.00285,0.785398163397448);
#5742=CONICAL_SURFACE('',#6614,0.00285,0.785398163397448);
#5743=CONICAL_SURFACE('',#6616,0.00285,0.785398163397448);
#5744=CONICAL_SURFACE('',#6618,0.00285,0.785398163397448);
#5745=CONICAL_SURFACE('',#6620,0.00285,0.785398163397448);
#5746=CONICAL_SURFACE('',#6622,0.00285,0.785398163397448);
#5747=CONICAL_SURFACE('',#6624,0.00285,0.785398163397448);
#5748=CONICAL_SURFACE('',#6626,0.00285,0.785398163397448);
#5749=CONICAL_SURFACE('',#6628,0.00285,0.785398163397448);
#5750=CONICAL_SURFACE('',#6630,0.00285,0.785398163397448);
#5751=CONICAL_SURFACE('',#6665,0.00365,0.785398163397451);
#5752=CONICAL_SURFACE('',#6666,0.00365,0.785398163397448);
#5753=CONICAL_SURFACE('',#6667,0.00365,0.785398163397448);
#5754=CONICAL_SURFACE('',#6668,0.00365,0.785398163397448);
#5755=CONICAL_SURFACE('',#6728,0.0254750761524218,0.0174532925199433);
#5756=CONICAL_SURFACE('',#6732,0.0253214723702187,0.707738307718087);
#5757=CONICAL_SURFACE('',#6733,0.0257977161713733,0.722750927731748);
#5758=ADVANCED_FACE('',(#5248,#5249),#5730,.T.);
#5759=ADVANCED_FACE('',(#5250),#956,.F.);
#5760=ADVANCED_FACE('',(#5251),#89,.T.);
#5761=ADVANCED_FACE('',(#5252),#90,.F.);
#5762=ADVANCED_FACE('',(#5253),#91,.F.);
#5763=ADVANCED_FACE('',(#5254),#92,.T.);
#5764=ADVANCED_FACE('',(#5255),#957,.T.);
#5765=ADVANCED_FACE('',(#5256),#958,.T.);
#5766=ADVANCED_FACE('',(#5257),#959,.T.);
#5767=ADVANCED_FACE('',(#5258),#960,.T.);
#5768=ADVANCED_FACE('',(#5259),#68,.T.);
#5769=ADVANCED_FACE('',(#5260),#69,.T.);
#5770=ADVANCED_FACE('',(#5261),#70,.T.);
#5771=ADVANCED_FACE('',(#5262),#50,.T.);
#5772=ADVANCED_FACE('',(#5263),#51,.T.);
#5773=ADVANCED_FACE('',(#5264),#71,.T.);
#5774=ADVANCED_FACE('',(#5265),#72,.T.);
#5775=ADVANCED_FACE('',(#5266),#73,.T.);
#5776=ADVANCED_FACE('',(#5267),#49,.T.);
#5777=ADVANCED_FACE('',(#5268,#5269),#74,.F.);
#5778=ADVANCED_FACE('',(#5270),#93,.T.);
#5779=ADVANCED_FACE('',(#5271,#5272),#52,.T.);
#5780=ADVANCED_FACE('',(#5273,#5274),#961,.T.);
#5781=ADVANCED_FACE('',(#5275),#94,.F.);
#5782=ADVANCED_FACE('',(#5276),#95,.T.);
#5783=ADVANCED_FACE('',(#5277,#5278),#962,.F.);
#5784=ADVANCED_FACE('',(#5279),#96,.T.);
#5785=ADVANCED_FACE('',(#5280,#5281),#963,.F.);
#5786=ADVANCED_FACE('',(#5282),#97,.T.);
#5787=ADVANCED_FACE('',(#5283,#5284),#964,.F.);
#5788=ADVANCED_FACE('',(#5285),#98,.T.);
#5789=ADVANCED_FACE('',(#5286,#5287),#965,.F.);
#5790=ADVANCED_FACE('',(#5288),#99,.T.);
#5791=ADVANCED_FACE('',(#5289,#5290),#966,.F.);
#5792=ADVANCED_FACE('',(#5291),#100,.T.);
#5793=ADVANCED_FACE('',(#5292,#5293),#967,.F.);
#5794=ADVANCED_FACE('',(#5294),#101,.T.);
#5795=ADVANCED_FACE('',(#5295,#5296),#968,.F.);
#5796=ADVANCED_FACE('',(#5297),#102,.T.);
#5797=ADVANCED_FACE('',(#5298,#5299),#969,.F.);
#5798=ADVANCED_FACE('',(#5300),#103,.T.);
#5799=ADVANCED_FACE('',(#5301,#5302),#970,.F.);
#5800=ADVANCED_FACE('',(#5303),#104,.T.);
#5801=ADVANCED_FACE('',(#5304,#5305),#971,.F.);
#5802=ADVANCED_FACE('',(#5306),#105,.T.);
#5803=ADVANCED_FACE('',(#5307,#5308),#972,.F.);
#5804=ADVANCED_FACE('',(#5309),#106,.T.);
#5805=ADVANCED_FACE('',(#5310,#5311),#973,.F.);
#5806=ADVANCED_FACE('',(#5312),#107,.T.);
#5807=ADVANCED_FACE('',(#5313,#5314),#974,.F.);
#5808=ADVANCED_FACE('',(#5315),#108,.T.);
#5809=ADVANCED_FACE('',(#5316,#5317),#975,.F.);
#5810=ADVANCED_FACE('',(#5318),#109,.T.);
#5811=ADVANCED_FACE('',(#5319,#5320),#976,.F.);
#5812=ADVANCED_FACE('',(#5321),#110,.T.);
#5813=ADVANCED_FACE('',(#5322,#5323),#977,.F.);
#5814=ADVANCED_FACE('',(#5324),#111,.T.);
#5815=ADVANCED_FACE('',(#5325,#5326),#978,.F.);
#5816=ADVANCED_FACE('',(#5327),#112,.T.);
#5817=ADVANCED_FACE('',(#5328,#5329),#979,.F.);
#5818=ADVANCED_FACE('',(#5330),#113,.T.);
#5819=ADVANCED_FACE('',(#5331,#5332),#980,.F.);
#5820=ADVANCED_FACE('',(#5333),#114,.T.);
#5821=ADVANCED_FACE('',(#5334),#115,.F.);
#5822=ADVANCED_FACE('',(#5335),#116,.T.);
#5823=ADVANCED_FACE('',(#5336),#117,.F.);
#5824=ADVANCED_FACE('',(#5337),#118,.T.);
#5825=ADVANCED_FACE('',(#5338),#119,.T.);
#5826=ADVANCED_FACE('',(#5339),#120,.T.);
#5827=ADVANCED_FACE('',(#5340),#121,.F.);
#5828=ADVANCED_FACE('',(#5341),#122,.T.);
#5829=ADVANCED_FACE('',(#5342),#123,.T.);
#5830=ADVANCED_FACE('',(#5343),#124,.T.);
#5831=ADVANCED_FACE('',(#5344),#125,.F.);
#5832=ADVANCED_FACE('',(#5345),#126,.F.);
#5833=ADVANCED_FACE('',(#5346),#981,.F.);
#5834=ADVANCED_FACE('',(#5347,#5348),#127,.T.);
#5835=ADVANCED_FACE('',(#5349,#5350,#5351,#5352,#5353,#5354,#5355,#5356,
#5357),#5731,.T.);
#5836=ADVANCED_FACE('',(#5358),#982,.F.);
#5837=ADVANCED_FACE('',(#5359),#128,.T.);
#5838=ADVANCED_FACE('',(#5360),#983,.F.);
#5839=ADVANCED_FACE('',(#5361),#129,.T.);
#5840=ADVANCED_FACE('',(#5362),#130,.F.);
#5841=ADVANCED_FACE('',(#5363,#5364),#131,.F.);
#5842=ADVANCED_FACE('',(#5365),#984,.T.);
#5843=ADVANCED_FACE('',(#5366,#5367),#132,.F.);
#5844=ADVANCED_FACE('',(#5368),#133,.T.);
#5845=ADVANCED_FACE('',(#5369),#985,.F.);
#5846=ADVANCED_FACE('',(#5370),#134,.T.);
#5847=ADVANCED_FACE('',(#5371,#5372,#5373,#5374),#986,.F.);
#5848=ADVANCED_FACE('',(#5375,#5376),#135,.T.);
#5849=ADVANCED_FACE('',(#5377,#5378),#53,.T.);
#5850=ADVANCED_FACE('',(#5379),#987,.F.);
#5851=ADVANCED_FACE('',(#5380),#136,.F.);
#5852=ADVANCED_FACE('',(#5381),#988,.F.);
#5853=ADVANCED_FACE('',(#5382),#989,.F.);
#5854=ADVANCED_FACE('',(#5383),#137,.F.);
#5855=ADVANCED_FACE('',(#5384),#990,.F.);
#5856=ADVANCED_FACE('',(#5385),#138,.F.);
#5857=ADVANCED_FACE('',(#5386),#139,.T.);
#5858=ADVANCED_FACE('',(#5387),#140,.F.);
#5859=ADVANCED_FACE('',(#5388),#141,.T.);
#5860=ADVANCED_FACE('',(#5389),#991,.T.);
#5861=ADVANCED_FACE('',(#5390),#142,.F.);
#5862=ADVANCED_FACE('',(#5391),#992,.F.);
#5863=ADVANCED_FACE('',(#5392),#993,.F.);
#5864=ADVANCED_FACE('',(#5393),#994,.F.);
#5865=ADVANCED_FACE('',(#5394),#995,.F.);
#5866=ADVANCED_FACE('',(#5395),#996,.F.);
#5867=ADVANCED_FACE('',(#5396),#997,.F.);
#5868=ADVANCED_FACE('',(#5397),#998,.F.);
#5869=ADVANCED_FACE('',(#5398),#999,.F.);
#5870=ADVANCED_FACE('',(#5399),#1000,.F.);
#5871=ADVANCED_FACE('',(#5400),#1001,.F.);
#5872=ADVANCED_FACE('',(#5401),#1002,.F.);
#5873=ADVANCED_FACE('',(#5402),#1003,.F.);
#5874=ADVANCED_FACE('',(#5403,#5404),#143,.F.);
#5875=ADVANCED_FACE('',(#5405),#144,.T.);
#5876=ADVANCED_FACE('',(#5406),#5732,.F.);
#5877=ADVANCED_FACE('',(#5407),#145,.T.);
#5878=ADVANCED_FACE('',(#5408,#5409,#5410,#5411,#5412,#5413,#5414,#5415,
#5416,#5417,#5418,#5419,#5420,#5421,#5422,#5423,#5424,#5425,#5426,#5427,
#5428,#5429),#146,.T.);
#5879=ADVANCED_FACE('',(#5430),#5733,.T.);
#5880=ADVANCED_FACE('',(#5431),#147,.T.);
#5881=ADVANCED_FACE('',(#5432),#148,.T.);
#5882=ADVANCED_FACE('',(#5433),#5734,.T.);
#5883=ADVANCED_FACE('',(#5434),#54,.T.);
#5884=ADVANCED_FACE('',(#5435),#1004,.F.);
#5885=ADVANCED_FACE('',(#5436,#5437),#149,.T.);
#5886=ADVANCED_FACE('',(#5438),#1005,.F.);
#5887=ADVANCED_FACE('',(#5439,#5440),#150,.T.);
#5888=ADVANCED_FACE('',(#5441),#151,.T.);
#5889=ADVANCED_FACE('',(#5442),#152,.T.);
#5890=ADVANCED_FACE('',(#5443),#1006,.F.);
#5891=ADVANCED_FACE('',(#5444),#153,.T.);
#5892=ADVANCED_FACE('',(#5445),#1007,.T.);
#5893=ADVANCED_FACE('',(#5446),#154,.T.);
#5894=ADVANCED_FACE('',(#5447),#1008,.F.);
#5895=ADVANCED_FACE('',(#5448),#155,.F.);
#5896=ADVANCED_FACE('',(#5449,#5450,#5451,#5452,#5453),#156,.T.);
#5897=ADVANCED_FACE('',(#5454),#1009,.F.);
#5898=ADVANCED_FACE('',(#5455),#1010,.F.);
#5899=ADVANCED_FACE('',(#5456),#1011,.F.);
#5900=ADVANCED_FACE('',(#5457),#1012,.F.);
#5901=ADVANCED_FACE('',(#5458),#157,.T.);
#5902=ADVANCED_FACE('',(#5459),#158,.T.);
#5903=ADVANCED_FACE('',(#5460),#1013,.F.);
#5904=ADVANCED_FACE('',(#5461),#159,.T.);
#5905=ADVANCED_FACE('',(#5462),#1014,.F.);
#5906=ADVANCED_FACE('',(#5463),#160,.F.);
#5907=ADVANCED_FACE('',(#5464),#1015,.F.);
#5908=ADVANCED_FACE('',(#5465),#1016,.F.);
#5909=ADVANCED_FACE('',(#5466),#1017,.F.);
#5910=ADVANCED_FACE('',(#5467),#1018,.F.);
#5911=ADVANCED_FACE('',(#5468),#1019,.F.);
#5912=ADVANCED_FACE('',(#5469,#5470),#161,.T.);
#5913=ADVANCED_FACE('',(#5471),#1020,.F.);
#5914=ADVANCED_FACE('',(#5472,#5473),#162,.T.);
#5915=ADVANCED_FACE('',(#5474),#1021,.F.);
#5916=ADVANCED_FACE('',(#5475,#5476),#163,.T.);
#5917=ADVANCED_FACE('',(#5477),#1022,.F.);
#5918=ADVANCED_FACE('',(#5478,#5479),#164,.T.);
#5919=ADVANCED_FACE('',(#5480,#5481),#1023,.F.);
#5920=ADVANCED_FACE('',(#5482,#5483),#1024,.F.);
#5921=ADVANCED_FACE('',(#5484,#5485),#1025,.F.);
#5922=ADVANCED_FACE('',(#5486),#165,.T.);
#5923=ADVANCED_FACE('',(#5487,#5488),#1026,.F.);
#5924=ADVANCED_FACE('',(#5489),#166,.T.);
#5925=ADVANCED_FACE('',(#5490,#5491),#1027,.F.);
#5926=ADVANCED_FACE('',(#5492),#167,.T.);
#5927=ADVANCED_FACE('',(#5493,#5494),#1028,.F.);
#5928=ADVANCED_FACE('',(#5495),#168,.T.);
#5929=ADVANCED_FACE('',(#5496),#1029,.T.);
#5930=ADVANCED_FACE('',(#5497),#5735,.F.);
#5931=ADVANCED_FACE('',(#5498),#1030,.T.);
#5932=ADVANCED_FACE('',(#5499),#5736,.F.);
#5933=ADVANCED_FACE('',(#5500),#1031,.T.);
#5934=ADVANCED_FACE('',(#5501),#5737,.F.);
#5935=ADVANCED_FACE('',(#5502),#1032,.T.);
#5936=ADVANCED_FACE('',(#5503),#5738,.F.);
#5937=ADVANCED_FACE('',(#5504),#1033,.T.);
#5938=ADVANCED_FACE('',(#5505),#5739,.F.);
#5939=ADVANCED_FACE('',(#5506),#1034,.T.);
#5940=ADVANCED_FACE('',(#5507),#5740,.F.);
#5941=ADVANCED_FACE('',(#5508),#1035,.T.);
#5942=ADVANCED_FACE('',(#5509),#5741,.F.);
#5943=ADVANCED_FACE('',(#5510),#1036,.T.);
#5944=ADVANCED_FACE('',(#5511),#5742,.F.);
#5945=ADVANCED_FACE('',(#5512),#1037,.T.);
#5946=ADVANCED_FACE('',(#5513),#5743,.F.);
#5947=ADVANCED_FACE('',(#5514),#1038,.T.);
#5948=ADVANCED_FACE('',(#5515),#5744,.F.);
#5949=ADVANCED_FACE('',(#5516),#1039,.T.);
#5950=ADVANCED_FACE('',(#5517),#5745,.F.);
#5951=ADVANCED_FACE('',(#5518),#1040,.T.);
#5952=ADVANCED_FACE('',(#5519),#5746,.F.);
#5953=ADVANCED_FACE('',(#5520),#1041,.T.);
#5954=ADVANCED_FACE('',(#5521),#5747,.F.);
#5955=ADVANCED_FACE('',(#5522),#1042,.T.);
#5956=ADVANCED_FACE('',(#5523),#5748,.F.);
#5957=ADVANCED_FACE('',(#5524),#1043,.T.);
#5958=ADVANCED_FACE('',(#5525),#5749,.F.);
#5959=ADVANCED_FACE('',(#5526),#1044,.T.);
#5960=ADVANCED_FACE('',(#5527),#5750,.F.);
#5961=ADVANCED_FACE('',(#5528),#169,.T.);
#5962=ADVANCED_FACE('',(#5529),#1045,.F.);
#5963=ADVANCED_FACE('',(#5530),#1046,.F.);
#5964=ADVANCED_FACE('',(#5531),#170,.T.);
#5965=ADVANCED_FACE('',(#5532),#1047,.F.);
#5966=ADVANCED_FACE('',(#5533),#1048,.F.);
#5967=ADVANCED_FACE('',(#5534,#5535),#1049,.T.);
#5968=ADVANCED_FACE('',(#5536,#5537),#1050,.T.);
#5969=ADVANCED_FACE('',(#5538,#5539),#1051,.T.);
#5970=ADVANCED_FACE('',(#5540,#5541),#171,.F.);
#5971=ADVANCED_FACE('',(#5542),#172,.F.);
#5972=ADVANCED_FACE('',(#5543),#173,.F.);
#5973=ADVANCED_FACE('',(#5544),#174,.F.);
#5974=ADVANCED_FACE('',(#5545,#5546),#1052,.T.);
#5975=ADVANCED_FACE('',(#5547),#175,.F.);
#5976=ADVANCED_FACE('',(#5548,#5549),#1053,.T.);
#5977=ADVANCED_FACE('',(#5550,#5551),#176,.F.);
#5978=ADVANCED_FACE('',(#5552,#5553),#1054,.T.);
#5979=ADVANCED_FACE('',(#5554,#5555),#177,.F.);
#5980=ADVANCED_FACE('',(#5556,#5557),#5751,.T.);
#5981=ADVANCED_FACE('',(#5558,#5559),#5752,.T.);
#5982=ADVANCED_FACE('',(#5560,#5561),#5753,.T.);
#5983=ADVANCED_FACE('',(#5562,#5563),#5754,.T.);
#5984=ADVANCED_FACE('',(#5564),#178,.F.);
#5985=ADVANCED_FACE('',(#5565),#179,.T.);
#5986=ADVANCED_FACE('',(#5566),#180,.F.);
#5987=ADVANCED_FACE('',(#5567),#181,.T.);
#5988=ADVANCED_FACE('',(#5568),#182,.F.);
#5989=ADVANCED_FACE('',(#5569),#183,.T.);
#5990=ADVANCED_FACE('',(#5570),#184,.F.);
#5991=ADVANCED_FACE('',(#5571),#185,.T.);
#5992=ADVANCED_FACE('',(#5572),#186,.T.);
#5993=ADVANCED_FACE('',(#5573),#187,.T.);
#5994=ADVANCED_FACE('',(#5574),#188,.T.);
#5995=ADVANCED_FACE('',(#5575),#189,.F.);
#5996=ADVANCED_FACE('',(#5576),#190,.F.);
#5997=ADVANCED_FACE('',(#5577),#191,.F.);
#5998=ADVANCED_FACE('',(#5578),#192,.T.);
#5999=ADVANCED_FACE('',(#5579),#193,.T.);
#6000=ADVANCED_FACE('',(#5580),#194,.T.);
#6001=ADVANCED_FACE('',(#5581),#195,.F.);
#6002=ADVANCED_FACE('',(#5582),#196,.F.);
#6003=ADVANCED_FACE('',(#5583),#197,.T.);
#6004=ADVANCED_FACE('',(#5584),#1055,.F.);
#6005=ADVANCED_FACE('',(#5585),#1056,.F.);
#6006=ADVANCED_FACE('',(#5586),#1057,.F.);
#6007=ADVANCED_FACE('',(#5587),#1058,.F.);
#6008=ADVANCED_FACE('',(#5588),#198,.F.);
#6009=ADVANCED_FACE('',(#5589),#199,.T.);
#6010=ADVANCED_FACE('',(#5590),#200,.F.);
#6011=ADVANCED_FACE('',(#5591),#1059,.F.);
#6012=ADVANCED_FACE('',(#5592),#1060,.F.);
#6013=ADVANCED_FACE('',(#5593),#1061,.F.);
#6014=ADVANCED_FACE('',(#5594),#1062,.F.);
#6015=ADVANCED_FACE('',(#5595),#201,.F.);
#6016=ADVANCED_FACE('',(#5596),#202,.T.);
#6017=ADVANCED_FACE('',(#5597),#203,.F.);
#6018=ADVANCED_FACE('',(#5598),#1063,.F.);
#6019=ADVANCED_FACE('',(#5599),#1064,.F.);
#6020=ADVANCED_FACE('',(#5600),#1065,.F.);
#6021=ADVANCED_FACE('',(#5601),#1066,.F.);
#6022=ADVANCED_FACE('',(#5602),#204,.F.);
#6023=ADVANCED_FACE('',(#5603),#1067,.F.);
#6024=ADVANCED_FACE('',(#5604),#1068,.F.);
#6025=ADVANCED_FACE('',(#5605),#1069,.F.);
#6026=ADVANCED_FACE('',(#5606),#1070,.F.);
#6027=ADVANCED_FACE('',(#5607),#205,.F.);
#6028=ADVANCED_FACE('',(#5608),#206,.T.);
#6029=ADVANCED_FACE('',(#5609),#207,.F.);
#6030=ADVANCED_FACE('',(#5610),#208,.T.);
#6031=ADVANCED_FACE('',(#5611),#1071,.F.);
#6032=ADVANCED_FACE('',(#5612),#1072,.F.);
#6033=ADVANCED_FACE('',(#5613),#1073,.F.);
#6034=ADVANCED_FACE('',(#5614),#1074,.F.);
#6035=ADVANCED_FACE('',(#5615,#5616),#5755,.T.);
#6036=ADVANCED_FACE('',(#5617),#209,.F.);
#6037=ADVANCED_FACE('',(#5618),#10,.F.);
#6038=ADVANCED_FACE('',(#5619),#11,.F.);
#6039=ADVANCED_FACE('',(#5620),#5756,.T.);
#6040=ADVANCED_FACE('',(#5621),#5757,.T.);
#6041=ADVANCED_FACE('',(#5622),#12,.F.);
#6042=ADVANCED_FACE('',(#5623),#13,.F.);
#6043=ADVANCED_FACE('',(#5624),#210,.F.);
#6044=ADVANCED_FACE('',(#5625),#211,.F.);
#6045=ADVANCED_FACE('',(#5626),#212,.F.);
#6046=ADVANCED_FACE('',(#5627),#213,.T.);
#6047=ADVANCED_FACE('',(#5628),#1075,.T.);
#6048=ADVANCED_FACE('',(#5629),#1076,.T.);
#6049=ADVANCED_FACE('',(#5630),#1077,.T.);
#6050=ADVANCED_FACE('',(#5631),#1078,.T.);
#6051=ADVANCED_FACE('',(#5632),#1079,.T.);
#6052=ADVANCED_FACE('',(#5633),#1080,.T.);
#6053=ADVANCED_FACE('',(#5634),#75,.T.);
#6054=ADVANCED_FACE('',(#5635),#1081,.T.);
#6055=ADVANCED_FACE('',(#5636),#76,.T.);
#6056=ADVANCED_FACE('',(#5637),#77,.T.);
#6057=ADVANCED_FACE('',(#5638),#78,.T.);
#6058=ADVANCED_FACE('',(#5639),#1082,.T.);
#6059=ADVANCED_FACE('',(#5640),#55,.T.);
#6060=ADVANCED_FACE('',(#5641),#1083,.T.);
#6061=ADVANCED_FACE('',(#5642),#79,.T.);
#6062=ADVANCED_FACE('',(#5643),#80,.T.);
#6063=ADVANCED_FACE('',(#5644,#5645),#1084,.F.);
#6064=ADVANCED_FACE('',(#5646),#214,.T.);
#6065=ADVANCED_FACE('',(#5647,#5648),#1085,.F.);
#6066=ADVANCED_FACE('',(#5649),#215,.T.);
#6067=ADVANCED_FACE('',(#5650,#5651),#216,.T.);
#6068=ADVANCED_FACE('',(#5652),#217,.T.);
#6069=ADVANCED_FACE('',(#5653),#218,.F.);
#6070=ADVANCED_FACE('',(#5654),#219,.T.);
#6071=ADVANCED_FACE('',(#5655),#220,.F.);
#6072=ADVANCED_FACE('',(#5656),#221,.F.);
#6073=ADVANCED_FACE('',(#5657),#1086,.T.);
#6074=ADVANCED_FACE('',(#5658),#1087,.T.);
#6075=ADVANCED_FACE('',(#5659),#1088,.T.);
#6076=ADVANCED_FACE('',(#5660),#1089,.T.);
#6077=ADVANCED_FACE('',(#5661),#222,.F.);
#6078=ADVANCED_FACE('',(#5662),#223,.T.);
#6079=ADVANCED_FACE('',(#5663),#1090,.T.);
#6080=ADVANCED_FACE('',(#5664),#224,.F.);
#6081=ADVANCED_FACE('',(#5665),#225,.T.);
#6082=ADVANCED_FACE('',(#5666),#1091,.T.);
#6083=ADVANCED_FACE('',(#5667),#1092,.T.);
#6084=ADVANCED_FACE('',(#5668),#1093,.T.);
#6085=ADVANCED_FACE('',(#5669),#1094,.T.);
#6086=ADVANCED_FACE('',(#5670),#226,.F.);
#6087=ADVANCED_FACE('',(#5671),#227,.F.);
#6088=ADVANCED_FACE('',(#5672),#1095,.T.);
#6089=ADVANCED_FACE('',(#5673),#1096,.T.);
#6090=ADVANCED_FACE('',(#5674),#56,.T.);
#6091=ADVANCED_FACE('',(#5675),#57,.T.);
#6092=ADVANCED_FACE('',(#5676),#1097,.T.);
#6093=ADVANCED_FACE('',(#5677),#58,.T.);
#6094=ADVANCED_FACE('',(#5678),#81,.T.);
#6095=ADVANCED_FACE('',(#5679),#1098,.T.);
#6096=ADVANCED_FACE('',(#5680),#1099,.T.);
#6097=ADVANCED_FACE('',(#5681),#82,.T.);
#6098=ADVANCED_FACE('',(#5682),#83,.T.);
#6099=ADVANCED_FACE('',(#5683),#1100,.T.);
#6100=ADVANCED_FACE('',(#5684),#1101,.T.);
#6101=ADVANCED_FACE('',(#5685),#84,.T.);
#6102=ADVANCED_FACE('',(#5686),#59,.T.);
#6103=ADVANCED_FACE('',(#5687),#1102,.T.);
#6104=ADVANCED_FACE('',(#5688),#60,.T.);
#6105=ADVANCED_FACE('',(#5689),#61,.T.);
#6106=ADVANCED_FACE('',(#5690,#5691),#228,.T.);
#6107=ADVANCED_FACE('',(#5692),#229,.T.);
#6108=ADVANCED_FACE('',(#5693),#230,.F.);
#6109=ADVANCED_FACE('',(#5694),#231,.T.);
#6110=ADVANCED_FACE('',(#5695),#232,.F.);
#6111=ADVANCED_FACE('',(#5696),#233,.F.);
#6112=ADVANCED_FACE('',(#5697),#1103,.T.);
#6113=ADVANCED_FACE('',(#5698),#1104,.T.);
#6114=ADVANCED_FACE('',(#5699),#1105,.T.);
#6115=ADVANCED_FACE('',(#5700),#1106,.T.);
#6116=ADVANCED_FACE('',(#5701),#234,.F.);
#6117=ADVANCED_FACE('',(#5702),#235,.T.);
#6118=ADVANCED_FACE('',(#5703),#1107,.T.);
#6119=ADVANCED_FACE('',(#5704),#236,.F.);
#6120=ADVANCED_FACE('',(#5705),#237,.T.);
#6121=ADVANCED_FACE('',(#5706),#1108,.T.);
#6122=ADVANCED_FACE('',(#5707),#1109,.T.);
#6123=ADVANCED_FACE('',(#5708),#1110,.T.);
#6124=ADVANCED_FACE('',(#5709),#1111,.T.);
#6125=ADVANCED_FACE('',(#5710),#238,.F.);
#6126=ADVANCED_FACE('',(#5711),#239,.F.);
#6127=ADVANCED_FACE('',(#5712),#1112,.T.);
#6128=ADVANCED_FACE('',(#5713),#1113,.T.);
#6129=ADVANCED_FACE('',(#5714),#62,.T.);
#6130=ADVANCED_FACE('',(#5715),#63,.T.);
#6131=ADVANCED_FACE('',(#5716),#1114,.T.);
#6132=ADVANCED_FACE('',(#5717),#64,.T.);
#6133=ADVANCED_FACE('',(#5718),#85,.T.);
#6134=ADVANCED_FACE('',(#5719),#1115,.T.);
#6135=ADVANCED_FACE('',(#5720),#1116,.T.);
#6136=ADVANCED_FACE('',(#5721),#86,.T.);
#6137=ADVANCED_FACE('',(#5722),#87,.T.);
#6138=ADVANCED_FACE('',(#5723),#1117,.T.);
#6139=ADVANCED_FACE('',(#5724),#1118,.T.);
#6140=ADVANCED_FACE('',(#5725),#88,.T.);
#6141=ADVANCED_FACE('',(#5726),#65,.T.);
#6142=ADVANCED_FACE('',(#5727),#1119,.T.);
#6143=ADVANCED_FACE('',(#5728),#66,.T.);
#6144=ADVANCED_FACE('',(#5729),#67,.T.);
#6145=CLOSED_SHELL('',(#5758,#5759,#5760,#5761,#5762,#5763,#5764,#5765,
#5766,#5767,#5768,#5769,#5770,#5771,#5772,#5773,#5774,#5775,#5776,#5777));
#6146=CLOSED_SHELL('',(#5778,#5779,#5780,#5781));
#6147=CLOSED_SHELL('',(#5782,#5783,#5784,#5785,#5786,#5787,#5788,#5789,
#5790,#5791,#5792,#5793,#5794,#5795,#5796,#5797,#5798,#5799,#5800,#5801,
#5802,#5803,#5804,#5805,#5806,#5807,#5808,#5809,#5810,#5811,#5812,#5813,
#5814,#5815,#5816,#5817,#5818,#5819,#5820,#5821,#5822,#5823,#5824,#5825,
#5826,#5827,#5828,#5829,#5830,#5831,#5832,#5833,#5834,#5835,#5836,#5837,
#5838,#5839,#5840,#5841,#5842,#5843,#5844,#5845,#5846,#5847,#5848,#5849,
#5850,#5851,#5852,#5853,#5854,#5855,#5856,#5857,#5858,#5859,#5860,#5861,
#5862,#5863,#5864,#5865,#5866,#5867,#5868,#5869,#5870,#5871,#5872,#5873,
#5874,#5875,#5876,#5877,#5878,#5879,#5880,#5881,#5882,#5883,#5884,#5885,
#5886,#5887,#5888,#5889,#5890,#5891,#5892,#5893,#5894,#5895,#5896,#5897,
#5898,#5899,#5900,#5901,#5902,#5903,#5904,#5905,#5906,#5907,#5908,#5909,
#5910,#5911,#5912,#5913,#5914,#5915,#5916,#5917,#5918,#5919,#5920,#5921,
#5922,#5923,#5924,#5925,#5926,#5927,#5928,#5929,#5930,#5931,#5932,#5933,
#5934,#5935,#5936,#5937,#5938,#5939,#5940,#5941,#5942,#5943,#5944,#5945,
#5946,#5947,#5948,#5949,#5950,#5951,#5952,#5953,#5954,#5955,#5956,#5957,
#5958,#5959,#5960,#5961,#5962,#5963,#5964,#5965,#5966,#5967,#5968,#5969,
#5970,#5971,#5972,#5973,#5974,#5975,#5976,#5977,#5978,#5979,#5980,#5981,
#5982,#5983,#5984,#5985,#5986,#5987,#5988,#5989,#5990,#5991,#5992,#5993,
#5994,#5995,#5996,#5997,#5998,#5999,#6000,#6001,#6002,#6003,#6004,#6005,
#6006,#6007,#6008,#6009,#6010,#6011,#6012,#6013,#6014,#6015,#6016,#6017,
#6018,#6019,#6020,#6021,#6022,#6023,#6024,#6025,#6026,#6027,#6028,#6029,
#6030,#6031,#6032,#6033,#6034,#6035,#6036,#6037,#6038,#6039,#6040,#6041,
#6042,#6043,#6044,#6045,#6046,#6047,#6048,#6049,#6050,#6051,#6052,#6053,
#6054,#6055,#6056,#6057,#6058,#6059,#6060,#6061,#6062,#6063,#6064,#6065,
#6066));
#6148=CLOSED_SHELL('',(#6067,#6068,#6069,#6070,#6071,#6072,#6073,#6074,
#6075,#6076,#6077,#6078,#6079,#6080,#6081,#6082,#6083,#6084,#6085,#6086,
#6087,#6088,#6089,#6090,#6091,#6092,#6093,#6094,#6095,#6096,#6097,#6098,
#6099,#6100,#6101,#6102,#6103,#6104,#6105));
#6149=CLOSED_SHELL('',(#6106,#6107,#6108,#6109,#6110,#6111,#6112,#6113,
#6114,#6115,#6116,#6117,#6118,#6119,#6120,#6121,#6122,#6123,#6124,#6125,
#6126,#6127,#6128,#6129,#6130,#6131,#6132,#6133,#6134,#6135,#6136,#6137,
#6138,#6139,#6140,#6141,#6142,#6143,#6144));
#6150=STYLED_ITEM('',(#6155),#6187);
#6151=STYLED_ITEM('',(#6156),#6188);
#6152=STYLED_ITEM('',(#6157),#6189);
#6153=STYLED_ITEM('',(#6158),#6190);
#6154=STYLED_ITEM('',(#6159),#6191);
#6155=PRESENTATION_STYLE_ASSIGNMENT((#6160));
#6156=PRESENTATION_STYLE_ASSIGNMENT((#6161));
#6157=PRESENTATION_STYLE_ASSIGNMENT((#6162));
#6158=PRESENTATION_STYLE_ASSIGNMENT((#6163));
#6159=PRESENTATION_STYLE_ASSIGNMENT((#6164));
#6160=SURFACE_STYLE_USAGE(.BOTH.,#6165);
#6161=SURFACE_STYLE_USAGE(.BOTH.,#6166);
#6162=SURFACE_STYLE_USAGE(.BOTH.,#6167);
#6163=SURFACE_STYLE_USAGE(.BOTH.,#6168);
#6164=SURFACE_STYLE_USAGE(.BOTH.,#6169);
#6165=SURFACE_SIDE_STYLE('',(#6170));
#6166=SURFACE_SIDE_STYLE('',(#6171));
#6167=SURFACE_SIDE_STYLE('',(#6172));
#6168=SURFACE_SIDE_STYLE('',(#6173));
#6169=SURFACE_SIDE_STYLE('',(#6174));
#6170=SURFACE_STYLE_FILL_AREA(#6175);
#6171=SURFACE_STYLE_FILL_AREA(#6176);
#6172=SURFACE_STYLE_FILL_AREA(#6177);
#6173=SURFACE_STYLE_FILL_AREA(#6178);
#6174=SURFACE_STYLE_FILL_AREA(#6179);
#6175=FILL_AREA_STYLE('',(#6180));
#6176=FILL_AREA_STYLE('',(#6181));
#6177=FILL_AREA_STYLE('',(#6182));
#6178=FILL_AREA_STYLE('',(#6183));
#6179=FILL_AREA_STYLE('',(#6184));
#6180=FILL_AREA_STYLE_COLOUR('',#6185);
#6181=FILL_AREA_STYLE_COLOUR('',#6186);
#6182=FILL_AREA_STYLE_COLOUR('',#36);
#6183=FILL_AREA_STYLE_COLOUR('',#37);
#6184=FILL_AREA_STYLE_COLOUR('',#38);
#6185=DRAUGHTING_PRE_DEFINED_COLOUR('red');
#6186=DRAUGHTING_PRE_DEFINED_COLOUR('black');
#6187=MANIFOLD_SOLID_BREP('BTN',#6145);
#6188=MANIFOLD_SOLID_BREP('\X2\30EC30F330BA\X0\',#6146);
#6189=MANIFOLD_SOLID_BREP('\X2\672C4F53\X0\',#6147);
#6190=MANIFOLD_SOLID_BREP('KEYA',#6148);
#6191=MANIFOLD_SOLID_BREP('KEYB',#6149);
#6192=SHAPE_DEFINITION_REPRESENTATION(#11567,#6197);
#6193=SHAPE_DEFINITION_REPRESENTATION(#11568,#6198);
#6194=SHAPE_DEFINITION_REPRESENTATION(#11569,#6199);
#6195=SHAPE_DEFINITION_REPRESENTATION(#11570,#6200);
#6196=SHAPE_DEFINITION_REPRESENTATION(#11571,#6201);
#6197=SHAPE_REPRESENTATION('BTN',(#6202),#11542);
#6198=SHAPE_REPRESENTATION('???',(#6230),#11543);
#6199=SHAPE_REPRESENTATION('??',(#6238),#11544);
#6200=SHAPE_REPRESENTATION('KEYA',(#6765),#11545);
#6201=SHAPE_REPRESENTATION('KEYB',(#6849),#11546);
#6202=AXIS2_PLACEMENT_3D('',#8753,#6933,#6934);
#6203=AXIS2_PLACEMENT_3D('',#8754,#6935,#6936);
#6204=AXIS2_PLACEMENT_3D('',#8783,#6937,#6938);
#6205=AXIS2_PLACEMENT_3D('',#8800,#6939,#6940);
#6206=AXIS2_PLACEMENT_3D('',#8801,#6941,#6942);
#6207=AXIS2_PLACEMENT_3D('',#8811,#6944,#6945);
#6208=AXIS2_PLACEMENT_3D('',#8827,#6947,#6948);
#6209=AXIS2_PLACEMENT_3D('',#8834,#6949,#6950);
#6210=AXIS2_PLACEMENT_3D('',#8837,#6952,#6953);
#6211=AXIS2_PLACEMENT_3D('',#8840,#6955,#6956);
#6212=AXIS2_PLACEMENT_3D('',#8843,#6958,#6959);
#6213=AXIS2_PLACEMENT_3D('',#8846,#6961,#6962);
#6214=AXIS2_PLACEMENT_3D('',#8855,#6965,#6966);
#6215=AXIS2_PLACEMENT_3D('',#8864,#6969,#6970);
#6216=AXIS2_PLACEMENT_3D('',#8870,#6971,#6972);
#6217=AXIS2_PLACEMENT_3D('',#8876,#6973,#6974);
#6218=AXIS2_PLACEMENT_3D('',#8882,#6975,#6976);
#6219=AXIS2_PLACEMENT_3D('',#8900,#6977,#6978);
#6220=AXIS2_PLACEMENT_3D('',#8901,#6979,#6980);
#6221=AXIS2_PLACEMENT_3D('',#8917,#6981,#6982);
#6222=AXIS2_PLACEMENT_3D('',#8933,#6983,#6984);
#6223=AXIS2_PLACEMENT_3D('',#8934,#6985,#6986);
#6224=AXIS2_PLACEMENT_3D('',#8935,#6987,#6988);
#6225=AXIS2_PLACEMENT_3D('',#8936,#6989,#6990);
#6226=AXIS2_PLACEMENT_3D('',#8937,#6991,#6992);
#6227=AXIS2_PLACEMENT_3D('',#8953,#6993,#6994);
#6228=AXIS2_PLACEMENT_3D('',#8969,#6995,#6996);
#6229=AXIS2_PLACEMENT_3D('',#8982,#6997,#6998);
#6230=AXIS2_PLACEMENT_3D('',#9028,#6999,#7000);
#6231=AXIS2_PLACEMENT_3D('',#9029,#7001,#7002);
#6232=AXIS2_PLACEMENT_3D('',#9030,#7003,#7004);
#6233=AXIS2_PLACEMENT_3D('',#9032,#7005,#7006);
#6234=AXIS2_PLACEMENT_3D('',#9033,#7007,#7008);
#6235=AXIS2_PLACEMENT_3D('',#9035,#7009,#7010);
#6236=AXIS2_PLACEMENT_3D('',#9036,#7011,#7012);
#6237=AXIS2_PLACEMENT_3D('',#9038,#7013,#7014);
#6238=AXIS2_PLACEMENT_3D('',#9039,#7015,#7016);
#6239=AXIS2_PLACEMENT_3D('',#9040,#7017,#7018);
#6240=AXIS2_PLACEMENT_3D('',#9041,#7019,#7020);
#6241=AXIS2_PLACEMENT_3D('',#9043,#7021,#7022);
#6242=AXIS2_PLACEMENT_3D('',#9044,#7023,#7024);
#6243=AXIS2_PLACEMENT_3D('',#9046,#7025,#7026);
#6244=AXIS2_PLACEMENT_3D('',#9047,#7027,#7028);
#6245=AXIS2_PLACEMENT_3D('',#9049,#7029,#7030);
#6246=AXIS2_PLACEMENT_3D('',#9050,#7031,#7032);
#6247=AXIS2_PLACEMENT_3D('',#9052,#7033,#7034);
#6248=AXIS2_PLACEMENT_3D('',#9053,#7035,#7036);
#6249=AXIS2_PLACEMENT_3D('',#9055,#7037,#7038);
#6250=AXIS2_PLACEMENT_3D('',#9056,#7039,#7040);
#6251=AXIS2_PLACEMENT_3D('',#9058,#7041,#7042);
#6252=AXIS2_PLACEMENT_3D('',#9059,#7043,#7044);
#6253=AXIS2_PLACEMENT_3D('',#9061,#7045,#7046);
#6254=AXIS2_PLACEMENT_3D('',#9062,#7047,#7048);
#6255=AXIS2_PLACEMENT_3D('',#9064,#7049,#7050);
#6256=AXIS2_PLACEMENT_3D('',#9065,#7051,#7052);
#6257=AXIS2_PLACEMENT_3D('',#9067,#7053,#7054);
#6258=AXIS2_PLACEMENT_3D('',#9068,#7055,#7056);
#6259=AXIS2_PLACEMENT_3D('',#9070,#7057,#7058);
#6260=AXIS2_PLACEMENT_3D('',#9071,#7059,#7060);
#6261=AXIS2_PLACEMENT_3D('',#9073,#7061,#7062);
#6262=AXIS2_PLACEMENT_3D('',#9074,#7063,#7064);
#6263=AXIS2_PLACEMENT_3D('',#9076,#7065,#7066);
#6264=AXIS2_PLACEMENT_3D('',#9077,#7067,#7068);
#6265=AXIS2_PLACEMENT_3D('',#9079,#7069,#7070);
#6266=AXIS2_PLACEMENT_3D('',#9080,#7071,#7072);
#6267=AXIS2_PLACEMENT_3D('',#9082,#7073,#7074);
#6268=AXIS2_PLACEMENT_3D('',#9083,#7075,#7076);
#6269=AXIS2_PLACEMENT_3D('',#9085,#7077,#7078);
#6270=AXIS2_PLACEMENT_3D('',#9086,#7079,#7080);
#6271=AXIS2_PLACEMENT_3D('',#9088,#7081,#7082);
#6272=AXIS2_PLACEMENT_3D('',#9089,#7083,#7084);
#6273=AXIS2_PLACEMENT_3D('',#9091,#7085,#7086);
#6274=AXIS2_PLACEMENT_3D('',#9092,#7087,#7088);
#6275=AXIS2_PLACEMENT_3D('',#9094,#7089,#7090);
#6276=AXIS2_PLACEMENT_3D('',#9095,#7091,#7092);
#6277=AXIS2_PLACEMENT_3D('',#9097,#7093,#7094);
#6278=AXIS2_PLACEMENT_3D('',#9098,#7095,#7096);
#6279=AXIS2_PLACEMENT_3D('',#9100,#7097,#7098);
#6280=AXIS2_PLACEMENT_3D('',#9101,#7099,#7100);
#6281=AXIS2_PLACEMENT_3D('',#9103,#7101,#7102);
#6282=AXIS2_PLACEMENT_3D('',#9104,#7103,#7104);
#6283=AXIS2_PLACEMENT_3D('',#9106,#7105,#7106);
#6284=AXIS2_PLACEMENT_3D('',#9107,#7107,#7108);
#6285=AXIS2_PLACEMENT_3D('',#9109,#7109,#7110);
#6286=AXIS2_PLACEMENT_3D('',#9110,#7111,#7112);
#6287=AXIS2_PLACEMENT_3D('',#9112,#7113,#7114);
#6288=AXIS2_PLACEMENT_3D('',#9113,#7115,#7116);
#6289=AXIS2_PLACEMENT_3D('',#9115,#7117,#7118);
#6290=AXIS2_PLACEMENT_3D('',#9116,#7119,#7120);
#6291=AXIS2_PLACEMENT_3D('',#9118,#7121,#7122);
#6292=AXIS2_PLACEMENT_3D('',#9119,#7123,#7124);
#6293=AXIS2_PLACEMENT_3D('',#9121,#7125,#7126);
#6294=AXIS2_PLACEMENT_3D('',#9122,#7127,#7128);
#6295=AXIS2_PLACEMENT_3D('',#9124,#7129,#7130);
#6296=AXIS2_PLACEMENT_3D('',#9125,#7131,#7132);
#6297=AXIS2_PLACEMENT_3D('',#9127,#7133,#7134);
#6298=AXIS2_PLACEMENT_3D('',#9128,#7135,#7136);
#6299=AXIS2_PLACEMENT_3D('',#9130,#7137,#7138);
#6300=AXIS2_PLACEMENT_3D('',#9131,#7139,#7140);
#6301=AXIS2_PLACEMENT_3D('',#9133,#7141,#7142);
#6302=AXIS2_PLACEMENT_3D('',#9134,#7143,#7144);
#6303=AXIS2_PLACEMENT_3D('',#9136,#7145,#7146);
#6304=AXIS2_PLACEMENT_3D('',#9137,#7147,#7148);
#6305=AXIS2_PLACEMENT_3D('',#9139,#7149,#7150);
#6306=AXIS2_PLACEMENT_3D('',#9140,#7151,#7152);
#6307=AXIS2_PLACEMENT_3D('',#9142,#7153,#7154);
#6308=AXIS2_PLACEMENT_3D('',#9143,#7155,#7156);
#6309=AXIS2_PLACEMENT_3D('',#9145,#7157,#7158);
#6310=AXIS2_PLACEMENT_3D('',#9146,#7159,#7160);
#6311=AXIS2_PLACEMENT_3D('',#9148,#7161,#7162);
#6312=AXIS2_PLACEMENT_3D('',#9149,#7163,#7164);
#6313=AXIS2_PLACEMENT_3D('',#9151,#7165,#7166);
#6314=AXIS2_PLACEMENT_3D('',#9152,#7167,#7168);
#6315=AXIS2_PLACEMENT_3D('',#9154,#7169,#7170);
#6316=AXIS2_PLACEMENT_3D('',#9166,#7174,#7175);
#6317=AXIS2_PLACEMENT_3D('',#9178,#7179,#7180);
#6318=AXIS2_PLACEMENT_3D('',#9182,#7182,#7183);
#6319=AXIS2_PLACEMENT_3D('',#9186,#7185,#7186);
#6320=AXIS2_PLACEMENT_3D('',#9187,#7187,#7188);
#6321=AXIS2_PLACEMENT_3D('',#9199,#7192,#7193);
#6322=AXIS2_PLACEMENT_3D('',#9208,#7198,#7199);
#6323=AXIS2_PLACEMENT_3D('',#9212,#7201,#7202);
#6324=AXIS2_PLACEMENT_3D('',#9216,#7204,#7205);
#6325=AXIS2_PLACEMENT_3D('',#9217,#7206,#7207);
#6326=AXIS2_PLACEMENT_3D('',#9221,#7209,#7210);
#6327=AXIS2_PLACEMENT_3D('',#9225,#7212,#7213);
#6328=AXIS2_PLACEMENT_3D('',#9226,#7214,#7215);
#6329=AXIS2_PLACEMENT_3D('',#9238,#7219,#7220);
#6330=AXIS2_PLACEMENT_3D('',#9250,#7224,#7225);
#6331=AXIS2_PLACEMENT_3D('',#9251,#7226,#7227);
#6332=AXIS2_PLACEMENT_3D('',#9256,#7229,#7230);
#6333=AXIS2_PLACEMENT_3D('',#9259,#7232,#7233);
#6334=AXIS2_PLACEMENT_3D('',#9268,#7236,#7237);
#6335=AXIS2_PLACEMENT_3D('',#9277,#7240,#7241);
#6336=AXIS2_PLACEMENT_3D('',#9278,#7242,#7243);
#6337=AXIS2_PLACEMENT_3D('',#9282,#7245,#7246);
#6338=AXIS2_PLACEMENT_3D('',#9283,#7247,#7248);
#6339=AXIS2_PLACEMENT_3D('',#9288,#7250,#7251);
#6340=AXIS2_PLACEMENT_3D('',#9290,#7252,#7253);
#6341=AXIS2_PLACEMENT_3D('',#9291,#7254,#7255);
#6342=AXIS2_PLACEMENT_3D('',#9293,#7256,#7257);
#6343=AXIS2_PLACEMENT_3D('',#9296,#7259,#7260);
#6344=AXIS2_PLACEMENT_3D('',#9310,#7262,#7263);
#6345=AXIS2_PLACEMENT_3D('',#9314,#7265,#7266);
#6346=AXIS2_PLACEMENT_3D('',#9325,#7269,#7270);
#6347=AXIS2_PLACEMENT_3D('',#9326,#7271,#7272);
#6348=AXIS2_PLACEMENT_3D('',#9330,#7274,#7275);
#6349=AXIS2_PLACEMENT_3D('',#9334,#7277,#7278);
#6350=AXIS2_PLACEMENT_3D('',#9335,#7279,#7280);
#6351=AXIS2_PLACEMENT_3D('',#9336,#7281,#7282);
#6352=AXIS2_PLACEMENT_3D('',#9337,#7283,#7284);
#6353=AXIS2_PLACEMENT_3D('',#9338,#7285,#7286);
#6354=AXIS2_PLACEMENT_3D('',#9339,#7287,#7288);
#6355=AXIS2_PLACEMENT_3D('',#9359,#7289,#7290);
#6356=AXIS2_PLACEMENT_3D('',#9392,#7291,#7292);
#6357=AXIS2_PLACEMENT_3D('',#9433,#7293,#7294);
#6358=AXIS2_PLACEMENT_3D('',#9451,#7295,#7296);
#6359=AXIS2_PLACEMENT_3D('',#9470,#7297,#7298);
#6360=AXIS2_PLACEMENT_3D('',#9477,#7299,#7300);
#6361=AXIS2_PLACEMENT_3D('',#9491,#7301,#7302);
#6362=AXIS2_PLACEMENT_3D('',#9510,#7303,#7304);
#6363=AXIS2_PLACEMENT_3D('',#9517,#7305,#7306);
#6364=AXIS2_PLACEMENT_3D('',#9525,#7307,#7308);
#6365=AXIS2_PLACEMENT_3D('',#9531,#7309,#7310);
#6366=AXIS2_PLACEMENT_3D('',#9532,#7311,#7312);
#6367=AXIS2_PLACEMENT_3D('',#9542,#7313,#7314);
#6368=AXIS2_PLACEMENT_3D('',#9550,#7316,#7317);
#6369=AXIS2_PLACEMENT_3D('',#9554,#7320,#7321);
#6370=AXIS2_PLACEMENT_3D('',#9560,#7322,#7323);
#6371=AXIS2_PLACEMENT_3D('',#9569,#7328,#7329);
#6372=AXIS2_PLACEMENT_3D('',#9578,#7334,#7335);
#6373=AXIS2_PLACEMENT_3D('',#9582,#7338,#7339);
#6374=AXIS2_PLACEMENT_3D('',#9586,#7341,#7342);
#6375=AXIS2_PLACEMENT_3D('',#9590,#7344,#7345);
#6376=AXIS2_PLACEMENT_3D('',#9596,#7348,#7349);
#6377=AXIS2_PLACEMENT_3D('',#9600,#7351,#7352);
#6378=AXIS2_PLACEMENT_3D('',#9608,#7356,#7357);
#6379=AXIS2_PLACEMENT_3D('',#9616,#7361,#7362);
#6380=AXIS2_PLACEMENT_3D('',#9620,#7364,#7365);
#6381=AXIS2_PLACEMENT_3D('',#9628,#7369,#7370);
#6382=AXIS2_PLACEMENT_3D('',#9633,#7373,#7374);
#6383=AXIS2_PLACEMENT_3D('',#9636,#7376,#7377);
#6384=AXIS2_PLACEMENT_3D('',#9639,#7379,#7380);
#6385=AXIS2_PLACEMENT_3D('',#9640,#7381,#7382);
#6386=AXIS2_PLACEMENT_3D('',#9643,#7384,#7385);
#6387=AXIS2_PLACEMENT_3D('',#9648,#7388,#7389);
#6388=AXIS2_PLACEMENT_3D('',#9649,#7390,#7391);
#6389=AXIS2_PLACEMENT_3D('',#9654,#7394,#7395);
#6390=AXIS2_PLACEMENT_3D('',#9655,#7396,#7397);
#6391=AXIS2_PLACEMENT_3D('',#9660,#7400,#7401);
#6392=AXIS2_PLACEMENT_3D('',#9661,#7402,#7403);
#6393=AXIS2_PLACEMENT_3D('',#9662,#7404,#7405);
#6394=AXIS2_PLACEMENT_3D('',#9683,#7411,#7412);
#6395=AXIS2_PLACEMENT_3D('',#9699,#7414,#7415);
#6396=AXIS2_PLACEMENT_3D('',#9709,#7417,#7418);
#6397=AXIS2_PLACEMENT_3D('',#9725,#7420,#7421);
#6398=AXIS2_PLACEMENT_3D('',#9732,#7422,#7423);
#6399=AXIS2_PLACEMENT_3D('',#9733,#7424,#7425);
#6400=AXIS2_PLACEMENT_3D('',#9735,#7426,#7427);
#6401=AXIS2_PLACEMENT_3D('',#9736,#7428,#7429);
#6402=AXIS2_PLACEMENT_3D('',#9739,#7432,#7433);
#6403=AXIS2_PLACEMENT_3D('',#9741,#7435,#7436);
#6404=AXIS2_PLACEMENT_3D('',#9743,#7438,#7439);
#6405=AXIS2_PLACEMENT_3D('',#9746,#7442,#7443);
#6406=AXIS2_PLACEMENT_3D('',#9748,#7445,#7446);
#6407=AXIS2_PLACEMENT_3D('',#9750,#7448,#7449);
#6408=AXIS2_PLACEMENT_3D('',#9752,#7451,#7452);
#6409=AXIS2_PLACEMENT_3D('',#9754,#7454,#7455);
#6410=AXIS2_PLACEMENT_3D('',#9756,#7457,#7458);
#6411=AXIS2_PLACEMENT_3D('',#9758,#7460,#7461);
#6412=AXIS2_PLACEMENT_3D('',#9763,#7464,#7465);
#6413=AXIS2_PLACEMENT_3D('',#9764,#7466,#7467);
#6414=AXIS2_PLACEMENT_3D('',#9765,#7468,#7469);
#6415=AXIS2_PLACEMENT_3D('',#9766,#7470,#7471);
#6416=AXIS2_PLACEMENT_3D('',#9771,#7473,#7474);
#6417=AXIS2_PLACEMENT_3D('',#9774,#7476,#7477);
#6418=AXIS2_PLACEMENT_3D('',#9775,#7478,#7479);
#6419=AXIS2_PLACEMENT_3D('',#9780,#7481,#7482);
#6420=AXIS2_PLACEMENT_3D('',#9783,#7484,#7485);
#6421=AXIS2_PLACEMENT_3D('',#9784,#7486,#7487);
#6422=AXIS2_PLACEMENT_3D('',#9789,#7489,#7490);
#6423=AXIS2_PLACEMENT_3D('',#9792,#7492,#7493);
#6424=AXIS2_PLACEMENT_3D('',#9793,#7494,#7495);
#6425=AXIS2_PLACEMENT_3D('',#9798,#7497,#7498);
#6426=AXIS2_PLACEMENT_3D('',#9801,#7500,#7501);
#6427=AXIS2_PLACEMENT_3D('',#9802,#7502,#7503);
#6428=AXIS2_PLACEMENT_3D('',#9807,#7505,#7506);
#6429=AXIS2_PLACEMENT_3D('',#9810,#7508,#7509);
#6430=AXIS2_PLACEMENT_3D('',#9811,#7510,#7511);
#6431=AXIS2_PLACEMENT_3D('',#9816,#7513,#7514);
#6432=AXIS2_PLACEMENT_3D('',#9819,#7516,#7517);
#6433=AXIS2_PLACEMENT_3D('',#9820,#7518,#7519);
#6434=AXIS2_PLACEMENT_3D('',#9825,#7521,#7522);
#6435=AXIS2_PLACEMENT_3D('',#9828,#7524,#7525);
#6436=AXIS2_PLACEMENT_3D('',#9829,#7526,#7527);
#6437=AXIS2_PLACEMENT_3D('',#9834,#7529,#7530);
#6438=AXIS2_PLACEMENT_3D('',#9837,#7532,#7533);
#6439=AXIS2_PLACEMENT_3D('',#9838,#7534,#7535);
#6440=AXIS2_PLACEMENT_3D('',#9843,#7537,#7538);
#6441=AXIS2_PLACEMENT_3D('',#9846,#7540,#7541);
#6442=AXIS2_PLACEMENT_3D('',#9847,#7542,#7543);
#6443=AXIS2_PLACEMENT_3D('',#9852,#7545,#7546);
#6444=AXIS2_PLACEMENT_3D('',#9855,#7548,#7549);
#6445=AXIS2_PLACEMENT_3D('',#9856,#7550,#7551);
#6446=AXIS2_PLACEMENT_3D('',#9861,#7553,#7554);
#6447=AXIS2_PLACEMENT_3D('',#9864,#7556,#7557);
#6448=AXIS2_PLACEMENT_3D('',#9865,#7558,#7559);
#6449=AXIS2_PLACEMENT_3D('',#9870,#7561,#7562);
#6450=AXIS2_PLACEMENT_3D('',#9873,#7564,#7565);
#6451=AXIS2_PLACEMENT_3D('',#9879,#7568,#7569);
#6452=AXIS2_PLACEMENT_3D('',#9885,#7572,#7573);
#6453=AXIS2_PLACEMENT_3D('',#9887,#7574,#7575);
#6454=AXIS2_PLACEMENT_3D('',#9889,#7576,#7577);
#6455=AXIS2_PLACEMENT_3D('',#9893,#7579,#7580);
#6456=AXIS2_PLACEMENT_3D('',#9895,#7581,#7582);
#6457=AXIS2_PLACEMENT_3D('',#9897,#7583,#7584);
#6458=AXIS2_PLACEMENT_3D('',#9903,#7587,#7588);
#6459=AXIS2_PLACEMENT_3D('',#9909,#7591,#7592);
#6460=AXIS2_PLACEMENT_3D('',#9911,#7593,#7594);
#6461=AXIS2_PLACEMENT_3D('',#9913,#7595,#7596);
#6462=AXIS2_PLACEMENT_3D('',#9917,#7598,#7599);
#6463=AXIS2_PLACEMENT_3D('',#9921,#7601,#7602);
#6464=AXIS2_PLACEMENT_3D('',#9923,#7603,#7604);
#6465=AXIS2_PLACEMENT_3D('',#9925,#7605,#7606);
#6466=AXIS2_PLACEMENT_3D('',#9926,#7607,#7608);
#6467=AXIS2_PLACEMENT_3D('',#9931,#7610,#7611);
#6468=AXIS2_PLACEMENT_3D('',#9935,#7613,#7614);
#6469=AXIS2_PLACEMENT_3D('',#9938,#7616,#7617);
#6470=AXIS2_PLACEMENT_3D('',#9945,#7618,#7619);
#6471=AXIS2_PLACEMENT_3D('',#9959,#7623,#7624);
#6472=AXIS2_PLACEMENT_3D('',#9960,#7625,#7626);
#6473=AXIS2_PLACEMENT_3D('',#9964,#7628,#7629);
#6474=AXIS2_PLACEMENT_3D('',#9965,#7630,#7631);
#6475=AXIS2_PLACEMENT_3D('',#9974,#7632,#7633);
#6476=AXIS2_PLACEMENT_3D('',#9983,#7636,#7637);
#6477=AXIS2_PLACEMENT_3D('',#9984,#7638,#7639);
#6478=AXIS2_PLACEMENT_3D('',#9986,#7640,#7641);
#6479=AXIS2_PLACEMENT_3D('',#9988,#7642,#7643);
#6480=AXIS2_PLACEMENT_3D('',#9989,#7644,#7645);
#6481=AXIS2_PLACEMENT_3D('',#10000,#7646,#7647);
#6482=AXIS2_PLACEMENT_3D('',#10035,#7650,#7651);
#6483=AXIS2_PLACEMENT_3D('',#10036,#7652,#7653);
#6484=AXIS2_PLACEMENT_3D('',#10037,#7654,#7655);
#6485=AXIS2_PLACEMENT_3D('',#10044,#7656,#7657);
#6486=AXIS2_PLACEMENT_3D('',#10051,#7658,#7659);
#6487=AXIS2_PLACEMENT_3D('',#10080,#7660,#7661);
#6488=AXIS2_PLACEMENT_3D('',#10081,#7662,#7663);
#6489=AXIS2_PLACEMENT_3D('',#10086,#7666,#7667);
#6490=AXIS2_PLACEMENT_3D('',#10087,#7668,#7669);
#6491=AXIS2_PLACEMENT_3D('',#10094,#7673,#7674);
#6492=AXIS2_PLACEMENT_3D('',#10095,#7675,#7676);
#6493=AXIS2_PLACEMENT_3D('',#10100,#7679,#7680);
#6494=AXIS2_PLACEMENT_3D('',#10101,#7681,#7682);
#6495=AXIS2_PLACEMENT_3D('',#10108,#7686,#7687);
#6496=AXIS2_PLACEMENT_3D('',#10110,#7689,#7690);
#6497=AXIS2_PLACEMENT_3D('',#10122,#7698,#7699);
#6498=AXIS2_PLACEMENT_3D('',#10125,#7701,#7702);
#6499=AXIS2_PLACEMENT_3D('',#10128,#7704,#7705);
#6500=AXIS2_PLACEMENT_3D('',#10134,#7709,#7710);
#6501=AXIS2_PLACEMENT_3D('',#10137,#7712,#7713);
#6502=AXIS2_PLACEMENT_3D('',#10138,#7714,#7715);
#6503=AXIS2_PLACEMENT_3D('',#10144,#7719,#7720);
#6504=AXIS2_PLACEMENT_3D('',#10145,#7721,#7722);
#6505=AXIS2_PLACEMENT_3D('',#10150,#7725,#7726);
#6506=AXIS2_PLACEMENT_3D('',#10151,#7727,#7728);
#6507=AXIS2_PLACEMENT_3D('',#10153,#7730,#7731);
#6508=AXIS2_PLACEMENT_3D('',#10154,#7732,#7733);
#6509=AXIS2_PLACEMENT_3D('',#10157,#7735,#7736);
#6510=AXIS2_PLACEMENT_3D('',#10159,#7737,#7738);
#6511=AXIS2_PLACEMENT_3D('',#10161,#7739,#7740);
#6512=AXIS2_PLACEMENT_3D('',#10170,#7745,#7746);
#6513=AXIS2_PLACEMENT_3D('',#10172,#7747,#7748);
#6514=AXIS2_PLACEMENT_3D('',#10174,#7749,#7750);
#6515=AXIS2_PLACEMENT_3D('',#10175,#7751,#7752);
#6516=AXIS2_PLACEMENT_3D('',#10176,#7753,#7754);
#6517=AXIS2_PLACEMENT_3D('',#10178,#7756,#7757);
#6518=AXIS2_PLACEMENT_3D('',#10180,#7758,#7759);
#6519=AXIS2_PLACEMENT_3D('',#10182,#7760,#7761);
#6520=AXIS2_PLACEMENT_3D('',#10183,#7762,#7763);
#6521=AXIS2_PLACEMENT_3D('',#10184,#7764,#7765);
#6522=AXIS2_PLACEMENT_3D('',#10185,#7766,#7767);
#6523=AXIS2_PLACEMENT_3D('',#10186,#7768,#7769);
#6524=AXIS2_PLACEMENT_3D('',#10188,#7770,#7771);
#6525=AXIS2_PLACEMENT_3D('',#10190,#7772,#7773);
#6526=AXIS2_PLACEMENT_3D('',#10191,#7774,#7775);
#6527=AXIS2_PLACEMENT_3D('',#10192,#7776,#7777);
#6528=AXIS2_PLACEMENT_3D('',#10193,#7778,#7779);
#6529=AXIS2_PLACEMENT_3D('',#10194,#7780,#7781);
#6530=AXIS2_PLACEMENT_3D('',#10196,#7782,#7783);
#6531=AXIS2_PLACEMENT_3D('',#10198,#7784,#7785);
#6532=AXIS2_PLACEMENT_3D('',#10199,#7786,#7787);
#6533=AXIS2_PLACEMENT_3D('',#10201,#7788,#7789);
#6534=AXIS2_PLACEMENT_3D('',#10203,#7790,#7791);
#6535=AXIS2_PLACEMENT_3D('',#10204,#7792,#7793);
#6536=AXIS2_PLACEMENT_3D('',#10205,#7794,#7795);
#6537=AXIS2_PLACEMENT_3D('',#10206,#7796,#7797);
#6538=AXIS2_PLACEMENT_3D('',#10207,#7798,#7799);
#6539=AXIS2_PLACEMENT_3D('',#10208,#7800,#7801);
#6540=AXIS2_PLACEMENT_3D('',#10209,#7802,#7803);
#6541=AXIS2_PLACEMENT_3D('',#10210,#7804,#7805);
#6542=AXIS2_PLACEMENT_3D('',#10212,#7807,#7808);
#6543=AXIS2_PLACEMENT_3D('',#10219,#7815,#7816);
#6544=AXIS2_PLACEMENT_3D('',#10222,#7819,#7820);
#6545=AXIS2_PLACEMENT_3D('',#10224,#7822,#7823);
#6546=AXIS2_PLACEMENT_3D('',#10227,#7826,#7827);
#6547=AXIS2_PLACEMENT_3D('',#10228,#7828,#7829);
#6548=AXIS2_PLACEMENT_3D('',#10229,#7830,#7831);
#6549=AXIS2_PLACEMENT_3D('',#10230,#7832,#7833);
#6550=AXIS2_PLACEMENT_3D('',#10231,#7834,#7835);
#6551=AXIS2_PLACEMENT_3D('',#10232,#7836,#7837);
#6552=AXIS2_PLACEMENT_3D('',#10235,#7839,#7840);
#6553=AXIS2_PLACEMENT_3D('',#10238,#7842,#7843);
#6554=AXIS2_PLACEMENT_3D('',#10239,#7844,#7845);
#6555=AXIS2_PLACEMENT_3D('',#10240,#7846,#7847);
#6556=AXIS2_PLACEMENT_3D('',#10241,#7848,#7849);
#6557=AXIS2_PLACEMENT_3D('',#10242,#7850,#7851);
#6558=AXIS2_PLACEMENT_3D('',#10243,#7852,#7853);
#6559=AXIS2_PLACEMENT_3D('',#10245,#7854,#7855);
#6560=AXIS2_PLACEMENT_3D('',#10248,#7857,#7858);
#6561=AXIS2_PLACEMENT_3D('',#10251,#7860,#7861);
#6562=AXIS2_PLACEMENT_3D('',#10252,#7862,#7863);
#6563=AXIS2_PLACEMENT_3D('',#10253,#7864,#7865);
#6564=AXIS2_PLACEMENT_3D('',#10254,#7866,#7867);
#6565=AXIS2_PLACEMENT_3D('',#10255,#7868,#7869);
#6566=AXIS2_PLACEMENT_3D('',#10256,#7870,#7871);
#6567=AXIS2_PLACEMENT_3D('',#10258,#7872,#7873);
#6568=AXIS2_PLACEMENT_3D('',#10261,#7875,#7876);
#6569=AXIS2_PLACEMENT_3D('',#10264,#7878,#7879);
#6570=AXIS2_PLACEMENT_3D('',#10265,#7880,#7881);
#6571=AXIS2_PLACEMENT_3D('',#10266,#7882,#7883);
#6572=AXIS2_PLACEMENT_3D('',#10267,#7884,#7885);
#6573=AXIS2_PLACEMENT_3D('',#10268,#7886,#7887);
#6574=AXIS2_PLACEMENT_3D('',#10269,#7888,#7889);
#6575=AXIS2_PLACEMENT_3D('',#10271,#7890,#7891);
#6576=AXIS2_PLACEMENT_3D('',#10274,#7893,#7894);
#6577=AXIS2_PLACEMENT_3D('',#10277,#7896,#7897);
#6578=AXIS2_PLACEMENT_3D('',#10278,#7898,#7899);
#6579=AXIS2_PLACEMENT_3D('',#10279,#7900,#7901);
#6580=AXIS2_PLACEMENT_3D('',#10280,#7902,#7903);
#6581=AXIS2_PLACEMENT_3D('',#10281,#7904,#7905);
#6582=AXIS2_PLACEMENT_3D('',#10282,#7906,#7907);
#6583=AXIS2_PLACEMENT_3D('',#10284,#7908,#7909);
#6584=AXIS2_PLACEMENT_3D('',#10285,#7910,#7911);
#6585=AXIS2_PLACEMENT_3D('',#10287,#7912,#7913);
#6586=AXIS2_PLACEMENT_3D('',#10288,#7914,#7915);
#6587=AXIS2_PLACEMENT_3D('',#10290,#7916,#7917);
#6588=AXIS2_PLACEMENT_3D('',#10291,#7918,#7919);
#6589=AXIS2_PLACEMENT_3D('',#10293,#7920,#7921);
#6590=AXIS2_PLACEMENT_3D('',#10294,#7922,#7923);
#6591=AXIS2_PLACEMENT_3D('',#10295,#7924,#7925);
#6592=AXIS2_PLACEMENT_3D('',#10297,#7926,#7927);
#6593=AXIS2_PLACEMENT_3D('',#10298,#7928,#7929);
#6594=AXIS2_PLACEMENT_3D('',#10299,#7930,#7931);
#6595=AXIS2_PLACEMENT_3D('',#10301,#7932,#7933);
#6596=AXIS2_PLACEMENT_3D('',#10302,#7934,#7935);
#6597=AXIS2_PLACEMENT_3D('',#10303,#7936,#7937);
#6598=AXIS2_PLACEMENT_3D('',#10305,#7938,#7939);
#6599=AXIS2_PLACEMENT_3D('',#10306,#7940,#7941);
#6600=AXIS2_PLACEMENT_3D('',#10314,#7942,#7943);
#6601=AXIS2_PLACEMENT_3D('',#10315,#7944,#7945);
#6602=AXIS2_PLACEMENT_3D('',#10323,#7946,#7947);
#6603=AXIS2_PLACEMENT_3D('',#10324,#7948,#7949);
#6604=AXIS2_PLACEMENT_3D('',#10332,#7950,#7951);
#6605=AXIS2_PLACEMENT_3D('',#10333,#7952,#7953);
#6606=AXIS2_PLACEMENT_3D('',#10341,#7954,#7955);
#6607=AXIS2_PLACEMENT_3D('',#10342,#7956,#7957);
#6608=AXIS2_PLACEMENT_3D('',#10350,#7958,#7959);
#6609=AXIS2_PLACEMENT_3D('',#10351,#7960,#7961);
#6610=AXIS2_PLACEMENT_3D('',#10359,#7962,#7963);
#6611=AXIS2_PLACEMENT_3D('',#10360,#7964,#7965);
#6612=AXIS2_PLACEMENT_3D('',#10368,#7966,#7967);
#6613=AXIS2_PLACEMENT_3D('',#10369,#7968,#7969);
#6614=AXIS2_PLACEMENT_3D('',#10377,#7970,#7971);
#6615=AXIS2_PLACEMENT_3D('',#10378,#7972,#7973);
#6616=AXIS2_PLACEMENT_3D('',#10386,#7974,#7975);
#6617=AXIS2_PLACEMENT_3D('',#10387,#7976,#7977);
#6618=AXIS2_PLACEMENT_3D('',#10395,#7978,#7979);
#6619=AXIS2_PLACEMENT_3D('',#10396,#7980,#7981);
#6620=AXIS2_PLACEMENT_3D('',#10404,#7982,#7983);
#6621=AXIS2_PLACEMENT_3D('',#10405,#7984,#7985);
#6622=AXIS2_PLACEMENT_3D('',#10413,#7986,#7987);
#6623=AXIS2_PLACEMENT_3D('',#10414,#7988,#7989);
#6624=AXIS2_PLACEMENT_3D('',#10422,#7990,#7991);
#6625=AXIS2_PLACEMENT_3D('',#10423,#7992,#7993);
#6626=AXIS2_PLACEMENT_3D('',#10431,#7994,#7995);
#6627=AXIS2_PLACEMENT_3D('',#10432,#7996,#7997);
#6628=AXIS2_PLACEMENT_3D('',#10440,#7998,#7999);
#6629=AXIS2_PLACEMENT_3D('',#10441,#8000,#8001);
#6630=AXIS2_PLACEMENT_3D('',#10449,#8002,#8003);
#6631=AXIS2_PLACEMENT_3D('',#10450,#8004,#8005);
#6632=AXIS2_PLACEMENT_3D('',#10453,#8008,#8009);
#6633=AXIS2_PLACEMENT_3D('',#10454,#8010,#8011);
#6634=AXIS2_PLACEMENT_3D('',#10455,#8012,#8013);
#6635=AXIS2_PLACEMENT_3D('',#10458,#8016,#8017);
#6636=AXIS2_PLACEMENT_3D('',#10459,#8018,#8019);
#6637=AXIS2_PLACEMENT_3D('',#10460,#8020,#8021);
#6638=AXIS2_PLACEMENT_3D('',#10461,#8022,#8023);
#6639=AXIS2_PLACEMENT_3D('',#10465,#8025,#8026);
#6640=AXIS2_PLACEMENT_3D('',#10468,#8028,#8029);
#6641=AXIS2_PLACEMENT_3D('',#10469,#8030,#8031);
#6642=AXIS2_PLACEMENT_3D('',#10473,#8033,#8034);
#6643=AXIS2_PLACEMENT_3D('',#10476,#8036,#8037);
#6644=AXIS2_PLACEMENT_3D('',#10477,#8038,#8039);
#6645=AXIS2_PLACEMENT_3D('',#10481,#8041,#8042);
#6646=AXIS2_PLACEMENT_3D('',#10484,#8044,#8045);
#6647=AXIS2_PLACEMENT_3D('',#10485,#8046,#8047);
#6648=AXIS2_PLACEMENT_3D('',#10487,#8048,#8049);
#6649=AXIS2_PLACEMENT_3D('',#10488,#8050,#8051);
#6650=AXIS2_PLACEMENT_3D('',#10490,#8052,#8053);
#6651=AXIS2_PLACEMENT_3D('',#10491,#8054,#8055);
#6652=AXIS2_PLACEMENT_3D('',#10493,#8056,#8057);
#6653=AXIS2_PLACEMENT_3D('',#10494,#8058,#8059);
#6654=AXIS2_PLACEMENT_3D('',#10496,#8060,#8061);
#6655=AXIS2_PLACEMENT_3D('',#10497,#8062,#8063);
#6656=AXIS2_PLACEMENT_3D('',#10501,#8065,#8066);
#6657=AXIS2_PLACEMENT_3D('',#10504,#8068,#8069);
#6658=AXIS2_PLACEMENT_3D('',#10505,#8070,#8071);
#6659=AXIS2_PLACEMENT_3D('',#10507,#8072,#8073);
#6660=AXIS2_PLACEMENT_3D('',#10508,#8074,#8075);
#6661=AXIS2_PLACEMENT_3D('',#10510,#8076,#8077);
#6662=AXIS2_PLACEMENT_3D('',#10511,#8078,#8079);
#6663=AXIS2_PLACEMENT_3D('',#10512,#8080,#8081);
#6664=AXIS2_PLACEMENT_3D('',#10514,#8082,#8083);
#6665=AXIS2_PLACEMENT_3D('',#10515,#8084,#8085);
#6666=AXIS2_PLACEMENT_3D('',#10516,#8086,#8087);
#6667=AXIS2_PLACEMENT_3D('',#10517,#8088,#8089);
#6668=AXIS2_PLACEMENT_3D('',#10518,#8090,#8091);
#6669=AXIS2_PLACEMENT_3D('',#10519,#8092,#8093);
#6670=AXIS2_PLACEMENT_3D('',#10520,#8094,#8095);
#6671=AXIS2_PLACEMENT_3D('',#10521,#8096,#8097);
#6672=AXIS2_PLACEMENT_3D('',#10522,#8098,#8099);
#6673=AXIS2_PLACEMENT_3D('',#10523,#8100,#8101);
#6674=AXIS2_PLACEMENT_3D('',#10525,#8103,#8104);
#6675=AXIS2_PLACEMENT_3D('',#10527,#8106,#8107);
#6676=AXIS2_PLACEMENT_3D('',#10529,#8109,#8110);
#6677=AXIS2_PLACEMENT_3D('',#10531,#8112,#8113);
#6678=AXIS2_PLACEMENT_3D('',#10533,#8115,#8116);
#6679=AXIS2_PLACEMENT_3D('',#10535,#8118,#8119);
#6680=AXIS2_PLACEMENT_3D('',#10537,#8121,#8122);
#6681=AXIS2_PLACEMENT_3D('',#10539,#8124,#8125);
#6682=AXIS2_PLACEMENT_3D('',#10541,#8127,#8128);
#6683=AXIS2_PLACEMENT_3D('',#10543,#8130,#8131);
#6684=AXIS2_PLACEMENT_3D('',#10544,#8132,#8133);
#6685=AXIS2_PLACEMENT_3D('',#10545,#8134,#8135);
#6686=AXIS2_PLACEMENT_3D('',#10546,#8136,#8137);
#6687=AXIS2_PLACEMENT_3D('',#10549,#8139,#8140);
#6688=AXIS2_PLACEMENT_3D('',#10552,#8142,#8143);
#6689=AXIS2_PLACEMENT_3D('',#10558,#8147,#8148);
#6690=AXIS2_PLACEMENT_3D('',#10559,#8149,#8150);
#6691=AXIS2_PLACEMENT_3D('',#10564,#8153,#8154);
#6692=AXIS2_PLACEMENT_3D('',#10570,#8155,#8156);
#6693=AXIS2_PLACEMENT_3D('',#10576,#8157,#8158);
#6694=AXIS2_PLACEMENT_3D('',#10582,#8159,#8160);
#6695=AXIS2_PLACEMENT_3D('',#10588,#8161,#8162);
#6696=AXIS2_PLACEMENT_3D('',#10591,#8164,#8165);
#6697=AXIS2_PLACEMENT_3D('',#10594,#8167,#8168);
#6698=AXIS2_PLACEMENT_3D('',#10600,#8172,#8173);
#6699=AXIS2_PLACEMENT_3D('',#10606,#8177,#8178);
#6700=AXIS2_PLACEMENT_3D('',#10611,#8179,#8180);
#6701=AXIS2_PLACEMENT_3D('',#10616,#8181,#8182);
#6702=AXIS2_PLACEMENT_3D('',#10621,#8183,#8184);
#6703=AXIS2_PLACEMENT_3D('',#10626,#8185,#8186);
#6704=AXIS2_PLACEMENT_3D('',#10629,#8188,#8189);
#6705=AXIS2_PLACEMENT_3D('',#10632,#8191,#8192);
#6706=AXIS2_PLACEMENT_3D('',#10638,#8196,#8197);
#6707=AXIS2_PLACEMENT_3D('',#10644,#8201,#8202);
#6708=AXIS2_PLACEMENT_3D('',#10649,#8203,#8204);
#6709=AXIS2_PLACEMENT_3D('',#10654,#8205,#8206);
#6710=AXIS2_PLACEMENT_3D('',#10659,#8207,#8208);
#6711=AXIS2_PLACEMENT_3D('',#10664,#8209,#8210);
#6712=AXIS2_PLACEMENT_3D('',#10668,#8212,#8213);
#6713=AXIS2_PLACEMENT_3D('',#10672,#8215,#8216);
#6714=AXIS2_PLACEMENT_3D('',#10673,#8217,#8218);
#6715=AXIS2_PLACEMENT_3D('',#10684,#8219,#8220);
#6716=AXIS2_PLACEMENT_3D('',#10695,#8221,#8222);
#6717=AXIS2_PLACEMENT_3D('',#10706,#8223,#8224);
#6718=AXIS2_PLACEMENT_3D('',#10717,#8225,#8226);
#6719=AXIS2_PLACEMENT_3D('',#10723,#8230,#8231);
#6720=AXIS2_PLACEMENT_3D('',#10729,#8235,#8236);
#6721=AXIS2_PLACEMENT_3D('',#10732,#8238,#8239);
#6722=AXIS2_PLACEMENT_3D('',#10735,#8241,#8242);
#6723=AXIS2_PLACEMENT_3D('',#10738,#8244,#8245);
#6724=AXIS2_PLACEMENT_3D('',#10741,#8247,#8248);
#6725=AXIS2_PLACEMENT_3D('',#10746,#8249,#8250);
#6726=AXIS2_PLACEMENT_3D('',#10761,#8251,#8252);
#6727=AXIS2_PLACEMENT_3D('',#10776,#8253,#8254);
#6728=AXIS2_PLACEMENT_3D('',#10789,#8255,#8256);
#6729=AXIS2_PLACEMENT_3D('',#10796,#8257,#8258);
#6730=AXIS2_PLACEMENT_3D('',#10813,#8259,#8260);
#6731=AXIS2_PLACEMENT_3D('',#10825,#8261,#8262);
#6732=AXIS2_PLACEMENT_3D('',#10858,#8263,#8264);
#6733=AXIS2_PLACEMENT_3D('',#10863,#8265,#8266);
#6734=AXIS2_PLACEMENT_3D('',#10896,#8267,#8268);
#6735=AXIS2_PLACEMENT_3D('',#10897,#8269,#8270);
#6736=AXIS2_PLACEMENT_3D('',#10898,#8271,#8272);
#6737=AXIS2_PLACEMENT_3D('',#10899,#8273,#8274);
#6738=AXIS2_PLACEMENT_3D('',#10900,#8275,#8276);
#6739=AXIS2_PLACEMENT_3D('',#10901,#8277,#8278);
#6740=AXIS2_PLACEMENT_3D('',#10902,#8279,#8280);
#6741=AXIS2_PLACEMENT_3D('',#10903,#8281,#8282);
#6742=AXIS2_PLACEMENT_3D('',#10904,#8283,#8284);
#6743=AXIS2_PLACEMENT_3D('',#10905,#8285,#8286);
#6744=AXIS2_PLACEMENT_3D('',#10906,#8287,#8288);
#6745=AXIS2_PLACEMENT_3D('',#10907,#8289,#8290);
#6746=AXIS2_PLACEMENT_3D('',#10908,#8291,#8292);
#6747=AXIS2_PLACEMENT_3D('',#10939,#8293,#8294);
#6748=AXIS2_PLACEMENT_3D('',#10940,#8295,#8296);
#6749=AXIS2_PLACEMENT_3D('',#10941,#8297,#8298);
#6750=AXIS2_PLACEMENT_3D('',#10984,#8299,#8300);
#6751=AXIS2_PLACEMENT_3D('',#11003,#8301,#8302);
#6752=AXIS2_PLACEMENT_3D('',#11004,#8303,#8304);
#6753=AXIS2_PLACEMENT_3D('',#11005,#8305,#8306);
#6754=AXIS2_PLACEMENT_3D('',#11006,#8307,#8308);
#6755=AXIS2_PLACEMENT_3D('',#11007,#8309,#8310);
#6756=AXIS2_PLACEMENT_3D('',#11008,#8311,#8312);
#6757=AXIS2_PLACEMENT_3D('',#11009,#8313,#8314);
#6758=AXIS2_PLACEMENT_3D('',#11028,#8315,#8316);
#6759=AXIS2_PLACEMENT_3D('',#11041,#8317,#8318);
#6760=AXIS2_PLACEMENT_3D('',#11042,#8319,#8320);
#6761=AXIS2_PLACEMENT_3D('',#11044,#8321,#8322);
#6762=AXIS2_PLACEMENT_3D('',#11045,#8323,#8324);
#6763=AXIS2_PLACEMENT_3D('',#11046,#8325,#8326);
#6764=AXIS2_PLACEMENT_3D('',#11048,#8327,#8328);
#6765=AXIS2_PLACEMENT_3D('',#11049,#8329,#8330);
#6766=AXIS2_PLACEMENT_3D('',#11050,#8331,#8332);
#6767=AXIS2_PLACEMENT_3D('',#11054,#8334,#8335);
#6768=AXIS2_PLACEMENT_3D('',#11058,#8337,#8338);
#6769=AXIS2_PLACEMENT_3D('',#11062,#8340,#8341);
#6770=AXIS2_PLACEMENT_3D('',#11066,#8343,#8344);
#6771=AXIS2_PLACEMENT_3D('',#11070,#8346,#8347);
#6772=AXIS2_PLACEMENT_3D('',#11074,#8349,#8350);
#6773=AXIS2_PLACEMENT_3D('',#11078,#8352,#8353);
#6774=AXIS2_PLACEMENT_3D('',#11082,#8355,#8356);
#6775=AXIS2_PLACEMENT_3D('',#11083,#8357,#8358);
#6776=AXIS2_PLACEMENT_3D('',#11089,#8362,#8363);
#6777=AXIS2_PLACEMENT_3D('',#11095,#8367,#8368);
#6778=AXIS2_PLACEMENT_3D('',#11101,#8372,#8373);
#6779=AXIS2_PLACEMENT_3D('',#11107,#8377,#8378);
#6780=AXIS2_PLACEMENT_3D('',#11108,#8379,#8380);
#6781=AXIS2_PLACEMENT_3D('',#11109,#8381,#8382);
#6782=AXIS2_PLACEMENT_3D('',#11110,#8383,#8384);
#6783=AXIS2_PLACEMENT_3D('',#11111,#8385,#8386);
#6784=AXIS2_PLACEMENT_3D('',#11112,#8387,#8388);
#6785=AXIS2_PLACEMENT_3D('',#11113,#8389,#8390);
#6786=AXIS2_PLACEMENT_3D('',#11114,#8391,#8392);
#6787=AXIS2_PLACEMENT_3D('',#11115,#8393,#8394);
#6788=AXIS2_PLACEMENT_3D('',#11116,#8395,#8396);
#6789=AXIS2_PLACEMENT_3D('',#11122,#8400,#8401);
#6790=AXIS2_PLACEMENT_3D('',#11128,#8405,#8406);
#6791=AXIS2_PLACEMENT_3D('',#11132,#8408,#8409);
#6792=AXIS2_PLACEMENT_3D('',#11136,#8411,#8412);
#6793=AXIS2_PLACEMENT_3D('',#11137,#8413,#8414);
#6794=AXIS2_PLACEMENT_3D('',#11138,#8415,#8416);
#6795=AXIS2_PLACEMENT_3D('',#11148,#8421,#8422);
#6796=AXIS2_PLACEMENT_3D('',#11150,#8423,#8424);
#6797=AXIS2_PLACEMENT_3D('',#11151,#8425,#8426);
#6798=AXIS2_PLACEMENT_3D('',#11156,#8429,#8430);
#6799=AXIS2_PLACEMENT_3D('',#11158,#8431,#8432);
#6800=AXIS2_PLACEMENT_3D('',#11160,#8433,#8434);
#6801=AXIS2_PLACEMENT_3D('',#11165,#8437,#8438);
#6802=AXIS2_PLACEMENT_3D('',#11166,#8439,#8440);
#6803=AXIS2_PLACEMENT_3D('',#11167,#8441,#8442);
#6804=AXIS2_PLACEMENT_3D('',#11168,#8443,#8444);
#6805=AXIS2_PLACEMENT_3D('',#11169,#8445,#8446);
#6806=AXIS2_PLACEMENT_3D('',#11170,#8447,#8448);
#6807=AXIS2_PLACEMENT_3D('',#11171,#8449,#8450);
#6808=AXIS2_PLACEMENT_3D('',#11172,#8451,#8452);
#6809=AXIS2_PLACEMENT_3D('',#11173,#8453,#8454);
#6810=AXIS2_PLACEMENT_3D('',#11179,#8457,#8458);
#6811=AXIS2_PLACEMENT_3D('',#11183,#8460,#8461);
#6812=AXIS2_PLACEMENT_3D('',#11186,#8463,#8464);
#6813=AXIS2_PLACEMENT_3D('',#11192,#8467,#8468);
#6814=AXIS2_PLACEMENT_3D('',#11196,#8470,#8471);
#6815=AXIS2_PLACEMENT_3D('',#11199,#8473,#8474);
#6816=AXIS2_PLACEMENT_3D('',#11200,#8475,#8476);
#6817=AXIS2_PLACEMENT_3D('',#11201,#8477,#8478);
#6818=AXIS2_PLACEMENT_3D('',#11202,#8479,#8480);
#6819=AXIS2_PLACEMENT_3D('',#11203,#8481,#8482);
#6820=AXIS2_PLACEMENT_3D('',#11204,#8483,#8484);
#6821=AXIS2_PLACEMENT_3D('',#11205,#8485,#8486);
#6822=AXIS2_PLACEMENT_3D('',#11206,#8487,#8488);
#6823=AXIS2_PLACEMENT_3D('',#11207,#8489,#8490);
#6824=AXIS2_PLACEMENT_3D('',#11208,#8491,#8492);
#6825=AXIS2_PLACEMENT_3D('',#11209,#8493,#8494);
#6826=AXIS2_PLACEMENT_3D('',#11210,#8495,#8496);
#6827=AXIS2_PLACEMENT_3D('',#11211,#8497,#8498);
#6828=AXIS2_PLACEMENT_3D('',#11212,#8499,#8500);
#6829=AXIS2_PLACEMENT_3D('',#11213,#8501,#8502);
#6830=AXIS2_PLACEMENT_3D('',#11229,#8503,#8504);
#6831=AXIS2_PLACEMENT_3D('',#11230,#8505,#8506);
#6832=AXIS2_PLACEMENT_3D('',#11231,#8507,#8508);
#6833=AXIS2_PLACEMENT_3D('',#11232,#8509,#8510);
#6834=AXIS2_PLACEMENT_3D('',#11233,#8511,#8512);
#6835=AXIS2_PLACEMENT_3D('',#11249,#8513,#8514);
#6836=AXIS2_PLACEMENT_3D('',#11265,#8515,#8516);
#6837=AXIS2_PLACEMENT_3D('',#11266,#8517,#8518);
#6838=AXIS2_PLACEMENT_3D('',#11267,#8519,#8520);
#6839=AXIS2_PLACEMENT_3D('',#11268,#8521,#8522);
#6840=AXIS2_PLACEMENT_3D('',#11269,#8523,#8524);
#6841=AXIS2_PLACEMENT_3D('',#11285,#8525,#8526);
#6842=AXIS2_PLACEMENT_3D('',#11286,#8527,#8528);
#6843=AXIS2_PLACEMENT_3D('',#11287,#8529,#8530);
#6844=AXIS2_PLACEMENT_3D('',#11288,#8531,#8532);
#6845=AXIS2_PLACEMENT_3D('',#11289,#8533,#8534);
#6846=AXIS2_PLACEMENT_3D('',#11290,#8535,#8536);
#6847=AXIS2_PLACEMENT_3D('',#11291,#8537,#8538);
#6848=AXIS2_PLACEMENT_3D('',#11292,#8539,#8540);
#6849=AXIS2_PLACEMENT_3D('',#11293,#8541,#8542);
#6850=AXIS2_PLACEMENT_3D('',#11294,#8543,#8544);
#6851=AXIS2_PLACEMENT_3D('',#11298,#8546,#8547);
#6852=AXIS2_PLACEMENT_3D('',#11302,#8549,#8550);
#6853=AXIS2_PLACEMENT_3D('',#11306,#8552,#8553);
#6854=AXIS2_PLACEMENT_3D('',#11310,#8555,#8556);
#6855=AXIS2_PLACEMENT_3D('',#11314,#8558,#8559);
#6856=AXIS2_PLACEMENT_3D('',#11318,#8561,#8562);
#6857=AXIS2_PLACEMENT_3D('',#11322,#8564,#8565);
#6858=AXIS2_PLACEMENT_3D('',#11326,#8567,#8568);
#6859=AXIS2_PLACEMENT_3D('',#11327,#8569,#8570);
#6860=AXIS2_PLACEMENT_3D('',#11333,#8574,#8575);
#6861=AXIS2_PLACEMENT_3D('',#11339,#8579,#8580);
#6862=AXIS2_PLACEMENT_3D('',#11345,#8584,#8585);
#6863=AXIS2_PLACEMENT_3D('',#11351,#8589,#8590);
#6864=AXIS2_PLACEMENT_3D('',#11352,#8591,#8592);
#6865=AXIS2_PLACEMENT_3D('',#11353,#8593,#8594);
#6866=AXIS2_PLACEMENT_3D('',#11354,#8595,#8596);
#6867=AXIS2_PLACEMENT_3D('',#11355,#8597,#8598);
#6868=AXIS2_PLACEMENT_3D('',#11356,#8599,#8600);
#6869=AXIS2_PLACEMENT_3D('',#11357,#8601,#8602);
#6870=AXIS2_PLACEMENT_3D('',#11358,#8603,#8604);
#6871=AXIS2_PLACEMENT_3D('',#11359,#8605,#8606);
#6872=AXIS2_PLACEMENT_3D('',#11360,#8607,#8608);
#6873=AXIS2_PLACEMENT_3D('',#11366,#8612,#8613);
#6874=AXIS2_PLACEMENT_3D('',#11372,#8617,#8618);
#6875=AXIS2_PLACEMENT_3D('',#11376,#8620,#8621);
#6876=AXIS2_PLACEMENT_3D('',#11380,#8623,#8624);
#6877=AXIS2_PLACEMENT_3D('',#11381,#8625,#8626);
#6878=AXIS2_PLACEMENT_3D('',#11382,#8627,#8628);
#6879=AXIS2_PLACEMENT_3D('',#11385,#8629,#8630);
#6880=AXIS2_PLACEMENT_3D('',#11387,#8631,#8632);
#6881=AXIS2_PLACEMENT_3D('',#11395,#8637,#8638);
#6882=AXIS2_PLACEMENT_3D('',#11402,#8642,#8643);
#6883=AXIS2_PLACEMENT_3D('',#11404,#8644,#8645);
#6884=AXIS2_PLACEMENT_3D('',#11406,#8646,#8647);
#6885=AXIS2_PLACEMENT_3D('',#11409,#8649,#8650);
#6886=AXIS2_PLACEMENT_3D('',#11410,#8651,#8652);
#6887=AXIS2_PLACEMENT_3D('',#11411,#8653,#8654);
#6888=AXIS2_PLACEMENT_3D('',#11412,#8655,#8656);
#6889=AXIS2_PLACEMENT_3D('',#11413,#8657,#8658);
#6890=AXIS2_PLACEMENT_3D('',#11414,#8659,#8660);
#6891=AXIS2_PLACEMENT_3D('',#11415,#8661,#8662);
#6892=AXIS2_PLACEMENT_3D('',#11416,#8663,#8664);
#6893=AXIS2_PLACEMENT_3D('',#11417,#8665,#8666);
#6894=AXIS2_PLACEMENT_3D('',#11423,#8669,#8670);
#6895=AXIS2_PLACEMENT_3D('',#11427,#8672,#8673);
#6896=AXIS2_PLACEMENT_3D('',#11430,#8675,#8676);
#6897=AXIS2_PLACEMENT_3D('',#11436,#8679,#8680);
#6898=AXIS2_PLACEMENT_3D('',#11440,#8682,#8683);
#6899=AXIS2_PLACEMENT_3D('',#11443,#8685,#8686);
#6900=AXIS2_PLACEMENT_3D('',#11444,#8687,#8688);
#6901=AXIS2_PLACEMENT_3D('',#11445,#8689,#8690);
#6902=AXIS2_PLACEMENT_3D('',#11446,#8691,#8692);
#6903=AXIS2_PLACEMENT_3D('',#11447,#8693,#8694);
#6904=AXIS2_PLACEMENT_3D('',#11448,#8695,#8696);
#6905=AXIS2_PLACEMENT_3D('',#11449,#8697,#8698);
#6906=AXIS2_PLACEMENT_3D('',#11450,#8699,#8700);
#6907=AXIS2_PLACEMENT_3D('',#11451,#8701,#8702);
#6908=AXIS2_PLACEMENT_3D('',#11452,#8703,#8704);
#6909=AXIS2_PLACEMENT_3D('',#11453,#8705,#8706);
#6910=AXIS2_PLACEMENT_3D('',#11454,#8707,#8708);
#6911=AXIS2_PLACEMENT_3D('',#11455,#8709,#8710);
#6912=AXIS2_PLACEMENT_3D('',#11456,#8711,#8712);
#6913=AXIS2_PLACEMENT_3D('',#11457,#8713,#8714);
#6914=AXIS2_PLACEMENT_3D('',#11473,#8715,#8716);
#6915=AXIS2_PLACEMENT_3D('',#11474,#8717,#8718);
#6916=AXIS2_PLACEMENT_3D('',#11475,#8719,#8720);
#6917=AXIS2_PLACEMENT_3D('',#11476,#8721,#8722);
#6918=AXIS2_PLACEMENT_3D('',#11477,#8723,#8724);
#6919=AXIS2_PLACEMENT_3D('',#11493,#8725,#8726);
#6920=AXIS2_PLACEMENT_3D('',#11509,#8727,#8728);
#6921=AXIS2_PLACEMENT_3D('',#11510,#8729,#8730);
#6922=AXIS2_PLACEMENT_3D('',#11511,#8731,#8732);
#6923=AXIS2_PLACEMENT_3D('',#11512,#8733,#8734);
#6924=AXIS2_PLACEMENT_3D('',#11513,#8735,#8736);
#6925=AXIS2_PLACEMENT_3D('',#11529,#8737,#8738);
#6926=AXIS2_PLACEMENT_3D('',#11530,#8739,#8740);
#6927=AXIS2_PLACEMENT_3D('',#11531,#8741,#8742);
#6928=AXIS2_PLACEMENT_3D('',#11532,#8743,#8744);
#6929=AXIS2_PLACEMENT_3D('',#11533,#8745,#8746);
#6930=AXIS2_PLACEMENT_3D('',#11534,#8747,#8748);
#6931=AXIS2_PLACEMENT_3D('',#11535,#8749,#8750);
#6932=AXIS2_PLACEMENT_3D('',#11536,#8751,#8752);
#6933=DIRECTION('',(0.,0.,1.));
#6934=DIRECTION('',(1.,0.,0.));
#6935=DIRECTION('',(1.,0.,0.));
#6936=DIRECTION('',(0.,0.,-1.));
#6937=DIRECTION('',(-1.,0.,0.));
#6938=DIRECTION('',(0.,0.,1.));
#6939=DIRECTION('',(1.,0.,0.));
#6940=DIRECTION('',(0.,0.,-1.));
#6941=DIRECTION('',(1.,0.,0.));
#6942=DIRECTION('',(0.,0.,-1.));
#6943=DIRECTION('',(1.,0.,0.));
#6944=DIRECTION('',(1.,0.,0.));
#6945=DIRECTION('',(0.,0.,-1.));
#6946=DIRECTION('',(1.,0.,0.));
#6947=DIRECTION('',(1.,0.,0.));
#6948=DIRECTION('',(0.,0.,-1.));
#6949=DIRECTION('',(1.,0.,0.));
#6950=DIRECTION('',(0.,1.,0.));
#6951=DIRECTION('',(0.,0.707106781186547,-0.707106781186548));
#6952=DIRECTION('',(1.,0.,0.));
#6953=DIRECTION('',(0.,0.,-1.));
#6954=DIRECTION('',(0.,-0.707106781186548,0.707106781186548));
#6955=DIRECTION('',(1.,0.,0.));
#6956=DIRECTION('',(0.,1.,0.));
#6957=DIRECTION('',(0.,0.707106781186548,-0.707106781186548));
#6958=DIRECTION('',(1.,0.,0.));
#6959=DIRECTION('',(0.,0.,-1.));
#6960=DIRECTION('',(0.,-0.707106781186547,0.707106781186548));
#6961=DIRECTION('',(0.,-0.707106781186548,-0.707106781186547));
#6962=DIRECTION('',(0.,0.707106781186547,-0.707106781186548));
#6963=DIRECTION('',(0.,0.707106781186547,-0.707106781186548));
#6964=DIRECTION('',(0.,0.707106781186547,-0.707106781186548));
#6965=DIRECTION('',(0.,-0.707106781186548,-0.707106781186548));
#6966=DIRECTION('',(0.,0.707106781186548,-0.707106781186548));
#6967=DIRECTION('',(0.,0.707106781186548,-0.707106781186548));
#6968=DIRECTION('',(0.,0.707106781186548,-0.707106781186548));
#6969=DIRECTION('',(0.,0.707106781186548,-0.707106781186548));
#6970=DIRECTION('',(0.,0.707106781186548,0.707106781186548));
#6971=DIRECTION('',(0.,-0.707106781186547,0.707106781186548));
#6972=DIRECTION('',(0.,-0.707106781186548,-0.707106781186547));
#6973=DIRECTION('',(0.,0.707106781186547,-0.707106781186548));
#6974=DIRECTION('',(0.,0.707106781186548,0.707106781186547));
#6975=DIRECTION('',(0.,-0.707106781186548,0.707106781186548));
#6976=DIRECTION('',(0.,-0.707106781186548,-0.707106781186548));
#6977=DIRECTION('',(0.999844166339462,-0.0124828489726056,0.0124828489726057));
#6978=DIRECTION('',(0.0124838216345193,0.,-0.999922074062473));
#6979=DIRECTION('',(-0.999844155969352,0.0124832642753111,-0.012483264275311));
#6980=DIRECTION('',(-0.0124842370343165,-0.999922068876205,0.));
#6981=DIRECTION('',(-5.53266720739351E-15,0.603528567233163,0.797341375154636));
#6982=DIRECTION('',(0.,-0.797341375154636,0.603528567233163));
#6983=DIRECTION('',(-2.76578017813993E-15,0.603739248629718,0.797181861098221));
#6984=DIRECTION('',(0.,-0.797181861098222,0.603739248629718));
#6985=DIRECTION('',(1.,0.,0.));
#6986=DIRECTION('',(0.,0.,-1.));
#6987=DIRECTION('',(0.,0.797341375154637,0.603528567233161));
#6988=DIRECTION('',(0.,-0.603528567233161,0.797341375154637));
#6989=DIRECTION('',(1.,0.,0.));
#6990=DIRECTION('',(0.,0.,-1.));
#6991=DIRECTION('',(2.76578017813993E-15,0.797181861098221,0.603739248629718));
#6992=DIRECTION('',(0.,-0.603739248629718,0.797181861098222));
#6993=DIRECTION('',(0.999844155969352,-0.012483264275311,0.0124832642753111));
#6994=DIRECTION('',(0.0124842370343165,0.,-0.999922068876205));
#6995=DIRECTION('',(-0.999844166339462,0.0124828489726056,-0.0124828489726057));
#6996=DIRECTION('',(-0.0124838216345193,0.,0.999922074062473));
#6997=DIRECTION('',(0.,0.707106781186548,-0.707106781186548));
#6998=DIRECTION('',(0.,-0.707106781186548,-0.707106781186548));
#6999=DIRECTION('',(0.,0.,1.));
#7000=DIRECTION('',(1.,0.,0.));
#7001=DIRECTION('',(1.,0.,0.));
#7002=DIRECTION('',(0.,1.,0.));
#7003=DIRECTION('',(1.,0.,0.));
#7004=DIRECTION('',(0.,0.,-1.));
#7005=DIRECTION('',(1.,0.,0.));
#7006=DIRECTION('',(0.,0.,-1.));
#7007=DIRECTION('',(1.,0.,0.));
#7008=DIRECTION('',(0.,0.,-1.));
#7009=DIRECTION('',(1.,0.,0.));
#7010=DIRECTION('',(0.,0.,-1.));
#7011=DIRECTION('',(1.,0.,0.));
#7012=DIRECTION('',(0.,0.,-1.));
#7013=DIRECTION('',(1.,0.,0.));
#7014=DIRECTION('',(0.,1.,0.));
#7015=DIRECTION('',(0.,0.,1.));
#7016=DIRECTION('',(1.,0.,0.));
#7017=DIRECTION('',(-1.,0.,0.));
#7018=DIRECTION('',(0.,-6.12323399573677E-17,-1.));
#7019=DIRECTION('',(-1.,0.,0.));
#7020=DIRECTION('',(0.,-1.,6.12323399573677E-17));
#7021=DIRECTION('',(-1.,0.,0.));
#7022=DIRECTION('',(0.,-1.,6.12323399573677E-17));
#7023=DIRECTION('',(-1.,0.,0.));
#7024=DIRECTION('',(0.,-1.,6.12323399573677E-17));
#7025=DIRECTION('',(-1.,0.,0.));
#7026=DIRECTION('',(0.,1.83697019872103E-16,1.));
#7027=DIRECTION('',(-1.,0.,0.));
#7028=DIRECTION('',(0.,1.,-1.83697019872103E-16));
#7029=DIRECTION('',(-1.,0.,0.));
#7030=DIRECTION('',(0.,1.,-1.83697019872103E-16));
#7031=DIRECTION('',(-1.,0.,0.));
#7032=DIRECTION('',(0.,1.,-1.83697019872103E-16));
#7033=DIRECTION('',(-1.,0.,0.));
#7034=DIRECTION('',(0.,-6.12323399573677E-17,-1.));
#7035=DIRECTION('',(-1.,0.,0.));
#7036=DIRECTION('',(0.,-1.,6.12323399573677E-17));
#7037=DIRECTION('',(-1.,0.,0.));
#7038=DIRECTION('',(0.,-1.,6.12323399573677E-17));
#7039=DIRECTION('',(-1.,0.,0.));
#7040=DIRECTION('',(0.,-1.,6.12323399573677E-17));
#7041=DIRECTION('',(-1.,0.,0.));
#7042=DIRECTION('',(0.,1.83697019872103E-16,1.));
#7043=DIRECTION('',(-1.,0.,0.));
#7044=DIRECTION('',(0.,1.,-1.83697019872103E-16));
#7045=DIRECTION('',(-1.,0.,0.));
#7046=DIRECTION('',(0.,1.,-1.83697019872103E-16));
#7047=DIRECTION('',(-1.,0.,0.));
#7048=DIRECTION('',(0.,1.,-1.83697019872103E-16));
#7049=DIRECTION('',(-1.,0.,0.));
#7050=DIRECTION('',(0.,1.,-1.22464679914735E-16));
#7051=DIRECTION('',(-1.,0.,0.));
#7052=DIRECTION('',(0.,-1.22464679914735E-16,-1.));
#7053=DIRECTION('',(-1.,0.,0.));
#7054=DIRECTION('',(0.,-1.22464679914735E-16,-1.));
#7055=DIRECTION('',(-1.,0.,0.));
#7056=DIRECTION('',(0.,-1.22464679914735E-16,-1.));
#7057=DIRECTION('',(-1.,0.,0.));
#7058=DIRECTION('',(0.,-1.,0.));
#7059=DIRECTION('',(-1.,0.,0.));
#7060=DIRECTION('',(0.,0.,1.));
#7061=DIRECTION('',(-1.,0.,0.));
#7062=DIRECTION('',(0.,0.,1.));
#7063=DIRECTION('',(-1.,0.,0.));
#7064=DIRECTION('',(0.,0.,1.));
#7065=DIRECTION('',(-1.,0.,0.));
#7066=DIRECTION('',(0.,1.,-1.22464679914735E-16));
#7067=DIRECTION('',(-1.,0.,0.));
#7068=DIRECTION('',(0.,-1.22464679914735E-16,-1.));
#7069=DIRECTION('',(-1.,0.,0.));
#7070=DIRECTION('',(0.,-1.22464679914735E-16,-1.));
#7071=DIRECTION('',(-1.,0.,0.));
#7072=DIRECTION('',(0.,-1.22464679914735E-16,-1.));
#7073=DIRECTION('',(-1.,0.,0.));
#7074=DIRECTION('',(0.,-1.,0.));
#7075=DIRECTION('',(-1.,0.,0.));
#7076=DIRECTION('',(0.,0.,1.));
#7077=DIRECTION('',(-1.,0.,0.));
#7078=DIRECTION('',(0.,0.,1.));
#7079=DIRECTION('',(-1.,0.,0.));
#7080=DIRECTION('',(0.,0.,1.));
#7081=DIRECTION('',(-1.,0.,0.));
#7082=DIRECTION('',(0.,1.,-1.22464679914735E-16));
#7083=DIRECTION('',(-1.,0.,0.));
#7084=DIRECTION('',(0.,-1.22464679914735E-16,-1.));
#7085=DIRECTION('',(-1.,0.,0.));
#7086=DIRECTION('',(0.,-1.22464679914735E-16,-1.));
#7087=DIRECTION('',(-1.,0.,0.));
#7088=DIRECTION('',(0.,-1.22464679914735E-16,-1.));
#7089=DIRECTION('',(-1.,0.,0.));
#7090=DIRECTION('',(0.,-1.,0.));
#7091=DIRECTION('',(-1.,0.,0.));
#7092=DIRECTION('',(0.,0.,1.));
#7093=DIRECTION('',(-1.,0.,0.));
#7094=DIRECTION('',(0.,0.,1.));
#7095=DIRECTION('',(-1.,0.,0.));
#7096=DIRECTION('',(0.,0.,1.));
#7097=DIRECTION('',(-1.,0.,0.));
#7098=DIRECTION('',(0.,1.,-1.22464679914735E-16));
#7099=DIRECTION('',(-1.,0.,0.));
#7100=DIRECTION('',(0.,-1.22464679914735E-16,-1.));
#7101=DIRECTION('',(-1.,0.,0.));
#7102=DIRECTION('',(0.,-1.22464679914735E-16,-1.));
#7103=DIRECTION('',(-1.,0.,0.));
#7104=DIRECTION('',(0.,-1.22464679914735E-16,-1.));
#7105=DIRECTION('',(-1.,0.,0.));
#7106=DIRECTION('',(0.,-1.,0.));
#7107=DIRECTION('',(-1.,0.,0.));
#7108=DIRECTION('',(0.,0.,1.));
#7109=DIRECTION('',(-1.,0.,0.));
#7110=DIRECTION('',(0.,0.,1.));
#7111=DIRECTION('',(-1.,0.,0.));
#7112=DIRECTION('',(0.,0.,1.));
#7113=DIRECTION('',(-1.,0.,0.));
#7114=DIRECTION('',(0.,1.83697019872103E-16,1.));
#7115=DIRECTION('',(-1.,0.,0.));
#7116=DIRECTION('',(0.,1.,-1.83697019872103E-16));
#7117=DIRECTION('',(-1.,0.,0.));
#7118=DIRECTION('',(0.,1.,-1.83697019872103E-16));
#7119=DIRECTION('',(-1.,0.,0.));
#7120=DIRECTION('',(0.,1.,-1.83697019872103E-16));
#7121=DIRECTION('',(-1.,0.,0.));
#7122=DIRECTION('',(0.,1.83697019872103E-16,1.));
#7123=DIRECTION('',(-1.,0.,0.));
#7124=DIRECTION('',(0.,1.,-1.83697019872103E-16));
#7125=DIRECTION('',(-1.,0.,0.));
#7126=DIRECTION('',(0.,1.,-1.83697019872103E-16));
#7127=DIRECTION('',(-1.,0.,0.));
#7128=DIRECTION('',(0.,1.,-1.83697019872103E-16));
#7129=DIRECTION('',(-1.,0.,0.));
#7130=DIRECTION('',(0.,1.83697019872103E-16,1.));
#7131=DIRECTION('',(-1.,0.,0.));
#7132=DIRECTION('',(0.,1.,-1.83697019872103E-16));
#7133=DIRECTION('',(-1.,0.,0.));
#7134=DIRECTION('',(0.,1.,-1.83697019872103E-16));
#7135=DIRECTION('',(-1.,0.,0.));
#7136=DIRECTION('',(0.,0.,1.));
#7137=DIRECTION('',(-1.,0.,0.));
#7138=DIRECTION('',(0.,1.,-1.22464679914735E-16));
#7139=DIRECTION('',(-1.,0.,0.));
#7140=DIRECTION('',(0.,-1.22464679914735E-16,-1.));
#7141=DIRECTION('',(-1.,0.,0.));
#7142=DIRECTION('',(0.,-1.22464679914735E-16,-1.));
#7143=DIRECTION('',(-1.,0.,0.));
#7144=DIRECTION('',(0.,-1.22464679914735E-16,-1.));
#7145=DIRECTION('',(-1.,0.,0.));
#7146=DIRECTION('',(0.,1.,-1.22464679914735E-16));
#7147=DIRECTION('',(-1.,0.,0.));
#7148=DIRECTION('',(0.,-1.22464679914735E-16,-1.));
#7149=DIRECTION('',(-1.,0.,0.));
#7150=DIRECTION('',(0.,-1.22464679914735E-16,-1.));
#7151=DIRECTION('',(-1.,0.,0.));
#7152=DIRECTION('',(0.,-1.22464679914735E-16,-1.));
#7153=DIRECTION('',(-1.,0.,0.));
#7154=DIRECTION('',(0.,-6.12323399573677E-17,-1.));
#7155=DIRECTION('',(-1.,0.,0.));
#7156=DIRECTION('',(0.,-1.,6.12323399573677E-17));
#7157=DIRECTION('',(-1.,0.,0.));
#7158=DIRECTION('',(0.,-1.,6.12323399573677E-17));
#7159=DIRECTION('',(-1.,0.,0.));
#7160=DIRECTION('',(0.,-1.,6.12323399573677E-17));
#7161=DIRECTION('',(-1.,0.,0.));
#7162=DIRECTION('',(0.,-6.12323399573677E-17,-1.));
#7163=DIRECTION('',(-1.,0.,0.));
#7164=DIRECTION('',(0.,-1.,6.12323399573677E-17));
#7165=DIRECTION('',(-1.,0.,0.));
#7166=DIRECTION('',(0.,-1.,6.12323399573677E-17));
#7167=DIRECTION('',(-1.,0.,0.));
#7168=DIRECTION('',(0.,-1.,6.12323399573677E-17));
#7169=DIRECTION('',(0.,-0.707106781186548,-0.707106781186547));
#7170=DIRECTION('',(0.,0.707106781186547,-0.707106781186548));
#7171=DIRECTION('',(0.,-0.707106781186547,0.707106781186548));
#7172=DIRECTION('',(1.,0.,0.));
#7173=DIRECTION('',(0.,-0.707106781186547,0.707106781186548));
#7174=DIRECTION('',(0.,-0.707106781186548,-0.707106781186548));
#7175=DIRECTION('',(0.,0.707106781186548,-0.707106781186548));
#7176=DIRECTION('',(1.,0.,0.));
#7177=DIRECTION('',(0.,-0.707106781186548,0.707106781186548));
#7178=DIRECTION('',(0.,-0.707106781186548,0.707106781186548));
#7179=DIRECTION('',(1.,0.,0.));
#7180=DIRECTION('',(0.,1.,0.));
#7181=DIRECTION('',(0.,-0.707106781186548,0.707106781186548));
#7182=DIRECTION('',(1.,0.,0.));
#7183=DIRECTION('',(0.,0.,-1.));
#7184=DIRECTION('',(0.,-0.707106781186547,0.707106781186548));
#7185=DIRECTION('',(1.,0.,0.));
#7186=DIRECTION('',(0.,0.,-1.));
#7187=DIRECTION('',(0.,0.,-1.));
#7188=DIRECTION('',(-1.,0.,0.));
#7189=DIRECTION('',(1.,0.,0.));
#7190=DIRECTION('',(0.,1.,0.));
#7191=DIRECTION('',(0.,1.,0.));
#7192=DIRECTION('',(0.,0.,-1.));
#7193=DIRECTION('',(-1.,0.,0.));
#7194=DIRECTION('',(0.,-1.,0.));
#7195=DIRECTION('',(1.,0.,0.));
#7196=DIRECTION('',(0.,-1.,0.));
#7197=DIRECTION('',(1.,0.,0.));
#7198=DIRECTION('',(1.,0.,2.62836890299516E-16));
#7199=DIRECTION('',(2.62836890299516E-16,0.,-1.));
#7200=DIRECTION('',(0.,1.,0.));
#7201=DIRECTION('',(1.,0.,2.62836890299516E-16));
#7202=DIRECTION('',(2.62836890299516E-16,0.,-1.));
#7203=DIRECTION('',(0.,1.,0.));
#7204=DIRECTION('',(1.,0.,2.62836890299516E-16));
#7205=DIRECTION('',(2.62836890299516E-16,0.,-1.));
#7206=DIRECTION('',(1.,0.,-2.62836890299516E-16));
#7207=DIRECTION('',(2.62836890299516E-16,0.,1.));
#7208=DIRECTION('',(0.,1.,0.));
#7209=DIRECTION('',(1.,0.,2.62836890299516E-16));
#7210=DIRECTION('',(2.62836890299516E-16,0.,-1.));
#7211=DIRECTION('',(0.,1.,0.));
#7212=DIRECTION('',(1.,0.,-2.62836890299516E-16));
#7213=DIRECTION('',(-2.62836890299516E-16,0.,-1.));
#7214=DIRECTION('',(0.,0.707106781186548,-0.707106781186547));
#7215=DIRECTION('',(0.,0.707106781186547,0.707106781186548));
#7216=DIRECTION('',(1.,0.,0.));
#7217=DIRECTION('',(0.,0.707106781186547,0.707106781186548));
#7218=DIRECTION('',(0.,-0.707106781186547,-0.707106781186548));
#7219=DIRECTION('',(0.,0.707106781186548,-0.707106781186547));
#7220=DIRECTION('',(0.,0.707106781186547,0.707106781186548));
#7221=DIRECTION('',(0.,-0.707106781186547,-0.707106781186548));
#7222=DIRECTION('',(1.,0.,0.));
#7223=DIRECTION('',(0.,-0.707106781186547,-0.707106781186548));
#7224=DIRECTION('',(1.,0.,0.));
#7225=DIRECTION('',(0.,1.,0.));
#7226=DIRECTION('',(1.,0.,0.));
#7227=DIRECTION('',(0.,0.,-1.));
#7228=DIRECTION('',(0.,-0.707106781186547,-0.707106781186548));
#7229=DIRECTION('',(1.,0.,0.));
#7230=DIRECTION('',(0.,0.,-1.));
#7231=DIRECTION('',(0.,-0.707106781186547,-0.707106781186548));
#7232=DIRECTION('',(0.,-0.707106781186548,0.707106781186547));
#7233=DIRECTION('',(0.,-0.707106781186547,-0.707106781186548));
#7234=DIRECTION('',(0.,-0.707106781186547,-0.707106781186548));
#7235=DIRECTION('',(1.,0.,0.));
#7236=DIRECTION('',(0.,-0.707106781186548,0.707106781186547));
#7237=DIRECTION('',(0.,-0.707106781186547,-0.707106781186548));
#7238=DIRECTION('',(1.,0.,0.));
#7239=DIRECTION('',(0.,-0.707106781186547,-0.707106781186548));
#7240=DIRECTION('',(-1.,0.,0.));
#7241=DIRECTION('',(0.,-1.,0.));
#7242=DIRECTION('',(-1.,0.,0.));
#7243=DIRECTION('',(0.,0.,1.));
#7244=DIRECTION('',(0.,2.52552238339231E-16,1.));
#7245=DIRECTION('',(1.,0.,0.));
#7246=DIRECTION('',(0.,0.,-1.));
#7247=DIRECTION('',(1.,0.,0.));
#7248=DIRECTION('',(0.,0.,-1.));
#7249=DIRECTION('',(1.,0.,0.));
#7250=DIRECTION('',(-1.,0.,0.));
#7251=DIRECTION('',(0.,0.,1.));
#7252=DIRECTION('',(-0.707106781186548,-0.707106781186548,1.78581400333511E-16));
#7253=DIRECTION('',(0.707106781186548,-0.707106781186548,1.78581400333511E-16));
#7254=DIRECTION('',(-0.707106781186548,-0.707106781186548,1.78581400333511E-16));
#7255=DIRECTION('',(0.707106781186548,-0.707106781186548,1.78581400333511E-16));
#7256=DIRECTION('',(-1.,0.,0.));
#7257=DIRECTION('',(0.,0.,1.));
#7258=DIRECTION('',(1.,0.,0.));
#7259=DIRECTION('',(0.,-1.,0.));
#7260=DIRECTION('',(1.,0.,0.));
#7261=DIRECTION('',(3.35725512502394E-16,0.,-1.));
#7262=DIRECTION('',(0.,-1.,0.));
#7263=DIRECTION('',(0.,0.,-1.));
#7264=DIRECTION('',(-1.,0.,0.));
#7265=DIRECTION('',(0.,-1.,0.));
#7266=DIRECTION('',(0.,0.,-1.));
#7267=DIRECTION('',(-2.23817008334929E-16,0.,1.));
#7268=DIRECTION('',(0.,0.,-1.));
#7269=DIRECTION('',(0.,-1.,0.));
#7270=DIRECTION('',(0.,0.,-1.));
#7271=DIRECTION('',(0.,-1.,0.));
#7272=DIRECTION('',(0.,0.,-1.));
#7273=DIRECTION('',(0.,0.,-1.));
#7274=DIRECTION('',(0.,-1.,0.));
#7275=DIRECTION('',(0.,0.,-1.));
#7276=DIRECTION('',(1.,0.,0.));
#7277=DIRECTION('',(0.,-1.,0.));
#7278=DIRECTION('',(0.,0.,-1.));
#7279=DIRECTION('',(1.,0.,0.));
#7280=DIRECTION('',(0.,0.,-1.));
#7281=DIRECTION('',(1.,0.,0.));
#7282=DIRECTION('',(0.,0.,-1.));
#7283=DIRECTION('',(-1.,0.,0.));
#7284=DIRECTION('',(0.,0.,1.));
#7285=DIRECTION('',(1.,0.,0.));
#7286=DIRECTION('',(0.,0.,-1.));
#7287=DIRECTION('',(1.,0.,0.));
#7288=DIRECTION('',(0.,0.,-1.));
#7289=DIRECTION('',(1.,0.,0.));
#7290=DIRECTION('',(0.,0.,-1.));
#7291=DIRECTION('',(1.,0.,-5.25673780599033E-16));
#7292=DIRECTION('',(-5.25673780599033E-16,0.,-1.));
#7293=DIRECTION('',(1.,0.,5.25673780599033E-16));
#7294=DIRECTION('',(5.25673780599033E-16,0.,-1.));
#7295=DIRECTION('',(1.,0.,0.));
#7296=DIRECTION('',(0.,0.,-1.));
#7297=DIRECTION('',(1.,0.,0.));
#7298=DIRECTION('',(0.,0.,-1.));
#7299=DIRECTION('',(1.,0.,0.));
#7300=DIRECTION('',(0.,0.,-1.));
#7301=DIRECTION('',(1.,0.,0.));
#7302=DIRECTION('',(0.,0.,-1.));
#7303=DIRECTION('',(1.,0.,0.));
#7304=DIRECTION('',(0.,0.,-1.));
#7305=DIRECTION('',(-1.,0.,0.));
#7306=DIRECTION('',(0.,0.,1.));
#7307=DIRECTION('',(1.,0.,0.));
#7308=DIRECTION('',(0.,0.,-1.));
#7309=DIRECTION('',(0.707106781186548,-0.707106781186548,2.37393786507772E-16));
#7310=DIRECTION('',(0.707106781186548,0.707106781186548,-2.37393786507772E-16));
#7311=DIRECTION('',(-0.707106781186548,-0.707106781186548,-1.58262524338514E-16));
#7312=DIRECTION('',(0.707106781186548,-0.707106781186548,-1.58262524338514E-16));
#7313=DIRECTION('',(0.,1.,0.));
#7314=DIRECTION('',(0.,0.,1.));
#7315=DIRECTION('',(0.,1.,0.));
#7316=DIRECTION('',(0.,0.,-1.));
#7317=DIRECTION('',(-1.,0.,0.));
#7318=DIRECTION('',(1.,0.,0.));
#7319=DIRECTION('',(0.,1.,0.));
#7320=DIRECTION('',(0.,1.,0.));
#7321=DIRECTION('',(0.,0.,1.));
#7322=DIRECTION('',(0.,0.,-1.));
#7323=DIRECTION('',(-1.,0.,0.));
#7324=DIRECTION('',(-1.,0.,0.));
#7325=DIRECTION('',(0.,-1.,0.));
#7326=DIRECTION('',(-1.,0.,0.));
#7327=DIRECTION('',(0.,-1.,0.));
#7328=DIRECTION('',(0.,0.,-1.));
#7329=DIRECTION('',(-1.,0.,0.));
#7330=DIRECTION('',(0.,-1.,0.));
#7331=DIRECTION('',(-1.,0.,0.));
#7332=DIRECTION('',(0.,-1.,0.));
#7333=DIRECTION('',(-1.,0.,0.));
#7334=DIRECTION('',(-1.,0.,0.));
#7335=DIRECTION('',(0.,-1.,0.));
#7336=DIRECTION('',(0.,2.24005753205263E-16,1.));
#7337=DIRECTION('',(0.,-0.940584806130445,0.339558864523596));
#7338=DIRECTION('',(-1.,0.,0.));
#7339=DIRECTION('',(0.,0.,1.));
#7340=DIRECTION('',(0.,-0.344479077959978,0.938793994893365));
#7341=DIRECTION('',(-1.,0.,0.));
#7342=DIRECTION('',(0.,0.,1.));
#7343=DIRECTION('',(0.,-0.344479077959978,-0.938793994893365));
#7344=DIRECTION('',(1.,0.,0.));
#7345=DIRECTION('',(0.,0.,-1.));
#7346=DIRECTION('',(0.,-0.940584806130445,-0.339558864523596));
#7347=DIRECTION('',(0.,1.,0.));
#7348=DIRECTION('',(-1.,0.,0.));
#7349=DIRECTION('',(0.,0.,1.));
#7350=DIRECTION('',(0.,0.,-1.));
#7351=DIRECTION('',(-1.,0.,0.));
#7352=DIRECTION('',(0.,0.,1.));
#7353=DIRECTION('',(0.,1.,0.));
#7354=DIRECTION('',(0.,0.,-1.));
#7355=DIRECTION('',(0.,-1.,0.));
#7356=DIRECTION('',(-1.,0.,0.));
#7357=DIRECTION('',(0.,0.,1.));
#7358=DIRECTION('',(0.,-1.,0.));
#7359=DIRECTION('',(0.,0.,-1.));
#7360=DIRECTION('',(0.,1.,0.));
#7361=DIRECTION('',(-1.,0.,0.));
#7362=DIRECTION('',(0.,0.,1.));
#7363=DIRECTION('',(0.,0.,-1.));
#7364=DIRECTION('',(-1.,0.,0.));
#7365=DIRECTION('',(0.,0.,1.));
#7366=DIRECTION('',(0.,1.,0.));
#7367=DIRECTION('',(0.,0.,1.));
#7368=DIRECTION('',(0.,-1.,2.21935343836076E-16));
#7369=DIRECTION('',(-1.,0.,0.));
#7370=DIRECTION('',(0.,0.,1.));
#7371=DIRECTION('',(0.,-1.,2.21935343836076E-16));
#7372=DIRECTION('',(0.,0.,1.));
#7373=DIRECTION('',(-1.,0.,0.));
#7374=DIRECTION('',(0.,0.,1.));
#7375=DIRECTION('',(-1.,0.,0.));
#7376=DIRECTION('',(-1.,0.,0.));
#7377=DIRECTION('',(0.,0.,1.));
#7378=DIRECTION('',(-1.,0.,0.));
#7379=DIRECTION('',(-1.,0.,0.));
#7380=DIRECTION('',(0.,-1.,0.));
#7381=DIRECTION('',(-1.,0.,0.));
#7382=DIRECTION('',(0.,0.,1.));
#7383=DIRECTION('',(0.,-1.,0.));
#7384=DIRECTION('',(1.,0.,0.));
#7385=DIRECTION('',(0.,1.,0.));
#7386=DIRECTION('',(0.,-0.940584806130445,0.339558864523596));
#7387=DIRECTION('',(0.,0.940584806130445,0.339558864523596));
#7388=DIRECTION('',(1.,0.,0.));
#7389=DIRECTION('',(0.,0.,-1.));
#7390=DIRECTION('',(1.,0.,0.));
#7391=DIRECTION('',(0.,0.,-1.));
#7392=DIRECTION('',(1.,0.,0.));
#7393=DIRECTION('',(1.,0.,0.));
#7394=DIRECTION('',(1.,0.,0.));
#7395=DIRECTION('',(0.,0.,-1.));
#7396=DIRECTION('',(1.,0.,0.));
#7397=DIRECTION('',(0.,1.,0.));
#7398=DIRECTION('',(0.,0.344479077959978,0.938793994893365));
#7399=DIRECTION('',(0.,-0.344479077959978,0.938793994893365));
#7400=DIRECTION('',(1.,0.,0.));
#7401=DIRECTION('',(0.,0.,-1.));
#7402=DIRECTION('',(1.,0.,0.));
#7403=DIRECTION('',(0.,0.,-1.));
#7404=DIRECTION('',(1.,0.,0.));
#7405=DIRECTION('',(0.,0.,-1.));
#7406=DIRECTION('',(1.,0.,0.));
#7407=DIRECTION('',(1.,0.,0.));
#7408=DIRECTION('',(1.,0.,0.));
#7409=DIRECTION('',(1.,0.,0.));
#7410=DIRECTION('',(1.,0.,0.));
#7411=DIRECTION('',(1.,0.,0.));
#7412=DIRECTION('',(0.,0.,-1.));
#7413=DIRECTION('',(1.,0.,0.));
#7414=DIRECTION('',(1.,0.,0.));
#7415=DIRECTION('',(0.,0.,-1.));
#7416=DIRECTION('',(1.,0.,0.));
#7417=DIRECTION('',(1.,0.,0.));
#7418=DIRECTION('',(0.,0.,-1.));
#7419=DIRECTION('',(1.,0.,0.));
#7420=DIRECTION('',(1.,0.,0.));
#7421=DIRECTION('',(0.,0.,-1.));
#7422=DIRECTION('',(1.,0.,0.));
#7423=DIRECTION('',(0.,1.,0.));
#7424=DIRECTION('',(1.,0.,0.));
#7425=DIRECTION('',(0.,0.,-1.));
#7426=DIRECTION('',(1.,0.,0.));
#7427=DIRECTION('',(0.,0.,-1.));
#7428=DIRECTION('',(0.,0.708955557080774,-0.705253158861618));
#7429=DIRECTION('',(0.,0.705253158861618,0.708955557080774));
#7430=DIRECTION('',(0.,0.708955557080774,-0.705253158861618));
#7431=DIRECTION('',(0.,0.708955557080774,-0.705253158861618));
#7432=DIRECTION('',(1.,0.,0.));
#7433=DIRECTION('',(0.,1.,0.));
#7434=DIRECTION('',(0.,0.708955557080774,-0.705253158861617));
#7435=DIRECTION('',(0.,-0.708955557080774,0.705253158861617));
#7436=DIRECTION('',(0.,-0.705253158861617,-0.708955557080774));
#7437=DIRECTION('',(0.,0.708955557080774,-0.705253158861617));
#7438=DIRECTION('',(0.,-0.708955557080774,-0.705253158861617));
#7439=DIRECTION('',(0.,-0.705253158861617,0.708955557080774));
#7440=DIRECTION('',(0.,0.708955557080774,0.705253158861617));
#7441=DIRECTION('',(0.,0.708955557080774,0.705253158861617));
#7442=DIRECTION('',(1.,0.,0.));
#7443=DIRECTION('',(0.,1.,0.));
#7444=DIRECTION('',(0.,0.708955557080774,0.705253158861618));
#7445=DIRECTION('',(0.,0.708955557080774,0.705253158861618));
#7446=DIRECTION('',(0.,0.705253158861618,-0.708955557080774));
#7447=DIRECTION('',(0.,0.708955557080774,0.705253158861618));
#7448=DIRECTION('',(0.,-0.705253158861618,-0.708955557080773));
#7449=DIRECTION('',(0.,0.708955557080774,-0.705253158861618));
#7450=DIRECTION('',(0.,0.708955557080774,-0.705253158861618));
#7451=DIRECTION('',(0.,-0.705253158861617,-0.708955557080774));
#7452=DIRECTION('',(0.,0.708955557080774,-0.705253158861617));
#7453=DIRECTION('',(0.,0.708955557080774,-0.705253158861617));
#7454=DIRECTION('',(0.,-0.705253158861618,0.708955557080773));
#7455=DIRECTION('',(0.,0.708955557080774,0.705253158861618));
#7456=DIRECTION('',(0.,0.708955557080774,0.705253158861618));
#7457=DIRECTION('',(0.,-0.705253158861617,0.708955557080774));
#7458=DIRECTION('',(0.,0.708955557080774,0.705253158861617));
#7459=DIRECTION('',(0.,0.708955557080774,0.705253158861617));
#7460=DIRECTION('',(-1.,0.,0.));
#7461=DIRECTION('',(0.,0.,1.));
#7462=DIRECTION('',(-1.,0.,0.));
#7463=DIRECTION('',(-1.,0.,0.));
#7464=DIRECTION('',(-1.,0.,0.));
#7465=DIRECTION('',(0.,0.,1.));
#7466=DIRECTION('',(-0.707106781186548,-0.707106781186548,1.78581400333511E-16));
#7467=DIRECTION('',(-0.707106781186548,0.707106781186548,-1.78581400333511E-16));
#7468=DIRECTION('',(-1.,0.,0.));
#7469=DIRECTION('',(0.,0.,1.));
#7470=DIRECTION('',(-1.,0.,0.));
#7471=DIRECTION('',(0.,0.,1.));
#7472=DIRECTION('',(-1.,0.,0.));
#7473=DIRECTION('',(-1.,0.,0.));
#7474=DIRECTION('',(0.,0.,1.));
#7475=DIRECTION('',(-1.,0.,0.));
#7476=DIRECTION('',(-1.,0.,0.));
#7477=DIRECTION('',(0.,0.,1.));
#7478=DIRECTION('',(-1.,0.,0.));
#7479=DIRECTION('',(0.,0.,1.));
#7480=DIRECTION('',(-1.,0.,0.));
#7481=DIRECTION('',(-1.,0.,0.));
#7482=DIRECTION('',(0.,0.,1.));
#7483=DIRECTION('',(-1.,0.,0.));
#7484=DIRECTION('',(-1.,0.,0.));
#7485=DIRECTION('',(0.,0.,1.));
#7486=DIRECTION('',(-1.,0.,0.));
#7487=DIRECTION('',(0.,0.,1.));
#7488=DIRECTION('',(-1.,0.,0.));
#7489=DIRECTION('',(-1.,0.,0.));
#7490=DIRECTION('',(0.,0.,1.));
#7491=DIRECTION('',(-1.,0.,0.));
#7492=DIRECTION('',(-1.,0.,0.));
#7493=DIRECTION('',(0.,0.,1.));
#7494=DIRECTION('',(-1.,0.,0.));
#7495=DIRECTION('',(0.,0.,1.));
#7496=DIRECTION('',(-1.,0.,0.));
#7497=DIRECTION('',(-1.,0.,0.));
#7498=DIRECTION('',(0.,0.,1.));
#7499=DIRECTION('',(-1.,0.,0.));
#7500=DIRECTION('',(-1.,0.,0.));
#7501=DIRECTION('',(0.,0.,1.));
#7502=DIRECTION('',(-1.,0.,0.));
#7503=DIRECTION('',(0.,0.,1.));
#7504=DIRECTION('',(-1.,0.,0.));
#7505=DIRECTION('',(-1.,0.,0.));
#7506=DIRECTION('',(0.,0.,1.));
#7507=DIRECTION('',(-1.,0.,0.));
#7508=DIRECTION('',(-1.,0.,0.));
#7509=DIRECTION('',(0.,0.,1.));
#7510=DIRECTION('',(-1.,0.,0.));
#7511=DIRECTION('',(0.,0.,1.));
#7512=DIRECTION('',(-1.,0.,0.));
#7513=DIRECTION('',(-1.,0.,0.));
#7514=DIRECTION('',(0.,0.,1.));
#7515=DIRECTION('',(-1.,0.,0.));
#7516=DIRECTION('',(-1.,0.,0.));
#7517=DIRECTION('',(0.,0.,1.));
#7518=DIRECTION('',(-1.,0.,0.));
#7519=DIRECTION('',(0.,0.,1.));
#7520=DIRECTION('',(-1.,0.,0.));
#7521=DIRECTION('',(-1.,0.,0.));
#7522=DIRECTION('',(0.,0.,1.));
#7523=DIRECTION('',(-1.,0.,0.));
#7524=DIRECTION('',(-1.,0.,0.));
#7525=DIRECTION('',(0.,0.,1.));
#7526=DIRECTION('',(-1.,0.,0.));
#7527=DIRECTION('',(0.,0.,1.));
#7528=DIRECTION('',(-1.,0.,0.));
#7529=DIRECTION('',(-1.,0.,0.));
#7530=DIRECTION('',(0.,0.,1.));
#7531=DIRECTION('',(-1.,0.,0.));
#7532=DIRECTION('',(-1.,0.,0.));
#7533=DIRECTION('',(0.,0.,1.));
#7534=DIRECTION('',(-1.,0.,0.));
#7535=DIRECTION('',(0.,0.,1.));
#7536=DIRECTION('',(-1.,0.,0.));
#7537=DIRECTION('',(-1.,0.,0.));
#7538=DIRECTION('',(0.,0.,1.));
#7539=DIRECTION('',(-1.,0.,0.));
#7540=DIRECTION('',(-1.,0.,0.));
#7541=DIRECTION('',(0.,0.,1.));
#7542=DIRECTION('',(-1.,0.,0.));
#7543=DIRECTION('',(0.,0.,1.));
#7544=DIRECTION('',(-1.,0.,0.));
#7545=DIRECTION('',(-1.,0.,0.));
#7546=DIRECTION('',(0.,0.,1.));
#7547=DIRECTION('',(-1.,0.,0.));
#7548=DIRECTION('',(-1.,0.,0.));
#7549=DIRECTION('',(0.,0.,1.));
#7550=DIRECTION('',(-1.,0.,0.));
#7551=DIRECTION('',(0.,0.,1.));
#7552=DIRECTION('',(-1.,0.,0.));
#7553=DIRECTION('',(-1.,0.,0.));
#7554=DIRECTION('',(0.,0.,1.));
#7555=DIRECTION('',(-1.,0.,0.));
#7556=DIRECTION('',(-1.,0.,0.));
#7557=DIRECTION('',(0.,0.,1.));
#7558=DIRECTION('',(-1.,0.,0.));
#7559=DIRECTION('',(0.,0.,1.));
#7560=DIRECTION('',(-1.,0.,0.));
#7561=DIRECTION('',(-1.,0.,0.));
#7562=DIRECTION('',(0.,0.,1.));
#7563=DIRECTION('',(-1.,0.,0.));
#7564=DIRECTION('',(1.,0.,0.));
#7565=DIRECTION('',(0.,1.,0.));
#7566=DIRECTION('',(0.,-1.,0.));
#7567=DIRECTION('',(0.,0.,1.));
#7568=DIRECTION('',(-1.,0.,0.));
#7569=DIRECTION('',(0.,0.,1.));
#7570=DIRECTION('',(0.,0.,1.));
#7571=DIRECTION('',(0.,-1.,0.));
#7572=DIRECTION('',(-1.,0.,0.));
#7573=DIRECTION('',(0.,0.,1.));
#7574=DIRECTION('',(-1.,0.,0.));
#7575=DIRECTION('',(0.,0.,1.));
#7576=DIRECTION('',(-1.,0.,0.));
#7577=DIRECTION('',(0.,0.,1.));
#7578=DIRECTION('',(0.,-2.41598274957028E-16,-1.));
#7579=DIRECTION('',(1.,0.,0.));
#7580=DIRECTION('',(0.,-2.21935343836076E-16,-1.));
#7581=DIRECTION('',(1.,0.,0.));
#7582=DIRECTION('',(0.,-2.21935343836076E-16,-1.));
#7583=DIRECTION('',(1.,0.,0.));
#7584=DIRECTION('',(0.,-2.21935343836076E-16,-1.));
#7585=DIRECTION('',(0.,-1.,2.21935343836076E-16));
#7586=DIRECTION('',(0.,-2.21935343836076E-16,-1.));
#7587=DIRECTION('',(-1.,0.,0.));
#7588=DIRECTION('',(0.,0.,1.));
#7589=DIRECTION('',(0.,-2.21935343836076E-16,-1.));
#7590=DIRECTION('',(0.,-1.,2.21935343836076E-16));
#7591=DIRECTION('',(1.,0.,0.));
#7592=DIRECTION('',(0.,-2.21935343836076E-16,-1.));
#7593=DIRECTION('',(1.,0.,0.));
#7594=DIRECTION('',(0.,-2.21935343836076E-16,-1.));
#7595=DIRECTION('',(1.,0.,0.));
#7596=DIRECTION('',(0.,-2.21935343836076E-16,-1.));
#7597=DIRECTION('',(0.,0.863835505204396,-0.503773977045527));
#7598=DIRECTION('',(-1.,0.,0.));
#7599=DIRECTION('',(0.,0.,1.));
#7600=DIRECTION('',(0.,0.863835505204396,0.503773977045526));
#7601=DIRECTION('',(-1.,0.,0.));
#7602=DIRECTION('',(0.,0.,1.));
#7603=DIRECTION('',(-1.,0.,0.));
#7604=DIRECTION('',(0.,0.,1.));
#7605=DIRECTION('',(-1.,0.,0.));
#7606=DIRECTION('',(0.,0.,1.));
#7607=DIRECTION('',(1.,0.,0.));
#7608=DIRECTION('',(0.,0.,-1.));
#7609=DIRECTION('',(0.,2.52552238339231E-16,1.));
#7610=DIRECTION('',(1.,0.,0.));
#7611=DIRECTION('',(0.,0.,-1.));
#7612=DIRECTION('',(0.,-0.863835505204396,-0.503773977045526));
#7613=DIRECTION('',(1.,0.,0.));
#7614=DIRECTION('',(0.,0.,-1.));
#7615=DIRECTION('',(0.,0.863835505204396,-0.503773977045527));
#7616=DIRECTION('',(-0.707106781186548,0.356221995354208,0.610823943559735));
#7617=DIRECTION('',(-0.707106781186548,-0.356221995354208,-0.610823943559735));
#7618=DIRECTION('',(-0.707106781186548,0.356221995354208,0.610823943559735));
#7619=DIRECTION('',(0.707106781186548,0.356221995354208,0.610823943559735));
#7620=DIRECTION('',(6.70078870827233E-17,-0.863835505204396,0.503773977045527));
#7621=DIRECTION('',(0.707106781186548,0.356221995354208,0.610823943559735));
#7622=DIRECTION('',(0.,0.863835505204396,-0.503773977045527));
#7623=DIRECTION('',(-1.,0.,0.));
#7624=DIRECTION('',(0.,0.,-1.));
#7625=DIRECTION('',(1.,0.,0.));
#7626=DIRECTION('',(0.,0.,-1.));
#7627=DIRECTION('',(0.707106781186548,0.356221995354208,-0.610823943559735));
#7628=DIRECTION('',(-1.,0.,0.));
#7629=DIRECTION('',(0.,0.,1.));
#7630=DIRECTION('',(-0.707106781186548,0.356221995354208,-0.610823943559735));
#7631=DIRECTION('',(-0.707106781186548,-0.356221995354208,0.610823943559735));
#7632=DIRECTION('',(-0.707106781186548,0.356221995354208,-0.610823943559735));
#7633=DIRECTION('',(0.707106781186548,0.356221995354208,-0.610823943559735));
#7634=DIRECTION('',(0.,-0.863835505204396,-0.503773977045526));
#7635=DIRECTION('',(0.,0.863835505204396,0.503773977045526));
#7636=DIRECTION('',(-1.,0.,0.));
#7637=DIRECTION('',(0.,-1.,0.));
#7638=DIRECTION('',(-1.,0.,0.));
#7639=DIRECTION('',(0.,0.,1.));
#7640=DIRECTION('',(-1.,0.,0.));
#7641=DIRECTION('',(0.,0.,1.));
#7642=DIRECTION('',(-1.,0.,0.));
#7643=DIRECTION('',(0.,0.,1.));
#7644=DIRECTION('',(1.,0.,0.));
#7645=DIRECTION('',(0.,0.,-1.));
#7646=DIRECTION('',(-0.707106781186548,-0.707106781186548,1.78581400333511E-16));
#7647=DIRECTION('',(-0.707106781186548,0.707106781186548,-1.78581400333511E-16));
#7648=DIRECTION('',(0.,-2.52552238339231E-16,-1.));
#7649=DIRECTION('',(0.,2.52552238339231E-16,1.));
#7650=DIRECTION('',(-1.,0.,0.));
#7651=DIRECTION('',(0.,-1.,0.));
#7652=DIRECTION('',(-1.,0.,0.));
#7653=DIRECTION('',(0.,0.,1.));
#7654=DIRECTION('',(1.,0.,0.));
#7655=DIRECTION('',(0.,0.,-1.));
#7656=DIRECTION('',(1.,0.,0.));
#7657=DIRECTION('',(0.,0.,-1.));
#7658=DIRECTION('',(1.,0.,0.));
#7659=DIRECTION('',(0.,0.,-1.));
#7660=DIRECTION('',(-1.,0.,0.));
#7661=DIRECTION('',(0.,0.,1.));
#7662=DIRECTION('',(-1.,0.,0.));
#7663=DIRECTION('',(0.,0.,1.));
#7664=DIRECTION('',(-1.,0.,0.));
#7665=DIRECTION('',(-1.,0.,0.));
#7666=DIRECTION('',(-1.,0.,0.));
#7667=DIRECTION('',(0.,-1.,0.));
#7668=DIRECTION('',(-1.,0.,0.));
#7669=DIRECTION('',(0.,0.,1.));
#7670=DIRECTION('',(0.,0.,1.));
#7671=DIRECTION('',(0.,-1.,0.));
#7672=DIRECTION('',(0.,0.,1.));
#7673=DIRECTION('',(-1.,0.,0.));
#7674=DIRECTION('',(0.,0.,1.));
#7675=DIRECTION('',(-1.,0.,0.));
#7676=DIRECTION('',(0.,0.,1.));
#7677=DIRECTION('',(-1.,0.,0.));
#7678=DIRECTION('',(-1.,0.,0.));
#7679=DIRECTION('',(-1.,0.,0.));
#7680=DIRECTION('',(0.,-1.,0.));
#7681=DIRECTION('',(-1.,0.,0.));
#7682=DIRECTION('',(0.,0.,1.));
#7683=DIRECTION('',(0.,-2.21935343836076E-16,-1.));
#7684=DIRECTION('',(0.,-1.,2.21935343836076E-16));
#7685=DIRECTION('',(0.,-2.21935343836076E-16,-1.));
#7686=DIRECTION('',(0.,-1.,0.));
#7687=DIRECTION('',(0.,0.,-1.));
#7688=DIRECTION('',(-1.,0.,0.));
#7689=DIRECTION('',(0.,0.,-1.));
#7690=DIRECTION('',(-1.,0.,0.));
#7691=DIRECTION('',(1.,0.,0.));
#7692=DIRECTION('',(0.,-1.,0.));
#7693=DIRECTION('',(-1.,0.,0.));
#7694=DIRECTION('',(-1.,0.,0.));
#7695=DIRECTION('',(0.,-1.,0.));
#7696=DIRECTION('',(1.,0.,0.));
#7697=DIRECTION('',(-1.,0.,0.));
#7698=DIRECTION('',(-1.,0.,0.));
#7699=DIRECTION('',(0.,0.,1.));
#7700=DIRECTION('',(-1.,0.,0.));
#7701=DIRECTION('',(-1.,0.,0.));
#7702=DIRECTION('',(0.,0.,1.));
#7703=DIRECTION('',(-1.,0.,0.));
#7704=DIRECTION('',(0.,-0.503773977045526,0.863835505204396));
#7705=DIRECTION('',(0.,-0.863835505204396,-0.503773977045526));
#7706=DIRECTION('',(-1.,0.,0.));
#7707=DIRECTION('',(0.,0.863835505204396,0.503773977045526));
#7708=DIRECTION('',(1.,0.,0.));
#7709=DIRECTION('',(-1.,0.,0.));
#7710=DIRECTION('',(0.,0.,1.));
#7711=DIRECTION('',(-1.,0.,0.));
#7712=DIRECTION('',(-1.,0.,0.));
#7713=DIRECTION('',(0.,0.,1.));
#7714=DIRECTION('',(0.,1.,-2.41598274957028E-16));
#7715=DIRECTION('',(0.,2.41598274957028E-16,1.));
#7716=DIRECTION('',(0.,-2.41598274957028E-16,-1.));
#7717=DIRECTION('',(1.,0.,0.));
#7718=DIRECTION('',(1.,0.,0.));
#7719=DIRECTION('',(-1.,0.,0.));
#7720=DIRECTION('',(0.,0.,1.));
#7721=DIRECTION('',(-1.,0.,0.));
#7722=DIRECTION('',(0.,0.,1.));
#7723=DIRECTION('',(-1.,0.,0.));
#7724=DIRECTION('',(-1.,0.,0.));
#7725=DIRECTION('',(0.,-1.,0.));
#7726=DIRECTION('',(0.,0.,-1.));
#7727=DIRECTION('',(-1.,0.,0.));
#7728=DIRECTION('',(0.,-1.,0.));
#7729=DIRECTION('',(0.,0.,-1.));
#7730=DIRECTION('',(-1.,0.,0.));
#7731=DIRECTION('',(0.,0.,1.));
#7732=DIRECTION('',(-1.,0.,0.));
#7733=DIRECTION('',(0.,0.,1.));
#7734=DIRECTION('',(0.,0.863835505204396,-0.503773977045527));
#7735=DIRECTION('',(1.,0.,0.));
#7736=DIRECTION('',(0.,-2.21935343836076E-16,-1.));
#7737=DIRECTION('',(1.,0.,0.));
#7738=DIRECTION('',(0.,-2.21935343836076E-16,-1.));
#7739=DIRECTION('',(1.,0.,0.));
#7740=DIRECTION('',(0.,-2.21935343836076E-16,-1.));
#7741=DIRECTION('',(0.,-1.,2.21935343836076E-16));
#7742=DIRECTION('',(0.,0.,1.));
#7743=DIRECTION('',(0.,0.,1.));
#7744=DIRECTION('',(0.,-1.,2.21935343836076E-16));
#7745=DIRECTION('',(1.,0.,0.));
#7746=DIRECTION('',(0.,-2.21935343836076E-16,-1.));
#7747=DIRECTION('',(1.,0.,0.));
#7748=DIRECTION('',(0.,-2.21935343836076E-16,-1.));
#7749=DIRECTION('',(1.,0.,0.));
#7750=DIRECTION('',(0.,-2.21935343836076E-16,-1.));
#7751=DIRECTION('',(-1.,0.,0.));
#7752=DIRECTION('',(0.,0.,1.));
#7753=DIRECTION('',(-1.,0.,0.));
#7754=DIRECTION('',(0.,0.,1.));
#7755=DIRECTION('',(0.,0.,-1.));
#7756=DIRECTION('',(-1.,0.,0.));
#7757=DIRECTION('',(0.,0.,1.));
#7758=DIRECTION('',(-1.,0.,0.));
#7759=DIRECTION('',(0.,0.,1.));
#7760=DIRECTION('',(-1.,0.,0.));
#7761=DIRECTION('',(0.,-1.,6.12323399573677E-17));
#7762=DIRECTION('',(-1.,0.,0.));
#7763=DIRECTION('',(0.,-1.22464679914735E-16,-1.));
#7764=DIRECTION('',(-1.,0.,0.));
#7765=DIRECTION('',(0.,1.,-1.83697019872103E-16));
#7766=DIRECTION('',(-1.,0.,0.));
#7767=DIRECTION('',(0.,-1.22464679914735E-16,-1.));
#7768=DIRECTION('',(-1.,0.,0.));
#7769=DIRECTION('',(0.,1.,-1.83697019872103E-16));
#7770=DIRECTION('',(-1.,0.,0.));
#7771=DIRECTION('',(0.,0.,1.));
#7772=DIRECTION('',(-1.,0.,0.));
#7773=DIRECTION('',(0.,0.,1.));
#7774=DIRECTION('',(-1.,0.,0.));
#7775=DIRECTION('',(0.,-1.,6.12323399573677E-17));
#7776=DIRECTION('',(-1.,0.,0.));
#7777=DIRECTION('',(0.,-1.,6.12323399573677E-17));
#7778=DIRECTION('',(-1.,0.,0.));
#7779=DIRECTION('',(0.,-1.22464679914735E-16,-1.));
#7780=DIRECTION('',(-1.,0.,0.));
#7781=DIRECTION('',(0.,1.,-1.83697019872103E-16));
#7782=DIRECTION('',(-1.,0.,0.));
#7783=DIRECTION('',(0.,0.,1.));
#7784=DIRECTION('',(-1.,0.,0.));
#7785=DIRECTION('',(0.,0.,1.));
#7786=DIRECTION('',(-1.,0.,0.));
#7787=DIRECTION('',(0.,1.,-1.83697019872103E-16));
#7788=DIRECTION('',(-1.,0.,0.));
#7789=DIRECTION('',(0.,0.,1.));
#7790=DIRECTION('',(-1.,0.,0.));
#7791=DIRECTION('',(0.,0.,1.));
#7792=DIRECTION('',(-1.,0.,0.));
#7793=DIRECTION('',(0.,-1.,6.12323399573677E-17));
#7794=DIRECTION('',(-1.,0.,0.));
#7795=DIRECTION('',(0.,-1.22464679914735E-16,-1.));
#7796=DIRECTION('',(-1.,0.,0.));
#7797=DIRECTION('',(0.,0.,1.));
#7798=DIRECTION('',(-1.,0.,0.));
#7799=DIRECTION('',(0.,0.,1.));
#7800=DIRECTION('',(-1.,0.,0.));
#7801=DIRECTION('',(0.,0.,1.));
#7802=DIRECTION('',(-1.,0.,0.));
#7803=DIRECTION('',(0.,0.,1.));
#7804=DIRECTION('',(0.,-1.,2.21935343836076E-16));
#7805=DIRECTION('',(0.,2.21935343836076E-16,1.));
#7806=DIRECTION('',(-1.,0.,0.));
#7807=DIRECTION('',(0.,2.21935343836076E-16,1.));
#7808=DIRECTION('',(-1.,0.,0.));
#7809=DIRECTION('',(-1.,0.,0.));
#7810=DIRECTION('',(1.,0.,0.));
#7811=DIRECTION('',(-1.,0.,0.));
#7812=DIRECTION('',(0.,-1.,2.21935343836076E-16));
#7813=DIRECTION('',(-1.,0.,0.));
#7814=DIRECTION('',(1.,0.,0.));
#7815=DIRECTION('',(-1.,0.,0.));
#7816=DIRECTION('',(0.,-2.21935343836076E-16,-1.));
#7817=DIRECTION('',(-1.,0.,0.));
#7818=DIRECTION('',(-1.,0.,0.));
#7819=DIRECTION('',(0.,-0.503773977045527,-0.863835505204396));
#7820=DIRECTION('',(0.,-0.863835505204396,0.503773977045527));
#7821=DIRECTION('',(1.,0.,0.));
#7822=DIRECTION('',(-1.,0.,0.));
#7823=DIRECTION('',(0.,-2.21935343836076E-16,-1.));
#7824=DIRECTION('',(-1.,0.,0.));
#7825=DIRECTION('',(-1.,0.,0.));
#7826=DIRECTION('',(0.,-1.,2.21935343836076E-16));
#7827=DIRECTION('',(0.,2.21935343836076E-16,1.));
#7828=DIRECTION('',(-1.,0.,0.));
#7829=DIRECTION('',(0.,-2.21935343836076E-16,-1.));
#7830=DIRECTION('',(-1.,0.,0.));
#7831=DIRECTION('',(0.,-2.21935343836076E-16,-1.));
#7832=DIRECTION('',(-1.,0.,0.));
#7833=DIRECTION('',(0.,-2.21935343836076E-16,-1.));
#7834=DIRECTION('',(-1.,0.,0.));
#7835=DIRECTION('',(0.,-2.21935343836076E-16,-1.));
#7836=DIRECTION('',(-1.,0.,0.));
#7837=DIRECTION('',(0.,0.,1.));
#7838=DIRECTION('',(-1.,0.,0.));
#7839=DIRECTION('',(-1.,0.,0.));
#7840=DIRECTION('',(0.,0.,1.));
#7841=DIRECTION('',(-1.,0.,0.));
#7842=DIRECTION('',(-1.,0.,0.));
#7843=DIRECTION('',(0.,-1.,0.));
#7844=DIRECTION('',(-1.,0.,0.));
#7845=DIRECTION('',(0.,0.,1.));
#7846=DIRECTION('',(-1.,0.,0.));
#7847=DIRECTION('',(0.,0.,1.));
#7848=DIRECTION('',(-1.,0.,0.));
#7849=DIRECTION('',(0.,0.,1.));
#7850=DIRECTION('',(-1.,0.,0.));
#7851=DIRECTION('',(0.,0.,1.));
#7852=DIRECTION('',(-1.,0.,0.));
#7853=DIRECTION('',(0.,0.,1.));
#7854=DIRECTION('',(-1.,0.,0.));
#7855=DIRECTION('',(0.,0.,1.));
#7856=DIRECTION('',(-1.,0.,0.));
#7857=DIRECTION('',(-1.,0.,0.));
#7858=DIRECTION('',(0.,0.,1.));
#7859=DIRECTION('',(-1.,0.,0.));
#7860=DIRECTION('',(-1.,0.,0.));
#7861=DIRECTION('',(0.,-1.,0.));
#7862=DIRECTION('',(-1.,0.,0.));
#7863=DIRECTION('',(0.,0.,1.));
#7864=DIRECTION('',(-1.,0.,0.));
#7865=DIRECTION('',(0.,0.,1.));
#7866=DIRECTION('',(-1.,0.,0.));
#7867=DIRECTION('',(0.,0.,1.));
#7868=DIRECTION('',(-1.,0.,0.));
#7869=DIRECTION('',(0.,0.,1.));
#7870=DIRECTION('',(-1.,0.,0.));
#7871=DIRECTION('',(0.,0.,1.));
#7872=DIRECTION('',(-1.,0.,0.));
#7873=DIRECTION('',(0.,0.,1.));
#7874=DIRECTION('',(-1.,0.,0.));
#7875=DIRECTION('',(-1.,0.,0.));
#7876=DIRECTION('',(0.,0.,1.));
#7877=DIRECTION('',(-1.,0.,0.));
#7878=DIRECTION('',(-1.,0.,0.));
#7879=DIRECTION('',(0.,-1.,0.));
#7880=DIRECTION('',(-1.,0.,0.));
#7881=DIRECTION('',(0.,0.,1.));
#7882=DIRECTION('',(-1.,0.,0.));
#7883=DIRECTION('',(0.,0.,1.));
#7884=DIRECTION('',(-1.,0.,0.));
#7885=DIRECTION('',(0.,0.,1.));
#7886=DIRECTION('',(-1.,0.,0.));
#7887=DIRECTION('',(0.,0.,1.));
#7888=DIRECTION('',(-1.,0.,0.));
#7889=DIRECTION('',(0.,0.,1.));
#7890=DIRECTION('',(-1.,0.,0.));
#7891=DIRECTION('',(0.,0.,1.));
#7892=DIRECTION('',(-1.,0.,0.));
#7893=DIRECTION('',(-1.,0.,0.));
#7894=DIRECTION('',(0.,0.,1.));
#7895=DIRECTION('',(-1.,0.,0.));
#7896=DIRECTION('',(-1.,0.,0.));
#7897=DIRECTION('',(0.,-1.,0.));
#7898=DIRECTION('',(-1.,0.,0.));
#7899=DIRECTION('',(0.,0.,1.));
#7900=DIRECTION('',(-1.,0.,0.));
#7901=DIRECTION('',(0.,0.,1.));
#7902=DIRECTION('',(-1.,0.,0.));
#7903=DIRECTION('',(0.,0.,1.));
#7904=DIRECTION('',(-1.,0.,0.));
#7905=DIRECTION('',(0.,0.,1.));
#7906=DIRECTION('',(-1.,0.,0.));
#7907=DIRECTION('',(0.,0.,1.));
#7908=DIRECTION('',(-1.,0.,0.));
#7909=DIRECTION('',(0.,0.,1.));
#7910=DIRECTION('',(-1.,0.,0.));
#7911=DIRECTION('',(0.,0.,1.));
#7912=DIRECTION('',(-1.,0.,0.));
#7913=DIRECTION('',(0.,0.,1.));
#7914=DIRECTION('',(-1.,0.,0.));
#7915=DIRECTION('',(0.,0.,1.));
#7916=DIRECTION('',(-1.,0.,0.));
#7917=DIRECTION('',(0.,0.,1.));
#7918=DIRECTION('',(-1.,0.,0.));
#7919=DIRECTION('',(0.,0.,1.));
#7920=DIRECTION('',(-1.,0.,0.));
#7921=DIRECTION('',(0.,-1.,0.));
#7922=DIRECTION('',(-1.,0.,0.));
#7923=DIRECTION('',(0.,0.,1.));
#7924=DIRECTION('',(-1.,0.,0.));
#7925=DIRECTION('',(0.,0.,1.));
#7926=DIRECTION('',(-1.,0.,0.));
#7927=DIRECTION('',(0.,-1.,0.));
#7928=DIRECTION('',(-1.,0.,0.));
#7929=DIRECTION('',(0.,0.,1.));
#7930=DIRECTION('',(-1.,0.,0.));
#7931=DIRECTION('',(0.,0.,1.));
#7932=DIRECTION('',(-1.,0.,0.));
#7933=DIRECTION('',(0.,-1.,0.));
#7934=DIRECTION('',(-1.,0.,0.));
#7935=DIRECTION('',(0.,0.,1.));
#7936=DIRECTION('',(-1.,0.,0.));
#7937=DIRECTION('',(0.,0.,1.));
#7938=DIRECTION('',(-1.,0.,0.));
#7939=DIRECTION('',(0.,-1.,0.));
#7940=DIRECTION('',(-1.,0.,0.));
#7941=DIRECTION('',(0.,0.,1.));
#7942=DIRECTION('',(-1.,0.,0.));
#7943=DIRECTION('',(0.,0.,-1.));
#7944=DIRECTION('',(-1.,0.,0.));
#7945=DIRECTION('',(0.,1.,-1.83697019872103E-16));
#7946=DIRECTION('',(-1.,0.,0.));
#7947=DIRECTION('',(0.,-1.,1.83697019872103E-16));
#7948=DIRECTION('',(-1.,0.,0.));
#7949=DIRECTION('',(0.,-1.22464679914735E-16,-1.));
#7950=DIRECTION('',(-1.,0.,0.));
#7951=DIRECTION('',(0.,1.22464679914735E-16,1.));
#7952=DIRECTION('',(-1.,0.,0.));
#7953=DIRECTION('',(0.,-1.,6.12323399573677E-17));
#7954=DIRECTION('',(-1.,0.,0.));
#7955=DIRECTION('',(0.,1.,-6.12323399573677E-17));
#7956=DIRECTION('',(-1.,0.,0.));
#7957=DIRECTION('',(0.,0.,1.));
#7958=DIRECTION('',(-1.,0.,0.));
#7959=DIRECTION('',(0.,0.,-1.));
#7960=DIRECTION('',(-1.,0.,0.));
#7961=DIRECTION('',(0.,-1.,6.12323399573677E-17));
#7962=DIRECTION('',(-1.,0.,0.));
#7963=DIRECTION('',(0.,1.,-6.12323399573677E-17));
#7964=DIRECTION('',(-1.,0.,0.));
#7965=DIRECTION('',(0.,-1.22464679914735E-16,-1.));
#7966=DIRECTION('',(-1.,0.,0.));
#7967=DIRECTION('',(0.,1.22464679914735E-16,1.));
#7968=DIRECTION('',(-1.,0.,0.));
#7969=DIRECTION('',(0.,1.,-1.83697019872103E-16));
#7970=DIRECTION('',(-1.,0.,0.));
#7971=DIRECTION('',(0.,-1.,1.83697019872103E-16));
#7972=DIRECTION('',(-1.,0.,0.));
#7973=DIRECTION('',(0.,-1.,6.12323399573677E-17));
#7974=DIRECTION('',(-1.,0.,0.));
#7975=DIRECTION('',(0.,1.,-6.12323399573677E-17));
#7976=DIRECTION('',(-1.,0.,0.));
#7977=DIRECTION('',(0.,-1.22464679914735E-16,-1.));
#7978=DIRECTION('',(-1.,0.,0.));
#7979=DIRECTION('',(0.,1.22464679914735E-16,1.));
#7980=DIRECTION('',(-1.,0.,0.));
#7981=DIRECTION('',(0.,1.,-1.83697019872103E-16));
#7982=DIRECTION('',(-1.,0.,0.));
#7983=DIRECTION('',(0.,-1.,1.83697019872103E-16));
#7984=DIRECTION('',(-1.,0.,0.));
#7985=DIRECTION('',(0.,0.,1.));
#7986=DIRECTION('',(-1.,0.,0.));
#7987=DIRECTION('',(0.,0.,-1.));
#7988=DIRECTION('',(-1.,0.,0.));
#7989=DIRECTION('',(0.,0.,1.));
#7990=DIRECTION('',(-1.,0.,0.));
#7991=DIRECTION('',(0.,0.,-1.));
#7992=DIRECTION('',(-1.,0.,0.));
#7993=DIRECTION('',(0.,-1.,6.12323399573677E-17));
#7994=DIRECTION('',(-1.,0.,0.));
#7995=DIRECTION('',(0.,1.,-6.12323399573677E-17));
#7996=DIRECTION('',(-1.,0.,0.));
#7997=DIRECTION('',(0.,1.,-1.83697019872103E-16));
#7998=DIRECTION('',(-1.,0.,0.));
#7999=DIRECTION('',(0.,-1.,1.83697019872103E-16));
#8000=DIRECTION('',(-1.,0.,0.));
#8001=DIRECTION('',(0.,-1.22464679914735E-16,-1.));
#8002=DIRECTION('',(-1.,0.,0.));
#8003=DIRECTION('',(0.,1.22464679914735E-16,1.));
#8004=DIRECTION('',(1.,0.,0.));
#8005=DIRECTION('',(0.,1.,0.));
#8006=DIRECTION('',(0.,0.708955557080774,-0.705253158861618));
#8007=DIRECTION('',(0.,0.708955557080774,-0.705253158861617));
#8008=DIRECTION('',(0.,0.708955557080774,-0.705253158861617));
#8009=DIRECTION('',(0.,0.705253158861617,0.708955557080774));
#8010=DIRECTION('',(0.,-0.708955557080774,0.705253158861618));
#8011=DIRECTION('',(0.,-0.705253158861618,-0.708955557080774));
#8012=DIRECTION('',(1.,0.,0.));
#8013=DIRECTION('',(0.,1.,0.));
#8014=DIRECTION('',(0.,0.708955557080774,0.705253158861617));
#8015=DIRECTION('',(0.,0.708955557080774,0.705253158861618));
#8016=DIRECTION('',(0.,0.708955557080774,0.705253158861617));
#8017=DIRECTION('',(0.,0.705253158861617,-0.708955557080774));
#8018=DIRECTION('',(0.,-0.708955557080774,-0.705253158861618));
#8019=DIRECTION('',(0.,-0.705253158861618,0.708955557080774));
#8020=DIRECTION('',(-1.,0.,0.));
#8021=DIRECTION('',(0.,0.,1.));
#8022=DIRECTION('',(-1.,0.,0.));
#8023=DIRECTION('',(0.,0.,1.));
#8024=DIRECTION('',(1.,0.,0.));
#8025=DIRECTION('',(1.,0.,0.));
#8026=DIRECTION('',(0.,0.,-1.));
#8027=DIRECTION('',(1.,0.,0.));
#8028=DIRECTION('',(-1.,0.,0.));
#8029=DIRECTION('',(0.,0.,1.));
#8030=DIRECTION('',(-1.,0.,0.));
#8031=DIRECTION('',(0.,0.,1.));
#8032=DIRECTION('',(1.,0.,0.));
#8033=DIRECTION('',(1.,0.,0.));
#8034=DIRECTION('',(0.,0.,-1.));
#8035=DIRECTION('',(1.,0.,0.));
#8036=DIRECTION('',(-1.,0.,0.));
#8037=DIRECTION('',(0.,0.,1.));
#8038=DIRECTION('',(-1.,0.,0.));
#8039=DIRECTION('',(0.,0.,1.));
#8040=DIRECTION('',(1.,0.,0.));
#8041=DIRECTION('',(1.,0.,0.));
#8042=DIRECTION('',(0.,0.,-1.));
#8043=DIRECTION('',(1.,0.,0.));
#8044=DIRECTION('',(-1.,0.,0.));
#8045=DIRECTION('',(0.,-1.,0.));
#8046=DIRECTION('',(-1.,0.,0.));
#8047=DIRECTION('',(0.,0.,1.));
#8048=DIRECTION('',(-1.,0.,0.));
#8049=DIRECTION('',(0.,-1.,0.));
#8050=DIRECTION('',(-1.,0.,0.));
#8051=DIRECTION('',(0.,0.,1.));
#8052=DIRECTION('',(-1.,0.,0.));
#8053=DIRECTION('',(0.,-1.,0.));
#8054=DIRECTION('',(-1.,0.,0.));
#8055=DIRECTION('',(0.,0.,1.));
#8056=DIRECTION('',(-1.,0.,0.));
#8057=DIRECTION('',(0.,-1.,0.));
#8058=DIRECTION('',(-1.,0.,0.));
#8059=DIRECTION('',(0.,0.,1.));
#8060=DIRECTION('',(-1.,0.,0.));
#8061=DIRECTION('',(0.,0.,1.));
#8062=DIRECTION('',(-1.,0.,0.));
#8063=DIRECTION('',(0.,0.,1.));
#8064=DIRECTION('',(1.,0.,0.));
#8065=DIRECTION('',(1.,0.,0.));
#8066=DIRECTION('',(0.,0.,-1.));
#8067=DIRECTION('',(1.,0.,0.));
#8068=DIRECTION('',(-1.,0.,0.));
#8069=DIRECTION('',(0.,-1.,0.));
#8070=DIRECTION('',(-1.,0.,0.));
#8071=DIRECTION('',(0.,0.,1.));
#8072=DIRECTION('',(-1.,0.,0.));
#8073=DIRECTION('',(0.,0.,1.));
#8074=DIRECTION('',(-1.,0.,0.));
#8075=DIRECTION('',(0.,0.,1.));
#8076=DIRECTION('',(-1.,0.,0.));
#8077=DIRECTION('',(0.,-1.,0.));
#8078=DIRECTION('',(-1.,0.,0.));
#8079=DIRECTION('',(0.,0.,1.));
#8080=DIRECTION('',(-1.,0.,0.));
#8081=DIRECTION('',(0.,0.,1.));
#8082=DIRECTION('',(-1.,0.,0.));
#8083=DIRECTION('',(0.,-1.,0.));
#8084=DIRECTION('',(-1.,0.,0.));
#8085=DIRECTION('',(0.,0.,1.));
#8086=DIRECTION('',(-1.,0.,0.));
#8087=DIRECTION('',(0.,0.,1.));
#8088=DIRECTION('',(-1.,0.,0.));
#8089=DIRECTION('',(0.,0.,1.));
#8090=DIRECTION('',(-1.,0.,0.));
#8091=DIRECTION('',(0.,0.,1.));
#8092=DIRECTION('',(0.,0.938793994893365,-0.344479077959978));
#8093=DIRECTION('',(0.,-0.344479077959978,-0.938793994893365));
#8094=DIRECTION('',(0.,0.339558864523596,-0.940584806130445));
#8095=DIRECTION('',(0.,-0.940584806130445,-0.339558864523596));
#8096=DIRECTION('',(0.,0.938793994893365,0.344479077959978));
#8097=DIRECTION('',(0.,-0.344479077959978,0.938793994893365));
#8098=DIRECTION('',(0.,0.339558864523596,0.940584806130445));
#8099=DIRECTION('',(0.,-0.940584806130445,0.339558864523596));
#8100=DIRECTION('',(0.,-1.,0.));
#8101=DIRECTION('',(0.,0.,-1.));
#8102=DIRECTION('',(-1.,0.,0.));
#8103=DIRECTION('',(0.,-1.,0.));
#8104=DIRECTION('',(0.,0.,-1.));
#8105=DIRECTION('',(-1.,0.,0.));
#8106=DIRECTION('',(0.,1.,0.));
#8107=DIRECTION('',(0.,0.,1.));
#8108=DIRECTION('',(-1.,0.,0.));
#8109=DIRECTION('',(0.,1.,0.));
#8110=DIRECTION('',(0.,0.,1.));
#8111=DIRECTION('',(-1.,0.,0.));
#8112=DIRECTION('',(0.,1.,0.));
#8113=DIRECTION('',(0.,0.,1.));
#8114=DIRECTION('',(0.,0.,1.));
#8115=DIRECTION('',(0.,0.,1.));
#8116=DIRECTION('',(1.,0.,0.));
#8117=DIRECTION('',(0.,-1.,0.));
#8118=DIRECTION('',(0.,0.,1.));
#8119=DIRECTION('',(1.,0.,0.));
#8120=DIRECTION('',(0.,-1.,0.));
#8121=DIRECTION('',(0.,1.,0.));
#8122=DIRECTION('',(0.,0.,1.));
#8123=DIRECTION('',(0.,0.,1.));
#8124=DIRECTION('',(0.,0.,1.));
#8125=DIRECTION('',(1.,0.,0.));
#8126=DIRECTION('',(0.,-1.,0.));
#8127=DIRECTION('',(0.,0.,1.));
#8128=DIRECTION('',(1.,0.,0.));
#8129=DIRECTION('',(0.,-1.,0.));
#8130=DIRECTION('',(1.,0.,0.));
#8131=DIRECTION('',(0.,1.,0.));
#8132=DIRECTION('',(-0.707106781186548,-0.707106781186548,-1.58262524338514E-16));
#8133=DIRECTION('',(0.707106781186548,-0.707106781186548,1.58262524338514E-16));
#8134=DIRECTION('',(0.707106781186548,-0.707106781186548,2.37393786507772E-16));
#8135=DIRECTION('',(-0.707106781186548,-0.707106781186548,-2.37393786507772E-16));
#8136=DIRECTION('',(-1.,0.,0.));
#8137=DIRECTION('',(0.,0.,1.));
#8138=DIRECTION('',(0.,-1.,0.));
#8139=DIRECTION('',(-1.,0.,0.));
#8140=DIRECTION('',(0.,0.,1.));
#8141=DIRECTION('',(0.,-1.,0.));
#8142=DIRECTION('',(0.,0.,-1.));
#8143=DIRECTION('',(-1.,0.,0.));
#8144=DIRECTION('',(0.,-1.,0.));
#8145=DIRECTION('',(1.,0.,0.));
#8146=DIRECTION('',(0.,-1.,0.));
#8147=DIRECTION('',(-1.,0.,0.));
#8148=DIRECTION('',(0.,0.,1.));
#8149=DIRECTION('',(-1.,0.,0.));
#8150=DIRECTION('',(0.,0.,1.));
#8151=DIRECTION('',(0.,-1.,0.));
#8152=DIRECTION('',(0.,-1.,0.));
#8153=DIRECTION('',(0.,-1.,0.));
#8154=DIRECTION('',(0.,0.,-1.));
#8155=DIRECTION('',(0.,1.,0.));
#8156=DIRECTION('',(0.,0.,1.));
#8157=DIRECTION('',(0.,-1.,0.));
#8158=DIRECTION('',(0.,0.,-1.));
#8159=DIRECTION('',(0.,1.,0.));
#8160=DIRECTION('',(0.,0.,1.));
#8161=DIRECTION('',(1.,0.,5.25673780599033E-16));
#8162=DIRECTION('',(5.25673780599033E-16,0.,-1.));
#8163=DIRECTION('',(0.,1.,0.));
#8164=DIRECTION('',(1.,0.,5.25673780599033E-16));
#8165=DIRECTION('',(5.25673780599033E-16,0.,-1.));
#8166=DIRECTION('',(0.,1.,0.));
#8167=DIRECTION('',(9.6373526443156E-17,0.,-1.));
#8168=DIRECTION('',(-1.,0.,-9.6373526443156E-17));
#8169=DIRECTION('',(1.,0.,0.));
#8170=DIRECTION('',(0.,1.,0.));
#8171=DIRECTION('',(0.,1.,0.));
#8172=DIRECTION('',(0.,0.,-1.));
#8173=DIRECTION('',(-1.,0.,0.));
#8174=DIRECTION('',(0.,1.,0.));
#8175=DIRECTION('',(1.,0.,0.));
#8176=DIRECTION('',(0.,1.,0.));
#8177=DIRECTION('',(0.,1.,0.));
#8178=DIRECTION('',(0.,0.,1.));
#8179=DIRECTION('',(0.,-1.,0.));
#8180=DIRECTION('',(0.,0.,-1.));
#8181=DIRECTION('',(0.,-1.,0.));
#8182=DIRECTION('',(0.,0.,-1.));
#8183=DIRECTION('',(0.,1.,0.));
#8184=DIRECTION('',(0.,0.,1.));
#8185=DIRECTION('',(1.,0.,-5.25673780599033E-16));
#8186=DIRECTION('',(5.25673780599033E-16,0.,1.));
#8187=DIRECTION('',(0.,1.,0.));
#8188=DIRECTION('',(1.,0.,-5.25673780599033E-16));
#8189=DIRECTION('',(-5.25673780599033E-16,0.,-1.));
#8190=DIRECTION('',(0.,1.,0.));
#8191=DIRECTION('',(9.6373526443156E-17,0.,1.));
#8192=DIRECTION('',(-1.,0.,9.6373526443156E-17));
#8193=DIRECTION('',(1.,0.,0.));
#8194=DIRECTION('',(0.,1.,0.));
#8195=DIRECTION('',(0.,1.,0.));
#8196=DIRECTION('',(0.,0.,1.));
#8197=DIRECTION('',(-1.,0.,0.));
#8198=DIRECTION('',(0.,1.,0.));
#8199=DIRECTION('',(1.,0.,0.));
#8200=DIRECTION('',(0.,1.,0.));
#8201=DIRECTION('',(0.,1.,0.));
#8202=DIRECTION('',(0.,0.,-1.));
#8203=DIRECTION('',(0.,-1.,0.));
#8204=DIRECTION('',(0.,0.,1.));
#8205=DIRECTION('',(0.,-1.,0.));
#8206=DIRECTION('',(0.,0.,1.));
#8207=DIRECTION('',(0.,1.,0.));
#8208=DIRECTION('',(0.,0.,-1.));
#8209=DIRECTION('',(1.,0.,0.));
#8210=DIRECTION('',(0.,1.,0.));
#8211=DIRECTION('',(0.,-0.707106781186547,0.707106781186548));
#8212=DIRECTION('',(1.,0.,0.));
#8213=DIRECTION('',(0.,0.,-1.));
#8214=DIRECTION('',(0.,-0.707106781186548,0.707106781186548));
#8215=DIRECTION('',(1.,0.,0.));
#8216=DIRECTION('',(0.,0.,-1.));
#8217=DIRECTION('',(0.,0.707106781186548,-0.707106781186548));
#8218=DIRECTION('',(0.,0.707106781186548,0.707106781186548));
#8219=DIRECTION('',(0.,-0.707106781186547,0.707106781186548));
#8220=DIRECTION('',(0.,-0.707106781186548,-0.707106781186547));
#8221=DIRECTION('',(0.,0.707106781186547,-0.707106781186548));
#8222=DIRECTION('',(0.,0.707106781186548,0.707106781186547));
#8223=DIRECTION('',(0.,-0.707106781186548,0.707106781186548));
#8224=DIRECTION('',(0.,-0.707106781186548,-0.707106781186548));
#8225=DIRECTION('',(0.,-0.707106781186548,-0.707106781186548));
#8226=DIRECTION('',(0.,0.707106781186548,-0.707106781186548));
#8227=DIRECTION('',(0.,-0.707106781186548,0.707106781186548));
#8228=DIRECTION('',(0.999842513060422,-0.0125488859469768,0.0125488859469768));
#8229=DIRECTION('',(0.,-0.707106781186548,0.707106781186548));
#8230=DIRECTION('',(0.,-0.707106781186548,-0.707106781186547));
#8231=DIRECTION('',(0.,0.707106781186547,-0.707106781186548));
#8232=DIRECTION('',(0.,-0.707106781186547,0.707106781186548));
#8233=DIRECTION('',(-0.999842513060422,0.0125488859469686,-0.0125488859469686));
#8234=DIRECTION('',(0.,-0.707106781186547,0.707106781186548));
#8235=DIRECTION('',(1.,0.,0.));
#8236=DIRECTION('',(0.,1.,0.));
#8237=DIRECTION('',(0.,-0.707106781186547,0.707106781186548));
#8238=DIRECTION('',(1.,0.,0.));
#8239=DIRECTION('',(0.,0.,-1.));
#8240=DIRECTION('',(0.,-0.707106781186548,0.707106781186548));
#8241=DIRECTION('',(1.,0.,0.));
#8242=DIRECTION('',(0.,1.,0.));
#8243=DIRECTION('',(0.,-0.707106781186548,0.707106781186548));
#8244=DIRECTION('',(1.,0.,0.));
#8245=DIRECTION('',(0.,0.,-1.));
#8246=DIRECTION('',(0.,-0.707106781186547,0.707106781186548));
#8247=DIRECTION('',(0.,-0.707106781186547,0.707106781186548));
#8248=DIRECTION('',(0.,-0.707106781186548,-0.707106781186547));
#8249=DIRECTION('',(0.,0.707106781186547,-0.707106781186548));
#8250=DIRECTION('',(0.,0.707106781186548,0.707106781186547));
#8251=DIRECTION('',(0.,0.707106781186548,-0.707106781186548));
#8252=DIRECTION('',(0.,0.707106781186548,0.707106781186548));
#8253=DIRECTION('',(0.,-0.707106781186548,0.707106781186548));
#8254=DIRECTION('',(0.,-0.707106781186548,-0.707106781186548));
#8255=DIRECTION('',(1.,0.,0.));
#8256=DIRECTION('',(0.,0.,-1.));
#8257=DIRECTION('',(-1.,0.,0.));
#8258=DIRECTION('',(0.,0.,1.));
#8259=DIRECTION('',(1.,0.,0.));
#8260=DIRECTION('',(0.,0.,-1.));
#8261=DIRECTION('',(0.014311374352738,0.988278092689607,-0.151992092142746));
#8262=DIRECTION('',(0.,0.152007659697443,0.988379315543029));
#8263=DIRECTION('',(-1.,0.,0.));
#8264=DIRECTION('',(0.,0.,1.));
#8265=DIRECTION('',(1.,0.,0.));
#8266=DIRECTION('',(0.,0.,-1.));
#8267=DIRECTION('',(0.0143113743527475,0.151992092142758,-0.988278092689605));
#8268=DIRECTION('',(0.,0.988379315543027,0.152007659697456));
#8269=DIRECTION('',(1.,0.,0.));
#8270=DIRECTION('',(0.,1.,0.));
#8271=DIRECTION('',(-1.,0.,0.));
#8272=DIRECTION('',(0.,0.,1.));
#8273=DIRECTION('',(-1.,0.,0.));
#8274=DIRECTION('',(0.,0.,1.));
#8275=DIRECTION('',(-1.,0.,0.));
#8276=DIRECTION('',(0.,0.,1.));
#8277=DIRECTION('',(1.,0.,0.));
#8278=DIRECTION('',(0.,0.,-1.));
#8279=DIRECTION('',(1.,0.,0.));
#8280=DIRECTION('',(0.,0.,-1.));
#8281=DIRECTION('',(1.,0.,0.));
#8282=DIRECTION('',(0.,0.,-1.));
#8283=DIRECTION('',(1.,0.,0.));
#8284=DIRECTION('',(0.,0.,-1.));
#8285=DIRECTION('',(1.,0.,0.));
#8286=DIRECTION('',(0.,0.,-1.));
#8287=DIRECTION('',(1.,0.,0.));
#8288=DIRECTION('',(0.,0.,-1.));
#8289=DIRECTION('',(1.,0.,0.));
#8290=DIRECTION('',(0.,0.,-1.));
#8291=DIRECTION('',(1.,0.,0.));
#8292=DIRECTION('',(0.,0.,-1.));
#8293=DIRECTION('',(0.,0.,1.));
#8294=DIRECTION('',(1.,0.,0.));
#8295=DIRECTION('',(0.,2.52552238339231E-16,1.));
#8296=DIRECTION('',(0.,-1.,2.52552238339231E-16));
#8297=DIRECTION('',(0.,0.,1.));
#8298=DIRECTION('',(1.,0.,0.));
#8299=DIRECTION('',(-0.704847828174354,-0.286090201677366,0.649108569980477));
#8300=DIRECTION('',(0.677423029873068,0.,0.735593664054818));
#8301=DIRECTION('',(1.29031333502926E-14,-0.863835505204415,-0.503773977045493));
#8302=DIRECTION('',(0.,0.503773977045493,-0.863835505204415));
#8303=DIRECTION('',(0.,-0.863835505204396,-0.503773977045526));
#8304=DIRECTION('',(0.,0.503773977045526,-0.863835505204396));
#8305=DIRECTION('',(0.,-0.863835505204395,-0.503773977045527));
#8306=DIRECTION('',(0.,0.503773977045527,-0.863835505204395));
#8307=DIRECTION('',(1.,0.,0.));
#8308=DIRECTION('',(0.,0.,-1.));
#8309=DIRECTION('',(0.,0.863835505204393,-0.503773977045531));
#8310=DIRECTION('',(0.,0.503773977045531,0.863835505204393));
#8311=DIRECTION('',(0.,0.863835505204396,-0.503773977045527));
#8312=DIRECTION('',(0.,0.503773977045527,0.863835505204396));
#8313=DIRECTION('',(0.,0.863835505204394,-0.503773977045529));
#8314=DIRECTION('',(0.,0.503773977045529,0.863835505204394));
#8315=DIRECTION('',(0.704847828174358,0.28609020167736,0.649108569980476));
#8316=DIRECTION('',(0.677423029873065,0.,-0.735593664054821));
#8317=DIRECTION('',(-1.,0.,0.));
#8318=DIRECTION('',(0.,0.,1.));
#8319=DIRECTION('',(-1.,0.,0.));
#8320=DIRECTION('',(0.,0.,1.));
#8321=DIRECTION('',(-1.,0.,0.));
#8322=DIRECTION('',(0.,-1.,0.));
#8323=DIRECTION('',(-1.,0.,0.));
#8324=DIRECTION('',(0.,0.,1.));
#8325=DIRECTION('',(-1.,0.,0.));
#8326=DIRECTION('',(0.,0.,1.));
#8327=DIRECTION('',(-1.,0.,0.));
#8328=DIRECTION('',(0.,-1.,0.));
#8329=DIRECTION('',(0.,0.,1.));
#8330=DIRECTION('',(1.,0.,0.));
#8331=DIRECTION('',(0.,0.708955557080774,-0.705253158861618));
#8332=DIRECTION('',(0.,0.705253158861618,0.708955557080774));
#8333=DIRECTION('',(0.,0.705253158861618,0.708955557080774));
#8334=DIRECTION('',(0.,0.708955557080774,-0.705253158861618));
#8335=DIRECTION('',(0.,0.705253158861618,0.708955557080774));
#8336=DIRECTION('',(1.,0.,0.));
#8337=DIRECTION('',(0.,0.708955557080774,-0.705253158861618));
#8338=DIRECTION('',(0.,0.705253158861618,0.708955557080774));
#8339=DIRECTION('',(0.,0.705253158861618,0.708955557080774));
#8340=DIRECTION('',(0.,0.708955557080774,-0.705253158861618));
#8341=DIRECTION('',(0.,0.705253158861618,0.708955557080774));
#8342=DIRECTION('',(1.,0.,0.));
#8343=DIRECTION('',(0.,0.708955557080774,-0.705253158861618));
#8344=DIRECTION('',(0.,0.705253158861618,0.708955557080774));
#8345=DIRECTION('',(1.,0.,0.));
#8346=DIRECTION('',(0.,0.708955557080774,-0.705253158861618));
#8347=DIRECTION('',(0.,0.705253158861618,0.708955557080774));
#8348=DIRECTION('',(0.,0.705253158861618,0.708955557080774));
#8349=DIRECTION('',(0.,0.708955557080774,-0.705253158861618));
#8350=DIRECTION('',(0.,0.705253158861618,0.708955557080774));
#8351=DIRECTION('',(1.,0.,0.));
#8352=DIRECTION('',(0.,0.708955557080774,-0.705253158861618));
#8353=DIRECTION('',(0.,0.705253158861618,0.708955557080774));
#8354=DIRECTION('',(0.,0.705253158861618,0.708955557080774));
#8355=DIRECTION('',(0.,0.708955557080774,-0.705253158861618));
#8356=DIRECTION('',(0.,0.705253158861618,0.708955557080774));
#8357=DIRECTION('',(1.,0.,0.));
#8358=DIRECTION('',(0.,1.,0.));
#8359=DIRECTION('',(0.,0.705253158861618,0.708955557080774));
#8360=DIRECTION('',(0.,-0.708955557080774,0.705253158861618));
#8361=DIRECTION('',(0.,-0.708955557080774,0.705253158861617));
#8362=DIRECTION('',(1.,0.,0.));
#8363=DIRECTION('',(0.,1.,0.));
#8364=DIRECTION('',(0.,-0.708955557080774,0.705253158861618));
#8365=DIRECTION('',(0.,0.705253158861618,0.708955557080774));
#8366=DIRECTION('',(0.,-0.708955557080774,0.705253158861617));
#8367=DIRECTION('',(0.,-0.705253158861618,-0.708955557080773));
#8368=DIRECTION('',(0.,0.708955557080774,-0.705253158861618));
#8369=DIRECTION('',(1.,0.,0.));
#8370=DIRECTION('',(0.,-0.708955557080774,0.705253158861618));
#8371=DIRECTION('',(0.,-0.708955557080774,0.705253158861618));
#8372=DIRECTION('',(0.,-0.705253158861617,-0.708955557080774));
#8373=DIRECTION('',(0.,0.708955557080774,-0.705253158861617));
#8374=DIRECTION('',(0.,-0.708955557080774,0.705253158861617));
#8375=DIRECTION('',(1.,0.,0.));
#8376=DIRECTION('',(0.,-0.708955557080774,0.705253158861617));
#8377=DIRECTION('',(0.,0.708955557080774,-0.705253158861618));
#8378=DIRECTION('',(0.,0.705253158861618,0.708955557080774));
#8379=DIRECTION('',(0.,0.708955557080774,-0.705253158861618));
#8380=DIRECTION('',(0.,0.705253158861618,0.708955557080774));
#8381=DIRECTION('',(0.,0.708955557080774,-0.705253158861618));
#8382=DIRECTION('',(0.,0.705253158861618,0.708955557080774));
#8383=DIRECTION('',(0.,0.708955557080774,-0.705253158861618));
#8384=DIRECTION('',(0.,0.705253158861618,0.708955557080774));
#8385=DIRECTION('',(0.,0.708955557080774,-0.705253158861618));
#8386=DIRECTION('',(0.,0.705253158861618,0.708955557080774));
#8387=DIRECTION('',(0.,0.708955557080774,-0.705253158861618));
#8388=DIRECTION('',(0.,0.705253158861618,0.708955557080774));
#8389=DIRECTION('',(0.,-0.708955557080774,0.705253158861617));
#8390=DIRECTION('',(0.,-0.705253158861617,-0.708955557080774));
#8391=DIRECTION('',(0.,-0.708955557080774,0.705253158861618));
#8392=DIRECTION('',(0.,-0.705253158861618,-0.708955557080774));
#8393=DIRECTION('',(0.,0.708955557080774,-0.705253158861617));
#8394=DIRECTION('',(0.,0.705253158861617,0.708955557080774));
#8395=DIRECTION('',(0.,-0.705253158861617,-0.708955557080774));
#8396=DIRECTION('',(0.,0.708955557080774,-0.705253158861617));
#8397=DIRECTION('',(0.,0.708955557080774,-0.705253158861617));
#8398=DIRECTION('',(1.,0.,0.));
#8399=DIRECTION('',(0.,0.708955557080774,-0.705253158861617));
#8400=DIRECTION('',(0.,-0.705253158861618,-0.708955557080773));
#8401=DIRECTION('',(0.,0.708955557080774,-0.705253158861618));
#8402=DIRECTION('',(0.,0.708955557080774,-0.705253158861618));
#8403=DIRECTION('',(-1.,0.,0.));
#8404=DIRECTION('',(0.,0.708955557080774,-0.705253158861618));
#8405=DIRECTION('',(1.,0.,0.));
#8406=DIRECTION('',(0.,0.,-1.));
#8407=DIRECTION('',(1.,0.,0.));
#8408=DIRECTION('',(1.,0.,0.));
#8409=DIRECTION('',(0.,0.,-1.));
#8410=DIRECTION('',(1.,0.,0.));
#8411=DIRECTION('',(1.,0.,0.));
#8412=DIRECTION('',(0.,0.,-1.));
#8413=DIRECTION('',(1.,0.,0.));
#8414=DIRECTION('',(0.,1.,0.));
#8415=DIRECTION('',(1.,0.,0.));
#8416=DIRECTION('',(0.,0.,-1.));
#8417=DIRECTION('',(0.,0.966600102016907,-0.256289373132997));
#8418=DIRECTION('',(0.,-0.708955557080774,0.705253158861618));
#8419=DIRECTION('',(0.,0.708955557080774,-0.705253158861617));
#8420=DIRECTION('',(0.,-0.261346943155289,0.96524493021377));
#8421=DIRECTION('',(1.,0.,0.));
#8422=DIRECTION('',(0.,0.,-1.));
#8423=DIRECTION('',(1.,0.,0.));
#8424=DIRECTION('',(0.,0.,-1.));
#8425=DIRECTION('',(1.,0.,0.));
#8426=DIRECTION('',(0.,1.,0.));
#8427=DIRECTION('',(0.,0.708955557080774,-0.705253158861618));
#8428=DIRECTION('',(0.,-0.966600102016907,0.256289373132997));
#8429=DIRECTION('',(1.,0.,0.));
#8430=DIRECTION('',(0.,0.,-1.));
#8431=DIRECTION('',(1.,0.,0.));
#8432=DIRECTION('',(0.,0.,-1.));
#8433=DIRECTION('',(1.,0.,0.));
#8434=DIRECTION('',(0.,0.,-1.));
#8435=DIRECTION('',(0.,0.261346943155289,-0.96524493021377));
#8436=DIRECTION('',(0.,-0.708955557080774,0.705253158861617));
#8437=DIRECTION('',(0.,-0.708955557080774,0.705253158861617));
#8438=DIRECTION('',(0.,-0.705253158861617,-0.708955557080774));
#8439=DIRECTION('',(0.,0.991980900294519,-0.126387869081158));
#8440=DIRECTION('',(0.,0.126387869081158,0.991980900294519));
#8441=DIRECTION('',(0.,0.708955557080774,-0.705253158861618));
#8442=DIRECTION('',(0.,0.705253158861618,0.708955557080774));
#8443=DIRECTION('',(0.,0.131580112702921,-0.991305540154541));
#8444=DIRECTION('',(0.,0.991305540154541,0.131580112702921));
#8445=DIRECTION('',(0.,0.708955557080774,-0.705253158861617));
#8446=DIRECTION('',(0.,0.705253158861617,0.708955557080774));
#8447=DIRECTION('',(0.,0.991980900294519,-0.126387869081153));
#8448=DIRECTION('',(0.,-0.126387869081153,-0.991980900294519));
#8449=DIRECTION('',(0.,-0.708955557080774,0.705253158861618));
#8450=DIRECTION('',(0.,-0.705253158861618,-0.708955557080774));
#8451=DIRECTION('',(0.,0.131580112702919,-0.991305540154541));
#8452=DIRECTION('',(0.,-0.991305540154541,-0.131580112702919));
#8453=DIRECTION('',(0.,-0.96524493021377,-0.261346943155289));
#8454=DIRECTION('',(1.,0.,0.));
#8455=DIRECTION('',(-1.,0.,0.));
#8456=DIRECTION('',(0.,0.261346943155289,-0.96524493021377));
#8457=DIRECTION('',(0.,-0.96524493021377,-0.261346943155289));
#8458=DIRECTION('',(0.,0.261346943155289,-0.96524493021377));
#8459=DIRECTION('',(-1.,0.,0.));
#8460=DIRECTION('',(0.,-0.96524493021377,-0.261346943155289));
#8461=DIRECTION('',(0.,-0.261346943155289,0.96524493021377));
#8462=DIRECTION('',(0.,-0.261346943155289,0.96524493021377));
#8463=DIRECTION('',(0.,0.256289373132997,0.966600102016907));
#8464=DIRECTION('',(1.,0.,0.));
#8465=DIRECTION('',(-1.,0.,0.));
#8466=DIRECTION('',(0.,0.966600102016907,-0.256289373132997));
#8467=DIRECTION('',(0.,0.256289373132997,0.966600102016907));
#8468=DIRECTION('',(0.,0.966600102016907,-0.256289373132997));
#8469=DIRECTION('',(1.,0.,0.));
#8470=DIRECTION('',(0.,0.256289373132997,0.966600102016907));
#8471=DIRECTION('',(0.,-0.966600102016907,0.256289373132997));
#8472=DIRECTION('',(0.,-0.966600102016907,0.256289373132997));
#8473=DIRECTION('',(1.,0.,0.));
#8474=DIRECTION('',(0.,0.,-1.));
#8475=DIRECTION('',(1.,0.,0.));
#8476=DIRECTION('',(0.,0.,-1.));
#8477=DIRECTION('',(1.,0.,0.));
#8478=DIRECTION('',(0.,0.,-1.));
#8479=DIRECTION('',(1.,0.,0.));
#8480=DIRECTION('',(0.,0.,-1.));
#8481=DIRECTION('',(1.,0.,0.));
#8482=DIRECTION('',(0.,0.,-1.));
#8483=DIRECTION('',(1.,0.,0.));
#8484=DIRECTION('',(0.,0.,-1.));
#8485=DIRECTION('',(1.,0.,0.));
#8486=DIRECTION('',(0.,0.,-1.));
#8487=DIRECTION('',(0.,-0.261346943155292,0.965244930213769));
#8488=DIRECTION('',(0.,-0.965244930213769,-0.261346943155292));
#8489=DIRECTION('',(0.,-0.637326103809996,-0.770594210594895));
#8490=DIRECTION('',(0.,0.770594210594896,-0.637326103809996));
#8491=DIRECTION('',(1.,0.,0.));
#8492=DIRECTION('',(0.,0.,-1.));
#8493=DIRECTION('',(0.,-0.767246631051757,-0.641352170916828));
#8494=DIRECTION('',(0.,0.641352170916828,-0.767246631051757));
#8495=DIRECTION('',(0.,0.261346943155289,-0.96524493021377));
#8496=DIRECTION('',(0.,0.96524493021377,0.261346943155289));
#8497=DIRECTION('',(-4.8842734513727E-15,-0.261346943155286,0.965244930213771));
#8498=DIRECTION('',(0.,-0.965244930213771,-0.261346943155286));
#8499=DIRECTION('',(1.,0.,0.));
#8500=DIRECTION('',(0.,0.,-1.));
#8501=DIRECTION('',(0.,-0.966600102016907,0.256289373132996));
#8502=DIRECTION('',(0.,-0.256289373132996,-0.966600102016907));
#8503=DIRECTION('',(1.,-9.0672935533251E-16,3.34886608101884E-15));
#8504=DIRECTION('',(3.34886608101884E-15,0.,-1.));
#8505=DIRECTION('',(0.,-0.966600102016907,0.256289373132997));
#8506=DIRECTION('',(0.,-0.256289373132997,-0.966600102016907));
#8507=DIRECTION('',(0.,-0.966600102016907,0.256289373132996));
#8508=DIRECTION('',(0.,-0.256289373132996,-0.966600102016907));
#8509=DIRECTION('',(-1.,0.,0.));
#8510=DIRECTION('',(0.,0.,1.));
#8511=DIRECTION('',(1.,0.,0.));
#8512=DIRECTION('',(0.,0.,-1.));
#8513=DIRECTION('',(1.,-8.93884081116141E-16,-1.55765603793372E-15));
#8514=DIRECTION('',(-1.55765603793372E-15,0.,-1.));
#8515=DIRECTION('',(-6.69773216203769E-15,0.261346943155286,-0.965244930213771));
#8516=DIRECTION('',(0.,0.965244930213771,0.261346943155286));
#8517=DIRECTION('',(-1.,0.,0.));
#8518=DIRECTION('',(0.,0.,1.));
#8519=DIRECTION('',(1.,-4.91936739316895E-15,4.8936768447362E-15));
#8520=DIRECTION('',(4.91936739316895E-15,1.,0.));
#8521=DIRECTION('',(0.,0.261346943155289,-0.96524493021377));
#8522=DIRECTION('',(0.,0.96524493021377,0.261346943155289));
#8523=DIRECTION('',(1.813458710665E-15,0.261346943155286,-0.965244930213771));
#8524=DIRECTION('',(0.,0.965244930213771,0.261346943155286));
#8525=DIRECTION('',(0.,0.966600102016907,-0.256289373132996));
#8526=DIRECTION('',(0.,0.256289373132996,0.966600102016907));
#8527=DIRECTION('',(1.,0.,0.));
#8528=DIRECTION('',(0.,0.,-1.));
#8529=DIRECTION('',(0.,-0.637326103809996,-0.770594210594895));
#8530=DIRECTION('',(0.,0.770594210594895,-0.637326103809996));
#8531=DIRECTION('',(0.,-0.966600102016907,0.256289373132997));
#8532=DIRECTION('',(0.,-0.256289373132997,-0.966600102016907));
#8533=DIRECTION('',(0.,0.966600102016907,-0.256289373132996));
#8534=DIRECTION('',(0.,0.256289373132996,0.966600102016907));
#8535=DIRECTION('',(1.,0.,0.));
#8536=DIRECTION('',(0.,0.,-1.));
#8537=DIRECTION('',(8.0269810360991E-15,-0.767246631051752,-0.641352170916834));
#8538=DIRECTION('',(0.,0.641352170916835,-0.767246631051752));
#8539=DIRECTION('',(1.,0.,0.));
#8540=DIRECTION('',(0.,0.,-1.));
#8541=DIRECTION('',(0.,0.,1.));
#8542=DIRECTION('',(1.,0.,0.));
#8543=DIRECTION('',(0.,0.708955557080774,0.705253158861618));
#8544=DIRECTION('',(0.,0.705253158861618,-0.708955557080774));
#8545=DIRECTION('',(0.,0.705253158861618,-0.708955557080774));
#8546=DIRECTION('',(0.,-0.708955557080774,-0.705253158861618));
#8547=DIRECTION('',(0.,0.705253158861618,-0.708955557080774));
#8548=DIRECTION('',(1.,0.,0.));
#8549=DIRECTION('',(0.,-0.708955557080774,-0.705253158861618));
#8550=DIRECTION('',(0.,0.705253158861618,-0.708955557080774));
#8551=DIRECTION('',(0.,0.705253158861618,-0.708955557080774));
#8552=DIRECTION('',(0.,-0.708955557080774,-0.705253158861618));
#8553=DIRECTION('',(0.,0.705253158861618,-0.708955557080774));
#8554=DIRECTION('',(1.,0.,0.));
#8555=DIRECTION('',(0.,-0.708955557080774,-0.705253158861618));
#8556=DIRECTION('',(0.,0.705253158861618,-0.708955557080774));
#8557=DIRECTION('',(1.,0.,0.));
#8558=DIRECTION('',(0.,-0.708955557080774,-0.705253158861618));
#8559=DIRECTION('',(0.,0.705253158861618,-0.708955557080774));
#8560=DIRECTION('',(0.,0.705253158861618,-0.708955557080774));
#8561=DIRECTION('',(0.,-0.708955557080774,-0.705253158861618));
#8562=DIRECTION('',(0.,0.705253158861618,-0.708955557080774));
#8563=DIRECTION('',(1.,0.,0.));
#8564=DIRECTION('',(0.,-0.708955557080774,-0.705253158861618));
#8565=DIRECTION('',(0.,0.705253158861618,-0.708955557080774));
#8566=DIRECTION('',(0.,0.705253158861618,-0.708955557080774));
#8567=DIRECTION('',(0.,-0.708955557080774,-0.705253158861618));
#8568=DIRECTION('',(0.,0.705253158861618,-0.708955557080774));
#8569=DIRECTION('',(1.,0.,0.));
#8570=DIRECTION('',(0.,1.,0.));
#8571=DIRECTION('',(0.,0.705253158861618,-0.708955557080774));
#8572=DIRECTION('',(0.,-0.708955557080774,-0.705253158861617));
#8573=DIRECTION('',(0.,-0.708955557080774,-0.705253158861618));
#8574=DIRECTION('',(1.,0.,0.));
#8575=DIRECTION('',(0.,1.,0.));
#8576=DIRECTION('',(0.,-0.708955557080774,-0.705253158861617));
#8577=DIRECTION('',(0.,0.705253158861618,-0.708955557080774));
#8578=DIRECTION('',(0.,-0.708955557080774,-0.705253158861618));
#8579=DIRECTION('',(0.,-0.705253158861618,0.708955557080773));
#8580=DIRECTION('',(0.,0.708955557080774,0.705253158861618));
#8581=DIRECTION('',(1.,0.,0.));
#8582=DIRECTION('',(0.,-0.708955557080774,-0.705253158861618));
#8583=DIRECTION('',(0.,-0.708955557080774,-0.705253158861618));
#8584=DIRECTION('',(0.,-0.705253158861617,0.708955557080774));
#8585=DIRECTION('',(0.,0.708955557080774,0.705253158861617));
#8586=DIRECTION('',(0.,-0.708955557080774,-0.705253158861617));
#8587=DIRECTION('',(1.,0.,0.));
#8588=DIRECTION('',(0.,-0.708955557080774,-0.705253158861617));
#8589=DIRECTION('',(0.,0.708955557080774,0.705253158861618));
#8590=DIRECTION('',(0.,0.705253158861618,-0.708955557080774));
#8591=DIRECTION('',(0.,-0.708955557080774,-0.705253158861618));
#8592=DIRECTION('',(0.,0.705253158861618,-0.708955557080774));
#8593=DIRECTION('',(0.,-0.708955557080774,-0.705253158861618));
#8594=DIRECTION('',(0.,0.705253158861618,-0.708955557080774));
#8595=DIRECTION('',(0.,-0.708955557080774,-0.705253158861618));
#8596=DIRECTION('',(0.,0.705253158861618,-0.708955557080774));
#8597=DIRECTION('',(0.,-0.708955557080774,-0.705253158861618));
#8598=DIRECTION('',(0.,0.705253158861618,-0.708955557080774));
#8599=DIRECTION('',(0.,0.708955557080774,0.705253158861618));
#8600=DIRECTION('',(0.,0.705253158861618,-0.708955557080774));
#8601=DIRECTION('',(0.,-0.708955557080774,-0.705253158861617));
#8602=DIRECTION('',(0.,-0.705253158861617,0.708955557080774));
#8603=DIRECTION('',(0.,-0.708955557080774,-0.705253158861618));
#8604=DIRECTION('',(0.,-0.705253158861618,0.708955557080774));
#8605=DIRECTION('',(0.,0.708955557080774,0.705253158861617));
#8606=DIRECTION('',(0.,0.705253158861617,-0.708955557080774));
#8607=DIRECTION('',(0.,-0.705253158861617,0.708955557080774));
#8608=DIRECTION('',(0.,0.708955557080774,0.705253158861617));
#8609=DIRECTION('',(0.,0.708955557080774,0.705253158861617));
#8610=DIRECTION('',(0.,0.708955557080774,0.705253158861617));
#8611=DIRECTION('',(1.,0.,0.));
#8612=DIRECTION('',(0.,-0.705253158861618,0.708955557080773));
#8613=DIRECTION('',(0.,0.708955557080774,0.705253158861618));
#8614=DIRECTION('',(0.,0.708955557080774,0.705253158861618));
#8615=DIRECTION('',(0.,0.708955557080774,0.705253158861618));
#8616=DIRECTION('',(-1.,0.,0.));
#8617=DIRECTION('',(1.,0.,0.));
#8618=DIRECTION('',(0.,0.,1.));
#8619=DIRECTION('',(1.,0.,0.));
#8620=DIRECTION('',(-1.,0.,0.));
#8621=DIRECTION('',(0.,0.,1.));
#8622=DIRECTION('',(1.,0.,0.));
#8623=DIRECTION('',(-1.,0.,0.));
#8624=DIRECTION('',(0.,0.,1.));
#8625=DIRECTION('',(1.,0.,0.));
#8626=DIRECTION('',(0.,1.,0.));
#8627=DIRECTION('',(-1.,0.,0.));
#8628=DIRECTION('',(0.,0.,1.));
#8629=DIRECTION('',(-1.,0.,0.));
#8630=DIRECTION('',(0.,0.,1.));
#8631=DIRECTION('',(-1.,0.,0.));
#8632=DIRECTION('',(0.,0.,1.));
#8633=DIRECTION('',(0.,-0.261346943155289,-0.96524493021377));
#8634=DIRECTION('',(0.,0.708955557080774,0.705253158861617));
#8635=DIRECTION('',(0.,-0.708955557080774,-0.705253158861618));
#8636=DIRECTION('',(0.,0.966600102016907,0.256289373132997));
#8637=DIRECTION('',(1.,0.,0.));
#8638=DIRECTION('',(0.,1.,0.));
#8639=DIRECTION('',(0.,0.708955557080774,0.705253158861618));
#8640=DIRECTION('',(0.,-0.708955557080774,-0.705253158861617));
#8641=DIRECTION('',(0.,0.261346943155289,0.96524493021377));
#8642=DIRECTION('',(-1.,0.,0.));
#8643=DIRECTION('',(0.,0.,1.));
#8644=DIRECTION('',(-1.,0.,0.));
#8645=DIRECTION('',(0.,0.,1.));
#8646=DIRECTION('',(-1.,0.,0.));
#8647=DIRECTION('',(0.,0.,1.));
#8648=DIRECTION('',(0.,-0.966600102016907,-0.256289373132997));
#8649=DIRECTION('',(0.,-0.708955557080774,-0.705253158861617));
#8650=DIRECTION('',(0.,-0.705253158861617,0.708955557080774));
#8651=DIRECTION('',(0.,-0.991980900294519,-0.126387869081158));
#8652=DIRECTION('',(0.,0.126387869081158,-0.991980900294519));
#8653=DIRECTION('',(0.,0.708955557080774,0.705253158861618));
#8654=DIRECTION('',(0.,0.705253158861618,-0.708955557080774));
#8655=DIRECTION('',(0.,-0.131580112702921,-0.991305540154541));
#8656=DIRECTION('',(0.,0.991305540154541,-0.131580112702921));
#8657=DIRECTION('',(0.,0.708955557080774,0.705253158861617));
#8658=DIRECTION('',(0.,0.705253158861617,-0.708955557080774));
#8659=DIRECTION('',(0.,-0.991980900294519,-0.126387869081153));
#8660=DIRECTION('',(0.,-0.126387869081153,0.991980900294519));
#8661=DIRECTION('',(0.,-0.708955557080774,-0.705253158861618));
#8662=DIRECTION('',(0.,-0.705253158861618,0.708955557080774));
#8663=DIRECTION('',(0.,-0.131580112702919,-0.991305540154541));
#8664=DIRECTION('',(0.,-0.991305540154541,0.131580112702919));
#8665=DIRECTION('',(0.,-0.96524493021377,0.261346943155289));
#8666=DIRECTION('',(1.,0.,0.));
#8667=DIRECTION('',(-1.,0.,0.));
#8668=DIRECTION('',(0.,-0.261346943155289,-0.96524493021377));
#8669=DIRECTION('',(0.,0.96524493021377,-0.261346943155289));
#8670=DIRECTION('',(0.,-0.261346943155289,-0.96524493021377));
#8671=DIRECTION('',(-1.,0.,0.));
#8672=DIRECTION('',(0.,0.96524493021377,-0.261346943155289));
#8673=DIRECTION('',(0.,0.261346943155289,0.96524493021377));
#8674=DIRECTION('',(0.,0.261346943155289,0.96524493021377));
#8675=DIRECTION('',(0.,0.256289373132997,-0.966600102016907));
#8676=DIRECTION('',(1.,0.,0.));
#8677=DIRECTION('',(-1.,0.,0.));
#8678=DIRECTION('',(0.,-0.966600102016907,-0.256289373132997));
#8679=DIRECTION('',(0.,-0.256289373132997,0.966600102016907));
#8680=DIRECTION('',(0.,-0.966600102016907,-0.256289373132997));
#8681=DIRECTION('',(1.,0.,0.));
#8682=DIRECTION('',(0.,-0.256289373132997,0.966600102016907));
#8683=DIRECTION('',(0.,0.966600102016907,0.256289373132997));
#8684=DIRECTION('',(0.,0.966600102016907,0.256289373132997));
#8685=DIRECTION('',(1.,0.,0.));
#8686=DIRECTION('',(0.,0.,1.));
#8687=DIRECTION('',(-1.,0.,0.));
#8688=DIRECTION('',(0.,0.,1.));
#8689=DIRECTION('',(-1.,0.,0.));
#8690=DIRECTION('',(0.,0.,1.));
#8691=DIRECTION('',(1.,0.,0.));
#8692=DIRECTION('',(0.,0.,1.));
#8693=DIRECTION('',(-1.,0.,0.));
#8694=DIRECTION('',(0.,0.,1.));
#8695=DIRECTION('',(-1.,0.,0.));
#8696=DIRECTION('',(0.,0.,1.));
#8697=DIRECTION('',(1.,0.,0.));
#8698=DIRECTION('',(0.,0.,1.));
#8699=DIRECTION('',(0.,0.261346943155292,0.965244930213769));
#8700=DIRECTION('',(0.,-0.965244930213769,0.261346943155292));
#8701=DIRECTION('',(0.,0.637326103809996,-0.770594210594895));
#8702=DIRECTION('',(0.,0.770594210594896,0.637326103809996));
#8703=DIRECTION('',(1.,0.,0.));
#8704=DIRECTION('',(0.,0.,1.));
#8705=DIRECTION('',(0.,0.767246631051757,-0.641352170916828));
#8706=DIRECTION('',(0.,0.641352170916828,0.767246631051757));
#8707=DIRECTION('',(0.,0.261346943155289,0.96524493021377));
#8708=DIRECTION('',(0.,0.96524493021377,-0.261346943155289));
#8709=DIRECTION('',(4.8842734513727E-15,0.261346943155286,0.965244930213771));
#8710=DIRECTION('',(0.,-0.965244930213771,0.261346943155286));
#8711=DIRECTION('',(1.,0.,0.));
#8712=DIRECTION('',(0.,0.,1.));
#8713=DIRECTION('',(0.,0.966600102016907,0.256289373132996));
#8714=DIRECTION('',(0.,-0.256289373132996,0.966600102016907));
#8715=DIRECTION('',(-1.,9.0672935533251E-16,3.34886608101884E-15));
#8716=DIRECTION('',(3.34886608101884E-15,0.,1.));
#8717=DIRECTION('',(0.,-0.966600102016907,-0.256289373132997));
#8718=DIRECTION('',(0.,-0.256289373132997,0.966600102016907));
#8719=DIRECTION('',(0.,0.966600102016907,0.256289373132996));
#8720=DIRECTION('',(0.,-0.256289373132996,0.966600102016907));
#8721=DIRECTION('',(-1.,0.,0.));
#8722=DIRECTION('',(0.,0.,-1.));
#8723=DIRECTION('',(-1.,0.,0.));
#8724=DIRECTION('',(0.,0.,1.));
#8725=DIRECTION('',(-1.,8.93884081116141E-16,-1.55765603793372E-15));
#8726=DIRECTION('',(-1.55765603793372E-15,0.,1.));
#8727=DIRECTION('',(6.69773216203769E-15,-0.261346943155286,-0.965244930213771));
#8728=DIRECTION('',(0.,0.965244930213771,-0.261346943155286));
#8729=DIRECTION('',(-1.,0.,0.));
#8730=DIRECTION('',(0.,0.,-1.));
#8731=DIRECTION('',(-1.,4.91936739316895E-15,4.8936768447362E-15));
#8732=DIRECTION('',(4.91936739316895E-15,1.,0.));
#8733=DIRECTION('',(0.,0.261346943155289,0.96524493021377));
#8734=DIRECTION('',(0.,0.96524493021377,-0.261346943155289));
#8735=DIRECTION('',(-1.813458710665E-15,-0.261346943155286,-0.965244930213771));
#8736=DIRECTION('',(0.,0.965244930213771,-0.261346943155286));
#8737=DIRECTION('',(0.,-0.966600102016907,-0.256289373132996));
#8738=DIRECTION('',(0.,0.256289373132996,-0.966600102016907));
#8739=DIRECTION('',(1.,0.,0.));
#8740=DIRECTION('',(0.,0.,1.));
#8741=DIRECTION('',(0.,0.637326103809996,-0.770594210594895));
#8742=DIRECTION('',(0.,0.770594210594895,0.637326103809996));
#8743=DIRECTION('',(0.,-0.966600102016907,-0.256289373132997));
#8744=DIRECTION('',(0.,-0.256289373132997,0.966600102016907));
#8745=DIRECTION('',(0.,-0.966600102016907,-0.256289373132996));
#8746=DIRECTION('',(0.,0.256289373132996,-0.966600102016907));
#8747=DIRECTION('',(1.,0.,0.));
#8748=DIRECTION('',(0.,0.,1.));
#8749=DIRECTION('',(-8.0269810360991E-15,0.767246631051752,-0.641352170916834));
#8750=DIRECTION('',(0.,0.641352170916835,0.767246631051752));
#8751=DIRECTION('',(1.,0.,0.));
#8752=DIRECTION('',(0.,0.,1.));
#8753=CARTESIAN_POINT('',(0.,0.,0.));
#8754=CARTESIAN_POINT('',(0.0149965095187125,0.,1.59051003039262E-18));
#8755=CARTESIAN_POINT('',(0.00941104852596059,-0.0178450963381965,0.019018821647881));
#8756=CARTESIAN_POINT('',(0.00975378024198397,-0.0184475997483925,0.0184475792158501));
#8757=CARTESIAN_POINT('',(0.00941095272002577,-0.0190187805408433,0.0178451373613283));
#8758=CARTESIAN_POINT('',(0.00858312810263382,-0.0192405603125299,0.0175800302233383));
#8759=CARTESIAN_POINT('',(0.00775231882070046,-0.0189987348173311,0.0178241862807357));
#8760=CARTESIAN_POINT('',(0.00740890508005405,-0.0184185415747568,0.0184187777676625));
#8761=CARTESIAN_POINT('',(0.00775229897995093,-0.0178243861219314,0.0189985421642767));
#8762=CARTESIAN_POINT('',(0.00858248705988566,-0.0175799825773578,0.0192405907522117));
#8763=CARTESIAN_POINT('',(0.00941104852596059,-0.0178450963381965,0.019018821647881));
#8764=CARTESIAN_POINT('',(0.00975378024198397,-0.0184475997483925,0.0184475792158501));
#8765=CARTESIAN_POINT('',(0.00941095272002577,-0.0190187805408433,0.0178451373613283));
#8766=CARTESIAN_POINT('',(0.00963952036898706,-0.0184423793121016,0.0184423793121016));
#8767=CARTESIAN_POINT('',(0.00999127379678136,-0.0157501097278285,0.0207965637712452));
#8768=CARTESIAN_POINT('',(0.00999127379678135,-0.0156004348809072,0.0209099188085696));
#8769=CARTESIAN_POINT('',(0.00982915562179997,-0.0154591361522885,0.0210102473640317));
#8770=CARTESIAN_POINT('',(0.00964127379678136,-0.0154567826277712,0.0210079074800506));
#8771=CARTESIAN_POINT('',(0.00999127379678136,-0.0157501097278285,0.0207965637712452));
#8772=CARTESIAN_POINT('',(0.00964127379678136,-0.0154567826277712,0.0210079074800506));
#8773=CARTESIAN_POINT('',(0.00964127379678136,-0.0154567826277712,0.0210079074800506));
#8774=CARTESIAN_POINT('',(0.00894127379294003,-0.0154480139926413,0.0209991896660971));
#8775=CARTESIAN_POINT('',(0.00824127379293426,-0.0154392451676666,0.0209904717351194));
#8776=CARTESIAN_POINT('',(0.00754127379678136,-0.0154304761520013,0.0209817536865861));
#8777=CARTESIAN_POINT('',(0.00754127379678136,-0.0154304761520013,0.0209817536865861));
#8778=CARTESIAN_POINT('',(0.00754127379678136,-0.0154304761520013,0.0209817536865861));
#8779=CARTESIAN_POINT('',(0.00735367880307127,-0.0154281261185047,0.0209794173119165));
#8780=CARTESIAN_POINT('',(0.00719127379678136,-0.015565643074468,0.0208748961217527));
#8781=CARTESIAN_POINT('',(0.00719127379678136,-0.0157151165903169,0.0207617557032687));
#8782=CARTESIAN_POINT('',(0.00719127379678136,-0.0157151165903169,0.0207617557032687));
#8783=CARTESIAN_POINT('',(0.00719127379678142,0.,1.59051003039262E-18));
#8784=CARTESIAN_POINT('',(0.00719127379678136,-0.0207617557032687,0.0157151165903169));
#8785=CARTESIAN_POINT('',(0.00719127379678136,-0.0207617557032687,0.0157151165903169));
#8786=CARTESIAN_POINT('',(0.00719127379678136,-0.0208748837588534,0.0155656594074995));
#8787=CARTESIAN_POINT('',(0.00735370547422533,-0.0209794176440885,0.0154281264526187));
#8788=CARTESIAN_POINT('',(0.00754127379678136,-0.0209817536865861,0.0154304761520013));
#8789=CARTESIAN_POINT('',(0.00754127379678136,-0.0209817536865861,0.0154304761520013));
#8790=CARTESIAN_POINT('',(0.00754127379678136,-0.0209817536865861,0.0154304761520013));
#8791=CARTESIAN_POINT('',(0.00824127379293426,-0.0209904717351194,0.0154392451676666));
#8792=CARTESIAN_POINT('',(0.00894127379294003,-0.0209991896660971,0.0154480139926414));
#8793=CARTESIAN_POINT('',(0.00964127379678136,-0.0210079074800506,0.0154567826277713));
#8794=CARTESIAN_POINT('',(0.00964127379678136,-0.0210079074800506,0.0154567826277713));
#8795=CARTESIAN_POINT('',(0.00964127379678136,-0.0210079074800506,0.0154567826277713));
#8796=CARTESIAN_POINT('',(0.00982917883182837,-0.0210102476530899,0.0154591364430318));
#8797=CARTESIAN_POINT('',(0.00999127379678135,-0.0209099333929896,0.0156004156235289));
#8798=CARTESIAN_POINT('',(0.00999127379678136,-0.0207965637712452,0.0157501097278285));
#8799=CARTESIAN_POINT('',(0.00999127379678136,-0.0207965637712452,0.0157501097278285));
#8800=CARTESIAN_POINT('',(0.00999127379678136,0.,1.59051003039262E-18));
#8801=CARTESIAN_POINT('',(-0.22551442052749,0.,1.45426807398748E-18));
#8802=CARTESIAN_POINT('',(-0.22551442052749,-0.0197294426528799,0.013577613656557));
#8803=CARTESIAN_POINT('',(0.00965,-0.01972944265288,0.013577613656557));
#8804=CARTESIAN_POINT('',(0.00755,-0.01972944265288,0.013577613656557));
#8805=CARTESIAN_POINT('',(0.00755,-0.01972944265288,0.013577613656557));
#8806=CARTESIAN_POINT('',(0.00732398747829614,-0.01972944265288,0.013577613656557));
#8807=CARTESIAN_POINT('',(0.00688279066417438,-0.0196218737793351,0.0137356520077132));
#8808=CARTESIAN_POINT('',(0.0067,-0.0193629635980549,0.0140971339211987));
#8809=CARTESIAN_POINT('',(0.0067,-0.0192282689124444,0.0142785214441386));
#8810=CARTESIAN_POINT('',(0.0067,-0.0192282689124444,0.0142785214441386));
#8811=CARTESIAN_POINT('',(0.0067,0.,1.45426807398748E-18));
#8812=CARTESIAN_POINT('',(0.0067,-0.0142785214441385,0.0192282689124444));
#8813=CARTESIAN_POINT('',(0.0067,-0.0142785214441385,0.0192282689124444));
#8814=CARTESIAN_POINT('',(0.0067,-0.0140996102244864,0.0193611247455947));
#8815=CARTESIAN_POINT('',(0.00688194615379617,-0.0137337866961708,0.0196232346978035));
#8816=CARTESIAN_POINT('',(0.00732718087430765,-0.013577613656557,0.0197294426528799));
#8817=CARTESIAN_POINT('',(0.00755,-0.013577613656557,0.0197294426528799));
#8818=CARTESIAN_POINT('',(0.00755,-0.013577613656557,0.01972944265288));
#8819=CARTESIAN_POINT('',(-0.22551442052749,-0.013577613656557,0.01972944265288));
#8820=CARTESIAN_POINT('',(0.00965,-0.013577613656557,0.01972944265288));
#8821=CARTESIAN_POINT('',(0.00965,-0.013577613656557,0.0197294426528799));
#8822=CARTESIAN_POINT('',(0.00987317947276835,-0.013577613656557,0.0197294426528799));
#8823=CARTESIAN_POINT('',(0.0103203053680457,-0.0137360811450255,0.0196216092529073));
#8824=CARTESIAN_POINT('',(0.0105,-0.0140990819551302,0.0193615170276751));
#8825=CARTESIAN_POINT('',(0.0105,-0.0142785214441386,0.0192282689124444));
#8826=CARTESIAN_POINT('',(0.0105,-0.0142785214441386,0.0192282689124444));
#8827=CARTESIAN_POINT('',(0.0105,0.,1.45426807398748E-18));
#8828=CARTESIAN_POINT('',(0.0105,-0.0192282689124444,0.0142785214441386));
#8829=CARTESIAN_POINT('',(0.0105,-0.0192282689124444,0.0142785214441386));
#8830=CARTESIAN_POINT('',(0.0105,-0.0193611247455947,0.0140996102244864));
#8831=CARTESIAN_POINT('',(0.0103180538462038,-0.0196232346978035,0.0137337866961707));
#8832=CARTESIAN_POINT('',(0.00987281912569236,-0.0197294426528799,0.013577613656557));
#8833=CARTESIAN_POINT('',(0.00965,-0.0197294426528799,0.013577613656557));
#8834=CARTESIAN_POINT('',(0.0105,-0.00333790612563253,0.00333790612563253));
#8835=CARTESIAN_POINT('',(0.0105,-0.00086303239147962,0.00581277985978545));
#8836=CARTESIAN_POINT('',(0.0105,-0.0154482860797196,0.0203980335480254));
#8837=CARTESIAN_POINT('',(0.0105,0.,1.59051003039262E-18));
#8838=CARTESIAN_POINT('',(0.0105,-0.0203980335480254,0.0154482860797196));
#8839=CARTESIAN_POINT('',(0.0105,-0.024440649620117,0.0194909021518111));
#8840=CARTESIAN_POINT('',(0.0067,-0.00333790612563253,0.00333790612563253));
#8841=CARTESIAN_POINT('',(0.0067,-0.00581277985978545,0.000863032391479625));
#8842=CARTESIAN_POINT('',(0.0067,-0.0203631457351682,0.0154133982668623));
#8843=CARTESIAN_POINT('',(0.0067,0.,1.59051003039262E-18));
#8844=CARTESIAN_POINT('',(0.0067,-0.0154133982668623,0.0203631457351682));
#8845=CARTESIAN_POINT('',(0.0067,-0.0194909021518111,0.024440649620117));
#8846=CARTESIAN_POINT('',(0.01065,-0.0188898613878026,0.0250416903841255));
#8847=CARTESIAN_POINT('',(0.00755,-0.0188898613878026,0.0250416903841255));
#8848=CARTESIAN_POINT('',(0.00755,-0.0147807388099887,0.0209325678063117));
#8849=CARTESIAN_POINT('',(0.00755,-0.0147807388099887,0.0209325678063117));
#8850=CARTESIAN_POINT('',(0.00824999999636723,-0.0147894784569579,0.0209413074532809));
#8851=CARTESIAN_POINT('',(0.00894999999637256,-0.0147982179582285,0.0209500469545515));
#8852=CARTESIAN_POINT('',(0.00965,-0.0148069573144405,0.0209587863107635));
#8853=CARTESIAN_POINT('',(0.00965,-0.0148069573144405,0.0209587863107635));
#8854=CARTESIAN_POINT('',(0.00965,-0.0188898613878026,0.0250416903841255));
#8855=CARTESIAN_POINT('',(0.01065,-0.0250416903841255,0.0188898613878026));
#8856=CARTESIAN_POINT('',(0.00965,-0.0250416903841255,0.0188898613878026));
#8857=CARTESIAN_POINT('',(0.00965,-0.0209587863107635,0.0148069573144405));
#8858=CARTESIAN_POINT('',(0.00965,-0.0209587863107635,0.0148069573144405));
#8859=CARTESIAN_POINT('',(0.00894999999637256,-0.0209500469545515,0.0147982179582286));
#8860=CARTESIAN_POINT('',(0.00824999999636723,-0.0209413074532809,0.0147894784569579));
#8861=CARTESIAN_POINT('',(0.00755,-0.0209325678063117,0.0147807388099887));
#8862=CARTESIAN_POINT('',(0.00755,-0.0209325678063117,0.0147807388099887));
#8863=CARTESIAN_POINT('',(0.00755,-0.0250416903841255,0.0188898613878026));
#8864=CARTESIAN_POINT('',(0.00755,-0.00581277985978545,0.000863032391479625));
#8865=CARTESIAN_POINT('',(0.00755,-0.0209325678063117,0.0147807388099887));
#8866=CARTESIAN_POINT('',(0.00732536490633942,-0.0209314129642966,0.0147795839679736));
#8867=CARTESIAN_POINT('',(0.00688513270256043,-0.0208065576781543,0.0149165776525992));
#8868=CARTESIAN_POINT('',(0.00670000000000001,-0.0205126922147562,0.0152457836365757));
#8869=CARTESIAN_POINT('',(0.0067,-0.0203631457351682,0.0154133982668623));
#8870=CARTESIAN_POINT('',(0.00755,-0.0194909021518111,0.024440649620117));
#8871=CARTESIAN_POINT('',(0.0067,-0.0154133982668623,0.0203631457351682));
#8872=CARTESIAN_POINT('',(0.0067,-0.0152457492200732,0.0205127229213048));
#8873=CARTESIAN_POINT('',(0.00688429835042062,-0.0149172347244564,0.0208059680431356));
#8874=CARTESIAN_POINT('',(0.00732531807007984,-0.0147795837271899,0.0209314127235129));
#8875=CARTESIAN_POINT('',(0.00755,-0.0147807388099887,0.0209325678063117));
#8876=CARTESIAN_POINT('',(0.00965,-0.00086303239147962,0.00581277985978545));
#8877=CARTESIAN_POINT('',(0.00965,-0.0148069573144405,0.0209587863107635));
#8878=CARTESIAN_POINT('',(0.00987470713146527,-0.0148081124883553,0.0209599414846782));
#8879=CARTESIAN_POINT('',(0.0103148340943743,-0.0149496481546014,0.0208395726802921));
#8880=CARTESIAN_POINT('',(0.0105,-0.0152806345883525,0.0205476462004841));
#8881=CARTESIAN_POINT('',(0.0105,-0.0154482860797196,0.0203980335480254));
#8882=CARTESIAN_POINT('',(0.00965,-0.024440649620117,0.0194909021518111));
#8883=CARTESIAN_POINT('',(0.0105,-0.0203980335480254,0.0154482860797196));
#8884=CARTESIAN_POINT('',(0.0105,-0.0205476776165238,0.0152805993844723));
#8885=CARTESIAN_POINT('',(0.0103156391247189,-0.0208390106609121,0.0149502918138845));
#8886=CARTESIAN_POINT('',(0.00987475361544194,-0.020959941723643,0.01480811272732));
#8887=CARTESIAN_POINT('',(0.00965,-0.0209587863107635,0.0148069573144405));
#8888=CARTESIAN_POINT('',(0.00964127379678136,-0.0210079074800506,0.0154567826277712));
#8889=CARTESIAN_POINT('',(0.0096424151370213,-0.0212625503400481,0.0151107213437252));
#8890=CARTESIAN_POINT('',(0.00965,-0.0209587863107635,0.0148069573144405));
#8891=CARTESIAN_POINT('',(0.00894127379315403,-0.0209991896660961,0.0154480139926489));
#8892=CARTESIAN_POINT('',(0.00894243747156931,-0.0212537889185499,0.0151019599222276));
#8893=CARTESIAN_POINT('',(0.00894999999637224,-0.0209500469545714,0.0147982179582485));
#8894=CARTESIAN_POINT('',(0.00824127379314874,-0.0209904717351243,0.0154392451676663));
#8895=CARTESIAN_POINT('',(0.00824243800604289,-0.0212450270487496,0.015093198052428));
#8896=CARTESIAN_POINT('',(0.00824999999636769,-0.0209413074532677,0.0147894784569448));
#8897=CARTESIAN_POINT('',(0.00754127379678136,-0.0209817536865862,0.0154304761520013));
#8898=CARTESIAN_POINT('',(0.0075424165603079,-0.0212362647276887,0.0150844357313657));
#8899=CARTESIAN_POINT('',(0.00755,-0.0209325678063117,0.0147807388099888));
#8900=CARTESIAN_POINT('',(0.00965,-0.0206052329201702,0.0151605107050338));
#8901=CARTESIAN_POINT('',(0.00755,-0.0205790144157184,0.015134292200582));
#8902=CARTESIAN_POINT('',(0.00754127379678136,-0.0209817536865862,0.0154304761520013));
#8903=CARTESIAN_POINT('',(0.0075424165603079,-0.0212362647276887,0.0150844357313657));
#8904=CARTESIAN_POINT('',(0.00755,-0.0209325678063117,0.0147807388099887));
#8905=CARTESIAN_POINT('',(0.00744843473719232,-0.0209805973584938,0.0154293132471034));
#8906=CARTESIAN_POINT('',(0.00733476796543361,-0.0212324659728592,0.0150834763691418));
#8907=CARTESIAN_POINT('',(0.00732453371242696,-0.0209314087048186,0.0147795797084957));
#8908=CARTESIAN_POINT('',(0.00726668723720217,-0.0209313779574398,0.0154911559842342));
#8909=CARTESIAN_POINT('',(0.00692077749934428,-0.0211307505140461,0.0152126993972357));
#8910=CARTESIAN_POINT('',(0.00688314702728778,-0.0208052681473472,0.0149180161501143));
#8911=CARTESIAN_POINT('',(0.00719127387958864,-0.0208188766005168,0.0156396523028098));
#8912=CARTESIAN_POINT('',(0.00671738358818113,-0.0208871123465407,0.0155357981053553));
#8913=CARTESIAN_POINT('',(0.00670000000000001,-0.0205120554175052,0.0152464973718316));
#8914=CARTESIAN_POINT('',(0.00719127379678136,-0.0207617557032687,0.0157151165903169));
#8915=CARTESIAN_POINT('',(0.00669999999999996,-0.0207549183287348,0.0157099412024784));
#8916=CARTESIAN_POINT('',(0.0067,-0.0203631457351681,0.0154133982668623));
#8917=CARTESIAN_POINT('',(0.0072,-0.0203631457351682,0.0154133982668623));
#8918=CARTESIAN_POINT('',(0.00999127379678136,-0.0207965637712452,0.0157501097278286));
#8919=CARTESIAN_POINT('',(0.0105,-0.0208036426257238,0.0157554708411362));
#8920=CARTESIAN_POINT('',(0.0105,-0.0203980335480254,0.0154482860797197));
#8921=CARTESIAN_POINT('',(0.00999127367084596,-0.0208538075160874,0.0156745246514048));
#8922=CARTESIAN_POINT('',(0.0104820105536182,-0.0209382913580043,0.0155771595218279));
#8923=CARTESIAN_POINT('',(0.0105,-0.0205472398753913,0.0152810898982277));
#8924=CARTESIAN_POINT('',(0.00991610073776539,-0.0209641076492433,0.0155246707318234));
#8925=CARTESIAN_POINT('',(0.0102724090396005,-0.0211782919647225,0.0152469834382309));
#8926=CARTESIAN_POINT('',(0.0103174367037543,-0.0208376659185531,0.0149518328382199));
#8927=CARTESIAN_POINT('',(0.00973428290613457,-0.0210090657673198,0.0154579477856775));
#8928=CARTESIAN_POINT('',(0.00985130696511762,-0.0212663719092392,0.0151116868888173));
#8929=CARTESIAN_POINT('',(0.00987587926557135,-0.0209599475192071,0.0148081185228832));
#8930=CARTESIAN_POINT('',(0.00964127379678152,-0.0210079074800512,0.0154567826277708));
#8931=CARTESIAN_POINT('',(0.00964241513702166,-0.0212625503400487,0.0151107213437247));
#8932=CARTESIAN_POINT('',(0.00965000000000039,-0.0209587863107641,0.0148069573144401));
#8933=CARTESIAN_POINT('',(0.01,-0.0203980335480254,0.0154482860797196));
#8934=CARTESIAN_POINT('',(0.0072,0.,1.59051003039262E-18));
#8935=CARTESIAN_POINT('',(0.0072,-0.0154133982668623,0.0203631457351682));
#8936=CARTESIAN_POINT('',(0.01,0.,1.59051003039262E-18));
#8937=CARTESIAN_POINT('',(0.01,-0.0154482860797196,0.0203980335480254));
#8938=CARTESIAN_POINT('',(0.00719127379678136,-0.0157151165903169,0.0207617557032687));
#8939=CARTESIAN_POINT('',(0.0067,-0.0157099412024784,0.0207549183287348));
#8940=CARTESIAN_POINT('',(0.0067,-0.0154133982668623,0.0203631457351682));
#8941=CARTESIAN_POINT('',(0.00719127391861918,-0.0156396391818149,0.0208188865329958));
#8942=CARTESIAN_POINT('',(0.00671738664993479,-0.0155357683539263,0.0208871349306679));
#8943=CARTESIAN_POINT('',(0.0067,-0.0152464683518854,0.0205120813094082));
#8944=CARTESIAN_POINT('',(0.00726634172203093,-0.0154914530998111,0.0209311499802639));
#8945=CARTESIAN_POINT('',(0.00691994794792285,-0.0152133250949091,0.0211302736812002));
#8946=CARTESIAN_POINT('',(0.00688230796640824,-0.014918675334967,0.0208046766120138));
#8947=CARTESIAN_POINT('',(0.00744841686760786,-0.015429312983808,0.0209805971649452));
#8948=CARTESIAN_POINT('',(0.00733472807982229,-0.0150834761048112,0.0212324653010135));
#8949=CARTESIAN_POINT('',(0.00732449031486622,-0.0147795794802472,0.0209314084765714));
#8950=CARTESIAN_POINT('',(0.00754127379678115,-0.0154304761520006,0.020981753686587));
#8951=CARTESIAN_POINT('',(0.00754241656030743,-0.015084435731365,0.0212362647276894));
#8952=CARTESIAN_POINT('',(0.00754999999999949,-0.0147807388099881,0.0209325678063125));
#8953=CARTESIAN_POINT('',(0.00755,-0.015134292200582,0.0205790144157184));
#8954=CARTESIAN_POINT('',(0.00964127379678136,-0.0154567826277712,0.0210079074800506));
#8955=CARTESIAN_POINT('',(0.0096424151370213,-0.0151107213437252,0.0212625503400481));
#8956=CARTESIAN_POINT('',(0.00965,-0.0148069573144405,0.0209587863107635));
#8957=CARTESIAN_POINT('',(0.00973426666095454,-0.0154579476232958,0.0210090655347505));
#8958=CARTESIAN_POINT('',(0.00985127040792962,-0.0151116868035996,0.0212663711799078));
#8959=CARTESIAN_POINT('',(0.0098758398129897,-0.0148081183254185,0.0209599473217415));
#8960=CARTESIAN_POINT('',(0.00991576706891218,-0.0155243750179004,0.0209643199569133));
#8961=CARTESIAN_POINT('',(0.0102715868786104,-0.0152463610051723,0.0211787307996484));
#8962=CARTESIAN_POINT('',(0.010316626415043,-0.0149511868655697,0.0208382299268123));
#8963=CARTESIAN_POINT('',(0.00999127371196592,-0.0156745392327175,0.0208537964739482));
#8964=CARTESIAN_POINT('',(0.0104820140619193,-0.0155771933004388,0.0209382658556014));
#8965=CARTESIAN_POINT('',(0.0105,-0.0152811221521193,0.020547211093678));
#8966=CARTESIAN_POINT('',(0.00999127379678136,-0.0157501097278285,0.0207965637712452));
#8967=CARTESIAN_POINT('',(0.0105,-0.0157554708411361,0.0208036426257239));
#8968=CARTESIAN_POINT('',(0.0105,-0.0154482860797196,0.0203980335480254));
#8969=CARTESIAN_POINT('',(0.00965,-0.0151605107050338,0.0206052329201702));
#8970=CARTESIAN_POINT('',(0.00754127379678136,-0.0154304761520013,0.0209817536865862));
#8971=CARTESIAN_POINT('',(0.0075424165603079,-0.0150844357313657,0.0212362647276887));
#8972=CARTESIAN_POINT('',(0.00755,-0.0147807388099887,0.0209325678063117));
#8973=CARTESIAN_POINT('',(0.00824127379314861,-0.0154392451676744,0.0209904717351183));
#8974=CARTESIAN_POINT('',(0.00824243800603999,-0.0150931980524547,0.0212450270487772));
#8975=CARTESIAN_POINT('',(0.0082499999963669,-0.0147894784569721,0.0209413074532951));
#8976=CARTESIAN_POINT('',(0.00894127379315415,-0.0154480139926241,0.0209991896661144));
#8977=CARTESIAN_POINT('',(0.00894243747156892,-0.0151019599221995,0.0212537889185649));
#8978=CARTESIAN_POINT('',(0.00894999999637236,-0.0147982179582448,0.0209500469545678));
#8979=CARTESIAN_POINT('',(0.00964127379678136,-0.0154567826277712,0.0210079074800506));
#8980=CARTESIAN_POINT('',(0.0096424151370213,-0.0151107213437252,0.0212625503400481));
#8981=CARTESIAN_POINT('',(0.00965,-0.0148069573144405,0.0209587863107635));
#8982=CARTESIAN_POINT('',(0.0085912737938982,-0.018031222920257,0.018031222920257));
#8983=CARTESIAN_POINT('',(0.00913590217964462,-0.0189298755423924,0.0181383171055951));
#8984=CARTESIAN_POINT('',(0.00935849453524755,-0.0185444883622158,0.0185443985256133));
#8985=CARTESIAN_POINT('',(0.0091358439302352,-0.0181381322684621,0.01893005005167));
#8986=CARTESIAN_POINT('',(0.00857947338680777,-0.0179537034390461,0.0190849058084356));
#8987=CARTESIAN_POINT('',(0.00802198198346441,-0.0181244455958537,0.0189162256417836));
#8988=CARTESIAN_POINT('',(0.00779925059582332,-0.0185252083672264,0.0185252016444497));
#8989=CARTESIAN_POINT('',(0.00802215049575957,-0.0189164643543151,0.0181241968863658));
#8990=CARTESIAN_POINT('',(0.00858012510171,-0.0190848982496327,0.0179537284386623));
#8991=CARTESIAN_POINT('',(0.00913590217964462,-0.0189298755423924,0.0181383171055951));
#8992=CARTESIAN_POINT('',(0.00935849453524755,-0.0185444883622158,0.0185443985256133));
#8993=CARTESIAN_POINT('',(0.0091358439302352,-0.0181381322684621,0.01893005005167));
#8994=CARTESIAN_POINT('',(0.009284287375145,-0.0185409935432863,0.0185409935432864));
#8995=CARTESIAN_POINT('',(0.00963949506213227,-0.0184371936904403,0.0184475628515525));
#8996=CARTESIAN_POINT('',(0.00943309339178312,-0.0184356360004949,0.0184440260333188));
#8997=CARTESIAN_POINT('',(0.00928427050390849,-0.0185374702015852,0.0185445154782224));
#8998=CARTESIAN_POINT('',(0.00964142127428437,-0.0186314589388396,0.0182534538965937));
#8999=CARTESIAN_POINT('',(0.00943464340914885,-0.0185930269912062,0.01828674117581));
#9000=CARTESIAN_POINT('',(0.00928555464534322,-0.0186694625490421,0.0184126287162695));
#9001=CARTESIAN_POINT('',(0.0094227358271062,-0.0190106715032704,0.0178541477313625));
#9002=CARTESIAN_POINT('',(0.00926033468220513,-0.0189007588779918,0.0179656390217923));
#9003=CARTESIAN_POINT('',(0.00913976434722443,-0.0189271512976307,0.0181413564811637));
#9004=CARTESIAN_POINT('',(0.00859165366079587,-0.0192427082253099,0.0175779536122977));
#9005=CARTESIAN_POINT('',(0.00858961836322363,-0.0190929041391485,0.0177421564966476));
#9006=CARTESIAN_POINT('',(0.00858570956968423,-0.0190849457213634,0.0179538213097299));
#9007=CARTESIAN_POINT('',(0.00775219676708725,-0.0189986819672685,0.017824194698125));
#9008=CARTESIAN_POINT('',(0.00791213505595308,-0.0188912165246868,0.0179414674197633));
#9009=CARTESIAN_POINT('',(0.00802607164054512,-0.0189192786365155,0.0181212580812794));
#9010=CARTESIAN_POINT('',(0.00741197878862702,-0.0184243577434268,0.0184128905424081));
#9011=CARTESIAN_POINT('',(0.00764075150452455,-0.0184246409950472,0.0184154031910898));
#9012=CARTESIAN_POINT('',(0.00779925965490503,-0.0185291004016713,0.0185213088214146));
#9013=CARTESIAN_POINT('',(0.0077402845445382,-0.0178331928425081,0.0189900588921119));
#9014=CARTESIAN_POINT('',(0.0079025864837842,-0.0179487296936266,0.0188841343778858));
#9015=CARTESIAN_POINT('',(0.00801813015884559,-0.0181273737950756,0.0189134215296046));
#9016=CARTESIAN_POINT('',(0.00857400210485069,-0.0175776708322817,0.0192425498742242));
#9017=CARTESIAN_POINT('',(0.0085753288163884,-0.0177419279843338,0.0190927766836852));
#9018=CARTESIAN_POINT('',(0.00857394186572081,-0.0179536318022328,0.0190848410641655));
#9019=CARTESIAN_POINT('',(0.00941117855419358,-0.0178450800128745,0.0190188014611153));
#9020=CARTESIAN_POINT('',(0.00925106892333658,-0.0179583222200636,0.0189074413579684));
#9021=CARTESIAN_POINT('',(0.00913205949861601,-0.0181351972128891,0.0189326770528816));
#9022=CARTESIAN_POINT('',(0.00963756884998016,-0.018242928442041,0.0186416718065113));
#9023=CARTESIAN_POINT('',(0.00943154341979175,-0.0182782496171614,0.0186013062865565));
#9024=CARTESIAN_POINT('',(0.00928298636247375,-0.0184054778541283,0.0186764022401754));
#9025=CARTESIAN_POINT('',(0.00963949506213227,-0.0184371936904403,0.0184475628515525));
#9026=CARTESIAN_POINT('',(0.00943309339178312,-0.0184356360004949,0.0184440260333188));
#9027=CARTESIAN_POINT('',(0.00928427050390849,-0.0185374702015852,0.0185445154782224));
#9028=CARTESIAN_POINT('',(0.,0.,0.));
#9029=CARTESIAN_POINT('',(0.0155,0.,0.));
#9030=CARTESIAN_POINT('',(0.0155,0.,1.50019232895551E-18));
#9031=CARTESIAN_POINT('',(0.0155,0.,-0.024));
#9032=CARTESIAN_POINT('',(0.015,0.,1.50019232895551E-18));
#9033=CARTESIAN_POINT('',(0.015,0.,1.50019232895551E-18));
#9034=CARTESIAN_POINT('',(0.015,0.,-0.0245));
#9035=CARTESIAN_POINT('',(0.0143,1.50019232895551E-18,0.));
#9036=CARTESIAN_POINT('',(0.0143,1.50019232895551E-18,0.));
#9037=CARTESIAN_POINT('',(0.0143,1.50019232895551E-18,-0.0245));
#9038=CARTESIAN_POINT('',(0.0143,0.,0.));
#9039=CARTESIAN_POINT('',(0.,0.,0.));
#9040=CARTESIAN_POINT('',(0.0016,0.0143,0.00241400970220566));
#9041=CARTESIAN_POINT('',(0.0016,0.0143,-0.003));
#9042=CARTESIAN_POINT('',(0.0016,0.014,-0.003));
#9043=CARTESIAN_POINT('',(0.0016,0.0143,-0.003));
#9044=CARTESIAN_POINT('',(0.0008,0.0143,-0.003));
#9045=CARTESIAN_POINT('',(0.0008,0.014,-0.003));
#9046=CARTESIAN_POINT('',(0.0016,0.0143,-0.00241400970220566));
#9047=CARTESIAN_POINT('',(0.0016,0.0143,0.003));
#9048=CARTESIAN_POINT('',(0.0016,0.0146,0.003));
#9049=CARTESIAN_POINT('',(0.0016,0.0143,0.003));
#9050=CARTESIAN_POINT('',(0.0008,0.0143,0.003));
#9051=CARTESIAN_POINT('',(0.0008,0.0146,0.003));
#9052=CARTESIAN_POINT('',(0.0016,0.0173,0.00241400970220566));
#9053=CARTESIAN_POINT('',(0.0016,0.0173,-0.003));
#9054=CARTESIAN_POINT('',(0.0016,0.017,-0.003));
#9055=CARTESIAN_POINT('',(0.0016,0.0173,-0.003));
#9056=CARTESIAN_POINT('',(0.0008,0.0173,-0.003));
#9057=CARTESIAN_POINT('',(0.0008,0.017,-0.003));
#9058=CARTESIAN_POINT('',(0.0016,0.0173,-0.00241400970220566));
#9059=CARTESIAN_POINT('',(0.0016,0.0173,0.003));
#9060=CARTESIAN_POINT('',(0.0016,0.0176,0.003));
#9061=CARTESIAN_POINT('',(0.0016,0.0173,0.003));
#9062=CARTESIAN_POINT('',(0.0008,0.0173,0.003));
#9063=CARTESIAN_POINT('',(0.0008,0.0176,0.003));
#9064=CARTESIAN_POINT('',(0.0016,0.0133859902977943,0.0015));
#9065=CARTESIAN_POINT('',(0.0016,0.0188,0.0015));
#9066=CARTESIAN_POINT('',(0.0016,0.0188,0.0012));
#9067=CARTESIAN_POINT('',(0.0016,0.0188,0.0015));
#9068=CARTESIAN_POINT('',(0.0008,0.0188,0.0015));
#9069=CARTESIAN_POINT('',(0.0008,0.0188,0.0012));
#9070=CARTESIAN_POINT('',(0.0016,0.0182140097022056,0.0015));
#9071=CARTESIAN_POINT('',(0.0016,0.0143,0.0015));
#9072=CARTESIAN_POINT('',(0.0016,0.0143,0.0019));
#9073=CARTESIAN_POINT('',(0.0016,0.0143,0.0015));
#9074=CARTESIAN_POINT('',(0.0008,0.0143,0.0015));
#9075=CARTESIAN_POINT('',(0.0008,0.0143,0.0019));
#9076=CARTESIAN_POINT('',(0.0016,0.0133859902977943,0.0015));
#9077=CARTESIAN_POINT('',(0.0016,0.0173,0.0015));
#9078=CARTESIAN_POINT('',(0.0016,0.0173,0.0011));
#9079=CARTESIAN_POINT('',(0.0016,0.0173,0.0015));
#9080=CARTESIAN_POINT('',(0.0008,0.0173,0.0015));
#9081=CARTESIAN_POINT('',(0.0008,0.0173,0.0011));
#9082=CARTESIAN_POINT('',(0.0016,0.0182140097022056,0.0015));
#9083=CARTESIAN_POINT('',(0.0016,0.0128,0.0015));
#9084=CARTESIAN_POINT('',(0.0016,0.0128,0.0018));
#9085=CARTESIAN_POINT('',(0.0016,0.0128,0.0015));
#9086=CARTESIAN_POINT('',(0.0008,0.0128,0.0015));
#9087=CARTESIAN_POINT('',(0.0008,0.0128,0.0018));
#9088=CARTESIAN_POINT('',(0.0016,0.0133859902977943,-0.0015));
#9089=CARTESIAN_POINT('',(0.0016,0.0188,-0.0015));
#9090=CARTESIAN_POINT('',(0.0016,0.0188,-0.0018));
#9091=CARTESIAN_POINT('',(0.0016,0.0188,-0.0015));
#9092=CARTESIAN_POINT('',(0.0008,0.0188,-0.0015));
#9093=CARTESIAN_POINT('',(0.0008,0.0188,-0.0018));
#9094=CARTESIAN_POINT('',(0.0016,0.0182140097022056,-0.0015));
#9095=CARTESIAN_POINT('',(0.0016,0.0143,-0.0015));
#9096=CARTESIAN_POINT('',(0.0016,0.0143,-0.0011));
#9097=CARTESIAN_POINT('',(0.0016,0.0143,-0.0015));
#9098=CARTESIAN_POINT('',(0.0008,0.0143,-0.0015));
#9099=CARTESIAN_POINT('',(0.0008,0.0143,-0.0011));
#9100=CARTESIAN_POINT('',(0.0016,0.0133859902977943,-0.0015));
#9101=CARTESIAN_POINT('',(0.0016,0.0173,-0.0015));
#9102=CARTESIAN_POINT('',(0.0016,0.0173,-0.0019));
#9103=CARTESIAN_POINT('',(0.0016,0.0173,-0.0015));
#9104=CARTESIAN_POINT('',(0.0008,0.0173,-0.0015));
#9105=CARTESIAN_POINT('',(0.0008,0.0173,-0.0019));
#9106=CARTESIAN_POINT('',(0.0016,0.0182140097022056,-0.0015));
#9107=CARTESIAN_POINT('',(0.0016,0.0128,-0.0015));
#9108=CARTESIAN_POINT('',(0.0016,0.0128,-0.0012));
#9109=CARTESIAN_POINT('',(0.0016,0.0128,-0.0015));
#9110=CARTESIAN_POINT('',(0.0008,0.0128,-0.0015));
#9111=CARTESIAN_POINT('',(0.0008,0.0128,-0.0012));
#9112=CARTESIAN_POINT('',(0.0016,0.0158,-0.00241400970220566));
#9113=CARTESIAN_POINT('',(0.0016,0.0158,0.003));
#9114=CARTESIAN_POINT('',(0.0016,0.0161,0.003));
#9115=CARTESIAN_POINT('',(0.0016,0.0158,0.003));
#9116=CARTESIAN_POINT('',(0.0008,0.0158,0.003));
#9117=CARTESIAN_POINT('',(0.0008,0.0161,0.003));
#9118=CARTESIAN_POINT('',(0.0016,0.0158,-0.00241400970220566));
#9119=CARTESIAN_POINT('',(0.0016,0.0158,0.0015));
#9120=CARTESIAN_POINT('',(0.0016,0.0162,0.0015));
#9121=CARTESIAN_POINT('',(0.0016,0.0158,0.0015));
#9122=CARTESIAN_POINT('',(0.0008,0.0158,0.0015));
#9123=CARTESIAN_POINT('',(0.0008,0.0162,0.0015));
#9124=CARTESIAN_POINT('',(0.0016,0.0158,-0.00241400970220566));
#9125=CARTESIAN_POINT('',(0.0016,0.0158,0.));
#9126=CARTESIAN_POINT('',(0.0016,0.0163,-9.18485099360515E-20));
#9127=CARTESIAN_POINT('',(0.0016,0.0158,0.));
#9128=CARTESIAN_POINT('',(0.0008,0.0158,0.));
#9129=CARTESIAN_POINT('',(0.0008,0.0158,0.0005));
#9130=CARTESIAN_POINT('',(0.0016,0.0133859902977943,4.41757206838602E-18));
#9131=CARTESIAN_POINT('',(0.0016,0.0188,-3.96294516026573E-19));
#9132=CARTESIAN_POINT('',(0.0016,0.0188,-0.0003));
#9133=CARTESIAN_POINT('',(0.0016,0.0188,-3.96294516026573E-19));
#9134=CARTESIAN_POINT('',(0.0008,0.0188,-3.96294516026573E-19));
#9135=CARTESIAN_POINT('',(0.0008,0.0188,-0.0003));
#9136=CARTESIAN_POINT('',(0.0016,0.0133859902977943,4.41757206838602E-18));
#9137=CARTESIAN_POINT('',(0.0016,0.0173,-3.50237102781043E-20));
#9138=CARTESIAN_POINT('',(0.0016,0.0173,-0.0004));
#9139=CARTESIAN_POINT('',(0.0016,0.0173,-3.50237102781043E-20));
#9140=CARTESIAN_POINT('',(0.0008,0.0173,-3.50237102781043E-20));
#9141=CARTESIAN_POINT('',(0.0008,0.0173,-0.0004));
#9142=CARTESIAN_POINT('',(0.0016,0.0158,0.00241400970220566));
#9143=CARTESIAN_POINT('',(0.0016,0.0158,-0.003));
#9144=CARTESIAN_POINT('',(0.0016,0.0155,-0.003));
#9145=CARTESIAN_POINT('',(0.0016,0.0158,-0.003));
#9146=CARTESIAN_POINT('',(0.0008,0.0158,-0.003));
#9147=CARTESIAN_POINT('',(0.0008,0.0155,-0.003));
#9148=CARTESIAN_POINT('',(0.0016,0.0158,0.00241400970220566));
#9149=CARTESIAN_POINT('',(0.0016,0.0158,-0.0015));
#9150=CARTESIAN_POINT('',(0.0016,0.0154,-0.0015));
#9151=CARTESIAN_POINT('',(0.0016,0.0158,-0.0015));
#9152=CARTESIAN_POINT('',(0.0008,0.0158,-0.0015));
#9153=CARTESIAN_POINT('',(0.0008,0.0154,-0.0015));
#9154=CARTESIAN_POINT('',(0.01065,-0.0187837953706246,0.0251477564013035));
#9155=CARTESIAN_POINT('',(0.00755,-0.0187837953706246,0.0251477564013035));
#9156=CARTESIAN_POINT('',(0.00755,-0.0134516074920629,0.0198155685227418));
#9157=CARTESIAN_POINT('',(0.00755,-0.0144548151801979,0.0208187762108769));
#9158=CARTESIAN_POINT('',(0.006548,-0.0134516074920629,0.0198155685227418));
#9159=CARTESIAN_POINT('',(0.00965,-0.0134516074920629,0.0198155685227418));
#9160=CARTESIAN_POINT('',(0.00965,-0.00997020561473032,0.0163341666454093));
#9161=CARTESIAN_POINT('',(0.00965,-0.0144811524757412,0.0208451135064202));
#9162=CARTESIAN_POINT('',(0.00755,-0.0144548151801979,0.0208187762108768));
#9163=CARTESIAN_POINT('',(0.00824999999482592,-0.0144635944849897,0.0208275555156686));
#9164=CARTESIAN_POINT('',(0.00894999999483363,-0.0144723735831966,0.0208363346138755));
#9165=CARTESIAN_POINT('',(0.00965,-0.0144811524757412,0.0208451135064201));
#9166=CARTESIAN_POINT('',(0.01065,-0.0251477564013035,0.0187837953706246));
#9167=CARTESIAN_POINT('',(0.006548,-0.0198155685227418,0.0134516074920629));
#9168=CARTESIAN_POINT('',(0.00755,-0.0198155685227418,0.0134516074920629));
#9169=CARTESIAN_POINT('',(0.00965,-0.0198155685227418,0.0134516074920629));
#9170=CARTESIAN_POINT('',(0.00755,-0.0163341666454093,0.00997020561473033));
#9171=CARTESIAN_POINT('',(0.00755,-0.0208187762108769,0.0144548151801979));
#9172=CARTESIAN_POINT('',(0.00755,-0.0208187762108768,0.0144548151801979));
#9173=CARTESIAN_POINT('',(0.00824999999482592,-0.0208275555156686,0.0144635944849897));
#9174=CARTESIAN_POINT('',(0.00894999999483363,-0.0208363346138755,0.0144723735831966));
#9175=CARTESIAN_POINT('',(0.00965,-0.0208451135064201,0.0144811524757412));
#9176=CARTESIAN_POINT('',(0.00965,-0.0208451135064202,0.0144811524757412));
#9177=CARTESIAN_POINT('',(0.00965,-0.0251477564013035,0.0187837953706246));
#9178=CARTESIAN_POINT('',(0.00655,-0.00333790612563253,0.00333790612563253));
#9179=CARTESIAN_POINT('',(0.00655,-0.0200991274249308,0.0151493799566249));
#9180=CARTESIAN_POINT('',(0.00655,-0.0192282689124444,0.0142785214441386));
#9181=CARTESIAN_POINT('',(0.00655,-0.0202122444005425,0.0152624969322366));
#9182=CARTESIAN_POINT('',(0.00655,2.94902990916057E-17,-2.60208521396521E-17));
#9183=CARTESIAN_POINT('',(0.00655,-0.0142785214441385,0.0192282689124444));
#9184=CARTESIAN_POINT('',(0.00655,-0.000863032391479619,0.00581277985978545));
#9185=CARTESIAN_POINT('',(0.00655,-0.0152624969322366,0.0202122444005425));
#9186=CARTESIAN_POINT('',(0.00655,0.,1.59051003039262E-18));
#9187=CARTESIAN_POINT('',(0.0086,-0.241352545342823,-0.0072));
#9188=CARTESIAN_POINT('',(0.002698,-0.0228421211799605,-0.0072));
#9189=CARTESIAN_POINT('',(0.0076,-0.0228421211799605,-0.0072));
#9190=CARTESIAN_POINT('',(0.0096,-0.0228421211799605,-0.0072));
#9191=CARTESIAN_POINT('',(0.0076,-0.241352545342823,-0.0072));
#9192=CARTESIAN_POINT('',(0.0076,-0.0248227125557956,-0.0072));
#9193=CARTESIAN_POINT('',(0.00959999999999999,-0.0248590595172833,-0.0072));
#9194=CARTESIAN_POINT('',(0.00893333332086238,-0.0248469445496602,-0.0072));
#9195=CARTESIAN_POINT('',(0.00826666665417745,-0.0248348288968358,-0.0072));
#9196=CARTESIAN_POINT('',(0.00759999999999999,-0.0248227125557957,-0.0072));
#9197=CARTESIAN_POINT('',(0.0096,-0.0248590595172833,-0.0072));
#9198=CARTESIAN_POINT('',(0.0096,-0.241352545342823,-0.0072));
#9199=CARTESIAN_POINT('',(0.00865,-0.022,0.00455));
#9200=CARTESIAN_POINT('',(0.0082,-0.022,0.00455));
#9201=CARTESIAN_POINT('',(0.0082,-0.025,0.00455));
#9202=CARTESIAN_POINT('',(0.0082,-0.0235138257202013,0.00455));
#9203=CARTESIAN_POINT('',(0.002698,-0.0235138257202013,0.00455));
#9204=CARTESIAN_POINT('',(0.0091,-0.0235138257202013,0.00455));
#9205=CARTESIAN_POINT('',(0.0091,-0.025,0.00455));
#9206=CARTESIAN_POINT('',(0.0091,-0.025,0.00455));
#9207=CARTESIAN_POINT('',(0.00865,-0.025,0.00455));
#9208=CARTESIAN_POINT('',(0.0027,-0.027,-0.0026));
#9209=CARTESIAN_POINT('',(0.0027,-0.027,-0.00375));
#9210=CARTESIAN_POINT('',(0.0027,-0.0236545978617266,-0.00375));
#9211=CARTESIAN_POINT('',(0.0027,-0.0254858920830109,-0.00375));
#9212=CARTESIAN_POINT('',(0.0027,1.38777878078145E-17,9.54097911787244E-18));
#9213=CARTESIAN_POINT('',(0.0027,-0.0239060661757639,-0.00145));
#9214=CARTESIAN_POINT('',(0.0027,-0.027,-0.00145));
#9215=CARTESIAN_POINT('',(0.0027,-0.025719461410902,-0.00145));
#9216=CARTESIAN_POINT('',(0.0027,0.,1.47232601241677E-18));
#9217=CARTESIAN_POINT('',(0.0027,-0.027,0.0026));
#9218=CARTESIAN_POINT('',(0.0027,-0.027,0.00145));
#9219=CARTESIAN_POINT('',(0.0027,-0.025719461410902,0.00145));
#9220=CARTESIAN_POINT('',(0.0027,-0.0239060661757639,0.00145));
#9221=CARTESIAN_POINT('',(0.0027,1.38777878078145E-17,9.54097911787244E-18));
#9222=CARTESIAN_POINT('',(0.0027,-0.0236545978617266,0.00375));
#9223=CARTESIAN_POINT('',(0.0027,-0.027,0.00375));
#9224=CARTESIAN_POINT('',(0.0027,-0.0254858920830109,0.00375));
#9225=CARTESIAN_POINT('',(0.0027,0.,1.70869404836848E-18));
#9226=CARTESIAN_POINT('',(0.0105,-0.0129026396566992,-0.021953606455887));
#9227=CARTESIAN_POINT('',(0.004898,-0.0117938686096006,-0.0208448354087884));
#9228=CARTESIAN_POINT('',(0.00706,-0.0117938686096006,-0.0208448354087884));
#9229=CARTESIAN_POINT('',(0.0105,-0.0117938686096006,-0.0208448354087884));
#9230=CARTESIAN_POINT('',(0.00706,-0.0129026396566992,-0.021953606455887));
#9231=CARTESIAN_POINT('',(0.00706,-0.0131742329192148,-0.0222251997184026));
#9232=CARTESIAN_POINT('',(0.0105,-0.0132180539725321,-0.0222690207717199));
#9233=CARTESIAN_POINT('',(0.00935333330520946,-0.0132034480586371,-0.0222544148578249));
#9234=CARTESIAN_POINT('',(0.00820666663847316,-0.0131888410435976,-0.0222398078427854));
#9235=CARTESIAN_POINT('',(0.00706,-0.0131742329192148,-0.0222251997184026));
#9236=CARTESIAN_POINT('',(0.0105,-0.0132180539725321,-0.0222690207717198));
#9237=CARTESIAN_POINT('',(0.0105,-0.0129026396566992,-0.021953606455887));
#9238=CARTESIAN_POINT('',(0.0105,-0.021953606455887,-0.0129026396566992));
#9239=CARTESIAN_POINT('',(0.00706,-0.021953606455887,-0.0129026396566992));
#9240=CARTESIAN_POINT('',(0.00706,-0.0208448354087884,-0.0117938686096006));
#9241=CARTESIAN_POINT('',(0.00706,-0.0222251997184026,-0.0131742329192148));
#9242=CARTESIAN_POINT('',(0.004898,-0.0208448354087884,-0.0117938686096006));
#9243=CARTESIAN_POINT('',(0.0105,-0.0208448354087884,-0.0117938686096006));
#9244=CARTESIAN_POINT('',(0.0105,-0.021953606455887,-0.0129026396566992));
#9245=CARTESIAN_POINT('',(0.0105,-0.0222690207717198,-0.0132180539725321));
#9246=CARTESIAN_POINT('',(0.0105,-0.0222690207717199,-0.0132180539725321));
#9247=CARTESIAN_POINT('',(0.00935333330520946,-0.0222544148578249,-0.0132034480586371));
#9248=CARTESIAN_POINT('',(0.00820666663847316,-0.0222398078427854,-0.0131888410435976));
#9249=CARTESIAN_POINT('',(0.00706,-0.0222251997184026,-0.0131742329192148));
#9250=CARTESIAN_POINT('',(0.0049,-0.00941337071359158,-0.00294652287883441));
#9251=CARTESIAN_POINT('',(0.0049,1.99493199737333E-17,2.51534904016637E-17));
#9252=CARTESIAN_POINT('',(0.0049,-0.0202902924045219,-0.0127242498458259));
#9253=CARTESIAN_POINT('',(0.0049,-0.0127242498458259,-0.0202902924045219));
#9254=CARTESIAN_POINT('',(0.0049,-0.00996296807556102,-0.00239692551686496));
#9255=CARTESIAN_POINT('',(0.0049,-0.0216288978344802,-0.0140628552757841));
#9256=CARTESIAN_POINT('',(0.0049,0.,1.59051003039262E-18));
#9257=CARTESIAN_POINT('',(0.0049,-0.0140628552757841,-0.0216288978344802));
#9258=CARTESIAN_POINT('',(0.0049,-0.00239692551686497,-0.00996296807556101));
#9259=CARTESIAN_POINT('',(0.00526946098492432,0.00207468496155642,-0.00549135759713963));
#9260=CARTESIAN_POINT('',(0.00706,0.00207468496155642,-0.00549135759713963));
#9261=CARTESIAN_POINT('',(0.00706,-0.0127242498458259,-0.0202902924045219));
#9262=CARTESIAN_POINT('',(0.00706,-0.014090106811904,-0.0216561493706001));
#9263=CARTESIAN_POINT('',(0.004898,-0.0127242498458259,-0.0202902924045219));
#9264=CARTESIAN_POINT('',(0.0049,-0.0140628552757841,-0.0216288978344802));
#9265=CARTESIAN_POINT('',(0.00561999999248724,-0.014071939418894,-0.02163798197759));
#9266=CARTESIAN_POINT('',(0.0063399999924987,-0.0140810232638133,-0.0216470658225094));
#9267=CARTESIAN_POINT('',(0.00706,-0.014090106811904,-0.0216561493706001));
#9268=CARTESIAN_POINT('',(0.00547738327071207,-0.00549135759713964,0.00207468496155643));
#9269=CARTESIAN_POINT('',(0.004898,-0.0202902924045219,-0.0127242498458259));
#9270=CARTESIAN_POINT('',(0.00706,-0.0202902924045219,-0.0127242498458259));
#9271=CARTESIAN_POINT('',(0.00706,-0.00549135759713964,0.00207468496155643));
#9272=CARTESIAN_POINT('',(0.00706,-0.0216561493706001,-0.014090106811904));
#9273=CARTESIAN_POINT('',(0.0049,-0.0216288978344802,-0.0140628552757841));
#9274=CARTESIAN_POINT('',(0.00561999999248724,-0.02163798197759,-0.014071939418894));
#9275=CARTESIAN_POINT('',(0.0063399999924987,-0.0216470658225094,-0.0140810232638133));
#9276=CARTESIAN_POINT('',(0.00706,-0.0216561493706001,-0.014090106811904));
#9277=CARTESIAN_POINT('',(0.0028,-0.00212148974579601,-0.00278410044448204));
#9278=CARTESIAN_POINT('',(0.0028,0.,1.45426807398748E-18));
#9279=CARTESIAN_POINT('',(0.0028,-0.0189665476220844,0.0142944944401404));
#9280=CARTESIAN_POINT('',(0.0028,-0.0189665476220844,-0.0142944944401404));
#9281=CARTESIAN_POINT('',(0.0028,-0.0189665476220844,-0.00278410044448203));
#9282=CARTESIAN_POINT('',(-0.22551442052749,0.,1.45426807398748E-18));
#9283=CARTESIAN_POINT('',(0.0143,0.,1.45426807398748E-18));
#9284=CARTESIAN_POINT('',(0.0143,0.0127208945028629,0.0200559553012822));
#9285=CARTESIAN_POINT('',(0.0143,0.0127208945028629,-0.0200559553012822));
#9286=CARTESIAN_POINT('',(0.001798,0.0127208945028629,-0.0200559553012822));
#9287=CARTESIAN_POINT('',(0.0018,0.0127208945028629,-0.0200559553012822));
#9288=CARTESIAN_POINT('',(0.0018,0.,1.45426807398748E-18));
#9289=CARTESIAN_POINT('',(0.0018,-0.0179665476220844,-0.0155327288826972));
#9290=CARTESIAN_POINT('',(-0.0161665476220844,0.,1.45426807398748E-18));
#9291=CARTESIAN_POINT('',(-0.0161665476220844,0.,1.45426807398748E-18));
#9292=CARTESIAN_POINT('',(0.0018,-0.0179665476220844,0.0155327288826972));
#9293=CARTESIAN_POINT('',(0.0018,0.,1.45426807398748E-18));
#9294=CARTESIAN_POINT('',(0.0018,0.0127208945028629,0.0200559553012822));
#9295=CARTESIAN_POINT('',(0.001798,0.0127208945028629,0.0200559553012822));
#9296=CARTESIAN_POINT('',(0.008625,-0.025,-0.000743727432563898));
#9297=CARTESIAN_POINT('',(0.0107500000000144,-0.025,0.00677143028627479));
#9298=CARTESIAN_POINT('',(0.00933320010031949,-0.025,0.00667683641038248));
#9299=CARTESIAN_POINT('',(0.00791652750903893,-0.025,0.00658040882708725));
#9300=CARTESIAN_POINT('',(0.00649999999999999,-0.025,0.00648189152818403));
#9301=CARTESIAN_POINT('',(0.0107500000000143,-0.0250000000000143,0.00677143028627575));
#9302=CARTESIAN_POINT('',(0.0065,-0.025,0.00648189152818404));
#9303=CARTESIAN_POINT('',(0.0065,-0.025,-0.000743727432563898));
#9304=CARTESIAN_POINT('',(0.0065,-0.025,-0.00648189152818404));
#9305=CARTESIAN_POINT('',(0.0065,-0.025,-0.00648189152818403));
#9306=CARTESIAN_POINT('',(0.0067104559577016,-0.025,-0.00649652841476657));
#9307=CARTESIAN_POINT('',(0.00692091512494156,-0.025,-0.00651111907224252));
#9308=CARTESIAN_POINT('',(0.00713137743784833,-0.025,-0.00652566442059616));
#9309=CARTESIAN_POINT('',(0.00713137743784837,-0.025,-0.00652566442059578));
#9310=CARTESIAN_POINT('',(0.0076,-0.025,-0.0067));
#9311=CARTESIAN_POINT('',(0.0076,-0.025,-0.0062));
#9312=CARTESIAN_POINT('',(0.0086,-0.025,-0.0062));
#9313=CARTESIAN_POINT('',(0.0096,-0.025,-0.0062));
#9314=CARTESIAN_POINT('',(0.0096,-0.025,-0.0067));
#9315=CARTESIAN_POINT('',(0.0100992237786145,-0.025,-0.00672784993475496));
#9316=CARTESIAN_POINT('',(0.0100992237786145,-0.025,-0.00672784993475522));
#9317=CARTESIAN_POINT('',(0.0103161461553156,-0.025,-0.00674242036789538));
#9318=CARTESIAN_POINT('',(0.0105330715818671,-0.025,-0.00675694687201978));
#9319=CARTESIAN_POINT('',(0.0107500000000099,-0.025,-0.00677143028627449));
#9320=CARTESIAN_POINT('',(0.0107500000000099,-0.0250000000000099,-0.00677143028627515));
#9321=CARTESIAN_POINT('',(0.01075,-0.025,-0.000743727432563897));
#9322=CARTESIAN_POINT('',(0.007,-0.025,6.07153216591882E-18));
#9323=CARTESIAN_POINT('',(0.007,-0.025,0.00335));
#9324=CARTESIAN_POINT('',(0.007,-0.025,-0.00335));
#9325=CARTESIAN_POINT('',(0.0082,-0.025,0.00335));
#9326=CARTESIAN_POINT('',(0.0091,-0.025,0.00335));
#9327=CARTESIAN_POINT('',(0.0103,-0.025,0.00335));
#9328=CARTESIAN_POINT('',(0.0103,-0.025,6.07153216591882E-18));
#9329=CARTESIAN_POINT('',(0.0103,-0.025,-0.00335));
#9330=CARTESIAN_POINT('',(0.0091,-0.025,-0.00335));
#9331=CARTESIAN_POINT('',(0.0091,-0.025,-0.00455));
#9332=CARTESIAN_POINT('',(0.00865,-0.025,-0.00455));
#9333=CARTESIAN_POINT('',(0.0082,-0.025,-0.00455));
#9334=CARTESIAN_POINT('',(0.0082,-0.025,-0.00335));
#9335=CARTESIAN_POINT('',(0.015,0.,1.59051003039262E-18));
#9336=CARTESIAN_POINT('',(0.0105,0.,1.59051003039262E-18));
#9337=CARTESIAN_POINT('',(0.00706,0.,1.59051003039262E-18));
#9338=CARTESIAN_POINT('',(0.00706,0.,1.59051003039262E-18));
#9339=CARTESIAN_POINT('',(0.00575,0.,1.59051003039262E-18));
#9340=CARTESIAN_POINT('',(0.00575,-0.0156094963248089,0.0205592437931148));
#9341=CARTESIAN_POINT('',(0.00575,-0.0205592437931147,0.0156094963248089));
#9342=CARTESIAN_POINT('',(0.00575,-0.0156094963248089,0.0205592437931147));
#9343=CARTESIAN_POINT('',(0.00575,-0.0152329985920983,0.0208450976909616));
#9344=CARTESIAN_POINT('',(0.00613544701155037,-0.0144633691998765,0.0213980920099036));
#9345=CARTESIAN_POINT('',(0.00707234858375751,-0.0141330647000453,0.0216283965806227));
#9346=CARTESIAN_POINT('',(0.00755,-0.0141390881716356,0.021634420052213));
#9347=CARTESIAN_POINT('',(0.00755,-0.0141390881716356,0.021634420052213));
#9348=CARTESIAN_POINT('',(0.00965,-0.0141655696112506,0.021660901491828));
#9349=CARTESIAN_POINT('',(0.00894999999309193,-0.01415674273862,0.0216520746191974));
#9350=CARTESIAN_POINT('',(0.00824999999308171,-0.0141479155924872,0.0216432474730646));
#9351=CARTESIAN_POINT('',(0.00755,-0.0141390881716356,0.021634420052213));
#9352=CARTESIAN_POINT('',(0.00965,-0.0141655696112506,0.021660901491828));
#9353=CARTESIAN_POINT('',(0.00965,-0.0141655696112506,0.021660901491828));
#9354=CARTESIAN_POINT('',(0.01012765700493,-0.0141715927791106,0.0216669246596881));
#9355=CARTESIAN_POINT('',(0.011064045623668,-0.0145257757366922,0.0214597710772205));
#9356=CARTESIAN_POINT('',(0.01145,-0.015302539520542,0.020917529193536));
#9357=CARTESIAN_POINT('',(0.01145,-0.0156805023017359,0.0206302497700417));
#9358=CARTESIAN_POINT('',(0.01145,-0.0156805023017359,0.0206302497700417));
#9359=CARTESIAN_POINT('',(0.01145,0.,1.59051003039262E-18));
#9360=CARTESIAN_POINT('',(0.01145,-0.0206302497700417,0.0156805023017359));
#9361=CARTESIAN_POINT('',(0.01145,-0.0206302497700417,0.0156805023017359));
#9362=CARTESIAN_POINT('',(0.01145,-0.0209177990591334,0.0153021844684797));
#9363=CARTESIAN_POINT('',(0.0110631803438144,-0.0214599347597843,0.0145254902085085));
#9364=CARTESIAN_POINT('',(0.0101283163356882,-0.0216669329737289,0.0141716010931514));
#9365=CARTESIAN_POINT('',(0.00965,-0.021660901491828,0.0141655696112506));
#9366=CARTESIAN_POINT('',(0.00965,-0.021660901491828,0.0141655696112506));
#9367=CARTESIAN_POINT('',(0.00965,-0.021660901491828,0.0141655696112506));
#9368=CARTESIAN_POINT('',(0.00894999999309193,-0.0216520746191974,0.01415674273862));
#9369=CARTESIAN_POINT('',(0.0082499999930817,-0.0216432474730646,0.0141479155924872));
#9370=CARTESIAN_POINT('',(0.00755,-0.021634420052213,0.0141390881716356));
#9371=CARTESIAN_POINT('',(0.00755,-0.021634420052213,0.0141390881716356));
#9372=CARTESIAN_POINT('',(0.00755,-0.021634420052213,0.0141390881716356));
#9373=CARTESIAN_POINT('',(0.00707333371786731,-0.0216284090037562,0.0141330771231788));
#9374=CARTESIAN_POINT('',(0.00613513629970357,-0.021397770677659,0.0144637680187335));
#9375=CARTESIAN_POINT('',(0.00575,-0.0208459426242897,0.0152318857317009));
#9376=CARTESIAN_POINT('',(0.00575,-0.0205592437931147,0.0156094963248089));
#9377=CARTESIAN_POINT('',(0.0027,-0.0254858920830109,0.00375));
#9378=CARTESIAN_POINT('',(0.0027,-0.0254472488161744,0.00401262883422104));
#9379=CARTESIAN_POINT('',(0.00293448783022195,-0.0254114459736857,0.00425));
#9380=CARTESIAN_POINT('',(0.0032,-0.0254161448530835,0.00425));
#9381=CARTESIAN_POINT('',(0.0032,-0.0254161448530835,0.00425));
#9382=CARTESIAN_POINT('',(0.0032,-0.0254161448530835,0.00425));
#9383=CARTESIAN_POINT('',(0.00361666666512371,-0.025423518776509,0.00425));
#9384=CARTESIAN_POINT('',(0.00403333333179172,-0.0254308926126727,0.00425));
#9385=CARTESIAN_POINT('',(0.00445,-0.025438266361802,0.00425));
#9386=CARTESIAN_POINT('',(0.00445,-0.0254382663618021,0.00425));
#9387=CARTESIAN_POINT('',(0.00445,-0.025438266361802,0.00425));
#9388=CARTESIAN_POINT('',(0.00471592477799378,-0.0254429724320251,0.00425));
#9389=CARTESIAN_POINT('',(0.00495,-0.0254869416971219,0.00401305987839491));
#9390=CARTESIAN_POINT('',(0.00495,-0.0255255881931993,0.00375));
#9391=CARTESIAN_POINT('',(0.00495,-0.0255255881931993,0.00375));
#9392=CARTESIAN_POINT('',(0.00495,0.,1.82723843065334E-18));
#9393=CARTESIAN_POINT('',(0.00495,-0.025758797576921,0.00145));
#9394=CARTESIAN_POINT('',(0.00495,-0.0257587975769211,0.00145));
#9395=CARTESIAN_POINT('',(0.00495,-0.0257736461540917,0.00118621965955572));
#9396=CARTESIAN_POINT('',(0.00471417162841963,-0.0257779608745933,0.00095));
#9397=CARTESIAN_POINT('',(0.00445,-0.0257733466102869,0.00095));
#9398=CARTESIAN_POINT('',(0.00445,-0.0257733466102869,0.00095));
#9399=CARTESIAN_POINT('',(0.0032,-0.0257515129495904,0.00095));
#9400=CARTESIAN_POINT('',(0.0036166666665935,-0.0257587908406777,0.00095));
#9401=CARTESIAN_POINT('',(0.00403333333326023,-0.0257660687275729,0.00095));
#9402=CARTESIAN_POINT('',(0.00444999999999999,-0.0257733466102869,0.00095));
#9403=CARTESIAN_POINT('',(0.0032,-0.0257515129495904,0.00095));
#9404=CARTESIAN_POINT('',(0.0032,-0.0257515129495904,0.00095));
#9405=CARTESIAN_POINT('',(0.00293570817300695,-0.0257468965804725,0.00095));
#9406=CARTESIAN_POINT('',(0.0027,-0.0257343400469717,0.00118608930604084));
#9407=CARTESIAN_POINT('',(0.0027,-0.025719461410902,0.00145));
#9408=CARTESIAN_POINT('',(0.00445,-0.025438266361802,-0.00425));
#9409=CARTESIAN_POINT('',(0.00403333333179172,-0.0254308926126727,-0.00425));
#9410=CARTESIAN_POINT('',(0.00361666666512372,-0.025423518776509,-0.00425));
#9411=CARTESIAN_POINT('',(0.0032,-0.0254161448530835,-0.00425));
#9412=CARTESIAN_POINT('',(0.00445,-0.0254382663618021,-0.00425));
#9413=CARTESIAN_POINT('',(0.0032,-0.0254161448530835,-0.00425));
#9414=CARTESIAN_POINT('',(0.0032,-0.0254161448530835,-0.00425));
#9415=CARTESIAN_POINT('',(0.0029345540525437,-0.0254114471456497,-0.00425));
#9416=CARTESIAN_POINT('',(0.0027,-0.0254472559506898,-0.00401258034635702));
#9417=CARTESIAN_POINT('',(0.0027,-0.0254858920830109,-0.00375));
#9418=CARTESIAN_POINT('',(0.0027,-0.025719461410902,-0.00145));
#9419=CARTESIAN_POINT('',(0.0027,-0.0257343399500159,-0.00118609102579954));
#9420=CARTESIAN_POINT('',(0.00293569760325757,-0.0257468963958514,-0.00095));
#9421=CARTESIAN_POINT('',(0.0032,-0.0257515129495904,-0.00095));
#9422=CARTESIAN_POINT('',(0.0032,-0.0257515129495904,-0.00095));
#9423=CARTESIAN_POINT('',(0.00445,-0.0257733466102869,-0.00095));
#9424=CARTESIAN_POINT('',(0.00403333333326024,-0.025766068727573,-0.00095));
#9425=CARTESIAN_POINT('',(0.00361666666659351,-0.0257587908406777,-0.00095));
#9426=CARTESIAN_POINT('',(0.0032,-0.0257515129495904,-0.00095));
#9427=CARTESIAN_POINT('',(0.00445,-0.0257733466102869,-0.00095));
#9428=CARTESIAN_POINT('',(0.00445,-0.0257733466102869,-0.00095));
#9429=CARTESIAN_POINT('',(0.00471416180930072,-0.0257779607030835,-0.00095));
#9430=CARTESIAN_POINT('',(0.00495,-0.0257736464404385,-0.00118621457269523));
#9431=CARTESIAN_POINT('',(0.00495,-0.0257587975769211,-0.00145));
#9432=CARTESIAN_POINT('',(0.00495,-0.025758797576921,-0.00145));
#9433=CARTESIAN_POINT('',(0.00495,0.,1.35378163013191E-18));
#9434=CARTESIAN_POINT('',(0.00495,-0.0255255881931993,-0.00375));
#9435=CARTESIAN_POINT('',(0.00495,-0.0255255881931993,-0.00375));
#9436=CARTESIAN_POINT('',(0.00495,-0.0254869338260715,-0.00401311345524625));
#9437=CARTESIAN_POINT('',(0.00471598611521503,-0.0254429735175098,-0.00425));
#9438=CARTESIAN_POINT('',(0.00445,-0.025438266361802,-0.00425));
#9439=CARTESIAN_POINT('',(0.00975,0.0148555009661245,0.0211958123929608));
#9440=CARTESIAN_POINT('',(0.00823333330993833,0.0148364355320383,0.0211768465248185));
#9441=CARTESIAN_POINT('',(0.00671666664319735,0.0148173691655536,0.021157879729147));
#9442=CARTESIAN_POINT('',(0.0052,0.014798301857757,0.0211389119970795));
#9443=CARTESIAN_POINT('',(0.00975,0.0148555009661245,0.0211958123929608));
#9444=CARTESIAN_POINT('',(0.0052,0.014798301857757,0.0211389119970795));
#9445=CARTESIAN_POINT('',(0.0052,0.014798301857757,0.0211389119970795));
#9446=CARTESIAN_POINT('',(0.00493646037109527,0.014794988676681,0.0211356161185206));
#9447=CARTESIAN_POINT('',(0.00441386190764188,0.0149726664381138,0.021001676308989));
#9448=CARTESIAN_POINT('',(0.0042,0.0153935209496325,0.0206894191922565));
#9449=CARTESIAN_POINT('',(0.0042,0.0156037524580279,0.0205296306175377));
#9450=CARTESIAN_POINT('',(0.0042,0.0156037524580279,0.0205296306175376));
#9451=CARTESIAN_POINT('',(0.0042,0.,1.59051003039262E-18));
#9452=CARTESIAN_POINT('',(0.0042,0.0206110498859454,0.0154960461622642));
#9453=CARTESIAN_POINT('',(0.0042,0.0206110498859454,0.0154960461622642));
#9454=CARTESIAN_POINT('',(0.00419999999999999,0.0207694059028658,0.0152854192881372));
#9455=CARTESIAN_POINT('',(0.00441420438583415,0.0210799326686419,0.014862312149068));
#9456=CARTESIAN_POINT('',(0.00493570351192498,0.0212127829072006,0.0146841110836555));
#9457=CARTESIAN_POINT('',(0.0052,0.0212161056033978,0.0146874164276444));
#9458=CARTESIAN_POINT('',(0.0052,0.0212161056033978,0.0146874164276444));
#9459=CARTESIAN_POINT('',(0.00975,0.0212733047117652,0.0147443168235258));
#9460=CARTESIAN_POINT('',(0.00823333330993833,0.021254239277679,0.0147253509553835));
#9461=CARTESIAN_POINT('',(0.00671666664319735,0.0212351729111943,0.014706384159712));
#9462=CARTESIAN_POINT('',(0.0052,0.0212161056033978,0.0146874164276444));
#9463=CARTESIAN_POINT('',(0.00975,0.0212733047117652,0.0147443168235258));
#9464=CARTESIAN_POINT('',(0.00975,0.0212733047117652,0.0147443168235258));
#9465=CARTESIAN_POINT('',(0.0100140266319527,0.0212766236890866,0.0147476184680601));
#9466=CARTESIAN_POINT('',(0.0105358086219015,0.0211566041305747,0.014939000498242));
#9467=CARTESIAN_POINT('',(0.01075,0.0208518607591406,0.0153662632213821));
#9468=CARTESIAN_POINT('',(0.01075,0.0206928809696065,0.0155774498971932));
#9469=CARTESIAN_POINT('',(0.01075,0.0206928809696065,0.0155774498971932));
#9470=CARTESIAN_POINT('',(0.01075,0.,1.59051003039262E-18));
#9471=CARTESIAN_POINT('',(0.01075,0.015685583541689,0.0206110343524667));
#9472=CARTESIAN_POINT('',(0.01075,0.015685583541689,0.0206110343524667));
#9473=CARTESIAN_POINT('',(0.01075,0.0154753832719952,0.0207710027380598));
#9474=CARTESIAN_POINT('',(0.0105353430285905,0.015049402275739,0.0210782084123015));
#9475=CARTESIAN_POINT('',(0.0100147469293795,0.014858828998028,0.0211991230447913));
#9476=CARTESIAN_POINT('',(0.00975,0.0148555009661245,0.0211958123929608));
#9477=CARTESIAN_POINT('',(0.0139825475935627,0.,1.59051003039262E-18));
#9478=CARTESIAN_POINT('',(0.0139825475935627,0.,-0.0259572403021842));
#9479=CARTESIAN_POINT('',(0.0052,0.0212161056033978,-0.0146874164276444));
#9480=CARTESIAN_POINT('',(0.00671666664319735,0.0212351729111943,-0.014706384159712));
#9481=CARTESIAN_POINT('',(0.00823333330993833,0.021254239277679,-0.0147253509553835));
#9482=CARTESIAN_POINT('',(0.00975,0.0212733047117652,-0.0147443168235258));
#9483=CARTESIAN_POINT('',(0.0052,0.0212161056033978,-0.0146874164276444));
#9484=CARTESIAN_POINT('',(0.00975,0.0212733047117652,-0.0147443168235258));
#9485=CARTESIAN_POINT('',(0.0052,0.0212161056033978,-0.0146874164276444));
#9486=CARTESIAN_POINT('',(0.00493642807294605,0.0212127920162742,-0.0146841201451585));
#9487=CARTESIAN_POINT('',(0.0044138677969956,0.0210797897485512,-0.0148624912015016));
#9488=CARTESIAN_POINT('',(0.00419999999999999,0.0207697135823461,-0.0152850100484478));
#9489=CARTESIAN_POINT('',(0.0042,0.0206110498859454,-0.0154960461622642));
#9490=CARTESIAN_POINT('',(0.0042,0.0206110498859454,-0.0154960461622642));
#9491=CARTESIAN_POINT('',(0.0042,0.,1.59051003039262E-18));
#9492=CARTESIAN_POINT('',(0.0042,0.0156037524580279,-0.0205296306175376));
#9493=CARTESIAN_POINT('',(0.0042,0.0156037524580279,-0.0205296306175377));
#9494=CARTESIAN_POINT('',(0.0042,0.0153939297638765,-0.0206891084688741));
#9495=CARTESIAN_POINT('',(0.00441419784179279,0.0149724888462398,-0.0210018196668974));
#9496=CARTESIAN_POINT('',(0.00493573394663683,0.0147949795441806,-0.0211356070337131));
#9497=CARTESIAN_POINT('',(0.0052,0.014798301857757,-0.0211389119970795));
#9498=CARTESIAN_POINT('',(0.0052,0.014798301857757,-0.0211389119970795));
#9499=CARTESIAN_POINT('',(0.0052,0.014798301857757,-0.0211389119970795));
#9500=CARTESIAN_POINT('',(0.00671666664319735,0.0148173691655536,-0.021157879729147));
#9501=CARTESIAN_POINT('',(0.00823333330993833,0.0148364355320383,-0.0211768465248185));
#9502=CARTESIAN_POINT('',(0.00975,0.0148555009661245,-0.0211958123929608));
#9503=CARTESIAN_POINT('',(0.00975,0.0148555009661245,-0.0211958123929608));
#9504=CARTESIAN_POINT('',(0.00975,0.0148555009661245,-0.0211958123929608));
#9505=CARTESIAN_POINT('',(0.0100140589720722,0.0148588203499811,-0.0211991144419073));
#9506=CARTESIAN_POINT('',(0.0105358021446566,0.0150495647982586,-0.0210780989217163));
#9507=CARTESIAN_POINT('',(0.01075,0.0154752603208056,-0.0207710963074131));
#9508=CARTESIAN_POINT('',(0.01075,0.015685583541689,-0.0206110343524667));
#9509=CARTESIAN_POINT('',(0.01075,0.015685583541689,-0.0206110343524667));
#9510=CARTESIAN_POINT('',(0.01075,0.,1.59051003039262E-18));
#9511=CARTESIAN_POINT('',(0.01075,0.0206928809696065,-0.0155774498971932));
#9512=CARTESIAN_POINT('',(0.01075,0.0206928809696065,-0.0155774498971932));
#9513=CARTESIAN_POINT('',(0.01075,0.0208517683178688,-0.0153663860191601));
#9514=CARTESIAN_POINT('',(0.0105353510323141,0.0211567111719257,-0.0149388396790078));
#9515=CARTESIAN_POINT('',(0.0100147161915463,0.0212766323572753,-0.0147476270909806));
#9516=CARTESIAN_POINT('',(0.00975,0.0212733047117652,-0.0147443168235258));
#9517=CARTESIAN_POINT('',(0.00206334994648172,0.,1.59051003039262E-18));
#9518=CARTESIAN_POINT('',(0.00206334994648172,0.0237387321748626,0.00997463668283249));
#9519=CARTESIAN_POINT('',(0.00206334994648172,0.0237387321748626,-0.0099746366828325));
#9520=CARTESIAN_POINT('',(0.00206334994648172,0.0237387321748626,-0.0099746366828325));
#9521=CARTESIAN_POINT('',(0.00220889179659649,0.0237984747189645,-0.00983901290405193));
#9522=CARTESIAN_POINT('',(0.00235435558991174,0.0238570707797451,-0.00970281253263973));
#9523=CARTESIAN_POINT('',(0.00249974108176587,0.0239145167917912,-0.00956603377342284));
#9524=CARTESIAN_POINT('',(0.00249974108176586,0.0239145167917912,-0.00956603377342284));
#9525=CARTESIAN_POINT('',(0.00249974108176586,0.,1.59051003039262E-18));
#9526=CARTESIAN_POINT('',(0.00249974108176586,0.0239145167917912,0.00956603377342284));
#9527=CARTESIAN_POINT('',(0.00249974108176586,0.0239145167917912,0.00956603377342284));
#9528=CARTESIAN_POINT('',(0.00235435558991174,0.0238570707797451,0.00970281253263973));
#9529=CARTESIAN_POINT('',(0.00220889179659649,0.0237984747189645,0.00983901290405192));
#9530=CARTESIAN_POINT('',(0.00206334994648172,0.0237387321748626,0.00997463668283249));
#9531=CARTESIAN_POINT('',(0.0319585622342393,0.000458562234239353,1.43655898928838E-18));
#9532=CARTESIAN_POINT('',(-0.0138053810915962,-0.00044461890840381,1.49099675646454E-18));
#9533=CARTESIAN_POINT('',(0.0096,-0.0248590595172833,-0.0072));
#9534=CARTESIAN_POINT('',(0.00986006678532875,-0.024863785568221,-0.0072));
#9535=CARTESIAN_POINT('',(0.0100854396692321,-0.0249332562830043,-0.00697493687521846));
#9536=CARTESIAN_POINT('',(0.0100992237786145,-0.0250000000000001,-0.00672784993475498));
#9537=CARTESIAN_POINT('',(0.00713137743785184,-0.0249999999999998,-0.00652566442059725));
#9538=CARTESIAN_POINT('',(0.0070761115353417,-0.0249602255655434,-0.00667422186895321));
#9539=CARTESIAN_POINT('',(0.00711707409718305,-0.0248656078360056,-0.00702418952596209));
#9540=CARTESIAN_POINT('',(0.00743451606419644,-0.024819704966035,-0.0072));
#9541=CARTESIAN_POINT('',(0.0076,-0.0248227125557957,-0.0072));
#9542=CARTESIAN_POINT('',(0.0096,-0.241352545342823,-0.0067));
#9543=CARTESIAN_POINT('',(0.0096,-0.0228421211799605,-0.0072));
#9544=CARTESIAN_POINT('',(0.00986994135950356,-0.0228421211799605,-0.0072));
#9545=CARTESIAN_POINT('',(0.0103300554502731,-0.0229989927267562,-0.00670224851415781));
#9546=CARTESIAN_POINT('',(0.00986994268412798,-0.0231335794895645,-0.0062));
#9547=CARTESIAN_POINT('',(0.0096,-0.0231335794895645,-0.0062));
#9548=CARTESIAN_POINT('',(0.0096,-0.0231335794895645,-0.0062));
#9549=CARTESIAN_POINT('',(0.0096,-0.241352545342823,-0.0062));
#9550=CARTESIAN_POINT('',(0.0086,-0.241352545342823,-0.0062));
#9551=CARTESIAN_POINT('',(0.002698,-0.0231335794895645,-0.0062));
#9552=CARTESIAN_POINT('',(0.0076,-0.0231335794895644,-0.0062));
#9553=CARTESIAN_POINT('',(0.0076,-0.241352545342823,-0.0062));
#9554=CARTESIAN_POINT('',(0.0076,-0.241352545342823,-0.0067));
#9555=CARTESIAN_POINT('',(0.0076,-0.0231335794895644,-0.0062));
#9556=CARTESIAN_POINT('',(0.00733007760698132,-0.0231335794895644,-0.0062));
#9557=CARTESIAN_POINT('',(0.00686995950188247,-0.0229990362248364,-0.00670209925924237));
#9558=CARTESIAN_POINT('',(0.00733000779614797,-0.0228421211799605,-0.0072));
#9559=CARTESIAN_POINT('',(0.0076,-0.0228421211799605,-0.0072));
#9560=CARTESIAN_POINT('',(0.240514420527491,0.001275,-0.01515));
#9561=CARTESIAN_POINT('',(0.240514420527491,0.00925,-0.01515));
#9562=CARTESIAN_POINT('',(0.001,0.00925,-0.01515));
#9563=CARTESIAN_POINT('',(0.0002,0.00925,-0.01515));
#9564=CARTESIAN_POINT('',(0.001,5.20417042793042E-18,-0.01515));
#9565=CARTESIAN_POINT('',(0.001,-0.0067,-0.01515));
#9566=CARTESIAN_POINT('',(0.240514420527491,-0.0067,-0.01515));
#9567=CARTESIAN_POINT('',(0.000200000000000006,-0.0067,-0.01515));
#9568=CARTESIAN_POINT('',(0.0002,0.00135741547944093,-0.01515));
#9569=CARTESIAN_POINT('',(0.240514420527491,1.7347234759768E-18,0.01515));
#9570=CARTESIAN_POINT('',(0.001,-5.20417042793042E-18,0.01515));
#9571=CARTESIAN_POINT('',(0.001,0.00925,0.01515));
#9572=CARTESIAN_POINT('',(0.001,-0.00925,0.01515));
#9573=CARTESIAN_POINT('',(0.240514420527491,0.00925,0.01515));
#9574=CARTESIAN_POINT('',(0.000200000000000006,0.00925,0.01515));
#9575=CARTESIAN_POINT('',(0.0002,0.00135741547944093,0.01515));
#9576=CARTESIAN_POINT('',(0.0002,-0.00925,0.01515));
#9577=CARTESIAN_POINT('',(0.240514420527491,-0.00925,0.01515));
#9578=CARTESIAN_POINT('',(0.0018,0.00135741547944093,0.00264782749072649));
#9579=CARTESIAN_POINT('',(0.0018,-0.0179665476220844,1.45716771982052E-16));
#9580=CARTESIAN_POINT('',(0.0018,0.0131630458846509,-0.0202155755930081));
#9581=CARTESIAN_POINT('',(0.0018,0.0136051972664389,-0.020375195884734));
#9582=CARTESIAN_POINT('',(0.0018,1.50019232895551E-18,0.));
#9583=CARTESIAN_POINT('',(0.0018,0.0204461529073966,-0.0134983269810505));
#9584=CARTESIAN_POINT('',(0.0018,0.0202842197150632,-0.0130570174262385));
#9585=CARTESIAN_POINT('',(0.0018,0.0201222865227297,-0.0126157078714265));
#9586=CARTESIAN_POINT('',(0.0018,0.,1.45426807398748E-18));
#9587=CARTESIAN_POINT('',(0.0018,0.0201222865227297,0.0126157078714265));
#9588=CARTESIAN_POINT('',(0.0018,0.0202842197150632,0.0130570174262385));
#9589=CARTESIAN_POINT('',(0.0018,0.0204461529073966,0.0134983269810505));
#9590=CARTESIAN_POINT('',(0.0018,1.50019232895551E-18,0.));
#9591=CARTESIAN_POINT('',(0.0018,0.0136051972664389,0.020375195884734));
#9592=CARTESIAN_POINT('',(0.0018,0.0131630458846509,0.0202155755930081));
#9593=CARTESIAN_POINT('',(0.0018,0.00135741547944093,-0.01515));
#9594=CARTESIAN_POINT('',(0.0018,-0.00999758348709425,-0.01515));
#9595=CARTESIAN_POINT('',(0.0018,-0.0067,-0.01515));
#9596=CARTESIAN_POINT('',(0.0018,-0.01273,-0.01273));
#9597=CARTESIAN_POINT('',(0.0018,-0.0145,-0.00953788471386136));
#9598=CARTESIAN_POINT('',(0.0018,-0.0145,0.00264782749072649));
#9599=CARTESIAN_POINT('',(0.0018,-0.0145,0.00953788471386134));
#9600=CARTESIAN_POINT('',(0.0018,-0.01273,0.01273));
#9601=CARTESIAN_POINT('',(0.0018,-0.00999758348709427,0.01515));
#9602=CARTESIAN_POINT('',(0.0018,0.00135741547944093,0.01515));
#9603=CARTESIAN_POINT('',(0.0018,-0.00925,0.01515));
#9604=CARTESIAN_POINT('',(0.0018,-0.00925,0.00264782749072649));
#9605=CARTESIAN_POINT('',(0.0018,-0.00925,0.01785));
#9606=CARTESIAN_POINT('',(0.0018,0.00135741547944093,0.01785));
#9607=CARTESIAN_POINT('',(0.0018,-0.00209224759529077,0.01785));
#9608=CARTESIAN_POINT('',(0.0018,0.,0.02));
#9609=CARTESIAN_POINT('',(0.0018,0.00209224759529077,0.01785));
#9610=CARTESIAN_POINT('',(0.0018,0.00135741547944093,0.01785));
#9611=CARTESIAN_POINT('',(0.0018,0.00925,0.01785));
#9612=CARTESIAN_POINT('',(0.0018,0.00925,0.00264782749072649));
#9613=CARTESIAN_POINT('',(0.0018,0.00925,0.01515));
#9614=CARTESIAN_POINT('',(0.0018,0.00135741547944093,0.01515));
#9615=CARTESIAN_POINT('',(0.0018,0.00999758348709426,0.01515));
#9616=CARTESIAN_POINT('',(0.0018,0.01273,0.01273));
#9617=CARTESIAN_POINT('',(0.0018,0.0093,0.0114819615390542));
#9618=CARTESIAN_POINT('',(0.0018,0.0093,0.00264782749072649));
#9619=CARTESIAN_POINT('',(0.0018,0.0093,-0.0114819615390542));
#9620=CARTESIAN_POINT('',(0.0018,0.01273,-0.01273));
#9621=CARTESIAN_POINT('',(0.0018,0.00999758348709426,-0.01515));
#9622=CARTESIAN_POINT('',(0.0018,0.00135741547944093,-0.01515));
#9623=CARTESIAN_POINT('',(0.0018,0.00925,-0.01515));
#9624=CARTESIAN_POINT('',(0.0018,0.00925,0.00264782749072649));
#9625=CARTESIAN_POINT('',(0.0018,0.00925,-0.01785));
#9626=CARTESIAN_POINT('',(0.0018,0.00135741547944093,-0.01785));
#9627=CARTESIAN_POINT('',(0.0018,0.00209224759529076,-0.01785));
#9628=CARTESIAN_POINT('',(0.0018,0.,-0.02));
#9629=CARTESIAN_POINT('',(0.0018,-0.00209224759529076,-0.01785));
#9630=CARTESIAN_POINT('',(0.0018,0.00135741547944093,-0.01785));
#9631=CARTESIAN_POINT('',(0.0018,-0.0067,-0.01785));
#9632=CARTESIAN_POINT('',(0.0018,-0.0067,0.00264782749072649));
#9633=CARTESIAN_POINT('',(0.002,0.,0.02));
#9634=CARTESIAN_POINT('',(0.002,-0.00209224759529077,0.01785));
#9635=CARTESIAN_POINT('',(0.0033,-0.00209224759529077,0.01785));
#9636=CARTESIAN_POINT('',(0.0033,0.,0.02));
#9637=CARTESIAN_POINT('',(0.0033,0.00209224759529077,0.01785));
#9638=CARTESIAN_POINT('',(0.002,0.00209224759529077,0.01785));
#9639=CARTESIAN_POINT('',(0.0033,0.00135741547944093,0.));
#9640=CARTESIAN_POINT('',(0.0033,0.,0.02));
#9641=CARTESIAN_POINT('',(0.0033,0.,0.022));
#9642=CARTESIAN_POINT('',(0.0033,0.00135741547944093,0.01785));
#9643=CARTESIAN_POINT('',(0.0143,0.,0.));
#9644=CARTESIAN_POINT('',(0.0143,-0.00493882743171439,-0.0136806501838446));
#9645=CARTESIAN_POINT('',(0.0143,0.0136051972664389,-0.020375195884734));
#9646=CARTESIAN_POINT('',(0.0143,-0.00493882743171439,0.0136806501838446));
#9647=CARTESIAN_POINT('',(0.0143,0.0136051972664389,0.020375195884734));
#9648=CARTESIAN_POINT('',(0.0143,1.50019232895551E-18,0.));
#9649=CARTESIAN_POINT('',(-0.22551442052749,0.,1.45426807398748E-18));
#9650=CARTESIAN_POINT('',(0.001798,0.0201222865227297,0.0126157078714265));
#9651=CARTESIAN_POINT('',(0.0143,0.0201222865227297,0.0126157078714265));
#9652=CARTESIAN_POINT('',(0.001798,0.0201222865227297,-0.0126157078714265));
#9653=CARTESIAN_POINT('',(0.0143,0.0201222865227297,-0.0126157078714265));
#9654=CARTESIAN_POINT('',(0.0143,0.,1.45426807398748E-18));
#9655=CARTESIAN_POINT('',(0.0143,0.,0.));
#9656=CARTESIAN_POINT('',(0.0143,0.0136546031310748,-0.00501039112104287));
#9657=CARTESIAN_POINT('',(0.0143,0.0204461529073966,0.0134983269810505));
#9658=CARTESIAN_POINT('',(0.0143,0.0136546031310748,0.00501039112104287));
#9659=CARTESIAN_POINT('',(0.0143,0.0204461529073966,-0.0134983269810505));
#9660=CARTESIAN_POINT('',(0.0143,1.50019232895551E-18,0.));
#9661=CARTESIAN_POINT('',(0.0143,1.50019232895551E-18,0.));
#9662=CARTESIAN_POINT('',(0.015,1.50019232895551E-18,0.));
#9663=CARTESIAN_POINT('',(0.015,1.50019232895551E-18,-0.0245));
#9664=CARTESIAN_POINT('',(0.001798,0.0204461529073966,-0.0134983269810505));
#9665=CARTESIAN_POINT('',(0.001798,0.0136051972664389,-0.020375195884734));
#9666=CARTESIAN_POINT('',(0.001798,0.0136051972664389,0.020375195884734));
#9667=CARTESIAN_POINT('',(0.001798,0.0204461529073966,0.0134983269810505));
#9668=CARTESIAN_POINT('',(0.00975,0.0138583473160295,-0.0202038662059591));
#9669=CARTESIAN_POINT('',(0.0100159237911827,0.0138583473160295,-0.0202038662059591));
#9670=CARTESIAN_POINT('',(0.0105349260222825,0.0140447619474256,-0.0200776092686992));
#9671=CARTESIAN_POINT('',(0.01075,0.0144696537202193,-0.019772450126809));
#9672=CARTESIAN_POINT('',(0.01075,0.0146824561538643,-0.0196131456245512));
#9673=CARTESIAN_POINT('',(0.00975,0.0138583473160295,-0.0202038662059591));
#9674=CARTESIAN_POINT('',(0.01075,0.0146824561538643,-0.0196131456245512));
#9675=CARTESIAN_POINT('',(0.001798,0.0138583473160295,-0.0202038662059591));
#9676=CARTESIAN_POINT('',(0.0052,0.0138583473160295,-0.0202038662059591));
#9677=CARTESIAN_POINT('',(0.0042,0.0146824561538643,-0.0196131456245512));
#9678=CARTESIAN_POINT('',(0.0042,0.014469598580154,-0.0197724914048175));
#9679=CARTESIAN_POINT('',(0.00441414626512107,0.014045591657431,-0.0200770238618495));
#9680=CARTESIAN_POINT('',(0.00493401075619175,0.0138583473160295,-0.0202038662059591));
#9681=CARTESIAN_POINT('',(0.0052,0.0138583473160295,-0.0202038662059591));
#9682=CARTESIAN_POINT('',(0.0042,0.0146824561538643,-0.0196131456245512));
#9683=CARTESIAN_POINT('',(0.0042,1.50019232895551E-18,0.));
#9684=CARTESIAN_POINT('',(0.0042,0.0196897535817818,-0.0145795611692777));
#9685=CARTESIAN_POINT('',(0.0052,0.0202761510616702,-0.0137523706365241));
#9686=CARTESIAN_POINT('',(0.00493407620881725,0.0202761510616702,-0.0137523706365241));
#9687=CARTESIAN_POINT('',(0.00441507397771752,0.0201508719153767,-0.0139394437893515));
#9688=CARTESIAN_POINT('',(0.00419999999999999,0.0198479416744871,-0.0143659275400638));
#9689=CARTESIAN_POINT('',(0.0042,0.0196897535817818,-0.0145795611692777));
#9690=CARTESIAN_POINT('',(0.0052,0.0202761510616702,-0.0137523706365241));
#9691=CARTESIAN_POINT('',(0.001798,0.0202761510616702,-0.0137523706365241));
#9692=CARTESIAN_POINT('',(0.00975,0.0202761510616702,-0.0137523706365241));
#9693=CARTESIAN_POINT('',(0.01075,0.0196897535817818,-0.0145795611692777));
#9694=CARTESIAN_POINT('',(0.01075,0.0198479826632184,-0.0143658721846241));
#9695=CARTESIAN_POINT('',(0.0105358537348789,0.0201502908608832,-0.0139402765531526));
#9696=CARTESIAN_POINT('',(0.0100159892438083,0.0202761510616702,-0.0137523706365241));
#9697=CARTESIAN_POINT('',(0.00975,0.0202761510616702,-0.0137523706365241));
#9698=CARTESIAN_POINT('',(0.01075,0.0196897535817818,-0.0145795611692777));
#9699=CARTESIAN_POINT('',(0.01075,1.50019232895551E-18,0.));
#9700=CARTESIAN_POINT('',(0.001798,0.0202761510616702,0.0137523706365241));
#9701=CARTESIAN_POINT('',(0.00975,0.0202761510616702,0.0137523706365241));
#9702=CARTESIAN_POINT('',(0.0052,0.0202761510616702,0.0137523706365241));
#9703=CARTESIAN_POINT('',(0.0042,0.0196897535817818,0.0145795611692777));
#9704=CARTESIAN_POINT('',(0.0042,0.0198479826632184,0.0143658721846241));
#9705=CARTESIAN_POINT('',(0.00441414626512107,0.0201502908608832,0.0139402765531526));
#9706=CARTESIAN_POINT('',(0.00493401075619174,0.0202761510616702,0.0137523706365241));
#9707=CARTESIAN_POINT('',(0.0052,0.0202761510616702,0.0137523706365241));
#9708=CARTESIAN_POINT('',(0.0042,0.0196897535817818,0.0145795611692777));
#9709=CARTESIAN_POINT('',(0.0042,1.50019232895551E-18,0.));
#9710=CARTESIAN_POINT('',(0.0042,0.0146824561538643,0.0196131456245512));
#9711=CARTESIAN_POINT('',(0.0052,0.0138583473160295,0.0202038662059591));
#9712=CARTESIAN_POINT('',(0.00493407620881725,0.0138583473160295,0.0202038662059591));
#9713=CARTESIAN_POINT('',(0.00441507397771751,0.0140447619474255,0.0200776092686992));
#9714=CARTESIAN_POINT('',(0.0042,0.0144696537202193,0.019772450126809));
#9715=CARTESIAN_POINT('',(0.0042,0.0146824561538643,0.0196131456245512));
#9716=CARTESIAN_POINT('',(0.0052,0.0138583473160295,0.0202038662059591));
#9717=CARTESIAN_POINT('',(0.001798,0.0138583473160295,0.0202038662059591));
#9718=CARTESIAN_POINT('',(0.00975,0.0138583473160295,0.0202038662059591));
#9719=CARTESIAN_POINT('',(0.01075,0.0146824561538643,0.0196131456245512));
#9720=CARTESIAN_POINT('',(0.01075,0.014469598580154,0.0197724914048175));
#9721=CARTESIAN_POINT('',(0.0105358537348789,0.014045591657431,0.0200770238618495));
#9722=CARTESIAN_POINT('',(0.0100159892438083,0.0138583473160295,0.0202038662059591));
#9723=CARTESIAN_POINT('',(0.00975,0.0138583473160295,0.0202038662059591));
#9724=CARTESIAN_POINT('',(0.01075,0.0146824561538643,0.0196131456245512));
#9725=CARTESIAN_POINT('',(0.01075,1.50019232895551E-18,0.));
#9726=CARTESIAN_POINT('',(0.01075,0.0196897535817818,0.0145795611692777));
#9727=CARTESIAN_POINT('',(0.00975,0.0202761510616702,0.0137523706365241));
#9728=CARTESIAN_POINT('',(0.0100159237911827,0.0202761510616702,0.0137523706365241));
#9729=CARTESIAN_POINT('',(0.0105349260222825,0.0201508719153767,0.0139394437893515));
#9730=CARTESIAN_POINT('',(0.01075,0.0198479416744871,0.0143659275400638));
#9731=CARTESIAN_POINT('',(0.01075,0.0196897535817818,0.0145795611692777));
#9732=CARTESIAN_POINT('',(0.015,0.,0.));
#9733=CARTESIAN_POINT('',(0.015,0.,1.59051003039262E-18));
#9734=CARTESIAN_POINT('',(0.015,0.,-0.0249573926070279));
#9735=CARTESIAN_POINT('',(0.014,0.,1.59051003039262E-18));
#9736=CARTESIAN_POINT('',(0.00975,-0.000250944978098827,-0.00475773160645533));
#9737=CARTESIAN_POINT('',(0.00975,0.0151133786298863,-0.021452343335065));
#9738=CARTESIAN_POINT('',(0.01075,-0.000250944978098824,-0.00475773160645533));
#9739=CARTESIAN_POINT('',(0.01075,0.00448194019496441,0.));
#9740=CARTESIAN_POINT('',(0.01075,0.0181255853600414,-0.0130235615465147));
#9741=CARTESIAN_POINT('',(0.00975,0.0208259292166654,-0.0157098033227107));
#9742=CARTESIAN_POINT('',(0.00975,0.0242315262321511,-0.017687089541826));
#9743=CARTESIAN_POINT('',(0.00975,0.0208259292166654,0.0157098033227107));
#9744=CARTESIAN_POINT('',(0.00975,0.0242315262321511,0.017687089541826));
#9745=CARTESIAN_POINT('',(0.01075,0.0181255853600414,0.0130235615465147));
#9746=CARTESIAN_POINT('',(0.01075,0.00448194019496441,0.));
#9747=CARTESIAN_POINT('',(0.01075,-0.000250944978098824,0.00475773160645533));
#9748=CARTESIAN_POINT('',(0.00975,-0.000250944978098827,0.00475773160645533));
#9749=CARTESIAN_POINT('',(0.00975,0.0151133786298863,0.021452343335065));
#9750=CARTESIAN_POINT('',(0.0042,0.0151133786298863,-0.021452343335065));
#9751=CARTESIAN_POINT('',(0.0052,0.0178137224865104,-0.024138585111261));
#9752=CARTESIAN_POINT('',(0.0042,0.021531182375527,-0.0150008477656299));
#9753=CARTESIAN_POINT('',(0.0052,0.021531182375527,-0.0150008477656299));
#9754=CARTESIAN_POINT('',(0.0042,0.0151133786298863,0.021452343335065));
#9755=CARTESIAN_POINT('',(0.0052,0.0178137224865104,0.024138585111261));
#9756=CARTESIAN_POINT('',(0.0042,0.021531182375527,0.0150008477656299));
#9757=CARTESIAN_POINT('',(0.0052,0.021531182375527,0.0150008477656299));
#9758=CARTESIAN_POINT('',(0.002,0.,-0.02));
#9759=CARTESIAN_POINT('',(0.002,-0.00209224759529076,-0.01785));
#9760=CARTESIAN_POINT('',(0.0033,-0.00209224759529077,-0.01785));
#9761=CARTESIAN_POINT('',(0.002,0.00209224759529076,-0.01785));
#9762=CARTESIAN_POINT('',(0.0033,0.00209224759529077,-0.01785));
#9763=CARTESIAN_POINT('',(0.0033,0.,-0.02));
#9764=CARTESIAN_POINT('',(0.0011667261889578,-0.0173332738110422,4.37755709872548E-18));
#9765=CARTESIAN_POINT('',(0.0033,0.01273,0.01273));
#9766=CARTESIAN_POINT('',(0.0033,0.01273,0.01273));
#9767=CARTESIAN_POINT('',(0.0033,0.0099071551724138,0.0131224883174947));
#9768=CARTESIAN_POINT('',(0.0033,0.0123375116825053,0.0155528448275862));
#9769=CARTESIAN_POINT('',(0.00195,0.0099071551724138,0.0131224883174947));
#9770=CARTESIAN_POINT('',(0.0002,0.0099071551724138,0.0131224883174947));
#9771=CARTESIAN_POINT('',(0.0002,0.01273,0.01273));
#9772=CARTESIAN_POINT('',(0.0002,0.0123375116825053,0.0155528448275862));
#9773=CARTESIAN_POINT('',(0.00195,0.0123375116825053,0.0155528448275862));
#9774=CARTESIAN_POINT('',(0.0033,0.01273,0.01273));
#9775=CARTESIAN_POINT('',(0.0002,0.01273,0.01273));
#9776=CARTESIAN_POINT('',(0.0002,0.0123375116825053,0.00990715517241379));
#9777=CARTESIAN_POINT('',(0.0002,0.0099071551724138,0.0123375116825053));
#9778=CARTESIAN_POINT('',(0.00195,0.0099071551724138,0.0123375116825053));
#9779=CARTESIAN_POINT('',(0.0033,0.0099071551724138,0.0123375116825053));
#9780=CARTESIAN_POINT('',(0.0033,0.01273,0.01273));
#9781=CARTESIAN_POINT('',(0.0033,0.0123375116825053,0.00990715517241379));
#9782=CARTESIAN_POINT('',(0.00195,0.0123375116825053,0.00990715517241379));
#9783=CARTESIAN_POINT('',(0.0033,0.01273,0.01273));
#9784=CARTESIAN_POINT('',(0.0033,0.01273,0.01273));
#9785=CARTESIAN_POINT('',(0.0033,0.0131224883174947,0.0155528448275862));
#9786=CARTESIAN_POINT('',(0.0033,0.0155528448275862,0.0131224883174947));
#9787=CARTESIAN_POINT('',(0.00195,0.0131224883174947,0.0155528448275862));
#9788=CARTESIAN_POINT('',(0.0002,0.0131224883174947,0.0155528448275862));
#9789=CARTESIAN_POINT('',(0.0002,0.01273,0.01273));
#9790=CARTESIAN_POINT('',(0.0002,0.0155528448275862,0.0131224883174947));
#9791=CARTESIAN_POINT('',(0.00195,0.0155528448275862,0.0131224883174947));
#9792=CARTESIAN_POINT('',(0.0033,-0.01273,-0.01273));
#9793=CARTESIAN_POINT('',(0.0033,-0.01273,-0.01273));
#9794=CARTESIAN_POINT('',(0.0033,-0.00990715517241379,-0.0131224883174947));
#9795=CARTESIAN_POINT('',(0.0033,-0.0123375116825053,-0.0155528448275862));
#9796=CARTESIAN_POINT('',(0.00195,-0.00990715517241379,-0.0131224883174947));
#9797=CARTESIAN_POINT('',(0.0002,-0.0099071551724138,-0.0131224883174947));
#9798=CARTESIAN_POINT('',(0.0002,-0.01273,-0.01273));
#9799=CARTESIAN_POINT('',(0.0002,-0.0123375116825053,-0.0155528448275862));
#9800=CARTESIAN_POINT('',(0.00195,-0.0123375116825053,-0.0155528448275862));
#9801=CARTESIAN_POINT('',(0.0033,-0.01273,-0.01273));
#9802=CARTESIAN_POINT('',(0.0033,-0.01273,-0.01273));
#9803=CARTESIAN_POINT('',(0.0033,-0.0131224883174947,-0.0155528448275862));
#9804=CARTESIAN_POINT('',(0.0033,-0.0155528448275862,-0.0131224883174947));
#9805=CARTESIAN_POINT('',(0.00195,-0.0131224883174947,-0.0155528448275862));
#9806=CARTESIAN_POINT('',(0.0002,-0.0131224883174947,-0.0155528448275862));
#9807=CARTESIAN_POINT('',(0.0002,-0.01273,-0.01273));
#9808=CARTESIAN_POINT('',(0.0002,-0.0155528448275862,-0.0131224883174947));
#9809=CARTESIAN_POINT('',(0.00195,-0.0155528448275862,-0.0131224883174947));
#9810=CARTESIAN_POINT('',(0.0033,-0.01273,-0.01273));
#9811=CARTESIAN_POINT('',(0.0033,-0.01273,-0.01273));
#9812=CARTESIAN_POINT('',(0.0033,-0.0155528448275862,-0.0123375116825053));
#9813=CARTESIAN_POINT('',(0.0033,-0.0131224883174947,-0.0099071551724138));
#9814=CARTESIAN_POINT('',(0.00195,-0.0155528448275862,-0.0123375116825053));
#9815=CARTESIAN_POINT('',(0.0002,-0.0155528448275862,-0.0123375116825053));
#9816=CARTESIAN_POINT('',(0.0002,-0.01273,-0.01273));
#9817=CARTESIAN_POINT('',(0.0002,-0.0131224883174947,-0.0099071551724138));
#9818=CARTESIAN_POINT('',(0.00195,-0.0131224883174947,-0.0099071551724138));
#9819=CARTESIAN_POINT('',(0.0033,-0.01273,0.01273));
#9820=CARTESIAN_POINT('',(0.0033,-0.01273,0.01273));
#9821=CARTESIAN_POINT('',(0.0033,-0.0131224883174947,0.00990715517241378));
#9822=CARTESIAN_POINT('',(0.0033,-0.0155528448275862,0.0123375116825053));
#9823=CARTESIAN_POINT('',(0.00195,-0.0131224883174947,0.00990715517241378));
#9824=CARTESIAN_POINT('',(0.0002,-0.0131224883174947,0.00990715517241378));
#9825=CARTESIAN_POINT('',(0.0002,-0.01273,0.01273));
#9826=CARTESIAN_POINT('',(0.0002,-0.0155528448275862,0.0123375116825053));
#9827=CARTESIAN_POINT('',(0.00195,-0.0155528448275862,0.0123375116825053));
#9828=CARTESIAN_POINT('',(0.0033,-0.01273,0.01273));
#9829=CARTESIAN_POINT('',(0.0033,-0.01273,0.01273));
#9830=CARTESIAN_POINT('',(0.0033,-0.0155528448275862,0.0131224883174947));
#9831=CARTESIAN_POINT('',(0.0033,-0.0131224883174947,0.0155528448275862));
#9832=CARTESIAN_POINT('',(0.00195,-0.0155528448275862,0.0131224883174947));
#9833=CARTESIAN_POINT('',(0.0002,-0.0155528448275862,0.0131224883174947));
#9834=CARTESIAN_POINT('',(0.0002,-0.01273,0.01273));
#9835=CARTESIAN_POINT('',(0.0002,-0.0131224883174947,0.0155528448275862));
#9836=CARTESIAN_POINT('',(0.00195,-0.0131224883174947,0.0155528448275862));
#9837=CARTESIAN_POINT('',(0.0033,-0.01273,0.01273));
#9838=CARTESIAN_POINT('',(0.0033,-0.01273,0.01273));
#9839=CARTESIAN_POINT('',(0.0033,-0.0123375116825053,0.0155528448275862));
#9840=CARTESIAN_POINT('',(0.0033,-0.0099071551724138,0.0131224883174947));
#9841=CARTESIAN_POINT('',(0.00195,-0.0123375116825053,0.0155528448275862));
#9842=CARTESIAN_POINT('',(0.0002,-0.0123375116825053,0.0155528448275862));
#9843=CARTESIAN_POINT('',(0.0002,-0.01273,0.01273));
#9844=CARTESIAN_POINT('',(0.0002,-0.0099071551724138,0.0131224883174947));
#9845=CARTESIAN_POINT('',(0.00195,-0.0099071551724138,0.0131224883174947));
#9846=CARTESIAN_POINT('',(0.0033,0.01273,-0.01273));
#9847=CARTESIAN_POINT('',(0.0033,0.01273,-0.01273));
#9848=CARTESIAN_POINT('',(0.0033,0.0131224883174947,-0.00990715517241379));
#9849=CARTESIAN_POINT('',(0.0033,0.0155528448275862,-0.0123375116825053));
#9850=CARTESIAN_POINT('',(0.00195,0.0131224883174947,-0.00990715517241379));
#9851=CARTESIAN_POINT('',(0.0002,0.0131224883174947,-0.00990715517241379));
#9852=CARTESIAN_POINT('',(0.0002,0.01273,-0.01273));
#9853=CARTESIAN_POINT('',(0.0002,0.0155528448275862,-0.0123375116825053));
#9854=CARTESIAN_POINT('',(0.00195,0.0155528448275862,-0.0123375116825053));
#9855=CARTESIAN_POINT('',(0.0033,0.01273,-0.01273));
#9856=CARTESIAN_POINT('',(0.0002,0.01273,-0.01273));
#9857=CARTESIAN_POINT('',(0.0002,0.0099071551724138,-0.0123375116825053));
#9858=CARTESIAN_POINT('',(0.0002,0.0123375116825053,-0.00990715517241379));
#9859=CARTESIAN_POINT('',(0.00195,0.0123375116825053,-0.00990715517241379));
#9860=CARTESIAN_POINT('',(0.0033,0.0123375116825053,-0.00990715517241379));
#9861=CARTESIAN_POINT('',(0.0033,0.01273,-0.01273));
#9862=CARTESIAN_POINT('',(0.0033,0.0099071551724138,-0.0123375116825053));
#9863=CARTESIAN_POINT('',(0.00195,0.0099071551724138,-0.0123375116825053));
#9864=CARTESIAN_POINT('',(0.0033,0.01273,-0.01273));
#9865=CARTESIAN_POINT('',(0.0002,0.01273,-0.01273));
#9866=CARTESIAN_POINT('',(0.0002,0.0123375116825053,-0.0155528448275862));
#9867=CARTESIAN_POINT('',(0.0002,0.0099071551724138,-0.0131224883174947));
#9868=CARTESIAN_POINT('',(0.00195,0.0099071551724138,-0.0131224883174947));
#9869=CARTESIAN_POINT('',(0.0033,0.0099071551724138,-0.0131224883174947));
#9870=CARTESIAN_POINT('',(0.0033,0.01273,-0.01273));
#9871=CARTESIAN_POINT('',(0.0033,0.0123375116825053,-0.0155528448275862));
#9872=CARTESIAN_POINT('',(0.00195,0.0123375116825053,-0.0155528448275862));
#9873=CARTESIAN_POINT('',(0.,0.,0.));
#9874=CARTESIAN_POINT('',(0.,0.00688667517763459,0.01785));
#9875=CARTESIAN_POINT('',(0.,0.0121144723452704,0.01785));
#9876=CARTESIAN_POINT('',(0.,0.001,0.01785));
#9877=CARTESIAN_POINT('',(0.,0.001,0.0180589745962155));
#9878=CARTESIAN_POINT('',(0.,0.001,0.0182679491924311));
#9879=CARTESIAN_POINT('',(0.,0.,0.02));
#9880=CARTESIAN_POINT('',(0.,-0.001,0.0182679491924311));
#9881=CARTESIAN_POINT('',(0.,-0.001,0.0180589745962155));
#9882=CARTESIAN_POINT('',(0.,-0.001,0.01785));
#9883=CARTESIAN_POINT('',(0.,-0.00688667517763459,0.01785));
#9884=CARTESIAN_POINT('',(0.,-0.0121144723452703,0.01785));
#9885=CARTESIAN_POINT('',(0.,-0.0121144723452703,0.01585));
#9886=CARTESIAN_POINT('',(0.,-0.0133289856323429,0.0174390114774678));
#9887=CARTESIAN_POINT('',(0.,2.04697370165263E-16,-2.03830008427275E-16));
#9888=CARTESIAN_POINT('',(0.,-0.0160636951148914,0.0149578968626699));
#9889=CARTESIAN_POINT('',(0.,-0.0146,0.0135949601030794));
#9890=CARTESIAN_POINT('',(0.,-0.0166,0.0135949601030794));
#9891=CARTESIAN_POINT('',(0.,-0.0166,0.00718019810483067));
#9892=CARTESIAN_POINT('',(0.,-0.0166,-0.0135949601030794));
#9893=CARTESIAN_POINT('',(0.,-0.0146,-0.0135949601030794));
#9894=CARTESIAN_POINT('',(0.,-0.0160636951148914,-0.0149578968626699));
#9895=CARTESIAN_POINT('',(0.,2.04697370165263E-16,2.03830008427275E-16));
#9896=CARTESIAN_POINT('',(0.,-0.0133289856323429,-0.0174390114774678));
#9897=CARTESIAN_POINT('',(0.,-0.0121144723452703,-0.01585));
#9898=CARTESIAN_POINT('',(0.,-0.0121144723452703,-0.01785));
#9899=CARTESIAN_POINT('',(0.,-0.00688667517763459,-0.01785));
#9900=CARTESIAN_POINT('',(0.,-0.001,-0.01785));
#9901=CARTESIAN_POINT('',(0.,-0.001,-0.0180589745962155));
#9902=CARTESIAN_POINT('',(0.,-0.001,-0.0182679491924311));
#9903=CARTESIAN_POINT('',(0.,0.,-0.02));
#9904=CARTESIAN_POINT('',(0.,0.001,-0.0182679491924311));
#9905=CARTESIAN_POINT('',(0.,0.001,-0.0180589745962155));
#9906=CARTESIAN_POINT('',(0.,0.001,-0.01785));
#9907=CARTESIAN_POINT('',(0.,0.00688667517763459,-0.01785));
#9908=CARTESIAN_POINT('',(0.,0.0121144723452703,-0.01785));
#9909=CARTESIAN_POINT('',(0.,0.0121144723452703,-0.01585));
#9910=CARTESIAN_POINT('',(0.,0.0133289856323429,-0.0174390114774678));
#9911=CARTESIAN_POINT('',(0.,8.67361737988401E-19,-1.12757025938492E-17));
#9912=CARTESIAN_POINT('',(0.,0.0178595910138582,-0.0127599368382516));
#9913=CARTESIAN_POINT('',(0.,0.0162322570826565,-0.0115972742576378));
#9914=CARTESIAN_POINT('',(0.,0.0172398050367475,-0.00986960324722904));
#9915=CARTESIAN_POINT('',(0.,0.0154181226089418,-0.00880722945494956));
#9916=CARTESIAN_POINT('',(0.,0.0117957516778972,-0.00669472516533407));
#9917=CARTESIAN_POINT('',(0.,0.0157,4.25007251614317E-19));
#9918=CARTESIAN_POINT('',(0.,0.0117957516778972,0.00669472516533407));
#9919=CARTESIAN_POINT('',(0.,0.0154181226089418,0.00880722945494955));
#9920=CARTESIAN_POINT('',(0.,0.0172398050367475,0.00986960324722903));
#9921=CARTESIAN_POINT('',(0.,0.0162322570826565,0.0115972742576378));
#9922=CARTESIAN_POINT('',(0.,0.0178595910138582,0.0127599368382516));
#9923=CARTESIAN_POINT('',(0.,8.67361737988404E-19,1.12757025938492E-17));
#9924=CARTESIAN_POINT('',(0.,0.0133289856323429,0.0174390114774678));
#9925=CARTESIAN_POINT('',(0.,0.0121144723452704,0.01585));
#9926=CARTESIAN_POINT('',(0.,0.,1.59051003039262E-18));
#9927=CARTESIAN_POINT('',(0.,0.0211594957973298,-0.0105629091698854));
#9928=CARTESIAN_POINT('',(0.,-0.0183757359312881,-0.0148872979923167));
#9929=CARTESIAN_POINT('',(0.,-0.0183757359312881,4.64083324057744E-18));
#9930=CARTESIAN_POINT('',(-8.67361737988404E-19,-0.0183757359312881,0.0148872979923168));
#9931=CARTESIAN_POINT('',(-8.67361737988404E-19,0.,1.59051003039262E-18));
#9932=CARTESIAN_POINT('',(-8.67361737988404E-19,0.0211594957973298,0.0105629091698854));
#9933=CARTESIAN_POINT('',(0.,0.000773286692554378,-0.00132597659102622));
#9934=CARTESIAN_POINT('',(0.,0.0124888116393666,0.00550631562210199));
#9935=CARTESIAN_POINT('',(0.,0.0157,-1.3010426069826E-18));
#9936=CARTESIAN_POINT('',(0.,0.0124888116393666,-0.005506315622102));
#9937=CARTESIAN_POINT('',(0.,0.00077328669255438,0.00132597659102622));
#9938=CARTESIAN_POINT('',(0.,0.000835887696653245,0.00143332030560074));
#9939=CARTESIAN_POINT('',(0.0008,0.0218589414591877,-0.00990086003846513));
#9940=CARTESIAN_POINT('',(0.00127636323783741,0.0224849016227,-0.00971445788687191));
#9941=CARTESIAN_POINT('',(0.00175639469777954,0.0231057532125047,-0.0095208300672425));
#9942=CARTESIAN_POINT('',(0.0022396862827468,0.023722064567691,-0.00932078044966418));
#9943=CARTESIAN_POINT('',(0.0008,0.0218589414591877,-0.00990086003846513));
#9944=CARTESIAN_POINT('',(0.0022396862827468,0.023722064567691,-0.00932078044966417));
#9945=CARTESIAN_POINT('',(-0.00100377279681705,0.000330213082750606,0.000566225724551855));
#9946=CARTESIAN_POINT('',(0.00185645363405694,0.0235690644431182,-0.0096751941842246));
#9947=CARTESIAN_POINT('',(0.00185645363405694,0.0235690644431182,-0.0096751941842246));
#9948=CARTESIAN_POINT('',(0.00146224007813234,0.0234090573732085,-0.0100382333925824));
#9949=CARTESIAN_POINT('',(0.000860536583243603,0.0229931048435353,-0.0104922057430941));
#9950=CARTESIAN_POINT('',(0.000227146179268097,0.0220515990356058,-0.0106763661275018));
#9951=CARTESIAN_POINT('',(8.78679656440368E-5,0.0215100365607223,-0.0105217685596059));
#9952=CARTESIAN_POINT('',(8.7867965644035E-5,0.0212663623959362,-0.0103796619868175));
#9953=CARTESIAN_POINT('',(8.78679656440346E-5,0.0212663623959362,-0.0103796619868175));
#9954=CARTESIAN_POINT('',(8.78679656440356E-5,0.000880153291160641,0.00150922377409414));
#9955=CARTESIAN_POINT('',(8.78679656440374E-5,0.0125956782379729,-0.00532306843903408));
#9956=CARTESIAN_POINT('',(0.,0.0125514126434655,-0.00539897190752748));
#9957=CARTESIAN_POINT('',(0.0008,0.0129544318251019,-0.00470790350336396));
#9958=CARTESIAN_POINT('',(0.0008,0.00123890687828967,0.00212438870976425));
#9959=CARTESIAN_POINT('',(0.,0.0157,-1.3010426069826E-18));
#9960=CARTESIAN_POINT('',(8.78679656440371E-5,0.0157,-1.3010426069826E-18));
#9961=CARTESIAN_POINT('',(8.7867965644036E-5,0.0125956782379729,0.00532306843903407));
#9962=CARTESIAN_POINT('',(3.764271514414E-19,0.0125514126434655,0.00539897190752747));
#9963=CARTESIAN_POINT('',(0.0008,0.0129544318251019,0.00470790350336395));
#9964=CARTESIAN_POINT('',(0.0008,0.0157,-1.3010426069826E-18));
#9965=CARTESIAN_POINT('',(0.,0.000835887696653245,-0.00143332030560074));
#9966=CARTESIAN_POINT('',(8.78679656440349E-5,0.0212663623959361,0.0103796619868175));
#9967=CARTESIAN_POINT('',(8.78679656440275E-5,0.0215100258160261,0.0105217622934844));
#9968=CARTESIAN_POINT('',(0.000226432328944254,0.0220495763858299,0.0106760129259998));
#9969=CARTESIAN_POINT('',(0.000859058000034081,0.0229920743055368,0.0104933164001321));
#9970=CARTESIAN_POINT('',(0.00146218979258699,0.023409036962843,0.0100382797015545));
#9971=CARTESIAN_POINT('',(0.00185645363405694,0.0235690644431182,0.0096751941842246));
#9972=CARTESIAN_POINT('',(8.78679656440339E-5,0.0212663623959361,0.0103796619868175));
#9973=CARTESIAN_POINT('',(0.00185645363405693,0.0235690644431182,0.0096751941842246));
#9974=CARTESIAN_POINT('',(-0.00100377279681705,0.000330213082750607,-0.000566225724551853));
#9975=CARTESIAN_POINT('',(0.00223968628273901,0.023722064567681,0.00932078044966739));
#9976=CARTESIAN_POINT('',(0.002239686282739,0.0237220645676811,0.0093207804496674));
#9977=CARTESIAN_POINT('',(0.00175639469777438,0.023105753212498,0.00952083006724459));
#9978=CARTESIAN_POINT('',(0.00127636323783482,0.0224849016226967,0.00971445788687297));
#9979=CARTESIAN_POINT('',(0.000799999999999968,0.0218589414591877,0.00990086003846519));
#9980=CARTESIAN_POINT('',(0.0008,0.0218589414591877,0.00990086003846512));
#9981=CARTESIAN_POINT('',(0.0008,0.00123890687828967,-0.00212438870976425));
#9982=CARTESIAN_POINT('',(8.78679656440338E-5,0.000880153291160639,-0.00150922377409414));
#9983=CARTESIAN_POINT('',(0.0008,0.,0.));
#9984=CARTESIAN_POINT('',(0.0008,0.0143,5.03820881346731E-19));
#9985=CARTESIAN_POINT('',(0.0008,0.0143,0.000400000000000001));
#9986=CARTESIAN_POINT('',(0.0008,0.0128,6.81394667223097E-19));
#9987=CARTESIAN_POINT('',(0.0008,0.0128,0.000300000000000001));
#9988=CARTESIAN_POINT('',(0.0008,0.,1.59051003039262E-18));
#9989=CARTESIAN_POINT('',(0.00249974108176586,0.,1.59051003039262E-18));
#9990=CARTESIAN_POINT('',(0.00223968628273901,0.023722064567681,0.00932078044966739));
#9991=CARTESIAN_POINT('',(0.00229254533238708,0.0237894723884166,0.009298900423206));
#9992=CARTESIAN_POINT('',(0.00243213967102026,0.0239528479897314,0.00927795878087649));
#9993=CARTESIAN_POINT('',(0.00249974108176586,0.0239475534106702,0.00948344418659508));
#9994=CARTESIAN_POINT('',(0.00249974108176586,0.0239145167917912,0.00956603377342284));
#9995=CARTESIAN_POINT('',(0.00249974108176587,0.0239145167917912,-0.00956603377342284));
#9996=CARTESIAN_POINT('',(0.00249974108176587,0.02394748645976,-0.00948361155989786));
#9997=CARTESIAN_POINT('',(0.00243277846840391,0.0239533779801344,-0.00927842203055458));
#9998=CARTESIAN_POINT('',(0.00229262467014643,0.0237895735628694,-0.00929886758280887));
#9999=CARTESIAN_POINT('',(0.00223968628274611,0.0237220645676901,-0.00932078044966446));
#10000=CARTESIAN_POINT('',(0.,-0.0185,4.67221640927577E-18));
#10001=CARTESIAN_POINT('',(0.0015,-0.02,0.0153809267912167));
#10002=CARTESIAN_POINT('',(0.00162469389224417,-0.0201246938922442,0.0154305973729182));
#10003=CARTESIAN_POINT('',(0.00174941186657117,-0.0202494118665712,0.0154801466204583));
#10004=CARTESIAN_POINT('',(0.00187415326474415,-0.0203741532647441,0.01552957785027));
#10005=CARTESIAN_POINT('',(0.0015,-0.02,0.0153809267912167));
#10006=CARTESIAN_POINT('',(0.00187415326474414,-0.0203741532647441,0.01552957785027));
#10007=CARTESIAN_POINT('',(0.00187415326474406,-0.020374153264744,0.0155295778502704));
#10008=CARTESIAN_POINT('',(0.0017142780495005,-0.0202142780495005,0.0157351472335204));
#10009=CARTESIAN_POINT('',(0.00145359519487489,-0.0199535951948749,0.0160117161367611));
#10010=CARTESIAN_POINT('',(0.00105352035059288,-0.0195535203505929,0.016243859133736));
#10011=CARTESIAN_POINT('',(0.000727438232231757,-0.0192274382322318,0.0163040042613089));
#10012=CARTESIAN_POINT('',(0.000407619257074848,-0.0189076192570749,0.016157576578398));
#10013=CARTESIAN_POINT('',(0.000126023069939306,-0.0186260230699393,0.0156627786554733));
#10014=CARTESIAN_POINT('',(8.78679656440347E-5,-0.0185878679656441,0.0151934871749484));
#10015=CARTESIAN_POINT('',(8.7867965644035E-5,-0.0185878679656441,0.0148872979923168));
#10016=CARTESIAN_POINT('',(8.78679656440356E-5,-0.0185878679656441,0.0148872979923168));
#10017=CARTESIAN_POINT('',(8.78679656440356E-5,-0.0185878679656441,4.69440766067749E-18));
#10018=CARTESIAN_POINT('',(8.78679656440356E-5,-0.0185878679656441,-0.0148872979923167));
#10019=CARTESIAN_POINT('',(8.78679656440349E-5,-0.0185878679656441,-0.0148872979923167));
#10020=CARTESIAN_POINT('',(8.78679656440334E-5,-0.018587867965644,-0.0151934871749487));
#10021=CARTESIAN_POINT('',(0.000126023069939342,-0.0186260230699394,-0.0156627786554742));
#10022=CARTESIAN_POINT('',(0.00040761925707572,-0.0189076192570757,-0.016157576578399));
#10023=CARTESIAN_POINT('',(0.000727438232233156,-0.0192274382322332,-0.0163040042613091));
#10024=CARTESIAN_POINT('',(0.0010535203505947,-0.0195535203505947,-0.0162438591337351));
#10025=CARTESIAN_POINT('',(0.00145359519487601,-0.019953595194876,-0.0160117161367604));
#10026=CARTESIAN_POINT('',(0.00171427804950594,-0.0202142780495059,-0.0157351472335144));
#10027=CARTESIAN_POINT('',(0.00187415326474935,-0.0203741532647494,-0.0155295778502636));
#10028=CARTESIAN_POINT('',(0.00187415326474792,-0.0203741532647479,-0.0155295778502716));
#10029=CARTESIAN_POINT('',(0.00187415326474794,-0.0203741532647479,-0.0155295778502715));
#10030=CARTESIAN_POINT('',(0.00174941388740627,-0.0202494138874063,-0.0154801474212539));
#10031=CARTESIAN_POINT('',(0.0016246959311212,-0.0201246959311212,-0.0154305981850848));
#10032=CARTESIAN_POINT('',(0.0015,-0.02,-0.0153809267912167));
#10033=CARTESIAN_POINT('',(0.0015,-0.02,-0.0153809267912167));
#10034=CARTESIAN_POINT('',(0.0015,-0.02,-0.00278410044448203));
#10035=CARTESIAN_POINT('',(0.0015,-0.00212148974579601,-0.00278410044448204));
#10036=CARTESIAN_POINT('',(0.0015,0.,1.59051003039262E-18));
#10037=CARTESIAN_POINT('',(0.0015,0.,1.59051003039262E-18));
#10038=CARTESIAN_POINT('',(0.00187415326474935,-0.0203741532647493,-0.0155295778502636));
#10039=CARTESIAN_POINT('',(0.00191493919346606,-0.0204149391934661,-0.0155457400758359));
#10040=CARTESIAN_POINT('',(0.00199452373096872,-0.020436335231998,-0.0156537724928523));
#10041=CARTESIAN_POINT('',(0.00199895280718064,-0.0203621825648501,-0.015757444147768));
#10042=CARTESIAN_POINT('',(0.00199895280718064,-0.0203256806514181,-0.0158043884656199));
#10043=CARTESIAN_POINT('',(0.0019989528071806,-0.020325680651418,-0.0158043884656199));
#10044=CARTESIAN_POINT('',(0.00199895280718061,0.,1.59051003039262E-18));
#10045=CARTESIAN_POINT('',(0.00199895280718061,-0.020325680651418,0.0158043884656199));
#10046=CARTESIAN_POINT('',(0.0019989528071806,-0.020325680651418,0.0158043884656199));
#10047=CARTESIAN_POINT('',(0.00199895280718061,-0.0203620945744202,0.0157575573103482));
#10048=CARTESIAN_POINT('',(0.00199493546545551,-0.0204358297465589,0.0156551332454254));
#10049=CARTESIAN_POINT('',(0.00191512045164693,-0.0204151204516469,0.0155458119029597));
#10050=CARTESIAN_POINT('',(0.00187415326474418,-0.0203741532647441,0.01552957785027));
#10051=CARTESIAN_POINT('',(0.0021,0.,1.59051003039262E-18));
#10052=CARTESIAN_POINT('',(-8.67361737988404E-19,-0.0183757359312881,0.0148872979923168));
#10053=CARTESIAN_POINT('',(-4.38771628594564E-18,-0.0184006686978759,0.0152133453550717));
#10054=CARTESIAN_POINT('',(4.96619181748988E-5,-0.0184844674734335,0.0157052917144669));
#10055=CARTESIAN_POINT('',(0.000337389194625608,-0.0187923620210591,0.0162255008649572));
#10056=CARTESIAN_POINT('',(0.000774804247446872,-0.0192223011746738,0.0165021286651223));
#10057=CARTESIAN_POINT('',(0.00139244221581394,-0.0197915300336554,0.01635148376896));
#10058=CARTESIAN_POINT('',(0.00180557384353387,-0.020156999077448,0.0160061498078589));
#10059=CARTESIAN_POINT('',(0.0019989528071806,-0.020325680651418,0.0158043884656199));
#10060=CARTESIAN_POINT('',(0.0019989528071806,-0.020325680651418,-0.0158043884656199));
#10061=CARTESIAN_POINT('',(0.00180557384353388,-0.020156999077448,-0.0160061498078588));
#10062=CARTESIAN_POINT('',(0.00139244221581395,-0.0197915300336554,-0.01635148376896));
#10063=CARTESIAN_POINT('',(0.000774804247446883,-0.0192223011746738,-0.0165021286651223));
#10064=CARTESIAN_POINT('',(0.000337389194625611,-0.0187923620210591,-0.0162255008649572));
#10065=CARTESIAN_POINT('',(4.96619181749004E-5,-0.0184844674734335,-0.0157052917144669));
#10066=CARTESIAN_POINT('',(-5.28057039172848E-18,-0.0184006686978759,-0.0152133453550717));
#10067=CARTESIAN_POINT('',(-8.69829241181663E-19,-0.0183757359312881,-0.0148872979923167));
#10068=CARTESIAN_POINT('',(0.,0.0211594957973299,-0.0105629091698854));
#10069=CARTESIAN_POINT('',(-4.07882179916969E-18,0.0214338744253784,-0.0107195361186465));
#10070=CARTESIAN_POINT('',(0.000148148427678529,0.0220324862461199,-0.010915040069408));
#10071=CARTESIAN_POINT('',(0.000865038822321196,0.0230965248935164,-0.0108080245241572));
#10072=CARTESIAN_POINT('',(0.00159021383529256,0.0235711748154745,-0.010352088672666));
#10073=CARTESIAN_POINT('',(0.00206334994648172,0.0237387321748626,-0.00997463668283251));
#10074=CARTESIAN_POINT('',(0.00206334994648171,0.0237387321748626,0.00997463668283249));
#10075=CARTESIAN_POINT('',(0.00158967758918785,0.023570984908217,0.0103525164716745));
#10076=CARTESIAN_POINT('',(0.000867170314907745,0.0230988553033063,0.0108072247951917));
#10077=CARTESIAN_POINT('',(0.000147921801361386,0.0220322665868351,0.01091514226658));
#10078=CARTESIAN_POINT('',(-6.71366833440326E-18,0.0214343697098647,0.0107198188480209));
#10079=CARTESIAN_POINT('',(-8.76261856855518E-19,0.0211594957973298,0.0105629091698854));
#10080=CARTESIAN_POINT('',(0.002,0.,0.02));
#10081=CARTESIAN_POINT('',(0.002,0.,0.02));
#10082=CARTESIAN_POINT('',(0.002,-0.001,0.0182679491924311));
#10083=CARTESIAN_POINT('',(0.002,0.001,0.0182679491924311));
#10084=CARTESIAN_POINT('',(0.0002,-0.001,0.0182679491924311));
#10085=CARTESIAN_POINT('',(0.0002,0.001,0.0182679491924311));
#10086=CARTESIAN_POINT('',(0.002,0.00135741547944093,0.));
#10087=CARTESIAN_POINT('',(0.002,0.,0.02));
#10088=CARTESIAN_POINT('',(0.002,0.,0.0211));
#10089=CARTESIAN_POINT('',(0.002,0.001,0.));
#10090=CARTESIAN_POINT('',(0.002,0.001,0.01785));
#10091=CARTESIAN_POINT('',(0.002,0.00135741547944093,0.01785));
#10092=CARTESIAN_POINT('',(0.002,-0.001,0.01785));
#10093=CARTESIAN_POINT('',(0.002,-0.001,0.));
#10094=CARTESIAN_POINT('',(0.002,0.,-0.02));
#10095=CARTESIAN_POINT('',(0.002,0.,-0.02));
#10096=CARTESIAN_POINT('',(0.002,0.001,-0.0182679491924311));
#10097=CARTESIAN_POINT('',(0.002,-0.001,-0.0182679491924311));
#10098=CARTESIAN_POINT('',(0.0002,0.001,-0.0182679491924311));
#10099=CARTESIAN_POINT('',(0.0002,-0.001,-0.0182679491924311));
#10100=CARTESIAN_POINT('',(0.002,0.00135741547944093,0.));
#10101=CARTESIAN_POINT('',(0.002,0.,-0.02));
#10102=CARTESIAN_POINT('',(0.002,0.,-0.0189));
#10103=CARTESIAN_POINT('',(0.002,-0.001,-0.0180589745962155));
#10104=CARTESIAN_POINT('',(0.002,-0.001,-0.01785));
#10105=CARTESIAN_POINT('',(0.002,0.00688667517763459,-0.01785));
#10106=CARTESIAN_POINT('',(0.002,0.001,-0.01785));
#10107=CARTESIAN_POINT('',(0.002,0.001,-0.0180589745962155));
#10108=CARTESIAN_POINT('',(0.0002,0.001,0.0180589745962155));
#10109=CARTESIAN_POINT('',(0.0002,0.001,0.01785));
#10110=CARTESIAN_POINT('',(0.0002,0.00688667517763459,0.01785));
#10111=CARTESIAN_POINT('',(0.,0.0121144723452704,0.01785));
#10112=CARTESIAN_POINT('',(0.0002,0.0121144723452704,0.01785));
#10113=CARTESIAN_POINT('',(0.0002,0.00688667517763459,0.01785));
#10114=CARTESIAN_POINT('',(0.000200000000000006,0.00925,0.01785));
#10115=CARTESIAN_POINT('',(0.240514420527491,0.00925,0.01785));
#10116=CARTESIAN_POINT('',(0.240514420527491,-0.00925,0.01785));
#10117=CARTESIAN_POINT('',(0.000200000000000006,-0.00925,0.01785));
#10118=CARTESIAN_POINT('',(0.0002,-0.00688667517763459,0.01785));
#10119=CARTESIAN_POINT('',(0.0002,-0.0121144723452703,0.01785));
#10120=CARTESIAN_POINT('',(0.0002,-0.0121144723452703,0.01785));
#10121=CARTESIAN_POINT('',(0.0002,-0.001,0.01785));
#10122=CARTESIAN_POINT('',(0.0002,8.67361737988404E-19,1.12757025938492E-17));
#10123=CARTESIAN_POINT('',(0.0002,0.0178595910138582,0.0127599368382516));
#10124=CARTESIAN_POINT('',(0.0002,0.0178595910138582,0.0127599368382516));
#10125=CARTESIAN_POINT('',(0.0002,8.67361737988404E-19,1.12757025938492E-17));
#10126=CARTESIAN_POINT('',(0.0002,0.0133289856323429,0.0174390114774678));
#10127=CARTESIAN_POINT('',(0.0002,0.0133289856323429,0.0174390114774678));
#10128=CARTESIAN_POINT('',(0.0002,0.0154181226089418,0.00880722945494955));
#10129=CARTESIAN_POINT('',(0.0002,0.0117957516778972,0.00669472516533407));
#10130=CARTESIAN_POINT('',(0.0002,0.0117957516778972,0.00669472516533407));
#10131=CARTESIAN_POINT('',(0.0002,0.0154181226089418,0.00880722945494955));
#10132=CARTESIAN_POINT('',(0.0002,0.0172398050367475,0.00986960324722903));
#10133=CARTESIAN_POINT('',(0.0002,0.0172398050367475,0.00986960324722903));
#10134=CARTESIAN_POINT('',(0.0002,0.0157,4.25007251614317E-19));
#10135=CARTESIAN_POINT('',(0.0002,0.0117957516778972,-0.00669472516533407));
#10136=CARTESIAN_POINT('',(0.0002,0.0117957516778972,-0.00669472516533407));
#10137=CARTESIAN_POINT('',(0.0002,0.0157,4.25007251614317E-19));
#10138=CARTESIAN_POINT('',(0.0002,-0.0166,0.00718019810483067));
#10139=CARTESIAN_POINT('',(0.0002,-0.0166,0.00718019810483067));
#10140=CARTESIAN_POINT('',(0.0002,-0.0166,0.0135949601030794));
#10141=CARTESIAN_POINT('',(0.0002,-0.0166,-0.0135949601030794));
#10142=CARTESIAN_POINT('',(0.,-0.0166,-0.0135949601030794));
#10143=CARTESIAN_POINT('',(0.,-0.0166,0.0135949601030794));
#10144=CARTESIAN_POINT('',(0.0002,2.04697370165263E-16,-2.03830008427275E-16));
#10145=CARTESIAN_POINT('',(0.0002,2.04697370165263E-16,-2.03830008427275E-16));
#10146=CARTESIAN_POINT('',(0.0002,-0.0160636951148914,0.0149578968626699));
#10147=CARTESIAN_POINT('',(0.0002,-0.0133289856323429,0.0174390114774678));
#10148=CARTESIAN_POINT('',(0.0002,-0.0160636951148914,0.0149578968626699));
#10149=CARTESIAN_POINT('',(0.0002,-0.0133289856323429,0.0174390114774678));
#10150=CARTESIAN_POINT('',(0.0002,-0.001,0.0180589745962155));
#10151=CARTESIAN_POINT('',(0.0002,0.00135741547944093,0.00264782749072649));
#10152=CARTESIAN_POINT('',(0.0002,0.00925,0.00264782749072649));
#10153=CARTESIAN_POINT('',(0.0002,0.0121144723452704,0.01585));
#10154=CARTESIAN_POINT('',(0.0002,0.0162322570826565,0.0115972742576378));
#10155=CARTESIAN_POINT('',(0.0002,0.0154181226089418,-0.00880722945494956));
#10156=CARTESIAN_POINT('',(0.0002,0.0172398050367475,-0.00986960324722904));
#10157=CARTESIAN_POINT('',(0.0002,0.0162322570826565,-0.0115972742576378));
#10158=CARTESIAN_POINT('',(0.0002,0.0178595910138582,-0.0127599368382516));
#10159=CARTESIAN_POINT('',(0.0002,8.67361737988401E-19,-1.12757025938492E-17));
#10160=CARTESIAN_POINT('',(0.0002,0.0133289856323429,-0.0174390114774678));
#10161=CARTESIAN_POINT('',(0.0002,0.0121144723452703,-0.01585));
#10162=CARTESIAN_POINT('',(0.0002,0.0121144723452703,-0.01785));
#10163=CARTESIAN_POINT('',(0.0002,0.00688667517763459,-0.01785));
#10164=CARTESIAN_POINT('',(0.000200000000000006,0.00925,-0.01785));
#10165=CARTESIAN_POINT('',(0.0002,0.00925,0.00264782749072649));
#10166=CARTESIAN_POINT('',(0.0002,-0.0067,0.00264782749072649));
#10167=CARTESIAN_POINT('',(0.000200000000000006,-0.0067,-0.01785));
#10168=CARTESIAN_POINT('',(0.0002,-0.00688667517763459,-0.01785));
#10169=CARTESIAN_POINT('',(0.0002,-0.0121144723452703,-0.01785));
#10170=CARTESIAN_POINT('',(0.0002,-0.0121144723452703,-0.01585));
#10171=CARTESIAN_POINT('',(0.0002,-0.0133289856323429,-0.0174390114774678));
#10172=CARTESIAN_POINT('',(0.0002,2.04697370165263E-16,2.03830008427275E-16));
#10173=CARTESIAN_POINT('',(0.0002,-0.0160636951148914,-0.0149578968626699));
#10174=CARTESIAN_POINT('',(0.0002,-0.0146,-0.0135949601030794));
#10175=CARTESIAN_POINT('',(0.0002,-0.0146,0.0135949601030794));
#10176=CARTESIAN_POINT('',(0.0002,-0.0121144723452703,0.01585));
#10177=CARTESIAN_POINT('',(0.0002,-0.00925,0.00264782749072649));
#10178=CARTESIAN_POINT('',(0.0002,-0.01273,-0.01273));
#10179=CARTESIAN_POINT('',(0.0002,-0.0099071551724138,-0.0123375116825053));
#10180=CARTESIAN_POINT('',(0.0002,-0.01273,-0.01273));
#10181=CARTESIAN_POINT('',(0.0002,-0.0123375116825053,-0.0099071551724138));
#10182=CARTESIAN_POINT('',(0.0002,-0.01273,-0.01273));
#10183=CARTESIAN_POINT('',(0.0002,-0.01273,-0.01273));
#10184=CARTESIAN_POINT('',(0.0002,-0.01273,-0.01273));
#10185=CARTESIAN_POINT('',(0.0002,0.01273,0.01273));
#10186=CARTESIAN_POINT('',(0.0002,0.01273,0.01273));
#10187=CARTESIAN_POINT('',(0.0002,0.0131224883174947,0.00990715517241379));
#10188=CARTESIAN_POINT('',(0.0002,0.01273,0.01273));
#10189=CARTESIAN_POINT('',(0.0002,0.0155528448275862,0.0123375116825053));
#10190=CARTESIAN_POINT('',(0.0002,0.01273,0.01273));
#10191=CARTESIAN_POINT('',(0.0002,0.01273,0.01273));
#10192=CARTESIAN_POINT('',(0.0002,0.01273,-0.01273));
#10193=CARTESIAN_POINT('',(0.0002,0.01273,-0.01273));
#10194=CARTESIAN_POINT('',(0.0002,0.01273,-0.01273));
#10195=CARTESIAN_POINT('',(0.0002,0.0131224883174947,-0.0155528448275862));
#10196=CARTESIAN_POINT('',(0.0002,0.01273,-0.01273));
#10197=CARTESIAN_POINT('',(0.0002,0.0155528448275862,-0.0131224883174947));
#10198=CARTESIAN_POINT('',(0.0002,0.01273,-0.01273));
#10199=CARTESIAN_POINT('',(0.0002,-0.01273,0.01273));
#10200=CARTESIAN_POINT('',(0.0002,-0.0123375116825053,0.00990715517241378));
#10201=CARTESIAN_POINT('',(0.0002,-0.01273,0.01273));
#10202=CARTESIAN_POINT('',(0.0002,-0.00990715517241379,0.0123375116825053));
#10203=CARTESIAN_POINT('',(0.0002,-0.01273,0.01273));
#10204=CARTESIAN_POINT('',(0.0002,-0.01273,0.01273));
#10205=CARTESIAN_POINT('',(0.0002,-0.01273,0.01273));
#10206=CARTESIAN_POINT('',(0.0002,-0.0121144723452703,0.01585));
#10207=CARTESIAN_POINT('',(0.0002,-0.0146,0.0135949601030794));
#10208=CARTESIAN_POINT('',(0.0002,0.0121144723452704,0.01585));
#10209=CARTESIAN_POINT('',(0.0002,0.0162322570826565,0.0115972742576378));
#10210=CARTESIAN_POINT('',(0.0002,0.001,-0.0180589745962155));
#10211=CARTESIAN_POINT('',(0.0002,0.001,-0.01785));
#10212=CARTESIAN_POINT('',(0.0002,0.00688667517763459,-0.01785));
#10213=CARTESIAN_POINT('',(0.0002,-0.001,-0.01785));
#10214=CARTESIAN_POINT('',(0.0002,-0.0121144723452703,-0.01785));
#10215=CARTESIAN_POINT('',(0.240514420527491,-0.0067,-0.01785));
#10216=CARTESIAN_POINT('',(0.0033,0.00135741547944093,-0.01785));
#10217=CARTESIAN_POINT('',(0.240514420527491,0.00925,-0.01785));
#10218=CARTESIAN_POINT('',(0.,0.0121144723452703,-0.01785));
#10219=CARTESIAN_POINT('',(0.0002,8.67361737988401E-19,-1.12757025938492E-17));
#10220=CARTESIAN_POINT('',(0.0002,0.0133289856323429,-0.0174390114774678));
#10221=CARTESIAN_POINT('',(0.0002,0.0178595910138582,-0.0127599368382516));
#10222=CARTESIAN_POINT('',(0.0002,0.0154181226089418,-0.00880722945494956));
#10223=CARTESIAN_POINT('',(0.0002,0.0172398050367475,-0.00986960324722904));
#10224=CARTESIAN_POINT('',(0.0002,2.04697370165263E-16,2.03830008427275E-16));
#10225=CARTESIAN_POINT('',(0.0002,-0.0133289856323429,-0.0174390114774678));
#10226=CARTESIAN_POINT('',(0.0002,-0.0160636951148914,-0.0149578968626699));
#10227=CARTESIAN_POINT('',(0.0002,-0.001,-0.0180589745962155));
#10228=CARTESIAN_POINT('',(0.0002,-0.0121144723452703,-0.01585));
#10229=CARTESIAN_POINT('',(0.0002,-0.0146,-0.0135949601030794));
#10230=CARTESIAN_POINT('',(0.0002,0.0121144723452703,-0.01585));
#10231=CARTESIAN_POINT('',(0.0002,0.0162322570826565,-0.0115972742576378));
#10232=CARTESIAN_POINT('',(0.0033,0.01273,0.01273));
#10233=CARTESIAN_POINT('',(0.00195,0.0131224883174947,0.00990715517241379));
#10234=CARTESIAN_POINT('',(0.0033,0.0131224883174947,0.00990715517241379));
#10235=CARTESIAN_POINT('',(0.0033,0.01273,0.01273));
#10236=CARTESIAN_POINT('',(0.0033,0.0155528448275862,0.0123375116825053));
#10237=CARTESIAN_POINT('',(0.00195,0.0155528448275862,0.0123375116825053));
#10238=CARTESIAN_POINT('',(0.0033,0.000816128541328239,0.));
#10239=CARTESIAN_POINT('',(0.0033,0.00983,0.01273));
#10240=CARTESIAN_POINT('',(0.0033,0.01273,0.01563));
#10241=CARTESIAN_POINT('',(0.0033,0.01563,0.01273));
#10242=CARTESIAN_POINT('',(0.0033,0.01273,0.00983));
#10243=CARTESIAN_POINT('',(0.0033,0.01273,0.01273));
#10244=CARTESIAN_POINT('',(0.0033,0.01273,0.01368));
#10245=CARTESIAN_POINT('',(0.0033,-0.01273,-0.01273));
#10246=CARTESIAN_POINT('',(0.00195,-0.0099071551724138,-0.0123375116825053));
#10247=CARTESIAN_POINT('',(0.0033,-0.0099071551724138,-0.0123375116825053));
#10248=CARTESIAN_POINT('',(0.0033,-0.01273,-0.01273));
#10249=CARTESIAN_POINT('',(0.0033,-0.0123375116825053,-0.0099071551724138));
#10250=CARTESIAN_POINT('',(0.00195,-0.0123375116825053,-0.0099071551724138));
#10251=CARTESIAN_POINT('',(0.0033,0.000816128541328239,0.));
#10252=CARTESIAN_POINT('',(0.0033,-0.00983,-0.01273));
#10253=CARTESIAN_POINT('',(0.0033,-0.01273,-0.01563));
#10254=CARTESIAN_POINT('',(0.0033,-0.01563,-0.01273));
#10255=CARTESIAN_POINT('',(0.0033,-0.01273,-0.00983));
#10256=CARTESIAN_POINT('',(0.0033,-0.01273,-0.01273));
#10257=CARTESIAN_POINT('',(0.0033,-0.01273,-0.01178));
#10258=CARTESIAN_POINT('',(0.0033,-0.01273,0.01273));
#10259=CARTESIAN_POINT('',(0.00195,-0.0123375116825053,0.00990715517241378));
#10260=CARTESIAN_POINT('',(0.0033,-0.0123375116825053,0.00990715517241378));
#10261=CARTESIAN_POINT('',(0.0033,-0.01273,0.01273));
#10262=CARTESIAN_POINT('',(0.0033,-0.00990715517241379,0.0123375116825053));
#10263=CARTESIAN_POINT('',(0.00195,-0.00990715517241379,0.0123375116825053));
#10264=CARTESIAN_POINT('',(0.0033,0.000816128541328239,0.));
#10265=CARTESIAN_POINT('',(0.0033,-0.01273,0.00983));
#10266=CARTESIAN_POINT('',(0.0033,-0.01563,0.01273));
#10267=CARTESIAN_POINT('',(0.0033,-0.01273,0.01563));
#10268=CARTESIAN_POINT('',(0.0033,-0.00983,0.01273));
#10269=CARTESIAN_POINT('',(0.0033,-0.01273,0.01273));
#10270=CARTESIAN_POINT('',(0.0033,-0.01273,0.01368));
#10271=CARTESIAN_POINT('',(0.0033,0.01273,-0.01273));
#10272=CARTESIAN_POINT('',(0.00195,0.0131224883174947,-0.0155528448275862));
#10273=CARTESIAN_POINT('',(0.0033,0.0131224883174947,-0.0155528448275862));
#10274=CARTESIAN_POINT('',(0.0033,0.01273,-0.01273));
#10275=CARTESIAN_POINT('',(0.0033,0.0155528448275862,-0.0131224883174947));
#10276=CARTESIAN_POINT('',(0.00195,0.0155528448275862,-0.0131224883174947));
#10277=CARTESIAN_POINT('',(0.0033,0.000816128541328239,0.));
#10278=CARTESIAN_POINT('',(0.0033,0.01273,-0.00983));
#10279=CARTESIAN_POINT('',(0.0033,0.01563,-0.01273));
#10280=CARTESIAN_POINT('',(0.0033,0.01273,-0.01563));
#10281=CARTESIAN_POINT('',(0.0033,0.00983,-0.01273));
#10282=CARTESIAN_POINT('',(0.0033,0.01273,-0.01273));
#10283=CARTESIAN_POINT('',(0.0033,0.01273,-0.01178));
#10284=CARTESIAN_POINT('',(0.0052,0.,-0.02));
#10285=CARTESIAN_POINT('',(0.0072,0.,-0.02));
#10286=CARTESIAN_POINT('',(0.0072,0.,-0.0189));
#10287=CARTESIAN_POINT('',(0.0052,0.,0.02));
#10288=CARTESIAN_POINT('',(0.0072,0.,0.02));
#10289=CARTESIAN_POINT('',(0.0072,0.,0.0211));
#10290=CARTESIAN_POINT('',(0.0038,0.01273,-0.01273));
#10291=CARTESIAN_POINT('',(0.0038,0.01273,-0.01273));
#10292=CARTESIAN_POINT('',(0.0038,0.01273,-0.01178));
#10293=CARTESIAN_POINT('',(0.0038,0.00095,-0.00095));
#10294=CARTESIAN_POINT('',(0.0038,-0.01273,0.01273));
#10295=CARTESIAN_POINT('',(0.0038,-0.01273,0.01273));
#10296=CARTESIAN_POINT('',(0.0038,-0.01273,0.01368));
#10297=CARTESIAN_POINT('',(0.0038,0.00095,-0.00095));
#10298=CARTESIAN_POINT('',(0.0038,-0.01273,-0.01273));
#10299=CARTESIAN_POINT('',(0.0038,-0.01273,-0.01273));
#10300=CARTESIAN_POINT('',(0.0038,-0.01273,-0.01178));
#10301=CARTESIAN_POINT('',(0.0038,0.00095,-0.00095));
#10302=CARTESIAN_POINT('',(0.0038,0.01273,0.01273));
#10303=CARTESIAN_POINT('',(0.0038,0.01273,0.01273));
#10304=CARTESIAN_POINT('',(0.0038,0.01273,0.01368));
#10305=CARTESIAN_POINT('',(0.0038,0.00095,-0.00095));
#10306=CARTESIAN_POINT('',(0.0037,0.01563,-0.01273));
#10307=CARTESIAN_POINT('',(0.000200000000000005,0.0155528448275862,-0.0131224883174947));
#10308=CARTESIAN_POINT('',(0.000279122433826499,0.0154750865736533,-0.0131072026358033));
#10309=CARTESIAN_POINT('',(0.000435030540850127,0.0153287315137785,-0.0130417117488065));
#10310=CARTESIAN_POINT('',(0.000607332157761252,0.0151807721056759,-0.0127303630291262));
#10311=CARTESIAN_POINT('',(0.000435640016596297,0.0153281807630944,-0.0124186686100799));
#10312=CARTESIAN_POINT('',(0.000279150712192371,0.0154750587828454,-0.0123528028273009));
#10313=CARTESIAN_POINT('',(0.000200000000000001,0.0155528448275862,-0.0123375116825053));
#10314=CARTESIAN_POINT('',(0.0002,0.01273,-0.01273));
#10315=CARTESIAN_POINT('',(0.0037,0.01273,-0.01563));
#10316=CARTESIAN_POINT('',(0.000200000000000002,0.0123375116825053,-0.0155528448275862));
#10317=CARTESIAN_POINT('',(0.000279122433826497,0.0123527973641967,-0.0154750865736533));
#10318=CARTESIAN_POINT('',(0.000435030540850126,0.0124182882511936,-0.0153287315137785));
#10319=CARTESIAN_POINT('',(0.000607332157761252,0.0127296369708738,-0.0151807721056759));
#10320=CARTESIAN_POINT('',(0.000435640016596297,0.0130413313899201,-0.0153281807630944));
#10321=CARTESIAN_POINT('',(0.000279150712192374,0.0131071971726991,-0.0154750587828454));
#10322=CARTESIAN_POINT('',(0.000200000000000004,0.0131224883174947,-0.0155528448275862));
#10323=CARTESIAN_POINT('',(0.0002,0.01273,-0.01273));
#10324=CARTESIAN_POINT('',(0.0037,0.00983,-0.01273));
#10325=CARTESIAN_POINT('',(0.000200000000000001,0.00990715517241379,-0.0123375116825053));
#10326=CARTESIAN_POINT('',(0.000279122433826497,0.00998491342634673,-0.0123527973641967));
#10327=CARTESIAN_POINT('',(0.000435030540850127,0.0101312684862215,-0.0124182882511935));
#10328=CARTESIAN_POINT('',(0.000607332157761254,0.0102792278943241,-0.0127296369708738));
#10329=CARTESIAN_POINT('',(0.000435640016596297,0.0101318192369056,-0.0130413313899201));
#10330=CARTESIAN_POINT('',(0.000279150712192375,0.00998494121715457,-0.0131071971726991));
#10331=CARTESIAN_POINT('',(0.000200000000000006,0.0099071551724138,-0.0131224883174947));
#10332=CARTESIAN_POINT('',(0.0002,0.01273,-0.01273));
#10333=CARTESIAN_POINT('',(0.0037,0.01273,-0.00983));
#10334=CARTESIAN_POINT('',(0.000200000000000001,0.0131224883174947,-0.0099071551724138));
#10335=CARTESIAN_POINT('',(0.000279122433826498,0.0131072026358033,-0.00998491342634673));
#10336=CARTESIAN_POINT('',(0.00043503054085013,0.0130417117488065,-0.0101312684862215));
#10337=CARTESIAN_POINT('',(0.000607332157761255,0.0127303630291262,-0.0102792278943241));
#10338=CARTESIAN_POINT('',(0.000435640016596291,0.0124186686100799,-0.0101318192369056));
#10339=CARTESIAN_POINT('',(0.000279150712192366,0.0123528028273008,-0.00998494121715457));
#10340=CARTESIAN_POINT('',(0.000199999999999996,0.0123375116825053,-0.00990715517241379));
#10341=CARTESIAN_POINT('',(0.0002,0.01273,-0.01273));
#10342=CARTESIAN_POINT('',(0.0037,-0.00983,0.01273));
#10343=CARTESIAN_POINT('',(0.000199999999999996,-0.00990715517241379,0.0123375116825053));
#10344=CARTESIAN_POINT('',(0.000279122433826492,-0.00998491342634673,0.0123527973641967));
#10345=CARTESIAN_POINT('',(0.000435030540850125,-0.0101312684862215,0.0124182882511935));
#10346=CARTESIAN_POINT('',(0.000607332157761255,-0.0102792278943241,0.0127296369708738));
#10347=CARTESIAN_POINT('',(0.000435640016596298,-0.0101318192369056,0.0130413313899201));
#10348=CARTESIAN_POINT('',(0.000279150712192374,-0.00998494121715457,0.0131071971726991));
#10349=CARTESIAN_POINT('',(0.000200000000000004,-0.0099071551724138,0.0131224883174947));
#10350=CARTESIAN_POINT('',(0.0002,-0.01273,0.01273));
#10351=CARTESIAN_POINT('',(0.0037,-0.01273,0.01563));
#10352=CARTESIAN_POINT('',(0.000200000000000001,-0.0123375116825053,0.0155528448275862));
#10353=CARTESIAN_POINT('',(0.000279122433826498,-0.0123527973641967,0.0154750865736533));
#10354=CARTESIAN_POINT('',(0.000435030540850127,-0.0124182882511935,0.0153287315137785));
#10355=CARTESIAN_POINT('',(0.000607332157761252,-0.0127296369708738,0.0151807721056759));
#10356=CARTESIAN_POINT('',(0.000435640016596296,-0.0130413313899201,0.0153281807630944));
#10357=CARTESIAN_POINT('',(0.000279150712192374,-0.0131071971726991,0.0154750587828454));
#10358=CARTESIAN_POINT('',(0.000200000000000004,-0.0131224883174947,0.0155528448275862));
#10359=CARTESIAN_POINT('',(0.0002,-0.01273,0.01273));
#10360=CARTESIAN_POINT('',(0.0037,-0.01563,0.01273));
#10361=CARTESIAN_POINT('',(0.000200000000000005,-0.0155528448275862,0.0131224883174947));
#10362=CARTESIAN_POINT('',(0.000279122433826498,-0.0154750865736533,0.0131072026358033));
#10363=CARTESIAN_POINT('',(0.000435030540850124,-0.0153287315137785,0.0130417117488065));
#10364=CARTESIAN_POINT('',(0.000607332157761251,-0.0151807721056759,0.0127303630291262));
#10365=CARTESIAN_POINT('',(0.000435640016596302,-0.0153281807630944,0.0124186686100799));
#10366=CARTESIAN_POINT('',(0.000279150712192372,-0.0154750587828454,0.0123528028273009));
#10367=CARTESIAN_POINT('',(0.000200000000000001,-0.0155528448275862,0.0123375116825053));
#10368=CARTESIAN_POINT('',(0.0002,-0.01273,0.01273));
#10369=CARTESIAN_POINT('',(0.0037,-0.01273,0.00983));
#10370=CARTESIAN_POINT('',(0.000199999999999996,-0.0131224883174947,0.00990715517241379));
#10371=CARTESIAN_POINT('',(0.000279122433826491,-0.0131072026358033,0.00998491342634673));
#10372=CARTESIAN_POINT('',(0.000435030540850119,-0.0130417117488065,0.0101312684862215));
#10373=CARTESIAN_POINT('',(0.000607332157761257,-0.0127303630291262,0.0102792278943241));
#10374=CARTESIAN_POINT('',(0.000435640016596294,-0.0124186686100799,0.0101318192369056));
#10375=CARTESIAN_POINT('',(0.000279150712192365,-0.0123528028273008,0.00998494121715456));
#10376=CARTESIAN_POINT('',(0.000199999999999992,-0.0123375116825053,0.00990715517241379));
#10377=CARTESIAN_POINT('',(0.0002,-0.01273,0.01273));
#10378=CARTESIAN_POINT('',(0.0037,-0.01273,-0.00983));
#10379=CARTESIAN_POINT('',(0.000200000000000002,-0.0123375116825053,-0.00990715517241379));
#10380=CARTESIAN_POINT('',(0.000279122433826497,-0.0123527973641967,-0.00998491342634673));
#10381=CARTESIAN_POINT('',(0.000435030540850126,-0.0124182882511935,-0.0101312684862215));
#10382=CARTESIAN_POINT('',(0.000607332157761255,-0.0127296369708738,-0.0102792278943241));
#10383=CARTESIAN_POINT('',(0.000435640016596295,-0.0130413313899201,-0.0101318192369056));
#10384=CARTESIAN_POINT('',(0.000279150712192374,-0.0131071971726991,-0.00998494121715457));
#10385=CARTESIAN_POINT('',(0.000200000000000005,-0.0131224883174947,-0.0099071551724138));
#10386=CARTESIAN_POINT('',(0.0002,-0.01273,-0.01273));
#10387=CARTESIAN_POINT('',(0.0037,-0.01563,-0.01273));
#10388=CARTESIAN_POINT('',(0.000200000000000002,-0.0155528448275862,-0.0123375116825053));
#10389=CARTESIAN_POINT('',(0.000279122433826496,-0.0154750865736533,-0.0123527973641967));
#10390=CARTESIAN_POINT('',(0.000435030540850125,-0.0153287315137785,-0.0124182882511935));
#10391=CARTESIAN_POINT('',(0.000607332157761251,-0.0151807721056759,-0.0127296369708738));
#10392=CARTESIAN_POINT('',(0.000435640016596299,-0.0153281807630944,-0.0130413313899201));
#10393=CARTESIAN_POINT('',(0.000279150712192374,-0.0154750587828454,-0.0131071971726991));
#10394=CARTESIAN_POINT('',(0.000200000000000004,-0.0155528448275862,-0.0131224883174947));
#10395=CARTESIAN_POINT('',(0.0002,-0.01273,-0.01273));
#10396=CARTESIAN_POINT('',(0.0037,-0.01273,-0.01563));
#10397=CARTESIAN_POINT('',(0.000200000000000001,-0.0131224883174947,-0.0155528448275862));
#10398=CARTESIAN_POINT('',(0.000279122433826496,-0.0131072026358033,-0.0154750865736533));
#10399=CARTESIAN_POINT('',(0.000435030540850125,-0.0130417117488065,-0.0153287315137785));
#10400=CARTESIAN_POINT('',(0.000607332157761252,-0.0127303630291262,-0.0151807721056759));
#10401=CARTESIAN_POINT('',(0.000435640016596296,-0.0124186686100799,-0.0153281807630944));
#10402=CARTESIAN_POINT('',(0.000279150712192371,-0.0123528028273009,-0.0154750587828454));
#10403=CARTESIAN_POINT('',(0.000200000000000001,-0.0123375116825053,-0.0155528448275862));
#10404=CARTESIAN_POINT('',(0.0002,-0.01273,-0.01273));
#10405=CARTESIAN_POINT('',(0.0037,-0.00983,-0.01273));
#10406=CARTESIAN_POINT('',(0.000200000000000005,-0.0099071551724138,-0.0131224883174947));
#10407=CARTESIAN_POINT('',(0.0002791224338265,-0.00998491342634673,-0.0131072026358033));
#10408=CARTESIAN_POINT('',(0.000435030540850129,-0.0101312684862215,-0.0130417117488065));
#10409=CARTESIAN_POINT('',(0.000607332157761255,-0.0102792278943241,-0.0127303630291262));
#10410=CARTESIAN_POINT('',(0.000435640016596292,-0.0101318192369056,-0.0124186686100799));
#10411=CARTESIAN_POINT('',(0.000279150712192371,-0.00998494121715457,-0.0123528028273009));
#10412=CARTESIAN_POINT('',(0.000200000000000001,-0.00990715517241379,-0.0123375116825053));
#10413=CARTESIAN_POINT('',(0.0002,-0.01273,-0.01273));
#10414=CARTESIAN_POINT('',(0.0037,0.01563,0.01273));
#10415=CARTESIAN_POINT('',(0.000200000000000002,0.0155528448275862,0.0123375116825053));
#10416=CARTESIAN_POINT('',(0.000279122433826497,0.0154750865736533,0.0123527973641967));
#10417=CARTESIAN_POINT('',(0.000435030540850128,0.0153287315137785,0.0124182882511935));
#10418=CARTESIAN_POINT('',(0.000607332157761252,0.0151807721056759,0.0127296369708738));
#10419=CARTESIAN_POINT('',(0.000435640016596295,0.0153281807630944,0.0130413313899201));
#10420=CARTESIAN_POINT('',(0.000279150712192373,0.0154750587828454,0.0131071971726991));
#10421=CARTESIAN_POINT('',(0.000200000000000004,0.0155528448275862,0.0131224883174947));
#10422=CARTESIAN_POINT('',(0.0002,0.01273,0.01273));
#10423=CARTESIAN_POINT('',(0.0037,0.01273,0.01563));
#10424=CARTESIAN_POINT('',(0.000200000000000001,0.0131224883174947,0.0155528448275862));
#10425=CARTESIAN_POINT('',(0.000279122433826496,0.0131072026358033,0.0154750865736533));
#10426=CARTESIAN_POINT('',(0.000435030540850125,0.0130417117488065,0.0153287315137785));
#10427=CARTESIAN_POINT('',(0.000607332157761252,0.0127303630291262,0.0151807721056759));
#10428=CARTESIAN_POINT('',(0.000435640016596296,0.0124186686100799,0.0153281807630944));
#10429=CARTESIAN_POINT('',(0.000279150712192372,0.0123528028273009,0.0154750587828454));
#10430=CARTESIAN_POINT('',(0.000200000000000005,0.0123375116825053,0.0155528448275862));
#10431=CARTESIAN_POINT('',(0.0002,0.01273,0.01273));
#10432=CARTESIAN_POINT('',(0.0037,0.01273,0.00983));
#10433=CARTESIAN_POINT('',(0.000199999999999996,0.0123375116825053,0.00990715517241379));
#10434=CARTESIAN_POINT('',(0.000279122433826492,0.0123527973641967,0.00998491342634673));
#10435=CARTESIAN_POINT('',(0.000435030540850125,0.0124182882511935,0.0101312684862215));
#10436=CARTESIAN_POINT('',(0.000607332157761255,0.0127296369708738,0.0102792278943241));
#10437=CARTESIAN_POINT('',(0.000435640016596295,0.0130413313899201,0.0101318192369056));
#10438=CARTESIAN_POINT('',(0.000279150712192371,0.0131071971726991,0.00998494121715457));
#10439=CARTESIAN_POINT('',(0.000200000000000001,0.0131224883174947,0.00990715517241379));
#10440=CARTESIAN_POINT('',(0.0002,0.01273,0.01273));
#10441=CARTESIAN_POINT('',(0.0037,0.00983,0.01273));
#10442=CARTESIAN_POINT('',(0.000200000000000005,0.0099071551724138,0.0131224883174947));
#10443=CARTESIAN_POINT('',(0.000279122433826499,0.00998491342634673,0.0131072026358033));
#10444=CARTESIAN_POINT('',(0.000435030540850126,0.0101312684862215,0.0130417117488065));
#10445=CARTESIAN_POINT('',(0.000607332157761253,0.0102792278943241,0.0127303630291262));
#10446=CARTESIAN_POINT('',(0.0004356400165963,0.0101318192369056,0.0124186686100799));
#10447=CARTESIAN_POINT('',(0.000279150712192372,0.00998494121715457,0.0123528028273009));
#10448=CARTESIAN_POINT('',(0.000200000000000001,0.00990715517241379,0.0123375116825053));
#10449=CARTESIAN_POINT('',(0.0002,0.01273,0.01273));
#10450=CARTESIAN_POINT('',(0.0042,0.00448194019496441,0.));
#10451=CARTESIAN_POINT('',(0.0042,0.0131182879321238,-0.0180571460017881));
#10452=CARTESIAN_POINT('',(0.0042,0.00475635244981865,0.000275852848818156));
#10453=CARTESIAN_POINT('',(0.0052,0.00475635244981865,0.000275852848818156));
#10454=CARTESIAN_POINT('',(0.0052,0.0158186317887479,-0.0207433877779842));
#10455=CARTESIAN_POINT('',(0.0042,0.00448194019496441,0.));
#10456=CARTESIAN_POINT('',(0.0042,0.00475635244981865,-0.000275852848818156));
#10457=CARTESIAN_POINT('',(0.0042,0.0131182879321238,0.0180571460017881));
#10458=CARTESIAN_POINT('',(0.0052,0.00475635244981865,-0.000275852848818156));
#10459=CARTESIAN_POINT('',(0.0052,0.0158186317887479,0.0207433877779842));
#10460=CARTESIAN_POINT('',(0.0033,0.01273,0.01273));
#10461=CARTESIAN_POINT('',(0.0036,0.01273,0.01273));
#10462=CARTESIAN_POINT('',(0.0036,0.01273,0.01638));
#10463=CARTESIAN_POINT('',(0.001,0.00999758348709426,0.01515));
#10464=CARTESIAN_POINT('',(0.001,0.00999758348709426,0.01515));
#10465=CARTESIAN_POINT('',(0.001,0.01273,0.01273));
#10466=CARTESIAN_POINT('',(0.001,0.0093,0.0114819615390542));
#10467=CARTESIAN_POINT('',(0.001,0.0093,0.0114819615390542));
#10468=CARTESIAN_POINT('',(0.0033,-0.01273,-0.01273));
#10469=CARTESIAN_POINT('',(0.0036,-0.01273,-0.01273));
#10470=CARTESIAN_POINT('',(0.0036,-0.01273,-0.00908));
#10471=CARTESIAN_POINT('',(0.001,-0.00999758348709425,-0.01515));
#10472=CARTESIAN_POINT('',(0.001,-0.00999758348709425,-0.01515));
#10473=CARTESIAN_POINT('',(0.001,-0.01273,-0.01273));
#10474=CARTESIAN_POINT('',(0.001,-0.0145,-0.00953788471386136));
#10475=CARTESIAN_POINT('',(0.001,-0.0145,-0.00953788471386136));
#10476=CARTESIAN_POINT('',(0.0033,-0.01273,0.01273));
#10477=CARTESIAN_POINT('',(0.0036,-0.01273,0.01273));
#10478=CARTESIAN_POINT('',(0.0036,-0.01273,0.01638));
#10479=CARTESIAN_POINT('',(0.001,-0.0145,0.00953788471386134));
#10480=CARTESIAN_POINT('',(0.001,-0.0145,0.00953788471386134));
#10481=CARTESIAN_POINT('',(0.001,-0.01273,0.01273));
#10482=CARTESIAN_POINT('',(0.001,-0.00999758348709427,0.01515));
#10483=CARTESIAN_POINT('',(0.001,-0.00999758348709427,0.01515));
#10484=CARTESIAN_POINT('',(0.0033,0.00135741547944093,0.));
#10485=CARTESIAN_POINT('',(0.0033,0.,-0.02));
#10486=CARTESIAN_POINT('',(0.0033,0.,-0.018));
#10487=CARTESIAN_POINT('',(0.0041,0.000816128541328239,0.));
#10488=CARTESIAN_POINT('',(0.0041,0.01273,0.01273));
#10489=CARTESIAN_POINT('',(0.0041,0.01273,0.01588));
#10490=CARTESIAN_POINT('',(0.0041,0.000816128541328239,0.));
#10491=CARTESIAN_POINT('',(0.0041,-0.01273,-0.01273));
#10492=CARTESIAN_POINT('',(0.0041,-0.01273,-0.00958));
#10493=CARTESIAN_POINT('',(0.0041,0.000816128541328239,0.));
#10494=CARTESIAN_POINT('',(0.0041,-0.01273,0.01273));
#10495=CARTESIAN_POINT('',(0.0041,-0.01273,0.01588));
#10496=CARTESIAN_POINT('',(0.0033,0.01273,-0.01273));
#10497=CARTESIAN_POINT('',(0.0036,0.01273,-0.01273));
#10498=CARTESIAN_POINT('',(0.0036,0.01273,-0.00908));
#10499=CARTESIAN_POINT('',(0.001,0.0093,-0.0114819615390542));
#10500=CARTESIAN_POINT('',(0.001,0.0093,-0.0114819615390542));
#10501=CARTESIAN_POINT('',(0.001,0.01273,-0.01273));
#10502=CARTESIAN_POINT('',(0.001,0.00999758348709426,-0.01515));
#10503=CARTESIAN_POINT('',(0.001,0.00999758348709426,-0.01515));
#10504=CARTESIAN_POINT('',(0.0041,0.000816128541328239,0.));
#10505=CARTESIAN_POINT('',(0.0041,0.01273,-0.01273));
#10506=CARTESIAN_POINT('',(0.0041,0.01273,-0.00958));
#10507=CARTESIAN_POINT('',(0.0052,0.,-0.02));
#10508=CARTESIAN_POINT('',(0.0072,0.,-0.02));
#10509=CARTESIAN_POINT('',(0.0072,0.,-0.018));
#10510=CARTESIAN_POINT('',(0.0072,0.000816128541328239,0.));
#10511=CARTESIAN_POINT('',(0.0052,0.,0.02));
#10512=CARTESIAN_POINT('',(0.0072,0.,0.02));
#10513=CARTESIAN_POINT('',(0.0072,0.,0.022));
#10514=CARTESIAN_POINT('',(0.0072,0.000816128541328239,0.));
#10515=CARTESIAN_POINT('',(0.0036,-0.01273,-0.01273));
#10516=CARTESIAN_POINT('',(0.0036,-0.01273,0.01273));
#10517=CARTESIAN_POINT('',(0.0036,0.01273,-0.01273));
#10518=CARTESIAN_POINT('',(0.0036,0.01273,0.01273));
#10519=CARTESIAN_POINT('',(0.001798,0.0202842197150632,0.0130570174262385));
#10520=CARTESIAN_POINT('',(0.001798,0.0131630458846509,0.0202155755930081));
#10521=CARTESIAN_POINT('',(0.001798,0.0202842197150632,-0.0130570174262385));
#10522=CARTESIAN_POINT('',(0.001798,0.0131630458846509,-0.0202155755930081));
#10523=CARTESIAN_POINT('',(0.240514420527491,-0.0067,-0.0165));
#10524=CARTESIAN_POINT('',(0.240514420527491,-0.0067,-0.01515));
#10525=CARTESIAN_POINT('',(0.240514420527491,0.00925,-0.0165));
#10526=CARTESIAN_POINT('',(0.240514420527491,0.00925,-0.01515));
#10527=CARTESIAN_POINT('',(0.240514420527491,0.00925,0.0165));
#10528=CARTESIAN_POINT('',(0.240514420527491,0.00925,0.01515));
#10529=CARTESIAN_POINT('',(0.240514420527491,-0.00925,0.0165));
#10530=CARTESIAN_POINT('',(0.240514420527491,-0.00925,0.01515));
#10531=CARTESIAN_POINT('',(0.001,-0.0145,-1.21430643318376E-17));
#10532=CARTESIAN_POINT('',(0.001,-0.0145,-1.21430643318376E-17));
#10533=CARTESIAN_POINT('',(0.001,5.20417042793042E-18,-0.01515));
#10534=CARTESIAN_POINT('',(0.001,5.20417042793042E-18,-0.01515));
#10535=CARTESIAN_POINT('',(0.001,5.20417042793042E-18,-0.01515));
#10536=CARTESIAN_POINT('',(0.001,5.20417042793042E-18,-0.01515));
#10537=CARTESIAN_POINT('',(0.001,0.0093,0.));
#10538=CARTESIAN_POINT('',(0.001,0.0093,0.));
#10539=CARTESIAN_POINT('',(0.001,-5.20417042793042E-18,0.01515));
#10540=CARTESIAN_POINT('',(0.001,-5.20417042793042E-18,0.01515));
#10541=CARTESIAN_POINT('',(0.001,-5.20417042793042E-18,0.01515));
#10542=CARTESIAN_POINT('',(0.001,-5.20417042793042E-18,0.01515));
#10543=CARTESIAN_POINT('',(0.001,-6.93889390390723E-17,5.55111512312578E-17));
#10544=CARTESIAN_POINT('',(0.01075,-0.025,-0.000743727432563897));
#10545=CARTESIAN_POINT('',(0.0065,-0.025,-0.000743727432563898));
#10546=CARTESIAN_POINT('',(0.007,-0.022,6.07153216591882E-18));
#10547=CARTESIAN_POINT('',(0.007,-0.0233100836549336,-0.00335));
#10548=CARTESIAN_POINT('',(0.007,-0.0237145524941965,-0.00335));
#10549=CARTESIAN_POINT('',(0.007,1.38777878078145E-17,9.54097911787244E-18));
#10550=CARTESIAN_POINT('',(0.007,-0.0237145524941965,0.00335));
#10551=CARTESIAN_POINT('',(0.007,-0.022,0.00335));
#10552=CARTESIAN_POINT('',(0.00865,-0.022,-0.00455));
#10553=CARTESIAN_POINT('',(0.0091,-0.022,-0.00455));
#10554=CARTESIAN_POINT('',(0.0091,-0.0235138257202013,-0.00455));
#10555=CARTESIAN_POINT('',(0.002698,-0.0235138257202013,-0.00455));
#10556=CARTESIAN_POINT('',(0.0082,-0.0235138257202013,-0.00455));
#10557=CARTESIAN_POINT('',(0.0082,-0.025,-0.00455));
#10558=CARTESIAN_POINT('',(0.0103,-0.022,6.07153216591882E-18));
#10559=CARTESIAN_POINT('',(0.0103,1.38777878078145E-17,9.54097911787244E-18));
#10560=CARTESIAN_POINT('',(0.0103,-0.0237145524941965,-0.00335));
#10561=CARTESIAN_POINT('',(0.0103,-0.0237145524941965,0.00335));
#10562=CARTESIAN_POINT('',(0.0103,-0.022,-0.00335));
#10563=CARTESIAN_POINT('',(0.0103,-0.0233100836549336,0.00335));
#10564=CARTESIAN_POINT('',(0.0091,-0.022,-0.00335));
#10565=CARTESIAN_POINT('',(0.0103,-0.0237145524941965,-0.00335));
#10566=CARTESIAN_POINT('',(0.0103,-0.0236699249124991,-0.00366591735189547));
#10567=CARTESIAN_POINT('',(0.0100428076348268,-0.0235673154872464,-0.00428374691647871));
#10568=CARTESIAN_POINT('',(0.00941916501021965,-0.0235138257202013,-0.00455));
#10569=CARTESIAN_POINT('',(0.0091,-0.0235138257202013,-0.00455));
#10570=CARTESIAN_POINT('',(0.0082,-0.022,-0.00335));
#10571=CARTESIAN_POINT('',(0.0082,-0.0235138257202013,-0.00455));
#10572=CARTESIAN_POINT('',(0.00788091237894993,-0.0235138257202013,-0.00455));
#10573=CARTESIAN_POINT('',(0.00725829335332676,-0.0235671056934515,-0.0042849343380917));
#10574=CARTESIAN_POINT('',(0.007,-0.0236699365845204,-0.00366583472599641));
#10575=CARTESIAN_POINT('',(0.007,-0.0237145524941965,-0.00335));
#10576=CARTESIAN_POINT('',(0.0082,-0.022,0.00335));
#10577=CARTESIAN_POINT('',(0.007,-0.0237145524941965,0.00335));
#10578=CARTESIAN_POINT('',(0.007,-0.0236699249124991,0.00366591735189547));
#10579=CARTESIAN_POINT('',(0.00725719236517319,-0.0235673154872464,0.00428374691647871));
#10580=CARTESIAN_POINT('',(0.00788083498978035,-0.0235138257202013,0.00455));
#10581=CARTESIAN_POINT('',(0.0082,-0.0235138257202013,0.00455));
#10582=CARTESIAN_POINT('',(0.0091,-0.022,0.00335));
#10583=CARTESIAN_POINT('',(0.0091,-0.0235138257202013,0.00455));
#10584=CARTESIAN_POINT('',(0.00941908762105007,-0.0235138257202013,0.00455));
#10585=CARTESIAN_POINT('',(0.0100417066466732,-0.0235671056934516,0.0042849343380917));
#10586=CARTESIAN_POINT('',(0.0103,-0.0236699365845204,0.00366583472599641));
#10587=CARTESIAN_POINT('',(0.0103,-0.0237145524941965,0.00335));
#10588=CARTESIAN_POINT('',(0.00495,-0.027,-0.0026));
#10589=CARTESIAN_POINT('',(0.00495,-0.027,-0.00145));
#10590=CARTESIAN_POINT('',(0.00495,-0.0239060661757639,-0.00145));
#10591=CARTESIAN_POINT('',(0.00495,1.38777878078145E-17,9.54097911787244E-18));
#10592=CARTESIAN_POINT('',(0.00495,-0.0236545978617266,-0.00375));
#10593=CARTESIAN_POINT('',(0.00495,-0.027,-0.00375));
#10594=CARTESIAN_POINT('',(0.003825,-0.027,-0.00095));
#10595=CARTESIAN_POINT('',(0.002698,-0.0239311512468581,-0.00095));
#10596=CARTESIAN_POINT('',(0.00445,-0.0239311512468581,-0.00095));
#10597=CARTESIAN_POINT('',(0.0032,-0.0239311512468581,-0.00095));
#10598=CARTESIAN_POINT('',(0.00445,0.,-0.00095));
#10599=CARTESIAN_POINT('',(0.0032,-0.027,-0.00095));
#10600=CARTESIAN_POINT('',(0.003825,-0.027,-0.00425));
#10601=CARTESIAN_POINT('',(0.00445,-0.027,-0.00425));
#10602=CARTESIAN_POINT('',(0.00445,-0.0235698960540771,-0.00425));
#10603=CARTESIAN_POINT('',(0.002698,-0.0235698960540771,-0.00425));
#10604=CARTESIAN_POINT('',(0.0032,-0.0235698960540771,-0.00425));
#10605=CARTESIAN_POINT('',(0.0032,0.,-0.00425));
#10606=CARTESIAN_POINT('',(0.00445,-0.027,-0.00375));
#10607=CARTESIAN_POINT('',(0.00495,-0.0236545978617266,-0.00375));
#10608=CARTESIAN_POINT('',(0.00495,-0.0236129563526032,-0.00401267017404509));
#10609=CARTESIAN_POINT('',(0.00471605356554259,-0.0235698960540771,-0.00425));
#10610=CARTESIAN_POINT('',(0.00445,-0.0235698960540771,-0.00425));
#10611=CARTESIAN_POINT('',(0.00445,-0.027,-0.00145));
#10612=CARTESIAN_POINT('',(0.00445,-0.0239311512468581,-0.00095));
#10613=CARTESIAN_POINT('',(0.00471428813327946,-0.0239311512468581,-0.00095));
#10614=CARTESIAN_POINT('',(0.00495,-0.023922066354006,-0.00118620598628966));
#10615=CARTESIAN_POINT('',(0.00495,-0.0239060661757639,-0.00145));
#10616=CARTESIAN_POINT('',(0.0032,-0.027,-0.00375));
#10617=CARTESIAN_POINT('',(0.0032,-0.0235698960540771,-0.00425));
#10618=CARTESIAN_POINT('',(0.00293401419732928,-0.0235698960540771,-0.00425));
#10619=CARTESIAN_POINT('',(0.0027,-0.0236129669104731,-0.00401260357613401));
#10620=CARTESIAN_POINT('',(0.0027,-0.0236545978617266,-0.00375));
#10621=CARTESIAN_POINT('',(0.0032,-0.027,-0.00145));
#10622=CARTESIAN_POINT('',(0.0027,-0.0239060661757639,-0.00145));
#10623=CARTESIAN_POINT('',(0.0027,-0.023922066596219,-0.00118620199293766));
#10624=CARTESIAN_POINT('',(0.00293570646068563,-0.0239311512468582,-0.00095));
#10625=CARTESIAN_POINT('',(0.0032,-0.0239311512468582,-0.00095));
#10626=CARTESIAN_POINT('',(0.00495,-0.027,0.0026));
#10627=CARTESIAN_POINT('',(0.00495,-0.027,0.00375));
#10628=CARTESIAN_POINT('',(0.00495,-0.0236545978617266,0.00375));
#10629=CARTESIAN_POINT('',(0.00495,1.38777878078145E-17,9.54097911787244E-18));
#10630=CARTESIAN_POINT('',(0.00495,-0.0239060661757639,0.00145));
#10631=CARTESIAN_POINT('',(0.00495,-0.027,0.00145));
#10632=CARTESIAN_POINT('',(0.003825,-0.027,0.00095));
#10633=CARTESIAN_POINT('',(0.002698,-0.0239311512468581,0.00095));
#10634=CARTESIAN_POINT('',(0.0032,-0.0239311512468581,0.00095));
#10635=CARTESIAN_POINT('',(0.00445,-0.0239311512468581,0.00095));
#10636=CARTESIAN_POINT('',(0.0032,-0.027,0.00095));
#10637=CARTESIAN_POINT('',(0.00445,0.,0.00095));
#10638=CARTESIAN_POINT('',(0.003825,-0.027,0.00425));
#10639=CARTESIAN_POINT('',(0.0032,0.,0.00425));
#10640=CARTESIAN_POINT('',(0.0032,-0.0235698960540771,0.00425));
#10641=CARTESIAN_POINT('',(0.002698,-0.0235698960540771,0.00425));
#10642=CARTESIAN_POINT('',(0.00445,-0.0235698960540771,0.00425));
#10643=CARTESIAN_POINT('',(0.00445,-0.027,0.00425));
#10644=CARTESIAN_POINT('',(0.00445,-0.027,0.00375));
#10645=CARTESIAN_POINT('',(0.00445,-0.0235698960540771,0.00425));
#10646=CARTESIAN_POINT('',(0.00471598580267072,-0.0235698960540771,0.00425));
#10647=CARTESIAN_POINT('',(0.00495,-0.0236129669104731,0.00401260357613401));
#10648=CARTESIAN_POINT('',(0.00495,-0.0236545978617266,0.00375));
#10649=CARTESIAN_POINT('',(0.00445,-0.027,0.00145));
#10650=CARTESIAN_POINT('',(0.00495,-0.0239060661757639,0.00145));
#10651=CARTESIAN_POINT('',(0.00495,-0.023922066596219,0.00118620199293765));
#10652=CARTESIAN_POINT('',(0.00471429353931437,-0.0239311512468581,0.00095));
#10653=CARTESIAN_POINT('',(0.00445,-0.0239311512468581,0.00095));
#10654=CARTESIAN_POINT('',(0.0032,-0.027,0.00375));
#10655=CARTESIAN_POINT('',(0.0027,-0.0236545978617266,0.00375));
#10656=CARTESIAN_POINT('',(0.0027,-0.0236129563526032,0.00401267017404509));
#10657=CARTESIAN_POINT('',(0.00293394643445741,-0.0235698960540771,0.00425));
#10658=CARTESIAN_POINT('',(0.0032,-0.0235698960540771,0.00425));
#10659=CARTESIAN_POINT('',(0.0032,-0.027,0.00145));
#10660=CARTESIAN_POINT('',(0.0032,-0.0239311512468581,0.00095));
#10661=CARTESIAN_POINT('',(0.00293571186672054,-0.0239311512468582,0.00095));
#10662=CARTESIAN_POINT('',(0.0027,-0.023922066354006,0.00118620598628966));
#10663=CARTESIAN_POINT('',(0.0027,-0.0239060661757639,0.00145));
#10664=CARTESIAN_POINT('',(0.01065,-0.00333790612563253,0.00333790612563253));
#10665=CARTESIAN_POINT('',(0.01065,-0.0152008003920476,0.0201505478603535));
#10666=CARTESIAN_POINT('',(0.01065,-0.0142785214441385,0.0192282689124444));
#10667=CARTESIAN_POINT('',(0.01065,-0.0153135903877334,0.0202633378560392));
#10668=CARTESIAN_POINT('',(0.01065,2.94902990916057E-17,-2.60208521396521E-17));
#10669=CARTESIAN_POINT('',(0.01065,-0.0192282689124444,0.0142785214441386));
#10670=CARTESIAN_POINT('',(0.01065,-0.00581277985978545,0.000863032391479626));
#10671=CARTESIAN_POINT('',(0.01065,-0.0202633378560392,0.0153135903877334));
#10672=CARTESIAN_POINT('',(0.01065,0.,1.59051003039262E-18));
#10673=CARTESIAN_POINT('',(0.00755,-0.00581277985978545,0.000863032391479625));
#10674=CARTESIAN_POINT('',(0.00755,-0.0198155685227418,0.0134516074920629));
#10675=CARTESIAN_POINT('',(0.00728403809728712,-0.0198155685227418,0.0134516074920629));
#10676=CARTESIAN_POINT('',(0.00676501444031514,-0.0196901397217964,0.0136387944098506));
#10677=CARTESIAN_POINT('',(0.00655,-0.0193867699570244,0.0140650749244824));
#10678=CARTESIAN_POINT('',(0.00655,-0.0192282689124444,0.0142785214441386));
#10679=CARTESIAN_POINT('',(0.00655,-0.0202122444005425,0.0152624969322366));
#10680=CARTESIAN_POINT('',(0.00655,-0.0203722376447332,0.0150506166240291));
#10681=CARTESIAN_POINT('',(0.00676428130040436,-0.0206814435089422,0.0146308110552988));
#10682=CARTESIAN_POINT('',(0.00728444992424046,-0.02081544571792,0.014451484687241));
#10683=CARTESIAN_POINT('',(0.00755,-0.0208187762108769,0.0144548151801979));
#10684=CARTESIAN_POINT('',(0.00755,-0.0194909021518111,0.024440649620117));
#10685=CARTESIAN_POINT('',(0.00655,-0.0142785214441385,0.0192282689124444));
#10686=CARTESIAN_POINT('',(0.00655,-0.0140650184386545,0.0193868119022514));
#10687=CARTESIAN_POINT('',(0.00676408919867267,-0.0136396262391772,0.0196895584103604));
#10688=CARTESIAN_POINT('',(0.00728397122710352,-0.0134516074920629,0.0198155685227418));
#10689=CARTESIAN_POINT('',(0.00755,-0.0134516074920629,0.0198155685227418));
#10690=CARTESIAN_POINT('',(0.00755,-0.0144548151801979,0.0208187762108769));
#10691=CARTESIAN_POINT('',(0.00728451219636162,-0.0144514854682495,0.0208154464989285));
#10692=CARTESIAN_POINT('',(0.00676523542906003,-0.0146299805668165,0.0206820561647589));
#10693=CARTESIAN_POINT('',(0.00655,-0.0150506647985132,0.0203722012676292));
#10694=CARTESIAN_POINT('',(0.00655,-0.0152624969322366,0.0202122444005425));
#10695=CARTESIAN_POINT('',(0.00965,-0.00086303239147962,0.00581277985978545));
#10696=CARTESIAN_POINT('',(0.00965,-0.0134516074920629,0.0198155685227418));
#10697=CARTESIAN_POINT('',(0.00991596190271288,-0.0134516074920629,0.0198155685227418));
#10698=CARTESIAN_POINT('',(0.0104349855596849,-0.0136387944098506,0.0196901397217964));
#10699=CARTESIAN_POINT('',(0.01065,-0.0140650749244824,0.0193867699570244));
#10700=CARTESIAN_POINT('',(0.01065,-0.0142785214441385,0.0192282689124444));
#10701=CARTESIAN_POINT('',(0.01065,-0.0153135903877334,0.0202633378560392));
#10702=CARTESIAN_POINT('',(0.01065,-0.0151013768419214,0.0204237137693454));
#10703=CARTESIAN_POINT('',(0.0104353106041919,-0.0146768634084751,0.0207273723224018));
#10704=CARTESIAN_POINT('',(0.0099160367207492,-0.0144844889154086,0.0208484499460875));
#10705=CARTESIAN_POINT('',(0.00965,-0.0144811524757412,0.0208451135064202));
#10706=CARTESIAN_POINT('',(0.00965,-0.024440649620117,0.0194909021518111));
#10707=CARTESIAN_POINT('',(0.01065,-0.0192282689124444,0.0142785214441386));
#10708=CARTESIAN_POINT('',(0.01065,-0.0193868119022514,0.0140650184386546));
#10709=CARTESIAN_POINT('',(0.0104359108013273,-0.0196895584103604,0.0136396262391772));
#10710=CARTESIAN_POINT('',(0.00991602877289648,-0.0198155685227418,0.0134516074920629));
#10711=CARTESIAN_POINT('',(0.00965,-0.0198155685227418,0.0134516074920629));
#10712=CARTESIAN_POINT('',(0.00965,-0.0208451135064202,0.0144811524757412));
#10713=CARTESIAN_POINT('',(0.00991598220869657,-0.0208484492624369,0.0144844882317579));
#10714=CARTESIAN_POINT('',(0.0104343940860527,-0.0207279382340461,0.0146760430617131));
#10715=CARTESIAN_POINT('',(0.01065,-0.0204236753262421,0.0151014277108273));
#10716=CARTESIAN_POINT('',(0.01065,-0.0202633378560392,0.0153135903877334));
#10717=CARTESIAN_POINT('',(0.01065,-0.0257134418262528,0.0182181099456754));
#10718=CARTESIAN_POINT('',(0.00965,-0.0257134418262528,0.0182181099456754));
#10719=CARTESIAN_POINT('',(0.00965,-0.0216474529352384,0.014152121054661));
#10720=CARTESIAN_POINT('',(0.0107517166687099,-0.0216612634060825,0.0141659315255051));
#10721=CARTESIAN_POINT('',(0.00755,-0.0216210617317217,0.0141257298511444));
#10722=CARTESIAN_POINT('',(0.00755,-0.021250258380456,0.0137549264998786));
#10723=CARTESIAN_POINT('',(0.01065,-0.0182181099456754,0.0257134418262528));
#10724=CARTESIAN_POINT('',(0.00755,-0.0182181099456754,0.0257134418262528));
#10725=CARTESIAN_POINT('',(0.00755,-0.0141257298511443,0.0216210617317217));
#10726=CARTESIAN_POINT('',(0.0086000044586051,-0.014138925681322,0.0216342575618994));
#10727=CARTESIAN_POINT('',(0.00965,-0.014152121054661,0.0216474529352384));
#10728=CARTESIAN_POINT('',(0.00965,-0.0138268675155033,0.0213221993960808));
#10729=CARTESIAN_POINT('',(0.01145,-0.00333790612563253,0.00333790612563253));
#10730=CARTESIAN_POINT('',(0.01145,-0.0247689580017727,0.0297187054700786));
#10731=CARTESIAN_POINT('',(0.01145,-0.0155982023689726,0.0205479498372784));
#10732=CARTESIAN_POINT('',(0.01145,0.,1.59051003039262E-18));
#10733=CARTESIAN_POINT('',(0.01145,-0.0205479498372784,0.0155982023689726));
#10734=CARTESIAN_POINT('',(0.01145,-0.00581277985978545,0.000863032391479624));
#10735=CARTESIAN_POINT('',(0.00575,-0.00333790612563253,0.00333790612563253));
#10736=CARTESIAN_POINT('',(0.00575,-0.0297187054700785,0.0247689580017727));
#10737=CARTESIAN_POINT('',(0.00575,-0.0204881985033297,0.015538451035024));
#10738=CARTESIAN_POINT('',(0.00575,0.,1.59051003039262E-18));
#10739=CARTESIAN_POINT('',(0.00575,-0.0155384510350239,0.0204881985033297));
#10740=CARTESIAN_POINT('',(0.00575,-0.000863032391479618,0.00581277985978545));
#10741=CARTESIAN_POINT('',(0.00755,-0.0194909021518111,0.024440649620117));
#10742=CARTESIAN_POINT('',(0.00575,-0.0155384510350239,0.0204881985033297));
#10743=CARTESIAN_POINT('',(0.00572612952308298,-0.0147945861459303,0.0210944878569145));
#10744=CARTESIAN_POINT('',(0.00657583332882819,-0.0140989815978089,0.0216249805319752));
#10745=CARTESIAN_POINT('',(0.00755,-0.0141257298511443,0.0216210617317217));
#10746=CARTESIAN_POINT('',(0.00965,-0.000863032391479618,0.00581277985978545));
#10747=CARTESIAN_POINT('',(0.01145,-0.0155982023689726,0.0205479498372784));
#10748=CARTESIAN_POINT('',(0.01145,-0.0155576527908506,0.0205810628189098));
#10749=CARTESIAN_POINT('',(0.0114472922980858,-0.0154759370215018,0.0206474886764526));
#10750=CARTESIAN_POINT('',(0.0114130270258975,-0.0153057011291174,0.0207836743156116));
#10751=CARTESIAN_POINT('',(0.0113906640925511,-0.0152309610379648,0.0208428444551459));
#10752=CARTESIAN_POINT('',(0.0112913925279071,-0.0149919657933086,0.0210306106483845));
#10753=CARTESIAN_POINT('',(0.0111541942165842,-0.0148069420899258,0.0211729667763183));
#10754=CARTESIAN_POINT('',(0.0110120017555284,-0.0146641613339747,0.021281051304401));
#10755=CARTESIAN_POINT('',(0.0109414917689128,-0.014600397561959,0.0213289461169582));
#10756=CARTESIAN_POINT('',(0.0107720443070909,-0.0144743398416303,0.0214229555117023));
#10757=CARTESIAN_POINT('',(0.0105658464476719,-0.0143566518549465,0.0215093438235058));
#10758=CARTESIAN_POINT('',(0.0101737051809526,-0.0141959669884396,0.0216240842404313));
#10759=CARTESIAN_POINT('',(0.00984784897610035,-0.0141535381426976,0.021648870023275));
#10760=CARTESIAN_POINT('',(0.00965,-0.014152121054661,0.0216474529352384));
#10761=CARTESIAN_POINT('',(0.00755,-0.00581277985978545,0.000863032391479625));
#10762=CARTESIAN_POINT('',(0.00575,-0.0204881985033297,0.0155384510350239));
#10763=CARTESIAN_POINT('',(0.00575,-0.020622668250975,0.0153732867391826));
#10764=CARTESIAN_POINT('',(0.00582439784506342,-0.0208599828884514,0.0150815407262927));
#10765=CARTESIAN_POINT('',(0.00601693753349278,-0.0210975809562057,0.0147834289961623));
#10766=CARTESIAN_POINT('',(0.00616472557638557,-0.0212133431787061,0.0146341992944481));
#10767=CARTESIAN_POINT('',(0.00622924380758671,-0.0212572125718063,0.0145770593610525));
#10768=CARTESIAN_POINT('',(0.00626438780770213,-0.0212794932203184,0.0145482757949012));
#10769=CARTESIAN_POINT('',(0.00625837213370396,-0.0212762130377272,0.0145523260803706));
#10770=CARTESIAN_POINT('',(0.0063473871785204,-0.0213301336392212,0.0144839062590293));
#10771=CARTESIAN_POINT('',(0.00643751325228,-0.0213774998334328,0.0144239163316624));
#10772=CARTESIAN_POINT('',(0.00661840589374063,-0.021460410053424,0.01431918100068));
#10773=CARTESIAN_POINT('',(0.00699423286728848,-0.0215800003000636,0.0141693145444973));
#10774=CARTESIAN_POINT('',(0.00733505112859954,-0.0216188931030143,0.0141235612224369));
#10775=CARTESIAN_POINT('',(0.00755,-0.0216210617317218,0.0141257298511444));
#10776=CARTESIAN_POINT('',(0.00965,-0.024440649620117,0.0194909021518111));
#10777=CARTESIAN_POINT('',(0.00965,-0.0216474529352384,0.014152121054661));
#10778=CARTESIAN_POINT('',(0.00984845147491366,-0.0216488907749999,0.0141535588944225));
#10779=CARTESIAN_POINT('',(0.0101750481056864,-0.0216239290538323,0.0141962339441346));
#10780=CARTESIAN_POINT('',(0.0105675826094813,-0.0215087442278451,0.0143574726990977));
#10781=CARTESIAN_POINT('',(0.0107737853133289,-0.0214221208573555,0.0144754507512303));
#10782=CARTESIAN_POINT('',(0.0109433109140883,-0.0213278317075624,0.0146018680850334));
#10783=CARTESIAN_POINT('',(0.0110132181566111,-0.0212800730735661,0.014665440768363));
#10784=CARTESIAN_POINT('',(0.0111546473610432,-0.0211730009984302,0.0148069137574127));
#10785=CARTESIAN_POINT('',(0.0113294747804106,-0.020987560471015,0.0150478644497012));
#10786=CARTESIAN_POINT('',(0.0114449741328522,-0.0207126295619391,0.0153952990326842));
#10787=CARTESIAN_POINT('',(0.01145,-0.0205954074857954,0.0155400924715297));
#10788=CARTESIAN_POINT('',(0.01145,-0.0205479498372784,0.0155982023689726));
#10789=CARTESIAN_POINT('',(0.0150087262032186,0.,1.59051003039262E-18));
#10790=CARTESIAN_POINT('',(0.0110049317370197,-0.0202353014225587,0.0153608670979721));
#10791=CARTESIAN_POINT('',(0.0110215714392891,-0.0206573674865316,0.0148053479917226));
#10792=CARTESIAN_POINT('',(0.0103705590379977,-0.0210205806410336,0.0142476844938593));
#10793=CARTESIAN_POINT('',(0.00965685157574111,-0.0210030853352099,0.0142512810488219));
#10794=CARTESIAN_POINT('',(0.0110049317370197,-0.0202353014225587,0.0153608670979721));
#10795=CARTESIAN_POINT('',(0.00965685157574111,-0.0210030853352099,0.0142512810488219));
#10796=CARTESIAN_POINT('',(0.0110049317370198,0.,1.59051003039262E-18));
#10797=CARTESIAN_POINT('',(0.0110049317370197,-0.0153608670979721,0.0202353014225587));
#10798=CARTESIAN_POINT('',(0.00965685157574111,-0.0142512810488219,0.0210030853352099));
#10799=CARTESIAN_POINT('',(0.0103670859539333,-0.0142474220224207,0.0210206854753587));
#10800=CARTESIAN_POINT('',(0.011021846738709,-0.0148031914706788,0.0206590105613626));
#10801=CARTESIAN_POINT('',(0.0110049317370197,-0.015360867097972,0.0202353014225588));
#10802=CARTESIAN_POINT('',(0.00965685157574111,-0.0142512810488219,0.0210030853352099));
#10803=CARTESIAN_POINT('',(0.00755685166386699,-0.014224956489266,0.0209766489223252));
#10804=CARTESIAN_POINT('',(0.00825685160005203,-0.0142337387221866,0.0209854564379958));
#10805=CARTESIAN_POINT('',(0.00895685154083399,-0.0142425210215539,0.0209942635220513));
#10806=CARTESIAN_POINT('',(0.00965685148619613,-0.0142513033871312,0.0210030701760295));
#10807=CARTESIAN_POINT('',(0.00755685157574111,-0.0142249784515753,0.0209766340270846));
#10808=CARTESIAN_POINT('',(0.00620877141446248,-0.0153012551790171,0.0201754443059466));
#10809=CARTESIAN_POINT('',(0.00619126845064533,-0.0147460880376247,0.0205961050790009));
#10810=CARTESIAN_POINT('',(0.0068439068928682,-0.0142028709738494,0.0209765898164746));
#10811=CARTESIAN_POINT('',(0.00755685157574111,-0.0142249784515753,0.0209766340270846));
#10812=CARTESIAN_POINT('',(0.00620877141446248,-0.015301255179017,0.0201754443059466));
#10813=CARTESIAN_POINT('',(0.00620877141446248,0.,1.59051003039262E-18));
#10814=CARTESIAN_POINT('',(0.00620877141446248,-0.0201754443059466,0.015301255179017));
#10815=CARTESIAN_POINT('',(0.00755685157574111,-0.0209766340270846,0.0142249784515753));
#10816=CARTESIAN_POINT('',(0.00720261532093142,-0.02097291719474,0.0142194426246706));
#10817=CARTESIAN_POINT('',(0.00649761698177188,-0.0207976134958798,0.0144601584894304));
#10818=CARTESIAN_POINT('',(0.00620763168993215,-0.0203875274409856,0.0150215803958934));
#10819=CARTESIAN_POINT('',(0.00620877141446248,-0.0201754443059466,0.015301255179017));
#10820=CARTESIAN_POINT('',(0.00755685157574111,-0.0209766340270846,0.0142249784515753));
#10821=CARTESIAN_POINT('',(0.00965685148619613,-0.0210030701760294,0.0142513033871312));
#10822=CARTESIAN_POINT('',(0.00895685154083393,-0.0209942635220512,0.0142425210215539));
#10823=CARTESIAN_POINT('',(0.00825685160005209,-0.0209854564379958,0.0142337387221866));
#10824=CARTESIAN_POINT('',(0.00755685166386699,-0.0209766489223252,0.014224956489266));
#10825=CARTESIAN_POINT('',(0.00860342578353723,-0.0141885277568792,0.0213120586890977));
#10826=CARTESIAN_POINT('',(0.00965685129275275,-0.0142513005907045,0.021003088340651));
#10827=CARTESIAN_POINT('',(0.00965456762110375,-0.0142182343506919,0.0212178755553802));
#10828=CARTESIAN_POINT('',(0.00965228394945474,-0.0141851681106793,0.0214326627701094));
#10829=CARTESIAN_POINT('',(0.00965000027780574,-0.0141521018706667,0.0216474499848387));
#10830=CARTESIAN_POINT('',(0.00754999971656557,-0.0141257494238305,0.0216210647419003));
#10831=CARTESIAN_POINT('',(0.00755228376237215,-0.0141588193616547,0.0214062535186096));
#10832=CARTESIAN_POINT('',(0.00755456780817873,-0.0141918892994789,0.021191442295319));
#10833=CARTESIAN_POINT('',(0.0075568518539853,-0.0142249592373031,0.0209766310720283));
#10834=CARTESIAN_POINT('',(0.00620877141446248,-0.015301255179017,0.0201754443059466));
#10835=CARTESIAN_POINT('',(0.00619089401647798,-0.0147356463085303,0.0206055715659));
#10836=CARTESIAN_POINT('',(0.00682726559619357,-0.0142023219081981,0.0209765401081623));
#10837=CARTESIAN_POINT('',(0.00755685157574111,-0.0142249784515753,0.0209766340270846));
#10838=CARTESIAN_POINT('',(0.00575,-0.0155384510350239,0.0204881985033297));
#10839=CARTESIAN_POINT('',(0.00572612952308298,-0.0147945861459303,0.0210944878569145));
#10840=CARTESIAN_POINT('',(0.00657583332882819,-0.0140989815978089,0.0216249805319752));
#10841=CARTESIAN_POINT('',(0.00755,-0.0141257298511443,0.0216210617317217));
#10842=CARTESIAN_POINT('',(0.00575,-0.015538451035024,0.0204881985033297));
#10843=CARTESIAN_POINT('',(0.00590292380482083,-0.0154593857496883,0.020383947104202));
#10844=CARTESIAN_POINT('',(0.00605584760964166,-0.0153803204643527,0.0202796957050743));
#10845=CARTESIAN_POINT('',(0.00620877141446248,-0.0153012551790171,0.0201754443059466));
#10846=CARTESIAN_POINT('',(0.00965685157574111,-0.0142512810488219,0.0210030853352099));
#10847=CARTESIAN_POINT('',(0.0103835394691249,-0.0142472906317622,0.0210210312776492));
#10848=CARTESIAN_POINT('',(0.0110221755264867,-0.0147923866834505,0.0206687323866412));
#10849=CARTESIAN_POINT('',(0.0110049317370197,-0.0153608670979721,0.0202353014225587));
#10850=CARTESIAN_POINT('',(0.00965,-0.014152121054661,0.0216474529352384));
#10851=CARTESIAN_POINT('',(0.0106202970532926,-0.014144236031902,0.0216692374117451));
#10852=CARTESIAN_POINT('',(0.0114730244624407,-0.0148504069239283,0.0211586032147644));
#10853=CARTESIAN_POINT('',(0.01145,-0.0155982023689726,0.0205479498372784));
#10854=CARTESIAN_POINT('',(0.0110049317370197,-0.015360867097972,0.0202353014225588));
#10855=CARTESIAN_POINT('',(0.0111532878246798,-0.0154399788549722,0.0203395175607987));
#10856=CARTESIAN_POINT('',(0.0113016439123399,-0.0155190906119724,0.0204437336990386));
#10857=CARTESIAN_POINT('',(0.01145,-0.0155982023689725,0.0205479498372785));
#10858=CARTESIAN_POINT('',(0.00620877141446248,0.,1.59051003039262E-18));
#10859=CARTESIAN_POINT('',(0.00620877141446248,-0.0201754443059465,0.0153012551790172));
#10860=CARTESIAN_POINT('',(0.00605584760964165,-0.0202796957050742,0.0153803204643528));
#10861=CARTESIAN_POINT('',(0.00590292380482083,-0.020383947104202,0.0154593857496884));
#10862=CARTESIAN_POINT('',(0.00575,-0.0204881985033297,0.015538451035024));
#10863=CARTESIAN_POINT('',(0.01145,0.,1.59051003039262E-18));
#10864=CARTESIAN_POINT('',(0.01145,-0.0205479498372784,0.0155982023689726));
#10865=CARTESIAN_POINT('',(0.0113016439123399,-0.0204437336990385,0.0155190906119724));
#10866=CARTESIAN_POINT('',(0.0111532878246798,-0.0203395175607986,0.0154399788549723));
#10867=CARTESIAN_POINT('',(0.0110049317370197,-0.0202353014225587,0.0153608670979721));
#10868=CARTESIAN_POINT('',(0.00755685157574111,-0.0209766340270846,0.0142249784515753));
#10869=CARTESIAN_POINT('',(0.00720144385559774,-0.0209728476408598,0.0142192039510203));
#10870=CARTESIAN_POINT('',(0.00685019320405196,-0.0208855983099322,0.014338397608815));
#10871=CARTESIAN_POINT('',(0.0063525472831517,-0.0205922375038104,0.0147422723908974));
#10872=CARTESIAN_POINT('',(0.00620762468218787,-0.0203882668672623,0.0150209864932971));
#10873=CARTESIAN_POINT('',(0.00620877141446248,-0.0201754443059466,0.015301255179017));
#10874=CARTESIAN_POINT('',(0.00755,-0.0216210617317217,0.0141257298511444));
#10875=CARTESIAN_POINT('',(0.00707544817835515,-0.0216176389907159,0.0141195770433522));
#10876=CARTESIAN_POINT('',(0.00660644700837294,-0.0214939817465147,0.0142758053887703));
#10877=CARTESIAN_POINT('',(0.00594197416530649,-0.0210775112569682,0.0148046900697006));
#10878=CARTESIAN_POINT('',(0.00574846884617579,-0.0207882517631595,0.0151699065390127));
#10879=CARTESIAN_POINT('',(0.00575,-0.0204881985033297,0.015538451035024));
#10880=CARTESIAN_POINT('',(0.00755685185398531,-0.0209766310720283,0.0142249592373031));
#10881=CARTESIAN_POINT('',(0.00755456780817873,-0.021191442295319,0.0141918892994789));
#10882=CARTESIAN_POINT('',(0.00755228376237215,-0.0214062535186096,0.0141588193616547));
#10883=CARTESIAN_POINT('',(0.00754999971656557,-0.0216210647419003,0.0141257494238305));
#10884=CARTESIAN_POINT('',(0.0110049317370197,-0.0202353014225587,0.0153608670979721));
#10885=CARTESIAN_POINT('',(0.0110218864687106,-0.0206669071201585,0.0147948580503357));
#10886=CARTESIAN_POINT('',(0.0103873033848128,-0.0210209685010865,0.0142475847911752));
#10887=CARTESIAN_POINT('',(0.00965685157574111,-0.0210030853352099,0.0142512810488219));
#10888=CARTESIAN_POINT('',(0.01145,-0.0205479498372784,0.0155982023689726));
#10889=CARTESIAN_POINT('',(0.011472638503199,-0.0211560185124617,0.0148536478143891));
#10890=CARTESIAN_POINT('',(0.0106253227546067,-0.0216691120171082,0.0141445949777231));
#10891=CARTESIAN_POINT('',(0.00965,-0.0216474529352384,0.014152121054661));
#10892=CARTESIAN_POINT('',(0.00965000027780574,-0.0216474499848387,0.0141521018706667));
#10893=CARTESIAN_POINT('',(0.00965228394945474,-0.0214326627701094,0.0141851681106793));
#10894=CARTESIAN_POINT('',(0.00965456762110375,-0.0212178755553802,0.0142182343506919));
#10895=CARTESIAN_POINT('',(0.00965685129275275,-0.021003088340651,0.0142513005907045));
#10896=CARTESIAN_POINT('',(0.00860342578353723,-0.0213120586890976,0.0141885277568792));
#10897=CARTESIAN_POINT('',(0.0105,-0.00941337071359158,-0.00294652287883441));
#10898=CARTESIAN_POINT('',(0.0105,1.99493199737333E-17,2.51534904016637E-17));
#10899=CARTESIAN_POINT('',(0.00706,0.00269117983230915,-0.00610785246789236));
#10900=CARTESIAN_POINT('',(0.00706,1.99493199737333E-17,2.51534904016637E-17));
#10901=CARTESIAN_POINT('',(0.00706,-0.00600308707799178,0.00258641444240857));
#10902=CARTESIAN_POINT('',(0.00706,1.99493199737333E-17,2.51534904016637E-17));
#10903=CARTESIAN_POINT('',(0.004898,1.99493199737333E-17,2.51534904016637E-17));
#10904=CARTESIAN_POINT('',(0.002698,1.38777878078145E-17,9.54097911787244E-18));
#10905=CARTESIAN_POINT('',(0.002698,1.38777878078145E-17,9.54097911787244E-18));
#10906=CARTESIAN_POINT('',(0.002698,1.38777878078145E-17,9.54097911787244E-18));
#10907=CARTESIAN_POINT('',(0.002698,1.38777878078145E-17,9.54097911787244E-18));
#10908=CARTESIAN_POINT('',(0.006548,2.94902990916057E-17,-2.60208521396521E-17));
#10909=CARTESIAN_POINT('',(0.,-0.0183757359312881,-0.0148872979923167));
#10910=CARTESIAN_POINT('',(-5.42101086242752E-20,-0.0185,-0.0148872979923167));
#10911=CARTESIAN_POINT('',(8.78679656440356E-5,-0.0185878679656441,-0.0148872979923167));
#10912=CARTESIAN_POINT('',(-3.43289877753935E-19,-0.0183883879804514,-0.01505274977024));
#10913=CARTESIAN_POINT('',(5.1952650351248E-6,-0.0185051952650318,-0.0150471081514798));
#10914=CARTESIAN_POINT('',(8.78679562844922E-5,-0.0185878679562845,-0.0150424995704045));
#10915=CARTESIAN_POINT('',(1.80600078328136E-5,-0.0184304036883469,-0.0153821868251981));
#10916=CARTESIAN_POINT('',(3.10834006178701E-5,-0.0185310834006194,-0.0153646019893107));
#10917=CARTESIAN_POINT('',(0.000103347976701603,-0.0186033479767016,-0.0153498014392435));
#10918=CARTESIAN_POINT('',(0.000129855857785443,-0.0185719698451688,-0.0158725805630721));
#10919=CARTESIAN_POINT('',(0.000145694577824163,-0.0186456945778238,-0.0158370811138656));
#10920=CARTESIAN_POINT('',(0.000199172985439064,-0.0186991729854391,-0.01580026136753));
#10921=CARTESIAN_POINT('',(0.000386292479285089,-0.0188426441478505,-0.016286791580466));
#10922=CARTESIAN_POINT('',(0.000390116059300207,-0.0188901160593003,-0.0162313363235492));
#10923=CARTESIAN_POINT('',(0.000418975805343216,-0.0189189758053432,-0.0161694215059886));
#10924=CARTESIAN_POINT('',(0.00076772227586606,-0.0192126314814906,-0.0164595212654534));
#10925=CARTESIAN_POINT('',(0.000744241423959253,-0.0192442414239592,-0.0163883122371393));
#10926=CARTESIAN_POINT('',(0.000745915630588074,-0.0192459156305881,-0.0163061369037995));
#10927=CARTESIAN_POINT('',(0.00115203127203795,-0.0195698654370332,-0.0164086127425948));
#10928=CARTESIAN_POINT('',(0.00109704249725183,-0.0195970424972519,-0.0163302152408482));
#10929=CARTESIAN_POINT('',(0.00107532334170065,-0.0195753233417007,-0.016235195364483));
#10930=CARTESIAN_POINT('',(0.00162152249374775,-0.0199952727586831,-0.0161773597498331));
#10931=CARTESIAN_POINT('',(0.00153011051253363,-0.0200301105125334,-0.0160965248319551));
#10932=CARTESIAN_POINT('',(0.00147774438883195,-0.019977744388832,-0.0159913608106821));
#10933=CARTESIAN_POINT('',(0.00192712864957755,-0.0202637543985905,-0.0158915182668933));
#10934=CARTESIAN_POINT('',(0.00180786899858195,-0.020307868998583,-0.0158171281594997));
#10935=CARTESIAN_POINT('',(0.00173969252247477,-0.0202396925224748,-0.0157062888690461));
#10936=CARTESIAN_POINT('',(0.00211204849269156,-0.0204240138193981,-0.0156810437499854));
#10937=CARTESIAN_POINT('',(0.00197517113345457,-0.0204751711334546,-0.0156157027006174));
#10938=CARTESIAN_POINT('',(0.00189819524509395,-0.020398195245094,-0.0154983512617346));
#10939=CARTESIAN_POINT('',(0.0003,-0.0183757359312881,-0.0148872979923167));
#10940=CARTESIAN_POINT('',(0.0003,-0.0183757359312881,4.64083324057744E-18));
#10941=CARTESIAN_POINT('',(0.0003,-0.0183757359312881,0.0148872979923168));
#10942=CARTESIAN_POINT('',(8.78679656440356E-5,-0.018587867965644,0.0148872979923168));
#10943=CARTESIAN_POINT('',(-1.40946282423116E-18,-0.0185,0.0148872979923168));
#10944=CARTESIAN_POINT('',(0.,-0.018375735931288,0.0148872979923168));
#10945=CARTESIAN_POINT('',(8.7867956290188E-5,-0.0185878679562902,0.0150424921408024));
#10946=CARTESIAN_POINT('',(5.19501848803233E-6,-0.0185051950184952,0.0150471005675001));
#10947=CARTESIAN_POINT('',(-1.92458187084847E-18,-0.0183883873748008,0.015052741849955));
#10948=CARTESIAN_POINT('',(0.000103346524776637,-0.0186033465247767,0.0153497794588061));
#10949=CARTESIAN_POINT('',(3.10812294531701E-5,-0.0185310812294499,0.0153645794466737));
#10950=CARTESIAN_POINT('',(1.80583139234384E-5,-0.0184304003047904,0.0153821632213263));
#10951=CARTESIAN_POINT('',(0.000199160906810941,-0.0186991609068109,0.0158002187282938));
#10952=CARTESIAN_POINT('',(0.000145680651641417,-0.0186456806516423,0.01583703641437));
#10953=CARTESIAN_POINT('',(0.000129841766051805,-0.0185719531580446,0.0158725338483805));
#10954=CARTESIAN_POINT('',(0.00041893604965467,-0.0189189360496547,0.0161693788598135));
#10955=CARTESIAN_POINT('',(0.000390072435386974,-0.0188900724353867,0.0162312901585712));
#10956=CARTESIAN_POINT('',(0.000386246097648675,-0.0188425971312305,0.0162867425585279));
#10957=CARTESIAN_POINT('',(0.000745850186650216,-0.0192458501866502,0.0163061309595939));
#10958=CARTESIAN_POINT('',(0.000744170828813025,-0.0192441708288131,0.0163883030881975));
#10959=CARTESIAN_POINT('',(0.000767645924605156,-0.0192125590516435,0.0164595097808554));
#10960=CARTESIAN_POINT('',(0.00107524662203081,-0.0195752466220308,0.0162352267665283));
#10961=CARTESIAN_POINT('',(0.00109696030259643,-0.0195969603025964,0.0163302441098632));
#10962=CARTESIAN_POINT('',(0.00115194176575653,-0.0195697832960608,0.0164086406233003));
#10963=CARTESIAN_POINT('',(0.00147765957024402,-0.019977659570244,0.015991433698121));
#10964=CARTESIAN_POINT('',(0.0015300193357812,-0.0200300193357815,0.016096596338072));
#10965=CARTESIAN_POINT('',(0.00162142353872828,-0.0199951845581188,0.0161774315600688));
#10966=CARTESIAN_POINT('',(0.0017396034153954,-0.0202396034153954,0.0157063900628584));
#10967=CARTESIAN_POINT('',(0.00180777322855387,-0.0203077732285527,0.0158172281072129));
#10968=CARTESIAN_POINT('',(0.00192702469131925,-0.0202636633176347,0.0158916199466115));
#10969=CARTESIAN_POINT('',(0.00189810419191959,-0.0203981041919196,0.0154984707086617));
#10970=CARTESIAN_POINT('',(0.00197507323131138,-0.0204750732313114,0.0156158205666012));
#10971=CARTESIAN_POINT('',(0.00211194226398815,-0.020423921756795,0.0156811646539936));
#10972=CARTESIAN_POINT('',(0.00206334994648171,0.0237387321748626,0.00997463668283253));
#10973=CARTESIAN_POINT('',(0.00187171535639807,0.0238094446570098,0.00979771238748948));
#10974=CARTESIAN_POINT('',(0.00185645363405693,0.0235690644431183,0.00967519418422464));
#10975=CARTESIAN_POINT('',(0.00223293676118815,0.0238083447828426,0.00981660650372079));
#10976=CARTESIAN_POINT('',(0.00204177830467722,0.02387736088332,0.00964045036245319));
#10977=CARTESIAN_POINT('',(0.00202604044876394,0.0236378979190584,0.00951901826882642));
#10978=CARTESIAN_POINT('',(0.00240232984869691,0.0238763646081797,0.00965787514818885));
#10979=CARTESIAN_POINT('',(0.00221200270095749,0.0239438510748994,0.00948216980185202));
#10980=CARTESIAN_POINT('',(0.00219543353627196,0.0237051573992194,0.0093621486902123));
#10981=CARTESIAN_POINT('',(0.00257149479293959,0.0239427778517935,0.00949847487135991));
#10982=CARTESIAN_POINT('',(0.00238233909333616,0.0240088768821026,0.00932290558772151));
#10983=CARTESIAN_POINT('',(0.00236459848051481,0.0237708292183096,0.00920461732001501));
#10984=CARTESIAN_POINT('',(0.0020685856684129,0.023462197844512,0.00985844136729252));
#10985=CARTESIAN_POINT('',(0.00185645363405694,0.0235690644431183,0.0096751941842246));
#10986=CARTESIAN_POINT('',(0.00187171535639808,0.0238094446570097,0.00979771238748944));
#10987=CARTESIAN_POINT('',(0.00206334994648172,0.0237387321748626,0.0099746366828325));
#10988=CARTESIAN_POINT('',(0.00146218979269898,0.0234090369606688,0.0100382797001569));
#10989=CARTESIAN_POINT('',(0.00146968652796244,0.0236143432154075,0.0101493323399591));
#10990=CARTESIAN_POINT('',(0.00160337546485394,0.0235758359009178,0.01034158876995));
#10991=CARTESIAN_POINT('',(0.000859058005154897,0.0229920743073585,0.0104933163952665));
#10992=CARTESIAN_POINT('',(0.000831747710755537,0.0231508732017283,0.0106175403294765));
#10993=CARTESIAN_POINT('',(0.00089972170676858,0.0231263952125855,0.010790358513246));
#10994=CARTESIAN_POINT('',(0.00022643232037224,0.0220495763835185,0.010676012934575));
#10995=CARTESIAN_POINT('',(0.000150157119475682,0.0220893192106846,0.0107874885597534));
#10996=CARTESIAN_POINT('',(0.000161658423854228,0.0220668582155697,0.0109212842025116));
#10997=CARTESIAN_POINT('',(8.78679845136802E-5,0.0215100258208939,0.0105217622744791));
#10998=CARTESIAN_POINT('',(1.258613660548E-6,0.0214895223781659,0.0106100664359946));
#10999=CARTESIAN_POINT('',(-6.31506405805195E-18,0.0214451326539257,0.0107259627721848));
#11000=CARTESIAN_POINT('',(8.78679656440356E-5,0.0212663623959361,0.0103796619868175));
#11001=CARTESIAN_POINT('',(-7.31836466427715E-19,0.0212220968014287,0.0104555654553109));
#11002=CARTESIAN_POINT('',(5.42101086242752E-20,0.0211594957973298,0.0105629091698854));
#11003=CARTESIAN_POINT('',(0.0003,0.0211594957973298,0.0105629091698854));
#11004=CARTESIAN_POINT('',(0.0003,0.000773286692554378,-0.00132597659102622));
#11005=CARTESIAN_POINT('',(0.0003,0.0124888116393666,0.00550631562210199));
#11006=CARTESIAN_POINT('',(0.0003,0.0157,-1.3010426069826E-18));
#11007=CARTESIAN_POINT('',(0.0003,0.0124888116393666,-0.005506315622102));
#11008=CARTESIAN_POINT('',(0.0003,0.000773286692554379,0.00132597659102622));
#11009=CARTESIAN_POINT('',(0.0003,0.0211594957973298,-0.0105629091698854));
#11010=CARTESIAN_POINT('',(8.78679656440356E-5,0.0212663623959361,-0.0103796619868175));
#11011=CARTESIAN_POINT('',(-8.94466792300541E-19,0.0212220968014287,-0.0104555654553109));
#11012=CARTESIAN_POINT('',(0.,0.0211594957973298,-0.0105629091698854));
#11013=CARTESIAN_POINT('',(8.78679823715582E-5,0.0215100365653984,-0.0105217685429687));
#11014=CARTESIAN_POINT('',(1.25866684629292E-6,0.0214895341456941,-0.0106100732370386));
#11015=CARTESIAN_POINT('',(-4.95409836831877E-18,0.0214451452494464,-0.0107259699647018));
#11016=CARTESIAN_POINT('',(0.000227146171672621,0.0220515990333565,-0.0106763661349827));
#11017=CARTESIAN_POINT('',(0.000150935143813983,0.0220915779534018,-0.010787905156968));
#11018=CARTESIAN_POINT('',(0.000162491249234254,0.0220691748873509,-0.0109217814688777));
#11019=CARTESIAN_POINT('',(0.000860536587767401,0.0229931048454329,-0.0104922057389639));
#11020=CARTESIAN_POINT('',(0.00083329142132643,0.023151993125085,-0.0106164064071964));
#11021=CARTESIAN_POINT('',(0.000901446720503673,0.0231275040558065,-0.0107892639691891));
#11022=CARTESIAN_POINT('',(0.00146224007830488,0.0234090573704743,-0.0100382333907881));
#11023=CARTESIAN_POINT('',(0.00146973467306431,0.0236143665792911,-0.0101492902312452));
#11024=CARTESIAN_POINT('',(0.0016034341313696,0.0235758566772416,-0.0103415419676747));
#11025=CARTESIAN_POINT('',(0.00185645363405823,0.0235690644431188,-0.00967519418422342));
#11026=CARTESIAN_POINT('',(0.00187171535639949,0.0238094446570104,-0.00979771238748822));
#11027=CARTESIAN_POINT('',(0.00206334994648323,0.0237387321748631,-0.0099746366828313));
#11028=CARTESIAN_POINT('',(0.0020685856684129,0.023462197844512,-0.00985844136729252));
#11029=CARTESIAN_POINT('',(0.00257137881085357,0.0239427323176152,-0.00949858415850135));
#11030=CARTESIAN_POINT('',(0.00238222255277025,0.0240088323925821,-0.00932301455279954));
#11031=CARTESIAN_POINT('',(0.00236448249842879,0.0237707841924661,-0.00920472532580685));
#11032=CARTESIAN_POINT('',(0.0024022524230442,0.0238763335178388,-0.00965794770057893));
#11033=CARTESIAN_POINT('',(0.00221192505941356,0.0239438207478385,-0.00948224199563843));
#11034=CARTESIAN_POINT('',(0.00219535611061947,0.0237051266564187,-0.00936222039162904));
#11035=CARTESIAN_POINT('',(0.00223289800409149,0.0238083288736894,-0.00981664261968333));
#11036=CARTESIAN_POINT('',(0.00204173952130383,0.0238773453948167,-0.00964048622653875));
#11037=CARTESIAN_POINT('',(0.00202600169166656,0.0236378821879666,-0.00951905396101842));
#11038=CARTESIAN_POINT('',(0.00206334994648173,0.0237387321748626,-0.00997463668283251));
#11039=CARTESIAN_POINT('',(0.0018717153563981,0.0238094446570098,-0.00979771238748945));
#11040=CARTESIAN_POINT('',(0.00185645363405695,0.0235690644431183,-0.00967519418422461));
#11041=CARTESIAN_POINT('',(0.0016,0.0128,6.81394667223097E-19));
#11042=CARTESIAN_POINT('',(0.0016,0.0128,6.81394667223097E-19));
#11043=CARTESIAN_POINT('',(0.0016,0.0128,0.000300000000000001));
#11044=CARTESIAN_POINT('',(0.0016,0.0182140097022056,-3.46944695195361E-18));
#11045=CARTESIAN_POINT('',(0.0016,0.0143,5.03820881346731E-19));
#11046=CARTESIAN_POINT('',(0.0016,0.0143,5.03820881346731E-19));
#11047=CARTESIAN_POINT('',(0.0016,0.0143,0.000400000000000001));
#11048=CARTESIAN_POINT('',(0.0016,0.0182140097022056,-3.46944695195361E-18));
#11049=CARTESIAN_POINT('',(0.,0.,0.));
#11050=CARTESIAN_POINT('',(0.015,0.0166699368550342,-0.0171310904157305));
#11051=CARTESIAN_POINT('',(0.01065,0.019173274273335,-0.0146146111179741));
#11052=CARTESIAN_POINT('',(0.01065,0.0144403891002717,-0.0193723427244294));
#11053=CARTESIAN_POINT('',(0.01065,0.0194476865281893,-0.0143387582691559));
#11054=CARTESIAN_POINT('',(0.00975,0.0194476865281893,-0.0143387582691559));
#11055=CARTESIAN_POINT('',(0.00975,0.0200824143711647,-0.0137006982677832));
#11056=CARTESIAN_POINT('',(0.0042,0.0200824143711647,-0.0137006982677832));
#11057=CARTESIAN_POINT('',(0.0052,0.0200824143711647,-0.0137006982677832));
#11058=CARTESIAN_POINT('',(0.0052,0.0194476865281893,-0.0143387582691559));
#11059=CARTESIAN_POINT('',(0.0043,0.0194476865281893,-0.0143387582691559));
#11060=CARTESIAN_POINT('',(0.0043,0.019173274273335,-0.0146146111179741));
#11061=CARTESIAN_POINT('',(0.0043,0.0144403891002717,-0.0193723427244294));
#11062=CARTESIAN_POINT('',(0.0052,0.0144403891002717,-0.0193723427244294));
#11063=CARTESIAN_POINT('',(0.0052,0.0138056612572963,-0.0200104027258021));
#11064=CARTESIAN_POINT('',(0.0042,0.0138056612572963,-0.0200104027258021));
#11065=CARTESIAN_POINT('',(0.00975,0.0138056612572963,-0.0200104027258021));
#11066=CARTESIAN_POINT('',(0.00975,0.0144403891002717,-0.0193723427244294));
#11067=CARTESIAN_POINT('',(0.0042,0.0135235599937516,-0.0202939849486344));
#11068=CARTESIAN_POINT('',(0.0049,0.0135235599937516,-0.0202939849486344));
#11069=CARTESIAN_POINT('',(0.01005,0.0135235599937516,-0.0202939849486344));
#11070=CARTESIAN_POINT('',(0.0049,0.0142288131526133,-0.0195850293915537));
#11071=CARTESIAN_POINT('',(0.0039,0.0142288131526133,-0.0195850293915537));
#11072=CARTESIAN_POINT('',(0.0039,0.019173274273335,-0.0146146111179741));
#11073=CARTESIAN_POINT('',(0.0039,0.0196592624758477,-0.0141260716020317));
#11074=CARTESIAN_POINT('',(0.0049,0.0196592624758477,-0.0141260716020317));
#11075=CARTESIAN_POINT('',(0.0049,0.0203645156347094,-0.0134171160449509));
#11076=CARTESIAN_POINT('',(0.0042,0.0203645156347094,-0.0134171160449509));
#11077=CARTESIAN_POINT('',(0.01005,0.0203645156347094,-0.0134171160449509));
#11078=CARTESIAN_POINT('',(0.01005,0.0196592624758477,-0.0141260716020317));
#11079=CARTESIAN_POINT('',(0.01105,0.0196592624758477,-0.0141260716020317));
#11080=CARTESIAN_POINT('',(0.01105,0.019173274273335,-0.0146146111179741));
#11081=CARTESIAN_POINT('',(0.01105,0.0142288131526133,-0.0195850293915537));
#11082=CARTESIAN_POINT('',(0.01005,0.0142288131526133,-0.0195850293915537));
#11083=CARTESIAN_POINT('',(0.01105,0.00448194019496441,0.));
#11084=CARTESIAN_POINT('',(0.01105,0.0181098409377138,-0.0135567313796816));
#11085=CARTESIAN_POINT('',(0.01105,0.0131653798169921,-0.0185271496532612));
#11086=CARTESIAN_POINT('',(0.01105,0.0185958291402266,-0.0130681918637393));
#11087=CARTESIAN_POINT('',(0.01105,-0.00046252092575731,-0.00497041827357956));
#11088=CARTESIAN_POINT('',(0.01105,0.0185958291402266,-0.0130681918637392));
#11089=CARTESIAN_POINT('',(0.0039,0.00448194019496441,0.));
#11090=CARTESIAN_POINT('',(0.0039,0.0131653798169921,-0.0185271496532612));
#11091=CARTESIAN_POINT('',(0.0039,0.0131653798169921,-0.0185271496532612));
#11092=CARTESIAN_POINT('',(0.0039,0.0181098409377138,-0.0135567313796816));
#11093=CARTESIAN_POINT('',(0.0039,0.0185958291402266,-0.0130681918637393));
#11094=CARTESIAN_POINT('',(0.0039,0.00496792839747714,0.000488539515942389));
#11095=CARTESIAN_POINT('',(0.0042,0.0149018026822279,-0.0216650300021892));
#11096=CARTESIAN_POINT('',(0.0042,0.0124601266581305,-0.019236105210342));
#11097=CARTESIAN_POINT('',(0.0049,0.0124601266581305,-0.019236105210342));
#11098=CARTESIAN_POINT('',(0.01005,0.0124601266581305,-0.019236105210342));
#11099=CARTESIAN_POINT('',(0.0049,0.0135235599937516,-0.0202939849486344));
#11100=CARTESIAN_POINT('',(0.01005,0.0149018026822279,-0.0216650300021892));
#11101=CARTESIAN_POINT('',(0.0042,0.0217427583231856,-0.0147881610985057));
#11102=CARTESIAN_POINT('',(0.0049,0.0217427583231856,-0.0147881610985057));
#11103=CARTESIAN_POINT('',(0.0049,0.0193010822990882,-0.0123592363066585));
#11104=CARTESIAN_POINT('',(0.0042,0.0193010822990882,-0.0123592363066585));
#11105=CARTESIAN_POINT('',(0.01005,0.0193010822990882,-0.0123592363066585));
#11106=CARTESIAN_POINT('',(0.01005,0.0203645156347094,-0.0134171160449509));
#11107=CARTESIAN_POINT('',(0.015,0.015606503519413,-0.0160732106774381));
#11108=CARTESIAN_POINT('',(0.0049,0.0131653798169921,-0.0185271496532612));
#11109=CARTESIAN_POINT('',(0.01005,0.0131653798169921,-0.0185271496532612));
#11110=CARTESIAN_POINT('',(0.01005,0.0185958291402266,-0.0130681918637393));
#11111=CARTESIAN_POINT('',(0.0049,0.0185958291402266,-0.0130681918637393));
#11112=CARTESIAN_POINT('',(0.0049,-0.00046252092575731,-0.00497041827357956));
#11113=CARTESIAN_POINT('',(0.0049,0.021037505164324,-0.0154971166555865));
#11114=CARTESIAN_POINT('',(0.01005,0.0156070558410895,-0.0209560744451084));
#11115=CARTESIAN_POINT('',(0.01005,0.00496792839747714,0.00048853951594239));
#11116=CARTESIAN_POINT('',(0.0042,0.0214606570596409,-0.015071743321338));
#11117=CARTESIAN_POINT('',(0.00975,0.0214606570596409,-0.015071743321338));
#11118=CARTESIAN_POINT('',(0.00975,0.0211502737395574,-0.0147629809246538));
#11119=CARTESIAN_POINT('',(0.0052,0.0211502737395574,-0.0147629809246538));
#11120=CARTESIAN_POINT('',(0.0052,0.0211502737395574,-0.0147629809246538));
#11121=CARTESIAN_POINT('',(0.0052,0.0214606570596409,-0.015071743321338));
#11122=CARTESIAN_POINT('',(0.0042,0.0151839039457725,-0.0213814477793569));
#11123=CARTESIAN_POINT('',(0.0052,0.0151839039457725,-0.0213814477793569));
#11124=CARTESIAN_POINT('',(0.0052,0.014873520625689,-0.0210726853826727));
#11125=CARTESIAN_POINT('',(0.0042,0.014873520625689,-0.0210726853826727));
#11126=CARTESIAN_POINT('',(0.00975,0.014873520625689,-0.0210726853826727));
#11127=CARTESIAN_POINT('',(0.00975,0.0151839039457725,-0.0213814477793569));
#11128=CARTESIAN_POINT('',(0.0042,-6.59194920871187E-17,8.50014503228636E-17));
#11129=CARTESIAN_POINT('',(0.0042,0.0177654551343962,-0.0212527316801336));
#11130=CARTESIAN_POINT('',(0.01015,0.0177654551343962,-0.0212527316801336));
#11131=CARTESIAN_POINT('',(0.0048,0.0177654551343962,-0.0212527316801336));
#11132=CARTESIAN_POINT('',(0.0048,-6.59194920871187E-17,8.50014503228636E-17));
#11133=CARTESIAN_POINT('',(0.0048,0.0213454596334787,-0.0176539330755368));
#11134=CARTESIAN_POINT('',(0.0042,0.0213454596334787,-0.0176539330755368));
#11135=CARTESIAN_POINT('',(0.01015,0.0213454596334787,-0.0176539330755368));
#11136=CARTESIAN_POINT('',(0.01015,-6.59194920871187E-17,8.50014503228636E-17));
#11137=CARTESIAN_POINT('',(0.0043,0.00448194019496441,0.));
#11138=CARTESIAN_POINT('',(0.0043,0.0168034268780209,-0.020101861733556));
#11139=CARTESIAN_POINT('',(0.0043,0.0174447790489378,-0.0208691083646078));
#11140=CARTESIAN_POINT('',(0.0043,0.016547137504888,-0.0210684618355729));
#11141=CARTESIAN_POINT('',(0.0043,0.016547137504888,-0.0210684618355729));
#11142=CARTESIAN_POINT('',(0.0043,0.0159994272867333,-0.0209232391026387));
#11143=CARTESIAN_POINT('',(0.0043,0.0158186317887479,-0.0207433877779842));
#11144=CARTESIAN_POINT('',(0.0043,0.00475635244981865,0.000275852848818154));
#11145=CARTESIAN_POINT('',(0.0043,0.0210067247146508,-0.0158896546473652));
#11146=CARTESIAN_POINT('',(0.0043,0.0212227760893298,-0.0166876073287964));
#11147=CARTESIAN_POINT('',(0.0043,0.0211548132478001,-0.0164365969766666));
#11148=CARTESIAN_POINT('',(0.0043,0.0201895683175863,-0.0166979439198219));
#11149=CARTESIAN_POINT('',(0.0043,0.0209601625281812,-0.0173352700236318));
#11150=CARTESIAN_POINT('',(0.0043,-6.59194920871187E-17,8.50014503228636E-17));
#11151=CARTESIAN_POINT('',(0.01065,0.00448194019496441,0.));
#11152=CARTESIAN_POINT('',(0.01065,-0.000250944978098824,-0.00475773160645533));
#11153=CARTESIAN_POINT('',(0.01065,0.0159994272867333,-0.0209232391026387));
#11154=CARTESIAN_POINT('',(0.01065,5.5157520782969E-5,-0.0166956925765704));
#11155=CARTESIAN_POINT('',(0.01065,0.016547137504888,-0.0210684618355729));
#11156=CARTESIAN_POINT('',(0.01065,0.0168034268780209,-0.020101861733556));
#11157=CARTESIAN_POINT('',(0.01065,0.0174447790489378,-0.0208691083646078));
#11158=CARTESIAN_POINT('',(0.01065,-6.59194920871187E-17,8.50014503228636E-17));
#11159=CARTESIAN_POINT('',(0.01065,0.0209601625281812,-0.0173352700236318));
#11160=CARTESIAN_POINT('',(0.01065,0.0201895683175863,-0.0166979439198219));
#11161=CARTESIAN_POINT('',(0.01065,0.0211548132478001,-0.0164365969766666));
#11162=CARTESIAN_POINT('',(0.01065,0.0158696603180859,0.00308330637181035));
#11163=CARTESIAN_POINT('',(0.01065,0.0210067247146508,-0.0158896546473652));
#11164=CARTESIAN_POINT('',(0.01065,0.0208259292166654,-0.0157098033227107));
#11165=CARTESIAN_POINT('',(0.00975,0.0208259292166654,-0.0157098033227107));
#11166=CARTESIAN_POINT('',(0.00975,0.0210067247146508,-0.0158896546473652));
#11167=CARTESIAN_POINT('',(0.00975,-0.000250944978098827,-0.00475773160645533));
#11168=CARTESIAN_POINT('',(0.00975,0.0159994272867333,-0.0209232391026387));
#11169=CARTESIAN_POINT('',(0.0052,0.00475635244981865,0.000275852848818156));
#11170=CARTESIAN_POINT('',(0.0052,0.0210067247146508,-0.0158896546473652));
#11171=CARTESIAN_POINT('',(0.0052,0.0158186317887479,-0.0207433877779842));
#11172=CARTESIAN_POINT('',(0.0052,0.0159994272867333,-0.0209232391026387));
#11173=CARTESIAN_POINT('',(0.0042,0.021836835690652,-0.0170423768007712));
#11174=CARTESIAN_POINT('',(0.0042,0.0216374357129069,-0.0163059235050889));
#11175=CARTESIAN_POINT('',(0.01015,0.0216374357129069,-0.0163059235050889));
#11176=CARTESIAN_POINT('',(0.0048,0.0216374357129069,-0.0163059235050889));
#11177=CARTESIAN_POINT('',(0.0048,0.0216374357129069,-0.0163059235050889));
#11178=CARTESIAN_POINT('',(0.0048,0.0214893471797577,-0.0157589811757875));
#11179=CARTESIAN_POINT('',(0.0052,0.0214893471797577,-0.0157589811757875));
#11180=CARTESIAN_POINT('',(0.0052,0.0212802696252334,-0.0149867852316165));
#11181=CARTESIAN_POINT('',(0.00975,0.0212802696252334,-0.0149867852316165));
#11182=CARTESIAN_POINT('',(0.00975,0.0212802696252334,-0.0149867852316165));
#11183=CARTESIAN_POINT('',(0.00975,0.0214893471797577,-0.0157589811757875));
#11184=CARTESIAN_POINT('',(0.01015,0.0214893471797577,-0.0157589811757875));
#11185=CARTESIAN_POINT('',(0.01015,0.021836835690652,-0.0170423768007712));
#11186=CARTESIAN_POINT('',(0.0042,0.0149685026601836,-0.0211671713898609));
#11187=CARTESIAN_POINT('',(0.0042,0.0164189928183215,-0.0215517618865813));
#11188=CARTESIAN_POINT('',(0.0048,0.0164189928183215,-0.0215517618865813));
#11189=CARTESIAN_POINT('',(0.01015,0.0164189928183215,-0.0215517618865813));
#11190=CARTESIAN_POINT('',(0.01015,0.0149685026601836,-0.0211671713898609));
#11191=CARTESIAN_POINT('',(0.01015,0.0158712826001668,-0.0214065391536471));
#11192=CARTESIAN_POINT('',(0.00975,0.0158712826001668,-0.0214065391536471));
#11193=CARTESIAN_POINT('',(0.00975,0.0150980025185533,-0.0212015076551407));
#11194=CARTESIAN_POINT('',(0.0042,0.0150980025185533,-0.0212015076551407));
#11195=CARTESIAN_POINT('',(0.0052,0.0150980025185533,-0.0212015076551407));
#11196=CARTESIAN_POINT('',(0.0052,0.0158712826001668,-0.0214065391536471));
#11197=CARTESIAN_POINT('',(0.0048,0.0158712826001668,-0.0214065391536471));
#11198=CARTESIAN_POINT('',(0.0048,0.0166703555806437,-0.0216184095153682));
#11199=CARTESIAN_POINT('',(0.0042,0.0201895683175863,-0.0166979439198219));
#11200=CARTESIAN_POINT('',(0.0048,0.0201895683175863,-0.0166979439198219));
#11201=CARTESIAN_POINT('',(0.01015,0.0201895683175863,-0.0166979439198219));
#11202=CARTESIAN_POINT('',(0.0042,0.0168034268780209,-0.020101861733556));
#11203=CARTESIAN_POINT('',(0.01015,0.0168034268780209,-0.020101861733556));
#11204=CARTESIAN_POINT('',(0.0048,0.0168034268780209,-0.020101861733556));
#11205=CARTESIAN_POINT('',(0.0048,0.0201895683175863,-0.0166979439198219));
#11206=CARTESIAN_POINT('',(0.0048,0.0211548132478001,-0.0164365969766666));
#11207=CARTESIAN_POINT('',(0.0048,0.0209601625281812,-0.0173352700236318));
#11208=CARTESIAN_POINT('',(0.0048,-6.59194920871187E-17,8.50014503228636E-17));
#11209=CARTESIAN_POINT('',(0.0048,0.0174447790489378,-0.0208691083646078));
#11210=CARTESIAN_POINT('',(0.0048,0.0158696603180859,0.00308330637181035));
#11211=CARTESIAN_POINT('',(0.0048,0.0210067247146508,-0.0158896546473652));
#11212=CARTESIAN_POINT('',(0.0048,0.0168034268780209,-0.020101861733556));
#11213=CARTESIAN_POINT('',(0.0048,0.016547137504888,-0.0210684618355729));
#11214=CARTESIAN_POINT('',(0.0052,0.0212802696252335,-0.0149867852316165));
#11215=CARTESIAN_POINT('',(0.0052,0.0212452557740521,-0.014857466931842));
#11216=CARTESIAN_POINT('',(0.0052,0.0211502737395574,-0.0147629809246538));
#11217=CARTESIAN_POINT('',(0.00509528002671469,0.0212802696254473,-0.0149867852324062));
#11218=CARTESIAN_POINT('',(0.00502513089588144,0.0212452557745569,-0.0148574669337042));
#11219=CARTESIAN_POINT('',(0.00496438006010804,0.0211502737400596,-0.0147629809251534));
#11220=CARTESIAN_POINT('',(0.00488667456166775,0.0213255738458595,-0.01515410943579));
#11221=CARTESIAN_POINT('',(0.00465272215115471,0.0213004219236468,-0.0150612146610969));
#11222=CARTESIAN_POINT('',(0.00449501776381018,0.0211191686466284,-0.0150071155716835));
#11223=CARTESIAN_POINT('',(0.00480000000005132,0.0214346107754725,-0.0155568206450518));
#11224=CARTESIAN_POINT('',(0.00440181988241856,0.0214248205475015,-0.0155206619366336));
#11225=CARTESIAN_POINT('',(0.00429999999999999,0.0210443057810634,-0.0155946920028847));
#11226=CARTESIAN_POINT('',(0.0048,0.0214893471797577,-0.0157589811757876));
#11227=CARTESIAN_POINT('',(0.00429999999999999,0.0214893471797577,-0.0157589811757876));
#11228=CARTESIAN_POINT('',(0.0043,0.0210067247146508,-0.0158896546473652));
#11229=CARTESIAN_POINT('',(0.0052,0.0207976471601265,-0.0151174587031942));
#11230=CARTESIAN_POINT('',(0.0048,5.51575207829698E-5,-0.0166956925765704));
#11231=CARTESIAN_POINT('',(0.0048,0.0159994272867333,-0.0209232391026387));
#11232=CARTESIAN_POINT('',(0.0042,0.0207976471601265,-0.0151174587031941));
#11233=CARTESIAN_POINT('',(0.00975,0.0207976471601265,-0.0151174587031941));
#11234=CARTESIAN_POINT('',(0.0048,0.0158712826001668,-0.0214065391536471));
#11235=CARTESIAN_POINT('',(0.00429999999999998,0.0158712826001668,-0.0214065391536471));
#11236=CARTESIAN_POINT('',(0.0043,0.0159994272867333,-0.0209232391026386));
#11237=CARTESIAN_POINT('',(0.00480000000005132,0.0156688382427627,-0.0213528620049016));
#11238=CARTESIAN_POINT('',(0.00440181988241822,0.0156326287687185,-0.021343261236823));
#11239=CARTESIAN_POINT('',(0.00429999999999999,0.0157046654586301,-0.0209623640676377));
#11240=CARTESIAN_POINT('',(0.00488667456166781,0.0152655616403493,-0.0212459351512668));
#11241=CARTESIAN_POINT('',(0.00465272215115493,0.0151725364444806,-0.0212212699675105));
#11242=CARTESIAN_POINT('',(0.00449501776381029,0.0151174890610408,-0.0210403024359425));
#11243=CARTESIAN_POINT('',(0.00509528002671458,0.0150980025193442,-0.0212015076553504));
#11244=CARTESIAN_POINT('',(0.00502513089588116,0.014968502662048,-0.0211671713903558));
#11245=CARTESIAN_POINT('',(0.00496438006010781,0.0148735206261914,-0.0210726853831725));
#11246=CARTESIAN_POINT('',(0.0052,0.0150980025185533,-0.0212015076551407));
#11247=CARTESIAN_POINT('',(0.0052,0.0149685026601836,-0.0211671713898609));
#11248=CARTESIAN_POINT('',(0.0052,0.014873520625689,-0.0210726853826726));
#11249=CARTESIAN_POINT('',(0.0052,0.0152261472051198,-0.0207182076041323));
#11250=CARTESIAN_POINT('',(0.01015,0.0214893471797577,-0.0157589811757876));
#11251=CARTESIAN_POINT('',(0.01065,0.0214893471797577,-0.0157589811757876));
#11252=CARTESIAN_POINT('',(0.01065,0.0210067247146508,-0.0158896546473652));
#11253=CARTESIAN_POINT('',(0.0101499999999493,0.0214346107754721,-0.0155568206450504));
#11254=CARTESIAN_POINT('',(0.0105481801175816,0.0214248205475018,-0.0155206619366324));
#11255=CARTESIAN_POINT('',(0.01065,0.0210443057810645,-0.0155946920028829));
#11256=CARTESIAN_POINT('',(0.010063325438332,0.0213255738458597,-0.0151541094357907));
#11257=CARTESIAN_POINT('',(0.0102972778488452,0.0213004219236471,-0.0150612146610972));
#11258=CARTESIAN_POINT('',(0.01045498223619,0.0211191686466279,-0.0150071155716845));
#11259=CARTESIAN_POINT('',(0.00985471997328511,0.0212802696254473,-0.0149867852324062));
#11260=CARTESIAN_POINT('',(0.00992486910411838,0.0212452557745558,-0.0148574669337043));
#11261=CARTESIAN_POINT('',(0.0099856199398916,0.0211502737400595,-0.0147629809251533));
#11262=CARTESIAN_POINT('',(0.00975,0.0212802696252335,-0.0149867852316165));
#11263=CARTESIAN_POINT('',(0.00975,0.0212452557740521,-0.014857466931842));
#11264=CARTESIAN_POINT('',(0.00975,0.0211502737395574,-0.0147629809246538));
#11265=CARTESIAN_POINT('',(0.01015,0.0210067247146508,-0.0158896546473652));
#11266=CARTESIAN_POINT('',(0.0042,0.0152261472051198,-0.0207182076041323));
#11267=CARTESIAN_POINT('',(0.00975,0.0152261472051198,-0.0207182076041323));
#11268=CARTESIAN_POINT('',(0.01015,0.0158696603180859,0.00308330637181035));
#11269=CARTESIAN_POINT('',(0.01015,0.0211548132478001,-0.0164365969766666));
#11270=CARTESIAN_POINT('',(0.00975,0.0150980025185533,-0.0212015076551407));
#11271=CARTESIAN_POINT('',(0.00975,0.0149685026601836,-0.0211671713898609));
#11272=CARTESIAN_POINT('',(0.00975,0.0148735206256889,-0.0210726853826726));
#11273=CARTESIAN_POINT('',(0.00985471997328549,0.0150980025193442,-0.0212015076553504));
#11274=CARTESIAN_POINT('',(0.00992486910411879,0.0149685026620469,-0.0211671713903543));
#11275=CARTESIAN_POINT('',(0.00998561993989237,0.0148735206261917,-0.0210726853831728));
#11276=CARTESIAN_POINT('',(0.0100633254383318,0.0152655616403487,-0.0212459351512666));
#11277=CARTESIAN_POINT('',(0.0102972778488447,0.0151725364444794,-0.0212212699675111));
#11278=CARTESIAN_POINT('',(0.0104549822361896,0.0151174890610388,-0.0210403024359423));
#11279=CARTESIAN_POINT('',(0.0101499999999493,0.015668838242764,-0.0213528620049019));
#11280=CARTESIAN_POINT('',(0.0105481801175829,0.0156326287687228,-0.0213432612368236));
#11281=CARTESIAN_POINT('',(0.01065,0.0157046654586337,-0.0209623640676376));
#11282=CARTESIAN_POINT('',(0.01015,0.0158712826001668,-0.0214065391536471));
#11283=CARTESIAN_POINT('',(0.01065,0.0158712826001668,-0.0214065391536471));
#11284=CARTESIAN_POINT('',(0.01065,0.0159994272867333,-0.0209232391026386));
#11285=CARTESIAN_POINT('',(0.01015,0.0159994272867333,-0.0209232391026387));
#11286=CARTESIAN_POINT('',(0.01015,0.0201895683175863,-0.0166979439198219));
#11287=CARTESIAN_POINT('',(0.01015,0.0209601625281812,-0.0173352700236318));
#11288=CARTESIAN_POINT('',(0.01015,5.51575207829698E-5,-0.0166956925765704));
#11289=CARTESIAN_POINT('',(0.01015,0.016547137504888,-0.0210684618355729));
#11290=CARTESIAN_POINT('',(0.01015,-6.59194920871187E-17,8.50014503228636E-17));
#11291=CARTESIAN_POINT('',(0.01015,0.0174447790489378,-0.0208691083646078));
#11292=CARTESIAN_POINT('',(0.01015,0.0168034268780209,-0.020101861733556));
#11293=CARTESIAN_POINT('',(0.,0.,0.));
#11294=CARTESIAN_POINT('',(0.015,0.0166699368550342,0.0171310904157305));
#11295=CARTESIAN_POINT('',(0.01065,0.019173274273335,0.0146146111179741));
#11296=CARTESIAN_POINT('',(0.01065,0.0144403891002717,0.0193723427244294));
#11297=CARTESIAN_POINT('',(0.01065,0.0194476865281893,0.0143387582691559));
#11298=CARTESIAN_POINT('',(0.00975,0.0144403891002717,0.0193723427244294));
#11299=CARTESIAN_POINT('',(0.00975,0.0138056612572963,0.0200104027258021));
#11300=CARTESIAN_POINT('',(0.0042,0.0138056612572963,0.0200104027258021));
#11301=CARTESIAN_POINT('',(0.0052,0.0138056612572963,0.0200104027258021));
#11302=CARTESIAN_POINT('',(0.0052,0.0144403891002717,0.0193723427244294));
#11303=CARTESIAN_POINT('',(0.0043,0.0144403891002717,0.0193723427244294));
#11304=CARTESIAN_POINT('',(0.0043,0.019173274273335,0.0146146111179741));
#11305=CARTESIAN_POINT('',(0.0043,0.0194476865281893,0.0143387582691559));
#11306=CARTESIAN_POINT('',(0.0052,0.0194476865281893,0.0143387582691559));
#11307=CARTESIAN_POINT('',(0.0052,0.0200824143711647,0.0137006982677832));
#11308=CARTESIAN_POINT('',(0.0042,0.0200824143711647,0.0137006982677832));
#11309=CARTESIAN_POINT('',(0.00975,0.0200824143711647,0.0137006982677832));
#11310=CARTESIAN_POINT('',(0.00975,0.0194476865281893,0.0143387582691559));
#11311=CARTESIAN_POINT('',(0.0042,0.0135235599937516,0.0202939849486344));
#11312=CARTESIAN_POINT('',(0.0049,0.0135235599937516,0.0202939849486344));
#11313=CARTESIAN_POINT('',(0.01005,0.0135235599937516,0.0202939849486344));
#11314=CARTESIAN_POINT('',(0.01005,0.0142288131526133,0.0195850293915537));
#11315=CARTESIAN_POINT('',(0.01105,0.0142288131526133,0.0195850293915537));
#11316=CARTESIAN_POINT('',(0.01105,0.019173274273335,0.0146146111179741));
#11317=CARTESIAN_POINT('',(0.01105,0.0196592624758477,0.0141260716020317));
#11318=CARTESIAN_POINT('',(0.01005,0.0196592624758477,0.0141260716020317));
#11319=CARTESIAN_POINT('',(0.01005,0.0203645156347094,0.0134171160449509));
#11320=CARTESIAN_POINT('',(0.0042,0.0203645156347094,0.0134171160449509));
#11321=CARTESIAN_POINT('',(0.0049,0.0203645156347094,0.0134171160449509));
#11322=CARTESIAN_POINT('',(0.0049,0.0196592624758477,0.0141260716020317));
#11323=CARTESIAN_POINT('',(0.0039,0.0196592624758477,0.0141260716020317));
#11324=CARTESIAN_POINT('',(0.0039,0.019173274273335,0.0146146111179741));
#11325=CARTESIAN_POINT('',(0.0039,0.0142288131526133,0.0195850293915537));
#11326=CARTESIAN_POINT('',(0.0049,0.0142288131526133,0.0195850293915537));
#11327=CARTESIAN_POINT('',(0.01105,0.00448194019496441,0.));
#11328=CARTESIAN_POINT('',(0.01105,0.0181098409377138,0.0135567313796816));
#11329=CARTESIAN_POINT('',(0.01105,0.0131653798169921,0.0185271496532612));
#11330=CARTESIAN_POINT('',(0.01105,0.0185958291402266,0.0130681918637393));
#11331=CARTESIAN_POINT('',(0.01105,0.0185958291402266,0.0130681918637392));
#11332=CARTESIAN_POINT('',(0.01105,-0.00046252092575731,0.00497041827357956));
#11333=CARTESIAN_POINT('',(0.0039,0.00448194019496441,0.));
#11334=CARTESIAN_POINT('',(0.0039,0.00496792839747714,-0.000488539515942389));
#11335=CARTESIAN_POINT('',(0.0039,0.0185958291402266,0.0130681918637393));
#11336=CARTESIAN_POINT('',(0.0039,0.0181098409377138,0.0135567313796816));
#11337=CARTESIAN_POINT('',(0.0039,0.0131653798169921,0.0185271496532612));
#11338=CARTESIAN_POINT('',(0.0039,0.0131653798169921,0.0185271496532612));
#11339=CARTESIAN_POINT('',(0.0042,0.0149018026822279,0.0216650300021892));
#11340=CARTESIAN_POINT('',(0.0042,0.0124601266581305,0.019236105210342));
#11341=CARTESIAN_POINT('',(0.0049,0.0124601266581305,0.019236105210342));
#11342=CARTESIAN_POINT('',(0.01005,0.0124601266581305,0.019236105210342));
#11343=CARTESIAN_POINT('',(0.01005,0.0149018026822279,0.0216650300021892));
#11344=CARTESIAN_POINT('',(0.0049,0.0135235599937516,0.0202939849486344));
#11345=CARTESIAN_POINT('',(0.0042,0.0217427583231856,0.0147881610985057));
#11346=CARTESIAN_POINT('',(0.01005,0.0203645156347094,0.0134171160449509));
#11347=CARTESIAN_POINT('',(0.01005,0.0193010822990882,0.0123592363066585));
#11348=CARTESIAN_POINT('',(0.0042,0.0193010822990882,0.0123592363066585));
#11349=CARTESIAN_POINT('',(0.0049,0.0193010822990882,0.0123592363066585));
#11350=CARTESIAN_POINT('',(0.0049,0.0217427583231856,0.0147881610985057));
#11351=CARTESIAN_POINT('',(0.015,0.015606503519413,0.0160732106774381));
#11352=CARTESIAN_POINT('',(0.0049,0.0185958291402266,0.0130681918637393));
#11353=CARTESIAN_POINT('',(0.01005,0.0185958291402266,0.0130681918637393));
#11354=CARTESIAN_POINT('',(0.01005,0.0131653798169921,0.0185271496532612));
#11355=CARTESIAN_POINT('',(0.0049,0.0131653798169921,0.0185271496532612));
#11356=CARTESIAN_POINT('',(0.0049,-0.00046252092575731,0.00497041827357956));
#11357=CARTESIAN_POINT('',(0.0049,0.021037505164324,0.0154971166555865));
#11358=CARTESIAN_POINT('',(0.01005,0.0156070558410895,0.0209560744451084));
#11359=CARTESIAN_POINT('',(0.01005,0.00496792839747714,-0.00048853951594239));
#11360=CARTESIAN_POINT('',(0.0042,0.0214606570596409,0.015071743321338));
#11361=CARTESIAN_POINT('',(0.00975,0.0214606570596409,0.015071743321338));
#11362=CARTESIAN_POINT('',(0.00975,0.0211502737395574,0.0147629809246538));
#11363=CARTESIAN_POINT('',(0.0052,0.0214606570596409,0.015071743321338));
#11364=CARTESIAN_POINT('',(0.0052,0.0211502737395574,0.0147629809246538));
#11365=CARTESIAN_POINT('',(0.0052,0.0211502737395574,0.0147629809246538));
#11366=CARTESIAN_POINT('',(0.0042,0.0151839039457725,0.0213814477793569));
#11367=CARTESIAN_POINT('',(0.0052,0.0151839039457725,0.0213814477793569));
#11368=CARTESIAN_POINT('',(0.0052,0.014873520625689,0.0210726853826727));
#11369=CARTESIAN_POINT('',(0.00975,0.0151839039457725,0.0213814477793569));
#11370=CARTESIAN_POINT('',(0.00975,0.014873520625689,0.0210726853826727));
#11371=CARTESIAN_POINT('',(0.0042,0.014873520625689,0.0210726853826727));
#11372=CARTESIAN_POINT('',(0.0042,-6.59194920871187E-17,-8.50014503228636E-17));
#11373=CARTESIAN_POINT('',(0.0042,0.0177654551343962,0.0212527316801336));
#11374=CARTESIAN_POINT('',(0.01015,0.0177654551343962,0.0212527316801336));
#11375=CARTESIAN_POINT('',(0.0048,0.0177654551343962,0.0212527316801336));
#11376=CARTESIAN_POINT('',(0.01015,-6.59194920871187E-17,-8.50014503228636E-17));
#11377=CARTESIAN_POINT('',(0.01015,0.0213454596334787,0.0176539330755368));
#11378=CARTESIAN_POINT('',(0.0042,0.0213454596334787,0.0176539330755368));
#11379=CARTESIAN_POINT('',(0.0048,0.0213454596334787,0.0176539330755368));
#11380=CARTESIAN_POINT('',(0.0048,-6.59194920871187E-17,-8.50014503228636E-17));
#11381=CARTESIAN_POINT('',(0.0043,0.00448194019496441,0.));
#11382=CARTESIAN_POINT('',(0.0043,0.0168034268780209,0.020101861733556));
#11383=CARTESIAN_POINT('',(0.0043,0.0174447790489378,0.0208691083646078));
#11384=CARTESIAN_POINT('',(0.0043,0.016547137504888,0.0210684618355729));
#11385=CARTESIAN_POINT('',(0.0043,-6.59194920871187E-17,-8.50014503228636E-17));
#11386=CARTESIAN_POINT('',(0.0043,0.0209601625281812,0.0173352700236318));
#11387=CARTESIAN_POINT('',(0.0043,0.0201895683175863,0.0166979439198219));
#11388=CARTESIAN_POINT('',(0.0043,0.0211548132478001,0.0164365969766666));
#11389=CARTESIAN_POINT('',(0.0043,0.0212227760893298,0.0166876073287964));
#11390=CARTESIAN_POINT('',(0.0043,0.0210067247146508,0.0158896546473652));
#11391=CARTESIAN_POINT('',(0.0043,0.00475635244981865,-0.000275852848818154));
#11392=CARTESIAN_POINT('',(0.0043,0.0158186317887479,0.0207433877779842));
#11393=CARTESIAN_POINT('',(0.0043,0.0159994272867333,0.0209232391026387));
#11394=CARTESIAN_POINT('',(0.0043,0.016547137504888,0.0210684618355729));
#11395=CARTESIAN_POINT('',(0.01065,0.00448194019496441,0.));
#11396=CARTESIAN_POINT('',(0.01065,-0.000250944978098824,0.00475773160645533));
#11397=CARTESIAN_POINT('',(0.01065,0.0159994272867333,0.0209232391026387));
#11398=CARTESIAN_POINT('',(0.01065,0.0208259292166654,0.0157098033227107));
#11399=CARTESIAN_POINT('',(0.01065,0.0210067247146508,0.0158896546473652));
#11400=CARTESIAN_POINT('',(0.01065,0.0158696603180859,-0.00308330637181035));
#11401=CARTESIAN_POINT('',(0.01065,0.0211548132478001,0.0164365969766666));
#11402=CARTESIAN_POINT('',(0.01065,0.0201895683175863,0.0166979439198219));
#11403=CARTESIAN_POINT('',(0.01065,0.0209601625281812,0.0173352700236318));
#11404=CARTESIAN_POINT('',(0.01065,-6.59194920871187E-17,-8.50014503228636E-17));
#11405=CARTESIAN_POINT('',(0.01065,0.0174447790489378,0.0208691083646078));
#11406=CARTESIAN_POINT('',(0.01065,0.0168034268780209,0.020101861733556));
#11407=CARTESIAN_POINT('',(0.01065,0.016547137504888,0.0210684618355729));
#11408=CARTESIAN_POINT('',(0.01065,5.5157520782969E-5,0.0166956925765704));
#11409=CARTESIAN_POINT('',(0.00975,0.0208259292166654,0.0157098033227107));
#11410=CARTESIAN_POINT('',(0.00975,0.0210067247146508,0.0158896546473652));
#11411=CARTESIAN_POINT('',(0.00975,-0.000250944978098827,0.00475773160645533));
#11412=CARTESIAN_POINT('',(0.00975,0.0159994272867333,0.0209232391026387));
#11413=CARTESIAN_POINT('',(0.0052,0.00475635244981865,-0.000275852848818156));
#11414=CARTESIAN_POINT('',(0.0052,0.0210067247146508,0.0158896546473652));
#11415=CARTESIAN_POINT('',(0.0052,0.0158186317887479,0.0207433877779842));
#11416=CARTESIAN_POINT('',(0.0052,0.0159994272867333,0.0209232391026387));
#11417=CARTESIAN_POINT('',(0.0042,0.021836835690652,0.0170423768007712));
#11418=CARTESIAN_POINT('',(0.0042,0.0216374357129069,0.0163059235050889));
#11419=CARTESIAN_POINT('',(0.01015,0.0216374357129069,0.0163059235050889));
#11420=CARTESIAN_POINT('',(0.0048,0.0216374357129069,0.0163059235050889));
#11421=CARTESIAN_POINT('',(0.01015,0.021836835690652,0.0170423768007712));
#11422=CARTESIAN_POINT('',(0.01015,0.0214893471797577,0.0157589811757875));
#11423=CARTESIAN_POINT('',(0.00975,0.0214893471797577,0.0157589811757875));
#11424=CARTESIAN_POINT('',(0.00975,0.0212802696252334,0.0149867852316165));
#11425=CARTESIAN_POINT('',(0.00975,0.0212802696252334,0.0149867852316165));
#11426=CARTESIAN_POINT('',(0.0052,0.0212802696252334,0.0149867852316165));
#11427=CARTESIAN_POINT('',(0.0052,0.0214893471797577,0.0157589811757875));
#11428=CARTESIAN_POINT('',(0.0048,0.0214893471797577,0.0157589811757875));
#11429=CARTESIAN_POINT('',(0.0048,0.0216374357129069,0.0163059235050889));
#11430=CARTESIAN_POINT('',(0.0042,0.0149685026601836,0.0211671713898609));
#11431=CARTESIAN_POINT('',(0.0042,0.0164189928183215,0.0215517618865813));
#11432=CARTESIAN_POINT('',(0.0048,0.0164189928183215,0.0215517618865813));
#11433=CARTESIAN_POINT('',(0.01015,0.0164189928183215,0.0215517618865813));
#11434=CARTESIAN_POINT('',(0.0048,0.0166703555806437,0.0216184095153682));
#11435=CARTESIAN_POINT('',(0.0048,0.0158712826001668,0.0214065391536471));
#11436=CARTESIAN_POINT('',(0.0052,0.0158712826001668,0.0214065391536471));
#11437=CARTESIAN_POINT('',(0.0052,0.0150980025185533,0.0212015076551407));
#11438=CARTESIAN_POINT('',(0.0042,0.0150980025185533,0.0212015076551407));
#11439=CARTESIAN_POINT('',(0.00975,0.0150980025185533,0.0212015076551407));
#11440=CARTESIAN_POINT('',(0.00975,0.0158712826001668,0.0214065391536471));
#11441=CARTESIAN_POINT('',(0.01015,0.0158712826001668,0.0214065391536471));
#11442=CARTESIAN_POINT('',(0.01015,0.0149685026601836,0.0211671713898609));
#11443=CARTESIAN_POINT('',(0.0042,0.0201895683175863,0.0166979439198219));
#11444=CARTESIAN_POINT('',(0.01015,0.0201895683175863,0.0166979439198219));
#11445=CARTESIAN_POINT('',(0.0048,0.0201895683175863,0.0166979439198219));
#11446=CARTESIAN_POINT('',(0.0042,0.0168034268780209,0.020101861733556));
#11447=CARTESIAN_POINT('',(0.0048,0.0168034268780209,0.020101861733556));
#11448=CARTESIAN_POINT('',(0.01015,0.0168034268780209,0.020101861733556));
#11449=CARTESIAN_POINT('',(0.0048,0.0201895683175863,0.0166979439198219));
#11450=CARTESIAN_POINT('',(0.0048,0.0211548132478001,0.0164365969766666));
#11451=CARTESIAN_POINT('',(0.0048,0.0209601625281812,0.0173352700236318));
#11452=CARTESIAN_POINT('',(0.0048,-6.59194920871187E-17,-8.50014503228636E-17));
#11453=CARTESIAN_POINT('',(0.0048,0.0174447790489378,0.0208691083646078));
#11454=CARTESIAN_POINT('',(0.0048,0.0158696603180859,-0.00308330637181035));
#11455=CARTESIAN_POINT('',(0.0048,0.0210067247146508,0.0158896546473652));
#11456=CARTESIAN_POINT('',(0.0048,0.0168034268780209,0.020101861733556));
#11457=CARTESIAN_POINT('',(0.0048,0.016547137504888,0.0210684618355729));
#11458=CARTESIAN_POINT('',(0.0052,0.0211502737395574,0.0147629809246538));
#11459=CARTESIAN_POINT('',(0.0052,0.0212452557740521,0.014857466931842));
#11460=CARTESIAN_POINT('',(0.0052,0.0212802696252335,0.0149867852316165));
#11461=CARTESIAN_POINT('',(0.00496438006010804,0.0211502737400596,0.0147629809251534));
#11462=CARTESIAN_POINT('',(0.00502513089588144,0.0212452557745569,0.0148574669337042));
#11463=CARTESIAN_POINT('',(0.00509528002671469,0.0212802696254473,0.0149867852324062));
#11464=CARTESIAN_POINT('',(0.00449501776381018,0.0211191686466284,0.0150071155716835));
#11465=CARTESIAN_POINT('',(0.00465272215115471,0.0213004219236468,0.0150612146610969));
#11466=CARTESIAN_POINT('',(0.00488667456166775,0.0213255738458595,0.01515410943579));
#11467=CARTESIAN_POINT('',(0.00429999999999999,0.0210443057810634,0.0155946920028847));
#11468=CARTESIAN_POINT('',(0.00440181988241856,0.0214248205475015,0.0155206619366336));
#11469=CARTESIAN_POINT('',(0.00480000000005132,0.0214346107754725,0.0155568206450518));
#11470=CARTESIAN_POINT('',(0.0043,0.0210067247146508,0.0158896546473652));
#11471=CARTESIAN_POINT('',(0.00429999999999999,0.0214893471797577,0.0157589811757876));
#11472=CARTESIAN_POINT('',(0.0048,0.0214893471797577,0.0157589811757876));
#11473=CARTESIAN_POINT('',(0.0052,0.0207976471601265,0.0151174587031942));
#11474=CARTESIAN_POINT('',(0.0048,5.51575207829698E-5,0.0166956925765704));
#11475=CARTESIAN_POINT('',(0.0048,0.0159994272867333,0.0209232391026387));
#11476=CARTESIAN_POINT('',(0.0042,0.0207976471601265,0.0151174587031941));
#11477=CARTESIAN_POINT('',(0.00975,0.0207976471601265,0.0151174587031941));
#11478=CARTESIAN_POINT('',(0.0043,0.0159994272867333,0.0209232391026386));
#11479=CARTESIAN_POINT('',(0.00429999999999998,0.0158712826001668,0.0214065391536471));
#11480=CARTESIAN_POINT('',(0.0048,0.0158712826001668,0.0214065391536471));
#11481=CARTESIAN_POINT('',(0.00429999999999999,0.0157046654586301,0.0209623640676377));
#11482=CARTESIAN_POINT('',(0.00440181988241822,0.0156326287687185,0.021343261236823));
#11483=CARTESIAN_POINT('',(0.00480000000005132,0.0156688382427627,0.0213528620049016));
#11484=CARTESIAN_POINT('',(0.00449501776381029,0.0151174890610408,0.0210403024359425));
#11485=CARTESIAN_POINT('',(0.00465272215115493,0.0151725364444806,0.0212212699675105));
#11486=CARTESIAN_POINT('',(0.00488667456166781,0.0152655616403493,0.0212459351512668));
#11487=CARTESIAN_POINT('',(0.00496438006010781,0.0148735206261914,0.0210726853831725));
#11488=CARTESIAN_POINT('',(0.00502513089588116,0.014968502662048,0.0211671713903558));
#11489=CARTESIAN_POINT('',(0.00509528002671458,0.0150980025193442,0.0212015076553504));
#11490=CARTESIAN_POINT('',(0.0052,0.014873520625689,0.0210726853826726));
#11491=CARTESIAN_POINT('',(0.0052,0.0149685026601836,0.0211671713898609));
#11492=CARTESIAN_POINT('',(0.0052,0.0150980025185533,0.0212015076551407));
#11493=CARTESIAN_POINT('',(0.0052,0.0152261472051198,0.0207182076041323));
#11494=CARTESIAN_POINT('',(0.01065,0.0210067247146508,0.0158896546473652));
#11495=CARTESIAN_POINT('',(0.01065,0.0214893471797577,0.0157589811757876));
#11496=CARTESIAN_POINT('',(0.01015,0.0214893471797577,0.0157589811757876));
#11497=CARTESIAN_POINT('',(0.01065,0.0210443057810645,0.0155946920028829));
#11498=CARTESIAN_POINT('',(0.0105481801175816,0.0214248205475018,0.0155206619366324));
#11499=CARTESIAN_POINT('',(0.0101499999999493,0.0214346107754721,0.0155568206450504));
#11500=CARTESIAN_POINT('',(0.01045498223619,0.0211191686466279,0.0150071155716845));
#11501=CARTESIAN_POINT('',(0.0102972778488452,0.0213004219236471,0.0150612146610972));
#11502=CARTESIAN_POINT('',(0.010063325438332,0.0213255738458597,0.0151541094357907));
#11503=CARTESIAN_POINT('',(0.0099856199398916,0.0211502737400595,0.0147629809251533));
#11504=CARTESIAN_POINT('',(0.00992486910411838,0.0212452557745558,0.0148574669337043));
#11505=CARTESIAN_POINT('',(0.00985471997328511,0.0212802696254473,0.0149867852324062));
#11506=CARTESIAN_POINT('',(0.00975,0.0211502737395574,0.0147629809246538));
#11507=CARTESIAN_POINT('',(0.00975,0.0212452557740521,0.014857466931842));
#11508=CARTESIAN_POINT('',(0.00975,0.0212802696252335,0.0149867852316165));
#11509=CARTESIAN_POINT('',(0.01015,0.0210067247146508,0.0158896546473652));
#11510=CARTESIAN_POINT('',(0.0042,0.0152261472051198,0.0207182076041323));
#11511=CARTESIAN_POINT('',(0.00975,0.0152261472051198,0.0207182076041323));
#11512=CARTESIAN_POINT('',(0.01015,0.0158696603180859,-0.00308330637181035));
#11513=CARTESIAN_POINT('',(0.01015,0.0211548132478001,0.0164365969766666));
#11514=CARTESIAN_POINT('',(0.00975,0.0148735206256889,0.0210726853826726));
#11515=CARTESIAN_POINT('',(0.00975,0.0149685026601836,0.0211671713898609));
#11516=CARTESIAN_POINT('',(0.00975,0.0150980025185533,0.0212015076551407));
#11517=CARTESIAN_POINT('',(0.00998561993989237,0.0148735206261917,0.0210726853831728));
#11518=CARTESIAN_POINT('',(0.00992486910411879,0.0149685026620469,0.0211671713903543));
#11519=CARTESIAN_POINT('',(0.00985471997328549,0.0150980025193442,0.0212015076553504));
#11520=CARTESIAN_POINT('',(0.0104549822361896,0.0151174890610388,0.0210403024359423));
#11521=CARTESIAN_POINT('',(0.0102972778488447,0.0151725364444794,0.0212212699675111));
#11522=CARTESIAN_POINT('',(0.0100633254383318,0.0152655616403487,0.0212459351512666));
#11523=CARTESIAN_POINT('',(0.01065,0.0157046654586337,0.0209623640676376));
#11524=CARTESIAN_POINT('',(0.0105481801175829,0.0156326287687228,0.0213432612368236));
#11525=CARTESIAN_POINT('',(0.0101499999999493,0.015668838242764,0.0213528620049019));
#11526=CARTESIAN_POINT('',(0.01065,0.0159994272867333,0.0209232391026386));
#11527=CARTESIAN_POINT('',(0.01065,0.0158712826001668,0.0214065391536471));
#11528=CARTESIAN_POINT('',(0.01015,0.0158712826001668,0.0214065391536471));
#11529=CARTESIAN_POINT('',(0.01015,0.0159994272867333,0.0209232391026387));
#11530=CARTESIAN_POINT('',(0.01015,0.0201895683175863,0.0166979439198219));
#11531=CARTESIAN_POINT('',(0.01015,0.0209601625281812,0.0173352700236318));
#11532=CARTESIAN_POINT('',(0.01015,5.51575207829698E-5,0.0166956925765704));
#11533=CARTESIAN_POINT('',(0.01015,0.016547137504888,0.0210684618355729));
#11534=CARTESIAN_POINT('',(0.01015,-6.59194920871187E-17,-8.50014503228636E-17));
#11535=CARTESIAN_POINT('',(0.01015,0.0174447790489378,0.0208691083646078));
#11536=CARTESIAN_POINT('',(0.01015,0.0168034268780209,0.020101861733556));
#11537=MECHANICAL_DESIGN_GEOMETRIC_PRESENTATION_REPRESENTATION('',(#6150),
#11542);
#11538=MECHANICAL_DESIGN_GEOMETRIC_PRESENTATION_REPRESENTATION('',(#6151),
#11543);
#11539=MECHANICAL_DESIGN_GEOMETRIC_PRESENTATION_REPRESENTATION('',(#6152),
#11544);
#11540=MECHANICAL_DESIGN_GEOMETRIC_PRESENTATION_REPRESENTATION('',(#6153),
#11545);
#11541=MECHANICAL_DESIGN_GEOMETRIC_PRESENTATION_REPRESENTATION('',(#6154),
#11546);
#11542=(
GEOMETRIC_REPRESENTATION_CONTEXT(3)
GLOBAL_UNCERTAINTY_ASSIGNED_CONTEXT((#11547))
GLOBAL_UNIT_ASSIGNED_CONTEXT((#11562,#11557,#11552))
REPRESENTATION_CONTEXT('BTN','TOP_LEVEL_ASSEMBLY_PART')
);
#11543=(
GEOMETRIC_REPRESENTATION_CONTEXT(3)
GLOBAL_UNCERTAINTY_ASSIGNED_CONTEXT((#11548))
GLOBAL_UNIT_ASSIGNED_CONTEXT((#11563,#11558,#11553))
REPRESENTATION_CONTEXT('???','TOP_LEVEL_ASSEMBLY_PART')
);
#11544=(
GEOMETRIC_REPRESENTATION_CONTEXT(3)
GLOBAL_UNCERTAINTY_ASSIGNED_CONTEXT((#11549))
GLOBAL_UNIT_ASSIGNED_CONTEXT((#11564,#11559,#11554))
REPRESENTATION_CONTEXT('??','TOP_LEVEL_ASSEMBLY_PART')
);
#11545=(
GEOMETRIC_REPRESENTATION_CONTEXT(3)
GLOBAL_UNCERTAINTY_ASSIGNED_CONTEXT((#11550))
GLOBAL_UNIT_ASSIGNED_CONTEXT((#11565,#11560,#11555))
REPRESENTATION_CONTEXT('KEYA','TOP_LEVEL_ASSEMBLY_PART')
);
#11546=(
GEOMETRIC_REPRESENTATION_CONTEXT(3)
GLOBAL_UNCERTAINTY_ASSIGNED_CONTEXT((#11551))
GLOBAL_UNIT_ASSIGNED_CONTEXT((#11566,#11561,#11556))
REPRESENTATION_CONTEXT('KEYB','TOP_LEVEL_ASSEMBLY_PART')
);
#11547=UNCERTAINTY_MEASURE_WITH_UNIT(LENGTH_MEASURE(2.E-5),#11562,
'DISTANCE_ACCURACY_VALUE','Maximum Tolerance applied to model');
#11548=UNCERTAINTY_MEASURE_WITH_UNIT(LENGTH_MEASURE(1.E-8),#11563,
'DISTANCE_ACCURACY_VALUE','Maximum Tolerance applied to model');
#11549=UNCERTAINTY_MEASURE_WITH_UNIT(LENGTH_MEASURE(2.E-5),#11564,
'DISTANCE_ACCURACY_VALUE','Maximum Tolerance applied to model');
#11550=UNCERTAINTY_MEASURE_WITH_UNIT(LENGTH_MEASURE(2.E-5),#11565,
'DISTANCE_ACCURACY_VALUE','Maximum Tolerance applied to model');
#11551=UNCERTAINTY_MEASURE_WITH_UNIT(LENGTH_MEASURE(2.E-5),#11566,
'DISTANCE_ACCURACY_VALUE','Maximum Tolerance applied to model');
#11552=(
NAMED_UNIT(*)
SI_UNIT($,.STERADIAN.)
SOLID_ANGLE_UNIT()
);
#11553=(
NAMED_UNIT(*)
SI_UNIT($,.STERADIAN.)
SOLID_ANGLE_UNIT()
);
#11554=(
NAMED_UNIT(*)
SI_UNIT($,.STERADIAN.)
SOLID_ANGLE_UNIT()
);
#11555=(
NAMED_UNIT(*)
SI_UNIT($,.STERADIAN.)
SOLID_ANGLE_UNIT()
);
#11556=(
NAMED_UNIT(*)
SI_UNIT($,.STERADIAN.)
SOLID_ANGLE_UNIT()
);
#11557=(
NAMED_UNIT(*)
PLANE_ANGLE_UNIT()
SI_UNIT($,.RADIAN.)
);
#11558=(
NAMED_UNIT(*)
PLANE_ANGLE_UNIT()
SI_UNIT($,.RADIAN.)
);
#11559=(
NAMED_UNIT(*)
PLANE_ANGLE_UNIT()
SI_UNIT($,.RADIAN.)
);
#11560=(
NAMED_UNIT(*)
PLANE_ANGLE_UNIT()
SI_UNIT($,.RADIAN.)
);
#11561=(
NAMED_UNIT(*)
PLANE_ANGLE_UNIT()
SI_UNIT($,.RADIAN.)
);
#11562=(
LENGTH_UNIT()
NAMED_UNIT(*)
SI_UNIT($,.METRE.)
);
#11563=(
LENGTH_UNIT()
NAMED_UNIT(*)
SI_UNIT($,.METRE.)
);
#11564=(
LENGTH_UNIT()
NAMED_UNIT(*)
SI_UNIT($,.METRE.)
);
#11565=(
LENGTH_UNIT()
NAMED_UNIT(*)
SI_UNIT($,.METRE.)
);
#11566=(
LENGTH_UNIT()
NAMED_UNIT(*)
SI_UNIT($,.METRE.)
);
#11567=PRODUCT_DEFINITION_SHAPE('','',#11572);
#11568=PRODUCT_DEFINITION_SHAPE('','',#11573);
#11569=PRODUCT_DEFINITION_SHAPE('','',#11574);
#11570=PRODUCT_DEFINITION_SHAPE('','',#11575);
#11571=PRODUCT_DEFINITION_SHAPE('','',#11576);
#11572=PRODUCT_DEFINITION('','',#11582,#11577);
#11573=PRODUCT_DEFINITION('','',#11583,#11578);
#11574=PRODUCT_DEFINITION('','',#11584,#11579);
#11575=PRODUCT_DEFINITION('','',#11585,#11580);
#11576=PRODUCT_DEFINITION('','',#11586,#11581);
#11577=PRODUCT_DEFINITION_CONTEXT('',#11612,'design');
#11578=PRODUCT_DEFINITION_CONTEXT('',#11613,'design');
#11579=PRODUCT_DEFINITION_CONTEXT('',#11614,'design');
#11580=PRODUCT_DEFINITION_CONTEXT('',#11615,'design');
#11581=PRODUCT_DEFINITION_CONTEXT('',#11616,'design');
#11582=PRODUCT_DEFINITION_FORMATION_WITH_SPECIFIED_SOURCE('','',#11592,
 .NOT_KNOWN.);
#11583=PRODUCT_DEFINITION_FORMATION_WITH_SPECIFIED_SOURCE('','',#11593,
 .NOT_KNOWN.);
#11584=PRODUCT_DEFINITION_FORMATION_WITH_SPECIFIED_SOURCE('','',#11594,
 .NOT_KNOWN.);
#11585=PRODUCT_DEFINITION_FORMATION_WITH_SPECIFIED_SOURCE('','',#11595,
 .NOT_KNOWN.);
#11586=PRODUCT_DEFINITION_FORMATION_WITH_SPECIFIED_SOURCE('','',#11596,
 .NOT_KNOWN.);
#11587=PRODUCT_RELATED_PRODUCT_CATEGORY('','',(#11592));
#11588=PRODUCT_RELATED_PRODUCT_CATEGORY('','',(#11593));
#11589=PRODUCT_RELATED_PRODUCT_CATEGORY('','',(#11594));
#11590=PRODUCT_RELATED_PRODUCT_CATEGORY('','',(#11595));
#11591=PRODUCT_RELATED_PRODUCT_CATEGORY('','',(#11596));
#11592=PRODUCT('BTN','BTN','BTN',(#11602));
#11593=PRODUCT('???','???','???',(#11603));
#11594=PRODUCT('??','??','??',(#11604));
#11595=PRODUCT('KEYA','KEYA','KEYA',(#11605));
#11596=PRODUCT('KEYB','KEYB','KEYB',(#11606));
#11597=PRODUCT_CATEGORY('','');
#11598=PRODUCT_CATEGORY('','');
#11599=PRODUCT_CATEGORY('','');
#11600=PRODUCT_CATEGORY('','');
#11601=PRODUCT_CATEGORY('','');
#11602=PRODUCT_CONTEXT('',#11612,'mechanical');
#11603=PRODUCT_CONTEXT('',#11613,'mechanical');
#11604=PRODUCT_CONTEXT('',#11614,'mechanical');
#11605=PRODUCT_CONTEXT('',#11615,'mechanical');
#11606=PRODUCT_CONTEXT('',#11616,'mechanical');
#11607=APPLICATION_PROTOCOL_DEFINITION('international standard',
'ap242_managed_model_based_3d_engineering',2020,#11612);
#11608=APPLICATION_PROTOCOL_DEFINITION('international standard',
'ap242_managed_model_based_3d_engineering',2020,#11613);
#11609=APPLICATION_PROTOCOL_DEFINITION('international standard',
'ap242_managed_model_based_3d_engineering',2020,#11614);
#11610=APPLICATION_PROTOCOL_DEFINITION('international standard',
'ap242_managed_model_based_3d_engineering',2020,#11615);
#11611=APPLICATION_PROTOCOL_DEFINITION('international standard',
'ap242_managed_model_based_3d_engineering',2020,#11616);
#11612=APPLICATION_CONTEXT('managed model based 3d engineering');
#11613=APPLICATION_CONTEXT('managed model based 3d engineering');
#11614=APPLICATION_CONTEXT('managed model based 3d engineering');
#11615=APPLICATION_CONTEXT('managed model based 3d engineering');
#11616=APPLICATION_CONTEXT('managed model based 3d engineering');
ENDSEC;
END-ISO-10303-21;
